version 1
nodes
0 "ValveBiped.Bip01" -1
1 "ValveBiped.Bip01_Pelvis" 0
2 "ValveBiped.Bip01_L_Thigh" 1
3 "ValveBiped.Bip01_L_Calf" 2
4 "ValveBiped.Bip01_L_Foot" 3
5 "ValveBiped.Bip01_R_Thigh" 1
6 "ValveBiped.Bip01_R_Calf" 5
7 "ValveBiped.Bip01_R_Foot" 6
8 "ValveBiped.Bip01_Spine" 1
9 "ValveBiped.Bip01_Spine1" 8
10 "ValveBiped.Bip01_Spine2" 9
11 "ValveBiped.Bip01_Spine4" 10
12 "ValveBiped.Bip01_Neck1" 11
13 "ValveBiped.Bip01_Head1" 12
14 "HBN_CK01" 13
15 "HBN_CK02" 14
16 "HBN_CK03" 15
17 "HBN_CK04" 16
18 "HBN_CK05" 17
19 "HBn_LF01" 13
20 "HBn_LF02" 19
21 "HBn_LF03" 20
22 "HBn_LF04" 21
23 "HBn_LF05" 22
24 "HBN_LMA01" 13
25 "HBN_LMA02" 24
26 "HBN_LMA03" 25
27 "HBN_LMA04" 26
28 "HBN_LMA05" 27
29 "HBN_LMB01" 13
30 "HBN_LMB02" 29
31 "HBN_LMB03" 30
32 "HBN_LMB04" 31
33 "HBN_LMB05" 32
34 "HBN_LMC01" 13
35 "HBN_LMC02" 34
36 "HBN_LMC03" 35
37 "HBN_LMC04" 36
38 "HBN_LMC05" 37
39 "HBN_LMD01" 13
40 "HBN_LMD02" 39
41 "HBN_LMD03" 40
42 "HBN_LMD04" 41
43 "HBN_LMD05" 42
44 "HBN_LME01" 13
45 "HBN_LME02" 44
46 "HBN_LME03" 45
47 "HBN_LME04" 46
48 "HBN_LME05" 47
49 "HBN_LME06" 48
50 "HBN_LME07" 49
51 "HBN_LMF01" 13
52 "HBN_LMF02" 51
53 "HBN_LMF03" 52
54 "HBN_LMF04" 53
55 "HBn_RF01" 13
56 "HBn_RF02" 55
57 "HBn_RF03" 56
58 "HBn_RF04" 57
59 "HBN_RMA01" 13
60 "HBN_RMA02" 59
61 "HBN_RMA03" 60
62 "HBN_RMA04" 61
63 "HBN_RMA05" 62
64 "HBN_RMB01" 13
65 "HBN_RMB02" 64
66 "HBN_RMB03" 65
67 "HBN_RMB04" 66
68 "HBN_RMB05" 67
69 "HBN_RMB06" 68
70 "HBN_RMC01" 13
71 "HBN_RMC02" 70
72 "HBN_RMC03" 71
73 "HBN_RMC04" 72
74 "HBN_RMC05" 73
75 "HBN_RMC06" 74
76 "HBN_RMD01" 13
77 "HBN_RMD02" 76
78 "HBN_RMD03" 77
79 "HBN_RMD04" 78
80 "HBN_RMD05" 79
81 "HBN_RMD06" 80
82 "HBN_RME01" 13
83 "HBN_RME02" 82
84 "HBN_RME03" 83
85 "HBN_RME04" 84
86 "HBN_RME05" 85
87 "HBN_RMF01" 13
88 "HBN_RMF02" 87
89 "HBN_RMF03" 88
90 "HBN_RMF04" 89
91 "HBN_RMF05" 90
92 "HBn_RFF01" 13
93 "HBn_RFF02" 92
94 "HBn_RFF03" 93
95 "HBn_RFF04" 94
96 "HBn_RFF05" 95
97 "ValveBiped.Bip01_L_Clavicle" 11
98 "ValveBiped.Bip01_L_UpperArm" 97
99 "ValveBiped.Bip01_L_Forearm" 98
100 "ValveBiped.Bip01_L_Hand" 99
101 "ValveBiped.Bip01_L_Finger2" 100
102 "ValveBiped.Bip01_L_Finger21" 101
103 "ValveBiped.Bip01_L_Finger22" 102
104 "ValveBiped.Bip01_L_Finger1" 100
105 "ValveBiped.Bip01_L_Finger11" 104
106 "ValveBiped.Bip01_L_Finger12" 105
107 "ValveBiped.Bip01_L_Finger0" 100
108 "ValveBiped.Bip01_L_Finger01" 107
109 "ValveBiped.Bip01_L_Finger02" 108
110 "ValveBiped.Bip01_L_Finger4" 100
111 "ValveBiped.Bip01_L_Finger41" 110
112 "ValveBiped.Bip01_L_Finger42" 111
113 "ValveBiped.Bip01_L_Finger3" 100
114 "ValveBiped.Bip01_L_Finger31" 113
115 "ValveBiped.Bip01_L_Finger32" 114
116 "ValveBiped.Bip01_R_Clavicle" 11
117 "ValveBiped.Bip01_R_UpperArm" 116
118 "ValveBiped.Bip01_R_Forearm" 117
119 "ValveBiped.Bip01_R_Hand" 118
120 "ValveBiped.Bip01_R_Finger2" 119
121 "ValveBiped.Bip01_R_Finger21" 120
122 "ValveBiped.Bip01_R_Finger22" 121
123 "ValveBiped.Bip01_R_Finger1" 119
124 "ValveBiped.Bip01_R_Finger11" 123
125 "ValveBiped.Bip01_R_Finger12" 124
126 "ValveBiped.Bip01_R_Finger0" 119
127 "ValveBiped.Bip01_R_Finger01" 126
128 "ValveBiped.Bip01_R_Finger02" 127
129 "ValveBiped.Bip01_R_Finger4" 119
130 "ValveBiped.Bip01_R_Finger41" 129
131 "ValveBiped.Bip01_R_Finger42" 130
132 "ValveBiped.Bip01_R_Finger3" 119
133 "ValveBiped.Bip01_R_Finger31" 132
134 "ValveBiped.Bip01_R_Finger32" 133
135 "lPectoral" 10
136 "rPectoral" 10
137 "Front Cloth" 10
138 "Front Cloth.001" 137
139 "Front Cloth.002" 138
140 "Front Cloth.003" 139
141 "Front Cloth.004" 140
end
skeleton
time 0
0 0.82443 0.821755 40.455364 1.570862 0.000000 -0.000000
1  0.002636 43.025146 0.734438  0.115154 -0.763342 -0.079210
2  3.061858 -4.181017 -0.610803  -1.476533 -0.090693 -1.570199
3  18.476772 0.000159 -0.000001  -0.009499 -0.077625 1.006476
4  17.490086 0.000116 0.000004  -0.053638 0.146145 -1.055719
5  -3.065329 -4.183581 -0.611480  -1.720098 -0.378089 -1.370288
6  18.474857 -0.000034 -0.000007  -0.002781 0.035909 0.469375
7  17.489582 0.001916 -0.000006  -0.155100 0.088270 -1.132709
8  -0.000117 -0.048888 -0.576226  1.561877 0.181115 1.452620
9  3.224483 0.767047 0.000496  0.017897 0.130258 -0.005440
10  3.223911 0.226399 -0.001944  0.056089 0.115273 0.225146
11  5.187316 -1.262560 -0.001177  0.000012 0.000066 0.194111
12  6.928410 -1.935312 -0.000227  -2.974168 -0.010836 0.222592
13  3.236363 1.079611 0.000055  0.345393 0.292979 0.040494
14  0.833765 3.805351 0.692956  -0.040491 0.554885 1.469872
15  0.000039 6.792209 0.000040  0.007990 0.036070 -0.011407
16  -0.000067 7.744811 0.000013  -0.017442 -0.155305 0.068151
17  0.000073 7.809706 0.000018  -0.033636 0.005026 0.006142
18  -0.000026 7.867677 0.000017  -0.073329 -0.127909 0.026376
19  3.494706 -1.749094 -3.006912  0.152546 2.070419 1.936946
20  0.000119 4.478315 0.000018  -0.194659 0.310432 -0.234995
21  0.000047 4.636115 -0.000029  0.035821 0.324593 -0.151767
22  -0.000043 5.008656 0.000010  0.075999 -0.286565 0.276090
23  0.000065 4.781165 0.000010  0.904398 -2.690903 -0.015798
24  2.253037 1.989053 -3.350106  -1.523631 1.324497 0.112400
25  0.000160 6.589458 0.000176  0.206354 -0.002129 -0.080394
26  0.000043 7.491419 0.000043  -0.333513 0.184454 -0.191167
27  0.000028 7.660309 -0.000059  -0.063176 0.127195 -0.062117
28  0.000006 7.256274 0.000019  -0.052939 -0.487829 0.313813
29  -0.791162 2.265115 -1.234655  -0.753900 1.136377 0.824672
30  -0.000258 8.572260 -0.000089  -0.222843 -0.296789 0.176504
31  -0.000093 8.117210 0.000048  0.072256 0.772520 -0.285589
32  -0.000087 8.230038 -0.000076  -0.080491 -0.347232 0.072254
33  0.000058 7.366726 0.000053  -0.015397 -0.663893 0.062743
34  0.224215 0.240122 -3.218157  -0.877383 1.468889 0.577824
35  -0.000101 7.721056 -0.000303  -0.283829 0.060497 -0.167555
36  -0.000031 7.374849 -0.000002  0.007537 -0.195022 0.049539
37  0.000075 6.848100 0.000006  0.005484 0.006496 -0.033649
38  -0.000050 7.777864 0.000009  -0.186096 0.182474 -0.152846
39  -1.514463 2.104647 -1.150167  -0.029092 0.541320 1.555678
40  -0.000168 6.982352 -0.000079  -0.199699 -0.041213 0.153490
41  0.000041 8.382863 -0.000073  0.044865 0.587986 -0.257961
42  0.000014 8.697702 -0.000026  -0.102638 -0.474318 0.290944
43  0.000056 8.921803 -0.000003  -0.076257 0.581004 -0.195605
44  1.196195 2.899151 -2.353086  -0.449720 1.030105 1.287428
45  0.000103 5.476942 0.000007  0.285574 -0.099352 -0.038446
46  -0.000073 6.060434 -0.000090  -0.155021 -0.575032 0.384609
47  0.000018 5.994263 0.000029  0.033941 0.288573 -0.067729
48  -0.000010 6.100486 0.000002  -0.068405 0.299274 -0.162152
49  0.000038 6.916759 0.000009  -0.096318 0.220533 -0.107966
50  0.000151 6.435058 -0.000043  -0.037459 0.171630 -0.116574
51  1.092801 3.649512 -1.738794  -0.148600 0.876612 1.445020
52  -0.000128 6.792201 -0.000104  0.008284 0.107792 -0.048643
53  -0.000087 7.744775 -0.000031  0.057137 -0.256893 0.015458
54  0.000088 9.115022 -0.000037  -0.020393 0.256253 -0.142636
55  3.494518 -1.749105 3.007064  0.118402 1.106974 1.813812
56  0.000014 4.323832 0.000085  -0.229908 -0.770942 0.449223
57  0.000029 4.872894 -0.000020  0.367244 -0.664052 -0.254033
58  0.000004 5.056651 0.000091  -0.511236 0.856586 -0.546323
59  2.292467 1.708612 3.661676  -1.762558 1.789111 -0.218971
60  -0.000173 6.589438 0.000271  -0.007133 -0.169123 0.176909
61  0.000176 7.491496 -0.000148  -0.132414 -0.107097 0.179326
62  -0.000138 8.249659 0.000141  0.041912 -0.058209 0.015814
63  0.000071 8.605233 -0.000028  0.101586 0.501824 -0.079696
64  -0.240484 2.066070 2.349267  -0.357331 2.461714 1.296082
65  -0.000086 7.721105 -0.000003  -0.208230 -0.126223 -0.116495
66  -0.000124 7.374863 -0.000047  -0.111017 0.046939 -0.046464
67  -0.000035 6.848060 -0.000026  0.273532 0.247523 0.299908
68  0.000033 7.777827 -0.000043  0.072921 0.186147 -0.052689
69  -0.000084 8.178050 0.000010  -0.087029 -0.422849 -0.381357
70  1.617606 3.431408 2.399266  -0.249454 2.569515 1.508574
71  -0.000164 5.476939 -0.000029  0.057729 0.074071 0.060286
72  -0.000091 6.060493 -0.000005  -0.015204 0.015650 -0.152065
73  0.000025 5.994249 0.000012  -0.126211 -0.157657 0.153302
74  -0.000081 7.076880 -0.000046  -0.008118 0.010385 0.036400
75  0.000005 7.089869 -0.000071  0.070875 0.098587 -0.025893
76  0.361107 0.886678 3.287747  -0.576374 1.978710 0.939011
77  -0.000068 6.686641 0.000221  -0.146568 0.414164 -0.327708
78  -0.000010 7.638013 0.000014  -0.079524 -0.025948 0.130955
79  -0.000031 7.290225 -0.000021  0.025325 -0.093908 0.023963
80  -0.000033 6.530368 0.000003  -0.261848 -0.300600 0.006735
81  0.000063 7.224882 0.000010  0.036505 0.032481 -0.175824
82  1.071900 3.225793 1.570116  -0.043806 2.859975 1.526249
83  0.000414 6.748895 -0.000066  -0.062702 0.083783 0.022202
84  -0.000046 8.002646 0.000028  -0.067495 -0.117209 -0.115600
85  0.000014 8.580575 -0.000097  0.088212 -0.007187 0.334604
86  0.000172 8.689834 -0.000042  0.065327 -0.412430 -0.134518
87  -1.514530 2.104638 0.318055  -0.024895 3.094490 1.569497
88  0.000191 6.982278 0.000012  -0.107589 -0.057624 -0.215716
89  -0.000009 8.382872 -0.000068  0.135031 -0.099914 0.287072
90  -0.000063 8.697672 0.000024  -0.148090 -0.510101 0.044838
91  -0.000137 8.921822 0.000077  -0.236827 -0.892635 0.098805
92  3.553612 -3.478050 2.409278  0.000820 0.762046 1.535311
93  -0.000001 4.476899 -0.000007  -0.151003 -0.588331 0.377258
94  0.000032 4.514124 -0.000023  -0.228866 -2.996200 0.592368
95  0.000045 4.518384 -0.000022  0.143171 2.612778 0.693383
96  0.000023 3.598326 0.000022  -0.749301 0.869852 -0.773232
97  4.209917 -0.440343 1.018823  -1.709409 -2.164601 -0.062480
98  4.265507 1.434234 -0.404994  -1.036291 -0.017733 -0.519518
99  9.400233 0.017941 0.083200  0.094436 -0.053562 -1.658777
100  10.242419 0.033588 0.064481  2.528027 -0.193631 -1.011071
101  3.465858 -0.059679 0.016694  0.004340 -0.140828 -0.669671
102  1.655594 -0.000022 0.000022  -0.004727 -0.073097 -0.075658
103  0.960769 -0.000003 -0.000006  0.079598 0.069826 0.141317
104  3.462028 -0.064247 0.939908  0.359790 -0.262222 -0.629261
105  1.497177 -0.000016 0.000023  -0.487575 0.020392 -0.044737
106  0.793759 -0.000002 -0.000002  -0.014025 0.012612 -0.131355
107  0.591664 -0.460692 0.835206  -0.938119 -0.582250 -0.717449
108  1.556140 -0.000003 0.000002  -0.364077 0.096634 0.343638
109  1.135905 0.000017 0.000006  0.091607 -0.031092 0.400478
110  3.084273 -0.668820 -1.257085  -0.724081 0.311506 -0.853422
111  1.064202 -0.000005 0.000006  0.026244 0.089033 -0.397340
112  0.640336 0.000002 -0.000001  -0.089011 -0.031987 -0.244881
113  3.396822 -0.242141 -0.708690  -0.389038 0.072380 -0.747866
114  1.532969 0.000004 0.000008  0.027212 0.011631 -0.316047
115  0.832972 -0.000007 -0.000001  -0.071667 -0.026372 -0.217948
116  4.209942 -0.440342 -1.019279  1.725778 2.191087 -0.054479
117  4.266747 1.424941 0.424937  1.958905 -0.219769 -0.729145
118  9.398568 0.011949 -0.082518  -0.000614 0.052643 -0.309629
119  10.242441 0.028177 -0.062906  -1.974022 -0.045637 0.021280
120  3.465746 -0.067527 0.002268  -0.248453 0.249276 -1.717369
121  1.655560 0.000005 0.000005  -0.141497 0.179353 -1.034969
122  0.960907 0.000004 0.000001  0.011268 0.147563 -0.728913
123  3.466854 -0.077780 -0.920910  -0.490109 0.119615 -1.704004
124  1.497259 -0.000034 -0.000022  -0.549113 0.298048 -0.924747
125  0.793790 -0.000007 0.000003  -0.173244 0.329683 -0.678276
126  0.595079 -0.467150 -0.829176  2.468107 0.674864 -0.728933
127  1.555678 0.000015 -0.000008  0.631202 0.516508 1.162738
128  1.136813 -0.000008 -0.000003  0.578724 0.458684 1.086532
129  3.075976 -0.667966 1.277700  0.591235 0.297949 -1.442593
130  1.064594 0.000019 0.000010  0.029552 -0.119381 -0.869026
131  0.640362 -0.000020 -0.000005  -0.107951 -0.026354 -0.513080
132  3.392408 -0.245368 0.728376  0.123643 0.327587 -1.770038
133  1.532737 -0.000008 -0.000000  0.008518 0.016005 -0.780527
134  0.833149 0.000009 0.000005  -0.080171 -0.067563 -1.007781
135  3.590109 -3.090295 1.193971  1.635457 1.210566 1.548541
136  3.589560 -3.089880 -1.196373  -1.505736 1.210473 -1.592853
137  -0.436565 4.719026 -0.001077  -0.000473 -1.570733 1.692873
138  -0.000000 2.775455 -0.000235  -0.135089 0.000001 -0.000000
139  -0.000000 3.189772 0.000008  0.207820 -0.000000 0.000000
140  -0.000001 3.504657 0.000045  -0.261876 0.000000 -0.000000
141  0.000000 2.863199 -0.000002  -0.051268 0.000000 -0.000000
time 1
0 -1.616751 -1.413085 40.782124 1.570862 0.000000 -0.000000
1  0.002636 43.025146 0.734438  0.120152 -0.772590 -0.085969
2  3.061858 -4.181011 -0.610803  -1.495151 -0.198515 -1.555382
3  18.476778 0.000159 -0.000000  -0.013223 -0.083115 1.087637
4  17.490086 0.000118 0.000003  -0.003029 0.077949 -1.107759
5  -3.065330 -4.183572 -0.611480  -1.746145 -0.291787 -1.370536
6  18.474852 -0.000035 -0.000008  -0.002582 0.028804 0.382628
7  17.489580 0.001916 -0.000007  -0.134833 0.098818 -1.087983
8  -0.000117 -0.048882 -0.576226  1.586717 0.183554 1.472876
9  3.224482 0.767046 0.000496  0.033552 0.110495 -0.003518
10  3.223915 0.226399 -0.001945  0.063636 0.100525 0.225883
11  5.187322 -1.262560 -0.001178  0.000012 0.000066 0.194111
12  6.928407 -1.935310 -0.000227  -2.980335 0.002834 0.227493
13  3.236356 1.079607 0.000059  0.322985 0.259855 0.035956
14  0.833757 3.805349 0.692956  -0.040491 0.554885 1.469872
15  0.000035 6.792212 0.000038  0.007990 0.036070 -0.011407
16  -0.000065 7.744815 0.000015  -0.017442 -0.155305 0.068151
17  0.000073 7.809700 0.000018  -0.033636 0.005026 0.006142
18  -0.000026 7.867676 0.000015  -0.073329 -0.127909 0.026376
19  3.494702 -1.749093 -3.006912  0.152546 2.070419 1.936946
20  0.000120 4.478313 0.000019  -0.194659 0.310432 -0.234995
21  0.000048 4.636113 -0.000029  0.035821 0.324593 -0.151767
22  -0.000042 5.008649 0.000015  0.075999 -0.286565 0.276090
23  0.000064 4.781166 0.000009  0.904398 -2.690903 -0.015798
24  2.253038 1.989056 -3.350106  -1.523631 1.324497 0.112400
25  0.000163 6.589464 0.000168  0.206354 -0.002129 -0.080394
26  0.000040 7.491416 0.000037  -0.333513 0.184454 -0.191167
27  0.000023 7.660303 -0.000053  -0.063176 0.127195 -0.062117
28  0.000008 7.256265 0.000021  -0.052939 -0.487829 0.313813
29  -0.791160 2.265116 -1.234655  -0.753900 1.136377 0.824672
30  -0.000256 8.572266 -0.000090  -0.222843 -0.296789 0.176504
31  -0.000094 8.117212 0.000047  0.072256 0.772520 -0.285589
32  -0.000083 8.230030 -0.000068  -0.080491 -0.347232 0.072254
33  0.000064 7.366723 0.000052  -0.015397 -0.663893 0.062743
34  0.224214 0.240124 -3.218158  -0.877383 1.468889 0.577824
35  -0.000102 7.721052 -0.000309  -0.283829 0.060497 -0.167555
36  -0.000030 7.374851 -0.000001  0.007537 -0.195022 0.049539
37  0.000075 6.848104 0.000007  0.005484 0.006496 -0.033649
38  -0.000050 7.777867 0.000008  -0.186096 0.182474 -0.152846
39  -1.514465 2.104647 -1.150167  -0.029092 0.541320 1.555678
40  -0.000169 6.982350 -0.000077  -0.199699 -0.041213 0.153490
41  0.000041 8.382866 -0.000073  0.044865 0.587986 -0.257961
42  0.000011 8.697703 -0.000028  -0.102637 -0.474318 0.290944
43  0.000057 8.921805 -0.000004  -0.076257 0.581004 -0.195605
44  1.196196 2.899154 -2.353086  -0.449720 1.030105 1.287427
45  0.000106 5.476937 0.000007  0.285574 -0.099352 -0.038446
46  -0.000071 6.060433 -0.000089  -0.155021 -0.575032 0.384609
47  0.000018 5.994267 0.000029  0.033941 0.288573 -0.067729
48  -0.000008 6.100486 -0.000000  -0.068406 0.299274 -0.162152
49  0.000036 6.916755 0.000012  -0.096318 0.220533 -0.107966
50  0.000149 6.435058 -0.000041  -0.037459 0.171630 -0.116574
51  1.092788 3.649509 -1.738794  -0.148600 0.876612 1.445020
52  -0.000126 6.792202 -0.000101  0.008285 0.107792 -0.048643
53  -0.000088 7.744779 -0.000030  0.057137 -0.256893 0.015458
54  0.000082 9.115028 -0.000039  -0.020393 0.256253 -0.142636
55  3.494513 -1.749105 3.007064  0.118402 1.106974 1.813812
56  0.000015 4.323843 0.000085  -0.229908 -0.770942 0.449223
57  0.000029 4.872894 -0.000022  0.367244 -0.664052 -0.254033
58  0.000004 5.056648 0.000092  -0.511236 0.856586 -0.546323
59  2.292461 1.708612 3.661675  -1.762558 1.789111 -0.218971
60  -0.000173 6.589443 0.000274  -0.007133 -0.169123 0.176909
61  0.000174 7.491491 -0.000150  -0.132414 -0.107097 0.179327
62  -0.000140 8.249659 0.000142  0.041912 -0.058209 0.015814
63  0.000072 8.605232 -0.000032  0.101587 0.501824 -0.079696
64  -0.240489 2.066069 2.349267  -0.357331 2.461714 1.296082
65  -0.000088 7.721101 -0.000003  -0.208230 -0.126223 -0.116495
66  -0.000122 7.374865 -0.000048  -0.111017 0.046939 -0.046464
67  -0.000038 6.848060 -0.000027  0.273532 0.247523 0.299908
68  0.000030 7.777818 -0.000043  0.072921 0.186148 -0.052689
69  -0.000084 8.178054 0.000010  -0.087029 -0.422849 -0.381357
70  1.617606 3.431408 2.399265  -0.249454 2.569515 1.508574
71  -0.000165 5.476941 -0.000029  0.057729 0.074071 0.060286
72  -0.000093 6.060493 -0.000005  -0.015204 0.015650 -0.152065
73  0.000029 5.994250 0.000011  -0.126211 -0.157657 0.153302
74  -0.000077 7.076874 -0.000047  -0.008118 0.010385 0.036400
75  0.000006 7.089874 -0.000070  0.070875 0.098587 -0.025893
76  0.361112 0.886680 3.287746  -0.576374 1.978710 0.939011
77  -0.000067 6.686641 0.000226  -0.146568 0.414164 -0.327708
78  -0.000013 7.638012 0.000011  -0.079524 -0.025948 0.130955
79  -0.000035 7.290228 -0.000021  0.025325 -0.093908 0.023963
80  -0.000034 6.530373 0.000005  -0.261848 -0.300600 0.006735
81  0.000062 7.224881 0.000009  0.036505 0.032481 -0.175824
82  1.071897 3.225795 1.570115  -0.043806 2.859975 1.526249
83  0.000411 6.748898 -0.000066  -0.062702 0.083783 0.022202
84  -0.000045 8.002648 0.000026  -0.067495 -0.117209 -0.115600
85  0.000011 8.580570 -0.000097  0.088212 -0.007187 0.334604
86  0.000164 8.689828 -0.000041  0.065327 -0.412430 -0.134517
87  -1.514536 2.104637 0.318056  -0.024895 3.094490 1.569497
88  0.000192 6.982279 0.000011  -0.107589 -0.057625 -0.215716
89  -0.000009 8.382876 -0.000068  0.135031 -0.099914 0.287072
90  -0.000064 8.697672 0.000024  -0.148090 -0.510101 0.044838
91  -0.000136 8.921822 0.000079  -0.236827 -0.892635 0.098805
92  3.553611 -3.478048 2.409277  0.000820 0.762046 1.535311
93  0.000003 4.476902 -0.000006  -0.151003 -0.588331 0.377258
94  0.000030 4.514125 -0.000024  -0.228866 -2.996200 0.592368
95  0.000045 4.518382 -0.000024  0.143171 2.612778 0.693383
96  0.000024 3.598326 0.000024  -0.749301 0.869852 -0.773232
97  4.209920 -0.440343 1.018825  -1.708143 -2.167396 -0.063819
98  4.265506 1.434228 -0.404993  -1.019784 -0.037586 -0.490889
99  9.400234 0.017939 0.083199  0.094965 -0.053150 -1.667635
100  10.242420 0.033592 0.064478  2.528027 -0.193631 -1.011071
101  3.465854 -0.059683 0.016694  0.004340 -0.140828 -0.669671
102  1.655595 -0.000032 0.000023  -0.004727 -0.073097 -0.075658
103  0.960769 -0.000004 -0.000007  0.079598 0.069826 0.141317
104  3.462026 -0.064250 0.939907  0.359790 -0.262222 -0.629261
105  1.497178 -0.000012 0.000022  -0.487575 0.020392 -0.044737
106  0.793759 0.000005 -0.000003  -0.014025 0.012612 -0.131355
107  0.591665 -0.460694 0.835206  -0.938119 -0.582250 -0.717449
108  1.556140 0.000001 0.000005  -0.364077 0.096634 0.343638
109  1.135903 0.000018 0.000002  0.091607 -0.031092 0.400478
110  3.084269 -0.668824 -1.257084  -0.724081 0.311506 -0.853422
111  1.064200 -0.000003 0.000008  0.026244 0.089033 -0.397340
112  0.640334 0.000004 -0.000009  -0.089011 -0.031987 -0.244881
113  3.396821 -0.242143 -0.708690  -0.389038 0.072380 -0.747866
114  1.532969 0.000006 0.000007  0.027212 0.011632 -0.316047
115  0.832973 -0.000001 -0.000004  -0.071667 -0.026372 -0.217948
116  4.209943 -0.440340 -1.019278  1.687250 2.167130 -0.084231
117  4.266744 1.424938 0.424938  1.954232 -0.163098 -0.753558
118  9.398566 0.011950 -0.082518  0.003973 0.048372 -0.228872
119  10.242447 0.028177 -0.062906  -1.923172 -0.023251 0.014993
120  3.465756 -0.067529 0.002267  -0.252220 0.249459 -1.734897
121  1.655559 0.000003 0.000005  -0.138947 0.177659 -1.021472
122  0.960906 0.000007 0.000001  0.012682 0.145597 -0.715572
123  3.466864 -0.077783 -0.920911  -0.491318 0.119399 -1.724431
124  1.497259 -0.000034 -0.000021  -0.545521 0.295413 -0.912973
125  0.793788 -0.000006 -0.000001  -0.167821 0.323095 -0.668466
126  0.595087 -0.467153 -0.829177  2.466804 0.678272 -0.729722
127  1.555675 0.000016 -0.000005  0.631202 0.516508 1.162738
128  1.136807 -0.000009 -0.000002  0.578724 0.458684 1.086532
129  3.075978 -0.667969 1.277699  0.580772 0.306248 -1.466477
130  1.064592 0.000022 0.000010  0.028892 -0.118877 -0.861534
131  0.640362 -0.000016 -0.000002  -0.108195 -0.025673 -0.503881
132  3.392419 -0.245370 0.728375  0.114024 0.330143 -1.795701
133  1.532738 -0.000007 -0.000001  0.008587 0.015950 -0.773516
134  0.833147 0.000011 0.000005  -0.080041 -0.067621 -1.000760
135  3.590111 -3.090295 1.193971  1.635457 1.210566 1.548541
136  3.589557 -3.089880 -1.196373  -1.505736 1.210473 -1.592853
137  -0.436556 4.719025 -0.001076  -0.000828 -1.570733 1.692699
138  0.000000 2.775458 -0.000236  -0.135089 0.000001 -0.000000
139  0.000000 3.189766 0.000008  0.207820 0.000000 0.000000
140  0.000000 3.504651 0.000045  -0.261876 0.000000 -0.000000
141  -0.000000 2.863199 -0.000002  -0.051268 -0.000000 -0.000000
time 2
0 -4.021933 -3.701944 41.054131 1.570862 0.000000 -0.000000
1  0.002636 43.025146 0.734438  0.114555 -0.795210 -0.087475
2  3.061857 -4.181009 -0.610803  -1.502301 -0.285870 -1.550809
3  18.476776 0.000159 -0.000001  -0.014002 -0.084146 1.103462
4  17.490088 0.000118 0.000003  0.044915 0.050066 -1.142501
5  -3.065330 -4.183575 -0.611479  -1.760135 -0.183292 -1.386095
6  18.474857 -0.000034 -0.000007  -0.001275 0.018954 0.261325
7  17.489584 0.001916 -0.000007  -0.128593 0.089263 -1.022920
8  -0.000117 -0.048881 -0.576225  1.617121 0.183155 1.495534
9  3.224480 0.767047 0.000495  0.053346 0.088806 0.001759
10  3.223918 0.226399 -0.001944  0.073696 0.083824 0.228998
11  5.187318 -1.262559 -0.001177  0.000012 0.000066 0.194111
12  6.928413 -1.935314 -0.000227  -2.987692 0.012180 0.231533
13  3.236364 1.079615 0.000055  0.298067 0.233636 0.028174
14  0.833767 3.805353 0.692956  -0.040491 0.554885 1.469872
15  0.000041 6.792209 0.000037  0.007990 0.036071 -0.011407
16  -0.000068 7.744813 0.000014  -0.017442 -0.155305 0.068151
17  0.000072 7.809704 0.000017  -0.033636 0.005026 0.006142
18  -0.000025 7.867671 0.000018  -0.073329 -0.127909 0.026376
19  3.494708 -1.749089 -3.006911  0.152546 2.070419 1.936946
20  0.000120 4.478319 0.000020  -0.194659 0.310432 -0.234994
21  0.000047 4.636117 -0.000030  0.035821 0.324593 -0.151767
22  -0.000042 5.008649 0.000013  0.075999 -0.286565 0.276090
23  0.000063 4.781168 0.000010  0.904398 -2.690903 -0.015798
24  2.253041 1.989062 -3.350106  -1.523631 1.324497 0.112400
25  0.000161 6.589465 0.000171  0.206354 -0.002129 -0.080394
26  0.000043 7.491411 0.000047  -0.333513 0.184454 -0.191167
27  0.000026 7.660301 -0.000056  -0.063176 0.127195 -0.062117
28  0.000006 7.256270 0.000019  -0.052939 -0.487829 0.313813
29  -0.791153 2.265121 -1.234655  -0.753900 1.136377 0.824672
30  -0.000255 8.572258 -0.000094  -0.222843 -0.296789 0.176504
31  -0.000094 8.117218 0.000046  0.072256 0.772520 -0.285589
32  -0.000081 8.230027 -0.000071  -0.080491 -0.347232 0.072254
33  0.000060 7.366728 0.000054  -0.015397 -0.663893 0.062743
34  0.224218 0.240129 -3.218157  -0.877383 1.468889 0.577824
35  -0.000101 7.721056 -0.000312  -0.283829 0.060497 -0.167555
36  -0.000034 7.374858 -0.000002  0.007537 -0.195022 0.049539
37  0.000075 6.848103 0.000007  0.005484 0.006496 -0.033649
38  -0.000050 7.777867 0.000006  -0.186096 0.182474 -0.152846
39  -1.514460 2.104650 -1.150166  -0.029092 0.541320 1.555677
40  -0.000167 6.982346 -0.000078  -0.199699 -0.041213 0.153490
41  0.000035 8.382865 -0.000073  0.044865 0.587986 -0.257962
42  0.000012 8.697702 -0.000029  -0.102637 -0.474318 0.290944
43  0.000055 8.921810 -0.000004  -0.076257 0.581004 -0.195605
44  1.196194 2.899156 -2.353085  -0.449720 1.030105 1.287428
45  0.000109 5.476941 0.000003  0.285574 -0.099352 -0.038446
46  -0.000072 6.060437 -0.000092  -0.155021 -0.575032 0.384609
47  0.000015 5.994259 0.000030  0.033941 0.288573 -0.067729
48  -0.000008 6.100488 0.000002  -0.068405 0.299274 -0.162152
49  0.000034 6.916760 0.000010  -0.096318 0.220533 -0.107966
50  0.000150 6.435060 -0.000044  -0.037459 0.171630 -0.116574
51  1.092800 3.649515 -1.738793  -0.148600 0.876612 1.445020
52  -0.000130 6.792199 -0.000106  0.008284 0.107792 -0.048643
53  -0.000086 7.744778 -0.000030  0.057137 -0.256893 0.015458
54  0.000081 9.115026 -0.000040  -0.020393 0.256253 -0.142636
55  3.494516 -1.749103 3.007064  0.118402 1.106974 1.813812
56  0.000016 4.323834 0.000087  -0.229908 -0.770942 0.449223
57  0.000029 4.872899 -0.000020  0.367244 -0.664052 -0.254033
58  0.000005 5.056650 0.000094  -0.511236 0.856586 -0.546323
59  2.292469 1.708617 3.661676  -1.762558 1.789111 -0.218971
60  -0.000172 6.589447 0.000276  -0.007133 -0.169123 0.176909
61  0.000172 7.491495 -0.000148  -0.132414 -0.107097 0.179326
62  -0.000138 8.249661 0.000144  0.041912 -0.058209 0.015814
63  0.000072 8.605234 -0.000023  0.101586 0.501824 -0.079696
64  -0.240479 2.066076 2.349267  -0.357331 2.461714 1.296082
65  -0.000086 7.721101 -0.000004  -0.208230 -0.126223 -0.116495
66  -0.000121 7.374858 -0.000046  -0.111017 0.046939 -0.046464
67  -0.000038 6.848058 -0.000026  0.273532 0.247523 0.299908
68  0.000030 7.777822 -0.000043  0.072921 0.186148 -0.052689
69  -0.000085 8.178055 0.000011  -0.087029 -0.422849 -0.381357
70  1.617614 3.431413 2.399266  -0.249454 2.569515 1.508574
71  -0.000165 5.476938 -0.000029  0.057729 0.074071 0.060286
72  -0.000094 6.060491 -0.000006  -0.015204 0.015650 -0.152065
73  0.000025 5.994253 0.000012  -0.126211 -0.157657 0.153302
74  -0.000077 7.076875 -0.000046  -0.008118 0.010385 0.036400
75  0.000005 7.089865 -0.000070  0.070875 0.098587 -0.025893
76  0.361117 0.886685 3.287746  -0.576374 1.978710 0.939011
77  -0.000070 6.686646 0.000219  -0.146568 0.414164 -0.327708
78  -0.000013 7.638016 0.000014  -0.079524 -0.025948 0.130955
79  -0.000035 7.290225 -0.000020  0.025325 -0.093908 0.023963
80  -0.000035 6.530368 0.000006  -0.261848 -0.300600 0.006735
81  0.000063 7.224880 0.000010  0.036505 0.032481 -0.175824
82  1.071897 3.225797 1.570116  -0.043806 2.859975 1.526249
83  0.000415 6.748901 -0.000066  -0.062702 0.083783 0.022202
84  -0.000044 8.002643 0.000027  -0.067495 -0.117209 -0.115600
85  0.000009 8.580571 -0.000097  0.088212 -0.007187 0.334604
86  0.000167 8.689826 -0.000041  0.065327 -0.412430 -0.134518
87  -1.514534 2.104638 0.318056  -0.024895 3.094490 1.569497
88  0.000189 6.982280 0.000011  -0.107589 -0.057625 -0.215716
89  -0.000010 8.382876 -0.000068  0.135031 -0.099914 0.287072
90  -0.000062 8.697667 0.000024  -0.148090 -0.510101 0.044838
91  -0.000137 8.921824 0.000078  -0.236827 -0.892635 0.098805
92  3.553613 -3.478047 2.409278  0.000820 0.762046 1.535311
93  0.000001 4.476903 -0.000004  -0.151003 -0.588331 0.377258
94  0.000030 4.514116 -0.000023  -0.228866 -2.996199 0.592368
95  0.000043 4.518388 -0.000025  0.143171 2.612778 0.693383
96  0.000023 3.598330 0.000023  -0.749301 0.869852 -0.773232
97  4.209924 -0.440347 1.018824  -1.706715 -2.170627 -0.065307
98  4.265510 1.434226 -0.404991  -1.001401 -0.069951 -0.460147
99  9.400235 0.017941 0.083203  0.095538 -0.052695 -1.677279
100  10.242422 0.033591 0.064483  2.528027 -0.193631 -1.011071
101  3.465858 -0.059679 0.016694  0.004340 -0.140828 -0.669671
102  1.655594 -0.000026 0.000023  -0.004727 -0.073097 -0.075658
103  0.960769 -0.000002 -0.000005  0.079598 0.069826 0.141317
104  3.462032 -0.064245 0.939908  0.359790 -0.262222 -0.629261
105  1.497177 -0.000012 0.000024  -0.487575 0.020392 -0.044737
106  0.793760 0.000004 -0.000004  -0.014025 0.012612 -0.131355
107  0.591664 -0.460695 0.835207  -0.938119 -0.582250 -0.717449
108  1.556139 -0.000001 -0.000001  -0.364077 0.096634 0.343638
109  1.135903 0.000017 0.000006  0.091607 -0.031092 0.400478
110  3.084272 -0.668822 -1.257084  -0.724081 0.311506 -0.853422
111  1.064204 0.000002 0.000006  0.026244 0.089033 -0.397341
112  0.640333 0.000005 -0.000008  -0.089011 -0.031987 -0.244881
113  3.396825 -0.242138 -0.708690  -0.389038 0.072381 -0.747866
114  1.532969 0.000012 0.000005  0.027212 0.011632 -0.316047
115  0.832973 -0.000006 -0.000004  -0.071667 -0.026372 -0.217948
116  4.209944 -0.440344 -1.019279  1.643496 2.142028 -0.119487
117  4.266749 1.424936 0.424937  1.959918 -0.114354 -0.776816
118  9.398565 0.011950 -0.082519  0.007056 0.045073 -0.170701
119  10.242435 0.028176 -0.062908  -1.879971 -0.007043 0.023709
120  3.465745 -0.067527 0.002268  -0.256021 0.249629 -1.752746
121  1.655560 0.000003 0.000005  -0.136343 0.175896 -1.007466
122  0.960903 0.000005 -0.000000  0.014144 0.143518 -0.701684
123  3.466854 -0.077780 -0.920909  -0.492483 0.119192 -1.745494
124  1.497260 -0.000034 -0.000019  -0.541785 0.292551 -0.900699
125  0.793789 -0.000007 0.000001  -0.162238 0.316278 -0.658316
126  0.595074 -0.467150 -0.829176  2.465327 0.681989 -0.730623
127  1.555676 0.000016 -0.000002  0.631202 0.516508 1.162738
128  1.136810 -0.000008 -0.000002  0.578724 0.458684 1.086532
129  3.075972 -0.667967 1.277701  0.569976 0.314436 -1.490685
130  1.064592 0.000019 0.000010  0.028171 -0.118326 -0.853325
131  0.640360 -0.000014 -0.000005  -0.108448 -0.024856 -0.493683
132  3.392409 -0.245368 0.728376  0.104254 0.332465 -1.821652
133  1.532737 -0.000010 -0.000001  0.008753 0.015852 -0.765723
134  0.833150 0.000008 0.000005  -0.079929 -0.067750 -0.993014
135  3.590109 -3.090294 1.193972  1.635457 1.210566 1.548541
136  3.589558 -3.089879 -1.196373  -1.505736 1.210473 -1.592853
137  -0.436563 4.719027 -0.001077  -0.000355 -1.570733 1.693015
138  -0.000000 2.775455 -0.000236  -0.135089 0.000001 -0.000000
139  0.000000 3.189769 0.000007  0.207820 -0.000000 0.000000
140  -0.000001 3.504653 0.000045  -0.261876 0.000000 -0.000000
141  0.000000 2.863199 -0.000003  -0.051268 -0.000000 -0.000000
time 3
0 -6.391902 -5.951917 41.221321 1.570862 0.000000 -0.000000
1  0.002636 43.025146 0.734438  0.112704 -0.825325 -0.086558
2  3.061857 -4.181012 -0.610804  -1.466981 -0.369436 -1.566337
3  18.476774 0.000159 -0.000001  -0.012564 -0.082204 1.073920
4  17.490088 0.000115 0.000003  0.012108 0.004263 -1.179713
5  -3.065330 -4.183575 -0.611480  -1.784058 -0.091659 -1.402194
6  18.474859 -0.000034 -0.000008  0.000734 0.010855 0.159462
7  17.489582 0.001916 -0.000007  -0.126654 0.084303 -0.964179
8  -0.000117 -0.048882 -0.576226  1.649445 0.182791 1.520148
9  3.224488 0.767047 0.000496  0.075260 0.066802 0.005406
10  3.223908 0.226399 -0.001944  0.085131 0.066594 0.231121
11  5.187322 -1.262560 -0.001177  0.000012 0.000066 0.194111
12  6.928411 -1.935312 -0.000228  -2.994534 0.018153 0.233544
13  3.236364 1.079610 0.000056  0.272561 0.214317 0.020574
14  0.833771 3.805354 0.692955  -0.040491 0.554885 1.469872
15  0.000034 6.792207 0.000037  0.007990 0.036070 -0.011407
16  -0.000067 7.744817 0.000015  -0.017442 -0.155305 0.068151
17  0.000070 7.809702 0.000017  -0.033636 0.005026 0.006142
18  -0.000029 7.867671 0.000018  -0.073329 -0.127909 0.026376
19  3.494707 -1.749094 -3.006912  0.152545 2.070419 1.936946
20  0.000120 4.478313 0.000020  -0.194659 0.310432 -0.234994
21  0.000047 4.636117 -0.000030  0.035821 0.324593 -0.151767
22  -0.000041 5.008648 0.000014  0.075999 -0.286565 0.276090
23  0.000064 4.781168 0.000010  0.904398 -2.690903 -0.015798
24  2.253051 1.989060 -3.350106  -1.523631 1.324497 0.112400
25  0.000162 6.589461 0.000172  0.206354 -0.002129 -0.080394
26  0.000044 7.491409 0.000045  -0.333513 0.184454 -0.191167
27  0.000030 7.660310 -0.000056  -0.063176 0.127195 -0.062117
28  0.000004 7.256273 0.000020  -0.052939 -0.487829 0.313813
29  -0.791149 2.265120 -1.234655  -0.753900 1.136377 0.824672
30  -0.000259 8.572264 -0.000090  -0.222843 -0.296789 0.176504
31  -0.000094 8.117211 0.000049  0.072256 0.772520 -0.285589
32  -0.000082 8.230038 -0.000069  -0.080491 -0.347232 0.072254
33  0.000060 7.366725 0.000056  -0.015397 -0.663893 0.062743
34  0.224221 0.240127 -3.218157  -0.877383 1.468889 0.577824
35  -0.000101 7.721058 -0.000315  -0.283829 0.060497 -0.167555
36  -0.000032 7.374850 -0.000002  0.007537 -0.195022 0.049539
37  0.000075 6.848102 0.000008  0.005484 0.006496 -0.033649
38  -0.000052 7.777867 0.000007  -0.186096 0.182474 -0.152846
39  -1.514456 2.104651 -1.150167  -0.029092 0.541320 1.555678
40  -0.000165 6.982348 -0.000077  -0.199699 -0.041213 0.153490
41  0.000038 8.382861 -0.000073  0.044865 0.587986 -0.257961
42  0.000012 8.697700 -0.000027  -0.102638 -0.474318 0.290944
43  0.000057 8.921796 -0.000004  -0.076257 0.581004 -0.195605
44  1.196202 2.899152 -2.353086  -0.449719 1.030105 1.287427
45  0.000106 5.476941 0.000007  0.285574 -0.099352 -0.038446
46  -0.000076 6.060440 -0.000094  -0.155021 -0.575032 0.384609
47  0.000019 5.994264 0.000029  0.033941 0.288573 -0.067729
48  -0.000008 6.100481 0.000002  -0.068405 0.299274 -0.162152
49  0.000034 6.916759 0.000010  -0.096318 0.220533 -0.107966
50  0.000150 6.435060 -0.000045  -0.037459 0.171630 -0.116574
51  1.092804 3.649513 -1.738794  -0.148600 0.876612 1.445020
52  -0.000128 6.792200 -0.000100  0.008284 0.107792 -0.048643
53  -0.000088 7.744780 -0.000032  0.057137 -0.256893 0.015458
54  0.000081 9.115026 -0.000037  -0.020393 0.256253 -0.142636
55  3.494527 -1.749104 3.007064  0.118402 1.106974 1.813812
56  0.000014 4.323837 0.000090  -0.229908 -0.770942 0.449223
57  0.000029 4.872893 -0.000022  0.367244 -0.664052 -0.254033
58  0.000003 5.056653 0.000094  -0.511236 0.856586 -0.546323
59  2.292474 1.708614 3.661675  -1.762558 1.789111 -0.218971
60  -0.000172 6.589438 0.000278  -0.007133 -0.169123 0.176909
61  0.000171 7.491492 -0.000153  -0.132414 -0.107097 0.179326
62  -0.000142 8.249660 0.000143  0.041912 -0.058209 0.015814
63  0.000071 8.605235 -0.000031  0.101586 0.501824 -0.079696
64  -0.240480 2.066072 2.349268  -0.357331 2.461714 1.296082
65  -0.000089 7.721102 -0.000001  -0.208230 -0.126223 -0.116495
66  -0.000122 7.374866 -0.000047  -0.111017 0.046939 -0.046464
67  -0.000032 6.848062 -0.000025  0.273532 0.247523 0.299908
68  0.000038 7.777822 -0.000043  0.072921 0.186148 -0.052689
69  -0.000083 8.178054 0.000010  -0.087029 -0.422849 -0.381357
70  1.617619 3.431411 2.399266  -0.249454 2.569515 1.508574
71  -0.000165 5.476943 -0.000028  0.057729 0.074071 0.060286
72  -0.000094 6.060494 -0.000007  -0.015204 0.015650 -0.152065
73  0.000025 5.994245 0.000011  -0.126211 -0.157657 0.153302
74  -0.000071 7.076875 -0.000046  -0.008118 0.010385 0.036400
75  0.000003 7.089864 -0.000071  0.070875 0.098587 -0.025893
76  0.361120 0.886682 3.287746  -0.576374 1.978710 0.939011
77  -0.000067 6.686643 0.000229  -0.146568 0.414164 -0.327708
78  -0.000011 7.638019 0.000013  -0.079524 -0.025948 0.130955
79  -0.000034 7.290229 -0.000021  0.025325 -0.093908 0.023963
80  -0.000035 6.530370 0.000007  -0.261848 -0.300600 0.006735
81  0.000063 7.224881 0.000010  0.036505 0.032481 -0.175824
82  1.071906 3.225796 1.570115  -0.043806 2.859975 1.526249
83  0.000415 6.748896 -0.000066  -0.062702 0.083783 0.022202
84  -0.000050 8.002642 0.000027  -0.067495 -0.117209 -0.115600
85  0.000009 8.580572 -0.000097  0.088212 -0.007187 0.334604
86  0.000168 8.689827 -0.000041  0.065327 -0.412430 -0.134518
87  -1.514524 2.104640 0.318056  -0.024895 3.094490 1.569497
88  0.000192 6.982280 0.000012  -0.107589 -0.057624 -0.215716
89  -0.000010 8.382873 -0.000068  0.135031 -0.099914 0.287072
90  -0.000059 8.697672 0.000024  -0.148090 -0.510101 0.044838
91  -0.000134 8.921821 0.000080  -0.236827 -0.892635 0.098805
92  3.553621 -3.478049 2.409278  0.000820 0.762046 1.535311
93  -0.000000 4.476902 -0.000008  -0.151003 -0.588331 0.377258
94  0.000030 4.514121 -0.000024  -0.228866 -2.996200 0.592368
95  0.000043 4.518394 -0.000024  0.143171 2.612778 0.693383
96  0.000021 3.598330 0.000023  -0.749301 0.869852 -0.773232
97  4.209918 -0.440345 1.018823  -1.705227 -2.174075 -0.066841
98  4.265504 1.434232 -0.404991  -0.977962 -0.102820 -0.428789
99  9.400236 0.017940 0.083205  0.096135 -0.052212 -1.687428
100  10.242418 0.033588 0.064484  2.528027 -0.193631 -1.011070
101  3.465856 -0.059677 0.016694  0.004340 -0.140828 -0.669671
102  1.655595 -0.000019 0.000022  -0.004727 -0.073097 -0.075658
103  0.960769 -0.000004 -0.000006  0.079598 0.069826 0.141317
104  3.462027 -0.064246 0.939909  0.359790 -0.262222 -0.629261
105  1.497177 -0.000007 0.000020  -0.487575 0.020392 -0.044737
106  0.793759 0.000001 -0.000003  -0.014025 0.012612 -0.131355
107  0.591664 -0.460690 0.835207  -0.938119 -0.582250 -0.717449
108  1.556140 0.000005 0.000003  -0.364077 0.096634 0.343638
109  1.135903 0.000017 0.000003  0.091607 -0.031092 0.400478
110  3.084270 -0.668819 -1.257085  -0.724081 0.311506 -0.853422
111  1.064201 -0.000003 0.000009  0.026244 0.089033 -0.397341
112  0.640338 0.000010 -0.000007  -0.089011 -0.031987 -0.244881
113  3.396822 -0.242139 -0.708689  -0.389038 0.072380 -0.747866
114  1.532969 0.000010 0.000006  0.027212 0.011631 -0.316047
115  0.832975 -0.000008 -0.000004  -0.071667 -0.026372 -0.217948
116  4.209940 -0.440342 -1.019280  1.601260 2.121192 -0.154534
117  4.266745 1.424940 0.424938  1.977350 -0.084485 -0.804301
118  9.398559 0.011949 -0.082517  0.007455 0.044618 -0.162916
119  10.242439 0.028176 -0.062905  -1.847477 0.003845 0.057368
120  3.465742 -0.067530 0.002268  -0.259715 0.249671 -1.770033
121  1.655560 0.000001 0.000005  -0.133984 0.174232 -0.994657
122  0.960904 0.000008 0.000001  0.015460 0.141581 -0.689024
123  3.466854 -0.077785 -0.920910  -0.493700 0.118982 -1.765382
124  1.497258 -0.000036 -0.000022  -0.538423 0.289864 -0.889426
125  0.793792 -0.000007 0.000001  -0.157193 0.309871 -0.649037
126  0.595074 -0.467154 -0.829176  2.464064 0.685068 -0.731367
127  1.555675 0.000016 -0.000003  0.631202 0.516508 1.162738
128  1.136813 -0.000010 -0.000003  0.578724 0.458684 1.086532
129  3.075970 -0.667970 1.277701  0.559184 0.322193 -1.514583
130  1.064593 0.000018 0.000010  0.027533 -0.117882 -0.846582
131  0.640362 -0.000016 -0.000004  -0.108687 -0.024233 -0.485404
132  3.392405 -0.245372 0.728376  0.094636 0.334561 -1.847130
133  1.532738 -0.000010 -0.000001  0.008839 0.015758 -0.759393
134  0.833151 0.000007 0.000005  -0.079834 -0.067782 -0.986680
135  3.590111 -3.090296 1.193972  1.635457 1.210566 1.548541
136  3.589560 -3.089881 -1.196373  -1.505736 1.210473 -1.592853
137  -0.436561 4.719025 -0.001076  -0.000679 -1.570733 1.693035
138  -0.000000 2.775461 -0.000237  -0.135089 0.000001 0.000000
139  -0.000000 3.189776 0.000008  0.207820 0.000000 0.000000
140  0.000000 3.504653 0.000047  -0.261876 -0.000000 -0.000000
141  -0.000000 2.863199 -0.000002  -0.051268 -0.000000 -0.000000
time 4
0 -8.76997 -8.192623 41.279449 1.570862 0.000000 -0.000000
1  0.002636 43.025146 0.734438  0.116774 -0.855306 -0.090690
2  3.061858 -4.181014 -0.610804  -1.449587 -0.441783 -1.565471
3  18.476770 0.000157 -0.000003  -0.009159 -0.077063 0.998495
4  17.490088 0.000117 0.000005  -0.018115 -0.022919 -1.203519
5  -3.065329 -4.183577 -0.611479  -1.807605 -0.015427 -1.414989
6  18.474857 -0.000034 -0.000007  0.002614 0.005321 0.088060
7  17.489580 0.001916 -0.000006  -0.124489 0.075988 -0.924933
8  -0.000117 -0.048885 -0.576226  1.681119 0.181015 1.547322
9  3.224488 0.767047 0.000496  0.096486 0.046596 0.008425
10  3.223904 0.226399 -0.001944  0.096512 0.050771 0.233125
11  5.187325 -1.262560 -0.001177  0.000012 0.000066 0.194111
12  6.928408 -1.935311 -0.000228  -3.000836 0.021739 0.233266
13  3.236369 1.079618 0.000056  0.246732 0.200426 0.014316
14  0.833771 3.805353 0.692955  -0.040491 0.554885 1.469872
15  0.000039 6.792217 0.000037  0.007990 0.036070 -0.011407
16  -0.000065 7.744813 0.000016  -0.017442 -0.155305 0.068151
17  0.000074 7.809699 0.000020  -0.033636 0.005026 0.006142
18  -0.000026 7.867676 0.000021  -0.073329 -0.127909 0.026376
19  3.494703 -1.749097 -3.006912  0.152546 2.070419 1.936946
20  0.000119 4.478319 0.000017  -0.194659 0.310432 -0.234994
21  0.000047 4.636119 -0.000029  0.035821 0.324593 -0.151767
22  -0.000041 5.008650 0.000012  0.075999 -0.286565 0.276090
23  0.000064 4.781162 0.000008  0.904398 -2.690903 -0.015798
24  2.253051 1.989058 -3.350106  -1.523631 1.324497 0.112400
25  0.000163 6.589460 0.000169  0.206354 -0.002129 -0.080394
26  0.000042 7.491410 0.000043  -0.333513 0.184454 -0.191167
27  0.000026 7.660308 -0.000056  -0.063176 0.127195 -0.062117
28  0.000009 7.256270 0.000018  -0.052939 -0.487829 0.313813
29  -0.791154 2.265116 -1.234655  -0.753900 1.136377 0.824672
30  -0.000256 8.572259 -0.000088  -0.222843 -0.296789 0.176504
31  -0.000094 8.117215 0.000046  0.072256 0.772520 -0.285589
32  -0.000083 8.230037 -0.000070  -0.080491 -0.347232 0.072254
33  0.000059 7.366724 0.000053  -0.015397 -0.663893 0.062743
34  0.224221 0.240124 -3.218158  -0.877383 1.468889 0.577824
35  -0.000102 7.721056 -0.000305  -0.283829 0.060497 -0.167555
36  -0.000031 7.374856 -0.000002  0.007537 -0.195022 0.049539
37  0.000078 6.848104 0.000009  0.005484 0.006496 -0.033649
38  -0.000050 7.777864 0.000007  -0.186096 0.182474 -0.152846
39  -1.514466 2.104645 -1.150167  -0.029092 0.541320 1.555678
40  -0.000171 6.982353 -0.000077  -0.199699 -0.041213 0.153490
41  0.000040 8.382857 -0.000073  0.044865 0.587986 -0.257961
42  0.000017 8.697702 -0.000026  -0.102637 -0.474318 0.290944
43  0.000058 8.921800 -0.000002  -0.076257 0.581004 -0.195605
44  1.196200 2.899155 -2.353086  -0.449719 1.030105 1.287428
45  0.000107 5.476943 0.000008  0.285574 -0.099352 -0.038446
46  -0.000077 6.060436 -0.000086  -0.155021 -0.575032 0.384609
47  0.000019 5.994260 0.000029  0.033941 0.288573 -0.067729
48  -0.000008 6.100483 0.000002  -0.068405 0.299274 -0.162152
49  0.000034 6.916759 0.000011  -0.096318 0.220533 -0.107966
50  0.000151 6.435064 -0.000045  -0.037458 0.171630 -0.116574
51  1.092803 3.649512 -1.738794  -0.148600 0.876612 1.445020
52  -0.000129 6.792204 -0.000102  0.008285 0.107792 -0.048643
53  -0.000089 7.744766 -0.000034  0.057137 -0.256893 0.015458
54  0.000090 9.115023 -0.000037  -0.020393 0.256253 -0.142636
55  3.494525 -1.749103 3.007064  0.118402 1.106974 1.813812
56  0.000013 4.323834 0.000087  -0.229908 -0.770942 0.449223
57  0.000029 4.872893 -0.000020  0.367244 -0.664052 -0.254033
58  0.000006 5.056655 0.000092  -0.511236 0.856586 -0.546323
59  2.292473 1.708614 3.661675  -1.762558 1.789111 -0.218971
60  -0.000172 6.589437 0.000275  -0.007133 -0.169123 0.176909
61  0.000175 7.491491 -0.000149  -0.132414 -0.107097 0.179326
62  -0.000139 8.249662 0.000141  0.041912 -0.058209 0.015814
63  0.000071 8.605238 -0.000025  0.101586 0.501824 -0.079696
64  -0.240484 2.066071 2.349267  -0.357331 2.461714 1.296082
65  -0.000088 7.721102 -0.000003  -0.208230 -0.126223 -0.116495
66  -0.000124 7.374865 -0.000045  -0.111017 0.046939 -0.046464
67  -0.000035 6.848060 -0.000027  0.273532 0.247523 0.299908
68  0.000033 7.777821 -0.000044  0.072921 0.186148 -0.052689
69  -0.000085 8.178053 0.000010  -0.087029 -0.422849 -0.381357
70  1.617606 3.431407 2.399266  -0.249454 2.569515 1.508574
71  -0.000163 5.476947 -0.000028  0.057729 0.074071 0.060286
72  -0.000090 6.060491 -0.000007  -0.015204 0.015650 -0.152065
73  0.000026 5.994255 0.000011  -0.126211 -0.157657 0.153302
74  -0.000081 7.076869 -0.000046  -0.008118 0.010385 0.036400
75  -0.000000 7.089871 -0.000071  0.070875 0.098587 -0.025893
76  0.361111 0.886679 3.287746  -0.576374 1.978710 0.939011
77  -0.000067 6.686644 0.000229  -0.146568 0.414164 -0.327708
78  -0.000010 7.638017 0.000013  -0.079524 -0.025948 0.130955
79  -0.000036 7.290229 -0.000020  0.025325 -0.093908 0.023963
80  -0.000036 6.530367 0.000006  -0.261848 -0.300600 0.006735
81  0.000065 7.224878 0.000011  0.036505 0.032481 -0.175824
82  1.071903 3.225796 1.570115  -0.043807 2.859975 1.526249
83  0.000416 6.748896 -0.000068  -0.062702 0.083783 0.022202
84  -0.000043 8.002642 0.000027  -0.067495 -0.117209 -0.115600
85  0.000010 8.580568 -0.000097  0.088212 -0.007187 0.334604
86  0.000167 8.689832 -0.000042  0.065327 -0.412430 -0.134518
87  -1.514533 2.104635 0.318056  -0.024895 3.094490 1.569497
88  0.000197 6.982283 0.000012  -0.107589 -0.057625 -0.215716
89  -0.000014 8.382873 -0.000068  0.135031 -0.099914 0.287072
90  -0.000063 8.697672 0.000024  -0.148090 -0.510101 0.044838
91  -0.000134 8.921825 0.000079  -0.236827 -0.892635 0.098805
92  3.553621 -3.478047 2.409277  0.000820 0.762046 1.535311
93  0.000002 4.476895 -0.000005  -0.151003 -0.588331 0.377258
94  0.000033 4.514121 -0.000023  -0.228866 -2.996200 0.592368
95  0.000044 4.518381 -0.000025  0.143171 2.612778 0.693383
96  0.000024 3.598323 0.000025  -0.749301 0.869852 -0.773232
97  4.209922 -0.440345 1.018823  -1.703834 -2.177469 -0.068345
98  4.265507 1.434232 -0.404992  -0.955967 -0.135214 -0.399531
99  9.400235 0.017941 0.083200  0.096728 -0.051721 -1.697577
100  10.242421 0.033593 0.064480  2.528027 -0.193631 -1.011070
101  3.465849 -0.059682 0.016694  0.004340 -0.140828 -0.669671
102  1.655595 -0.000024 0.000021  -0.004727 -0.073097 -0.075658
103  0.960769 -0.000002 -0.000006  0.079598 0.069826 0.141317
104  3.462025 -0.064248 0.939909  0.359790 -0.262222 -0.629261
105  1.497178 -0.000003 0.000021  -0.487575 0.020392 -0.044737
106  0.793760 0.000011 -0.000001  -0.014025 0.012612 -0.131355
107  0.591659 -0.460694 0.835205  -0.938119 -0.582250 -0.717449
108  1.556139 0.000007 -0.000001  -0.364077 0.096634 0.343638
109  1.135904 0.000018 0.000012  0.091607 -0.031092 0.400478
110  3.084266 -0.668825 -1.257085  -0.724081 0.311506 -0.853422
111  1.064203 0.000004 0.000007  0.026244 0.089033 -0.397340
112  0.640334 0.000005 -0.000010  -0.089011 -0.031987 -0.244881
113  3.396820 -0.242143 -0.708690  -0.389038 0.072381 -0.747866
114  1.532970 0.000005 0.000006  0.027212 0.011631 -0.316047
115  0.832974 0.000003 0.000000  -0.071667 -0.026372 -0.217948
116  4.209945 -0.440341 -1.019279  1.568874 2.109563 -0.182076
117  4.266747 1.424938 0.424938  2.005712 -0.050093 -0.824529
118  9.398571 0.011949 -0.082516  0.007608 0.044442 -0.159913
119  10.242437 0.028176 -0.062911  -1.829523 0.011162 0.091052
120  3.465746 -0.067527 0.002267  -0.263180 0.249697 -1.786038
121  1.655560 0.000005 0.000004  -0.132201 0.172964 -0.985136
122  0.960907 0.000004 0.000001  0.016432 0.140107 -0.679540
123  3.466850 -0.077781 -0.920910  -0.494621 0.118823 -1.782178
124  1.497259 -0.000028 -0.000020  -0.535749 0.287733 -0.880483
125  0.793787 -0.000007 -0.000000  -0.153231 0.304809 -0.641694
126  0.595076 -0.467151 -0.829176  2.463669 0.686301 -0.731642
127  1.555675 0.000017 -0.000004  0.631202 0.516508 1.162738
128  1.136809 -0.000006 -0.000002  0.578724 0.458684 1.086532
129  3.075972 -0.667968 1.277700  0.548789 0.329289 -1.537197
130  1.064593 0.000019 0.000012  0.027331 -0.117691 -0.843744
131  0.640361 -0.000016 -0.000004  -0.108745 -0.023961 -0.481905
132  3.392412 -0.245370 0.728375  0.085449 0.336268 -1.871222
133  1.532737 -0.000006 -0.000001  0.008856 0.015752 -0.756823
134  0.833152 0.000006 0.000006  -0.079781 -0.067814 -0.984150
135  3.590115 -3.090295 1.193972  1.635457 1.210566 1.548541
136  3.589557 -3.089880 -1.196373  -1.505736 1.210473 -1.592853
137  -0.436559 4.719026 -0.001076  -0.000562 -1.570733 1.692993
138  -0.000000 2.775463 -0.000236  -0.135089 0.000001 -0.000000
139  -0.000000 3.189766 0.000008  0.207820 0.000000 0.000000
140  0.000000 3.504650 0.000045  -0.261876 0.000000 -0.000000
141  0.000000 2.863201 -0.000002  -0.051268 -0.000000 -0.000000
time 5
0 -11.167707 -10.443366 41.225777 1.570862 0.000000 -0.000000
1  0.002636 43.025146 0.734438  0.127675 -0.880894 -0.102156
2  3.061857 -4.181018 -0.610803  -1.480422 -0.500413 -1.533646
3  18.476772 0.000160 -0.000000  -0.004667 -0.068610 0.881416
4  17.490084 0.000116 0.000003  -0.015484 -0.005289 -1.213068
5  -3.065330 -4.183576 -0.611480  -1.826795 0.030165 -1.415824
6  18.474855 -0.000034 -0.000008  0.002703 0.005070 0.084775
7  17.489582 0.001916 -0.000007  -0.120027 0.064496 -0.927797
8  -0.000117 -0.048887 -0.576226  1.709971 0.177586 1.576511
9  3.224485 0.767047 0.000496  0.115373 0.029262 0.011070
10  3.223912 0.226399 -0.001944  0.106881 0.037251 0.235062
11  5.187323 -1.262561 -0.001177  0.000012 0.000066 0.194111
12  6.928412 -1.935315 -0.000228  -3.006619 0.023324 0.230751
13  3.236369 1.079620 0.000056  0.221085 0.191453 0.010171
14  0.833755 3.805352 0.692955  -0.040491 0.554885 1.469872
15  0.000037 6.792206 0.000035  0.007990 0.036070 -0.011407
16  -0.000065 7.744814 0.000018  -0.017442 -0.155305 0.068151
17  0.000071 7.809700 0.000018  -0.033636 0.005026 0.006142
18  -0.000021 7.867673 0.000019  -0.073329 -0.127909 0.026376
19  3.494698 -1.749091 -3.006913  0.152545 2.070419 1.936946
20  0.000119 4.478324 0.000019  -0.194659 0.310432 -0.234995
21  0.000048 4.636117 -0.000028  0.035821 0.324593 -0.151767
22  -0.000042 5.008649 0.000011  0.075999 -0.286565 0.276090
23  0.000065 4.781162 0.000010  0.904398 -2.690903 -0.015798
24  2.253032 1.989058 -3.350106  -1.523631 1.324497 0.112400
25  0.000158 6.589474 0.000166  0.206354 -0.002129 -0.080394
26  0.000043 7.491418 0.000040  -0.333513 0.184454 -0.191167
27  0.000024 7.660305 -0.000054  -0.063176 0.127195 -0.062117
28  0.000007 7.256272 0.000016  -0.052939 -0.487829 0.313813
29  -0.791164 2.265118 -1.234656  -0.753900 1.136377 0.824672
30  -0.000256 8.572265 -0.000091  -0.222843 -0.296789 0.176504
31  -0.000092 8.117208 0.000050  0.072256 0.772520 -0.285589
32  -0.000086 8.230031 -0.000070  -0.080491 -0.347232 0.072254
33  0.000064 7.366724 0.000054  -0.015396 -0.663893 0.062743
34  0.224211 0.240130 -3.218158  -0.877383 1.468889 0.577824
35  -0.000101 7.721048 -0.000308  -0.283829 0.060497 -0.167555
36  -0.000030 7.374855 -0.000001  0.007537 -0.195022 0.049539
37  0.000076 6.848100 0.000006  0.005484 0.006496 -0.033649
38  -0.000052 7.777858 0.000009  -0.186096 0.182474 -0.152846
39  -1.514476 2.104647 -1.150167  -0.029092 0.541320 1.555678
40  -0.000167 6.982346 -0.000077  -0.199699 -0.041213 0.153490
41  0.000039 8.382863 -0.000074  0.044866 0.587986 -0.257962
42  0.000009 8.697708 -0.000027  -0.102638 -0.474318 0.290944
43  0.000060 8.921799 -0.000001  -0.076257 0.581004 -0.195605
44  1.196188 2.899157 -2.353086  -0.449720 1.030105 1.287428
45  0.000106 5.476938 0.000005  0.285574 -0.099352 -0.038446
46  -0.000074 6.060441 -0.000092  -0.155021 -0.575032 0.384609
47  0.000015 5.994269 0.000029  0.033941 0.288573 -0.067729
48  -0.000003 6.100488 0.000000  -0.068405 0.299274 -0.162152
49  0.000035 6.916755 0.000005  -0.096318 0.220533 -0.107966
50  0.000147 6.435061 -0.000046  -0.037459 0.171630 -0.116574
51  1.092793 3.649516 -1.738794  -0.148600 0.876612 1.445020
52  -0.000129 6.792203 -0.000103  0.008284 0.107792 -0.048643
53  -0.000085 7.744781 -0.000034  0.057137 -0.256893 0.015458
54  0.000084 9.115018 -0.000038  -0.020393 0.256253 -0.142636
55  3.494511 -1.749101 3.007064  0.118402 1.106974 1.813812
56  0.000014 4.323835 0.000086  -0.229908 -0.770942 0.449223
57  0.000029 4.872897 -0.000021  0.367244 -0.664052 -0.254033
58  0.000005 5.056652 0.000096  -0.511236 0.856586 -0.546323
59  2.292462 1.708617 3.661675  -1.762558 1.789111 -0.218971
60  -0.000175 6.589438 0.000278  -0.007133 -0.169123 0.176909
61  0.000173 7.491498 -0.000155  -0.132414 -0.107097 0.179327
62  -0.000142 8.249664 0.000146  0.041912 -0.058209 0.015814
63  0.000075 8.605234 -0.000024  0.101586 0.501824 -0.079696
64  -0.240494 2.066075 2.349267  -0.357331 2.461714 1.296082
65  -0.000083 7.721104 -0.000002  -0.208230 -0.126223 -0.116495
66  -0.000121 7.374862 -0.000046  -0.111017 0.046939 -0.046464
67  -0.000034 6.848061 -0.000026  0.273532 0.247523 0.299908
68  0.000035 7.777825 -0.000043  0.072921 0.186148 -0.052689
69  -0.000089 8.178049 0.000010  -0.087029 -0.422849 -0.381357
70  1.617599 3.431410 2.399265  -0.249454 2.569515 1.508574
71  -0.000162 5.476939 -0.000028  0.057729 0.074071 0.060286
72  -0.000090 6.060495 -0.000006  -0.015204 0.015650 -0.152065
73  0.000026 5.994250 0.000011  -0.126211 -0.157657 0.153302
74  -0.000079 7.076873 -0.000048  -0.008118 0.010385 0.036400
75  -0.000002 7.089867 -0.000070  0.070875 0.098587 -0.025893
76  0.361104 0.886684 3.287746  -0.576374 1.978710 0.939011
77  -0.000065 6.686647 0.000218  -0.146568 0.414164 -0.327708
78  -0.000014 7.638020 0.000011  -0.079524 -0.025948 0.130955
79  -0.000032 7.290231 -0.000023  0.025325 -0.093908 0.023963
80  -0.000032 6.530366 0.000003  -0.261848 -0.300600 0.006735
81  0.000063 7.224881 0.000010  0.036505 0.032481 -0.175824
82  1.071891 3.225799 1.570115  -0.043806 2.859975 1.526249
83  0.000413 6.748897 -0.000066  -0.062702 0.083783 0.022202
84  -0.000046 8.002645 0.000026  -0.067495 -0.117209 -0.115600
85  0.000012 8.580573 -0.000098  0.088212 -0.007187 0.334604
86  0.000169 8.689828 -0.000041  0.065327 -0.412430 -0.134518
87  -1.514541 2.104642 0.318055  -0.024895 3.094490 1.569497
88  0.000182 6.982281 0.000012  -0.107589 -0.057625 -0.215716
89  -0.000007 8.382873 -0.000067  0.135031 -0.099914 0.287072
90  -0.000058 8.697671 0.000024  -0.148090 -0.510101 0.044838
91  -0.000140 8.921825 0.000078  -0.236827 -0.892635 0.098805
92  3.553614 -3.478040 2.409277  0.000820 0.762046 1.535311
93  0.000000 4.476897 -0.000008  -0.151003 -0.588331 0.377258
94  0.000029 4.514124 -0.000022  -0.228866 -2.996200 0.592368
95  0.000046 4.518384 -0.000023  0.143171 2.612778 0.693383
96  0.000019 3.598325 0.000024  -0.749301 0.869852 -0.773232
97  4.209922 -0.440347 1.018823  -1.702363 -2.180719 -0.069855
98  4.265511 1.434231 -0.404990  -0.937608 -0.165191 -0.374599
99  9.400238 0.017942 0.083205  0.097291 -0.051247 -1.707296
100  10.242420 0.033593 0.064480  2.528027 -0.193631 -1.011070
101  3.465850 -0.059684 0.016694  0.004340 -0.140828 -0.669671
102  1.655595 -0.000021 0.000021  -0.004727 -0.073097 -0.075658
103  0.960769 -0.000005 -0.000006  0.079598 0.069826 0.141317
104  3.462025 -0.064250 0.939909  0.359790 -0.262222 -0.629261
105  1.497177 -0.000009 0.000022  -0.487575 0.020392 -0.044737
106  0.793759 0.000001 -0.000002  -0.014025 0.012612 -0.131355
107  0.591661 -0.460694 0.835206  -0.938119 -0.582250 -0.717449
108  1.556139 0.000008 0.000006  -0.364077 0.096634 0.343638
109  1.135905 0.000019 0.000010  0.091607 -0.031092 0.400478
110  3.084267 -0.668826 -1.257085  -0.724081 0.311506 -0.853422
111  1.064201 -0.000006 0.000007  0.026244 0.089033 -0.397340
112  0.640340 0.000002 -0.000007  -0.089011 -0.031987 -0.244881
113  3.396819 -0.242144 -0.708690  -0.389038 0.072381 -0.747866
114  1.532969 0.000005 0.000004  0.027212 0.011631 -0.316047
115  0.832977 0.000001 -0.000001  -0.071667 -0.026372 -0.217948
116  4.209949 -0.440346 -1.019279  1.545925 2.105237 -0.201782
117  4.266747 1.424942 0.424938  2.041557 -0.011305 -0.836951
118  9.398564 0.011950 -0.082518  0.007560 0.044496 -0.160832
119  10.242441 0.028176 -0.062909  -1.821629 0.015998 0.124497
120  3.465750 -0.067525 0.002268  -0.266456 0.249708 -1.801441
121  1.655558 0.000002 0.000005  -0.130663 0.171859 -0.976697
122  0.960910 0.000003 0.000000  0.017201 0.138836 -0.671247
123  3.466856 -0.077780 -0.920909  -0.495522 0.118679 -1.797962
124  1.497261 -0.000032 -0.000023  -0.533321 0.285787 -0.872353
125  0.793787 -0.000006 -0.000001  -0.149622 0.300136 -0.634974
126  0.595079 -0.467149 -0.829175  2.463377 0.687021 -0.731835
127  1.555676 0.000017 -0.000007  0.631202 0.516508 1.162738
128  1.136809 -0.000008 -0.000002  0.578724 0.458684 1.086532
129  3.075976 -0.667966 1.277700  0.538475 0.336041 -1.559508
130  1.064594 0.000020 0.000008  0.027174 -0.117550 -0.842293
131  0.640359 -0.000016 -0.000001  -0.108797 -0.023850 -0.480057
132  3.392414 -0.245367 0.728376  0.076468 0.337775 -1.894670
133  1.532738 -0.000010 -0.000001  0.008880 0.015721 -0.755506
134  0.833151 0.000009 0.000006  -0.079755 -0.067829 -0.982819
135  3.590114 -3.090296 1.193972  1.635457 1.210566 1.548541
136  3.589564 -3.089881 -1.196373  -1.505736 1.210473 -1.592853
137  -0.436561 4.719026 -0.001076  -0.000606 -1.570733 1.692851
138  -0.000000 2.775449 -0.000236  -0.135089 0.000001 -0.000000
139  0.000000 3.189770 0.000008  0.207820 0.000000 0.000000
140  0.000000 3.504647 0.000046  -0.261876 -0.000000 -0.000000
141  -0.000000 2.863202 -0.000002  -0.051268 0.000000 -0.000000
time 6
0 -13.53589 -12.717866 41.060577 1.570862 0.000000 -0.000000
1  0.002636 43.025146 0.734438  0.148236 -0.898954 -0.118093
2  3.061858 -4.181014 -0.610804  -1.534747 -0.547394 -1.490203
3  18.476774 0.000160 -0.000001  -0.000216 -0.056427 0.722787
4  17.490088 0.000117 0.000003  0.051633 0.081187 -1.197771
5  -3.065330 -4.183575 -0.611480  -1.843858 0.039717 -1.402371
6  18.474855 -0.000034 -0.000007  0.000849 0.010399 0.153614
7  17.489582 0.001916 -0.000006  -0.115130 0.065911 -0.972896
8  -0.000117 -0.048882 -0.576226  1.734484 0.174073 1.606448
9  3.224486 0.767047 0.000495  0.130870 0.014420 0.011440
10  3.223909 0.226399 -0.001944  0.115454 0.025936 0.235499
11  5.187315 -1.262559 -0.001177  0.000012 0.000066 0.194111
12  6.928412 -1.935313 -0.000228  -3.011500 0.022980 0.226090
13  3.236367 1.079611 0.000057  0.196146 0.187490 0.008052
14  0.833768 3.805354 0.692955  -0.040491 0.554885 1.469872
15  0.000040 6.792210 0.000038  0.007990 0.036070 -0.011407
16  -0.000069 7.744813 0.000018  -0.017442 -0.155305 0.068151
17  0.000073 7.809700 0.000018  -0.033636 0.005026 0.006142
18  -0.000028 7.867676 0.000016  -0.073329 -0.127909 0.026376
19  3.494703 -1.749097 -3.006912  0.152545 2.070419 1.936946
20  0.000120 4.478317 0.000019  -0.194659 0.310432 -0.234994
21  0.000047 4.636113 -0.000030  0.035821 0.324593 -0.151767
22  -0.000042 5.008647 0.000014  0.075999 -0.286565 0.276090
23  0.000064 4.781166 0.000010  0.904398 -2.690903 -0.015798
24  2.253036 1.989053 -3.350106  -1.523631 1.324497 0.112400
25  0.000162 6.589465 0.000170  0.206354 -0.002129 -0.080394
26  0.000041 7.491419 0.000040  -0.333513 0.184454 -0.191167
27  0.000026 7.660308 -0.000057  -0.063176 0.127195 -0.062117
28  0.000004 7.256274 0.000015  -0.052939 -0.487829 0.313813
29  -0.791158 2.265115 -1.234655  -0.753900 1.136377 0.824672
30  -0.000251 8.572260 -0.000088  -0.222843 -0.296789 0.176504
31  -0.000095 8.117214 0.000048  0.072256 0.772520 -0.285589
32  -0.000083 8.230036 -0.000067  -0.080491 -0.347232 0.072254
33  0.000064 7.366722 0.000053  -0.015397 -0.663893 0.062743
34  0.224217 0.240124 -3.218157  -0.877383 1.468889 0.577824
35  -0.000103 7.721054 -0.000312  -0.283829 0.060497 -0.167555
36  -0.000030 7.374848 -0.000001  0.007537 -0.195022 0.049539
37  0.000077 6.848104 0.000007  0.005484 0.006496 -0.033649
38  -0.000050 7.777859 0.000008  -0.186096 0.182474 -0.152846
39  -1.514463 2.104646 -1.150167  -0.029092 0.541320 1.555677
40  -0.000165 6.982340 -0.000077  -0.199699 -0.041213 0.153490
41  0.000037 8.382854 -0.000072  0.044865 0.587986 -0.257961
42  0.000012 8.697699 -0.000023  -0.102638 -0.474318 0.290944
43  0.000056 8.921804 -0.000003  -0.076257 0.581004 -0.195605
44  1.196187 2.899147 -2.353085  -0.449720 1.030105 1.287427
45  0.000104 5.476944 0.000007  0.285574 -0.099352 -0.038446
46  -0.000078 6.060441 -0.000094  -0.155021 -0.575032 0.384609
47  0.000019 5.994261 0.000031  0.033941 0.288573 -0.067729
48  -0.000007 6.100490 0.000001  -0.068405 0.299274 -0.162152
49  0.000034 6.916759 0.000008  -0.096318 0.220533 -0.107966
50  0.000149 6.435061 -0.000045  -0.037459 0.171630 -0.116574
51  1.092799 3.649509 -1.738794  -0.148600 0.876612 1.445020
52  -0.000128 6.792198 -0.000104  0.008285 0.107792 -0.048643
53  -0.000087 7.744776 -0.000031  0.057137 -0.256893 0.015458
54  0.000083 9.115021 -0.000037  -0.020393 0.256253 -0.142636
55  3.494518 -1.749106 3.007064  0.118402 1.106974 1.813812
56  0.000016 4.323833 0.000082  -0.229908 -0.770942 0.449223
57  0.000030 4.872893 -0.000021  0.367244 -0.664052 -0.254033
58  0.000005 5.056647 0.000092  -0.511236 0.856586 -0.546323
59  2.292473 1.708614 3.661675  -1.762558 1.789111 -0.218971
60  -0.000174 6.589439 0.000274  -0.007133 -0.169123 0.176909
61  0.000174 7.491496 -0.000151  -0.132414 -0.107097 0.179327
62  -0.000138 8.249662 0.000138  0.041912 -0.058209 0.015814
63  0.000072 8.605238 -0.000026  0.101586 0.501824 -0.079696
64  -0.240481 2.066073 2.349267  -0.357331 2.461714 1.296082
65  -0.000091 7.721108 -0.000001  -0.208230 -0.126223 -0.116495
66  -0.000122 7.374869 -0.000046  -0.111017 0.046939 -0.046464
67  -0.000037 6.848063 -0.000028  0.273532 0.247523 0.299908
68  0.000034 7.777823 -0.000043  0.072921 0.186148 -0.052689
69  -0.000082 8.178053 0.000011  -0.087029 -0.422849 -0.381357
70  1.617604 3.431404 2.399265  -0.249454 2.569515 1.508574
71  -0.000163 5.476941 -0.000028  0.057729 0.074071 0.060286
72  -0.000092 6.060497 -0.000006  -0.015204 0.015650 -0.152065
73  0.000026 5.994249 0.000012  -0.126211 -0.157657 0.153302
74  -0.000076 7.076870 -0.000048  -0.008118 0.010385 0.036400
75  0.000008 7.089869 -0.000068  0.070875 0.098587 -0.025893
76  0.361113 0.886677 3.287746  -0.576374 1.978710 0.939011
77  -0.000066 6.686643 0.000226  -0.146568 0.414164 -0.327708
78  -0.000010 7.638017 0.000011  -0.079524 -0.025948 0.130955
79  -0.000035 7.290223 -0.000022  0.025325 -0.093908 0.023963
80  -0.000031 6.530366 0.000004  -0.261848 -0.300600 0.006735
81  0.000062 7.224886 0.000010  0.036505 0.032481 -0.175824
82  1.071897 3.225793 1.570115  -0.043806 2.859975 1.526248
83  0.000417 6.748905 -0.000065  -0.062702 0.083783 0.022202
84  -0.000044 8.002647 0.000027  -0.067495 -0.117209 -0.115600
85  0.000011 8.580564 -0.000098  0.088212 -0.007187 0.334604
86  0.000168 8.689823 -0.000041  0.065327 -0.412430 -0.134518
87  -1.514534 2.104634 0.318056  -0.024895 3.094490 1.569497
88  0.000189 6.982282 0.000012  -0.107589 -0.057624 -0.215716
89  -0.000010 8.382874 -0.000068  0.135031 -0.099914 0.287072
90  -0.000063 8.697666 0.000023  -0.148090 -0.510101 0.044838
91  -0.000136 8.921823 0.000079  -0.236827 -0.892635 0.098805
92  3.553622 -3.478048 2.409277  0.000820 0.762046 1.535311
93  -0.000002 4.476908 -0.000006  -0.151003 -0.588331 0.377259
94  0.000033 4.514122 -0.000023  -0.228866 -2.996200 0.592368
95  0.000043 4.518374 -0.000022  0.143171 2.612778 0.693383
96  0.000022 3.598334 0.000022  -0.749301 0.869852 -0.773232
97  4.209921 -0.440345 1.018823  -1.701141 -2.183602 -0.071103
98  4.265504 1.434236 -0.404994  -0.921670 -0.187348 -0.353941
99  9.400233 0.017940 0.083197  0.097792 -0.050816 -1.716023
100  10.242423 0.033597 0.064479  2.528027 -0.193631 -1.011071
101  3.465855 -0.059674 0.016693  0.004340 -0.140828 -0.669671
102  1.655595 -0.000021 0.000022  -0.004727 -0.073097 -0.075658
103  0.960769 -0.000005 -0.000007  0.079598 0.069826 0.141317
104  3.462028 -0.064243 0.939909  0.359790 -0.262222 -0.629261
105  1.497177 -0.000007 0.000019  -0.487575 0.020392 -0.044737
106  0.793760 0.000003 -0.000002  -0.014025 0.012612 -0.131355
107  0.591664 -0.460686 0.835206  -0.938119 -0.582250 -0.717449
108  1.556141 0.000003 -0.000000  -0.364077 0.096634 0.343638
109  1.135903 0.000016 0.000006  0.091607 -0.031092 0.400478
110  3.084267 -0.668816 -1.257086  -0.724081 0.311506 -0.853422
111  1.064201 -0.000011 0.000005  0.026244 0.089033 -0.397340
112  0.640337 0.000008 -0.000008  -0.089011 -0.031987 -0.244881
113  3.396821 -0.242135 -0.708690  -0.389038 0.072381 -0.747866
114  1.532969 0.000006 0.000008  0.027212 0.011631 -0.316047
115  0.832974 0.000003 -0.000003  -0.071667 -0.026372 -0.217948
116  4.209944 -0.440342 -1.019279  1.525223 2.103222 -0.219587
117  4.266749 1.424940 0.424937  2.076204 0.008375 -0.852027
118  9.398561 0.011949 -0.082517  0.005038 0.047276 -0.209191
119  10.242435 0.028175 -0.062911  -1.812245 0.016516 0.180236
120  3.465755 -0.067526 0.002268  -0.269801 0.249604 -1.817112
121  1.655558 0.000006 0.000007  -0.128901 0.170496 -0.966815
122  0.960906 0.000005 -0.000000  0.018170 0.137319 -0.661607
123  3.466860 -0.077778 -0.920909  -0.496500 0.118559 -1.815053
124  1.497260 -0.000033 -0.000019  -0.530621 0.283549 -0.863193
125  0.793788 -0.000006 -0.000005  -0.145641 0.294841 -0.627542
126  0.595083 -0.467149 -0.829176  2.462683 0.688660 -0.732207
127  1.555679 0.000017 -0.000001  0.631202 0.516508 1.162738
128  1.136815 -0.000008 -0.000002  0.578724 0.458684 1.086532
129  3.075980 -0.667966 1.277701  0.527542 0.342738 -1.582725
130  1.064597 0.000020 0.000010  0.026889 -0.117365 -0.839126
131  0.640363 -0.000020 -0.000004  -0.108920 -0.023534 -0.476118
132  3.392414 -0.245367 0.728376  0.067307 0.339081 -1.918648
133  1.532737 -0.000011 -0.000001  0.008903 0.015707 -0.752609
134  0.833153 0.000006 0.000007  -0.079668 -0.067899 -0.979892
135  3.590108 -3.090295 1.193972  1.635457 1.210566 1.548541
136  3.589552 -3.089879 -1.196372  -1.505736 1.210473 -1.592853
137  -0.436565 4.719027 -0.001076  -0.000532 -1.570733 1.692903
138  -0.000000 2.775453 -0.000234  -0.135089 0.000001 -0.000000
139  -0.000000 3.189768 0.000007  0.207820 -0.000000 0.000000
140  0.000001 3.504648 0.000045  -0.261876 0.000000 -0.000000
141  -0.000000 2.863208 -0.000002  -0.051268 -0.000000 -0.000000
time 7
0 -15.928052 -15.033535 40.796955 1.570862 0.000000 -0.000000
1  0.002636 43.025146 0.734438  0.169732 -0.906890 -0.135922
2  3.061857 -4.181013 -0.610803  -1.590924 -0.576837 -1.453056
3  18.476772 0.000160 -0.000003  0.002428 -0.041920 0.542547
4  17.490084 0.000117 0.000004  0.119069 0.190736 -1.164650
5  -3.065330 -4.183578 -0.611480  -1.862221 0.059900 -1.387647
6  18.474859 -0.000034 -0.000008  -0.000310 0.014522 0.205854
7  17.489582 0.001916 -0.000007  -0.107228 0.081184 -1.010093
8  -0.000117 -0.048886 -0.576226  1.753645 0.169053 1.635326
9  3.224483 0.767046 0.000496  0.142638 0.000817 0.011917
10  3.223906 0.226399 -0.001945  0.121721 0.016027 0.236152
11  5.187319 -1.262560 -0.001177  0.000012 0.000066 0.194111
12  6.928411 -1.935315 -0.000227  -3.015096 0.023072 0.219580
13  3.236366 1.079613 0.000059  0.173478 0.184464 0.010107
14  0.833764 3.805352 0.692956  -0.040491 0.554885 1.469872
15  0.000040 6.792200 0.000037  0.007990 0.036070 -0.011407
16  -0.000072 7.744818 0.000014  -0.017442 -0.155305 0.068151
17  0.000075 7.809705 0.000019  -0.033636 0.005026 0.006142
18  -0.000024 7.867676 0.000019  -0.073329 -0.127909 0.026376
19  3.494707 -1.749090 -3.006912  0.152546 2.070419 1.936946
20  0.000118 4.478325 0.000018  -0.194659 0.310432 -0.234995
21  0.000048 4.636116 -0.000028  0.035821 0.324593 -0.151767
22  -0.000041 5.008654 0.000011  0.075999 -0.286565 0.276090
23  0.000064 4.781161 0.000011  0.904398 -2.690903 -0.015798
24  2.253048 1.989063 -3.350106  -1.523631 1.324497 0.112400
25  0.000162 6.589460 0.000171  0.206354 -0.002129 -0.080394
26  0.000041 7.491412 0.000039  -0.333513 0.184454 -0.191167
27  0.000028 7.660300 -0.000059  -0.063176 0.127195 -0.062117
28  0.000005 7.256271 0.000019  -0.052939 -0.487829 0.313813
29  -0.791162 2.265115 -1.234655  -0.753900 1.136377 0.824672
30  -0.000259 8.572256 -0.000088  -0.222843 -0.296789 0.176504
31  -0.000096 8.117208 0.000048  0.072256 0.772520 -0.285589
32  -0.000083 8.230036 -0.000069  -0.080491 -0.347232 0.072254
33  0.000059 7.366728 0.000055  -0.015397 -0.663893 0.062743
34  0.224219 0.240127 -3.218158  -0.877383 1.468889 0.577824
35  -0.000102 7.721056 -0.000308  -0.283829 0.060497 -0.167555
36  -0.000032 7.374850 -0.000002  0.007537 -0.195022 0.049539
37  0.000075 6.848104 0.000006  0.005484 0.006496 -0.033649
38  -0.000053 7.777865 0.000008  -0.186096 0.182474 -0.152846
39  -1.514463 2.104652 -1.150167  -0.029092 0.541320 1.555677
40  -0.000173 6.982352 -0.000076  -0.199699 -0.041213 0.153490
41  0.000036 8.382860 -0.000070  0.044865 0.587986 -0.257961
42  0.000014 8.697697 -0.000029  -0.102638 -0.474318 0.290944
43  0.000056 8.921805 -0.000005  -0.076257 0.581004 -0.195605
44  1.196197 2.899158 -2.353086  -0.449720 1.030105 1.287428
45  0.000105 5.476942 0.000006  0.285574 -0.099352 -0.038446
46  -0.000071 6.060438 -0.000087  -0.155021 -0.575032 0.384609
47  0.000017 5.994263 0.000028  0.033941 0.288573 -0.067729
48  -0.000006 6.100489 0.000005  -0.068405 0.299274 -0.162152
49  0.000036 6.916760 0.000006  -0.096318 0.220533 -0.107966
50  0.000150 6.435057 -0.000042  -0.037459 0.171630 -0.116574
51  1.092805 3.649519 -1.738794  -0.148600 0.876612 1.445020
52  -0.000130 6.792194 -0.000100  0.008284 0.107792 -0.048643
53  -0.000082 7.744775 -0.000028  0.057137 -0.256893 0.015458
54  0.000082 9.115022 -0.000037  -0.020393 0.256253 -0.142636
55  3.494520 -1.749102 3.007064  0.118402 1.106974 1.813812
56  0.000014 4.323847 0.000083  -0.229908 -0.770942 0.449223
57  0.000029 4.872895 -0.000024  0.367244 -0.664052 -0.254033
58  0.000004 5.056652 0.000092  -0.511236 0.856586 -0.546323
59  2.292461 1.708613 3.661675  -1.762558 1.789111 -0.218971
60  -0.000174 6.589439 0.000272  -0.007133 -0.169123 0.176909
61  0.000174 7.491499 -0.000156  -0.132414 -0.107097 0.179327
62  -0.000138 8.249657 0.000140  0.041912 -0.058209 0.015814
63  0.000071 8.605234 -0.000026  0.101586 0.501824 -0.079696
64  -0.240479 2.066077 2.349267  -0.357331 2.461714 1.296082
65  -0.000089 7.721097 -0.000005  -0.208230 -0.126223 -0.116495
66  -0.000119 7.374866 -0.000045  -0.111017 0.046939 -0.046464
67  -0.000035 6.848061 -0.000027  0.273532 0.247523 0.299908
68  0.000033 7.777825 -0.000044  0.072921 0.186148 -0.052689
69  -0.000081 8.178049 0.000010  -0.087029 -0.422849 -0.381357
70  1.617607 3.431409 2.399266  -0.249454 2.569515 1.508574
71  -0.000162 5.476942 -0.000029  0.057729 0.074071 0.060286
72  -0.000089 6.060486 -0.000006  -0.015204 0.015650 -0.152065
73  0.000025 5.994246 0.000011  -0.126211 -0.157657 0.153302
74  -0.000079 7.076876 -0.000046  -0.008118 0.010385 0.036400
75  0.000000 7.089864 -0.000072  0.070875 0.098587 -0.025893
76  0.361113 0.886682 3.287746  -0.576374 1.978710 0.939011
77  -0.000066 6.686638 0.000222  -0.146568 0.414164 -0.327708
78  -0.000011 7.638021 0.000012  -0.079524 -0.025948 0.130955
79  -0.000033 7.290226 -0.000022  0.025325 -0.093908 0.023963
80  -0.000028 6.530365 0.000005  -0.261848 -0.300600 0.006735
81  0.000064 7.224879 0.000007  0.036505 0.032481 -0.175824
82  1.071901 3.225797 1.570115  -0.043806 2.859975 1.526249
83  0.000414 6.748901 -0.000065  -0.062702 0.083783 0.022202
84  -0.000044 8.002645 0.000027  -0.067495 -0.117209 -0.115600
85  0.000013 8.580571 -0.000097  0.088212 -0.007187 0.334604
86  0.000170 8.689833 -0.000041  0.065327 -0.412430 -0.134517
87  -1.514529 2.104641 0.318056  -0.024895 3.094490 1.569497
88  0.000193 6.982289 0.000011  -0.107589 -0.057625 -0.215716
89  -0.000007 8.382874 -0.000067  0.135031 -0.099914 0.287072
90  -0.000065 8.697678 0.000023  -0.148090 -0.510101 0.044838
91  -0.000133 8.921825 0.000078  -0.236827 -0.892635 0.098805
92  3.553620 -3.478044 2.409277  0.000820 0.762046 1.535311
93  0.000001 4.476900 -0.000008  -0.151003 -0.588331 0.377259
94  0.000030 4.514123 -0.000023  -0.228866 -2.996200 0.592368
95  0.000043 4.518390 -0.000023  0.143171 2.612778 0.693383
96  0.000021 3.598328 0.000024  -0.749301 0.869852 -0.773232
97  4.209915 -0.440344 1.018824  -1.700252 -2.185863 -0.072020
98  4.265502 1.434229 -0.404991  -0.912316 -0.205300 -0.336448
99  9.400231 0.017942 0.083204  0.098222 -0.050440 -1.723554
100  10.242421 0.033594 0.064477  2.528027 -0.193631 -1.011070
101  3.465852 -0.059680 0.016693  0.004340 -0.140828 -0.669671
102  1.655595 -0.000024 0.000022  -0.004727 -0.073097 -0.075658
103  0.960769 0.000005 -0.000006  0.079598 0.069826 0.141317
104  3.462023 -0.064251 0.939909  0.359790 -0.262222 -0.629261
105  1.497178 -0.000007 0.000019  -0.487575 0.020392 -0.044737
106  0.793760 0.000004 -0.000003  -0.014025 0.012612 -0.131355
107  0.591658 -0.460693 0.835206  -0.938119 -0.582250 -0.717449
108  1.556139 0.000006 0.000004  -0.364077 0.096634 0.343638
109  1.135904 0.000021 0.000005  0.091607 -0.031092 0.400478
110  3.084265 -0.668825 -1.257085  -0.724081 0.311506 -0.853422
111  1.064202 -0.000004 0.000008  0.026244 0.089033 -0.397340
112  0.640335 0.000007 -0.000006  -0.089011 -0.031987 -0.244881
113  3.396819 -0.242141 -0.708688  -0.389038 0.072381 -0.747866
114  1.532969 0.000006 0.000008  0.027212 0.011631 -0.316047
115  0.832975 -0.000003 -0.000001  -0.071667 -0.026372 -0.217948
116  4.209939 -0.440341 -1.019279  1.507034 2.103235 -0.235226
117  4.266747 1.424940 0.424937  2.106337 0.022104 -0.866551
118  9.398568 0.011950 -0.082516  0.001480 0.050778 -0.273506
119  10.242435 0.028175 -0.062909  -1.799983 0.013581 0.242423
120  3.465753 -0.067527 0.002268  -0.273144 0.249451 -1.832780
121  1.655560 0.000002 0.000005  -0.127042 0.169087 -0.956753
122  0.960906 0.000007 0.000002  0.019103 0.135829 -0.651848
123  3.466853 -0.077780 -0.920910  -0.497465 0.118374 -1.832391
124  1.497259 -0.000028 -0.000018  -0.527912 0.281257 -0.853928
125  0.793794 -0.000009 -0.000001  -0.141640 0.289457 -0.619959
126  0.595080 -0.467152 -0.829177  2.461957 0.690484 -0.732590
127  1.555679 0.000017 -0.000007  0.631202 0.516508 1.162738
128  1.136815 -0.000008 -0.000001  0.578724 0.458684 1.086532
129  3.075975 -0.667968 1.277700  0.516449 0.349248 -1.606172
130  1.064594 0.000023 0.000009  0.026561 -0.117112 -0.835764
131  0.640363 -0.000018 -0.000003  -0.109031 -0.023226 -0.471795
132  3.392410 -0.245368 0.728376  0.058061 0.340243 -1.942677
133  1.532737 -0.000009 -0.000002  0.008960 0.015633 -0.749452
134  0.833145 0.000011 0.000005  -0.079622 -0.067918 -0.976767
135  3.590109 -3.090295 1.193972  1.635457 1.210566 1.548541
136  3.589556 -3.089880 -1.196373  -1.505736 1.210473 -1.592853
137  -0.436563 4.719025 -0.001076  -0.000768 -1.570733 1.692916
138  -0.000000 2.775454 -0.000237  -0.135089 0.000001 -0.000000
139  0.000000 3.189780 0.000007  0.207820 -0.000000 0.000000
140  0.000000 3.504648 0.000045  -0.261876 0.000000 -0.000000
141  0.000000 2.863199 -0.000003  -0.051268 0.000000 -0.000000
time 8
0 -18.396367 -17.394876 40.453568 1.570862 0.000000 -0.000000
1  0.002636 43.025146 0.734438  0.185292 -0.905261 -0.152762
2  3.061857 -4.181006 -0.610804  -1.640121 -0.598658 -1.430423
3  18.476778 0.000159 -0.000001  0.002578 -0.029232 0.387600
4  17.490088 0.000115 0.000003  0.150275 0.278790 -1.142783
5  -3.065329 -4.183573 -0.611480  -1.878171 0.093923 -1.372368
6  18.474854 -0.000033 -0.000007  -0.001017 0.017554 0.243836
7  17.489584 0.001916 -0.000007  -0.095841 0.103122 -1.040688
8  -0.000117 -0.048881 -0.576226  1.767047 0.162172 1.661372
9  3.224488 0.767047 0.000495  0.150866 -0.012564 0.014059
10  3.223907 0.226400 -0.001944  0.125712 0.006908 0.237885
11  5.187323 -1.262559 -0.001177  0.000012 0.000066 0.194111
12  6.928403 -1.935313 -0.000227  -3.017317 0.024953 0.211553
13  3.236367 1.079618 0.000056  0.153853 0.179507 0.017323
14  0.833753 3.805347 0.692955  -0.040491 0.554885 1.469872
15  0.000036 6.792207 0.000038  0.007990 0.036070 -0.011407
16  -0.000065 7.744806 0.000018  -0.017442 -0.155305 0.068151
17  0.000070 7.809710 0.000019  -0.033636 0.005026 0.006142
18  -0.000026 7.867672 0.000016  -0.073329 -0.127909 0.026376
19  3.494698 -1.749095 -3.006913  0.152546 2.070419 1.936946
20  0.000119 4.478322 0.000019  -0.194659 0.310432 -0.234994
21  0.000048 4.636119 -0.000028  0.035821 0.324593 -0.151767
22  -0.000043 5.008649 0.000013  0.075999 -0.286565 0.276090
23  0.000064 4.781159 0.000008  0.904398 -2.690903 -0.015798
24  2.253034 1.989053 -3.350107  -1.523631 1.324497 0.112400
25  0.000163 6.589461 0.000169  0.206354 -0.002129 -0.080394
26  0.000043 7.491410 0.000043  -0.333513 0.184454 -0.191167
27  0.000023 7.660305 -0.000056  -0.063176 0.127195 -0.062117
28  0.000005 7.256270 0.000019  -0.052939 -0.487829 0.313813
29  -0.791157 2.265121 -1.234656  -0.753900 1.136377 0.824672
30  -0.000254 8.572262 -0.000086  -0.222843 -0.296789 0.176504
31  -0.000095 8.117209 0.000045  0.072256 0.772520 -0.285589
32  -0.000083 8.230030 -0.000075  -0.080491 -0.347232 0.072254
33  0.000059 7.366724 0.000054  -0.015397 -0.663893 0.062743
34  0.224212 0.240124 -3.218158  -0.877383 1.468889 0.577824
35  -0.000101 7.721049 -0.000303  -0.283829 0.060497 -0.167555
36  -0.000029 7.374857 -0.000001  0.007537 -0.195022 0.049539
37  0.000075 6.848104 0.000005  0.005484 0.006496 -0.033649
38  -0.000051 7.777868 0.000009  -0.186096 0.182474 -0.152846
39  -1.514470 2.104646 -1.150167  -0.029092 0.541320 1.555678
40  -0.000171 6.982344 -0.000077  -0.199699 -0.041213 0.153490
41  0.000041 8.382862 -0.000072  0.044865 0.587986 -0.257961
42  0.000011 8.697701 -0.000026  -0.102638 -0.474318 0.290944
43  0.000053 8.921809 -0.000003  -0.076257 0.581004 -0.195605
44  1.196190 2.899152 -2.353086  -0.449719 1.030105 1.287428
45  0.000108 5.476944 0.000005  0.285574 -0.099352 -0.038446
46  -0.000075 6.060434 -0.000087  -0.155021 -0.575032 0.384609
47  0.000019 5.994260 0.000030  0.033941 0.288573 -0.067729
48  -0.000009 6.100488 -0.000001  -0.068405 0.299274 -0.162152
49  0.000035 6.916761 0.000012  -0.096318 0.220533 -0.107966
50  0.000151 6.435056 -0.000044  -0.037459 0.171630 -0.116574
51  1.092790 3.649509 -1.738795  -0.148600 0.876612 1.445020
52  -0.000133 6.792200 -0.000106  0.008285 0.107792 -0.048643
53  -0.000089 7.744774 -0.000030  0.057137 -0.256893 0.015458
54  0.000085 9.115027 -0.000037  -0.020393 0.256253 -0.142636
55  3.494510 -1.749104 3.007064  0.118402 1.106974 1.813812
56  0.000012 4.323839 0.000085  -0.229908 -0.770942 0.449223
57  0.000028 4.872897 -0.000021  0.367244 -0.664052 -0.254033
58  0.000005 5.056650 0.000090  -0.511236 0.856586 -0.546323
59  2.292461 1.708612 3.661675  -1.762558 1.789111 -0.218971
60  -0.000173 6.589443 0.000279  -0.007133 -0.169123 0.176909
61  0.000173 7.491490 -0.000144  -0.132414 -0.107097 0.179326
62  -0.000140 8.249660 0.000143  0.041912 -0.058209 0.015814
63  0.000072 8.605234 -0.000031  0.101587 0.501824 -0.079696
64  -0.240490 2.066070 2.349267  -0.357331 2.461714 1.296082
65  -0.000082 7.721106 -0.000003  -0.208230 -0.126223 -0.116495
66  -0.000123 7.374858 -0.000048  -0.111017 0.046939 -0.046464
67  -0.000035 6.848062 -0.000028  0.273532 0.247523 0.299908
68  0.000034 7.777822 -0.000043  0.072921 0.186148 -0.052689
69  -0.000086 8.178049 0.000012  -0.087029 -0.422849 -0.381357
70  1.617602 3.431407 2.399265  -0.249454 2.569515 1.508574
71  -0.000162 5.476941 -0.000030  0.057729 0.074071 0.060286
72  -0.000096 6.060503 -0.000006  -0.015204 0.015650 -0.152065
73  0.000026 5.994246 0.000011  -0.126211 -0.157657 0.153302
74  -0.000079 7.076871 -0.000045  -0.008118 0.010385 0.036400
75  0.000000 7.089865 -0.000070  0.070875 0.098587 -0.025893
76  0.361112 0.886683 3.287746  -0.576374 1.978710 0.939011
77  -0.000066 6.686642 0.000224  -0.146568 0.414164 -0.327708
78  -0.000012 7.638022 0.000012  -0.079524 -0.025948 0.130955
79  -0.000033 7.290226 -0.000024  0.025325 -0.093908 0.023963
80  -0.000033 6.530371 0.000001  -0.261848 -0.300600 0.006735
81  0.000065 7.224888 0.000009  0.036505 0.032481 -0.175824
82  1.071896 3.225797 1.570115  -0.043806 2.859975 1.526249
83  0.000416 6.748909 -0.000066  -0.062702 0.083783 0.022202
84  -0.000053 8.002641 0.000026  -0.067495 -0.117209 -0.115600
85  0.000012 8.580564 -0.000097  0.088212 -0.007187 0.334604
86  0.000168 8.689829 -0.000041  0.065327 -0.412430 -0.134518
87  -1.514546 2.104634 0.318055  -0.024895 3.094490 1.569497
88  0.000197 6.982281 0.000012  -0.107589 -0.057625 -0.215716
89  -0.000010 8.382872 -0.000067  0.135031 -0.099914 0.287072
90  -0.000060 8.697672 0.000023  -0.148090 -0.510101 0.044838
91  -0.000137 8.921824 0.000082  -0.236827 -0.892635 0.098805
92  3.553610 -3.478050 2.409277  0.000820 0.762046 1.535311
93  -0.000001 4.476899 -0.000007  -0.151003 -0.588331 0.377258
94  0.000032 4.514121 -0.000024  -0.228866 -2.996200 0.592368
95  0.000043 4.518384 -0.000021  0.143171 2.612778 0.693383
96  0.000022 3.598328 0.000023  -0.749301 0.869852 -0.773232
97  4.209914 -0.440346 1.018824  -1.699631 -2.187368 -0.072726
98  4.265503 1.434232 -0.404993  -0.909895 -0.221944 -0.323188
99  9.400236 0.017940 0.083202  0.098542 -0.050155 -1.729200
100  10.242420 0.033594 0.064479  2.528027 -0.193631 -1.011071
101  3.465855 -0.059671 0.016693  0.004340 -0.140828 -0.669671
102  1.655594 -0.000022 0.000022  -0.004727 -0.073097 -0.075658
103  0.960769 -0.000006 -0.000008  0.079598 0.069826 0.141317
104  3.462026 -0.064242 0.939907  0.359790 -0.262222 -0.629261
105  1.497178 -0.000007 0.000021  -0.487575 0.020392 -0.044737
106  0.793759 0.000010 -0.000001  -0.014025 0.012612 -0.131355
107  0.591662 -0.460684 0.835206  -0.938119 -0.582250 -0.717449
108  1.556139 0.000001 0.000000  -0.364077 0.096634 0.343638
109  1.135903 0.000020 0.000006  0.091607 -0.031092 0.400478
110  3.084265 -0.668816 -1.257085  -0.724081 0.311506 -0.853422
111  1.064202 -0.000000 0.000007  0.026244 0.089033 -0.397340
112  0.640336 0.000001 -0.000010  -0.089011 -0.031987 -0.244881
113  3.396822 -0.242132 -0.708690  -0.389038 0.072381 -0.747866
114  1.532969 0.000001 0.000006  0.027212 0.011631 -0.316047
115  0.832975 -0.000010 -0.000001  -0.071667 -0.026372 -0.217948
116  4.209937 -0.440343 -1.019279  1.491668 2.104861 -0.248460
117  4.266747 1.424940 0.424937  2.131133 0.035044 -0.879769
118  9.398562 0.011950 -0.082515  -0.002330 0.054073 -0.338416
119  10.242434 0.028175 -0.062909  -1.784868 0.007860 0.302989
120  3.465755 -0.067528 0.002268  -0.276419 0.249338 -1.848093
121  1.655559 0.000002 0.000006  -0.125474 0.167810 -0.947769
122  0.960903 0.000005 0.000000  0.019924 0.134455 -0.643089
123  3.466858 -0.077781 -0.920909  -0.498371 0.118254 -1.848700
124  1.497261 -0.000038 -0.000024  -0.525481 0.279108 -0.845407
125  0.793791 -0.000008 -0.000000  -0.138002 0.284458 -0.613082
126  0.595083 -0.467152 -0.829176  2.461479 0.691734 -0.732846
127  1.555677 0.000016 -0.000005  0.631202 0.516508 1.162738
128  1.136810 -0.000009 -0.000002  0.578724 0.458684 1.086532
129  3.075978 -0.667968 1.277700  0.505384 0.355384 -1.629212
130  1.064594 0.000021 0.000011  0.026433 -0.116965 -0.833723
131  0.640360 -0.000014 -0.000003  -0.109092 -0.023004 -0.469130
132  3.392416 -0.245370 0.728375  0.048959 0.341092 -1.966324
133  1.532738 -0.000012 -0.000001  0.008965 0.015642 -0.747544
134  0.833150 0.000008 0.000005  -0.079602 -0.067918 -0.974839
135  3.590115 -3.090294 1.193972  1.635457 1.210566 1.548541
136  3.589567 -3.089880 -1.196372  -1.505736 1.210473 -1.592853
137  -0.436551 4.719025 -0.001076  -0.000769 -1.570733 1.693143
138  0.000000 2.775456 -0.000236  -0.135089 0.000001 -0.000000
139  -0.000000 3.189766 0.000007  0.207820 0.000000 0.000000
140  0.000000 3.504655 0.000045  -0.261876 0.000000 -0.000000
141  0.000000 2.863202 -0.000003  -0.051268 0.000000 -0.000000
time 9
0 -20.934841 -19.821882 40.035984 1.570862 0.000000 -0.000000
1  0.002636 43.025146 0.734438  0.196331 -0.902462 -0.166935
2  3.061857 -4.181010 -0.610803  -1.688023 -0.651499 -1.417732
3  18.476776 0.000157 -0.000001  0.002403 -0.026994 0.360223
4  17.490084 0.000116 0.000003  0.155120 0.310622 -1.193576
5  -3.065330 -4.183573 -0.611480  -1.884663 0.139313 -1.361965
6  18.474854 -0.000034 -0.000008  -0.001405 0.019486 0.267871
7  17.489584 0.001916 -0.000006  -0.088664 0.117943 -1.067137
8  -0.000117 -0.048879 -0.576226  1.776358 0.155005 1.683546
9  3.224485 0.767047 0.000495  0.158714 -0.026064 0.016205
10  3.223915 0.226399 -0.001945  0.129380 -0.002237 0.239704
11  5.187322 -1.262560 -0.001177  0.000012 0.000066 0.194111
12  6.928412 -1.935312 -0.000228  -3.017910 0.028123 0.202962
13  3.236358 1.079609 0.000056  0.138318 0.173264 0.028308
14  0.833752 3.805342 0.692955  -0.040491 0.554885 1.469872
15  0.000042 6.792210 0.000037  0.007990 0.036070 -0.011407
16  -0.000073 7.744817 0.000017  -0.017442 -0.155305 0.068151
17  0.000078 7.809700 0.000019  -0.033636 0.005026 0.006142
18  -0.000030 7.867670 0.000015  -0.073329 -0.127909 0.026376
19  3.494697 -1.749098 -3.006913  0.152546 2.070419 1.936946
20  0.000117 4.478319 0.000020  -0.194659 0.310432 -0.234995
21  0.000048 4.636117 -0.000029  0.035821 0.324593 -0.151767
22  -0.000043 5.008651 0.000013  0.075999 -0.286565 0.276090
23  0.000064 4.781162 0.000011  0.904398 -2.690903 -0.015798
24  2.253032 1.989051 -3.350107  -1.523631 1.324497 0.112400
25  0.000161 6.589462 0.000170  0.206354 -0.002129 -0.080394
26  0.000042 7.491413 0.000048  -0.333513 0.184454 -0.191167
27  0.000027 7.660303 -0.000057  -0.063176 0.127195 -0.062117
28  0.000002 7.256275 0.000020  -0.052939 -0.487829 0.313813
29  -0.791161 2.265111 -1.234656  -0.753900 1.136377 0.824672
30  -0.000255 8.572257 -0.000092  -0.222843 -0.296789 0.176504
31  -0.000093 8.117212 0.000050  0.072256 0.772520 -0.285589
32  -0.000082 8.230030 -0.000071  -0.080491 -0.347232 0.072254
33  0.000060 7.366723 0.000052  -0.015397 -0.663893 0.062743
34  0.224212 0.240122 -3.218158  -0.877383 1.468889 0.577824
35  -0.000101 7.721051 -0.000308  -0.283829 0.060497 -0.167555
36  -0.000030 7.374853 -0.000005  0.007537 -0.195022 0.049539
37  0.000073 6.848101 0.000003  0.005484 0.006496 -0.033649
38  -0.000052 7.777864 0.000007  -0.186096 0.182474 -0.152846
39  -1.514471 2.104643 -1.150167  -0.029092 0.541320 1.555678
40  -0.000170 6.982353 -0.000075  -0.199699 -0.041213 0.153490
41  0.000041 8.382862 -0.000072  0.044866 0.587986 -0.257961
42  0.000010 8.697704 -0.000027  -0.102637 -0.474318 0.290944
43  0.000054 8.921805 -0.000002  -0.076257 0.581004 -0.195605
44  1.196185 2.899145 -2.353086  -0.449720 1.030105 1.287427
45  0.000105 5.476940 0.000006  0.285574 -0.099352 -0.038446
46  -0.000074 6.060437 -0.000090  -0.155021 -0.575032 0.384609
47  0.000021 5.994256 0.000029  0.033941 0.288573 -0.067729
48  -0.000005 6.100489 0.000000  -0.068405 0.299274 -0.162152
49  0.000036 6.916759 0.000008  -0.096318 0.220533 -0.107966
50  0.000150 6.435060 -0.000046  -0.037459 0.171630 -0.116574
51  1.092789 3.649507 -1.738794  -0.148600 0.876612 1.445020
52  -0.000128 6.792197 -0.000102  0.008284 0.107792 -0.048643
53  -0.000088 7.744778 -0.000028  0.057137 -0.256893 0.015458
54  0.000089 9.115021 -0.000039  -0.020393 0.256253 -0.142636
55  3.494509 -1.749110 3.007064  0.118402 1.106974 1.813812
56  0.000013 4.323838 0.000081  -0.229908 -0.770942 0.449223
57  0.000029 4.872894 -0.000022  0.367244 -0.664052 -0.254033
58  -0.000001 5.056651 0.000093  -0.511236 0.856586 -0.546323
59  2.292461 1.708607 3.661675  -1.762558 1.789111 -0.218971
60  -0.000174 6.589438 0.000270  -0.007133 -0.169123 0.176909
61  0.000175 7.491489 -0.000153  -0.132414 -0.107097 0.179327
62  -0.000140 8.249658 0.000146  0.041912 -0.058209 0.015814
63  0.000074 8.605232 -0.000028  0.101587 0.501824 -0.079696
64  -0.240491 2.066066 2.349267  -0.357331 2.461714 1.296082
65  -0.000086 7.721105 -0.000001  -0.208230 -0.126223 -0.116495
66  -0.000121 7.374863 -0.000047  -0.111017 0.046939 -0.046464
67  -0.000037 6.848067 -0.000027  0.273532 0.247523 0.299908
68  0.000037 7.777828 -0.000044  0.072921 0.186148 -0.052689
69  -0.000083 8.178054 0.000011  -0.087029 -0.422849 -0.381357
70  1.617599 3.431403 2.399265  -0.249454 2.569515 1.508574
71  -0.000165 5.476934 -0.000029  0.057729 0.074071 0.060286
72  -0.000091 6.060491 -0.000005  -0.015204 0.015650 -0.152065
73  0.000025 5.994250 0.000012  -0.126211 -0.157657 0.153302
74  -0.000080 7.076876 -0.000047  -0.008118 0.010385 0.036400
75  0.000004 7.089872 -0.000073  0.070875 0.098587 -0.025893
76  0.361103 0.886671 3.287745  -0.576374 1.978710 0.939011
77  -0.000066 6.686644 0.000230  -0.146568 0.414164 -0.327708
78  -0.000010 7.638018 0.000015  -0.079524 -0.025947 0.130955
79  -0.000033 7.290224 -0.000020  0.025325 -0.093908 0.023963
80  -0.000036 6.530368 0.000004  -0.261848 -0.300600 0.006735
81  0.000067 7.224886 0.000009  0.036505 0.032481 -0.175824
82  1.071890 3.225787 1.570115  -0.043806 2.859975 1.526248
83  0.000415 6.748900 -0.000066  -0.062702 0.083783 0.022202
84  -0.000049 8.002640 0.000027  -0.067495 -0.117209 -0.115600
85  0.000011 8.580572 -0.000098  0.088212 -0.007187 0.334604
86  0.000172 8.689831 -0.000041  0.065327 -0.412430 -0.134518
87  -1.514537 2.104635 0.318055  -0.024895 3.094490 1.569497
88  0.000189 6.982277 0.000012  -0.107589 -0.057625 -0.215716
89  -0.000008 8.382874 -0.000068  0.135031 -0.099914 0.287072
90  -0.000058 8.697679 0.000023  -0.148090 -0.510101 0.044838
91  -0.000134 8.921824 0.000078  -0.236827 -0.892635 0.098805
92  3.553611 -3.478053 2.409277  0.000820 0.762046 1.535311
93  0.000000 4.476905 -0.000009  -0.151003 -0.588331 0.377259
94  0.000031 4.514120 -0.000023  -0.228866 -2.996200 0.592368
95  0.000045 4.518381 -0.000022  0.143171 2.612778 0.693383
96  0.000025 3.598330 0.000023  -0.749301 0.869852 -0.773232
97  4.209922 -0.440345 1.018823  -1.699392 -2.187912 -0.072912
98  4.265504 1.434227 -0.404992  -0.906347 -0.238747 -0.312396
99  9.400243 0.017939 0.083200  0.098743 -0.049975 -1.732751
100  10.242419 0.033590 0.064478  2.528027 -0.193631 -1.011070
101  3.465854 -0.059685 0.016695  0.004340 -0.140828 -0.669671
102  1.655594 -0.000022 0.000021  -0.004727 -0.073097 -0.075658
103  0.960769 0.000000 -0.000008  0.079598 0.069826 0.141317
104  3.462030 -0.064248 0.939909  0.359790 -0.262222 -0.629261
105  1.497177 -0.000010 0.000023  -0.487575 0.020392 -0.044737
106  0.793759 0.000005 -0.000002  -0.014025 0.012612 -0.131355
107  0.591663 -0.460696 0.835207  -0.938119 -0.582250 -0.717449
108  1.556139 0.000000 0.000002  -0.364077 0.096634 0.343638
109  1.135904 0.000018 0.000004  0.091607 -0.031092 0.400478
110  3.084268 -0.668824 -1.257085  -0.724081 0.311506 -0.853422
111  1.064202 -0.000002 0.000007  0.026244 0.089033 -0.397340
112  0.640337 0.000006 -0.000009  -0.089011 -0.031987 -0.244881
113  3.396824 -0.242138 -0.708689  -0.389038 0.072381 -0.747866
114  1.532969 0.000010 0.000007  0.027212 0.011631 -0.316047
115  0.832974 -0.000003 -0.000002  -0.071667 -0.026372 -0.217948
116  4.209940 -0.440340 -1.019279  1.479177 2.107778 -0.259042
117  4.266744 1.424951 0.424937  2.154768 0.042887 -0.895078
118  9.398567 0.011949 -0.082517  -0.006722 0.057377 -0.409257
119  10.242442 0.028176 -0.062908  -1.773556 -0.000092 0.363634
120  3.465749 -0.067525 0.002267  -0.279548 0.249127 -1.862683
121  1.655559 0.000002 0.000005  -0.124258 0.166926 -0.941091
122  0.960905 0.000005 0.000000  0.020565 0.133390 -0.636552
123  3.466851 -0.077779 -0.920910  -0.499199 0.118107 -1.862840
124  1.497260 -0.000037 -0.000022  -0.523435 0.277350 -0.838530
125  0.793787 -0.000007 0.000000  -0.135122 0.280407 -0.607494
126  0.595079 -0.467149 -0.829176  2.461583 0.691507 -0.732761
127  1.555676 0.000017 -0.000008  0.631202 0.516508 1.162738
128  1.136814 -0.000008 -0.000002  0.578724 0.458684 1.086532
129  3.075971 -0.667965 1.277701  0.494600 0.361015 -1.651357
130  1.064594 0.000022 0.000011  0.026492 -0.117004 -0.834383
131  0.640360 -0.000013 -0.000002  -0.109098 -0.023047 -0.469895
132  3.392409 -0.245367 0.728376  0.040254 0.341775 -1.988953
133  1.532738 -0.000009 -0.000001  0.008952 0.015659 -0.748267
134  0.833151 0.000007 0.000005  -0.079595 -0.067936 -0.975570
135  3.590112 -3.090295 1.193972  1.635457 1.210566 1.548541
136  3.589563 -3.089880 -1.196372  -1.505736 1.210473 -1.592853
137  -0.436560 4.719025 -0.001076  -0.000709 -1.570733 1.692892
138  -0.000000 2.775453 -0.000234  -0.135089 0.000001 -0.000000
139  0.000000 3.189771 0.000007  0.207820 -0.000000 0.000000
140  0.000000 3.504646 0.000045  -0.261876 0.000000 -0.000000
141  -0.000000 2.863197 -0.000002  -0.051268 0.000000 -0.000000
time 10
0 -23.517361 -22.347394 39.630970 1.570862 0.000000 -0.000000
1  0.002636 43.025146 0.734438  0.202389 -0.901520 -0.173819
2  3.061858 -4.181011 -0.610804  -1.720978 -0.696043 -1.416186
3  18.476776 0.000157 -0.000002  0.002607 -0.029656 0.392787
4  17.490084 0.000117 0.000004  0.172252 0.296284 -1.230812
5  -3.065330 -4.183574 -0.611480  -1.877351 0.190917 -1.362339
6  18.474854 -0.000034 -0.000006  -0.001542 0.020236 0.277176
7  17.489588 0.001916 -0.000006  -0.089088 0.117492 -1.082299
8  -0.000117 -0.048878 -0.576226  1.781510 0.149589 1.700162
9  3.224481 0.767047 0.000496  0.167490 -0.040557 0.016107
10  3.223908 0.226399 -0.001944  0.133447 -0.012234 0.240148
11  5.187315 -1.262559 -0.001177  0.000012 0.000066 0.194111
12  6.928404 -1.935313 -0.000226  -3.017360 0.032339 0.195015
13  3.236364 1.079614 0.000057  0.126416 0.165166 0.039847
14  0.833755 3.805350 0.692956  -0.040491 0.554885 1.469872
15  0.000040 6.792208 0.000041  0.007990 0.036070 -0.011407
16  -0.000064 7.744817 0.000013  -0.017442 -0.155305 0.068151
17  0.000071 7.809699 0.000015  -0.033636 0.005026 0.006142
18  -0.000023 7.867671 0.000019  -0.073329 -0.127909 0.026376
19  3.494692 -1.749095 -3.006912  0.152546 2.070419 1.936946
20  0.000120 4.478315 0.000021  -0.194659 0.310432 -0.234995
21  0.000048 4.636116 -0.000029  0.035821 0.324593 -0.151767
22  -0.000042 5.008650 0.000013  0.075999 -0.286565 0.276090
23  0.000063 4.781161 0.000010  0.904398 -2.690903 -0.015798
24  2.253029 1.989055 -3.350106  -1.523631 1.324497 0.112400
25  0.000161 6.589471 0.000169  0.206354 -0.002129 -0.080394
26  0.000041 7.491417 0.000044  -0.333513 0.184454 -0.191167
27  0.000027 7.660305 -0.000052  -0.063176 0.127195 -0.062117
28  0.000008 7.256272 0.000018  -0.052939 -0.487829 0.313813
29  -0.791168 2.265118 -1.234655  -0.753900 1.136377 0.824672
30  -0.000257 8.572261 -0.000090  -0.222843 -0.296789 0.176504
31  -0.000093 8.117210 0.000050  0.072256 0.772520 -0.285589
32  -0.000084 8.230030 -0.000075  -0.080491 -0.347232 0.072254
33  0.000058 7.366725 0.000055  -0.015397 -0.663893 0.062743
34  0.224205 0.240123 -3.218158  -0.877383 1.468889 0.577824
35  -0.000101 7.721048 -0.000313  -0.283829 0.060497 -0.167555
36  -0.000030 7.374849 -0.000002  0.007537 -0.195022 0.049539
37  0.000076 6.848110 0.000009  0.005484 0.006496 -0.033649
38  -0.000050 7.777863 0.000009  -0.186096 0.182474 -0.152846
39  -1.514470 2.104647 -1.150167  -0.029092 0.541320 1.555678
40  -0.000169 6.982350 -0.000076  -0.199699 -0.041213 0.153490
41  0.000041 8.382858 -0.000073  0.044865 0.587986 -0.257961
42  0.000014 8.697701 -0.000029  -0.102637 -0.474318 0.290944
43  0.000056 8.921802 -0.000002  -0.076257 0.581004 -0.195605
44  1.196186 2.899152 -2.353086  -0.449720 1.030105 1.287428
45  0.000104 5.476945 0.000005  0.285574 -0.099352 -0.038446
46  -0.000073 6.060438 -0.000090  -0.155021 -0.575032 0.384609
47  0.000019 5.994256 0.000028  0.033941 0.288573 -0.067729
48  -0.000006 6.100484 0.000001  -0.068405 0.299274 -0.162152
49  0.000038 6.916760 0.000008  -0.096318 0.220533 -0.107966
50  0.000150 6.435059 -0.000045  -0.037459 0.171630 -0.116574
51  1.092785 3.649508 -1.738794  -0.148600 0.876612 1.445020
52  -0.000129 6.792195 -0.000102  0.008284 0.107792 -0.048643
53  -0.000091 7.744773 -0.000032  0.057137 -0.256893 0.015458
54  0.000083 9.115026 -0.000036  -0.020393 0.256253 -0.142636
55  3.494506 -1.749106 3.007064  0.118402 1.106974 1.813812
56  0.000014 4.323838 0.000085  -0.229908 -0.770942 0.449223
57  0.000029 4.872898 -0.000021  0.367244 -0.664052 -0.254033
58  0.000002 5.056646 0.000095  -0.511236 0.856586 -0.546323
59  2.292459 1.708614 3.661675  -1.762558 1.789111 -0.218971
60  -0.000171 6.589441 0.000273  -0.007133 -0.169123 0.176909
61  0.000174 7.491495 -0.000152  -0.132414 -0.107097 0.179327
62  -0.000139 8.249667 0.000139  0.041912 -0.058209 0.015814
63  0.000071 8.605236 -0.000027  0.101586 0.501824 -0.079696
64  -0.240491 2.066073 2.349267  -0.357331 2.461714 1.296082
65  -0.000087 7.721105 -0.000005  -0.208230 -0.126223 -0.116495
66  -0.000125 7.374866 -0.000047  -0.111017 0.046939 -0.046464
67  -0.000036 6.848054 -0.000026  0.273532 0.247523 0.299908
68  0.000035 7.777824 -0.000044  0.072921 0.186148 -0.052689
69  -0.000080 8.178055 0.000011  -0.087029 -0.422849 -0.381357
70  1.617597 3.431408 2.399266  -0.249454 2.569515 1.508574
71  -0.000161 5.476943 -0.000029  0.057729 0.074071 0.060286
72  -0.000096 6.060492 -0.000004  -0.015204 0.015650 -0.152065
73  0.000027 5.994244 0.000011  -0.126211 -0.157657 0.153302
74  -0.000077 7.076872 -0.000046  -0.008118 0.010385 0.036400
75  0.000009 7.089869 -0.000072  0.070875 0.098587 -0.025893
76  0.361100 0.886676 3.287746  -0.576374 1.978710 0.939011
77  -0.000068 6.686645 0.000222  -0.146568 0.414164 -0.327708
78  -0.000012 7.638008 0.000013  -0.079524 -0.025948 0.130955
79  -0.000032 7.290227 -0.000021  0.025325 -0.093908 0.023963
80  -0.000032 6.530368 0.000004  -0.261848 -0.300600 0.006735
81  0.000066 7.224879 0.000009  0.036505 0.032481 -0.175824
82  1.071889 3.225795 1.570115  -0.043806 2.859975 1.526249
83  0.000416 6.748904 -0.000066  -0.062702 0.083783 0.022202
84  -0.000047 8.002647 0.000027  -0.067495 -0.117209 -0.115600
85  0.000014 8.580574 -0.000097  0.088212 -0.007187 0.334604
86  0.000171 8.689832 -0.000041  0.065327 -0.412430 -0.134518
87  -1.514547 2.104637 0.318055  -0.024895 3.094490 1.569497
88  0.000198 6.982287 0.000012  -0.107589 -0.057625 -0.215716
89  -0.000011 8.382871 -0.000067  0.135031 -0.099914 0.287072
90  -0.000059 8.697678 0.000024  -0.148090 -0.510101 0.044838
91  -0.000136 8.921824 0.000080  -0.236826 -0.892635 0.098805
92  3.553608 -3.478049 2.409277  0.000820 0.762046 1.535311
93  -0.000001 4.476899 -0.000007  -0.151003 -0.588331 0.377259
94  0.000030 4.514126 -0.000024  -0.228866 -2.996200 0.592368
95  0.000042 4.518385 -0.000021  0.143171 2.612778 0.693383
96  0.000023 3.598325 0.000023  -0.749301 0.869852 -0.773232
97  4.209916 -0.440347 1.018824  -1.699542 -2.187588 -0.072768
98  4.265501 1.434232 -0.404991  -0.896666 -0.253459 -0.301266
99  9.400238 0.017940 0.083199  0.098797 -0.049926 -1.733712
100  10.242419 0.033592 0.064484  2.528027 -0.193631 -1.011070
101  3.465852 -0.059678 0.016693  0.004340 -0.140828 -0.669671
102  1.655594 -0.000021 0.000022  -0.004727 -0.073097 -0.075658
103  0.960770 0.000001 -0.000009  0.079598 0.069826 0.141317
104  3.462030 -0.064242 0.939909  0.359790 -0.262222 -0.629261
105  1.497177 -0.000007 0.000021  -0.487575 0.020392 -0.044737
106  0.793760 0.000005 -0.000002  -0.014025 0.012612 -0.131355
107  0.591658 -0.460691 0.835206  -0.938119 -0.582250 -0.717449
108  1.556141 -0.000001 0.000003  -0.364077 0.096634 0.343638
109  1.135904 0.000019 0.000002  0.091607 -0.031092 0.400478
110  3.084267 -0.668821 -1.257085  -0.724081 0.311506 -0.853422
111  1.064201 -0.000002 0.000005  0.026244 0.089033 -0.397340
112  0.640337 -0.000001 -0.000007  -0.089011 -0.031987 -0.244881
113  3.396823 -0.242133 -0.708689  -0.389038 0.072381 -0.747866
114  1.532969 0.000008 0.000006  0.027212 0.011631 -0.316047
115  0.832976 -0.000006 -0.000004  -0.071667 -0.026372 -0.217948
116  4.209940 -0.440345 -1.019278  1.469531 2.111690 -0.267176
117  4.266743 1.424942 0.424937  2.176739 0.053017 -0.905894
118  9.398568 0.011949 -0.082515  -0.009869 0.059463 -0.457922
119  10.242433 0.028174 -0.062908  -1.767601 -0.008750 0.409629
120  3.465748 -0.067525 0.002267  -0.282457 0.248885 -1.876346
121  1.655559 0.000002 0.000005  -0.123751 0.166489 -0.937970
122  0.960906 0.000007 -0.000000  0.020846 0.132913 -0.633444
123  3.466854 -0.077781 -0.920910  -0.499778 0.118046 -1.873633
124  1.497259 -0.000037 -0.000025  -0.522242 0.276280 -0.834251
125  0.793788 -0.000008 0.000001  -0.133329 0.277897 -0.604039
126  0.595079 -0.467151 -0.829175  2.462506 0.689191 -0.732263
127  1.555675 0.000016 -0.000005  0.631202 0.516508 1.162738
128  1.136813 -0.000009 -0.000002  0.578724 0.458684 1.086532
129  3.075976 -0.667967 1.277700  0.484567 0.366014 -1.671804
130  1.064594 0.000019 0.000013  0.026900 -0.117373 -0.839257
131  0.640361 -0.000014 -0.000004  -0.108921 -0.023517 -0.475992
132  3.392410 -0.245367 0.728376  0.031976 0.342257 -2.010306
133  1.532737 -0.000013 -0.000002  0.008895 0.015718 -0.753070
134  0.833149 0.000010 0.000006  -0.079702 -0.067863 -0.980357
135  3.590101 -3.090294 1.193972  1.635457 1.210566 1.548541
136  3.589556 -3.089880 -1.196373  -1.505736 1.210473 -1.592853
137  -0.436570 4.719026 -0.001076  -0.000531 -1.570733 1.693328
138  -0.000000 2.775451 -0.000236  -0.135089 0.000001 -0.000000
139  0.000000 3.189775 0.000008  0.207820 -0.000000 0.000000
140  0.000000 3.504644 0.000046  -0.261876 0.000000 -0.000000
141  0.000000 2.863202 -0.000003  -0.051268 -0.000000 -0.000000
time 11
0 -26.138372 -24.988491 39.358871 1.570862 0.000000 -0.000000
1  0.002636 43.025146 0.734438  0.200497 -0.899689 -0.169313
2  3.061858 -4.181014 -0.610804  -1.706430 -0.691873 -1.437782
3  18.476772 0.000159 0.000000  0.002639 -0.030197 0.399397
4  17.490086 0.000116 0.000005  0.213324 0.258033 -1.161142
5  -3.065329 -4.183578 -0.611480  -1.859154 0.245431 -1.375432
6  18.474852 -0.000032 -0.000008  -0.001441 0.019683 0.270319
7  17.489586 0.001916 -0.000007  -0.091915 0.102528 -1.071266
8  -0.000117 -0.048885 -0.576226  1.781731 0.146207 1.715209
9  3.224485 0.767047 0.000496  0.176052 -0.056713 0.012784
10  3.223904 0.226399 -0.001945  0.137029 -0.023303 0.238403
11  5.187321 -1.262560 -0.001177  0.000012 0.000066 0.194111
12  6.928403 -1.935313 -0.000228  -3.016465 0.037966 0.188951
13  3.236367 1.079613 0.000058  0.115293 0.157552 0.047235
14  0.833760 3.805349 0.692956  -0.040491 0.554885 1.469872
15  0.000040 6.792211 0.000041  0.007990 0.036070 -0.011407
16  -0.000068 7.744821 0.000016  -0.017442 -0.155305 0.068151
17  0.000074 7.809705 0.000018  -0.033636 0.005026 0.006142
18  -0.000025 7.867676 0.000017  -0.073329 -0.127909 0.026376
19  3.494705 -1.749091 -3.006912  0.152546 2.070419 1.936946
20  0.000119 4.478319 0.000018  -0.194659 0.310432 -0.234995
21  0.000048 4.636117 -0.000030  0.035821 0.324593 -0.151767
22  -0.000041 5.008650 0.000013  0.075999 -0.286565 0.276090
23  0.000064 4.781165 0.000011  0.904398 -2.690903 -0.015798
24  2.253039 1.989057 -3.350106  -1.523631 1.324497 0.112400
25  0.000161 6.589458 0.000173  0.206354 -0.002129 -0.080394
26  0.000045 7.491414 0.000046  -0.333513 0.184454 -0.191167
27  0.000027 7.660304 -0.000056  -0.063176 0.127195 -0.062117
28  0.000007 7.256264 0.000018  -0.052939 -0.487829 0.313813
29  -0.791156 2.265119 -1.234655  -0.753900 1.136377 0.824672
30  -0.000254 8.572258 -0.000091  -0.222843 -0.296789 0.176504
31  -0.000095 8.117211 0.000048  0.072256 0.772520 -0.285589
32  -0.000085 8.230036 -0.000071  -0.080491 -0.347232 0.072254
33  0.000058 7.366726 0.000053  -0.015397 -0.663893 0.062743
34  0.224213 0.240123 -3.218158  -0.877383 1.468889 0.577824
35  -0.000101 7.721051 -0.000307  -0.283829 0.060497 -0.167555
36  -0.000031 7.374855 -0.000001  0.007537 -0.195022 0.049539
37  0.000076 6.848102 0.000007  0.005484 0.006496 -0.033649
38  -0.000052 7.777860 0.000008  -0.186096 0.182474 -0.152846
39  -1.514464 2.104650 -1.150167  -0.029092 0.541320 1.555678
40  -0.000167 6.982351 -0.000077  -0.199699 -0.041213 0.153490
41  0.000040 8.382857 -0.000073  0.044865 0.587986 -0.257961
42  0.000012 8.697702 -0.000027  -0.102637 -0.474318 0.290944
43  0.000056 8.921803 -0.000004  -0.076257 0.581005 -0.195605
44  1.196201 2.899158 -2.353086  -0.449719 1.030105 1.287428
45  0.000106 5.476941 0.000008  0.285574 -0.099352 -0.038446
46  -0.000076 6.060437 -0.000091  -0.155021 -0.575032 0.384609
47  0.000019 5.994261 0.000031  0.033941 0.288573 -0.067729
48  -0.000006 6.100480 -0.000001  -0.068405 0.299274 -0.162152
49  0.000033 6.916761 0.000010  -0.096318 0.220533 -0.107966
50  0.000149 6.435061 -0.000048  -0.037458 0.171630 -0.116574
51  1.092792 3.649512 -1.738794  -0.148600 0.876612 1.445020
52  -0.000130 6.792206 -0.000104  0.008285 0.107792 -0.048643
53  -0.000088 7.744779 -0.000029  0.057137 -0.256893 0.015458
54  0.000085 9.115026 -0.000035  -0.020393 0.256253 -0.142636
55  3.494519 -1.749101 3.007064  0.118402 1.106974 1.813812
56  0.000015 4.323840 0.000087  -0.229908 -0.770942 0.449223
57  0.000030 4.872896 -0.000021  0.367244 -0.664052 -0.254033
58  0.000004 5.056646 0.000094  -0.511236 0.856586 -0.546323
59  2.292463 1.708613 3.661675  -1.762558 1.789111 -0.218971
60  -0.000172 6.589446 0.000274  -0.007133 -0.169123 0.176909
61  0.000172 7.491494 -0.000144  -0.132414 -0.107097 0.179327
62  -0.000141 8.249660 0.000135  0.041912 -0.058209 0.015814
63  0.000072 8.605238 -0.000024  0.101586 0.501824 -0.079696
64  -0.240484 2.066072 2.349267  -0.357331 2.461714 1.296082
65  -0.000085 7.721099 -0.000006  -0.208230 -0.126223 -0.116495
66  -0.000121 7.374865 -0.000045  -0.111017 0.046939 -0.046464
67  -0.000039 6.848060 -0.000026  0.273532 0.247523 0.299908
68  0.000038 7.777828 -0.000044  0.072921 0.186148 -0.052689
69  -0.000088 8.178048 0.000012  -0.087029 -0.422849 -0.381357
70  1.617607 3.431412 2.399266  -0.249454 2.569515 1.508574
71  -0.000162 5.476944 -0.000030  0.057729 0.074071 0.060286
72  -0.000093 6.060488 -0.000005  -0.015204 0.015650 -0.152065
73  0.000024 5.994250 0.000010  -0.126211 -0.157657 0.153302
74  -0.000075 7.076874 -0.000045  -0.008118 0.010385 0.036400
75  0.000006 7.089862 -0.000070  0.070875 0.098587 -0.025893
76  0.361117 0.886682 3.287746  -0.576374 1.978710 0.939011
77  -0.000067 6.686639 0.000223  -0.146568 0.414164 -0.327708
78  -0.000012 7.638016 0.000014  -0.079524 -0.025948 0.130955
79  -0.000030 7.290234 -0.000023  0.025325 -0.093908 0.023963
80  -0.000034 6.530371 0.000005  -0.261848 -0.300600 0.006735
81  0.000063 7.224883 0.000009  0.036505 0.032481 -0.175824
82  1.071893 3.225795 1.570115  -0.043806 2.859975 1.526249
83  0.000417 6.748902 -0.000067  -0.062702 0.083783 0.022202
84  -0.000051 8.002640 0.000027  -0.067495 -0.117209 -0.115599
85  0.000011 8.580573 -0.000097  0.088212 -0.007187 0.334604
86  0.000165 8.689830 -0.000041  0.065327 -0.412430 -0.134518
87  -1.514538 2.104638 0.318055  -0.024895 3.094490 1.569497
88  0.000191 6.982272 0.000011  -0.107589 -0.057625 -0.215716
89  -0.000008 8.382871 -0.000067  0.135031 -0.099914 0.287072
90  -0.000066 8.697669 0.000023  -0.148090 -0.510101 0.044838
91  -0.000138 8.921825 0.000080  -0.236827 -0.892635 0.098805
92  3.553615 -3.478045 2.409277  0.000820 0.762046 1.535311
93  -0.000000 4.476901 -0.000004  -0.151003 -0.588331 0.377258
94  0.000030 4.514123 -0.000025  -0.228866 -2.996200 0.592368
95  0.000047 4.518384 -0.000024  0.143171 2.612778 0.693383
96  0.000024 3.598329 0.000023  -0.749302 0.869852 -0.773232
97  4.209916 -0.440346 1.018823  -1.699921 -2.186693 -0.072378
98  4.265503 1.434238 -0.404991  -0.879755 -0.261230 -0.293801
99  9.400229 0.017942 0.083201  0.098726 -0.049989 -1.732463
100  10.242420 0.033592 0.064480  2.528027 -0.193631 -1.011070
101  3.465857 -0.059672 0.016694  0.004340 -0.140828 -0.669671
102  1.655595 -0.000017 0.000022  -0.004727 -0.073097 -0.075658
103  0.960769 -0.000002 -0.000005  0.079598 0.069826 0.141317
104  3.462027 -0.064239 0.939908  0.359790 -0.262222 -0.629261
105  1.497177 -0.000008 0.000021  -0.487575 0.020392 -0.044737
106  0.793759 0.000006 -0.000003  -0.014025 0.012612 -0.131355
107  0.591663 -0.460684 0.835205  -0.938119 -0.582250 -0.717449
108  1.556140 -0.000002 -0.000003  -0.364077 0.096634 0.343638
109  1.135905 0.000018 0.000001  0.091607 -0.031092 0.400478
110  3.084267 -0.668815 -1.257086  -0.724081 0.311506 -0.853422
111  1.064202 -0.000001 0.000003  0.026244 0.089033 -0.397340
112  0.640339 0.000005 -0.000009  -0.089011 -0.031987 -0.244881
113  3.396823 -0.242131 -0.708689  -0.389038 0.072381 -0.747866
114  1.532969 0.000016 0.000005  0.027212 0.011631 -0.316047
115  0.832974 -0.000001 -0.000002  -0.071667 -0.026372 -0.217948
116  4.209940 -0.440344 -1.019280  1.462726 2.116231 -0.272819
117  4.266743 1.424943 0.424935  2.192086 0.065639 -0.907131
118  9.398575 0.011950 -0.082517  -0.010646 0.059945 -0.469710
119  10.242439 0.028177 -0.062907  -1.762233 -0.014380 0.432017
120  3.465748 -0.067525 0.002267  -0.285053 0.248638 -1.888595
121  1.655560 0.000007 0.000007  -0.124062 0.166724 -0.939635
122  0.960906 0.000006 -0.000001  0.020750 0.133141 -0.634867
123  3.466854 -0.077779 -0.920910  -0.500141 0.118015 -1.879993
124  1.497260 -0.000035 -0.000023  -0.522015 0.276054 -0.833415
125  0.793787 -0.000006 0.000001  -0.132994 0.277405 -0.603370
126  0.595080 -0.467149 -0.829177  2.464472 0.683925 -0.731242
127  1.555673 0.000015 -0.000005  0.631202 0.516508 1.162738
128  1.136813 -0.000011 -0.000002  0.578724 0.458684 1.086532
129  3.075975 -0.667966 1.277700  0.475590 0.370256 -1.690096
130  1.064593 0.000019 0.000010  0.027858 -0.118128 -0.849885
131  0.640363 -0.000015 -0.000004  -0.108564 -0.024532 -0.489222
132  3.392411 -0.245367 0.728376  0.024488 0.342506 -2.029667
133  1.532738 -0.000011 -0.000001  0.008767 0.015851 -0.763348
134  0.833148 0.000009 0.000006  -0.079874 -0.067785 -0.990613
135  3.590115 -3.090295 1.193972  1.635457 1.210566 1.548541
136  3.589560 -3.089880 -1.196372  -1.505736 1.210473 -1.592853
137  -0.436556 4.719025 -0.001076  -0.000591 -1.570733 1.693019
138  -0.000000 2.775449 -0.000236  -0.135089 0.000001 -0.000000
139  0.000000 3.189773 0.000008  0.207820 0.000000 0.000000
140  0.000000 3.504646 0.000046  -0.261876 0.000000 -0.000000
141  0.000000 2.863199 -0.000002  -0.051268 -0.000000 -0.000000
time 12
0 -28.885173 -27.775008 39.286564 1.570862 0.000000 -0.000000
1  0.002636 43.025146 0.734438  0.191285 -0.895424 -0.158532
2  3.061858 -4.181009 -0.610804  -1.664804 -0.661814 -1.468208
3  18.476778 0.000160 0.000000  0.002664 -0.030678 0.405270
4  17.490086 0.000116 0.000004  0.232469 0.210249 -1.030076
5  -3.065330 -4.183570 -0.611480  -1.827647 0.303895 -1.400324
6  18.474855 -0.000033 -0.000007  -0.000933 0.017166 0.239009
7  17.489584 0.001915 -0.000006  -0.090575 0.056384 -1.002715
8  -0.000117 -0.048880 -0.576226  1.777065 0.145548 1.724290
9  3.224484 0.767046 0.000495  0.184146 -0.073570 0.006558
10  3.223906 0.226399 -0.001945  0.140109 -0.035015 0.234807
11  5.187323 -1.262560 -0.001177  0.000012 0.000066 0.194111
12  6.928414 -1.935312 -0.000227  -3.015368 0.047178 0.185341
13  3.236363 1.079614 0.000056  0.107739 0.142715 0.054588
14  0.833759 3.805354 0.692956  -0.040491 0.554885 1.469872
15  0.000040 6.792214 0.000038  0.007990 0.036070 -0.011407
16  -0.000068 7.744823 0.000018  -0.017442 -0.155305 0.068151
17  0.000074 7.809701 0.000016  -0.033636 0.005026 0.006142
18  -0.000024 7.867671 0.000018  -0.073329 -0.127909 0.026376
19  3.494696 -1.749094 -3.006912  0.152546 2.070419 1.936946
20  0.000118 4.478318 0.000020  -0.194659 0.310432 -0.234995
21  0.000049 4.636111 -0.000029  0.035821 0.324593 -0.151767
22  -0.000042 5.008652 0.000013  0.075999 -0.286565 0.276090
23  0.000064 4.781173 0.000007  0.904398 -2.690903 -0.015798
24  2.253041 1.989057 -3.350106  -1.523631 1.324497 0.112400
25  0.000161 6.589465 0.000167  0.206354 -0.002129 -0.080394
26  0.000043 7.491410 0.000044  -0.333513 0.184454 -0.191167
27  0.000025 7.660311 -0.000055  -0.063176 0.127195 -0.062117
28  0.000006 7.256272 0.000019  -0.052939 -0.487829 0.313813
29  -0.791160 2.265119 -1.234655  -0.753900 1.136377 0.824672
30  -0.000256 8.572270 -0.000091  -0.222843 -0.296789 0.176504
31  -0.000096 8.117208 0.000049  0.072256 0.772520 -0.285589
32  -0.000082 8.230034 -0.000073  -0.080491 -0.347232 0.072254
33  0.000060 7.366726 0.000053  -0.015397 -0.663893 0.062743
34  0.224220 0.240128 -3.218158  -0.877383 1.468889 0.577824
35  -0.000100 7.721053 -0.000307  -0.283829 0.060497 -0.167555
36  -0.000030 7.374849 0.000000  0.007537 -0.195022 0.049539
37  0.000075 6.848113 0.000008  0.005484 0.006496 -0.033649
38  -0.000051 7.777862 0.000007  -0.186096 0.182474 -0.152846
39  -1.514459 2.104652 -1.150167  -0.029092 0.541320 1.555678
40  -0.000171 6.982354 -0.000078  -0.199699 -0.041213 0.153490
41  0.000040 8.382866 -0.000073  0.044866 0.587986 -0.257961
42  0.000013 8.697699 -0.000027  -0.102638 -0.474318 0.290944
43  0.000056 8.921800 -0.000004  -0.076257 0.581004 -0.195605
44  1.196195 2.899155 -2.353086  -0.449720 1.030105 1.287428
45  0.000106 5.476950 0.000005  0.285574 -0.099352 -0.038446
46  -0.000072 6.060429 -0.000087  -0.155021 -0.575032 0.384609
47  0.000018 5.994262 0.000028  0.033941 0.288573 -0.067729
48  -0.000009 6.100491 0.000004  -0.068405 0.299274 -0.162152
49  0.000037 6.916753 0.000011  -0.096318 0.220533 -0.107966
50  0.000151 6.435054 -0.000047  -0.037459 0.171630 -0.116574
51  1.092797 3.649513 -1.738794  -0.148600 0.876612 1.445020
52  -0.000128 6.792202 -0.000101  0.008284 0.107792 -0.048643
53  -0.000085 7.744782 -0.000029  0.057137 -0.256893 0.015458
54  0.000085 9.115032 -0.000034  -0.020393 0.256253 -0.142636
55  3.494519 -1.749101 3.007064  0.118402 1.106974 1.813812
56  0.000014 4.323835 0.000086  -0.229908 -0.770942 0.449223
57  0.000029 4.872895 -0.000019  0.367244 -0.664052 -0.254033
58  0.000004 5.056643 0.000094  -0.511236 0.856586 -0.546323
59  2.292466 1.708616 3.661675  -1.762558 1.789111 -0.218971
60  -0.000172 6.589440 0.000276  -0.007133 -0.169123 0.176909
61  0.000173 7.491490 -0.000149  -0.132414 -0.107097 0.179327
62  -0.000140 8.249653 0.000144  0.041912 -0.058209 0.015814
63  0.000072 8.605228 -0.000026  0.101586 0.501824 -0.079696
64  -0.240488 2.066071 2.349267  -0.357331 2.461714 1.296082
65  -0.000090 7.721104 -0.000003  -0.208230 -0.126223 -0.116495
66  -0.000124 7.374863 -0.000047  -0.111017 0.046939 -0.046464
67  -0.000035 6.848062 -0.000026  0.273532 0.247523 0.299908
68  0.000035 7.777822 -0.000043  0.072921 0.186148 -0.052689
69  -0.000082 8.178055 0.000011  -0.087029 -0.422849 -0.381357
70  1.617601 3.431408 2.399265  -0.249454 2.569515 1.508574
71  -0.000160 5.476941 -0.000028  0.057729 0.074071 0.060286
72  -0.000093 6.060492 -0.000007  -0.015204 0.015650 -0.152065
73  0.000027 5.994253 0.000011  -0.126211 -0.157657 0.153302
74  -0.000077 7.076876 -0.000047  -0.008118 0.010385 0.036400
75  0.000004 7.089870 -0.000070  0.070875 0.098587 -0.025893
76  0.361113 0.886684 3.287746  -0.576374 1.978710 0.939011
77  -0.000066 6.686648 0.000221  -0.146568 0.414164 -0.327708
78  -0.000010 7.638017 0.000013  -0.079524 -0.025948 0.130955
79  -0.000030 7.290231 -0.000022  0.025325 -0.093908 0.023963
80  -0.000033 6.530367 0.000004  -0.261848 -0.300600 0.006735
81  0.000061 7.224879 0.000010  0.036505 0.032481 -0.175824
82  1.071895 3.225795 1.570115  -0.043806 2.859975 1.526249
83  0.000417 6.748907 -0.000067  -0.062702 0.083783 0.022202
84  -0.000047 8.002646 0.000027  -0.067495 -0.117209 -0.115600
85  0.000013 8.580571 -0.000096  0.088212 -0.007187 0.334604
86  0.000168 8.689831 -0.000041  0.065327 -0.412430 -0.134517
87  -1.514535 2.104638 0.318056  -0.024895 3.094490 1.569497
88  0.000191 6.982284 0.000011  -0.107589 -0.057625 -0.215716
89  -0.000009 8.382871 -0.000067  0.135031 -0.099914 0.287072
90  -0.000061 8.697666 0.000024  -0.148090 -0.510101 0.044838
91  -0.000136 8.921822 0.000079  -0.236827 -0.892635 0.098805
92  3.553614 -3.478046 2.409277  0.000820 0.762046 1.535311
93  -0.000001 4.476898 -0.000008  -0.151003 -0.588331 0.377259
94  0.000033 4.514122 -0.000023  -0.228866 -2.996200 0.592368
95  0.000044 4.518384 -0.000023  0.143171 2.612778 0.693383
96  0.000021 3.598331 0.000023  -0.749302 0.869852 -0.773232
97  4.209927 -0.440347 1.018824  -1.700531 -2.185235 -0.071746
98  4.265506 1.434234 -0.404992  -0.859676 -0.263801 -0.283627
99  9.400233 0.017942 0.083200  0.098558 -0.050140 -1.729488
100  10.242419 0.033588 0.064482  2.528027 -0.193631 -1.011070
101  3.465855 -0.059676 0.016694  0.004340 -0.140828 -0.669671
102  1.655595 -0.000022 0.000022  -0.004727 -0.073097 -0.075658
103  0.960769 -0.000002 -0.000007  0.079598 0.069826 0.141317
104  3.462025 -0.064247 0.939910  0.359790 -0.262222 -0.629261
105  1.497178 -0.000000 0.000021  -0.487575 0.020392 -0.044737
106  0.793760 0.000010 -0.000002  -0.014025 0.012612 -0.131355
107  0.591662 -0.460692 0.835207  -0.938119 -0.582250 -0.717449
108  1.556139 0.000001 0.000004  -0.364077 0.096634 0.343638
109  1.135905 0.000015 0.000007  0.091607 -0.031092 0.400478
110  3.084270 -0.668818 -1.257083  -0.724081 0.311506 -0.853422
111  1.064202 -0.000004 0.000005  0.026244 0.089033 -0.397340
112  0.640337 0.000004 -0.000010  -0.089011 -0.031987 -0.244881
113  3.396819 -0.242135 -0.708688  -0.389038 0.072381 -0.747866
114  1.532969 0.000007 0.000005  0.027212 0.011631 -0.316047
115  0.832973 -0.000005 -0.000004  -0.071667 -0.026372 -0.217948
116  4.209947 -0.440343 -1.019279  1.458717 2.121095 -0.276025
117  4.266745 1.424946 0.424938  2.198787 0.086689 -0.897205
118  9.398566 0.011950 -0.082517  -0.007217 0.057720 -0.417024
119  10.242435 0.028175 -0.062908  -1.754781 -0.018643 0.413415
120  3.465750 -0.067527 0.002267  -0.287298 0.248408 -1.899212
121  1.655561 0.000001 0.000004  -0.125423 0.167783 -0.947420
122  0.960907 0.000003 0.000000  0.020047 0.134280 -0.642120
123  3.466858 -0.077781 -0.920909  -0.500214 0.117983 -1.880651
124  1.497260 -0.000034 -0.000021  -0.523020 0.276970 -0.836909
125  0.793790 -0.000007 0.000003  -0.134474 0.279463 -0.606205
126  0.595082 -0.467151 -0.829176  2.468041 0.674987 -0.729310
127  1.555675 0.000016 -0.000005  0.631202 0.516508 1.162738
128  1.136811 -0.000008 -0.000002  0.578724 0.458684 1.086532
129  3.075979 -0.667969 1.277701  0.467901 0.373713 -1.705545
130  1.064595 0.000025 0.000012  0.029450 -0.119358 -0.867630
131  0.640364 -0.000016 -0.000004  -0.107823 -0.026237 -0.511545
132  3.392415 -0.245370 0.728376  0.017891 0.342610 -2.046748
133  1.532737 -0.000006 -0.000001  0.008518 0.016005 -0.780528
134  0.833150 0.000009 0.000005  -0.080171 -0.067563 -1.007781
135  3.590114 -3.090295 1.193972  1.635457 1.210566 1.548541
136  3.589560 -3.089880 -1.196372  -1.505736 1.210473 -1.592853
137  -0.436559 4.719026 -0.001076  -0.000590 -1.570733 1.693110
138  -0.000000 2.775457 -0.000235  -0.135089 0.000001 -0.000000
139  0.000000 3.189770 0.000007  0.207820 -0.000000 0.000000
140  -0.000001 3.504656 0.000045  -0.261876 -0.000000 -0.000000
141  -0.000000 2.863193 -0.000003  -0.051268 0.000000 -0.000000
time 13
0 -31.702618 -30.750112 39.320839 1.570862 0.000000 -0.000000
1  0.002636 43.025146 0.734438  0.172460 -0.889137 -0.143117
2  3.061858 -4.181008 -0.610803  -1.624519 -0.638402 -1.499401
3  18.476776 0.000158 0.000000  0.002758 -0.034130 0.447403
4  17.490088 0.000116 0.000004  0.206118 0.175463 -0.938056
5  -3.065330 -4.183572 -0.611480  -1.785127 0.346111 -1.429934
6  18.474855 -0.000033 -0.000008  -0.000780 0.016477 0.230395
7  17.489586 0.001917 -0.000007  -0.095595 -0.023303 -0.880177
8  -0.000116 -0.048883 -0.576226  1.768147 0.146017 1.733355
9  3.224477 0.767047 0.000496  0.190468 -0.089990 -0.000611
10  3.223908 0.226400 -0.001944  0.141912 -0.046140 0.230447
11  5.187314 -1.262559 -0.001176  0.000012 0.000066 0.194111
12  6.928410 -1.935314 -0.000227  -3.013648 0.058943 0.185186
13  3.236366 1.079612 0.000056  0.102926 0.124831 0.058191
14  0.833763 3.805354 0.692955  -0.040491 0.554885 1.469872
15  0.000040 6.792203 0.000038  0.007990 0.036070 -0.011407
16  -0.000069 7.744824 0.000019  -0.017442 -0.155305 0.068151
17  0.000071 7.809699 0.000019  -0.033636 0.005026 0.006142
18  -0.000024 7.867669 0.000017  -0.073329 -0.127909 0.026376
19  3.494693 -1.749095 -3.006912  0.152546 2.070419 1.936946
20  0.000119 4.478322 0.000018  -0.194659 0.310432 -0.234994
21  0.000049 4.636120 -0.000029  0.035821 0.324593 -0.151767
22  -0.000041 5.008655 0.000014  0.075999 -0.286565 0.276090
23  0.000064 4.781161 0.000010  0.904398 -2.690903 -0.015798
24  2.253039 1.989058 -3.350106  -1.523631 1.324497 0.112400
25  0.000159 6.589466 0.000166  0.206354 -0.002129 -0.080394
26  0.000043 7.491417 0.000037  -0.333513 0.184454 -0.191167
27  0.000026 7.660306 -0.000053  -0.063176 0.127195 -0.062117
28  0.000004 7.256272 0.000023  -0.052939 -0.487829 0.313813
29  -0.791160 2.265119 -1.234655  -0.753900 1.136377 0.824672
30  -0.000257 8.572262 -0.000094  -0.222843 -0.296789 0.176504
31  -0.000093 8.117212 0.000048  0.072256 0.772520 -0.285589
32  -0.000084 8.230032 -0.000070  -0.080491 -0.347232 0.072254
33  0.000058 7.366727 0.000054  -0.015397 -0.663893 0.062743
34  0.224214 0.240128 -3.218157  -0.877383 1.468889 0.577824
35  -0.000100 7.721053 -0.000311  -0.283829 0.060497 -0.167555
36  -0.000031 7.374853 -0.000002  0.007537 -0.195022 0.049539
37  0.000075 6.848102 0.000005  0.005484 0.006496 -0.033649
38  -0.000052 7.777859 0.000010  -0.186096 0.182474 -0.152846
39  -1.514473 2.104647 -1.150167  -0.029092 0.541320 1.555677
40  -0.000164 6.982349 -0.000076  -0.199699 -0.041213 0.153490
41  0.000039 8.382863 -0.000071  0.044866 0.587986 -0.257961
42  0.000014 8.697704 -0.000024  -0.102638 -0.474318 0.290944
43  0.000057 8.921804 -0.000004  -0.076257 0.581004 -0.195605
44  1.196193 2.899157 -2.353086  -0.449720 1.030105 1.287427
45  0.000107 5.476940 0.000009  0.285574 -0.099352 -0.038446
46  -0.000073 6.060432 -0.000086  -0.155021 -0.575032 0.384609
47  0.000016 5.994268 0.000029  0.033941 0.288573 -0.067729
48  -0.000008 6.100486 0.000000  -0.068405 0.299274 -0.162152
49  0.000036 6.916756 0.000010  -0.096318 0.220533 -0.107966
50  0.000150 6.435061 -0.000041  -0.037459 0.171630 -0.116574
51  1.092792 3.649514 -1.738794  -0.148600 0.876612 1.445020
52  -0.000125 6.792198 -0.000100  0.008284 0.107792 -0.048643
53  -0.000087 7.744780 -0.000031  0.057137 -0.256893 0.015458
54  0.000085 9.115028 -0.000039  -0.020393 0.256253 -0.142636
55  3.494514 -1.749103 3.007064  0.118402 1.106974 1.813812
56  0.000014 4.323829 0.000088  -0.229908 -0.770942 0.449223
57  0.000029 4.872891 -0.000022  0.367244 -0.664052 -0.254033
58  0.000004 5.056649 0.000092  -0.511236 0.856586 -0.546323
59  2.292462 1.708614 3.661675  -1.762558 1.789111 -0.218971
60  -0.000174 6.589435 0.000281  -0.007133 -0.169123 0.176909
61  0.000172 7.491491 -0.000151  -0.132414 -0.107097 0.179327
62  -0.000137 8.249662 0.000144  0.041912 -0.058209 0.015814
63  0.000073 8.605234 -0.000027  0.101586 0.501824 -0.079696
64  -0.240487 2.066072 2.349267  -0.357331 2.461714 1.296082
65  -0.000088 7.721100 -0.000002  -0.208230 -0.126223 -0.116495
66  -0.000123 7.374870 -0.000047  -0.111017 0.046939 -0.046464
67  -0.000037 6.848063 -0.000026  0.273532 0.247523 0.299908
68  0.000036 7.777827 -0.000044  0.072921 0.186147 -0.052689
69  -0.000085 8.178057 0.000011  -0.087029 -0.422849 -0.381357
70  1.617607 3.431411 2.399265  -0.249454 2.569515 1.508574
71  -0.000163 5.476949 -0.000030  0.057729 0.074071 0.060286
72  -0.000092 6.060491 -0.000007  -0.015204 0.015650 -0.152065
73  0.000023 5.994249 0.000012  -0.126211 -0.157657 0.153302
74  -0.000078 7.076875 -0.000046  -0.008118 0.010385 0.036400
75  0.000005 7.089869 -0.000071  0.070875 0.098587 -0.025893
76  0.361113 0.886684 3.287746  -0.576374 1.978710 0.939011
77  -0.000066 6.686639 0.000226  -0.146568 0.414164 -0.327708
78  -0.000011 7.638018 0.000013  -0.079524 -0.025948 0.130955
79  -0.000030 7.290234 -0.000022  0.025325 -0.093908 0.023963
80  -0.000034 6.530369 0.000006  -0.261848 -0.300600 0.006735
81  0.000063 7.224881 0.000008  0.036505 0.032481 -0.175824
82  1.071897 3.225798 1.570115  -0.043806 2.859975 1.526249
83  0.000413 6.748898 -0.000067  -0.062702 0.083783 0.022202
84  -0.000048 8.002646 0.000027  -0.067495 -0.117209 -0.115600
85  0.000012 8.580573 -0.000098  0.088212 -0.007187 0.334604
86  0.000169 8.689828 -0.000041  0.065327 -0.412430 -0.134518
87  -1.514530 2.104641 0.318055  -0.024895 3.094490 1.569497
88  0.000194 6.982275 0.000011  -0.107589 -0.057625 -0.215716
89  -0.000008 8.382879 -0.000067  0.135031 -0.099914 0.287072
90  -0.000060 8.697679 0.000023  -0.148090 -0.510101 0.044838
91  -0.000139 8.921825 0.000078  -0.236827 -0.892635 0.098805
92  3.553618 -3.478042 2.409277  0.000820 0.762046 1.535311
93  -0.000003 4.476896 -0.000008  -0.151003 -0.588330 0.377258
94  0.000031 4.514128 -0.000025  -0.228866 -2.996199 0.592368
95  0.000044 4.518391 -0.000023  0.143171 2.612778 0.693383
96  0.000024 3.598326 0.000026  -0.749301 0.869852 -0.773232
97  4.209919 -0.440347 1.018824  -1.701378 -2.183165 -0.070899
98  4.265506 1.434235 -0.404992  -0.839085 -0.260734 -0.278246
99  9.400238 0.017939 0.083202  0.098314 -0.050359 -1.725179
100  10.242418 0.033590 0.064485  2.528027 -0.193631 -1.011070
101  3.465861 -0.059679 0.016694  0.004340 -0.140827 -0.669671
102  1.655595 -0.000018 0.000024  -0.004727 -0.073097 -0.075658
103  0.960769 -0.000005 -0.000007  0.079598 0.069826 0.141317
104  3.462029 -0.064248 0.939909  0.359790 -0.262222 -0.629261
105  1.497176 -0.000004 0.000021  -0.487575 0.020392 -0.044737
106  0.793760 0.000005 -0.000002  -0.014025 0.012612 -0.131355
107  0.591665 -0.460694 0.835207  -0.938119 -0.582250 -0.717449
108  1.556140 -0.000005 -0.000003  -0.364077 0.096634 0.343638
109  1.135904 0.000019 -0.000002  0.091607 -0.031092 0.400478
110  3.084269 -0.668826 -1.257085  -0.724081 0.311506 -0.853422
111  1.064202 -0.000002 0.000003  0.026244 0.089033 -0.397340
112  0.640338 0.000004 -0.000004  -0.089011 -0.031987 -0.244881
113  3.396826 -0.242139 -0.708689  -0.389038 0.072381 -0.747866
114  1.532969 0.000009 0.000007  0.027212 0.011631 -0.316047
115  0.832973 0.000005 -0.000005  -0.071667 -0.026372 -0.217948
116  4.209938 -0.440343 -1.019279  1.463204 2.130876 -0.271837
117  4.266744 1.424937 0.424939  2.187232 0.083352 -0.886463
118  9.398565 0.011949 -0.082515  -0.004496 0.055764 -0.373830
119  10.242436 0.028175 -0.062909  -1.745500 -0.022355 0.390863
120  3.465747 -0.067527 0.002267  -0.288566 0.248315 -1.905123
121  1.655560 0.000002 0.000004  -0.129929 0.171270 -0.972630
122  0.960907 0.000001 0.000001  0.017807 0.137873 -0.665188
123  3.466855 -0.077782 -0.920910  -0.499188 0.118238 -1.862936
124  1.497260 -0.000040 -0.000026  -0.527698 0.281053 -0.853155
125  0.793790 -0.000008 -0.000001  -0.141322 0.289006 -0.619333
126  0.595077 -0.467151 -0.829177  2.475976 0.653672 -0.725197
127  1.555676 0.000017 -0.000005  0.631202 0.516508 1.162738
128  1.136809 -0.000006 -0.000002  0.578724 0.458684 1.086532
129  3.075971 -0.667966 1.277700  0.465146 0.374968 -1.711155
130  1.064594 0.000020 0.000011  0.033107 -0.121958 -0.907415
131  0.640363 -0.000019 -0.000001  -0.106116 -0.030075 -0.561908
132  3.392413 -0.245369 0.728376  0.013399 0.342651 -2.058390
133  1.532738 -0.000010 -0.000002  0.008016 0.016397 -0.817742
134  0.833153 0.000006 0.000006  -0.080846 -0.067127 -1.044883
135  3.590109 -3.090295 1.193972  1.635457 1.210566 1.548541
136  3.589556 -3.089880 -1.196372  -1.505736 1.210473 -1.592853
137  -0.436564 4.719026 -0.001076  -0.000561 -1.570733 1.692999
138  -0.000000 2.775457 -0.000237  -0.135089 0.000001 -0.000000
139  -0.000000 3.189776 0.000007  0.207820 -0.000000 0.000000
140  -0.000001 3.504653 0.000045  -0.261876 0.000000 -0.000000
141  -0.000001 2.863196 -0.000002  -0.051268 0.000000 -0.000000
time 14
0 -34.477438 -33.630949 39.406193 1.570862 0.000000 -0.000000
1  0.002636 43.025146 0.734438  0.135149 -0.888372 -0.109519
2  3.061857 -4.181007 -0.610803  -1.604236 -0.596037 -1.537000
3  18.476778 0.000161 -0.000001  0.002733 -0.036991 0.482303
4  17.490088 0.000116 0.000004  0.206551 0.150678 -0.942714
5  -3.065330 -4.183576 -0.611480  -1.738297 0.376885 -1.469695
6  18.474859 -0.000036 -0.000008  -0.000706 0.016155 0.226364
7  17.489582 0.001915 -0.000007  -0.143130 -0.112809 -0.741200
8  -0.000117 -0.048880 -0.576226  1.754441 0.147901 1.726292
9  3.224487 0.767047 0.000496  0.192351 -0.106030 -0.006183
10  3.223917 0.226400 -0.001944  0.140839 -0.056442 0.227180
11  5.187323 -1.262562 -0.001176  0.000012 0.000066 0.194111
12  6.928409 -1.935313 -0.000227  -3.010094 0.063769 0.189811
13  3.236366 1.079615 0.000057  0.119318 0.102513 0.060909
14  0.833764 3.805354 0.692956  -0.040491 0.554885 1.469872
15  0.000038 6.792204 0.000036  0.007990 0.036070 -0.011407
16  -0.000066 7.744815 0.000016  -0.017442 -0.155305 0.068151
17  0.000075 7.809708 0.000019  -0.033636 0.005025 0.006142
18  -0.000023 7.867671 0.000019  -0.073329 -0.127909 0.026376
19  3.494704 -1.749091 -3.006912  0.152546 2.070419 1.936946
20  0.000118 4.478320 0.000018  -0.194659 0.310432 -0.234994
21  0.000048 4.636111 -0.000029  0.035821 0.324593 -0.151767
22  -0.000041 5.008650 0.000013  0.075999 -0.286565 0.276090
23  0.000065 4.781161 0.000008  0.904398 -2.690903 -0.015798
24  2.253040 1.989061 -3.350106  -1.523631 1.324497 0.112400
25  0.000164 6.589460 0.000172  0.206354 -0.002129 -0.080394
26  0.000041 7.491412 0.000041  -0.333513 0.184454 -0.191167
27  0.000029 7.660302 -0.000055  -0.063176 0.127195 -0.062117
28  0.000008 7.256267 0.000021  -0.052939 -0.487829 0.313813
29  -0.791162 2.265120 -1.234655  -0.753900 1.136377 0.824672
30  -0.000261 8.572262 -0.000093  -0.222843 -0.296789 0.176504
31  -0.000094 8.117215 0.000049  0.072256 0.772520 -0.285589
32  -0.000086 8.230034 -0.000069  -0.080491 -0.347232 0.072254
33  0.000059 7.366716 0.000059  -0.015397 -0.663893 0.062743
34  0.224218 0.240129 -3.218157  -0.877383 1.468889 0.577824
35  -0.000101 7.721049 -0.000311  -0.283829 0.060497 -0.167555
36  -0.000031 7.374855 -0.000002  0.007537 -0.195022 0.049539
37  0.000075 6.848101 0.000006  0.005484 0.006496 -0.033649
38  -0.000052 7.777862 0.000008  -0.186096 0.182474 -0.152846
39  -1.514463 2.104651 -1.150167  -0.029092 0.541320 1.555678
40  -0.000169 6.982348 -0.000077  -0.199699 -0.041213 0.153490
41  0.000039 8.382865 -0.000073  0.044865 0.587986 -0.257962
42  0.000015 8.697700 -0.000025  -0.102637 -0.474318 0.290944
43  0.000056 8.921806 -0.000004  -0.076257 0.581005 -0.195605
44  1.196192 2.899155 -2.353086  -0.449720 1.030105 1.287427
45  0.000105 5.476941 0.000006  0.285574 -0.099352 -0.038446
46  -0.000073 6.060434 -0.000089  -0.155021 -0.575032 0.384609
47  0.000020 5.994266 0.000031  0.033941 0.288573 -0.067729
48  -0.000008 6.100484 0.000000  -0.068405 0.299274 -0.162152
49  0.000033 6.916765 0.000012  -0.096318 0.220533 -0.107966
50  0.000150 6.435059 -0.000044  -0.037459 0.171630 -0.116574
51  1.092802 3.649517 -1.738793  -0.148600 0.876612 1.445020
52  -0.000128 6.792202 -0.000104  0.008285 0.107792 -0.048643
53  -0.000087 7.744772 -0.000031  0.057137 -0.256893 0.015458
54  0.000082 9.115026 -0.000035  -0.020393 0.256253 -0.142636
55  3.494519 -1.749100 3.007064  0.118402 1.106974 1.813812
56  0.000015 4.323834 0.000089  -0.229908 -0.770942 0.449223
57  0.000029 4.872892 -0.000022  0.367244 -0.664052 -0.254033
58  -0.000000 5.056656 0.000090  -0.511236 0.856586 -0.546323
59  2.292470 1.708618 3.661676  -1.762558 1.789111 -0.218971
60  -0.000173 6.589439 0.000274  -0.007133 -0.169123 0.176909
61  0.000174 7.491498 -0.000150  -0.132414 -0.107097 0.179326
62  -0.000140 8.249657 0.000141  0.041912 -0.058209 0.015814
63  0.000072 8.605230 -0.000027  0.101586 0.501824 -0.079696
64  -0.240491 2.066072 2.349267  -0.357331 2.461714 1.296082
65  -0.000087 7.721100 -0.000004  -0.208230 -0.126223 -0.116495
66  -0.000123 7.374865 -0.000045  -0.111017 0.046939 -0.046464
67  -0.000036 6.848067 -0.000027  0.273532 0.247523 0.299908
68  0.000034 7.777824 -0.000045  0.072921 0.186148 -0.052689
69  -0.000088 8.178055 0.000011  -0.087029 -0.422849 -0.381357
70  1.617604 3.431411 2.399266  -0.249454 2.569515 1.508574
71  -0.000166 5.476946 -0.000028  0.057729 0.074071 0.060286
72  -0.000089 6.060499 -0.000006  -0.015204 0.015650 -0.152065
73  0.000024 5.994247 0.000011  -0.126211 -0.157657 0.153302
74  -0.000081 7.076871 -0.000047  -0.008118 0.010385 0.036400
75  0.000004 7.089866 -0.000070  0.070875 0.098587 -0.025893
76  0.361113 0.886685 3.287746  -0.576374 1.978710 0.939011
77  -0.000069 6.686646 0.000221  -0.146568 0.414164 -0.327708
78  -0.000012 7.638009 0.000011  -0.079524 -0.025948 0.130955
79  -0.000032 7.290226 -0.000023  0.025325 -0.093908 0.023963
80  -0.000036 6.530365 0.000004  -0.261848 -0.300600 0.006735
81  0.000061 7.224882 0.000010  0.036505 0.032481 -0.175824
82  1.071899 3.225799 1.570116  -0.043806 2.859975 1.526249
83  0.000417 6.748906 -0.000066  -0.062702 0.083783 0.022202
84  -0.000048 8.002645 0.000026  -0.067495 -0.117209 -0.115600
85  0.000011 8.580564 -0.000097  0.088212 -0.007187 0.334604
86  0.000172 8.689830 -0.000041  0.065327 -0.412430 -0.134518
87  -1.514532 2.104641 0.318056  -0.024895 3.094490 1.569497
88  0.000194 6.982278 0.000012  -0.107589 -0.057624 -0.215716
89  -0.000009 8.382870 -0.000067  0.135031 -0.099914 0.287072
90  -0.000058 8.697672 0.000024  -0.148090 -0.510101 0.044838
91  -0.000136 8.921821 0.000080  -0.236827 -0.892635 0.098805
92  3.553616 -3.478044 2.409278  0.000820 0.762046 1.535311
93  -0.000002 4.476902 -0.000003  -0.151003 -0.588331 0.377258
94  0.000031 4.514121 -0.000023  -0.228866 -2.996200 0.592368
95  0.000044 4.518385 -0.000022  0.143171 2.612778 0.693383
96  0.000023 3.598317 0.000025  -0.749301 0.869852 -0.773232
97  4.209918 -0.440347 1.018824  -1.702414 -2.180556 -0.069769
98  4.265508 1.434237 -0.404994  -0.827791 -0.254731 -0.272375
99  9.400231 0.017939 0.083201  0.098015 -0.050622 -1.719928
100  10.242421 0.033588 0.064480  2.528027 -0.193631 -1.011071
101  3.465858 -0.059678 0.016694  0.004340 -0.140828 -0.669671
102  1.655595 -0.000021 0.000023  -0.004727 -0.073097 -0.075658
103  0.960769 -0.000006 -0.000007  0.079598 0.069826 0.141317
104  3.462028 -0.064246 0.939909  0.359790 -0.262222 -0.629261
105  1.497178 -0.000008 0.000020  -0.487575 0.020392 -0.044737
106  0.793759 0.000006 -0.000002  -0.014025 0.012612 -0.131355
107  0.591663 -0.460691 0.835206  -0.938119 -0.582250 -0.717449
108  1.556139 0.000007 0.000003  -0.364077 0.096634 0.343638
109  1.135903 0.000018 0.000007  0.091607 -0.031092 0.400478
110  3.084274 -0.668818 -1.257084  -0.724081 0.311506 -0.853422
111  1.064203 0.000002 0.000006  0.026244 0.089033 -0.397340
112  0.640332 0.000005 -0.000006  -0.089011 -0.031987 -0.244881
113  3.396824 -0.242135 -0.708689  -0.389038 0.072381 -0.747866
114  1.532969 0.000009 0.000006  0.027212 0.011631 -0.316047
115  0.832974 -0.000001 -0.000003  -0.071667 -0.026372 -0.217948
116  4.209943 -0.440343 -1.019279  1.479068 2.146037 -0.257879
117  4.266747 1.424934 0.424937  2.149893 0.071273 -0.880764
118  9.398570 0.011950 -0.082517  -0.003597 0.055077 -0.359250
119  10.242438 0.028172 -0.062908  -1.738894 -0.020966 0.385019
120  3.465754 -0.067526 0.002268  -0.288672 0.248288 -1.905692
121  1.655559 -0.000000 0.000007  -0.138250 0.177224 -1.017909
122  0.960908 0.000007 0.000000  0.013582 0.144273 -0.706815
123  3.466860 -0.077779 -0.920910  -0.497072 0.118637 -1.825026
124  1.497260 -0.000036 -0.000021  -0.536774 0.288578 -0.883906
125  0.793792 -0.000009 -0.000002  -0.154675 0.306736 -0.644453
126  0.595081 -0.467148 -0.829176  2.488528 0.619055 -0.719015
127  1.555674 0.000016 -0.000006  0.631202 0.516508 1.162738
128  1.136814 -0.000008 -0.000002  0.578724 0.458684 1.086532
129  3.075977 -0.667966 1.277701  0.467630 0.373860 -1.706124
130  1.064594 0.000019 0.000009  0.039249 -0.125933 -0.971629
131  0.640360 -0.000017 -0.000003  -0.102988 -0.036041 -0.643452
132  3.392417 -0.245368 0.728376  0.011593 0.342634 -2.062919
133  1.532738 -0.000007 -0.000001  0.007093 0.016995 -0.877733
134  0.833151 0.000006 0.000007  -0.081928 -0.066465 -1.104790
135  3.590107 -3.090297 1.193973  1.635457 1.210566 1.548541
136  3.589556 -3.089881 -1.196372  -1.505736 1.210473 -1.592853
137  -0.436555 4.719024 -0.001075  -0.000517 -1.570733 1.692964
138  0.000000 2.775454 -0.000235  -0.135089 0.000001 -0.000000
139  0.000001 3.189767 0.000008  0.207820 -0.000000 0.000000
140  0.000000 3.504650 0.000046  -0.261876 0.000000 -0.000000
141  0.000001 2.863198 -0.000003  -0.051268 -0.000000 -0.000000
time 15
0 -37.114787 -36.418035 39.488739 1.570862 0.000000 -0.000000
1  0.002636 43.025146 0.734438  0.084248 -0.892607 -0.059349
2  3.061857 -4.181012 -0.610804  -1.598846 -0.545770 -1.581362
3  18.476774 0.000157 -0.000000  0.002556 -0.039828 0.516969
4  17.490088 0.000117 0.000004  0.229927 0.127992 -1.031563
5  -3.065330 -4.183575 -0.611479  -1.686592 0.295269 -1.496369
6  18.474855 -0.000032 -0.000008  -0.002809 0.033657 0.441843
7  17.489584 0.001918 -0.000007  -0.189820 -0.198924 -0.733260
8  -0.000117 -0.048882 -0.576226  1.736587 0.150012 1.713786
9  3.224482 0.767047 0.000496  0.189093 -0.121635 -0.009746
10  3.223907 0.226399 -0.001945  0.136359 -0.065608 0.225086
11  5.187316 -1.262560 -0.001177  0.000012 0.000066 0.194111
12  6.928421 -1.935315 -0.000227  -3.004052 0.059958 0.198300
13  3.236360 1.079611 0.000058  0.156182 0.086158 0.058668
14  0.833757 3.805351 0.692955  -0.040491 0.554885 1.469872
15  0.000040 6.792204 0.000041  0.007990 0.036070 -0.011407
16  -0.000065 7.744815 0.000014  -0.017442 -0.155305 0.068151
17  0.000077 7.809697 0.000018  -0.033636 0.005026 0.006142
18  -0.000025 7.867669 0.000017  -0.073330 -0.127909 0.026376
19  3.494700 -1.749091 -3.006912  0.152546 2.070419 1.936946
20  0.000119 4.478321 0.000018  -0.194659 0.310432 -0.234995
21  0.000047 4.636120 -0.000029  0.035821 0.324593 -0.151767
22  -0.000042 5.008645 0.000013  0.075999 -0.286565 0.276090
23  0.000065 4.781161 0.000009  0.904398 -2.690903 -0.015798
24  2.253045 1.989063 -3.350106  -1.523631 1.324497 0.112400
25  0.000161 6.589463 0.000169  0.206354 -0.002129 -0.080394
26  0.000042 7.491414 0.000040  -0.333513 0.184454 -0.191167
27  0.000023 7.660306 -0.000055  -0.063176 0.127195 -0.062117
28  0.000009 7.256270 0.000019  -0.052939 -0.487829 0.313813
29  -0.791168 2.265116 -1.234655  -0.753900 1.136377 0.824672
30  -0.000253 8.572258 -0.000092  -0.222843 -0.296789 0.176504
31  -0.000095 8.117214 0.000047  0.072256 0.772520 -0.285589
32  -0.000082 8.230038 -0.000075  -0.080491 -0.347232 0.072254
33  0.000058 7.366725 0.000054  -0.015397 -0.663893 0.062743
34  0.224216 0.240129 -3.218158  -0.877383 1.468889 0.577824
35  -0.000101 7.721060 -0.000311  -0.283829 0.060497 -0.167555
36  -0.000030 7.374850 -0.000001  0.007537 -0.195022 0.049539
37  0.000073 6.848109 0.000006  0.005484 0.006496 -0.033649
38  -0.000049 7.777863 0.000009  -0.186096 0.182474 -0.152846
39  -1.514465 2.104651 -1.150167  -0.029092 0.541320 1.555677
40  -0.000171 6.982353 -0.000075  -0.199699 -0.041213 0.153490
41  0.000038 8.382862 -0.000071  0.044865 0.587986 -0.257961
42  0.000012 8.697707 -0.000028  -0.102637 -0.474318 0.290944
43  0.000057 8.921808 -0.000003  -0.076257 0.581004 -0.195605
44  1.196198 2.899158 -2.353086  -0.449720 1.030105 1.287428
45  0.000107 5.476939 0.000007  0.285574 -0.099352 -0.038446
46  -0.000077 6.060433 -0.000088  -0.155021 -0.575032 0.384609
47  0.000021 5.994259 0.000030  0.033941 0.288573 -0.067729
48  -0.000009 6.100487 0.000001  -0.068406 0.299274 -0.162152
49  0.000036 6.916757 0.000010  -0.096318 0.220533 -0.107966
50  0.000151 6.435059 -0.000045  -0.037459 0.171630 -0.116574
51  1.092795 3.649514 -1.738794  -0.148600 0.876612 1.445020
52  -0.000128 6.792197 -0.000100  0.008285 0.107792 -0.048643
53  -0.000087 7.744773 -0.000027  0.057137 -0.256893 0.015458
54  0.000083 9.115016 -0.000037  -0.020393 0.256253 -0.142636
55  3.494516 -1.749100 3.007064  0.118402 1.106974 1.813812
56  0.000014 4.323840 0.000086  -0.229908 -0.770942 0.449223
57  0.000029 4.872895 -0.000021  0.367244 -0.664052 -0.254033
58  0.000003 5.056641 0.000091  -0.511236 0.856586 -0.546323
59  2.292466 1.708615 3.661675  -1.762558 1.789111 -0.218971
60  -0.000173 6.589437 0.000274  -0.007133 -0.169123 0.176909
61  0.000175 7.491496 -0.000153  -0.132414 -0.107097 0.179327
62  -0.000140 8.249665 0.000145  0.041912 -0.058209 0.015814
63  0.000071 8.605231 -0.000022  0.101586 0.501824 -0.079696
64  -0.240491 2.066072 2.349267  -0.357331 2.461714 1.296082
65  -0.000088 7.721102 -0.000004  -0.208230 -0.126223 -0.116495
66  -0.000124 7.374863 -0.000046  -0.111017 0.046939 -0.046464
67  -0.000034 6.848055 -0.000025  0.273532 0.247523 0.299908
68  0.000031 7.777822 -0.000044  0.072921 0.186148 -0.052689
69  -0.000083 8.178056 0.000010  -0.087029 -0.422849 -0.381357
70  1.617603 3.431412 2.399265  -0.249454 2.569515 1.508574
71  -0.000165 5.476940 -0.000030  0.057729 0.074071 0.060286
72  -0.000090 6.060500 -0.000005  -0.015204 0.015650 -0.152065
73  0.000025 5.994250 0.000011  -0.126211 -0.157657 0.153302
74  -0.000079 7.076876 -0.000047  -0.008118 0.010385 0.036400
75  0.000005 7.089869 -0.000072  0.070875 0.098587 -0.025893
76  0.361102 0.886680 3.287745  -0.576374 1.978710 0.939011
77  -0.000067 6.686646 0.000222  -0.146568 0.414164 -0.327708
78  -0.000012 7.638027 0.000015  -0.079524 -0.025947 0.130955
79  -0.000030 7.290229 -0.000021  0.025325 -0.093908 0.023963
80  -0.000034 6.530364 0.000005  -0.261848 -0.300600 0.006735
81  0.000066 7.224878 0.000010  0.036505 0.032481 -0.175824
82  1.071893 3.225796 1.570115  -0.043806 2.859975 1.526249
83  0.000415 6.748905 -0.000066  -0.062702 0.083783 0.022202
84  -0.000045 8.002652 0.000027  -0.067495 -0.117209 -0.115600
85  0.000012 8.580570 -0.000098  0.088212 -0.007187 0.334604
86  0.000175 8.689835 -0.000042  0.065327 -0.412430 -0.134518
87  -1.514540 2.104638 0.318055  -0.024895 3.094490 1.569497
88  0.000187 6.982278 0.000011  -0.107589 -0.057625 -0.215716
89  -0.000008 8.382872 -0.000067  0.135031 -0.099914 0.287072
90  -0.000065 8.697666 0.000023  -0.148090 -0.510101 0.044838
91  -0.000134 8.921823 0.000078  -0.236827 -0.892635 0.098805
92  3.553616 -3.478043 2.409277  0.000820 0.762046 1.535311
93  0.000001 4.476894 -0.000007  -0.151003 -0.588331 0.377258
94  0.000033 4.514115 -0.000024  -0.228866 -2.996199 0.592368
95  0.000046 4.518386 -0.000022  0.143171 2.612778 0.693383
96  0.000021 3.598330 0.000024  -0.749301 0.869852 -0.773232
97  4.209929 -0.440348 1.018824  -1.703794 -2.177423 -0.068326
98  4.265508 1.434232 -0.404991  -0.824269 -0.241838 -0.275341
99  9.400234 0.017941 0.083202  0.097689 -0.050906 -1.714217
100  10.242420 0.033593 0.064476  2.528027 -0.193631 -1.011070
101  3.465855 -0.059681 0.016693  0.004340 -0.140828 -0.669671
102  1.655595 -0.000021 0.000023  -0.004727 -0.073097 -0.075658
103  0.960769 -0.000000 -0.000008  0.079598 0.069826 0.141317
104  3.462025 -0.064249 0.939909  0.359790 -0.262222 -0.629261
105  1.497177 -0.000014 0.000025  -0.487575 0.020392 -0.044737
106  0.793759 0.000004 -0.000001  -0.014025 0.012612 -0.131355
107  0.591658 -0.460694 0.835207  -0.938119 -0.582250 -0.717449
108  1.556139 0.000002 0.000006  -0.364077 0.096634 0.343638
109  1.135905 0.000015 0.000003  0.091607 -0.031092 0.400478
110  3.084267 -0.668826 -1.257085  -0.724081 0.311506 -0.853422
111  1.064203 -0.000003 0.000008  0.026244 0.089033 -0.397340
112  0.640339 0.000000 -0.000003  -0.089011 -0.031987 -0.244881
113  3.396819 -0.242141 -0.708689  -0.389038 0.072381 -0.747866
114  1.532969 0.000010 0.000007  0.027212 0.011631 -0.316047
115  0.832976 -0.000002 -0.000006  -0.071667 -0.026372 -0.217948
116  4.209950 -0.440344 -1.019279  1.502124 2.160338 -0.238268
117  4.266745 1.424945 0.424940  2.093652 0.044432 -0.884067
118  9.398569 0.011949 -0.082515  -0.005964 0.056842 -0.397307
119  10.242439 0.028179 -0.062909  -1.735020 -0.017673 0.410451
120  3.465744 -0.067526 0.002268  -0.288300 0.248294 -1.903785
121  1.655559 0.000007 0.000006  -0.148399 0.183732 -1.071049
122  0.960908 0.000005 -0.000000  0.008104 0.151778 -0.757245
123  3.466857 -0.077781 -0.920909  -0.494635 0.118976 -1.782892
124  1.497259 -0.000035 -0.000020  -0.547767 0.297040 -0.920235
125  0.793790 -0.000007 0.000003  -0.171156 0.327199 -0.674512
126  0.595082 -0.467152 -0.829176  2.501401 0.581834 -0.713112
127  1.555674 0.000016 -0.000006  0.631202 0.516508 1.162738
128  1.136813 -0.000010 -0.000001  0.578724 0.458684 1.086532
129  3.075974 -0.667968 1.277701  0.471028 0.372373 -1.699283
130  1.064594 0.000022 0.000011  0.046356 -0.129888 -1.043739
131  0.640363 -0.000013 -0.000004  -0.098941 -0.042398 -0.734005
132  3.392409 -0.245369 0.728377  0.011673 0.342685 -2.062706
133  1.532737 -0.000012 -0.000002  0.006045 0.017622 -0.946572
134  0.833156 0.000006 0.000006  -0.083205 -0.065751 -1.173573
135  3.590103 -3.090295 1.193972  1.635457 1.210566 1.548541
136  3.589553 -3.089880 -1.196372  -1.505736 1.210473 -1.592853
137  -0.436567 4.719026 -0.001076  -0.000816 -1.570733 1.692808
138  -0.000000 2.775454 -0.000236  -0.135089 0.000001 -0.000000
139  0.000000 3.189761 0.000008  0.207820 -0.000000 0.000000
140  -0.000001 3.504653 0.000045  -0.261876 0.000000 -0.000000
141  -0.000000 2.863197 -0.000003  -0.051268 0.000000 -0.000000
time 16
0 -39.566074 -39.08934 39.737534 1.570862 0.000000 -0.000000
1  0.002636 43.025146 0.734438  0.035573 -0.899185 -0.002576
2  3.061857 -4.181009 -0.610804  -1.597031 -0.489473 -1.627787
3  18.476776 0.000159 0.000000  0.002529 -0.040268 0.522353
4  17.490086 0.000116 0.000003  0.243507 0.107518 -1.102890
5  -3.065330 -4.183579 -0.611480  -1.663880 0.180735 -1.527728
6  18.474857 -0.000035 -0.000008  -0.000390 0.054389 0.697355
7  17.489584 0.001914 -0.000006  -0.168249 -0.226488 -0.807910
8  -0.000117 -0.048883 -0.576226  1.714793 0.153379 1.695276
9  3.224488 0.767047 0.000496  0.180209 -0.136084 -0.012365
10  3.223913 0.226400 -0.001944  0.128240 -0.073117 0.223389
11  5.187315 -1.262560 -0.001177  0.000012 0.000066 0.194111
12  6.928406 -1.935313 -0.000228  -2.995381 0.047619 0.208003
13  3.236370 1.079613 0.000058  0.205790 0.079899 0.052308
14  0.833768 3.805354 0.692955  -0.040491 0.554885 1.469872
15  0.000037 6.792208 0.000039  0.007990 0.036070 -0.011407
16  -0.000067 7.744811 0.000014  -0.017442 -0.155305 0.068151
17  0.000074 7.809704 0.000017  -0.033636 0.005026 0.006142
18  -0.000022 7.867671 0.000019  -0.073329 -0.127909 0.026376
19  3.494702 -1.749094 -3.006912  0.152546 2.070419 1.936946
20  0.000119 4.478313 0.000019  -0.194659 0.310432 -0.234994
21  0.000047 4.636114 -0.000030  0.035821 0.324593 -0.151767
22  -0.000042 5.008654 0.000013  0.075999 -0.286565 0.276090
23  0.000064 4.781158 0.000010  0.904398 -2.690903 -0.015798
24  2.253042 1.989056 -3.350107  -1.523631 1.324497 0.112400
25  0.000162 6.589460 0.000171  0.206354 -0.002129 -0.080394
26  0.000039 7.491409 0.000043  -0.333513 0.184454 -0.191167
27  0.000028 7.660301 -0.000056  -0.063176 0.127195 -0.062117
28  0.000003 7.256270 0.000019  -0.052939 -0.487829 0.313813
29  -0.791158 2.265118 -1.234655  -0.753900 1.136377 0.824672
30  -0.000257 8.572262 -0.000091  -0.222843 -0.296789 0.176504
31  -0.000094 8.117214 0.000049  0.072256 0.772520 -0.285589
32  -0.000082 8.230034 -0.000072  -0.080491 -0.347232 0.072254
33  0.000061 7.366721 0.000056  -0.015396 -0.663893 0.062743
34  0.224212 0.240124 -3.218158  -0.877383 1.468889 0.577824
35  -0.000100 7.721054 -0.000309  -0.283829 0.060497 -0.167555
36  -0.000028 7.374846 -0.000001  0.007537 -0.195022 0.049539
37  0.000076 6.848103 0.000009  0.005484 0.006496 -0.033649
38  -0.000052 7.777861 0.000009  -0.186096 0.182474 -0.152846
39  -1.514460 2.104650 -1.150167  -0.029092 0.541320 1.555678
40  -0.000164 6.982342 -0.000076  -0.199699 -0.041212 0.153490
41  0.000041 8.382864 -0.000072  0.044865 0.587986 -0.257961
42  0.000013 8.697703 -0.000025  -0.102638 -0.474318 0.290944
43  0.000058 8.921802 -0.000001  -0.076257 0.581004 -0.195605
44  1.196198 2.899154 -2.353086  -0.449719 1.030105 1.287427
45  0.000107 5.476946 0.000006  0.285574 -0.099352 -0.038446
46  -0.000076 6.060436 -0.000089  -0.155021 -0.575032 0.384609
47  0.000020 5.994262 0.000030  0.033941 0.288573 -0.067729
48  -0.000009 6.100486 0.000000  -0.068405 0.299274 -0.162152
49  0.000035 6.916760 0.000009  -0.096318 0.220533 -0.107966
50  0.000150 6.435053 -0.000044  -0.037459 0.171630 -0.116574
51  1.092796 3.649509 -1.738794  -0.148600 0.876612 1.445020
52  -0.000130 6.792206 -0.000103  0.008285 0.107792 -0.048643
53  -0.000090 7.744777 -0.000034  0.057137 -0.256893 0.015458
54  0.000082 9.115025 -0.000038  -0.020393 0.256253 -0.142636
55  3.494519 -1.749104 3.007064  0.118402 1.106974 1.813812
56  0.000014 4.323835 0.000087  -0.229908 -0.770942 0.449223
57  0.000028 4.872896 -0.000020  0.367243 -0.664052 -0.254033
58  0.000004 5.056650 0.000097  -0.511236 0.856586 -0.546323
59  2.292467 1.708612 3.661675  -1.762558 1.789111 -0.218971
60  -0.000173 6.589435 0.000276  -0.007133 -0.169123 0.176909
61  0.000173 7.491493 -0.000156  -0.132414 -0.107097 0.179327
62  -0.000140 8.249660 0.000142  0.041912 -0.058209 0.015814
63  0.000070 8.605236 -0.000030  0.101587 0.501824 -0.079696
64  -0.240481 2.066072 2.349267  -0.357331 2.461714 1.296082
65  -0.000087 7.721104 -0.000003  -0.208230 -0.126223 -0.116495
66  -0.000120 7.374865 -0.000047  -0.111017 0.046939 -0.046464
67  -0.000037 6.848065 -0.000029  0.273532 0.247523 0.299908
68  0.000036 7.777827 -0.000044  0.072921 0.186148 -0.052689
69  -0.000086 8.178048 0.000010  -0.087029 -0.422849 -0.381357
70  1.617610 3.431410 2.399265  -0.249454 2.569515 1.508574
71  -0.000163 5.476948 -0.000029  0.057729 0.074071 0.060286
72  -0.000094 6.060493 -0.000005  -0.015204 0.015650 -0.152065
73  0.000026 5.994255 0.000012  -0.126211 -0.157657 0.153302
74  -0.000081 7.076872 -0.000046  -0.008118 0.010385 0.036400
75  0.000002 7.089868 -0.000068  0.070875 0.098587 -0.025893
76  0.361117 0.886683 3.287745  -0.576374 1.978710 0.939010
77  -0.000066 6.686639 0.000228  -0.146568 0.414164 -0.327708
78  -0.000011 7.638011 0.000012  -0.079524 -0.025947 0.130955
79  -0.000033 7.290229 -0.000020  0.025325 -0.093908 0.023963
80  -0.000037 6.530370 0.000007  -0.261848 -0.300600 0.006735
81  0.000063 7.224883 0.000008  0.036505 0.032481 -0.175824
82  1.071903 3.225796 1.570115  -0.043806 2.859975 1.526249
83  0.000415 6.748902 -0.000067  -0.062702 0.083783 0.022202
84  -0.000047 8.002646 0.000026  -0.067495 -0.117209 -0.115600
85  0.000012 8.580571 -0.000097  0.088212 -0.007187 0.334604
86  0.000167 8.689830 -0.000040  0.065327 -0.412430 -0.134517
87  -1.514528 2.104640 0.318055  -0.024895 3.094490 1.569497
88  0.000195 6.982282 0.000012  -0.107589 -0.057625 -0.215716
89  -0.000009 8.382876 -0.000068  0.135031 -0.099914 0.287072
90  -0.000063 8.697662 0.000023  -0.148090 -0.510101 0.044838
91  -0.000134 8.921824 0.000079  -0.236827 -0.892635 0.098805
92  3.553620 -3.478045 2.409277  0.000820 0.762046 1.535311
93  0.000004 4.476899 -0.000010  -0.151003 -0.588331 0.377259
94  0.000031 4.514118 -0.000023  -0.228866 -2.996199 0.592368
95  0.000046 4.518382 -0.000023  0.143171 2.612778 0.693383
96  0.000022 3.598335 0.000021  -0.749302 0.869852 -0.773232
97  4.209917 -0.440345 1.018823  -1.705484 -2.173666 -0.066572
98  4.265504 1.434229 -0.404992  -0.831685 -0.221685 -0.280331
99  9.400238 0.017941 0.083203  0.097361 -0.051187 -1.708526
100  10.242418 0.033588 0.064479  2.528027 -0.193631 -1.011070
101  3.465858 -0.059678 0.016694  0.004340 -0.140827 -0.669671
102  1.655594 -0.000026 0.000023  -0.004727 -0.073097 -0.075658
103  0.960769 -0.000003 -0.000008  0.079598 0.069826 0.141317
104  3.462030 -0.064248 0.939910  0.359790 -0.262222 -0.629261
105  1.497178 -0.000017 0.000020  -0.487575 0.020392 -0.044737
106  0.793760 0.000003 -0.000002  -0.014025 0.012612 -0.131355
107  0.591664 -0.460689 0.835207  -0.938119 -0.582250 -0.717449
108  1.556140 0.000001 -0.000001  -0.364077 0.096634 0.343638
109  1.135904 0.000018 0.000006  0.091607 -0.031092 0.400478
110  3.084272 -0.668822 -1.257084  -0.724081 0.311506 -0.853422
111  1.064202 -0.000001 0.000008  0.026244 0.089033 -0.397340
112  0.640334 0.000007 -0.000003  -0.089011 -0.031987 -0.244881
113  3.396822 -0.242140 -0.708689  -0.389038 0.072381 -0.747866
114  1.532969 0.000008 0.000007  0.027212 0.011631 -0.316047
115  0.832974 -0.000001 -0.000003  -0.071667 -0.026372 -0.217948
116  4.209939 -0.440343 -1.019280  1.529519 2.167580 -0.215477
117  4.266747 1.424943 0.424937  2.024392 0.058547 -0.873413
118  9.398575 0.011950 -0.082517  -0.003968 0.055363 -0.365291
119  10.242439 0.028175 -0.062907  -1.730704 -0.016543 0.401789
120  3.465746 -0.067527 0.002268  -0.288001 0.248323 -1.902449
121  1.655559 0.000005 0.000005  -0.158015 0.189164 -1.119880
122  0.960908 0.000004 0.000001  0.002435 0.158755 -0.806522
123  3.466854 -0.077782 -0.920909  -0.492852 0.119200 -1.752130
124  1.497258 -0.000034 -0.000023  -0.557905 0.304360 -0.953008
125  0.793789 -0.000008 0.000004  -0.186564 0.345130 -0.701922
126  0.595080 -0.467152 -0.829176  2.510876 0.552993 -0.709075
127  1.555676 0.000016 -0.000003  0.631202 0.516508 1.162738
128  1.136812 -0.000007 -0.000002  0.578724 0.458684 1.086532
129  3.075969 -0.667967 1.277701  0.471028 0.372372 -1.699283
130  1.064593 0.000021 0.000011  0.052877 -0.132917 -1.106837
131  0.640364 -0.000017 -0.000002  -0.095007 -0.047452 -0.811628
132  3.392413 -0.245370 0.728376  0.012868 0.342652 -2.059716
133  1.532738 -0.000011 -0.000000  0.005052 0.018134 -1.010292
134  0.833149 0.000007 0.000006  -0.084423 -0.065260 -1.237152
135  3.590106 -3.090295 1.193972  1.635457 1.210566 1.548541
136  3.589554 -3.089880 -1.196373  -1.505736 1.210473 -1.592853
137  -0.436564 4.719026 -0.001076  -0.000976 -1.570733 1.693056
138  -0.000001 2.775452 -0.000237  -0.135089 0.000001 -0.000000
139  -0.000000 3.189762 0.000008  0.207820 -0.000000 0.000000
140  -0.000000 3.504655 0.000043  -0.261876 -0.000000 -0.000000
141  -0.000000 2.863197 -0.000002  -0.051268 0.000000 -0.000000
time 17
0 -41.891117 -41.688546 40.060417 1.570862 0.000000 -0.000000
1  0.002636 43.025146 0.734438  0.001932 -0.906956 0.041405
2  3.061857 -4.181009 -0.610804  -1.585669 -0.427584 -1.666717
3  18.476778 0.000160 -0.000001  0.002662 -0.037940 0.493905
4  17.490086 0.000117 0.000004  0.243665 0.086403 -1.146780
5  -3.065330 -4.183576 -0.611479  -1.637547 0.059793 -1.565905
6  18.474861 -0.000034 -0.000008  0.005687 0.070915 0.913007
7  17.489584 0.001916 -0.000007  -0.156207 -0.225757 -0.895620
8  -0.000117 -0.048883 -0.576226  1.691536 0.159376 1.677457
9  3.224484 0.767047 0.000497  0.167696 -0.142602 -0.016138
10  3.223915 0.226401 -0.001945  0.119120 -0.074952 0.220470
11  5.187320 -1.262559 -0.001176  0.000012 0.000066 0.194111
12  6.928410 -1.935313 -0.000227  -2.986342 0.027737 0.217951
13  3.236365 1.079612 0.000058  0.256026 0.087508 0.038961
14  0.833768 3.805359 0.692955  -0.040491 0.554885 1.469872
15  0.000040 6.792208 0.000039  0.007990 0.036070 -0.011407
16  -0.000066 7.744814 0.000014  -0.017442 -0.155305 0.068151
17  0.000075 7.809700 0.000018  -0.033636 0.005026 0.006142
18  -0.000028 7.867672 0.000016  -0.073329 -0.127909 0.026376
19  3.494704 -1.749089 -3.006912  0.152546 2.070419 1.936946
20  0.000119 4.478323 0.000021  -0.194659 0.310432 -0.234994
21  0.000047 4.636112 -0.000028  0.035821 0.324593 -0.151767
22  -0.000042 5.008644 0.000013  0.075999 -0.286565 0.276090
23  0.000064 4.781163 0.000010  0.904398 -2.690903 -0.015798
24  2.253039 1.989060 -3.350106  -1.523631 1.324497 0.112400
25  0.000162 6.589464 0.000173  0.206354 -0.002129 -0.080394
26  0.000040 7.491406 0.000039  -0.333512 0.184454 -0.191167
27  0.000025 7.660306 -0.000060  -0.063176 0.127195 -0.062117
28  0.000005 7.256272 0.000020  -0.052939 -0.487829 0.313813
29  -0.791158 2.265123 -1.234655  -0.753900 1.136377 0.824672
30  -0.000258 8.572268 -0.000091  -0.222843 -0.296789 0.176504
31  -0.000092 8.117208 0.000048  0.072256 0.772520 -0.285589
32  -0.000082 8.230034 -0.000073  -0.080491 -0.347232 0.072254
33  0.000062 7.366723 0.000056  -0.015397 -0.663893 0.062743
34  0.224217 0.240130 -3.218158  -0.877383 1.468889 0.577824
35  -0.000100 7.721049 -0.000304  -0.283829 0.060497 -0.167555
36  -0.000030 7.374847 -0.000001  0.007537 -0.195022 0.049539
37  0.000076 6.848106 0.000006  0.005484 0.006496 -0.033649
38  -0.000051 7.777864 0.000009  -0.186096 0.182474 -0.152846
39  -1.514460 2.104656 -1.150167  -0.029092 0.541320 1.555677
40  -0.000167 6.982345 -0.000076  -0.199699 -0.041213 0.153490
41  0.000038 8.382856 -0.000073  0.044865 0.587986 -0.257962
42  0.000012 8.697704 -0.000027  -0.102637 -0.474318 0.290944
43  0.000057 8.921801 -0.000003  -0.076257 0.581004 -0.195605
44  1.196201 2.899160 -2.353086  -0.449720 1.030105 1.287428
45  0.000105 5.476944 0.000006  0.285574 -0.099352 -0.038445
46  -0.000079 6.060446 -0.000090  -0.155021 -0.575032 0.384609
47  0.000023 5.994258 0.000031  0.033941 0.288573 -0.067729
48  -0.000010 6.100486 0.000000  -0.068405 0.299274 -0.162152
49  0.000036 6.916763 0.000011  -0.096318 0.220533 -0.107966
50  0.000150 6.435060 -0.000046  -0.037459 0.171630 -0.116574
51  1.092798 3.649517 -1.738794  -0.148600 0.876612 1.445020
52  -0.000125 6.792203 -0.000102  0.008284 0.107792 -0.048643
53  -0.000089 7.744779 -0.000033  0.057137 -0.256893 0.015458
54  0.000084 9.115026 -0.000040  -0.020393 0.256253 -0.142636
55  3.494520 -1.749098 3.007064  0.118402 1.106974 1.813812
56  0.000015 4.323834 0.000088  -0.229908 -0.770942 0.449223
57  0.000029 4.872896 -0.000020  0.367244 -0.664052 -0.254033
58  0.000006 5.056651 0.000093  -0.511236 0.856586 -0.546323
59  2.292469 1.708619 3.661675  -1.762558 1.789111 -0.218971
60  -0.000173 6.589444 0.000272  -0.007133 -0.169123 0.176909
61  0.000174 7.491498 -0.000146  -0.132414 -0.107097 0.179327
62  -0.000139 8.249659 0.000137  0.041912 -0.058209 0.015814
63  0.000071 8.605231 -0.000024  0.101586 0.501824 -0.079696
64  -0.240480 2.066077 2.349267  -0.357331 2.461714 1.296082
65  -0.000087 7.721108 -0.000002  -0.208230 -0.126223 -0.116495
66  -0.000125 7.374864 -0.000047  -0.111017 0.046939 -0.046464
67  -0.000040 6.848062 -0.000026  0.273532 0.247523 0.299908
68  0.000034 7.777822 -0.000044  0.072921 0.186147 -0.052689
69  -0.000083 8.178057 0.000012  -0.087029 -0.422849 -0.381357
70  1.617605 3.431412 2.399266  -0.249454 2.569515 1.508574
71  -0.000166 5.476946 -0.000028  0.057729 0.074071 0.060286
72  -0.000093 6.060492 -0.000005  -0.015204 0.015650 -0.152065
73  0.000025 5.994248 0.000011  -0.126211 -0.157657 0.153302
74  -0.000079 7.076879 -0.000047  -0.008118 0.010385 0.036400
75  0.000005 7.089871 -0.000070  0.070875 0.098587 -0.025893
76  0.361118 0.886688 3.287746  -0.576374 1.978710 0.939011
77  -0.000066 6.686645 0.000220  -0.146568 0.414164 -0.327708
78  -0.000010 7.638017 0.000014  -0.079524 -0.025948 0.130955
79  -0.000031 7.290231 -0.000022  0.025325 -0.093908 0.023963
80  -0.000033 6.530367 0.000005  -0.261848 -0.300600 0.006735
81  0.000064 7.224882 0.000008  0.036505 0.032481 -0.175824
82  1.071900 3.225800 1.570115  -0.043806 2.859975 1.526249
83  0.000407 6.748895 -0.000067  -0.062702 0.083783 0.022202
84  -0.000045 8.002645 0.000027  -0.067495 -0.117209 -0.115600
85  0.000012 8.580575 -0.000098  0.088212 -0.007187 0.334604
86  0.000172 8.689833 -0.000042  0.065327 -0.412430 -0.134518
87  -1.514531 2.104643 0.318055  -0.024895 3.094490 1.569497
88  0.000192 6.982284 0.000011  -0.107589 -0.057625 -0.215716
89  -0.000008 8.382875 -0.000068  0.135031 -0.099914 0.287072
90  -0.000059 8.697666 0.000024  -0.148090 -0.510101 0.044838
91  -0.000135 8.921824 0.000077  -0.236827 -0.892635 0.098805
92  3.553618 -3.478041 2.409277  0.000820 0.762046 1.535311
93  -0.000001 4.476892 -0.000006  -0.151003 -0.588331 0.377258
94  0.000033 4.514124 -0.000024  -0.228866 -2.996200 0.592368
95  0.000046 4.518382 -0.000023  0.143171 2.612778 0.693383
96  0.000022 3.598333 0.000022  -0.749302 0.869852 -0.773232
97  4.209917 -0.440345 1.018824  -1.707365 -2.169376 -0.064669
98  4.265498 1.434233 -0.404991  -0.841876 -0.194145 -0.291155
99  9.400247 0.017937 0.083200  0.097056 -0.051446 -1.703232
100  10.242421 0.033582 0.064478  2.528027 -0.193631 -1.011071
101  3.465859 -0.059673 0.016693  0.004340 -0.140827 -0.669671
102  1.655594 -0.000023 0.000021  -0.004727 -0.073097 -0.075658
103  0.960768 -0.000008 -0.000007  0.079598 0.069826 0.141317
104  3.462029 -0.064245 0.939909  0.359790 -0.262222 -0.629261
105  1.497178 -0.000005 0.000020  -0.487575 0.020392 -0.044737
106  0.793759 0.000005 -0.000002  -0.014025 0.012612 -0.131355
107  0.591665 -0.460686 0.835207  -0.938119 -0.582250 -0.717449
108  1.556138 -0.000002 -0.000005  -0.364077 0.096634 0.343638
109  1.135905 0.000017 0.000005  0.091607 -0.031092 0.400478
110  3.084270 -0.668814 -1.257085  -0.724081 0.311506 -0.853422
111  1.064202 -0.000002 0.000003  0.026244 0.089033 -0.397340
112  0.640336 0.000005 -0.000012  -0.089011 -0.031987 -0.244881
113  3.396823 -0.242133 -0.708690  -0.389038 0.072381 -0.747866
114  1.532969 0.000012 0.000008  0.027212 0.011631 -0.316047
115  0.832974 -0.000005 -0.000003  -0.071667 -0.026372 -0.217948
116  4.209936 -0.440341 -1.019278  1.564197 2.165541 -0.186797
117  4.266746 1.424935 0.424938  1.943022 0.083978 -0.867602
118  9.398572 0.011950 -0.082517  -0.000866 0.052858 -0.313905
119  10.242437 0.028172 -0.062909  -1.717101 -0.026465 0.384236
120  3.465750 -0.067525 0.002267  -0.287915 0.248388 -1.902166
121  1.655561 0.000004 0.000004  -0.166848 0.193649 -1.163811
122  0.960910 0.000004 -0.000001  -0.003448 0.165404 -0.855019
123  3.466854 -0.077780 -0.920909  -0.491925 0.119246 -1.735237
124  1.497259 -0.000038 -0.000021  -0.566978 0.310422 -0.981667
125  0.793787 -0.000007 -0.000001  -0.200489 0.360407 -0.726205
126  0.595078 -0.467149 -0.829176  2.517112 0.533786 -0.706627
127  1.555680 0.000016 -0.000003  0.631202 0.516508 1.162738
128  1.136812 -0.000010 -0.000002  0.578724 0.458684 1.086532
129  3.075973 -0.667965 1.277701  0.466683 0.374335 -1.708054
130  1.064592 0.000016 0.000008  0.058432 -0.135161 -1.159768
131  0.640367 -0.000016 -0.000005  -0.091550 -0.051380 -0.874585
132  3.392411 -0.245366 0.728376  0.015036 0.342670 -2.053996
133  1.532737 -0.000008 -0.000001  0.004127 0.018538 -1.068616
134  0.833154 0.000007 0.000005  -0.085550 -0.064867 -1.295445
135  3.590112 -3.090294 1.193973  1.635457 1.210566 1.548541
136  3.589562 -3.089880 -1.196372  -1.505736 1.210473 -1.592853
137  -0.436563 4.719027 -0.001075  -0.000628 -1.570733 1.693108
138  0.000000 2.775458 -0.000237  -0.135089 0.000001 -0.000000
139  0.000000 3.189767 0.000008  0.207820 0.000000 0.000000
140  0.000000 3.504653 0.000043  -0.261876 0.000000 -0.000000
141  0.000000 2.863202 -0.000003  -0.051268 0.000000 0.000000
time 18
0 -44.163857 -44.189958 40.414864 1.570862 0.000000 -0.000000
1  0.002636 43.025146 0.734438  -0.012849 -0.913880 0.066512
2  3.061858 -4.181009 -0.610803  -1.561381 -0.363054 -1.691766
3  18.476776 0.000158 -0.000000  0.002723 -0.033391 0.438404
4  17.490084 0.000117 0.000004  0.227640 0.065487 -1.159165
5  -3.065330 -4.183571 -0.611480  -1.605401 -0.070132 -1.601907
6  18.474857 -0.000034 -0.000008  0.012777 0.082684 1.081049
7  17.489584 0.001916 -0.000006  -0.172760 -0.197079 -1.029227
8  -0.000117 -0.048878 -0.576226  1.668426 0.166106 1.672322
9  3.224484 0.767048 0.000495  0.152460 -0.140153 -0.020296
10  3.223907 0.226399 -0.001944  0.109649 -0.070663 0.216993
11  5.187321 -1.262560 -0.001177  0.000012 0.000066 0.194111
12  6.928413 -1.935314 -0.000228  -2.978349 0.003377 0.226879
13  3.236366 1.079611 0.000056  0.290776 0.118035 0.015485
14  0.833759 3.805353 0.692956  -0.040491 0.554885 1.469872
15  0.000040 6.792213 0.000039  0.007990 0.036070 -0.011407
16  -0.000069 7.744818 0.000020  -0.017442 -0.155305 0.068151
17  0.000072 7.809710 0.000016  -0.033636 0.005026 0.006142
18  -0.000025 7.867676 0.000017  -0.073329 -0.127909 0.026376
19  3.494695 -1.749094 -3.006912  0.152546 2.070419 1.936946
20  0.000121 4.478323 0.000019  -0.194659 0.310432 -0.234994
21  0.000047 4.636118 -0.000029  0.035821 0.324593 -0.151767
22  -0.000040 5.008645 0.000012  0.075999 -0.286565 0.276090
23  0.000063 4.781158 0.000011  0.904398 -2.690903 -0.015798
24  2.253042 1.989061 -3.350106  -1.523631 1.324497 0.112400
25  0.000163 6.589469 0.000169  0.206354 -0.002129 -0.080394
26  0.000044 7.491413 0.000037  -0.333513 0.184454 -0.191167
27  0.000024 7.660304 -0.000060  -0.063176 0.127195 -0.062117
28  0.000010 7.256271 0.000019  -0.052939 -0.487829 0.313813
29  -0.791155 2.265122 -1.234655  -0.753900 1.136377 0.824672
30  -0.000256 8.572259 -0.000092  -0.222843 -0.296789 0.176504
31  -0.000095 8.117220 0.000047  0.072256 0.772520 -0.285589
32  -0.000082 8.230030 -0.000067  -0.080491 -0.347232 0.072254
33  0.000059 7.366722 0.000054  -0.015396 -0.663893 0.062743
34  0.224221 0.240130 -3.218157  -0.877383 1.468889 0.577824
35  -0.000101 7.721047 -0.000308  -0.283829 0.060497 -0.167555
36  -0.000031 7.374851 -0.000003  0.007537 -0.195022 0.049539
37  0.000077 6.848105 0.000006  0.005484 0.006496 -0.033649
38  -0.000049 7.777863 0.000011  -0.186096 0.182474 -0.152846
39  -1.514463 2.104651 -1.150167  -0.029092 0.541320 1.555678
40  -0.000169 6.982347 -0.000075  -0.199699 -0.041213 0.153490
41  0.000039 8.382862 -0.000074  0.044865 0.587986 -0.257962
42  0.000012 8.697700 -0.000025  -0.102637 -0.474318 0.290944
43  0.000056 8.921802 -0.000003  -0.076257 0.581004 -0.195605
44  1.196191 2.899154 -2.353086  -0.449720 1.030105 1.287428
45  0.000106 5.476939 0.000006  0.285574 -0.099352 -0.038446
46  -0.000070 6.060435 -0.000085  -0.155021 -0.575032 0.384609
47  0.000018 5.994257 0.000029  0.033941 0.288573 -0.067729
48  -0.000008 6.100485 0.000000  -0.068406 0.299274 -0.162152
49  0.000037 6.916761 0.000011  -0.096318 0.220533 -0.107966
50  0.000149 6.435059 -0.000042  -0.037458 0.171630 -0.116574
51  1.092800 3.649519 -1.738794  -0.148600 0.876612 1.445020
52  -0.000126 6.792198 -0.000099  0.008285 0.107792 -0.048643
53  -0.000087 7.744772 -0.000027  0.057137 -0.256893 0.015458
54  0.000086 9.115020 -0.000038  -0.020393 0.256253 -0.142636
55  3.494517 -1.749104 3.007065  0.118402 1.106974 1.813812
56  0.000016 4.323833 0.000090  -0.229908 -0.770942 0.449223
57  0.000029 4.872895 -0.000023  0.367244 -0.664052 -0.254033
58  0.000005 5.056648 0.000094  -0.511236 0.856586 -0.546323
59  2.292465 1.708614 3.661676  -1.762558 1.789111 -0.218971
60  -0.000172 6.589440 0.000270  -0.007133 -0.169123 0.176909
61  0.000172 7.491494 -0.000151  -0.132414 -0.107097 0.179326
62  -0.000141 8.249657 0.000146  0.041912 -0.058209 0.015814
63  0.000072 8.605238 -0.000030  0.101586 0.501824 -0.079696
64  -0.240485 2.066073 2.349268  -0.357331 2.461714 1.296082
65  -0.000088 7.721106 -0.000003  -0.208230 -0.126223 -0.116495
66  -0.000122 7.374868 -0.000047  -0.111017 0.046939 -0.046464
67  -0.000035 6.848063 -0.000026  0.273532 0.247523 0.299908
68  0.000035 7.777828 -0.000044  0.072921 0.186148 -0.052689
69  -0.000086 8.178051 0.000010  -0.087029 -0.422849 -0.381357
70  1.617606 3.431412 2.399266  -0.249454 2.569515 1.508574
71  -0.000161 5.476947 -0.000029  0.057729 0.074071 0.060286
72  -0.000089 6.060488 -0.000006  -0.015204 0.015650 -0.152065
73  0.000027 5.994246 0.000011  -0.126211 -0.157657 0.153302
74  -0.000078 7.076874 -0.000048  -0.008118 0.010385 0.036400
75  0.000008 7.089870 -0.000068  0.070875 0.098587 -0.025893
76  0.361112 0.886682 3.287746  -0.576374 1.978710 0.939011
77  -0.000067 6.686644 0.000222  -0.146568 0.414164 -0.327708
78  -0.000010 7.638017 0.000012  -0.079524 -0.025948 0.130955
79  -0.000031 7.290226 -0.000023  0.025325 -0.093908 0.023963
80  -0.000033 6.530370 0.000005  -0.261848 -0.300600 0.006735
81  0.000063 7.224882 0.000010  0.036505 0.032481 -0.175824
82  1.071897 3.225797 1.570116  -0.043806 2.859975 1.526249
83  0.000412 6.748898 -0.000067  -0.062702 0.083783 0.022202
84  -0.000046 8.002645 0.000026  -0.067495 -0.117209 -0.115600
85  0.000013 8.580568 -0.000097  0.088212 -0.007187 0.334604
86  0.000169 8.689833 -0.000041  0.065327 -0.412430 -0.134518
87  -1.514529 2.104643 0.318056  -0.024895 3.094490 1.569497
88  0.000194 6.982278 0.000011  -0.107589 -0.057624 -0.215716
89  -0.000009 8.382877 -0.000068  0.135031 -0.099914 0.287072
90  -0.000056 8.697675 0.000024  -0.148090 -0.510101 0.044838
91  -0.000133 8.921821 0.000080  -0.236827 -0.892635 0.098805
92  3.553616 -3.478046 2.409278  0.000820 0.762046 1.535311
93  -0.000001 4.476902 -0.000007  -0.151003 -0.588331 0.377258
94  0.000031 4.514121 -0.000024  -0.228866 -2.996200 0.592368
95  0.000043 4.518384 -0.000022  0.143171 2.612778 0.693383
96  0.000022 3.598330 0.000025  -0.749301 0.869852 -0.773232
97  4.209919 -0.440346 1.018824  -1.709439 -2.164558 -0.062459
98  4.265508 1.434229 -0.404993  -0.853147 -0.161636 -0.315619
99  9.400234 0.017941 0.083202  0.096799 -0.051662 -1.698801
100  10.242417 0.033588 0.064482  2.528027 -0.193631 -1.011070
101  3.465857 -0.059676 0.016693  0.004340 -0.140827 -0.669671
102  1.655595 -0.000021 0.000022  -0.004727 -0.073097 -0.075658
103  0.960769 -0.000007 -0.000006  0.079598 0.069826 0.141317
104  3.462026 -0.064246 0.939908  0.359790 -0.262222 -0.629261
105  1.497177 -0.000007 0.000021  -0.487575 0.020392 -0.044737
106  0.793760 -0.000003 -0.000002  -0.014025 0.012612 -0.131355
107  0.591661 -0.460688 0.835206  -0.938119 -0.582250 -0.717449
108  1.556141 -0.000001 0.000001  -0.364077 0.096634 0.343638
109  1.135905 0.000017 0.000005  0.091607 -0.031092 0.400478
110  3.084268 -0.668818 -1.257084  -0.724081 0.311506 -0.853422
111  1.064202 -0.000002 0.000008  0.026244 0.089033 -0.397340
112  0.640334 0.000006 -0.000009  -0.089011 -0.031987 -0.244881
113  3.396822 -0.242135 -0.708690  -0.389038 0.072381 -0.747866
114  1.532969 0.000007 0.000006  0.027212 0.011631 -0.316047
115  0.832976 -0.000006 -0.000004  -0.071667 -0.026372 -0.217948
116  4.209939 -0.440343 -1.019279  1.607736 2.158312 -0.150316
117  4.266745 1.424943 0.424937  1.850832 0.075804 -0.877335
118  9.398567 0.011950 -0.082516  -0.001915 0.053735 -0.331522
119  10.242441 0.028173 -0.062910  -1.692824 -0.039636 0.398528
120  3.465752 -0.067528 0.002268  -0.287792 0.248419 -1.901504
121  1.655559 -0.000001 0.000005  -0.176015 0.197861 -1.208473
122  0.960907 0.000004 -0.000001  -0.010171 0.172167 -0.906977
123  3.466856 -0.077782 -0.920910  -0.491290 0.119319 -1.724255
124  1.497258 -0.000032 -0.000021  -0.576248 0.316233 -1.010438
125  0.793791 -0.000007 0.000003  -0.214889 0.375361 -0.750857
126  0.595083 -0.467153 -0.829176  2.521734 0.519032 -0.704956
127  1.555677 0.000015 -0.000008  0.631202 0.516508 1.162738
128  1.136810 -0.000008 -0.000002  0.578724 0.458684 1.086532
129  3.075973 -0.667969 1.277701  0.460131 0.377185 -1.721174
130  1.064591 0.000023 0.000012  0.063880 -0.136980 -1.210441
131  0.640364 -0.000017 -0.000002  -0.088092 -0.054820 -0.933152
132  3.392411 -0.245371 0.728376  0.018706 0.342612 -2.044565
133  1.532737 -0.000008 -0.000002  0.003092 0.018919 -1.127907
134  0.833156 0.000007 0.000005  -0.086761 -0.064456 -1.354621
135  3.590108 -3.090295 1.193972  1.635457 1.210566 1.548541
136  3.589555 -3.089880 -1.196372  -1.505736 1.210473 -1.592853
137  -0.436564 4.719026 -0.001076  -0.000649 -1.570733 1.692907
138  -0.000000 2.775449 -0.000236  -0.135089 0.000001 -0.000000
139  0.000001 3.189769 0.000008  0.207820 -0.000000 0.000000
140  -0.000000 3.504649 0.000046  -0.261876 -0.000000 -0.000000
141  0.000000 2.863202 -0.000002  -0.051268 0.000000 -0.000000
time 19
0 -46.443347 -46.629 40.775066 1.570862 0.000000 -0.000000
1  0.002636 43.025146 0.734438  -0.014790 -0.905462 0.074738
2  3.061857 -4.181014 -0.610803  -1.523578 -0.294071 -1.706624
3  18.476776 0.000159 0.000000  0.002485 -0.028230 0.375384
4  17.490086 0.000117 0.000004  0.205145 0.053011 -1.149222
5  -3.065330 -4.183578 -0.611480  -1.576775 -0.196620 -1.616193
6  18.474857 -0.000034 -0.000008  0.017449 0.088486 1.172353
7  17.489584 0.001917 -0.000008  -0.202498 -0.142215 -1.087352
8  -0.000117 -0.048882 -0.576226  1.642269 0.172232 1.667498
9  3.224481 0.767047 0.000496  0.134638 -0.130951 -0.021353
10  3.223913 0.226399 -0.001944  0.099547 -0.061593 0.215323
11  5.187316 -1.262560 -0.001177  0.000012 0.000066 0.194111
12  6.928403 -1.935311 -0.000227  -2.973792 -0.016990 0.233038
13  3.236365 1.079612 0.000056  0.308801 0.149399 -0.003929
14  0.833765 3.805353 0.692955  -0.040491 0.554885 1.469872
15  0.000037 6.792212 0.000040  0.007990 0.036070 -0.011407
16  -0.000064 7.744814 0.000014  -0.017442 -0.155305 0.068151
17  0.000080 7.809708 0.000019  -0.033636 0.005026 0.006142
18  -0.000026 7.867669 0.000015  -0.073329 -0.127909 0.026376
19  3.494701 -1.749094 -3.006912  0.152546 2.070419 1.936946
20  0.000120 4.478325 0.000020  -0.194659 0.310432 -0.234995
21  0.000047 4.636118 -0.000028  0.035821 0.324593 -0.151767
22  -0.000042 5.008652 0.000012  0.075999 -0.286565 0.276090
23  0.000065 4.781154 0.000009  0.904398 -2.690903 -0.015798
24  2.253046 1.989059 -3.350107  -1.523631 1.324497 0.112400
25  0.000160 6.589464 0.000170  0.206354 -0.002129 -0.080394
26  0.000044 7.491410 0.000044  -0.333513 0.184454 -0.191167
27  0.000025 7.660298 -0.000057  -0.063176 0.127195 -0.062117
28  0.000007 7.256267 0.000015  -0.052939 -0.487829 0.313813
29  -0.791160 2.265113 -1.234656  -0.753900 1.136377 0.824672
30  -0.000258 8.572262 -0.000090  -0.222843 -0.296789 0.176504
31  -0.000093 8.117207 0.000049  0.072256 0.772520 -0.285589
32  -0.000082 8.230034 -0.000070  -0.080491 -0.347232 0.072254
33  0.000057 7.366724 0.000055  -0.015397 -0.663893 0.062743
34  0.224219 0.240123 -3.218158  -0.877383 1.468889 0.577824
35  -0.000100 7.721050 -0.000303  -0.283829 0.060497 -0.167555
36  -0.000032 7.374857 -0.000001  0.007537 -0.195022 0.049539
37  0.000077 6.848101 0.000007  0.005484 0.006496 -0.033649
38  -0.000048 7.777869 0.000007  -0.186096 0.182474 -0.152846
39  -1.514462 2.104647 -1.150167  -0.029092 0.541320 1.555677
40  -0.000166 6.982345 -0.000076  -0.199699 -0.041213 0.153490
41  0.000036 8.382867 -0.000074  0.044865 0.587986 -0.257961
42  0.000011 8.697703 -0.000031  -0.102637 -0.474318 0.290944
43  0.000059 8.921803 -0.000002  -0.076257 0.581004 -0.195605
44  1.196199 2.899153 -2.353086  -0.449719 1.030105 1.287427
45  0.000108 5.476944 0.000009  0.285574 -0.099352 -0.038446
46  -0.000077 6.060432 -0.000092  -0.155021 -0.575032 0.384609
47  0.000018 5.994267 0.000030  0.033941 0.288573 -0.067729
48  -0.000007 6.100486 0.000002  -0.068405 0.299274 -0.162152
49  0.000035 6.916759 0.000010  -0.096318 0.220533 -0.107966
50  0.000150 6.435057 -0.000045  -0.037459 0.171630 -0.116574
51  1.092800 3.649510 -1.738794  -0.148600 0.876612 1.445020
52  -0.000124 6.792191 -0.000103  0.008284 0.107792 -0.048643
53  -0.000089 7.744781 -0.000034  0.057137 -0.256893 0.015458
54  0.000082 9.115024 -0.000038  -0.020393 0.256253 -0.142636
55  3.494523 -1.749101 3.007064  0.118402 1.106974 1.813812
56  0.000015 4.323835 0.000088  -0.229908 -0.770942 0.449223
57  0.000029 4.872899 -0.000020  0.367244 -0.664052 -0.254033
58  0.000002 5.056654 0.000093  -0.511236 0.856586 -0.546323
59  2.292470 1.708613 3.661675  -1.762558 1.789111 -0.218971
60  -0.000173 6.589446 0.000275  -0.007133 -0.169123 0.176909
61  0.000172 7.491490 -0.000149  -0.132414 -0.107097 0.179327
62  -0.000139 8.249657 0.000144  0.041912 -0.058209 0.015814
63  0.000075 8.605234 -0.000021  0.101586 0.501824 -0.079696
64  -0.240485 2.066072 2.349267  -0.357331 2.461714 1.296082
65  -0.000093 7.721102 -0.000003  -0.208230 -0.126223 -0.116495
66  -0.000121 7.374866 -0.000047  -0.111017 0.046939 -0.046464
67  -0.000033 6.848066 -0.000027  0.273532 0.247523 0.299908
68  0.000034 7.777823 -0.000044  0.072921 0.186147 -0.052689
69  -0.000086 8.178056 0.000009  -0.087029 -0.422849 -0.381357
70  1.617612 3.431412 2.399265  -0.249454 2.569515 1.508574
71  -0.000164 5.476944 -0.000028  0.057729 0.074071 0.060286
72  -0.000092 6.060492 -0.000007  -0.015204 0.015650 -0.152065
73  0.000025 5.994252 0.000011  -0.126211 -0.157657 0.153302
74  -0.000078 7.076873 -0.000047  -0.008118 0.010385 0.036400
75  0.000004 7.089869 -0.000071  0.070875 0.098587 -0.025893
76  0.361114 0.886681 3.287746  -0.576374 1.978710 0.939011
77  -0.000065 6.686648 0.000216  -0.146568 0.414164 -0.327708
78  -0.000013 7.638016 0.000014  -0.079524 -0.025947 0.130955
79  -0.000035 7.290228 -0.000022  0.025325 -0.093908 0.023963
80  -0.000036 6.530368 0.000007  -0.261848 -0.300600 0.006735
81  0.000065 7.224880 0.000008  0.036505 0.032481 -0.175824
82  1.071896 3.225791 1.570115  -0.043806 2.859975 1.526249
83  0.000414 6.748897 -0.000066  -0.062702 0.083783 0.022202
84  -0.000047 8.002647 0.000027  -0.067495 -0.117209 -0.115600
85  0.000018 8.580578 -0.000098  0.088212 -0.007187 0.334604
86  0.000173 8.689833 -0.000041  0.065327 -0.412430 -0.134517
87  -1.514535 2.104635 0.318055  -0.024895 3.094490 1.569497
88  0.000191 6.982283 0.000012  -0.107589 -0.057624 -0.215716
89  -0.000007 8.382878 -0.000068  0.135031 -0.099914 0.287072
90  -0.000062 8.697665 0.000024  -0.148090 -0.510101 0.044838
91  -0.000137 8.921824 0.000079  -0.236827 -0.892635 0.098805
92  3.553612 -3.478048 2.409277  0.000820 0.762046 1.535311
93  -0.000003 4.476899 -0.000006  -0.151003 -0.588331 0.377258
94  0.000030 4.514123 -0.000024  -0.228866 -2.996200 0.592368
95  0.000044 4.518381 -0.000024  0.143171 2.612778 0.693383
96  0.000020 3.598333 0.000023  -0.749301 0.869852 -0.773232
97  4.209914 -0.440344 1.018823  -1.712345 -2.158226 -0.059489
98  4.265506 1.434227 -0.404992  -0.871865 -0.133597 -0.346949
99  9.400234 0.017939 0.083201  0.096558 -0.051863 -1.694663
100  10.242418 0.033589 0.064484  2.528026 -0.193631 -1.011070
101  3.465857 -0.059675 0.016693  0.004340 -0.140827 -0.669671
102  1.655595 -0.000021 0.000022  -0.004727 -0.073097 -0.075658
103  0.960769 -0.000005 -0.000008  0.079598 0.069826 0.141317
104  3.462028 -0.064245 0.939908  0.359790 -0.262222 -0.629261
105  1.497178 -0.000010 0.000022  -0.487575 0.020392 -0.044737
106  0.793759 0.000002 -0.000001  -0.014025 0.012612 -0.131355
107  0.591665 -0.460691 0.835205  -0.938119 -0.582250 -0.717449
108  1.556138 0.000001 -0.000000  -0.364077 0.096634 0.343638
109  1.135905 0.000018 0.000005  0.091607 -0.031092 0.400478
110  3.084270 -0.668819 -1.257085  -0.724081 0.311506 -0.853422
111  1.064203 -0.000003 0.000003  0.026244 0.089033 -0.397340
112  0.640336 0.000001 -0.000009  -0.089011 -0.031987 -0.244881
113  3.396821 -0.242137 -0.708689  -0.389038 0.072381 -0.747866
114  1.532969 0.000011 0.000007  0.027212 0.011631 -0.316047
115  0.832972 0.000000 -0.000001  -0.071667 -0.026372 -0.217948
116  4.209933 -0.440340 -1.019279  1.655847 2.148672 -0.109465
117  4.266746 1.424936 0.424938  1.765461 0.060910 -0.886405
118  9.398563 0.011949 -0.082516  -0.002894 0.054526 -0.347739
119  10.242437 0.028176 -0.062907  -1.663750 -0.054228 0.402017
120  3.465751 -0.067524 0.002267  -0.287563 0.248430 -1.900547
121  1.655561 0.000001 0.000006  -0.184899 0.201436 -1.250821
122  0.960910 0.000005 -0.000001  -0.017203 0.178528 -0.958629
123  3.466854 -0.077780 -0.920909  -0.491039 0.119279 -1.719774
124  1.497259 -0.000034 -0.000026  -0.584991 0.321424 -1.037308
125  0.793790 -0.000006 -0.000000  -0.228702 0.388980 -0.774180
126  0.595080 -0.467150 -0.829176  2.524683 0.509579 -0.703878
127  1.555678 0.000015 -0.000008  0.631202 0.516508 1.162738
128  1.136811 -0.000009 -0.000001  0.578724 0.458684 1.086532
129  3.075978 -0.667966 1.277701  0.451894 0.380568 -1.737486
130  1.064594 0.000018 0.000012  0.068781 -0.138426 -1.255296
131  0.640357 -0.000016 -0.000002  -0.085008 -0.057596 -0.983524
132  3.392416 -0.245367 0.728376  0.023546 0.342550 -2.032159
133  1.532737 -0.000006 -0.000001  0.002126 0.019190 -1.183913
134  0.833153 0.000008 0.000005  -0.087929 -0.064180 -1.410571
135  3.590110 -3.090295 1.193972  1.635457 1.210566 1.548541
136  3.589558 -3.089880 -1.196373  -1.505736 1.210473 -1.592853
137  -0.436566 4.719026 -0.001076  -0.000473 -1.570733 1.692932
138  0.000000 2.775451 -0.000236  -0.135089 0.000001 -0.000000
139  0.000000 3.189770 0.000008  0.207820 0.000000 0.000000
140  -0.000000 3.504651 0.000046  -0.261876 0.000000 -0.000000
141  0.000000 2.863201 -0.000003  -0.051268 0.000000 -0.000000
time 20
0 -48.720061 -49.030776 41.072845 1.570862 0.000000 -0.000000
1  0.002636 43.025146 0.734438  -0.011804 -0.883594 0.075063
2  3.061857 -4.181010 -0.610803  -1.487725 -0.221670 -1.714277
3  18.476774 0.000159 -0.000001  0.001885 -0.022827 0.309082
4  17.490084 0.000117 0.000003  0.193202 0.050230 -1.127712
5  -3.065330 -4.183578 -0.611480  -1.591684 -0.313362 -1.604011
6  18.474857 -0.000033 -0.000008  0.018971 0.090165 1.200123
7  17.489582 0.001918 -0.000007  -0.173723 -0.077549 -1.158761
8  -0.000117 -0.048885 -0.576226  1.613223 0.176328 1.660351
9  3.224477 0.767047 0.000495  0.115558 -0.117701 -0.018261
10  3.223904 0.226399 -0.001945  0.089240 -0.049809 0.216443
11  5.187316 -1.262560 -0.001177  0.000012 0.000066 0.194111
12  6.928412 -1.935313 -0.000227  -2.971276 -0.033776 0.234215
13  3.236364 1.079618 0.000056  0.319487 0.180149 -0.012814
14  0.833758 3.805350 0.692956  -0.040491 0.554885 1.469872
15  0.000042 6.792210 0.000038  0.007990 0.036070 -0.011407
16  -0.000066 7.744816 0.000013  -0.017442 -0.155305 0.068151
17  0.000076 7.809703 0.000016  -0.033636 0.005026 0.006142
18  -0.000025 7.867675 0.000017  -0.073329 -0.127909 0.026376
19  3.494700 -1.749094 -3.006912  0.152546 2.070419 1.936946
20  0.000119 4.478316 0.000021  -0.194659 0.310432 -0.234994
21  0.000049 4.636110 -0.000029  0.035821 0.324593 -0.151767
22  -0.000042 5.008650 0.000013  0.075999 -0.286565 0.276090
23  0.000064 4.781167 0.000009  0.904398 -2.690903 -0.015798
24  2.253039 1.989056 -3.350106  -1.523631 1.324497 0.112400
25  0.000160 6.589468 0.000170  0.206354 -0.002129 -0.080394
26  0.000040 7.491409 0.000044  -0.333513 0.184454 -0.191167
27  0.000029 7.660306 -0.000055  -0.063176 0.127195 -0.062117
28  0.000006 7.256269 0.000016  -0.052939 -0.487829 0.313813
29  -0.791161 2.265118 -1.234655  -0.753900 1.136377 0.824672
30  -0.000256 8.572263 -0.000087  -0.222843 -0.296789 0.176504
31  -0.000093 8.117211 0.000050  0.072256 0.772520 -0.285589
32  -0.000082 8.230036 -0.000073  -0.080491 -0.347232 0.072254
33  0.000059 7.366724 0.000058  -0.015397 -0.663893 0.062743
34  0.224214 0.240126 -3.218158  -0.877384 1.468889 0.577824
35  -0.000101 7.721049 -0.000301  -0.283829 0.060497 -0.167555
36  -0.000028 7.374850 0.000000  0.007537 -0.195022 0.049539
37  0.000076 6.848103 0.000007  0.005484 0.006496 -0.033649
38  -0.000050 7.777859 0.000005  -0.186096 0.182474 -0.152846
39  -1.514468 2.104648 -1.150167  -0.029092 0.541320 1.555677
40  -0.000166 6.982350 -0.000075  -0.199699 -0.041212 0.153490
41  0.000036 8.382866 -0.000074  0.044865 0.587986 -0.257961
42  0.000011 8.697700 -0.000029  -0.102637 -0.474318 0.290944
43  0.000055 8.921801 -0.000001  -0.076257 0.581004 -0.195605
44  1.196186 2.899154 -2.353086  -0.449719 1.030105 1.287428
45  0.000108 5.476946 0.000007  0.285574 -0.099352 -0.038446
46  -0.000075 6.060442 -0.000091  -0.155021 -0.575032 0.384609
47  0.000021 5.994261 0.000028  0.033941 0.288574 -0.067729
48  -0.000008 6.100483 0.000001  -0.068405 0.299274 -0.162152
49  0.000034 6.916755 0.000010  -0.096318 0.220533 -0.107966
50  0.000147 6.435057 -0.000041  -0.037458 0.171630 -0.116574
51  1.092790 3.649513 -1.738794  -0.148600 0.876612 1.445020
52  -0.000123 6.792210 -0.000103  0.008285 0.107792 -0.048643
53  -0.000086 7.744779 -0.000031  0.057137 -0.256893 0.015458
54  0.000083 9.115019 -0.000036  -0.020393 0.256253 -0.142636
55  3.494517 -1.749103 3.007064  0.118402 1.106974 1.813812
56  0.000015 4.323829 0.000084  -0.229908 -0.770942 0.449223
57  0.000028 4.872900 -0.000022  0.367244 -0.664052 -0.254033
58  0.000006 5.056653 0.000090  -0.511236 0.856586 -0.546323
59  2.292457 1.708609 3.661676  -1.762558 1.789111 -0.218971
60  -0.000172 6.589440 0.000269  -0.007133 -0.169123 0.176909
61  0.000175 7.491499 -0.000154  -0.132414 -0.107097 0.179327
62  -0.000137 8.249655 0.000142  0.041912 -0.058209 0.015814
63  0.000072 8.605232 -0.000025  0.101586 0.501824 -0.079696
64  -0.240484 2.066074 2.349267  -0.357331 2.461714 1.296082
65  -0.000088 7.721109 -0.000005  -0.208230 -0.126223 -0.116495
66  -0.000123 7.374871 -0.000047  -0.111017 0.046939 -0.046464
67  -0.000035 6.848071 -0.000025  0.273532 0.247523 0.299908
68  0.000033 7.777825 -0.000044  0.072921 0.186148 -0.052689
69  -0.000089 8.178053 0.000011  -0.087029 -0.422849 -0.381357
70  1.617603 3.431413 2.399266  -0.249454 2.569515 1.508574
71  -0.000164 5.476944 -0.000027  0.057729 0.074071 0.060286
72  -0.000092 6.060489 -0.000007  -0.015204 0.015650 -0.152065
73  0.000025 5.994248 0.000011  -0.126211 -0.157657 0.153302
74  -0.000075 7.076869 -0.000047  -0.008118 0.010385 0.036400
75  0.000001 7.089867 -0.000068  0.070875 0.098587 -0.025893
76  0.361113 0.886681 3.287746  -0.576374 1.978710 0.939011
77  -0.000071 6.686637 0.000225  -0.146568 0.414164 -0.327708
78  -0.000011 7.638017 0.000015  -0.079524 -0.025948 0.130955
79  -0.000034 7.290224 -0.000020  0.025325 -0.093908 0.023963
80  -0.000031 6.530371 0.000005  -0.261848 -0.300600 0.006735
81  0.000063 7.224876 0.000011  0.036505 0.032481 -0.175824
82  1.071890 3.225792 1.570115  -0.043806 2.859975 1.526249
83  0.000416 6.748900 -0.000066  -0.062702 0.083783 0.022202
84  -0.000046 8.002649 0.000026  -0.067495 -0.117209 -0.115600
85  0.000014 8.580578 -0.000097  0.088212 -0.007187 0.334604
86  0.000173 8.689831 -0.000041  0.065327 -0.412430 -0.134517
87  -1.514540 2.104635 0.318056  -0.024895 3.094490 1.569497
88  0.000190 6.982276 0.000011  -0.107589 -0.057624 -0.215716
89  -0.000010 8.382872 -0.000067  0.135031 -0.099914 0.287072
90  -0.000066 8.697668 0.000023  -0.148090 -0.510101 0.044838
91  -0.000139 8.921821 0.000082  -0.236827 -0.892635 0.098805
92  3.553613 -3.478046 2.409278  0.000820 0.762046 1.535311
93  0.000000 4.476901 -0.000010  -0.151003 -0.588331 0.377259
94  0.000030 4.514119 -0.000023  -0.228866 -2.996200 0.592368
95  0.000044 4.518381 -0.000022  0.143171 2.612778 0.693383
96  0.000025 3.598329 0.000023  -0.749301 0.869852 -0.773232
97  4.209921 -0.440345 1.018824  -1.716209 -2.149864 -0.055454
98  4.265506 1.434225 -0.404992  -0.895528 -0.113626 -0.387482
99  9.400226 0.017941 0.083202  0.096301 -0.052076 -1.690253
100  10.242419 0.033594 0.064478  2.528027 -0.193631 -1.011070
101  3.465853 -0.059683 0.016693  0.004340 -0.140827 -0.669671
102  1.655595 -0.000025 0.000021  -0.004727 -0.073097 -0.075658
103  0.960768 -0.000001 -0.000007  0.079598 0.069826 0.141317
104  3.462029 -0.064248 0.939909  0.359790 -0.262222 -0.629261
105  1.497178 -0.000005 0.000018  -0.487575 0.020392 -0.044737
106  0.793760 0.000007 -0.000001  -0.014025 0.012612 -0.131355
107  0.591664 -0.460698 0.835206  -0.938119 -0.582250 -0.717449
108  1.556140 -0.000002 -0.000005  -0.364077 0.096634 0.343638
109  1.135905 0.000019 0.000006  0.091607 -0.031092 0.400478
110  3.084270 -0.668826 -1.257085  -0.724081 0.311506 -0.853422
111  1.064202 -0.000003 0.000010  0.026244 0.089033 -0.397340
112  0.640338 0.000006 -0.000006  -0.089011 -0.031987 -0.244881
113  3.396825 -0.242141 -0.708691  -0.389038 0.072381 -0.747866
114  1.532969 0.000004 0.000008  0.027212 0.011631 -0.316047
115  0.832973 0.000005 -0.000003  -0.071667 -0.026372 -0.217948
116  4.209944 -0.440342 -1.019279  1.703844 2.139034 -0.067967
117  4.266741 1.424950 0.424939  1.704075 0.047061 -0.890093
118  9.398563 0.011950 -0.082518  -0.003220 0.054783 -0.353089
119  10.242438 0.028176 -0.062909  -1.648412 -0.061478 0.389228
120  3.465746 -0.067526 0.002267  -0.287318 0.248492 -1.899224
121  1.655559 0.000005 0.000005  -0.192649 0.204233 -1.287513
122  0.960905 0.000005 0.000001  -0.023958 0.184095 -1.006404
123  3.466852 -0.077780 -0.920910  -0.491159 0.119292 -1.722356
124  1.497260 -0.000034 -0.000023  -0.592585 0.325686 -1.060249
125  0.793789 -0.000008 -0.000002  -0.240807 0.400328 -0.794198
126  0.595078 -0.467150 -0.829177  2.525650 0.506305 -0.703594
127  1.555679 0.000016 -0.000007  0.631202 0.516508 1.162738
128  1.136812 -0.000011 -0.000002  0.578724 0.458684 1.086532
129  3.075972 -0.667966 1.277700  0.442521 0.384286 -1.756109
130  1.064593 0.000023 0.000008  0.072713 -0.139404 -1.291103
131  0.640362 -0.000014 -0.000004  -0.082554 -0.059563 -1.021749
132  3.392415 -0.245369 0.728375  0.029165 0.342372 -2.017592
133  1.532737 -0.000008 -0.000001  0.001329 0.019384 -1.232579
134  0.833151 0.000007 0.000006  -0.088956 -0.064032 -1.459159
135  3.590106 -3.090294 1.193972  1.635457 1.210566 1.548541
136  3.589555 -3.089880 -1.196373  -1.505736 1.210473 -1.592853
137  -0.436563 4.719026 -0.001076  -0.000472 -1.570733 1.692966
138  -0.000000 2.775458 -0.000236  -0.135089 0.000001 -0.000000
139  -0.000000 3.189772 0.000008  0.207820 -0.000000 0.000000
140  -0.000001 3.504654 0.000044  -0.261876 0.000000 -0.000000
141  0.000000 2.863201 -0.000002  -0.051268 -0.000000 -0.000000
time 21
0 -50.998493 -51.400839 41.253273 1.570862 0.000000 -0.000000
1  0.002636 43.025146 0.734438  -0.006178 -0.850980 0.071211
2  3.061857 -4.181016 -0.610803  -1.455423 -0.182645 -1.722742
3  18.476776 0.000158 -0.000001  0.001996 -0.023614 0.318779
4  17.490088 0.000117 0.000004  0.189349 0.054163 -1.138007
5  -3.065330 -4.183575 -0.611480  -1.659856 -0.418482 -1.564039
6  18.474859 -0.000034 -0.000008  0.017454 0.088484 1.172426
7  17.489584 0.001916 -0.000006  -0.092491 0.002488 -1.238071
8  -0.000117 -0.048881 -0.576226  1.582607 0.178342 1.650507
9  3.224480 0.767047 0.000496  0.096050 -0.102034 -0.011800
10  3.223912 0.226399 -0.001944  0.078842 -0.036556 0.219827
11  5.187320 -1.262560 -0.001177  0.000012 0.000066 0.194111
12  6.928404 -1.935313 -0.000228  -2.969733 -0.046535 0.230604
13  3.236369 1.079614 0.000056  0.325175 0.209247 -0.011296
14  0.833767 3.805351 0.692956  -0.040491 0.554885 1.469872
15  0.000036 6.792208 0.000039  0.007990 0.036070 -0.011407
16  -0.000068 7.744812 0.000013  -0.017442 -0.155305 0.068151
17  0.000075 7.809703 0.000018  -0.033636 0.005026 0.006142
18  -0.000021 7.867671 0.000018  -0.073329 -0.127909 0.026376
19  3.494705 -1.749094 -3.006912  0.152546 2.070419 1.936946
20  0.000120 4.478319 0.000020  -0.194659 0.310432 -0.234994
21  0.000048 4.636116 -0.000028  0.035821 0.324593 -0.151767
22  -0.000042 5.008657 0.000012  0.075999 -0.286565 0.276090
23  0.000064 4.781163 0.000010  0.904398 -2.690903 -0.015798
24  2.253052 1.989060 -3.350106  -1.523631 1.324497 0.112400
25  0.000162 6.589466 0.000168  0.206354 -0.002129 -0.080394
26  0.000041 7.491416 0.000043  -0.333513 0.184454 -0.191167
27  0.000028 7.660302 -0.000056  -0.063176 0.127195 -0.062117
28  0.000006 7.256272 0.000019  -0.052939 -0.487829 0.313813
29  -0.791148 2.265122 -1.234655  -0.753900 1.136377 0.824672
30  -0.000256 8.572253 -0.000089  -0.222843 -0.296789 0.176504
31  -0.000094 8.117208 0.000048  0.072256 0.772520 -0.285589
32  -0.000080 8.230028 -0.000071  -0.080491 -0.347232 0.072254
33  0.000059 7.366724 0.000056  -0.015397 -0.663893 0.062743
34  0.224228 0.240128 -3.218158  -0.877383 1.468889 0.577824
35  -0.000103 7.721056 -0.000314  -0.283829 0.060497 -0.167555
36  -0.000031 7.374853 -0.000004  0.007537 -0.195022 0.049539
37  0.000074 6.848104 0.000007  0.005484 0.006496 -0.033649
38  -0.000050 7.777862 0.000006  -0.186096 0.182474 -0.152846
39  -1.514455 2.104652 -1.150167  -0.029092 0.541320 1.555677
40  -0.000169 6.982349 -0.000074  -0.199699 -0.041213 0.153490
41  0.000036 8.382869 -0.000073  0.044865 0.587986 -0.257961
42  0.000013 8.697697 -0.000025  -0.102638 -0.474318 0.290944
43  0.000058 8.921807 -0.000002  -0.076257 0.581004 -0.195605
44  1.196205 2.899158 -2.353086  -0.449719 1.030105 1.287428
45  0.000105 5.476940 0.000011  0.285574 -0.099352 -0.038446
46  -0.000075 6.060440 -0.000089  -0.155021 -0.575032 0.384609
47  0.000018 5.994261 0.000029  0.033941 0.288573 -0.067729
48  -0.000010 6.100486 0.000003  -0.068405 0.299274 -0.162152
49  0.000038 6.916757 0.000009  -0.096318 0.220533 -0.107966
50  0.000149 6.435058 -0.000044  -0.037459 0.171630 -0.116574
51  1.092801 3.649512 -1.738794  -0.148600 0.876612 1.445020
52  -0.000128 6.792204 -0.000103  0.008284 0.107792 -0.048643
53  -0.000086 7.744778 -0.000029  0.057137 -0.256893 0.015458
54  0.000080 9.115026 -0.000036  -0.020393 0.256253 -0.142636
55  3.494525 -1.749103 3.007064  0.118402 1.106974 1.813812
56  0.000013 4.323840 0.000084  -0.229908 -0.770942 0.449223
57  0.000029 4.872892 -0.000022  0.367244 -0.664052 -0.254033
58  0.000005 5.056655 0.000093  -0.511236 0.856586 -0.546323
59  2.292475 1.708616 3.661676  -1.762558 1.789111 -0.218971
60  -0.000174 6.589435 0.000279  -0.007133 -0.169122 0.176909
61  0.000175 7.491494 -0.000151  -0.132414 -0.107097 0.179327
62  -0.000141 8.249659 0.000147  0.041912 -0.058209 0.015814
63  0.000072 8.605234 -0.000025  0.101586 0.501824 -0.079696
64  -0.240477 2.066074 2.349267  -0.357331 2.461714 1.296082
65  -0.000091 7.721099 -0.000002  -0.208230 -0.126223 -0.116495
66  -0.000122 7.374868 -0.000047  -0.111017 0.046939 -0.046464
67  -0.000033 6.848063 -0.000026  0.273532 0.247523 0.299908
68  0.000032 7.777825 -0.000043  0.072921 0.186148 -0.052689
69  -0.000087 8.178057 0.000010  -0.087029 -0.422849 -0.381357
70  1.617611 3.431409 2.399266  -0.249454 2.569515 1.508574
71  -0.000160 5.476943 -0.000027  0.057729 0.074071 0.060286
72  -0.000095 6.060491 -0.000006  -0.015204 0.015650 -0.152065
73  0.000028 5.994253 0.000012  -0.126211 -0.157657 0.153302
74  -0.000075 7.076871 -0.000045  -0.008118 0.010385 0.036400
75  -0.000001 7.089867 -0.000069  0.070875 0.098587 -0.025893
76  0.361122 0.886686 3.287746  -0.576374 1.978710 0.939011
77  -0.000066 6.686641 0.000221  -0.146568 0.414164 -0.327708
78  -0.000008 7.638021 0.000013  -0.079524 -0.025948 0.130955
79  -0.000030 7.290230 -0.000021  0.025325 -0.093908 0.023963
80  -0.000031 6.530369 0.000004  -0.261848 -0.300600 0.006735
81  0.000064 7.224882 0.000009  0.036505 0.032481 -0.175824
82  1.071908 3.225799 1.570115  -0.043806 2.859975 1.526249
83  0.000407 6.748898 -0.000066  -0.062702 0.083783 0.022202
84  -0.000048 8.002647 0.000027  -0.067495 -0.117209 -0.115600
85  0.000014 8.580573 -0.000098  0.088212 -0.007187 0.334604
86  0.000171 8.689835 -0.000041  0.065327 -0.412430 -0.134518
87  -1.514526 2.104640 0.318056  -0.024895 3.094490 1.569497
88  0.000191 6.982280 0.000012  -0.107589 -0.057625 -0.215716
89  -0.000010 8.382877 -0.000067  0.135031 -0.099914 0.287072
90  -0.000059 8.697666 0.000024  -0.148090 -0.510101 0.044838
91  -0.000132 8.921823 0.000075  -0.236827 -0.892635 0.098805
92  3.553628 -3.478044 2.409277  0.000820 0.762046 1.535311
93  0.000002 4.476896 -0.000010  -0.151003 -0.588331 0.377258
94  0.000033 4.514122 -0.000022  -0.228866 -2.996200 0.592368
95  0.000041 4.518381 -0.000025  0.143171 2.612778 0.693383
96  0.000021 3.598335 0.000025  -0.749302 0.869852 -0.773232
97  4.209918 -0.440345 1.018823  -1.720904 -2.140212 -0.050580
98  4.265502 1.434236 -0.404993  -0.923066 -0.101361 -0.434260
99  9.400228 0.017941 0.083200  0.096038 -0.052291 -1.685763
100  10.242420 0.033591 0.064481  2.528026 -0.193631 -1.011070
101  3.465851 -0.059680 0.016693  0.004340 -0.140827 -0.669671
102  1.655594 -0.000021 0.000021  -0.004727 -0.073097 -0.075658
103  0.960769 -0.000012 -0.000006  0.079598 0.069826 0.141317
104  3.462021 -0.064247 0.939909  0.359790 -0.262222 -0.629261
105  1.497178 -0.000007 0.000020  -0.487575 0.020392 -0.044737
106  0.793761 0.000010 -0.000002  -0.014025 0.012612 -0.131355
107  0.591658 -0.460692 0.835206  -0.938119 -0.582250 -0.717449
108  1.556141 -0.000001 -0.000002  -0.364077 0.096634 0.343638
109  1.135903 0.000019 -0.000003  0.091607 -0.031092 0.400478
110  3.084267 -0.668820 -1.257085  -0.724081 0.311506 -0.853422
111  1.064203 -0.000002 0.000003  0.026244 0.089033 -0.397340
112  0.640340 0.000007 -0.000010  -0.089011 -0.031987 -0.244881
113  3.396817 -0.242140 -0.708689  -0.389038 0.072381 -0.747866
114  1.532969 0.000008 0.000009  0.027212 0.011631 -0.316047
115  0.832977 -0.000004 -0.000000  -0.071667 -0.026372 -0.217948
116  4.209935 -0.440342 -1.019279  1.754494 2.127934 -0.023367
117  4.266744 1.424944 0.424937  1.677387 0.027010 -0.894483
118  9.398562 0.011950 -0.082517  -0.003490 0.054994 -0.357507
119  10.242436 0.028175 -0.062906  -1.661398 -0.056373 0.362857
120  3.465749 -0.067526 0.002267  -0.287124 0.248494 -1.898458
121  1.655560 0.000006 0.000004  -0.199786 0.206536 -1.320618
122  0.960906 0.000005 -0.000000  -0.030977 0.189293 -1.054296
123  3.466853 -0.077780 -0.920909  -0.491992 0.119240 -1.736970
124  1.497259 -0.000033 -0.000020  -0.599211 0.329150 -1.079930
125  0.793788 -0.000008 -0.000001  -0.251357 0.409885 -0.811591
126  0.595078 -0.467150 -0.829176  2.523962 0.511821 -0.704198
127  1.555678 0.000014 -0.000002  0.631202 0.516508 1.162738
128  1.136811 -0.000007 -0.000002  0.578724 0.458684 1.086532
129  3.075977 -0.667966 1.277701  0.429079 0.389292 -1.782545
130  1.064593 0.000018 0.000009  0.075685 -0.140024 -1.318289
131  0.640362 -0.000014 -0.000003  -0.080875 -0.060858 -1.047247
132  3.392415 -0.245368 0.728376  0.036075 0.342080 -1.999758
133  1.532736 -0.000007 -0.000001  0.000497 0.019532 -1.277215
134  0.833148 0.000008 0.000005  -0.089870 -0.063882 -1.503670
135  3.590114 -3.090295 1.193972  1.635457 1.210566 1.548541
136  3.589558 -3.089880 -1.196372  -1.505736 1.210473 -1.592853
137  -0.436561 4.719026 -0.001076  -0.000531 -1.570733 1.693079
138  0.000001 2.775450 -0.000235  -0.135089 0.000001 -0.000000
139  -0.000000 3.189767 0.000008  0.207820 -0.000000 0.000000
140  -0.000000 3.504654 0.000044  -0.261876 0.000000 -0.000000
141  -0.000000 2.863199 -0.000003  -0.051268 -0.000000 -0.000000
time 22
0 -53.240555 -53.7707 41.364006 1.570862 0.000000 -0.000000
1  0.002636 43.025146 0.734438  0.006368 -0.814485 0.064034
2  3.061858 -4.181017 -0.610803  -1.419087 -0.133169 -1.725002
3  18.476774 0.000159 -0.000001  0.001727 -0.021767 0.296019
4  17.490088 0.000116 0.000004  0.189330 0.054915 -1.120511
5  -3.065329 -4.183576 -0.611480  -1.729668 -0.506635 -1.526857
6  18.474855 -0.000035 -0.000007  0.012672 0.082492 1.078590
7  17.489586 0.001915 -0.000007  -0.019702 0.060111 -1.264327
8  -0.000117 -0.048885 -0.576226  1.552183 0.180086 1.637481
9  3.224483 0.767047 0.000496  0.077252 -0.085712 -0.005745
10  3.223913 0.226400 -0.001944  0.068947 -0.023158 0.223138
11  5.187322 -1.262560 -0.001177  0.000012 0.000066 0.194111
12  6.928410 -1.935312 -0.000227  -2.967715 -0.053647 0.224613
13  3.236365 1.079608 0.000057  0.330166 0.232437 -0.001442
14  0.833767 3.805352 0.692955  -0.040491 0.554885 1.469872
15  0.000041 6.792211 0.000039  0.007990 0.036070 -0.011407
16  -0.000060 7.744812 0.000015  -0.017442 -0.155305 0.068151
17  0.000075 7.809704 0.000019  -0.033636 0.005026 0.006142
18  -0.000028 7.867675 0.000016  -0.073329 -0.127909 0.026376
19  3.494706 -1.749093 -3.006912  0.152546 2.070419 1.936946
20  0.000120 4.478322 0.000016  -0.194659 0.310432 -0.234994
21  0.000048 4.636116 -0.000028  0.035821 0.324593 -0.151767
22  -0.000044 5.008650 0.000011  0.075999 -0.286565 0.276090
23  0.000063 4.781161 0.000011  0.904398 -2.690903 -0.015798
24  2.253046 1.989058 -3.350106  -1.523631 1.324497 0.112400
25  0.000161 6.589463 0.000171  0.206354 -0.002129 -0.080394
26  0.000043 7.491410 0.000045  -0.333513 0.184454 -0.191167
27  0.000030 7.660299 -0.000056  -0.063176 0.127195 -0.062117
28  0.000008 7.256267 0.000021  -0.052939 -0.487829 0.313813
29  -0.791149 2.265121 -1.234656  -0.753900 1.136377 0.824672
30  -0.000256 8.572262 -0.000087  -0.222843 -0.296789 0.176504
31  -0.000094 8.117210 0.000047  0.072256 0.772520 -0.285589
32  -0.000082 8.230036 -0.000072  -0.080491 -0.347232 0.072254
33  0.000062 7.366720 0.000056  -0.015397 -0.663893 0.062743
34  0.224226 0.240127 -3.218158  -0.877383 1.468889 0.577824
35  -0.000102 7.721058 -0.000310  -0.283829 0.060497 -0.167555
36  -0.000032 7.374854 -0.000004  0.007537 -0.195022 0.049539
37  0.000076 6.848101 0.000006  0.005484 0.006496 -0.033649
38  -0.000049 7.777865 0.000008  -0.186096 0.182474 -0.152846
39  -1.514460 2.104649 -1.150167  -0.029092 0.541320 1.555677
40  -0.000167 6.982345 -0.000075  -0.199699 -0.041213 0.153490
41  0.000039 8.382859 -0.000074  0.044865 0.587986 -0.257962
42  0.000012 8.697702 -0.000028  -0.102637 -0.474318 0.290944
43  0.000054 8.921807 -0.000002  -0.076257 0.581005 -0.195605
44  1.196196 2.899153 -2.353086  -0.449719 1.030105 1.287428
45  0.000105 5.476941 0.000010  0.285574 -0.099352 -0.038446
46  -0.000077 6.060435 -0.000092  -0.155021 -0.575032 0.384609
47  0.000021 5.994264 0.000030  0.033941 0.288573 -0.067729
48  -0.000008 6.100483 0.000001  -0.068405 0.299274 -0.162152
49  0.000035 6.916759 0.000012  -0.096318 0.220533 -0.107966
50  0.000150 6.435059 -0.000045  -0.037459 0.171630 -0.116574
51  1.092798 3.649511 -1.738794  -0.148600 0.876612 1.445020
52  -0.000129 6.792207 -0.000103  0.008284 0.107792 -0.048643
53  -0.000087 7.744774 -0.000026  0.057137 -0.256893 0.015458
54  0.000083 9.115020 -0.000037  -0.020393 0.256253 -0.142636
55  3.494529 -1.749099 3.007064  0.118402 1.106974 1.813812
56  0.000013 4.323839 0.000085  -0.229908 -0.770942 0.449223
57  0.000029 4.872898 -0.000020  0.367244 -0.664052 -0.254033
58  0.000004 5.056655 0.000091  -0.511236 0.856586 -0.546323
59  2.292476 1.708616 3.661675  -1.762558 1.789111 -0.218971
60  -0.000174 6.589436 0.000277  -0.007133 -0.169123 0.176909
61  0.000172 7.491494 -0.000150  -0.132414 -0.107097 0.179327
62  -0.000140 8.249659 0.000145  0.041912 -0.058209 0.015814
63  0.000071 8.605236 -0.000028  0.101586 0.501824 -0.079696
64  -0.240481 2.066072 2.349267  -0.357331 2.461714 1.296082
65  -0.000086 7.721107 -0.000003  -0.208230 -0.126223 -0.116495
66  -0.000125 7.374864 -0.000047  -0.111017 0.046939 -0.046464
67  -0.000035 6.848063 -0.000027  0.273532 0.247523 0.299908
68  0.000035 7.777822 -0.000043  0.072921 0.186148 -0.052689
69  -0.000086 8.178049 0.000011  -0.087029 -0.422849 -0.381357
70  1.617615 3.431412 2.399265  -0.249454 2.569515 1.508574
71  -0.000169 5.476940 -0.000029  0.057729 0.074071 0.060286
72  -0.000091 6.060491 -0.000006  -0.015204 0.015650 -0.152065
73  0.000026 5.994255 0.000011  -0.126211 -0.157657 0.153302
74  -0.000082 7.076878 -0.000046  -0.008118 0.010385 0.036400
75  0.000003 7.089869 -0.000069  0.070875 0.098587 -0.025893
76  0.361118 0.886679 3.287746  -0.576374 1.978710 0.939011
77  -0.000070 6.686642 0.000228  -0.146568 0.414164 -0.327708
78  -0.000013 7.638013 0.000015  -0.079524 -0.025947 0.130955
79  -0.000033 7.290229 -0.000023  0.025325 -0.093908 0.023963
80  -0.000032 6.530369 0.000007  -0.261848 -0.300600 0.006735
81  0.000065 7.224878 0.000010  0.036505 0.032481 -0.175824
82  1.071909 3.225797 1.570115  -0.043806 2.859975 1.526249
83  0.000417 6.748903 -0.000066  -0.062702 0.083783 0.022202
84  -0.000040 8.002645 0.000027  -0.067495 -0.117209 -0.115600
85  0.000009 8.580565 -0.000098  0.088212 -0.007187 0.334604
86  0.000168 8.689829 -0.000041  0.065327 -0.412430 -0.134517
87  -1.514521 2.104643 0.318055  -0.024895 3.094490 1.569497
88  0.000189 6.982273 0.000012  -0.107589 -0.057625 -0.215716
89  -0.000006 8.382873 -0.000068  0.135031 -0.099914 0.287072
90  -0.000065 8.697672 0.000023  -0.148090 -0.510101 0.044838
91  -0.000135 8.921823 0.000079  -0.236827 -0.892635 0.098805
92  3.553630 -3.478041 2.409277  0.000820 0.762046 1.535311
93  0.000002 4.476905 -0.000008  -0.151003 -0.588330 0.377258
94  0.000031 4.514125 -0.000024  -0.228866 -2.996200 0.592368
95  0.000042 4.518384 -0.000023  0.143171 2.612778 0.693383
96  0.000022 3.598328 0.000021  -0.749301 0.869852 -0.773232
97  4.209919 -0.440345 1.018824  -1.726005 -2.130000 -0.045289
98  4.265508 1.434233 -0.404991  -0.950036 -0.091127 -0.479630
99  9.400234 0.017939 0.083206  0.095763 -0.052515 -1.681096
100  10.242420 0.033590 0.064479  2.528026 -0.193631 -1.011070
101  3.465857 -0.059680 0.016694  0.004340 -0.140827 -0.669671
102  1.655594 -0.000023 0.000021  -0.004727 -0.073097 -0.075658
103  0.960770 -0.000002 -0.000008  0.079598 0.069826 0.141317
104  3.462028 -0.064247 0.939908  0.359790 -0.262222 -0.629261
105  1.497177 -0.000009 0.000021  -0.487575 0.020392 -0.044737
106  0.793760 -0.000003 -0.000001  -0.014025 0.012612 -0.131355
107  0.591659 -0.460693 0.835207  -0.938119 -0.582250 -0.717449
108  1.556139 0.000001 0.000003  -0.364077 0.096634 0.343638
109  1.135905 0.000015 0.000003  0.091607 -0.031092 0.400478
110  3.084265 -0.668824 -1.257086  -0.724081 0.311506 -0.853422
111  1.064202 -0.000003 0.000008  0.026244 0.089033 -0.397340
112  0.640337 0.000005 -0.000009  -0.089011 -0.031987 -0.244881
113  3.396821 -0.242142 -0.708688  -0.389038 0.072381 -0.747866
114  1.532969 0.000009 0.000009  0.027212 0.011631 -0.316047
115  0.832976 0.000000 -0.000002  -0.071667 -0.026372 -0.217948
116  4.209945 -0.440341 -1.019279  1.810328 2.115254 0.026798
117  4.266746 1.424941 0.424936  1.675504 0.020402 -0.898298
118  9.398563 0.011949 -0.082516  -0.001170 0.053116 -0.319050
119  10.242447 0.028179 -0.062907  -1.696506 -0.048497 0.303212
120  3.465755 -0.067527 0.002268  -0.287036 0.248510 -1.897986
121  1.655560 0.000005 0.000006  -0.206307 0.208422 -1.350791
122  0.960906 0.000006 0.000000  -0.038365 0.194214 -1.102767
123  3.466861 -0.077780 -0.920909  -0.493452 0.119107 -1.761601
124  1.497260 -0.000034 -0.000023  -0.604962 0.332110 -1.096941
125  0.793787 -0.000008 0.000001  -0.260699 0.417941 -0.826712
126  0.595082 -0.467150 -0.829175  2.519910 0.524738 -0.705717
127  1.555677 0.000016 -0.000002  0.631202 0.516508 1.162738
128  1.136812 -0.000004 -0.000002  0.578724 0.458684 1.086532
129  3.075974 -0.667966 1.277702  0.412229 0.395017 -1.815491
130  1.064594 0.000018 0.000010  0.077950 -0.140431 -1.338209
131  0.640359 -0.000015 -0.000004  -0.079855 -0.061587 -1.061974
132  3.392417 -0.245368 0.728376  0.044233 0.341511 -1.978547
133  1.532738 -0.000003 -0.000002  -0.000211 0.019641 -1.318496
134  0.833150 0.000008 0.000005  -0.090778 -0.063806 -1.544936
135  3.590105 -3.090295 1.193973  1.635457 1.210566 1.548541
136  3.589557 -3.089880 -1.196372  -1.505736 1.210473 -1.592853
137  -0.436560 4.719026 -0.001076  -0.000666 -1.570733 1.692880
138  -0.000001 2.775450 -0.000236  -0.135089 0.000001 -0.000000
139  0.000000 3.189770 0.000008  0.207820 0.000000 0.000000
140  0.000001 3.504651 0.000046  -0.261876 -0.000000 -0.000000
141  0.000000 2.863202 -0.000002  -0.051268 0.000000 -0.000000
time 23
0 -55.501034 -56.175092 41.310318 1.570862 0.000000 -0.000000
1  0.002636 43.025146 0.734438  0.009927 -0.775315 0.066242
2  3.061857 -4.181010 -0.610804  -1.399842 -0.081561 -1.729225
3  18.476778 0.000158 -0.000001  0.001471 -0.020208 0.276721
4  17.490084 0.000117 0.000004  0.205031 0.065261 -1.100311
5  -3.065329 -4.183571 -0.611480  -1.735123 -0.572877 -1.536134
6  18.474855 -0.000036 -0.000008  0.006785 0.073069 0.942574
7  17.489584 0.001915 -0.000007  0.007750 0.065913 -1.264382
8  -0.000117 -0.048881 -0.576226  1.522891 0.180022 1.619886
9  3.224484 0.767047 0.000496  0.059582 -0.071811 0.001201
10  3.223906 0.226399 -0.001944  0.059227 -0.011692 0.227180
11  5.187321 -1.262560 -0.001177  0.000012 0.000066 0.194111
12  6.928414 -1.935313 -0.000227  -2.966012 -0.056225 0.218203
13  3.236368 1.079610 0.000057  0.334123 0.248978 0.011747
14  0.833758 3.805346 0.692956  -0.040491 0.554885 1.469872
15  0.000038 6.792217 0.000037  0.007990 0.036070 -0.011407
16  -0.000069 7.744821 0.000014  -0.017442 -0.155305 0.068151
17  0.000071 7.809700 0.000017  -0.033636 0.005026 0.006142
18  -0.000023 7.867675 0.000017  -0.073329 -0.127909 0.026376
19  3.494694 -1.749098 -3.006912  0.152546 2.070419 1.936946
20  0.000120 4.478325 0.000019  -0.194659 0.310432 -0.234995
21  0.000047 4.636113 -0.000029  0.035821 0.324593 -0.151767
22  -0.000042 5.008649 0.000014  0.075999 -0.286565 0.276090
23  0.000063 4.781162 0.000009  0.904398 -2.690903 -0.015798
24  2.253040 1.989055 -3.350106  -1.523631 1.324497 0.112400
25  0.000163 6.589458 0.000167  0.206354 -0.002129 -0.080394
26  0.000043 7.491418 0.000037  -0.333512 0.184454 -0.191167
27  0.000024 7.660303 -0.000051  -0.063176 0.127195 -0.062117
28  0.000004 7.256263 0.000017  -0.052939 -0.487829 0.313813
29  -0.791159 2.265117 -1.234655  -0.753900 1.136377 0.824672
30  -0.000255 8.572257 -0.000089  -0.222843 -0.296789 0.176504
31  -0.000096 8.117210 0.000050  0.072256 0.772520 -0.285589
32  -0.000082 8.230030 -0.000073  -0.080491 -0.347232 0.072254
33  0.000060 7.366725 0.000053  -0.015396 -0.663893 0.062743
34  0.224214 0.240124 -3.218158  -0.877383 1.468889 0.577824
35  -0.000101 7.721049 -0.000307  -0.283829 0.060497 -0.167555
36  -0.000030 7.374851 -0.000004  0.007537 -0.195022 0.049539
37  0.000077 6.848103 0.000005  0.005484 0.006496 -0.033649
38  -0.000052 7.777867 0.000006  -0.186096 0.182474 -0.152846
39  -1.514466 2.104647 -1.150167  -0.029092 0.541320 1.555677
40  -0.000165 6.982347 -0.000077  -0.199699 -0.041212 0.153490
41  0.000039 8.382859 -0.000072  0.044866 0.587986 -0.257961
42  0.000013 8.697702 -0.000026  -0.102638 -0.474318 0.290944
43  0.000057 8.921801 -0.000001  -0.076257 0.581004 -0.195605
44  1.196187 2.899146 -2.353086  -0.449720 1.030105 1.287428
45  0.000106 5.476943 0.000008  0.285574 -0.099352 -0.038445
46  -0.000071 6.060441 -0.000087  -0.155021 -0.575032 0.384609
47  0.000020 5.994266 0.000029  0.033941 0.288573 -0.067729
48  -0.000011 6.100485 -0.000000  -0.068405 0.299274 -0.162152
49  0.000035 6.916759 0.000010  -0.096318 0.220533 -0.107966
50  0.000148 6.435059 -0.000045  -0.037458 0.171630 -0.116574
51  1.092790 3.649508 -1.738794  -0.148600 0.876612 1.445020
52  -0.000129 6.792206 -0.000105  0.008284 0.107792 -0.048643
53  -0.000087 7.744773 -0.000028  0.057137 -0.256893 0.015458
54  0.000082 9.115025 -0.000037  -0.020393 0.256253 -0.142636
55  3.494514 -1.749106 3.007064  0.118402 1.106974 1.813812
56  0.000014 4.323837 0.000085  -0.229908 -0.770942 0.449223
57  0.000029 4.872895 -0.000020  0.367244 -0.664052 -0.254033
58  0.000004 5.056651 0.000090  -0.511236 0.856586 -0.546323
59  2.292463 1.708610 3.661676  -1.762558 1.789111 -0.218971
60  -0.000173 6.589444 0.000272  -0.007133 -0.169123 0.176909
61  0.000173 7.491499 -0.000151  -0.132414 -0.107097 0.179327
62  -0.000142 8.249654 0.000139  0.041912 -0.058209 0.015814
63  0.000072 8.605238 -0.000029  0.101586 0.501824 -0.079696
64  -0.240496 2.066062 2.349267  -0.357331 2.461714 1.296082
65  -0.000089 7.721108 -0.000003  -0.208230 -0.126223 -0.116495
66  -0.000121 7.374868 -0.000045  -0.111017 0.046939 -0.046464
67  -0.000037 6.848060 -0.000026  0.273532 0.247523 0.299908
68  0.000033 7.777820 -0.000043  0.072921 0.186147 -0.052689
69  -0.000090 8.178049 0.000011  -0.087029 -0.422849 -0.381357
70  1.617605 3.431408 2.399266  -0.249454 2.569515 1.508574
71  -0.000163 5.476938 -0.000028  0.057729 0.074071 0.060286
72  -0.000094 6.060491 -0.000006  -0.015204 0.015650 -0.152065
73  0.000028 5.994251 0.000012  -0.126211 -0.157657 0.153302
74  -0.000077 7.076872 -0.000048  -0.008118 0.010385 0.036400
75  0.000002 7.089867 -0.000069  0.070875 0.098587 -0.025893
76  0.361110 0.886679 3.287746  -0.576374 1.978710 0.939011
77  -0.000067 6.686647 0.000220  -0.146568 0.414164 -0.327708
78  -0.000010 7.638023 0.000011  -0.079524 -0.025948 0.130955
79  -0.000033 7.290224 -0.000020  0.025325 -0.093908 0.023963
80  -0.000034 6.530368 0.000006  -0.261848 -0.300600 0.006735
81  0.000064 7.224886 0.000012  0.036505 0.032481 -0.175824
82  1.071894 3.225791 1.570115  -0.043806 2.859975 1.526249
83  0.000418 6.748909 -0.000067  -0.062702 0.083783 0.022202
84  -0.000044 8.002643 0.000026  -0.067495 -0.117209 -0.115600
85  0.000010 8.580569 -0.000099  0.088212 -0.007187 0.334604
86  0.000171 8.689832 -0.000042  0.065327 -0.412430 -0.134517
87  -1.514536 2.104634 0.318056  -0.024895 3.094490 1.569497
88  0.000192 6.982283 0.000011  -0.107589 -0.057624 -0.215716
89  -0.000010 8.382875 -0.000067  0.135031 -0.099914 0.287072
90  -0.000063 8.697674 0.000023  -0.148090 -0.510101 0.044838
91  -0.000136 8.921824 0.000079  -0.236827 -0.892635 0.098805
92  3.553610 -3.478052 2.409277  0.000820 0.762046 1.535311
93  0.000003 4.476895 -0.000006  -0.151003 -0.588331 0.377258
94  0.000030 4.514122 -0.000023  -0.228866 -2.996199 0.592368
95  0.000045 4.518387 -0.000023  0.143171 2.612778 0.693383
96  0.000023 3.598330 0.000019  -0.749302 0.869852 -0.773232
97  4.209926 -0.440345 1.018824  -1.731180 -2.120041 -0.039947
98  4.265506 1.434237 -0.404992  -0.978359 -0.085702 -0.519706
99  9.400236 0.017939 0.083202  0.095499 -0.052727 -1.676628
100  10.242423 0.033591 0.064478  2.528026 -0.193631 -1.011070
101  3.465854 -0.059673 0.016693  0.004340 -0.140827 -0.669671
102  1.655595 -0.000024 0.000022  -0.004727 -0.073097 -0.075658
103  0.960769 -0.000006 -0.000007  0.079598 0.069826 0.141317
104  3.462029 -0.064238 0.939908  0.359790 -0.262222 -0.629261
105  1.497176 -0.000005 0.000020  -0.487575 0.020392 -0.044737
106  0.793760 0.000005 -0.000001  -0.014025 0.012612 -0.131355
107  0.591659 -0.460686 0.835205  -0.938119 -0.582250 -0.717449
108  1.556138 0.000002 0.000001  -0.364077 0.096634 0.343638
109  1.135904 0.000015 0.000008  0.091607 -0.031092 0.400478
110  3.084267 -0.668816 -1.257086  -0.724081 0.311506 -0.853422
111  1.064203 0.000001 0.000008  0.026244 0.089033 -0.397340
112  0.640338 0.000006 -0.000003  -0.089011 -0.031987 -0.244881
113  3.396821 -0.242134 -0.708690  -0.389038 0.072381 -0.747866
114  1.532969 0.000002 0.000006  0.027212 0.011631 -0.316047
115  0.832975 0.000000 -0.000002  -0.071667 -0.026372 -0.217948
116  4.209945 -0.440342 -1.019279  1.863429 2.104388 0.075236
117  4.266748 1.424944 0.424939  1.685148 0.003184 -0.901395
118  9.398573 0.011950 -0.082518  0.000098 0.052025 -0.297493
119  10.242442 0.028177 -0.062907  -1.736362 -0.045532 0.247815
120  3.465751 -0.067525 0.002268  -0.286633 0.248570 -1.896088
121  1.655560 0.000004 0.000004  -0.211208 0.209678 -1.373191
122  0.960908 0.000005 0.000000  -0.044475 0.197912 -1.141935
123  3.466859 -0.077779 -0.920910  -0.494852 0.118981 -1.786628
124  1.497260 -0.000037 -0.000021  -0.609165 0.334164 -1.109260
125  0.793788 -0.000008 -0.000001  -0.267508 0.423719 -0.837713
126  0.595079 -0.467149 -0.829176  2.514879 0.540383 -0.707672
127  1.555680 0.000015 -0.000003  0.631202 0.516508 1.162738
128  1.136813 -0.000006 -0.000001  0.578724 0.458684 1.086532
129  3.075977 -0.667966 1.277700  0.397771 0.399425 -1.843482
130  1.064593 0.000017 0.000010  0.079104 -0.140683 -1.348564
131  0.640364 -0.000015 -0.000003  -0.079655 -0.061762 -1.065632
132  3.392420 -0.245368 0.728376  0.052628 0.340853 -1.956791
133  1.532738 -0.000010 -0.000001  -0.000707 0.019704 -1.348487
134  0.833150 0.000008 0.000004  -0.091406 -0.063769 -1.574851
135  3.590113 -3.090295 1.193972  1.635457 1.210566 1.548541
136  3.589557 -3.089879 -1.196373  -1.505736 1.210473 -1.592853
137  -0.436555 4.719026 -0.001076  -0.000887 -1.570733 1.692876
138  -0.000000 2.775455 -0.000237  -0.135089 0.000001 -0.000000
139  -0.000000 3.189766 0.000008  0.207820 -0.000000 0.000000
140  0.000001 3.504649 0.000046  -0.261876 0.000000 -0.000000
141  0.000000 2.863205 -0.000002  -0.051268 -0.000000 -0.000000
time 24
0 -57.785633 -58.617035 41.134510 1.570862 0.000000 -0.000000
1  0.002636 43.025146 0.734438  0.005065 -0.736089 0.078988
2  3.061858 -4.181007 -0.610804  -1.398585 -0.019034 -1.735022
3  18.476776 0.000159 -0.000001  0.000921 -0.017347 0.241121
4  17.490086 0.000116 0.000004  0.236959 0.082892 -1.071125
5  -3.065329 -4.183575 -0.611480  -1.665739 -0.618624 -1.589826
6  18.474857 -0.000034 -0.000007  0.001504 0.060871 0.779912
7  17.489586 0.001916 -0.000006  -0.008522 0.020505 -1.244018
8  -0.000117 -0.048883 -0.576226  1.496278 0.178349 1.598285
9  3.224478 0.767046 0.000495  0.043466 -0.060802 0.008068
10  3.223909 0.226400 -0.001944  0.049916 -0.002599 0.231299
11  5.187320 -1.262560 -0.001177  0.000012 0.000066 0.194111
12  6.928409 -1.935313 -0.000227  -2.964739 -0.055040 0.211998
13  3.236365 1.079610 0.000058  0.337241 0.259676 0.026106
14  0.833758 3.805356 0.692955  -0.040491 0.554885 1.469872
15  0.000043 6.792209 0.000039  0.007990 0.036070 -0.011407
16  -0.000069 7.744815 0.000018  -0.017442 -0.155305 0.068151
17  0.000075 7.809702 0.000016  -0.033636 0.005026 0.006142
18  -0.000026 7.867673 0.000015  -0.073329 -0.127909 0.026376
19  3.494700 -1.749088 -3.006912  0.152546 2.070419 1.936946
20  0.000120 4.478321 0.000021  -0.194659 0.310432 -0.234994
21  0.000048 4.636120 -0.000028  0.035821 0.324593 -0.151767
22  -0.000042 5.008653 0.000012  0.075999 -0.286565 0.276090
23  0.000063 4.781161 0.000009  0.904398 -2.690903 -0.015798
24  2.253040 1.989061 -3.350107  -1.523631 1.324497 0.112400
25  0.000161 6.589471 0.000170  0.206354 -0.002129 -0.080394
26  0.000042 7.491409 0.000044  -0.333513 0.184454 -0.191167
27  0.000029 7.660299 -0.000052  -0.063176 0.127195 -0.062117
28  0.000006 7.256269 0.000019  -0.052939 -0.487829 0.313813
29  -0.791162 2.265121 -1.234656  -0.753900 1.136377 0.824672
30  -0.000258 8.572269 -0.000091  -0.222843 -0.296789 0.176504
31  -0.000092 8.117212 0.000047  0.072256 0.772520 -0.285589
32  -0.000081 8.230036 -0.000070  -0.080491 -0.347232 0.072254
33  0.000056 7.366721 0.000052  -0.015397 -0.663893 0.062743
34  0.224216 0.240131 -3.218158  -0.877383 1.468889 0.577824
35  -0.000101 7.721055 -0.000309  -0.283829 0.060497 -0.167555
36  -0.000030 7.374851 -0.000001  0.007537 -0.195022 0.049539
37  0.000076 6.848098 0.000007  0.005484 0.006496 -0.033649
38  -0.000051 7.777867 0.000008  -0.186096 0.182474 -0.152846
39  -1.514467 2.104655 -1.150167  -0.029092 0.541320 1.555677
40  -0.000167 6.982349 -0.000076  -0.199699 -0.041213 0.153490
41  0.000038 8.382864 -0.000072  0.044865 0.587986 -0.257962
42  0.000014 8.697701 -0.000026  -0.102638 -0.474318 0.290944
43  0.000057 8.921800 -0.000005  -0.076257 0.581004 -0.195605
44  1.196196 2.899160 -2.353086  -0.449720 1.030105 1.287428
45  0.000105 5.476946 0.000009  0.285574 -0.099352 -0.038446
46  -0.000074 6.060439 -0.000088  -0.155021 -0.575032 0.384609
47  0.000018 5.994265 0.000027  0.033941 0.288573 -0.067729
48  -0.000010 6.100489 0.000001  -0.068405 0.299274 -0.162152
49  0.000034 6.916753 0.000009  -0.096318 0.220533 -0.107966
50  0.000148 6.435062 -0.000038  -0.037459 0.171630 -0.116574
51  1.092794 3.649516 -1.738794  -0.148600 0.876612 1.445020
52  -0.000128 6.792198 -0.000102  0.008284 0.107792 -0.048643
53  -0.000091 7.744777 -0.000030  0.057137 -0.256893 0.015458
54  0.000084 9.115015 -0.000037  -0.020393 0.256253 -0.142636
55  3.494518 -1.749098 3.007063  0.118401 1.106974 1.813812
56  0.000014 4.323836 0.000086  -0.229908 -0.770942 0.449223
57  0.000029 4.872893 -0.000022  0.367244 -0.664052 -0.254033
58  0.000006 5.056647 0.000093  -0.511236 0.856586 -0.546323
59  2.292465 1.708619 3.661674  -1.762558 1.789111 -0.218971
60  -0.000174 6.589438 0.000273  -0.007133 -0.169123 0.176909
61  0.000173 7.491494 -0.000150  -0.132414 -0.107097 0.179327
62  -0.000142 8.249658 0.000139  0.041912 -0.058209 0.015814
63  0.000072 8.605236 -0.000030  0.101586 0.501824 -0.079696
64  -0.240488 2.066077 2.349267  -0.357331 2.461714 1.296082
65  -0.000087 7.721098 -0.000002  -0.208230 -0.126223 -0.116495
66  -0.000120 7.374862 -0.000046  -0.111017 0.046939 -0.046464
67  -0.000039 6.848061 -0.000024  0.273532 0.247523 0.299908
68  0.000035 7.777822 -0.000045  0.072921 0.186148 -0.052689
69  -0.000086 8.178054 0.000011  -0.087029 -0.422849 -0.381357
70  1.617600 3.431411 2.399265  -0.249454 2.569515 1.508574
71  -0.000165 5.476940 -0.000029  0.057729 0.074071 0.060286
72  -0.000093 6.060487 -0.000005  -0.015204 0.015650 -0.152065
73  0.000024 5.994253 0.000012  -0.126211 -0.157657 0.153302
74  -0.000080 7.076865 -0.000046  -0.008118 0.010385 0.036400
75  0.000004 7.089871 -0.000070  0.070875 0.098587 -0.025893
76  0.361113 0.886689 3.287746  -0.576374 1.978710 0.939011
77  -0.000065 6.686652 0.000223  -0.146568 0.414164 -0.327708
78  -0.000012 7.638023 0.000011  -0.079524 -0.025947 0.130955
79  -0.000034 7.290230 -0.000023  0.025325 -0.093908 0.023963
80  -0.000033 6.530370 0.000005  -0.261848 -0.300600 0.006735
81  0.000063 7.224874 0.000008  0.036505 0.032481 -0.175824
82  1.071900 3.225801 1.570115  -0.043806 2.859975 1.526249
83  0.000415 6.748904 -0.000066  -0.062702 0.083783 0.022202
84  -0.000049 8.002645 0.000027  -0.067495 -0.117209 -0.115600
85  0.000011 8.580570 -0.000098  0.088212 -0.007187 0.334604
86  0.000171 8.689835 -0.000041  0.065327 -0.412430 -0.134518
87  -1.514534 2.104645 0.318055  -0.024895 3.094490 1.569497
88  0.000191 6.982285 0.000012  -0.107589 -0.057625 -0.215716
89  -0.000007 8.382875 -0.000068  0.135031 -0.099914 0.287072
90  -0.000064 8.697669 0.000023  -0.148090 -0.510101 0.044838
91  -0.000134 8.921825 0.000080  -0.236827 -0.892635 0.098805
92  3.553611 -3.478043 2.409277  0.000820 0.762046 1.535311
93  -0.000000 4.476896 -0.000005  -0.151003 -0.588331 0.377258
94  0.000031 4.514121 -0.000024  -0.228866 -2.996200 0.592368
95  0.000046 4.518379 -0.000024  0.143171 2.612778 0.693383
96  0.000022 3.598336 0.000022  -0.749301 0.869852 -0.773232
97  4.209922 -0.440347 1.018824  -1.736013 -2.110979 -0.034980
98  4.265504 1.434239 -0.404993  -1.005997 -0.082767 -0.553558
99  9.400238 0.017941 0.083202  0.095252 -0.052924 -1.672450
100  10.242421 0.033594 0.064483  2.528026 -0.193631 -1.011070
101  3.465856 -0.059675 0.016693  0.004340 -0.140827 -0.669671
102  1.655595 -0.000024 0.000021  -0.004727 -0.073097 -0.075658
103  0.960769 0.000004 -0.000007  0.079598 0.069826 0.141317
104  3.462030 -0.064243 0.939909  0.359790 -0.262222 -0.629261
105  1.497178 -0.000008 0.000024  -0.487575 0.020392 -0.044737
106  0.793760 0.000002 -0.000003  -0.014025 0.012612 -0.131355
107  0.591663 -0.460691 0.835207  -0.938119 -0.582250 -0.717449
108  1.556140 0.000003 -0.000002  -0.364077 0.096634 0.343638
109  1.135902 0.000016 0.000004  0.091607 -0.031092 0.400478
110  3.084271 -0.668821 -1.257085  -0.724081 0.311506 -0.853422
111  1.064202 -0.000004 0.000001  0.026244 0.089033 -0.397340
112  0.640338 0.000006 -0.000008  -0.089011 -0.031987 -0.244881
113  3.396823 -0.242134 -0.708690  -0.389038 0.072381 -0.747866
114  1.532969 0.000008 0.000007  0.027212 0.011631 -0.316047
115  0.832976 -0.000009 -0.000004  -0.071667 -0.026372 -0.217948
116  4.209939 -0.440343 -1.019279  1.904200 2.098017 0.112684
117  4.266745 1.424945 0.424937  1.690781 -0.020437 -0.899405
118  9.398571 0.011950 -0.082517  0.000282 0.051863 -0.294337
119  10.242442 0.028177 -0.062909  -1.762078 -0.052436 0.203785
120  3.465748 -0.067528 0.002268  -0.285545 0.248654 -1.890874
121  1.655559 0.000007 0.000005  -0.213337 0.210202 -1.382917
122  0.960906 0.000004 -0.000000  -0.047657 0.199760 -1.162070
123  3.466857 -0.077782 -0.920910  -0.495752 0.118923 -1.802272
124  1.497258 -0.000031 -0.000021  -0.611008 0.335010 -1.114660
125  0.793792 -0.000008 -0.000000  -0.270527 0.426210 -0.842581
126  0.595083 -0.467153 -0.829176  2.510602 0.553865 -0.709335
127  1.555679 0.000016 -0.000004  0.631202 0.516508 1.162738
128  1.136813 -0.000013 -0.000002  0.578724 0.458684 1.086532
129  3.075975 -0.667968 1.277701  0.391796 0.401116 -1.854889
130  1.064592 0.000021 0.000011  0.078932 -0.140585 -1.346964
131  0.640358 -0.000014 -0.000004  -0.080122 -0.061412 -1.058028
132  3.392416 -0.245370 0.728377  0.060100 0.340018 -1.937354
133  1.532736 -0.000004 0.000000  -0.000899 0.019715 -1.359117
134  0.833148 0.000007 0.000005  -0.091637 -0.063749 -1.585472
135  3.590111 -3.090295 1.193972  1.635457 1.210566 1.548541
136  3.589556 -3.089880 -1.196373  -1.505736 1.210473 -1.592853
137  -0.436562 4.719026 -0.001076  -0.000768 -1.570733 1.692878
138  0.000000 2.775454 -0.000235  -0.135089 0.000001 -0.000000
139  -0.000000 3.189765 0.000008  0.207820 0.000000 0.000000
140  0.000000 3.504655 0.000046  -0.261876 -0.000000 -0.000000
141  -0.000000 2.863199 -0.000002  -0.051268 -0.000000 -0.000000
time 25
0 -60.072769 -61.043111 40.892925 1.570862 0.000000 -0.000000
1  0.002636 43.025146 0.734438  0.004696 -0.703922 0.100194
2  3.061858 -4.181007 -0.610805  -1.390210 0.074856 -1.734711
3  18.476776 0.000159 -0.000001  -0.001838 -0.007502 0.116328
4  17.490086 0.000117 0.000004  0.267760 0.087993 -0.999438
5  -3.065330 -4.183574 -0.611480  -1.593780 -0.654608 -1.647402
6  18.474855 -0.000036 -0.000008  -0.001833 0.047327 0.609323
7  17.489586 0.001916 -0.000006  -0.057811 -0.019297 -1.215826
8  -0.000117 -0.048878 -0.576226  1.474990 0.178653 1.573912
9  3.224488 0.767047 0.000496  0.030516 -0.051621 0.009306
10  3.223914 0.226399 -0.001944  0.042239 0.004678 0.231761
11  5.187315 -1.262560 -0.001177  0.000012 0.000066 0.194111
12  6.928407 -1.935310 -0.000228  -2.963884 -0.051931 0.205972
13  3.236368 1.079610 0.000056  0.339562 0.268642 0.039817
14  0.833757 3.805353 0.692956  -0.040491 0.554885 1.469872
15  0.000039 6.792204 0.000039  0.007990 0.036070 -0.011407
16  -0.000067 7.744821 0.000016  -0.017442 -0.155305 0.068151
17  0.000070 7.809703 0.000021  -0.033636 0.005026 0.006142
18  -0.000023 7.867673 0.000019  -0.073329 -0.127909 0.026376
19  3.494687 -1.749096 -3.006912  0.152546 2.070419 1.936946
20  0.000119 4.478324 0.000018  -0.194659 0.310432 -0.234994
21  0.000047 4.636121 -0.000030  0.035821 0.324593 -0.151767
22  -0.000040 5.008652 0.000012  0.075999 -0.286565 0.276090
23  0.000064 4.781157 0.000010  0.904398 -2.690903 -0.015798
24  2.253030 1.989053 -3.350106  -1.523631 1.324497 0.112400
25  0.000160 6.589467 0.000171  0.206354 -0.002129 -0.080394
26  0.000041 7.491408 0.000045  -0.333513 0.184454 -0.191167
27  0.000025 7.660309 -0.000058  -0.063176 0.127195 -0.062117
28  0.000007 7.256269 0.000018  -0.052939 -0.487829 0.313813
29  -0.791163 2.265117 -1.234655  -0.753900 1.136377 0.824672
30  -0.000255 8.572264 -0.000094  -0.222843 -0.296789 0.176504
31  -0.000096 8.117209 0.000048  0.072256 0.772520 -0.285589
32  -0.000087 8.230040 -0.000076  -0.080491 -0.347232 0.072254
33  0.000058 7.366724 0.000054  -0.015396 -0.663893 0.062743
34  0.224214 0.240128 -3.218157  -0.877383 1.468889 0.577824
35  -0.000101 7.721056 -0.000309  -0.283829 0.060497 -0.167555
36  -0.000031 7.374849 0.000001  0.007537 -0.195022 0.049539
37  0.000075 6.848105 0.000010  0.005484 0.006496 -0.033649
38  -0.000051 7.777863 0.000008  -0.186096 0.182474 -0.152846
39  -1.514476 2.104648 -1.150167  -0.029092 0.541320 1.555677
40  -0.000168 6.982349 -0.000077  -0.199699 -0.041213 0.153490
41  0.000038 8.382859 -0.000071  0.044865 0.587986 -0.257961
42  0.000014 8.697696 -0.000026  -0.102637 -0.474318 0.290944
43  0.000057 8.921803 -0.000000  -0.076257 0.581004 -0.195605
44  1.196181 2.899153 -2.353086  -0.449719 1.030105 1.287428
45  0.000105 5.476943 0.000004  0.285574 -0.099352 -0.038446
46  -0.000072 6.060438 -0.000087  -0.155021 -0.575032 0.384609
47  0.000018 5.994261 0.000029  0.033941 0.288573 -0.067729
48  -0.000007 6.100489 -0.000001  -0.068405 0.299275 -0.162152
49  0.000035 6.916759 0.000010  -0.096318 0.220533 -0.107966
50  0.000151 6.435054 -0.000044  -0.037459 0.171630 -0.116574
51  1.092790 3.649512 -1.738794  -0.148600 0.876612 1.445020
52  -0.000127 6.792194 -0.000102  0.008284 0.107792 -0.048643
53  -0.000091 7.744776 -0.000027  0.057137 -0.256893 0.015458
54  0.000085 9.115024 -0.000040  -0.020393 0.256253 -0.142636
55  3.494508 -1.749105 3.007064  0.118402 1.106974 1.813812
56  0.000014 4.323832 0.000086  -0.229908 -0.770942 0.449223
57  0.000029 4.872901 -0.000022  0.367244 -0.664052 -0.254033
58  0.000005 5.056651 0.000094  -0.511236 0.856586 -0.546323
59  2.292454 1.708612 3.661675  -1.762558 1.789111 -0.218971
60  -0.000174 6.589434 0.000275  -0.007133 -0.169123 0.176909
61  0.000175 7.491498 -0.000148  -0.132414 -0.107097 0.179327
62  -0.000140 8.249661 0.000141  0.041912 -0.058209 0.015814
63  0.000073 8.605235 -0.000021  0.101586 0.501824 -0.079696
64  -0.240489 2.066075 2.349267  -0.357331 2.461714 1.296082
65  -0.000087 7.721107 -0.000004  -0.208230 -0.126223 -0.116495
66  -0.000120 7.374866 -0.000047  -0.111017 0.046939 -0.046464
67  -0.000036 6.848062 -0.000027  0.273532 0.247523 0.299908
68  0.000032 7.777823 -0.000043  0.072921 0.186148 -0.052689
69  -0.000082 8.178051 0.000013  -0.087029 -0.422849 -0.381357
70  1.617599 3.431409 2.399266  -0.249454 2.569515 1.508574
71  -0.000161 5.476946 -0.000030  0.057729 0.074071 0.060286
72  -0.000090 6.060496 -0.000006  -0.015204 0.015650 -0.152065
73  0.000025 5.994254 0.000013  -0.126211 -0.157657 0.153302
74  -0.000077 7.076878 -0.000048  -0.008118 0.010385 0.036400
75  0.000000 7.089869 -0.000070  0.070875 0.098587 -0.025893
76  0.361101 0.886679 3.287746  -0.576374 1.978710 0.939011
77  -0.000065 6.686648 0.000220  -0.146568 0.414164 -0.327708
78  -0.000012 7.638012 0.000011  -0.079524 -0.025947 0.130955
79  -0.000033 7.290226 -0.000024  0.025325 -0.093908 0.023963
80  -0.000032 6.530363 0.000004  -0.261848 -0.300600 0.006735
81  0.000064 7.224876 0.000009  0.036505 0.032481 -0.175824
82  1.071888 3.225795 1.570115  -0.043806 2.859975 1.526249
83  0.000414 6.748898 -0.000065  -0.062702 0.083783 0.022202
84  -0.000044 8.002642 0.000027  -0.067495 -0.117209 -0.115600
85  0.000015 8.580573 -0.000097  0.088212 -0.007187 0.334604
86  0.000168 8.689830 -0.000040  0.065327 -0.412430 -0.134517
87  -1.514542 2.104639 0.318056  -0.024895 3.094490 1.569497
88  0.000196 6.982279 0.000012  -0.107589 -0.057625 -0.215716
89  -0.000010 8.382873 -0.000068  0.135031 -0.099914 0.287072
90  -0.000059 8.697669 0.000024  -0.148090 -0.510101 0.044838
91  -0.000135 8.921825 0.000080  -0.236827 -0.892635 0.098805
92  3.553603 -3.478047 2.409277  0.000820 0.762046 1.535311
93  0.000004 4.476897 -0.000008  -0.151003 -0.588331 0.377259
94  0.000030 4.514122 -0.000023  -0.228866 -2.996200 0.592368
95  0.000044 4.518386 -0.000023  0.143171 2.612778 0.693383
96  0.000019 3.598334 0.000022  -0.749301 0.869852 -0.773232
97  4.209917 -0.440344 1.018823  -1.740053 -2.103590 -0.030804
98  4.265507 1.434234 -0.404991  -1.022986 -0.072120 -0.581768
99  9.400233 0.017942 0.083200  0.095026 -0.053102 -1.668652
100  10.242420 0.033598 0.064479  2.528026 -0.193631 -1.011070
101  3.465856 -0.059674 0.016694  0.004340 -0.140827 -0.669671
102  1.655596 -0.000018 0.000022  -0.004727 -0.073097 -0.075658
103  0.960769 -0.000004 -0.000008  0.079598 0.069826 0.141317
104  3.462023 -0.064245 0.939907  0.359790 -0.262222 -0.629261
105  1.497177 -0.000010 0.000021  -0.487575 0.020392 -0.044737
106  0.793760 0.000002 -0.000001  -0.014025 0.012612 -0.131355
107  0.591662 -0.460689 0.835206  -0.938119 -0.582250 -0.717449
108  1.556139 0.000003 -0.000000  -0.364077 0.096634 0.343638
109  1.135903 0.000018 0.000001  0.091607 -0.031092 0.400478
110  3.084271 -0.668815 -1.257084  -0.724081 0.311506 -0.853422
111  1.064202 -0.000003 0.000005  0.026244 0.089033 -0.397340
112  0.640338 0.000005 -0.000007  -0.089011 -0.031987 -0.244881
113  3.396820 -0.242134 -0.708689  -0.389038 0.072381 -0.747866
114  1.532968 0.000008 0.000005  0.027212 0.011631 -0.316047
115  0.832976 -0.000002 0.000002  -0.071667 -0.026372 -0.217948
116  4.209942 -0.440341 -1.019279  1.928170 2.095834 0.134671
117  4.266744 1.424943 0.424937  1.689800 -0.038832 -0.889736
118  9.398560 0.011949 -0.082515  0.001163 0.051070 -0.279065
119  10.242443 0.028176 -0.062907  -1.771041 -0.069003 0.154249
120  3.465752 -0.067525 0.002267  -0.283555 0.248899 -1.881531
121  1.655560 0.000007 0.000005  -0.211832 0.209855 -1.376128
122  0.960907 0.000004 0.000000  -0.046881 0.199316 -1.157154
123  3.466857 -0.077779 -0.920909  -0.495912 0.118911 -1.805146
124  1.497261 -0.000034 -0.000021  -0.609783 0.334469 -1.111246
125  0.793787 -0.000007 -0.000001  -0.268626 0.424596 -0.839462
126  0.595079 -0.467149 -0.829176  2.507189 0.564199 -0.710781
127  1.555680 0.000016 -0.000008  0.631202 0.516508 1.162738
128  1.136813 -0.000015 -0.000002  0.578724 0.458684 1.086532
129  3.075973 -0.667965 1.277701  0.397431 0.399499 -1.844125
130  1.064592 0.000021 0.000009  0.077043 -0.140274 -1.330088
131  0.640359 -0.000015 -0.000003  -0.081612 -0.060312 -1.036136
132  3.392411 -0.245367 0.728376  0.066344 0.339299 -1.921183
133  1.532737 -0.000009 0.000000  -0.000663 0.019694 -1.344561
134  0.833153 0.000007 0.000006  -0.091316 -0.063770 -1.570840
135  3.590106 -3.090296 1.193972  1.635457 1.210566 1.548541
136  3.589553 -3.089881 -1.196373  -1.505736 1.210473 -1.592853
137  -0.436563 4.719025 -0.001077  -0.000413 -1.570733 1.692973
138  0.000000 2.775449 -0.000236  -0.135089 0.000001 -0.000000
139  0.000000 3.189768 0.000008  0.207820 -0.000000 0.000000
140  0.000000 3.504653 0.000046  -0.261876 0.000000 -0.000000
141  -0.000000 2.863198 -0.000002  -0.051268 0.000000 -0.000000
time 26
0 -62.415015 -63.506725 40.585392 1.570862 0.000000 -0.000000
1  0.002636 43.025146 0.734438  0.001555 -0.675851 0.119522
2  3.061857 -4.181008 -0.610803  -1.364724 0.148976 -1.738737
3  18.476774 0.000160 -0.000001  -0.003929 -0.002134 0.046061
4  17.490086 0.000117 0.000004  0.284357 0.071614 -0.959956
5  -3.065329 -4.183573 -0.611479  -1.532912 -0.678270 -1.694885
6  18.474854 -0.000033 -0.000007  -0.002797 0.035745 0.467321
7  17.489584 0.001917 -0.000006  -0.059080 -0.017197 -1.192555
8  -0.000117 -0.048882 -0.576226  1.457132 0.176529 1.549558
9  3.224486 0.767047 0.000495  0.018131 -0.042084 0.012060
10  3.223905 0.226399 -0.001944  0.034976 0.012119 0.233397
11  5.187317 -1.262561 -0.001177  0.000012 0.000066 0.194111
12  6.928411 -1.935312 -0.000227  -2.963018 -0.049349 0.199781
13  3.236374 1.079613 0.000056  0.341513 0.278690 0.052563
14  0.833758 3.805350 0.692955  -0.040491 0.554885 1.469872
15  0.000040 6.792206 0.000037  0.007990 0.036070 -0.011407
16  -0.000068 7.744818 0.000015  -0.017442 -0.155305 0.068151
17  0.000076 7.809704 0.000019  -0.033636 0.005026 0.006142
18  -0.000027 7.867673 0.000015  -0.073329 -0.127909 0.026376
19  3.494701 -1.749092 -3.006912  0.152546 2.070419 1.936946
20  0.000119 4.478315 0.000019  -0.194659 0.310432 -0.234995
21  0.000047 4.636120 -0.000029  0.035821 0.324593 -0.151767
22  -0.000040 5.008650 0.000013  0.075999 -0.286565 0.276090
23  0.000063 4.781163 0.000009  0.904398 -2.690903 -0.015798
24  2.253042 1.989059 -3.350106  -1.523631 1.324497 0.112400
25  0.000159 6.589465 0.000167  0.206354 -0.002129 -0.080394
26  0.000041 7.491415 0.000037  -0.333513 0.184454 -0.191167
27  0.000025 7.660299 -0.000054  -0.063176 0.127195 -0.062117
28  0.000004 7.256278 0.000019  -0.052939 -0.487829 0.313813
29  -0.791163 2.265117 -1.234655  -0.753900 1.136377 0.824672
30  -0.000255 8.572261 -0.000091  -0.222843 -0.296789 0.176504
31  -0.000094 8.117215 0.000048  0.072256 0.772520 -0.285589
32  -0.000082 8.230034 -0.000067  -0.080491 -0.347232 0.072254
33  0.000056 7.366725 0.000053  -0.015397 -0.663893 0.062743
34  0.224214 0.240125 -3.218157  -0.877383 1.468889 0.577824
35  -0.000101 7.721052 -0.000305  -0.283829 0.060497 -0.167555
36  -0.000031 7.374854 -0.000001  0.007537 -0.195022 0.049539
37  0.000076 6.848098 0.000006  0.005484 0.006496 -0.033649
38  -0.000054 7.777858 0.000011  -0.186096 0.182474 -0.152846
39  -1.514463 2.104651 -1.150167  -0.029092 0.541320 1.555677
40  -0.000170 6.982352 -0.000076  -0.199699 -0.041213 0.153490
41  0.000039 8.382864 -0.000072  0.044865 0.587986 -0.257961
42  0.000010 8.697700 -0.000024  -0.102638 -0.474318 0.290944
43  0.000056 8.921807 -0.000003  -0.076257 0.581004 -0.195605
44  1.196190 2.899153 -2.353086  -0.449719 1.030105 1.287428
45  0.000107 5.476944 0.000007  0.285574 -0.099352 -0.038446
46  -0.000070 6.060432 -0.000091  -0.155021 -0.575032 0.384609
47  0.000017 5.994261 0.000028  0.033941 0.288573 -0.067729
48  -0.000006 6.100483 -0.000001  -0.068406 0.299274 -0.162152
49  0.000033 6.916764 0.000009  -0.096318 0.220533 -0.107966
50  0.000149 6.435053 -0.000044  -0.037458 0.171630 -0.116574
51  1.092791 3.649512 -1.738794  -0.148600 0.876612 1.445020
52  -0.000128 6.792200 -0.000102  0.008285 0.107792 -0.048643
53  -0.000089 7.744780 -0.000030  0.057137 -0.256893 0.015458
54  0.000085 9.115021 -0.000036  -0.020393 0.256253 -0.142636
55  3.494514 -1.749102 3.007063  0.118402 1.106974 1.813812
56  0.000015 4.323836 0.000086  -0.229908 -0.770942 0.449223
57  0.000029 4.872898 -0.000021  0.367244 -0.664052 -0.254033
58  0.000002 5.056649 0.000091  -0.511236 0.856586 -0.546323
59  2.292463 1.708613 3.661675  -1.762558 1.789111 -0.218971
60  -0.000173 6.589436 0.000276  -0.007133 -0.169123 0.176909
61  0.000175 7.491496 -0.000151  -0.132414 -0.107097 0.179327
62  -0.000146 8.249662 0.000141  0.041912 -0.058209 0.015814
63  0.000070 8.605236 -0.000023  0.101586 0.501824 -0.079696
64  -0.240488 2.066071 2.349267  -0.357331 2.461714 1.296082
65  -0.000084 7.721101 -0.000005  -0.208230 -0.126223 -0.116495
66  -0.000123 7.374865 -0.000046  -0.111017 0.046939 -0.046464
67  -0.000038 6.848055 -0.000027  0.273532 0.247523 0.299908
68  0.000033 7.777821 -0.000042  0.072921 0.186148 -0.052689
69  -0.000084 8.178054 0.000013  -0.087029 -0.422849 -0.381357
70  1.617607 3.431411 2.399265  -0.249454 2.569515 1.508574
71  -0.000161 5.476948 -0.000028  0.057729 0.074071 0.060286
72  -0.000092 6.060483 -0.000005  -0.015204 0.015650 -0.152065
73  0.000025 5.994248 0.000010  -0.126211 -0.157657 0.153302
74  -0.000076 7.076875 -0.000046  -0.008118 0.010385 0.036400
75  0.000003 7.089868 -0.000069  0.070875 0.098587 -0.025893
76  0.361108 0.886680 3.287746  -0.576374 1.978710 0.939011
77  -0.000062 6.686646 0.000224  -0.146568 0.414164 -0.327708
78  -0.000012 7.638012 0.000011  -0.079524 -0.025948 0.130955
79  -0.000031 7.290228 -0.000022  0.025325 -0.093908 0.023963
80  -0.000035 6.530366 0.000006  -0.261848 -0.300600 0.006735
81  0.000063 7.224878 0.000010  0.036505 0.032481 -0.175824
82  1.071901 3.225798 1.570115  -0.043806 2.859975 1.526249
83  0.000415 6.748896 -0.000065  -0.062702 0.083783 0.022202
84  -0.000047 8.002649 0.000027  -0.067495 -0.117209 -0.115600
85  0.000012 8.580574 -0.000097  0.088212 -0.007187 0.334604
86  0.000164 8.689829 -0.000041  0.065327 -0.412430 -0.134518
87  -1.514538 2.104640 0.318055  -0.024895 3.094490 1.569497
88  0.000189 6.982283 0.000012  -0.107589 -0.057625 -0.215716
89  -0.000010 8.382878 -0.000068  0.135031 -0.099914 0.287072
90  -0.000066 8.697668 0.000024  -0.148090 -0.510101 0.044838
91  -0.000136 8.921826 0.000079  -0.236827 -0.892635 0.098805
92  3.553617 -3.478046 2.409277  0.000820 0.762046 1.535311
93  0.000002 4.476897 -0.000007  -0.151003 -0.588331 0.377259
94  0.000032 4.514121 -0.000024  -0.228866 -2.996200 0.592368
95  0.000045 4.518376 -0.000024  0.143171 2.612778 0.693383
96  0.000021 3.598327 0.000021  -0.749301 0.869852 -0.773232
97  4.209923 -0.440345 1.018824  -1.742901 -2.098636 -0.027860
98  4.265507 1.434229 -0.404992  -1.042311 -0.065597 -0.605828
99  9.400236 0.017941 0.083201  0.094828 -0.053257 -1.665324
100  10.242421 0.033595 0.064479  2.528026 -0.193631 -1.011070
101  3.465856 -0.059677 0.016693  0.004340 -0.140827 -0.669671
102  1.655594 -0.000021 0.000023  -0.004727 -0.073097 -0.075658
103  0.960769 -0.000000 -0.000008  0.079598 0.069826 0.141317
104  3.462029 -0.064245 0.939907  0.359790 -0.262222 -0.629261
105  1.497177 -0.000011 0.000024  -0.487575 0.020392 -0.044737
106  0.793759 0.000006 -0.000001  -0.014025 0.012612 -0.131355
107  0.591663 -0.460688 0.835206  -0.938119 -0.582250 -0.717449
108  1.556139 -0.000001 0.000000  -0.364077 0.096634 0.343638
109  1.135905 0.000018 0.000002  0.091607 -0.031092 0.400478
110  3.084270 -0.668820 -1.257085  -0.724081 0.311506 -0.853422
111  1.064203 -0.000002 0.000006  0.026244 0.089033 -0.397340
112  0.640336 0.000006 -0.000005  -0.089011 -0.031987 -0.244881
113  3.396823 -0.242137 -0.708690  -0.389038 0.072381 -0.747866
114  1.532969 0.000013 0.000005  0.027212 0.011631 -0.316047
115  0.832975 0.000003 -0.000002  -0.071667 -0.026372 -0.217948
116  4.209942 -0.440343 -1.019279  1.939770 2.095807 0.145199
117  4.266747 1.424938 0.424937  1.688408 -0.045351 -0.873693
118  9.398571 0.011949 -0.082516  0.003248 0.049094 -0.242049
119  10.242444 0.028177 -0.062906  -1.774850 -0.090905 0.094182
120  3.465754 -0.067527 0.002268  -0.280862 0.249105 -1.869038
121  1.655559 0.000004 0.000005  -0.207463 0.208713 -1.356208
122  0.960903 0.000004 0.000000  -0.043109 0.197141 -1.133457
123  3.466861 -0.077781 -0.920909  -0.495656 0.118890 -1.800745
124  1.497258 -0.000028 -0.000020  -0.606140 0.332676 -1.100494
125  0.793792 -0.000008 -0.000002  -0.262660 0.419577 -0.829866
126  0.595083 -0.467151 -0.829176  2.504006 0.573790 -0.712127
127  1.555678 0.000015 -0.000005  0.631202 0.516508 1.162738
128  1.136813 -0.000004 -0.000002  0.578724 0.458684 1.086532
129  3.075978 -0.667967 1.277701  0.410857 0.395440 -1.818116
130  1.064593 0.000022 0.000011  0.073717 -0.139607 -1.300162
131  0.640363 -0.000016 -0.000003  -0.083913 -0.058511 -1.001039
132  3.392416 -0.245369 0.728376  0.071962 0.338523 -1.906569
133  1.532738 -0.000013 -0.000000  -0.000026 0.019612 -1.310203
134  0.833155 0.000007 0.000005  -0.090555 -0.063839 -1.536548
135  3.590109 -3.090296 1.193972  1.635457 1.210566 1.548541
136  3.589556 -3.089880 -1.196373  -1.505736 1.210473 -1.592853
137  -0.436563 4.719025 -0.001076  -0.000532 -1.570733 1.692952
138  -0.000000 2.775454 -0.000237  -0.135089 0.000001 -0.000000
139  -0.000000 3.189770 0.000008  0.207820 -0.000000 0.000000
140  -0.000000 3.504649 0.000047  -0.261876 -0.000000 -0.000000
141  -0.000000 2.863197 -0.000002  -0.051268 -0.000000 -0.000000
time 27
0 -64.799535 -66.059854 40.200542 1.570862 0.000000 -0.000000
1  0.002636 43.025146 0.734438  -0.003641 -0.655327 0.133310
2  3.061858 -4.181013 -0.610804  -1.330568 0.198213 -1.746818
3  18.476776 0.000159 -0.000001  -0.003900 -0.002202 0.046974
4  17.490086 0.000118 0.000003  0.286160 0.040211 -0.961929
5  -3.065329 -4.183574 -0.611480  -1.483325 -0.716395 -1.727607
6  18.474854 -0.000034 -0.000007  -0.002768 0.032042 0.422129
7  17.489584 0.001917 -0.000006  -0.018402 0.014803 -1.200958
8  -0.000117 -0.048883 -0.576226  1.443175 0.172144 1.526811
9  3.224486 0.767047 0.000496  0.006831 -0.030835 0.016327
10  3.223911 0.226399 -0.001944  0.028666 0.020333 0.236164
11  5.187319 -1.262558 -0.001177  0.000012 0.000066 0.194111
12  6.928401 -1.935314 -0.000226  -2.961881 -0.048243 0.193706
13  3.236365 1.079613 0.000057  0.344018 0.291252 0.063512
14  0.833765 3.805353 0.692956  -0.040491 0.554885 1.469872
15  0.000038 6.792206 0.000036  0.007990 0.036070 -0.011407
16  -0.000067 7.744812 0.000016  -0.017442 -0.155305 0.068151
17  0.000074 7.809699 0.000017  -0.033636 0.005026 0.006142
18  -0.000025 7.867671 0.000015  -0.073329 -0.127909 0.026376
19  3.494698 -1.749091 -3.006912  0.152546 2.070419 1.936946
20  0.000119 4.478317 0.000019  -0.194659 0.310432 -0.234995
21  0.000048 4.636115 -0.000029  0.035821 0.324593 -0.151767
22  -0.000042 5.008656 0.000012  0.075999 -0.286565 0.276090
23  0.000063 4.781158 0.000010  0.904398 -2.690903 -0.015798
24  2.253036 1.989057 -3.350106  -1.523631 1.324497 0.112400
25  0.000162 6.589465 0.000169  0.206354 -0.002129 -0.080394
26  0.000039 7.491412 0.000038  -0.333512 0.184454 -0.191167
27  0.000026 7.660306 -0.000057  -0.063176 0.127195 -0.062117
28  0.000009 7.256272 0.000019  -0.052939 -0.487829 0.313813
29  -0.791159 2.265119 -1.234655  -0.753900 1.136377 0.824672
30  -0.000259 8.572261 -0.000093  -0.222843 -0.296789 0.176504
31  -0.000095 8.117218 0.000049  0.072256 0.772520 -0.285589
32  -0.000080 8.230033 -0.000068  -0.080491 -0.347232 0.072254
33  0.000059 7.366724 0.000057  -0.015397 -0.663893 0.062743
34  0.224213 0.240127 -3.218158  -0.877383 1.468889 0.577824
35  -0.000102 7.721061 -0.000307  -0.283829 0.060497 -0.167555
36  -0.000031 7.374854 -0.000004  0.007537 -0.195022 0.049539
37  0.000074 6.848105 0.000005  0.005484 0.006496 -0.033649
38  -0.000049 7.777863 0.000009  -0.186096 0.182474 -0.152846
39  -1.514468 2.104648 -1.150167  -0.029092 0.541320 1.555678
40  -0.000169 6.982347 -0.000078  -0.199699 -0.041212 0.153490
41  0.000041 8.382858 -0.000073  0.044865 0.587986 -0.257961
42  0.000013 8.697703 -0.000023  -0.102638 -0.474318 0.290944
43  0.000057 8.921800 -0.000002  -0.076257 0.581004 -0.195605
44  1.196196 2.899159 -2.353086  -0.449720 1.030105 1.287428
45  0.000108 5.476935 0.000006  0.285574 -0.099352 -0.038446
46  -0.000072 6.060441 -0.000092  -0.155021 -0.575032 0.384609
47  0.000018 5.994261 0.000029  0.033941 0.288573 -0.067729
48  -0.000009 6.100492 0.000001  -0.068405 0.299274 -0.162152
49  0.000032 6.916759 0.000010  -0.096318 0.220533 -0.107966
50  0.000148 6.435060 -0.000050  -0.037459 0.171630 -0.116574
51  1.092796 3.649515 -1.738794  -0.148600 0.876612 1.445020
52  -0.000128 6.792204 -0.000102  0.008284 0.107792 -0.048643
53  -0.000087 7.744771 -0.000028  0.057137 -0.256893 0.015458
54  0.000084 9.115020 -0.000037  -0.020393 0.256253 -0.142636
55  3.494515 -1.749102 3.007064  0.118402 1.106974 1.813812
56  0.000014 4.323829 0.000089  -0.229908 -0.770942 0.449223
57  0.000030 4.872900 -0.000023  0.367244 -0.664052 -0.254033
58  0.000007 5.056652 0.000093  -0.511236 0.856586 -0.546323
59  2.292468 1.708619 3.661675  -1.762558 1.789111 -0.218971
60  -0.000172 6.589444 0.000273  -0.007133 -0.169123 0.176909
61  0.000175 7.491498 -0.000151  -0.132414 -0.107097 0.179327
62  -0.000138 8.249661 0.000141  0.041912 -0.058209 0.015814
63  0.000072 8.605231 -0.000025  0.101586 0.501824 -0.079696
64  -0.240483 2.066075 2.349267  -0.357331 2.461714 1.296082
65  -0.000087 7.721099 -0.000000  -0.208230 -0.126223 -0.116495
66  -0.000124 7.374860 -0.000047  -0.111017 0.046939 -0.046464
67  -0.000040 6.848062 -0.000026  0.273532 0.247523 0.299908
68  0.000037 7.777822 -0.000043  0.072921 0.186148 -0.052689
69  -0.000087 8.178052 0.000011  -0.087029 -0.422849 -0.381357
70  1.617598 3.431408 2.399266  -0.249454 2.569515 1.508574
71  -0.000165 5.476942 -0.000027  0.057729 0.074071 0.060286
72  -0.000096 6.060499 -0.000007  -0.015204 0.015650 -0.152065
73  0.000027 5.994246 0.000011  -0.126211 -0.157657 0.153302
74  -0.000076 7.076877 -0.000048  -0.008118 0.010385 0.036400
75  0.000000 7.089876 -0.000071  0.070875 0.098587 -0.025893
76  0.361113 0.886684 3.287746  -0.576374 1.978710 0.939011
77  -0.000069 6.686643 0.000226  -0.146568 0.414164 -0.327708
78  -0.000010 7.638018 0.000010  -0.079524 -0.025948 0.130955
79  -0.000033 7.290227 -0.000021  0.025325 -0.093908 0.023963
80  -0.000033 6.530366 0.000006  -0.261848 -0.300600 0.006735
81  0.000063 7.224879 0.000007  0.036505 0.032481 -0.175824
82  1.071894 3.225794 1.570115  -0.043806 2.859975 1.526249
83  0.000419 6.748904 -0.000067  -0.062702 0.083783 0.022202
84  -0.000045 8.002646 0.000027  -0.067495 -0.117209 -0.115600
85  0.000011 8.580569 -0.000098  0.088212 -0.007187 0.334604
86  0.000168 8.689832 -0.000041  0.065327 -0.412430 -0.134517
87  -1.514536 2.104640 0.318056  -0.024895 3.094490 1.569497
88  0.000193 6.982278 0.000012  -0.107589 -0.057625 -0.215716
89  -0.000011 8.382879 -0.000068  0.135031 -0.099914 0.287072
90  -0.000060 8.697665 0.000023  -0.148090 -0.510101 0.044838
91  -0.000133 8.921822 0.000077  -0.236827 -0.892635 0.098805
92  3.553612 -3.478047 2.409277  0.000820 0.762046 1.535311
93  0.000003 4.476896 -0.000008  -0.151003 -0.588331 0.377258
94  0.000030 4.514123 -0.000024  -0.228866 -2.996200 0.592368
95  0.000043 4.518384 -0.000024  0.143171 2.612778 0.693383
96  0.000020 3.598325 0.000025  -0.749301 0.869852 -0.773232
97  4.209915 -0.440348 1.018825  -1.743951 -2.096849 -0.026746
98  4.265507 1.434237 -0.404992  -1.063760 -0.063356 -0.623510
99  9.400236 0.017943 0.083202  0.094673 -0.053378 -1.662739
100  10.242422 0.033587 0.064482  2.528026 -0.193631 -1.011070
101  3.465855 -0.059677 0.016694  0.004340 -0.140827 -0.669671
102  1.655595 -0.000027 0.000023  -0.004727 -0.073097 -0.075658
103  0.960770 0.000005 -0.000007  0.079598 0.069826 0.141317
104  3.462026 -0.064245 0.939909  0.359790 -0.262222 -0.629261
105  1.497177 -0.000011 0.000021  -0.487575 0.020392 -0.044737
106  0.793761 0.000006 -0.000000  -0.014025 0.012612 -0.131356
107  0.591660 -0.460692 0.835207  -0.938119 -0.582250 -0.717449
108  1.556140 0.000006 0.000001  -0.364077 0.096634 0.343638
109  1.135905 0.000018 0.000003  0.091607 -0.031092 0.400478
110  3.084269 -0.668821 -1.257084  -0.724081 0.311506 -0.853422
111  1.064202 -0.000000 0.000006  0.026244 0.089033 -0.397340
112  0.640339 0.000005 -0.000003  -0.089011 -0.031987 -0.244881
113  3.396819 -0.242140 -0.708690  -0.389038 0.072381 -0.747866
114  1.532969 0.000005 0.000006  0.027212 0.011631 -0.316047
115  0.832976 -0.000006 -0.000004  -0.071667 -0.026372 -0.217948
116  4.209937 -0.440344 -1.019278  1.942400 2.097634 0.147299
117  4.266746 1.424943 0.424940  1.689758 -0.063337 -0.853874
118  9.398564 0.011950 -0.082517  0.003595 0.048751 -0.235766
119  10.242435 0.028177 -0.062907  -1.779326 -0.115596 0.053468
120  3.465749 -0.067527 0.002268  -0.277861 0.249350 -1.854873
121  1.655559 0.000010 0.000006  -0.201667 0.207115 -1.329405
122  0.960901 0.000005 0.000000  -0.037916 0.193972 -1.099950
123  3.466854 -0.077782 -0.920910  -0.495206 0.119037 -1.792605
124  1.497259 -0.000031 -0.000021  -0.601161 0.330223 -1.085785
125  0.793792 -0.000007 -0.000001  -0.254581 0.412637 -0.816789
126  0.595075 -0.467152 -0.829176  2.500884 0.583177 -0.713477
127  1.555677 0.000015 -0.000004  0.631202 0.516508 1.162738
128  1.136811 -0.000009 -0.000003  0.578724 0.458684 1.086532
129  3.075970 -0.667968 1.277700  0.428203 0.389629 -1.784286
130  1.064593 0.000017 0.000012  0.069623 -0.138641 -1.262985
131  0.640360 -0.000015 -0.000003  -0.086609 -0.056275 -0.958737
132  3.392409 -0.245369 0.728376  0.077246 0.337741 -1.892781
133  1.532738 -0.000006 -0.000001  0.000721 0.019487 -1.265321
134  0.833151 0.000008 0.000005  -0.089615 -0.063925 -1.491772
135  3.590108 -3.090293 1.193972  1.635457 1.210566 1.548541
136  3.589558 -3.089879 -1.196373  -1.505736 1.210473 -1.592853
137  -0.436563 4.719028 -0.001076  -0.000945 -1.570733 1.692864
138  -0.000000 2.775453 -0.000236  -0.135089 0.000001 -0.000000
139  -0.000000 3.189767 0.000008  0.207820 -0.000000 0.000000
140  -0.000000 3.504652 0.000047  -0.261876 0.000000 -0.000000
141  -0.000000 2.863200 -0.000002  -0.051268 -0.000000 -0.000000
time 28
0 -67.27519 -68.697754 39.826023 1.570862 0.000000 -0.000000
1  0.002636 43.025146 0.734438  -0.002152 -0.660095 0.139300
2  3.061858 -4.181007 -0.610804  -1.328013 0.230114 -1.754472
3  18.476776 0.000158 -0.000001  -0.002760 -0.004996 0.083776
4  17.490088 0.000117 0.000004  0.283050 0.026327 -0.985239
5  -3.065330 -4.183576 -0.611479  -1.446584 -0.727905 -1.727184
6  18.474857 -0.000036 -0.000008  -0.002696 0.030299 0.400846
7  17.489584 0.001915 -0.000007  -0.033033 -0.030594 -1.185041
8  -0.000117 -0.048881 -0.576226  1.437824 0.170599 1.507788
9  3.224486 0.767047 0.000496  0.002053 -0.015195 0.015694
10  3.223913 0.226400 -0.001944  0.027327 0.030387 0.235927
11  5.187319 -1.262559 -0.001177  0.000012 0.000066 0.194111
12  6.928409 -1.935315 -0.000228  -2.959552 -0.049619 0.188438
13  3.236363 1.079610 0.000056  0.348571 0.308698 0.071042
14  0.833762 3.805350 0.692956  -0.040491 0.554885 1.469872
15  0.000038 6.792212 0.000037  0.007990 0.036070 -0.011407
16  -0.000069 7.744812 0.000016  -0.017442 -0.155305 0.068151
17  0.000075 7.809698 0.000018  -0.033636 0.005026 0.006142
18  -0.000024 7.867674 0.000018  -0.073329 -0.127909 0.026376
19  3.494702 -1.749093 -3.006912  0.152546 2.070419 1.936946
20  0.000119 4.478325 0.000020  -0.194659 0.310432 -0.234994
21  0.000048 4.636116 -0.000029  0.035821 0.324593 -0.151767
22  -0.000041 5.008653 0.000014  0.075999 -0.286565 0.276090
23  0.000063 4.781163 0.000010  0.904398 -2.690903 -0.015798
24  2.253041 1.989056 -3.350106  -1.523631 1.324497 0.112400
25  0.000162 6.589470 0.000172  0.206354 -0.002129 -0.080394
26  0.000043 7.491410 0.000047  -0.333513 0.184454 -0.191167
27  0.000023 7.660306 -0.000055  -0.063176 0.127195 -0.062117
28  0.000006 7.256269 0.000022  -0.052939 -0.487829 0.313813
29  -0.791157 2.265117 -1.234655  -0.753900 1.136377 0.824672
30  -0.000257 8.572266 -0.000092  -0.222843 -0.296789 0.176504
31  -0.000093 8.117213 0.000047  0.072256 0.772520 -0.285589
32  -0.000082 8.230036 -0.000072  -0.080491 -0.347232 0.072254
33  0.000062 7.366722 0.000053  -0.015396 -0.663893 0.062743
34  0.224214 0.240125 -3.218158  -0.877383 1.468889 0.577824
35  -0.000101 7.721048 -0.000310  -0.283829 0.060497 -0.167555
36  -0.000031 7.374853 -0.000002  0.007537 -0.195022 0.049539
37  0.000076 6.848099 0.000006  0.005484 0.006496 -0.033649
38  -0.000051 7.777864 0.000008  -0.186096 0.182474 -0.152846
39  -1.514466 2.104649 -1.150167  -0.029092 0.541320 1.555678
40  -0.000169 6.982349 -0.000077  -0.199699 -0.041213 0.153490
41  0.000038 8.382864 -0.000074  0.044866 0.587986 -0.257962
42  0.000015 8.697697 -0.000024  -0.102638 -0.474318 0.290944
43  0.000056 8.921805 -0.000001  -0.076257 0.581004 -0.195605
44  1.196195 2.899153 -2.353086  -0.449720 1.030105 1.287428
45  0.000108 5.476943 0.000006  0.285574 -0.099352 -0.038446
46  -0.000074 6.060433 -0.000091  -0.155021 -0.575032 0.384609
47  0.000016 5.994265 0.000029  0.033941 0.288573 -0.067729
48  -0.000008 6.100491 0.000002  -0.068406 0.299274 -0.162152
49  0.000036 6.916758 0.000008  -0.096318 0.220533 -0.107966
50  0.000149 6.435059 -0.000047  -0.037459 0.171630 -0.116574
51  1.092796 3.649512 -1.738794  -0.148600 0.876612 1.445020
52  -0.000126 6.792204 -0.000100  0.008284 0.107792 -0.048643
53  -0.000089 7.744766 -0.000030  0.057137 -0.256893 0.015458
54  0.000086 9.115024 -0.000038  -0.020393 0.256253 -0.142636
55  3.494514 -1.749106 3.007064  0.118402 1.106974 1.813812
56  0.000014 4.323835 0.000086  -0.229908 -0.770942 0.449223
57  0.000029 4.872900 -0.000022  0.367244 -0.664052 -0.254033
58  0.000003 5.056652 0.000092  -0.511236 0.856586 -0.546323
59  2.292467 1.708613 3.661675  -1.762558 1.789111 -0.218971
60  -0.000172 6.589438 0.000277  -0.007133 -0.169123 0.176909
61  0.000172 7.491490 -0.000153  -0.132414 -0.107097 0.179326
62  -0.000140 8.249660 0.000140  0.041912 -0.058209 0.015814
63  0.000073 8.605236 -0.000030  0.101587 0.501824 -0.079696
64  -0.240485 2.066071 2.349267  -0.357331 2.461714 1.296082
65  -0.000086 7.721107 -0.000004  -0.208230 -0.126223 -0.116495
66  -0.000121 7.374866 -0.000047  -0.111017 0.046939 -0.046464
67  -0.000033 6.848067 -0.000027  0.273532 0.247523 0.299908
68  0.000035 7.777824 -0.000043  0.072921 0.186148 -0.052689
69  -0.000086 8.178051 0.000011  -0.087029 -0.422849 -0.381357
70  1.617604 3.431408 2.399266  -0.249454 2.569515 1.508574
71  -0.000160 5.476945 -0.000031  0.057729 0.074071 0.060286
72  -0.000090 6.060495 -0.000005  -0.015204 0.015650 -0.152065
73  0.000027 5.994248 0.000012  -0.126211 -0.157657 0.153302
74  -0.000076 7.076877 -0.000047  -0.008118 0.010385 0.036400
75  0.000006 7.089868 -0.000073  0.070875 0.098587 -0.025893
76  0.361109 0.886678 3.287746  -0.576374 1.978710 0.939011
77  -0.000063 6.686646 0.000221  -0.146568 0.414164 -0.327708
78  -0.000011 7.638015 0.000014  -0.079524 -0.025947 0.130955
79  -0.000032 7.290234 -0.000021  0.025325 -0.093908 0.023963
80  -0.000036 6.530369 0.000004  -0.261848 -0.300600 0.006735
81  0.000063 7.224881 0.000007  0.036505 0.032481 -0.175824
82  1.071897 3.225794 1.570115  -0.043806 2.859975 1.526249
83  0.000416 6.748901 -0.000066  -0.062702 0.083783 0.022202
84  -0.000044 8.002646 0.000026  -0.067495 -0.117209 -0.115600
85  0.000012 8.580573 -0.000098  0.088212 -0.007187 0.334604
86  0.000169 8.689832 -0.000041  0.065327 -0.412430 -0.134518
87  -1.514538 2.104636 0.318056  -0.024895 3.094490 1.569497
88  0.000194 6.982283 0.000012  -0.107589 -0.057625 -0.215716
89  -0.000011 8.382872 -0.000067  0.135031 -0.099914 0.287072
90  -0.000059 8.697671 0.000024  -0.148090 -0.510101 0.044838
91  -0.000134 8.921825 0.000078  -0.236827 -0.892635 0.098805
92  3.553611 -3.478051 2.409277  0.000820 0.762046 1.535311
93  0.000000 4.476900 -0.000007  -0.151003 -0.588331 0.377258
94  0.000032 4.514124 -0.000024  -0.228866 -2.996199 0.592368
95  0.000042 4.518384 -0.000025  0.143171 2.612778 0.693383
96  0.000022 3.598332 0.000021  -0.749302 0.869852 -0.773232
97  4.209920 -0.440347 1.018823  -1.743062 -2.098396 -0.027680
98  4.265504 1.434231 -0.404993  -1.068725 -0.057055 -0.633300
99  9.400234 0.017940 0.083204  0.094563 -0.053464 -1.660895
100  10.242419 0.033589 0.064481  2.528026 -0.193631 -1.011070
101  3.465857 -0.059679 0.016694  0.004340 -0.140827 -0.669671
102  1.655595 -0.000026 0.000023  -0.004727 -0.073097 -0.075658
103  0.960770 -0.000003 -0.000007  0.079598 0.069826 0.141317
104  3.462029 -0.064250 0.939909  0.359790 -0.262222 -0.629261
105  1.497176 -0.000011 0.000023  -0.487575 0.020392 -0.044737
106  0.793761 0.000004 -0.000001  -0.014025 0.012612 -0.131355
107  0.591663 -0.460692 0.835207  -0.938119 -0.582250 -0.717449
108  1.556139 -0.000000 0.000003  -0.364077 0.096634 0.343638
109  1.135905 0.000018 0.000004  0.091607 -0.031092 0.400478
110  3.084269 -0.668820 -1.257084  -0.724081 0.311506 -0.853422
111  1.064203 0.000001 0.000007  0.026244 0.089033 -0.397340
112  0.640338 0.000003 -0.000008  -0.089011 -0.031987 -0.244881
113  3.396825 -0.242137 -0.708688  -0.389038 0.072381 -0.747866
114  1.532969 0.000009 0.000005  0.027212 0.011631 -0.316047
115  0.832975 -0.000004 -0.000002  -0.071667 -0.026372 -0.217948
116  4.209942 -0.440345 -1.019279  1.939440 2.101245 0.143984
117  4.266747 1.424941 0.424936  1.704206 -0.102511 -0.832383
118  9.398563 0.011949 -0.082515  0.001554 0.050710 -0.272209
119  10.242438 0.028178 -0.062907  -1.800953 -0.137070 0.040753
120  3.465744 -0.067528 0.002267  -0.274795 0.249528 -1.840617
121  1.655559 0.000002 0.000006  -0.195667 0.205266 -1.301633
122  0.960903 0.000005 0.000000  -0.032626 0.190418 -1.065316
123  3.466856 -0.077782 -0.920910  -0.494739 0.119098 -1.784408
124  1.497260 -0.000031 -0.000022  -0.596097 0.327527 -1.070652
125  0.793793 -0.000008 -0.000000  -0.246396 0.405387 -0.803428
126  0.595079 -0.467152 -0.829177  2.497545 0.592873 -0.714976
127  1.555673 0.000016 -0.000004  0.631202 0.516508 1.162738
128  1.136811 -0.000004 -0.000003  0.578724 0.458684 1.086532
129  3.075971 -0.667968 1.277700  0.445654 0.383114 -1.750007
130  1.064595 0.000021 0.000012  0.065420 -0.137456 -1.224734
131  0.640364 -0.000015 -0.000003  -0.089228 -0.053801 -0.915151
132  3.392409 -0.245369 0.728376  0.082506 0.336844 -1.878908
133  1.532738 -0.000011 -0.000000  0.001548 0.019351 -1.219080
134  0.833146 0.000009 0.000005  -0.088674 -0.064074 -1.445633
135  3.590115 -3.090295 1.193972  1.635457 1.210566 1.548541
136  3.589558 -3.089880 -1.196372  -1.505736 1.210473 -1.592853
137  -0.436560 4.719026 -0.001077  -0.000354 -1.570733 1.693016
138  0.000000 2.775453 -0.000235  -0.135089 0.000001 -0.000000
139  -0.000000 3.189772 0.000007  0.207820 -0.000000 0.000000
140  0.000000 3.504655 0.000046  -0.261876 -0.000000 -0.000000
141  0.000000 2.863196 -0.000002  -0.051268 -0.000000 -0.000000
time 29
0 -69.886202 -71.371727 39.527935 1.570862 0.000000 -0.000000
1  0.002636 43.025146 0.734438  0.003978 -0.665474 0.133499
2  3.061857 -4.181015 -0.610803  -1.335016 0.236190 -1.761584
3  18.476776 0.000159 -0.000001  0.000064 -0.013725 0.195702
4  17.490086 0.000117 0.000003  0.285611 0.015792 -1.051743
5  -3.065330 -4.183575 -0.611479  -1.471868 -0.714665 -1.695235
6  18.474855 -0.000033 -0.000008  -0.002630 0.029172 0.387071
7  17.489582 0.001915 -0.000006  -0.083950 -0.043569 -1.105267
8  -0.000118 -0.048884 -0.576226  1.435380 0.170054 1.492485
9  3.224484 0.767047 0.000496  -0.005813 0.002679 0.013137
10  3.223907 0.226400 -0.001944  0.024244 0.042466 0.234384
11  5.187320 -1.262559 -0.001177  0.000012 0.000066 0.194111
12  6.928415 -1.935317 -0.000228  -2.956685 -0.051294 0.187128
13  3.236367 1.079613 0.000057  0.355019 0.323541 0.072783
14  0.833765 3.805353 0.692956  -0.040491 0.554885 1.469872
15  0.000040 6.792214 0.000037  0.007990 0.036070 -0.011407
16  -0.000071 7.744817 0.000014  -0.017442 -0.155305 0.068151
17  0.000072 7.809707 0.000018  -0.033636 0.005026 0.006142
18  -0.000025 7.867676 0.000016  -0.073329 -0.127909 0.026376
19  3.494704 -1.749090 -3.006912  0.152546 2.070419 1.936946
20  0.000120 4.478323 0.000019  -0.194659 0.310432 -0.234994
21  0.000048 4.636114 -0.000029  0.035821 0.324593 -0.151767
22  -0.000042 5.008647 0.000015  0.075999 -0.286565 0.276090
23  0.000064 4.781167 0.000011  0.904398 -2.690903 -0.015798
24  2.253040 1.989058 -3.350106  -1.523631 1.324497 0.112400
25  0.000161 6.589466 0.000172  0.206354 -0.002129 -0.080394
26  0.000038 7.491420 0.000038  -0.333513 0.184454 -0.191167
27  0.000023 7.660304 -0.000058  -0.063176 0.127195 -0.062117
28  0.000007 7.256266 0.000020  -0.052939 -0.487829 0.313813
29  -0.791155 2.265121 -1.234655  -0.753900 1.136377 0.824672
30  -0.000255 8.572260 -0.000091  -0.222843 -0.296789 0.176504
31  -0.000094 8.117207 0.000049  0.072256 0.772520 -0.285589
32  -0.000081 8.230034 -0.000068  -0.080491 -0.347232 0.072254
33  0.000059 7.366724 0.000054  -0.015397 -0.663893 0.062743
34  0.224223 0.240130 -3.218157  -0.877383 1.468889 0.577824
35  -0.000101 7.721050 -0.000318  -0.283829 0.060497 -0.167555
36  -0.000032 7.374859 -0.000001  0.007537 -0.195022 0.049539
37  0.000075 6.848105 0.000005  0.005484 0.006496 -0.033649
38  -0.000051 7.777861 0.000009  -0.186096 0.182474 -0.152846
39  -1.514459 2.104652 -1.150167  -0.029092 0.541320 1.555677
40  -0.000169 6.982345 -0.000076  -0.199699 -0.041213 0.153490
41  0.000040 8.382854 -0.000072  0.044865 0.587986 -0.257961
42  0.000011 8.697702 -0.000025  -0.102637 -0.474318 0.290944
43  0.000058 8.921803 -0.000004  -0.076257 0.581004 -0.195605
44  1.196196 2.899156 -2.353085  -0.449720 1.030105 1.287428
45  0.000108 5.476940 0.000009  0.285574 -0.099352 -0.038446
46  -0.000072 6.060435 -0.000090  -0.155021 -0.575032 0.384609
47  0.000021 5.994260 0.000029  0.033941 0.288573 -0.067729
48  -0.000008 6.100492 -0.000000  -0.068405 0.299274 -0.162152
49  0.000037 6.916758 0.000010  -0.096318 0.220533 -0.107966
50  0.000152 6.435055 -0.000043  -0.037459 0.171630 -0.116574
51  1.092797 3.649514 -1.738794  -0.148600 0.876612 1.445020
52  -0.000127 6.792205 -0.000101  0.008284 0.107792 -0.048643
53  -0.000088 7.744776 -0.000034  0.057137 -0.256893 0.015458
54  0.000084 9.115030 -0.000038  -0.020393 0.256253 -0.142636
55  3.494520 -1.749101 3.007063  0.118402 1.106974 1.813812
56  0.000015 4.323832 0.000089  -0.229908 -0.770942 0.449223
57  0.000029 4.872896 -0.000019  0.367244 -0.664052 -0.254033
58  0.000004 5.056642 0.000091  -0.511236 0.856586 -0.546323
59  2.292479 1.708621 3.661675  -1.762558 1.789111 -0.218971
60  -0.000173 6.589437 0.000278  -0.007133 -0.169123 0.176909
61  0.000174 7.491497 -0.000149  -0.132414 -0.107097 0.179327
62  -0.000141 8.249652 0.000142  0.041912 -0.058209 0.015814
63  0.000075 8.605240 -0.000030  0.101586 0.501824 -0.079696
64  -0.240475 2.066076 2.349267  -0.357331 2.461714 1.296082
65  -0.000092 7.721100 -0.000004  -0.208230 -0.126223 -0.116495
66  -0.000124 7.374855 -0.000046  -0.111017 0.046939 -0.046464
67  -0.000036 6.848063 -0.000024  0.273532 0.247523 0.299908
68  0.000033 7.777824 -0.000042  0.072921 0.186148 -0.052689
69  -0.000085 8.178051 0.000011  -0.087029 -0.422849 -0.381357
70  1.617614 3.431413 2.399266  -0.249454 2.569515 1.508574
71  -0.000162 5.476942 -0.000029  0.057729 0.074071 0.060286
72  -0.000092 6.060493 -0.000005  -0.015204 0.015650 -0.152065
73  0.000026 5.994246 0.000010  -0.126211 -0.157657 0.153302
74  -0.000076 7.076870 -0.000048  -0.008118 0.010385 0.036400
75  0.000001 7.089862 -0.000069  0.070875 0.098587 -0.025893
76  0.361113 0.886682 3.287746  -0.576374 1.978710 0.939011
77  -0.000066 6.686646 0.000222  -0.146568 0.414164 -0.327708
78  -0.000010 7.638012 0.000012  -0.079524 -0.025948 0.130955
79  -0.000031 7.290228 -0.000020  0.025325 -0.093908 0.023963
80  -0.000036 6.530367 0.000003  -0.261848 -0.300600 0.006735
81  0.000062 7.224878 0.000010  0.036505 0.032481 -0.175824
82  1.071904 3.225800 1.570115  -0.043806 2.859975 1.526249
83  0.000415 6.748902 -0.000067  -0.062702 0.083783 0.022202
84  -0.000046 8.002648 0.000027  -0.067495 -0.117209 -0.115599
85  0.000012 8.580569 -0.000098  0.088212 -0.007187 0.334604
86  0.000174 8.689836 -0.000042  0.065327 -0.412430 -0.134517
87  -1.514532 2.104640 0.318056  -0.024895 3.094490 1.569497
88  0.000195 6.982286 0.000012  -0.107589 -0.057625 -0.215716
89  -0.000009 8.382875 -0.000067  0.135031 -0.099914 0.287072
90  -0.000066 8.697665 0.000024  -0.148090 -0.510101 0.044838
91  -0.000134 8.921824 0.000081  -0.236827 -0.892635 0.098805
92  3.553622 -3.478041 2.409277  0.000820 0.762046 1.535311
93  -0.000002 4.476899 -0.000003  -0.151003 -0.588331 0.377258
94  0.000030 4.514123 -0.000023  -0.228866 -2.996200 0.592368
95  0.000043 4.518384 -0.000021  0.143171 2.612778 0.693383
96  0.000024 3.598329 0.000023  -0.749301 0.869852 -0.773232
97  4.209923 -0.440348 1.018824  -1.740597 -2.102753 -0.030219
98  4.265506 1.434230 -0.404991  -1.081014 -0.042375 -0.638056
99  9.400229 0.017940 0.083203  0.094491 -0.053523 -1.659698
100  10.242421 0.033590 0.064480  2.528026 -0.193631 -1.011070
101  3.465854 -0.059683 0.016695  0.004340 -0.140827 -0.669671
102  1.655595 -0.000024 0.000023  -0.004727 -0.073097 -0.075658
103  0.960769 -0.000005 -0.000007  0.079598 0.069826 0.141317
104  3.462027 -0.064253 0.939908  0.359790 -0.262222 -0.629261
105  1.497177 -0.000010 0.000024  -0.487575 0.020392 -0.044737
106  0.793760 0.000002 -0.000001  -0.014025 0.012612 -0.131355
107  0.591664 -0.460697 0.835206  -0.938119 -0.582250 -0.717449
108  1.556139 -0.000004 0.000000  -0.364077 0.096634 0.343638
109  1.135906 0.000019 0.000006  0.091607 -0.031092 0.400478
110  3.084270 -0.668824 -1.257086  -0.724082 0.311506 -0.853422
111  1.064202 -0.000006 0.000003  0.026244 0.089032 -0.397340
112  0.640338 0.000007 -0.000009  -0.089011 -0.031987 -0.244881
113  3.396822 -0.242145 -0.708690  -0.389038 0.072381 -0.747866
114  1.532968 0.000011 0.000007  0.027212 0.011631 -0.316047
115  0.832972 -0.000001 -0.000000  -0.071667 -0.026372 -0.217948
116  4.209942 -0.440345 -1.019279  1.931561 2.106928 0.135894
117  4.266743 1.424949 0.424937  1.707518 -0.143699 -0.809534
118  9.398569 0.011948 -0.082518  -0.000994 0.052967 -0.316075
119  10.242435 0.028177 -0.062907  -1.814805 -0.146714 0.036387
120  3.465752 -0.067528 0.002267  -0.271717 0.249671 -1.826282
121  1.655559 0.000005 0.000005  -0.189579 0.203199 -1.273237
122  0.960906 0.000004 -0.000000  -0.027348 0.186652 -1.029933
123  3.466858 -0.077782 -0.920909  -0.494308 0.119141 -1.776512
124  1.497260 -0.000034 -0.000022  -0.590904 0.324713 -1.055156
125  0.793785 -0.000007 0.000002  -0.238082 0.397790 -0.789734
126  0.595080 -0.467151 -0.829175  2.494087 0.602974 -0.716503
127  1.555672 0.000016 -0.000005  0.631202 0.516508 1.162738
128  1.136815 -0.000015 -0.000001  0.578724 0.458684 1.086532
129  3.075975 -0.667967 1.277701  0.462927 0.376011 -1.715618
130  1.064592 0.000023 0.000010  0.061169 -0.136089 -1.185509
131  0.640361 -0.000017 -0.000005  -0.091863 -0.051151 -0.870371
132  3.392417 -0.245370 0.728376  0.087811 0.335932 -1.864954
133  1.532737 -0.000012 -0.000001  0.002354 0.019125 -1.171892
134  0.833152 0.000009 0.000004  -0.087698 -0.064256 -1.398482
135  3.590114 -3.090296 1.193973  1.635457 1.210566 1.548541
136  3.589560 -3.089881 -1.196372  -1.505736 1.210473 -1.592853
137  -0.436558 4.719025 -0.001076  -0.000710 -1.570733 1.692885
138  -0.000000 2.775458 -0.000235  -0.135089 0.000001 -0.000000
139  0.000001 3.189767 0.000008  0.207820 0.000000 0.000000
140  0.000000 3.504650 0.000046  -0.261876 -0.000000 -0.000000
141  0.000000 2.863199 -0.000002  -0.051268 0.000000 -0.000000
time 30
0 -72.655491 -74.097354 39.348003 1.570862 0.000000 -0.000000
1  0.002636 43.025146 0.734438  0.012050 -0.668246 0.116277
2  3.061858 -4.181008 -0.610804  -1.346039 0.269833 -1.746589
3  18.476770 0.000158 -0.000000  0.001217 -0.018752 0.258606
4  17.490084 0.000118 0.000002  0.299428 0.019110 -1.082693
5  -3.065329 -4.183570 -0.611480  -1.535996 -0.679465 -1.646164
6  18.474850 -0.000034 -0.000007  -0.002615 0.028939 0.384232
7  17.489584 0.001915 -0.000007  -0.145185 -0.017746 -0.978864
8  -0.000117 -0.048882 -0.576226  1.435780 0.170238 1.481218
9  3.224493 0.767047 0.000496  -0.017565 0.022204 0.009391
10  3.223904 0.226399 -0.001944  0.018912 0.056202 0.232030
11  5.187324 -1.262560 -0.001177  0.000012 0.000066 0.194111
12  6.928409 -1.935312 -0.000227  -2.953999 -0.053070 0.190116
13  3.236372 1.079615 0.000056  0.362186 0.334718 0.067592
14  0.833760 3.805350 0.692956  -0.040491 0.554885 1.469872
15  0.000040 6.792208 0.000038  0.007990 0.036070 -0.011407
16  -0.000067 7.744818 0.000018  -0.017442 -0.155305 0.068151
17  0.000074 7.809700 0.000022  -0.033636 0.005026 0.006142
18  -0.000028 7.867672 0.000019  -0.073329 -0.127909 0.026376
19  3.494697 -1.749094 -3.006912  0.152546 2.070419 1.936946
20  0.000120 4.478321 0.000021  -0.194659 0.310432 -0.234995
21  0.000047 4.636111 -0.000029  0.035821 0.324593 -0.151767
22  -0.000043 5.008646 0.000014  0.075999 -0.286565 0.276090
23  0.000064 4.781164 0.000011  0.904398 -2.690903 -0.015798
24  2.253038 1.989057 -3.350106  -1.523631 1.324497 0.112400
25  0.000161 6.589459 0.000168  0.206354 -0.002129 -0.080394
26  0.000044 7.491413 0.000040  -0.333512 0.184454 -0.191167
27  0.000025 7.660306 -0.000058  -0.063176 0.127195 -0.062117
28  0.000006 7.256272 0.000018  -0.052939 -0.487829 0.313813
29  -0.791159 2.265117 -1.234655  -0.753900 1.136377 0.824672
30  -0.000260 8.572264 -0.000092  -0.222843 -0.296789 0.176504
31  -0.000096 8.117216 0.000048  0.072256 0.772520 -0.285589
32  -0.000082 8.230038 -0.000072  -0.080491 -0.347232 0.072254
33  0.000058 7.366724 0.000053  -0.015396 -0.663893 0.062743
34  0.224216 0.240125 -3.218158  -0.877383 1.468889 0.577824
35  -0.000101 7.721056 -0.000302  -0.283829 0.060497 -0.167555
36  -0.000029 7.374846 -0.000003  0.007537 -0.195022 0.049539
37  0.000073 6.848099 0.000003  0.005484 0.006496 -0.033649
38  -0.000051 7.777863 0.000006  -0.186096 0.182474 -0.152846
39  -1.514465 2.104650 -1.150167  -0.029092 0.541320 1.555677
40  -0.000169 6.982350 -0.000075  -0.199699 -0.041213 0.153490
41  0.000039 8.382859 -0.000072  0.044865 0.587986 -0.257962
42  0.000016 8.697702 -0.000028  -0.102638 -0.474318 0.290944
43  0.000057 8.921803 -0.000003  -0.076257 0.581004 -0.195605
44  1.196193 2.899156 -2.353086  -0.449720 1.030105 1.287428
45  0.000105 5.476946 0.000008  0.285574 -0.099352 -0.038446
46  -0.000072 6.060434 -0.000087  -0.155021 -0.575032 0.384609
47  0.000019 5.994252 0.000030  0.033941 0.288573 -0.067729
48  -0.000011 6.100489 0.000002  -0.068405 0.299274 -0.162152
49  0.000036 6.916750 0.000012  -0.096318 0.220533 -0.107966
50  0.000151 6.435056 -0.000046  -0.037459 0.171630 -0.116574
51  1.092788 3.649509 -1.738794  -0.148600 0.876612 1.445020
52  -0.000126 6.792202 -0.000097  0.008285 0.107792 -0.048643
53  -0.000088 7.744777 -0.000031  0.057137 -0.256893 0.015458
54  0.000084 9.115015 -0.000037  -0.020393 0.256253 -0.142636
55  3.494512 -1.749105 3.007064  0.118402 1.106974 1.813812
56  0.000014 4.323838 0.000088  -0.229908 -0.770942 0.449223
57  0.000029 4.872896 -0.000022  0.367243 -0.664052 -0.254033
58  0.000005 5.056649 0.000094  -0.511236 0.856586 -0.546323
59  2.292469 1.708616 3.661676  -1.762558 1.789111 -0.218971
60  -0.000173 6.589440 0.000277  -0.007133 -0.169123 0.176909
61  0.000172 7.491498 -0.000153  -0.132414 -0.107097 0.179327
62  -0.000140 8.249660 0.000143  0.041912 -0.058209 0.015814
63  0.000073 8.605238 -0.000023  0.101586 0.501824 -0.079696
64  -0.240490 2.066069 2.349267  -0.357331 2.461714 1.296082
65  -0.000086 7.721107 -0.000002  -0.208230 -0.126223 -0.116495
66  -0.000121 7.374865 -0.000048  -0.111017 0.046939 -0.046464
67  -0.000038 6.848060 -0.000027  0.273532 0.247523 0.299908
68  0.000035 7.777823 -0.000041  0.072921 0.186148 -0.052689
69  -0.000086 8.178050 0.000011  -0.087029 -0.422849 -0.381357
70  1.617608 3.431410 2.399266  -0.249454 2.569515 1.508574
71  -0.000163 5.476950 -0.000029  0.057729 0.074071 0.060286
72  -0.000094 6.060493 -0.000007  -0.015204 0.015650 -0.152065
73  0.000026 5.994248 0.000012  -0.126211 -0.157657 0.153302
74  -0.000080 7.076875 -0.000047  -0.008118 0.010385 0.036400
75  0.000001 7.089867 -0.000071  0.070875 0.098587 -0.025893
76  0.361112 0.886682 3.287746  -0.576374 1.978710 0.939011
77  -0.000066 6.686639 0.000221  -0.146568 0.414164 -0.327708
78  -0.000013 7.638017 0.000014  -0.079524 -0.025947 0.130955
79  -0.000035 7.290226 -0.000021  0.025325 -0.093908 0.023963
80  -0.000034 6.530365 0.000006  -0.261848 -0.300600 0.006735
81  0.000065 7.224876 0.000010  0.036505 0.032481 -0.175824
82  1.071899 3.225797 1.570115  -0.043806 2.859975 1.526249
83  0.000417 6.748898 -0.000067  -0.062702 0.083783 0.022202
84  -0.000045 8.002640 0.000026  -0.067495 -0.117209 -0.115599
85  0.000013 8.580570 -0.000097  0.088212 -0.007187 0.334604
86  0.000171 8.689833 -0.000040  0.065327 -0.412430 -0.134518
87  -1.514536 2.104637 0.318055  -0.024895 3.094490 1.569497
88  0.000199 6.982285 0.000012  -0.107589 -0.057625 -0.215716
89  -0.000008 8.382867 -0.000067  0.135031 -0.099914 0.287072
90  -0.000064 8.697672 0.000024  -0.148090 -0.510101 0.044838
91  -0.000140 8.921821 0.000079  -0.236827 -0.892635 0.098805
92  3.553613 -3.478047 2.409277  0.000820 0.762046 1.535311
93  0.000001 4.476894 -0.000008  -0.151003 -0.588331 0.377258
94  0.000031 4.514123 -0.000025  -0.228866 -2.996200 0.592368
95  0.000043 4.518382 -0.000025  0.143171 2.612778 0.693383
96  0.000020 3.598325 0.000024  -0.749301 0.869852 -0.773232
97  4.209921 -0.440347 1.018824  -1.736928 -2.109343 -0.034000
98  4.265507 1.434225 -0.404994  -1.102053 -0.020366 -0.639389
99  9.400236 0.017939 0.083202  0.094453 -0.053554 -1.659054
100  10.242419 0.033591 0.064483  2.528026 -0.193631 -1.011070
101  3.465855 -0.059677 0.016693  0.004340 -0.140827 -0.669671
102  1.655595 -0.000021 0.000022  -0.004727 -0.073097 -0.075658
103  0.960769 -0.000002 -0.000007  0.079598 0.069826 0.141317
104  3.462027 -0.064247 0.939907  0.359790 -0.262222 -0.629261
105  1.497178 -0.000004 0.000020  -0.487575 0.020392 -0.044737
106  0.793759 0.000004 -0.000002  -0.014025 0.012612 -0.131355
107  0.591661 -0.460692 0.835205  -0.938119 -0.582250 -0.717449
108  1.556139 -0.000001 0.000002  -0.364077 0.096634 0.343638
109  1.135904 0.000018 0.000001  0.091607 -0.031092 0.400478
110  3.084268 -0.668818 -1.257086  -0.724081 0.311506 -0.853422
111  1.064201 -0.000001 0.000007  0.026244 0.089033 -0.397340
112  0.640336 0.000007 -0.000011  -0.089011 -0.031987 -0.244881
113  3.396821 -0.242139 -0.708690  -0.389038 0.072381 -0.747866
114  1.532969 0.000017 0.000008  0.027212 0.011631 -0.316047
115  0.832973 -0.000000 -0.000002  -0.071667 -0.026372 -0.217948
116  4.209942 -0.440343 -1.019279  1.917362 2.114723 0.121793
117  4.266742 1.424944 0.424939  1.698161 -0.174805 -0.782320
118  9.398564 0.011949 -0.082517  -0.002180 0.053952 -0.335931
119  10.242443 0.028177 -0.062908  -1.818314 -0.144941 0.022880
120  3.465750 -0.067526 0.002268  -0.268565 0.249749 -1.811328
121  1.655560 0.000005 0.000007  -0.182866 0.200693 -1.241304
122  0.960905 0.000003 -0.000000  -0.021573 0.182155 -0.989833
123  3.466856 -0.077780 -0.920909  -0.493715 0.119239 -1.767145
124  1.497260 -0.000030 -0.000022  -0.585087 0.321487 -1.037614
125  0.793792 -0.000010 0.000000  -0.228875 0.389151 -0.774475
126  0.595080 -0.467151 -0.829176  2.490552 0.613178 -0.718114
127  1.555677 0.000016 -0.000005  0.631202 0.516508 1.162738
128  1.136813 -0.000012 -0.000002  0.578724 0.458684 1.086532
129  3.075975 -0.667967 1.277701  0.481611 0.367477 -1.677838
130  1.064594 0.000019 0.000009  0.056583 -0.134452 -1.142553
131  0.640363 -0.000014 -0.000004  -0.094554 -0.048103 -0.821699
132  3.392415 -0.245369 0.728376  0.093037 0.334980 -1.851306
133  1.532737 -0.000007 -0.000001  0.003236 0.018818 -1.119360
134  0.833149 0.000008 0.000006  -0.086574 -0.064547 -1.346075
135  3.590114 -3.090295 1.193972  1.635457 1.210566 1.548541
136  3.589560 -3.089880 -1.196373  -1.505736 1.210473 -1.592853
137  -0.436560 4.719026 -0.001076  -0.000354 -1.570733 1.693258
138  -0.000000 2.775448 -0.000236  -0.135089 0.000001 -0.000000
139  -0.000000 3.189771 0.000008  0.207820 -0.000000 0.000000
140  -0.000000 3.504654 0.000046  -0.261876 0.000000 -0.000000
141  -0.000001 2.863197 -0.000002  -0.051268 0.000000 -0.000000
time 31
0 -75.722193 -76.98571 39.360157 1.570862 0.000000 -0.000000
1  0.002636 43.025146 0.734438  0.009554 -0.679101 0.095066
2  3.061858 -4.181009 -0.610803  -1.394968 0.325472 -1.704325
3  18.476767 0.000161 -0.000001  0.001157 -0.018451 0.254876
4  17.490086 0.000116 0.000004  0.320106 0.107499 -1.002021
5  -3.065330 -4.183571 -0.611479  -1.576494 -0.632614 -1.601051
6  18.474857 -0.000036 -0.000008  -0.002759 0.031610 0.416866
7  17.489586 0.001916 -0.000006  -0.137996 -0.006423 -0.947803
8  -0.000117 -0.048876 -0.576226  1.442592 0.170527 1.473283
9  3.224484 0.767047 0.000495  -0.027073 0.042391 0.005437
10  3.223910 0.226400 -0.001944  0.015236 0.070031 0.229789
11  5.187314 -1.262559 -0.001177  0.000012 0.000066 0.194111
12  6.928411 -1.935313 -0.000228  -2.953012 -0.057395 0.195730
13  3.236370 1.079612 0.000056  0.366511 0.347448 0.054230
14  0.833761 3.805348 0.692956  -0.040491 0.554885 1.469872
15  0.000040 6.792210 0.000039  0.007990 0.036070 -0.011407
16  -0.000066 7.744817 0.000013  -0.017442 -0.155305 0.068151
17  0.000074 7.809700 0.000014  -0.033636 0.005026 0.006142
18  -0.000027 7.867674 0.000019  -0.073329 -0.127909 0.026376
19  3.494702 -1.749097 -3.006912  0.152546 2.070419 1.936946
20  0.000119 4.478311 0.000018  -0.194659 0.310432 -0.234994
21  0.000047 4.636120 -0.000029  0.035821 0.324593 -0.151767
22  -0.000042 5.008646 0.000014  0.075999 -0.286565 0.276090
23  0.000064 4.781159 0.000011  0.904398 -2.690903 -0.015798
24  2.253044 1.989055 -3.350106  -1.523631 1.324497 0.112400
25  0.000163 6.589466 0.000174  0.206354 -0.002129 -0.080394
26  0.000042 7.491412 0.000044  -0.333513 0.184454 -0.191167
27  0.000024 7.660304 -0.000059  -0.063176 0.127195 -0.062117
28  0.000004 7.256269 0.000018  -0.052939 -0.487829 0.313813
29  -0.791157 2.265114 -1.234655  -0.753900 1.136377 0.824672
30  -0.000257 8.572265 -0.000092  -0.222843 -0.296789 0.176504
31  -0.000094 8.117217 0.000050  0.072256 0.772520 -0.285589
32  -0.000079 8.230034 -0.000066  -0.080491 -0.347232 0.072254
33  0.000063 7.366725 0.000052  -0.015396 -0.663893 0.062743
34  0.224224 0.240125 -3.218157  -0.877383 1.468889 0.577824
35  -0.000101 7.721048 -0.000308  -0.283829 0.060497 -0.167555
36  -0.000031 7.374856 -0.000003  0.007537 -0.195022 0.049539
37  0.000074 6.848106 0.000005  0.005484 0.006496 -0.033649
38  -0.000047 7.777855 0.000009  -0.186096 0.182474 -0.152846
39  -1.514462 2.104645 -1.150167  -0.029092 0.541320 1.555677
40  -0.000167 6.982340 -0.000078  -0.199699 -0.041213 0.153490
41  0.000039 8.382868 -0.000073  0.044865 0.587986 -0.257961
42  0.000012 8.697701 -0.000028  -0.102637 -0.474318 0.290944
43  0.000057 8.921802 -0.000002  -0.076257 0.581004 -0.195605
44  1.196194 2.899149 -2.353086  -0.449719 1.030105 1.287428
45  0.000108 5.476943 0.000009  0.285574 -0.099352 -0.038446
46  -0.000071 6.060436 -0.000088  -0.155021 -0.575032 0.384609
47  0.000020 5.994267 0.000029  0.033941 0.288573 -0.067729
48  -0.000004 6.100482 0.000002  -0.068405 0.299274 -0.162152
49  0.000036 6.916759 0.000010  -0.096318 0.220533 -0.107966
50  0.000149 6.435059 -0.000046  -0.037458 0.171630 -0.116574
51  1.092794 3.649508 -1.738794  -0.148600 0.876612 1.445020
52  -0.000128 6.792194 -0.000101  0.008284 0.107792 -0.048643
53  -0.000089 7.744775 -0.000032  0.057137 -0.256893 0.015458
54  0.000084 9.115022 -0.000038  -0.020393 0.256253 -0.142636
55  3.494514 -1.749109 3.007064  0.118402 1.106974 1.813812
56  0.000015 4.323827 0.000087  -0.229908 -0.770942 0.449223
57  0.000029 4.872901 -0.000022  0.367243 -0.664052 -0.254033
58  0.000004 5.056648 0.000090  -0.511236 0.856586 -0.546323
59  2.292465 1.708611 3.661675  -1.762558 1.789111 -0.218971
60  -0.000171 6.589444 0.000271  -0.007133 -0.169123 0.176909
61  0.000172 7.491497 -0.000154  -0.132414 -0.107097 0.179327
62  -0.000140 8.249660 0.000141  0.041912 -0.058209 0.015814
63  0.000072 8.605236 -0.000025  0.101586 0.501824 -0.079696
64  -0.240488 2.066067 2.349267  -0.357331 2.461714 1.296082
65  -0.000089 7.721104 -0.000005  -0.208230 -0.126223 -0.116495
66  -0.000124 7.374864 -0.000046  -0.111017 0.046939 -0.046464
67  -0.000036 6.848063 -0.000025  0.273532 0.247523 0.299908
68  0.000036 7.777828 -0.000043  0.072921 0.186148 -0.052689
69  -0.000085 8.178051 0.000009  -0.087029 -0.422849 -0.381357
70  1.617609 3.431408 2.399266  -0.249454 2.569515 1.508574
71  -0.000163 5.476938 -0.000031  0.057729 0.074071 0.060286
72  -0.000088 6.060496 -0.000005  -0.015204 0.015650 -0.152065
73  0.000026 5.994252 0.000011  -0.126211 -0.157657 0.153302
74  -0.000077 7.076873 -0.000047  -0.008118 0.010385 0.036400
75  0.000004 7.089871 -0.000069  0.070875 0.098587 -0.025893
76  0.361112 0.886677 3.287746  -0.576374 1.978710 0.939011
77  -0.000064 6.686641 0.000222  -0.146568 0.414164 -0.327708
78  -0.000010 7.638021 0.000012  -0.079524 -0.025947 0.130955
79  -0.000032 7.290229 -0.000023  0.025325 -0.093908 0.023963
80  -0.000035 6.530370 0.000005  -0.261848 -0.300600 0.006735
81  0.000062 7.224883 0.000010  0.036505 0.032481 -0.175824
82  1.071903 3.225793 1.570115  -0.043806 2.859975 1.526249
83  0.000420 6.748904 -0.000066  -0.062702 0.083783 0.022202
84  -0.000046 8.002645 0.000027  -0.067495 -0.117209 -0.115599
85  0.000015 8.580575 -0.000098  0.088212 -0.007187 0.334604
86  0.000171 8.689830 -0.000041  0.065327 -0.412430 -0.134517
87  -1.514534 2.104634 0.318056  -0.024895 3.094490 1.569497
88  0.000196 6.982282 0.000011  -0.107589 -0.057625 -0.215716
89  -0.000012 8.382864 -0.000068  0.135031 -0.099914 0.287072
90  -0.000059 8.697668 0.000023  -0.148090 -0.510101 0.044838
91  -0.000134 8.921824 0.000079  -0.236827 -0.892635 0.098805
92  3.553620 -3.478046 2.409277  0.000820 0.762046 1.535311
93  -0.000003 4.476897 -0.000012  -0.151003 -0.588331 0.377258
94  0.000030 4.514124 -0.000023  -0.228866 -2.996199 0.592368
95  0.000045 4.518388 -0.000022  0.143171 2.612778 0.693383
96  0.000024 3.598325 0.000023  -0.749302 0.869852 -0.773232
97  4.209923 -0.440343 1.018823  -1.732502 -2.117584 -0.038620
98  4.265503 1.434228 -0.404992  -1.119042 0.000076 -0.638933
99  9.400241 0.017940 0.083201  0.094436 -0.053567 -1.658778
100  10.242418 0.033583 0.064479  2.528026 -0.193631 -1.011070
101  3.465859 -0.059673 0.016694  0.004340 -0.140827 -0.669671
102  1.655594 -0.000020 0.000022  -0.004727 -0.073097 -0.075658
103  0.960769 0.000003 -0.000006  0.079598 0.069826 0.141317
104  3.462031 -0.064241 0.939908  0.359790 -0.262222 -0.629261
105  1.497178 -0.000011 0.000021  -0.487575 0.020392 -0.044737
106  0.793759 -0.000002 -0.000002  -0.014025 0.012612 -0.131355
107  0.591665 -0.460689 0.835206  -0.938119 -0.582250 -0.717449
108  1.556140 -0.000002 0.000001  -0.364077 0.096634 0.343638
109  1.135905 0.000018 0.000007  0.091607 -0.031092 0.400478
110  3.084273 -0.668816 -1.257085  -0.724081 0.311506 -0.853422
111  1.064201 -0.000002 0.000003  0.026244 0.089032 -0.397340
112  0.640337 0.000006 -0.000005  -0.089011 -0.031987 -0.244881
113  3.396828 -0.242136 -0.708689  -0.389038 0.072381 -0.747866
114  1.532969 0.000014 0.000006  0.027212 0.011631 -0.316047
115  0.832973 -0.000008 -0.000003  -0.071667 -0.026372 -0.217948
116  4.209943 -0.440341 -1.019280  1.897294 2.124066 0.102273
117  4.266741 1.424942 0.424938  1.695184 -0.196261 -0.751292
118  9.398561 0.011949 -0.082519  -0.000789 0.052793 -0.312604
119  10.242444 0.028177 -0.062909  -1.830670 -0.133416 -0.011058
120  3.465745 -0.067529 0.002267  -0.265235 0.249816 -1.795849
121  1.655559 0.000008 0.000006  -0.175830 0.197787 -1.207634
122  0.960910 0.000002 -0.000001  -0.015582 0.177152 -0.947292
123  3.466850 -0.077782 -0.920909  -0.493157 0.119303 -1.756952
124  1.497261 -0.000036 -0.000021  -0.579037 0.317961 -1.019151
125  0.793787 -0.000005 -0.000000  -0.219297 0.379826 -0.758416
126  0.595073 -0.467153 -0.829176  2.486960 0.623444 -0.719773
127  1.555680 0.000015 -0.000005  0.631202 0.516508 1.162738
128  1.136811 -0.000009 -0.000002  0.578724 0.458684 1.086532
129  3.075969 -0.667969 1.277701  0.500844 0.357820 -1.638535
130  1.064596 0.000019 0.000008  0.051900 -0.132475 -1.097683
131  0.640365 -0.000019 -0.000002  -0.097209 -0.044874 -0.771054
132  3.392409 -0.245370 0.728376  0.098156 0.333873 -1.837764
133  1.532736 -0.000008 -0.000002  0.004184 0.018504 -1.064132
134  0.833146 0.000009 0.000005  -0.085487 -0.064895 -1.290961
135  3.590102 -3.090294 1.193972  1.635457 1.210566 1.548541
136  3.589553 -3.089879 -1.196372  -1.505736 1.210473 -1.592853
137  -0.436565 4.719026 -0.001076  -0.000710 -1.570733 1.693175
138  0.000000 2.775450 -0.000234  -0.135089 0.000001 0.000000
139  0.000000 3.189764 0.000008  0.207820 -0.000000 0.000000
140  0.000001 3.504653 0.000046  -0.261876 0.000000 -0.000000
141  0.000001 2.863194 -0.000002  -0.051268 -0.000000 0.000000
time 32
0 -78.692377 -79.730014 39.454506 1.570862 0.000000 -0.000000
1  0.002636 43.025146 0.734438  0.014430 -0.694272 0.060550
2  3.061857 -4.181016 -0.610804  -1.451043 0.349853 -1.655576
3  18.476774 0.000157 0.000000  0.000777 -0.016662 0.232568
4  17.490086 0.000117 0.000005  0.334114 0.235804 -0.806551
5  -3.065330 -4.183576 -0.611480  -1.610426 -0.585207 -1.551214
6  18.474850 -0.000036 -0.000008  -0.002819 0.035193 0.460603
7  17.489580 0.001915 -0.000006  -0.117393 -0.003116 -0.943352
8  -0.000117 -0.048881 -0.576226  1.457317 0.169792 1.469430
9  3.224486 0.767047 0.000496  -0.029738 0.064696 0.003846
10  3.223913 0.226399 -0.001945  0.016464 0.084064 0.229360
11  5.187321 -1.262560 -0.001177  0.000012 0.000066 0.194111
12  6.928410 -1.935312 -0.000228  -2.955158 -0.057722 0.202209
13  3.236372 1.079614 0.000056  0.365599 0.352237 0.041566
14  0.833767 3.805354 0.692955  -0.040491 0.554885 1.469872
15  0.000039 6.792202 0.000038  0.007990 0.036070 -0.011407
16  -0.000067 7.744812 0.000014  -0.017442 -0.155305 0.068151
17  0.000074 7.809702 0.000016  -0.033636 0.005026 0.006142
18  -0.000025 7.867674 0.000020  -0.073329 -0.127909 0.026376
19  3.494708 -1.749091 -3.006912  0.152546 2.070419 1.936946
20  0.000120 4.478321 0.000018  -0.194659 0.310432 -0.234994
21  0.000047 4.636124 -0.000030  0.035821 0.324593 -0.151767
22  -0.000042 5.008650 0.000012  0.075999 -0.286565 0.276090
23  0.000064 4.781154 0.000010  0.904398 -2.690903 -0.015798
24  2.253040 1.989055 -3.350106  -1.523631 1.324497 0.112400
25  0.000163 6.589461 0.000171  0.206354 -0.002129 -0.080394
26  0.000040 7.491416 0.000040  -0.333513 0.184454 -0.191167
27  0.000027 7.660303 -0.000057  -0.063176 0.127195 -0.062117
28  0.000004 7.256267 0.000021  -0.052939 -0.487829 0.313813
29  -0.791158 2.265118 -1.234655  -0.753900 1.136377 0.824672
30  -0.000255 8.572268 -0.000090  -0.222843 -0.296789 0.176504
31  -0.000094 8.117211 0.000046  0.072256 0.772520 -0.285589
32  -0.000083 8.230032 -0.000075  -0.080491 -0.347232 0.072254
33  0.000061 7.366724 0.000056  -0.015397 -0.663893 0.062743
34  0.224220 0.240128 -3.218158  -0.877383 1.468889 0.577824
35  -0.000101 7.721050 -0.000301  -0.283829 0.060497 -0.167555
36  -0.000031 7.374852 0.000001  0.007537 -0.195022 0.049539
37  0.000074 6.848102 0.000005  0.005484 0.006496 -0.033649
38  -0.000052 7.777864 0.000009  -0.186096 0.182474 -0.152846
39  -1.514465 2.104648 -1.150167  -0.029092 0.541320 1.555677
40  -0.000166 6.982344 -0.000076  -0.199699 -0.041213 0.153490
41  0.000038 8.382867 -0.000072  0.044865 0.587986 -0.257961
42  0.000015 8.697701 -0.000024  -0.102637 -0.474318 0.290944
43  0.000057 8.921803 -0.000003  -0.076257 0.581005 -0.195605
44  1.196197 2.899155 -2.353086  -0.449720 1.030105 1.287428
45  0.000107 5.476943 0.000008  0.285574 -0.099352 -0.038446
46  -0.000074 6.060435 -0.000089  -0.155021 -0.575032 0.384609
47  0.000020 5.994264 0.000029  0.033941 0.288573 -0.067729
48  -0.000006 6.100490 0.000004  -0.068405 0.299274 -0.162152
49  0.000033 6.916762 0.000009  -0.096318 0.220533 -0.107966
50  0.000149 6.435058 -0.000041  -0.037458 0.171630 -0.116574
51  1.092798 3.649514 -1.738794  -0.148600 0.876612 1.445020
52  -0.000129 6.792199 -0.000098  0.008284 0.107792 -0.048643
53  -0.000087 7.744775 -0.000029  0.057137 -0.256893 0.015458
54  0.000085 9.115023 -0.000036  -0.020393 0.256253 -0.142636
55  3.494519 -1.749103 3.007064  0.118402 1.106974 1.813812
56  0.000014 4.323833 0.000085  -0.229908 -0.770942 0.449223
57  0.000029 4.872898 -0.000020  0.367244 -0.664052 -0.254033
58  0.000007 5.056644 0.000093  -0.511236 0.856586 -0.546323
59  2.292470 1.708616 3.661675  -1.762558 1.789111 -0.218971
60  -0.000172 6.589447 0.000271  -0.007133 -0.169123 0.176909
61  0.000171 7.491490 -0.000144  -0.132414 -0.107097 0.179327
62  -0.000137 8.249657 0.000145  0.041912 -0.058209 0.015814
63  0.000072 8.605234 -0.000030  0.101586 0.501824 -0.079696
64  -0.240482 2.066072 2.349267  -0.357331 2.461714 1.296082
65  -0.000086 7.721102 -0.000004  -0.208230 -0.126223 -0.116495
66  -0.000124 7.374863 -0.000048  -0.111017 0.046939 -0.046464
67  -0.000038 6.848062 -0.000028  0.273532 0.247523 0.299908
68  0.000031 7.777824 -0.000045  0.072921 0.186148 -0.052689
69  -0.000083 8.178052 0.000012  -0.087029 -0.422849 -0.381357
70  1.617606 3.431409 2.399265  -0.249454 2.569515 1.508574
71  -0.000164 5.476943 -0.000030  0.057729 0.074071 0.060286
72  -0.000091 6.060485 -0.000007  -0.015204 0.015650 -0.152065
73  0.000025 5.994251 0.000012  -0.126211 -0.157657 0.153302
74  -0.000082 7.076872 -0.000048  -0.008118 0.010385 0.036400
75  -0.000000 7.089872 -0.000068  0.070875 0.098587 -0.025893
76  0.361115 0.886682 3.287746  -0.576374 1.978710 0.939011
77  -0.000069 6.686641 0.000226  -0.146568 0.414164 -0.327708
78  -0.000012 7.638021 0.000011  -0.079524 -0.025948 0.130955
79  -0.000031 7.290227 -0.000021  0.025325 -0.093908 0.023963
80  -0.000034 6.530365 0.000004  -0.261848 -0.300600 0.006735
81  0.000063 7.224883 0.000012  0.036505 0.032481 -0.175824
82  1.071902 3.225796 1.570115  -0.043806 2.859975 1.526249
83  0.000415 6.748894 -0.000066  -0.062702 0.083783 0.022202
84  -0.000042 8.002645 0.000027  -0.067495 -0.117209 -0.115600
85  0.000014 8.580576 -0.000097  0.088212 -0.007187 0.334604
86  0.000172 8.689830 -0.000041  0.065327 -0.412430 -0.134517
87  -1.514533 2.104638 0.318055  -0.024895 3.094490 1.569497
88  0.000194 6.982285 0.000012  -0.107589 -0.057625 -0.215716
89  -0.000010 8.382872 -0.000068  0.135031 -0.099914 0.287072
90  -0.000061 8.697669 0.000023  -0.148090 -0.510101 0.044838
91  -0.000137 8.921824 0.000081  -0.236827 -0.892635 0.098805
92  3.553616 -3.478047 2.409277  0.000820 0.762046 1.535311
93  0.000001 4.476900 -0.000008  -0.151003 -0.588331 0.377258
94  0.000032 4.514123 -0.000023  -0.228866 -2.996199 0.592368
95  0.000045 4.518385 -0.000021  0.143171 2.612778 0.693383
96  0.000024 3.598323 0.000025  -0.749302 0.869852 -0.773232
97  4.209922 -0.440347 1.018823  -1.727592 -2.126969 -0.043639
98  4.265502 1.434230 -0.404991  -1.125326 0.008435 -0.629694
99  9.400232 0.017943 0.083201  0.094436 -0.053566 -1.658778
100  10.242421 0.033592 0.064480  2.528026 -0.193631 -1.011070
101  3.465859 -0.059677 0.016694  0.004340 -0.140827 -0.669671
102  1.655594 -0.000024 0.000022  -0.004727 -0.073097 -0.075658
103  0.960769 -0.000000 -0.000007  0.079598 0.069826 0.141317
104  3.462026 -0.064249 0.939909  0.359790 -0.262222 -0.629261
105  1.497178 -0.000005 0.000022  -0.487575 0.020392 -0.044737
106  0.793760 0.000007 -0.000001  -0.014025 0.012612 -0.131355
107  0.591666 -0.460690 0.835206  -0.938119 -0.582250 -0.717449
108  1.556139 -0.000000 0.000001  -0.364077 0.096634 0.343638
109  1.135903 0.000016 0.000004  0.091607 -0.031092 0.400478
110  3.084269 -0.668820 -1.257086  -0.724081 0.311506 -0.853422
111  1.064202 -0.000002 0.000005  0.026244 0.089033 -0.397340
112  0.640336 0.000002 -0.000010  -0.089011 -0.031987 -0.244881
113  3.396822 -0.242142 -0.708689  -0.389038 0.072381 -0.747866
114  1.532969 0.000010 0.000005  0.027212 0.011631 -0.316047
115  0.832974 0.000002 -0.000000  -0.071667 -0.026372 -0.217948
116  4.209945 -0.440343 -1.019280  1.871954 2.134370 0.078234
117  4.266739 1.424944 0.424938  1.714224 -0.215571 -0.729748
118  9.398566 0.011950 -0.082516  -0.000105 0.052202 -0.300959
119  10.242439 0.028176 -0.062909  -1.850632 -0.120454 -0.027093
120  3.465748 -0.067528 0.002267  -0.261952 0.249791 -1.780400
121  1.655559 0.000003 0.000005  -0.168880 0.194646 -1.173795
122  0.960908 0.000004 0.000000  -0.009858 0.171825 -0.904551
123  3.466857 -0.077782 -0.920910  -0.492598 0.119365 -1.746723
124  1.497259 -0.000036 -0.000024  -0.573026 0.314305 -1.000619
125  0.793792 -0.000008 0.000001  -0.209940 0.370295 -0.742456
126  0.595084 -0.467153 -0.829177  2.483321 0.633706 -0.721489
127  1.555681 0.000016 -0.000006  0.631202 0.516508 1.162738
128  1.136809 -0.000006 -0.000000  0.578724 0.458684 1.086532
129  3.075976 -0.667969 1.277700  0.519672 0.347422 -1.599376
130  1.064595 0.000020 0.000011  0.047255 -0.130320 -1.052686
131  0.640364 -0.000017 -0.000004  -0.099656 -0.041441 -0.720221
132  3.392413 -0.245371 0.728375  0.103297 0.332762 -1.824234
133  1.532736 -0.000006 -0.000001  0.005087 0.018102 -1.008612
134  0.833154 0.000008 0.000006  -0.084347 -0.065295 -1.235520
135  3.590109 -3.090295 1.193972  1.635457 1.210566 1.548541
136  3.589559 -3.089880 -1.196372  -1.505736 1.210473 -1.592853
137  -0.436563 4.719026 -0.001075  -0.000708 -1.570733 1.693203
138  0.000000 2.775452 -0.000238  -0.135089 0.000001 -0.000000
139  -0.000000 3.189770 0.000008  0.207820 0.000000 0.000000
140  0.000001 3.504650 0.000046  -0.261876 -0.000000 -0.000000
141  -0.000000 2.863201 -0.000003  -0.051268 0.000000 -0.000000
time 33
0 -81.476058 -82.269224 39.601990 1.570862 0.000000 -0.000000
1  0.002636 43.025146 0.734438  0.032120 -0.712434 0.013914
2  3.061857 -4.181009 -0.610803  -1.496143 0.335443 -1.610740
3  18.476774 0.000159 -0.000000  0.001851 -0.022423 0.304051
4  17.490086 0.000119 0.000003  0.332619 0.358163 -0.630610
5  -3.065330 -4.183577 -0.611479  -1.639722 -0.538997 -1.496274
6  18.474852 -0.000035 -0.000008  -0.002691 0.038761 0.504175
7  17.489586 0.001915 -0.000007  -0.102942 0.001069 -0.958418
8  -0.000117 -0.048881 -0.576226  1.479575 0.168910 1.468722
9  3.224484 0.767047 0.000496  -0.024476 0.088682 0.004157
10  3.223914 0.226399 -0.001944  0.023165 0.097848 0.230382
11  5.187322 -1.262559 -0.001177  0.000012 0.000066 0.194111
12  6.928412 -1.935312 -0.000228  -2.960206 -0.052374 0.208390
13  3.236370 1.079617 0.000054  0.359946 0.347421 0.033284
14  0.833754 3.805351 0.692956  -0.040491 0.554884 1.469872
15  0.000042 6.792204 0.000040  0.007990 0.036070 -0.011407
16  -0.000063 7.744822 0.000015  -0.017442 -0.155305 0.068151
17  0.000071 7.809704 0.000018  -0.033636 0.005026 0.006142
18  -0.000026 7.867675 0.000017  -0.073329 -0.127909 0.026376
19  3.494696 -1.749094 -3.006912  0.152546 2.070419 1.936946
20  0.000120 4.478318 0.000019  -0.194659 0.310432 -0.234994
21  0.000048 4.636120 -0.000030  0.035821 0.324593 -0.151767
22  -0.000043 5.008655 0.000011  0.075999 -0.286565 0.276090
23  0.000063 4.781158 0.000011  0.904398 -2.690903 -0.015798
24  2.253032 1.989057 -3.350106  -1.523631 1.324497 0.112400
25  0.000159 6.589468 0.000169  0.206354 -0.002129 -0.080394
26  0.000040 7.491421 0.000038  -0.333512 0.184454 -0.191167
27  0.000029 7.660303 -0.000052  -0.063176 0.127195 -0.062117
28  0.000005 7.256266 0.000021  -0.052939 -0.487829 0.313813
29  -0.791166 2.265117 -1.234655  -0.753900 1.136377 0.824672
30  -0.000256 8.572262 -0.000089  -0.222843 -0.296789 0.176504
31  -0.000094 8.117212 0.000048  0.072256 0.772520 -0.285589
32  -0.000084 8.230036 -0.000070  -0.080491 -0.347232 0.072254
33  0.000059 7.366717 0.000051  -0.015397 -0.663893 0.062743
34  0.224207 0.240124 -3.218157  -0.877383 1.468889 0.577824
35  -0.000101 7.721045 -0.000303  -0.283829 0.060497 -0.167555
36  -0.000030 7.374853 0.000001  0.007537 -0.195022 0.049539
37  0.000074 6.848105 0.000007  0.005484 0.006496 -0.033649
38  -0.000051 7.777868 0.000011  -0.186096 0.182474 -0.152846
39  -1.514469 2.104650 -1.150167  -0.029092 0.541320 1.555677
40  -0.000169 6.982346 -0.000078  -0.199699 -0.041213 0.153490
41  0.000039 8.382865 -0.000071  0.044865 0.587986 -0.257962
42  0.000015 8.697695 -0.000026  -0.102637 -0.474318 0.290944
43  0.000057 8.921808 -0.000005  -0.076257 0.581005 -0.195605
44  1.196189 2.899155 -2.353086  -0.449719 1.030105 1.287428
45  0.000109 5.476947 0.000007  0.285574 -0.099352 -0.038446
46  -0.000073 6.060434 -0.000087  -0.155021 -0.575032 0.384609
47  0.000018 5.994266 0.000030  0.033941 0.288573 -0.067729
48  -0.000005 6.100483 0.000001  -0.068405 0.299274 -0.162152
49  0.000037 6.916761 0.000009  -0.096318 0.220533 -0.107966
50  0.000149 6.435061 -0.000044  -0.037458 0.171630 -0.116574
51  1.092789 3.649511 -1.738794  -0.148600 0.876612 1.445020
52  -0.000127 6.792202 -0.000105  0.008285 0.107792 -0.048643
53  -0.000087 7.744778 -0.000031  0.057137 -0.256893 0.015458
54  0.000087 9.115022 -0.000039  -0.020393 0.256253 -0.142636
55  3.494505 -1.749105 3.007064  0.118402 1.106974 1.813812
56  0.000015 4.323829 0.000088  -0.229908 -0.770942 0.449223
57  0.000029 4.872898 -0.000022  0.367244 -0.664052 -0.254033
58  0.000002 5.056651 0.000089  -0.511236 0.856586 -0.546323
59  2.292457 1.708612 3.661675  -1.762558 1.789111 -0.218971
60  -0.000171 6.589444 0.000271  -0.007133 -0.169123 0.176909
61  0.000174 7.491493 -0.000145  -0.132414 -0.107097 0.179327
62  -0.000137 8.249668 0.000140  0.041912 -0.058209 0.015814
63  0.000071 8.605237 -0.000030  0.101586 0.501824 -0.079696
64  -0.240492 2.066072 2.349267  -0.357331 2.461714 1.296082
65  -0.000090 7.721100 -0.000003  -0.208230 -0.126223 -0.116495
66  -0.000121 7.374866 -0.000047  -0.111017 0.046939 -0.046464
67  -0.000039 6.848063 -0.000028  0.273532 0.247523 0.299908
68  0.000036 7.777820 -0.000043  0.072921 0.186148 -0.052689
69  -0.000085 8.178053 0.000010  -0.087029 -0.422849 -0.381357
70  1.617601 3.431410 2.399266  -0.249454 2.569515 1.508574
71  -0.000164 5.476936 -0.000029  0.057729 0.074071 0.060286
72  -0.000090 6.060496 -0.000007  -0.015204 0.015650 -0.152065
73  0.000026 5.994252 0.000011  -0.126211 -0.157657 0.153302
74  -0.000077 7.076876 -0.000047  -0.008118 0.010385 0.036400
75  0.000005 7.089872 -0.000069  0.070875 0.098587 -0.025893
76  0.361106 0.886683 3.287746  -0.576374 1.978710 0.939011
77  -0.000067 6.686639 0.000223  -0.146568 0.414164 -0.327708
78  -0.000013 7.638020 0.000012  -0.079524 -0.025948 0.130955
79  -0.000031 7.290228 -0.000023  0.025325 -0.093908 0.023963
80  -0.000034 6.530375 0.000005  -0.261848 -0.300600 0.006735
81  0.000063 7.224880 0.000009  0.036505 0.032481 -0.175824
82  1.071893 3.225797 1.570115  -0.043806 2.859975 1.526249
83  0.000416 6.748906 -0.000066  -0.062702 0.083783 0.022202
84  -0.000046 8.002649 0.000027  -0.067495 -0.117209 -0.115600
85  0.000012 8.580573 -0.000097  0.088212 -0.007187 0.334604
86  0.000170 8.689826 -0.000041  0.065327 -0.412430 -0.134517
87  -1.514541 2.104639 0.318056  -0.024895 3.094490 1.569497
88  0.000194 6.982287 0.000012  -0.107589 -0.057625 -0.215716
89  -0.000010 8.382875 -0.000067  0.135031 -0.099914 0.287072
90  -0.000059 8.697672 0.000023  -0.148090 -0.510101 0.044838
91  -0.000134 8.921825 0.000078  -0.236827 -0.892635 0.098805
92  3.553609 -3.478047 2.409277  0.000820 0.762046 1.535311
93  0.000001 4.476899 -0.000008  -0.151003 -0.588331 0.377259
94  0.000031 4.514120 -0.000023  -0.228866 -2.996200 0.592368
95  0.000043 4.518380 -0.000023  0.143171 2.612778 0.693383
96  0.000023 3.598324 0.000025  -0.749301 0.869852 -0.773232
97  4.209923 -0.440346 1.018823  -1.722566 -2.136901 -0.048852
98  4.265504 1.434228 -0.404993  -1.117976 0.004544 -0.611329
99  9.400232 0.017944 0.083201  0.094444 -0.053558 -1.658915
100  10.242420 0.033588 0.064479  2.528026 -0.193631 -1.011070
101  3.465861 -0.059671 0.016694  0.004340 -0.140827 -0.669671
102  1.655595 -0.000019 0.000022  -0.004727 -0.073097 -0.075658
103  0.960769 0.000004 -0.000005  0.079598 0.069826 0.141317
104  3.462031 -0.064241 0.939908  0.359790 -0.262222 -0.629261
105  1.497178 -0.000010 0.000025  -0.487575 0.020392 -0.044737
106  0.793760 0.000005 -0.000001  -0.014025 0.012612 -0.131355
107  0.591666 -0.460684 0.835207  -0.938119 -0.582250 -0.717449
108  1.556140 -0.000002 0.000000  -0.364077 0.096634 0.343638
109  1.135904 0.000017 0.000010  0.091607 -0.031092 0.400478
110  3.084273 -0.668814 -1.257084  -0.724081 0.311506 -0.853422
111  1.064201 -0.000004 0.000005  0.026244 0.089032 -0.397340
112  0.640337 0.000011 -0.000005  -0.089011 -0.031987 -0.244881
113  3.396824 -0.242134 -0.708690  -0.389038 0.072381 -0.747866
114  1.532969 0.000006 0.000006  0.027212 0.011631 -0.316047
115  0.832974 0.000001 -0.000003  -0.071667 -0.026372 -0.217948
116  4.209945 -0.440342 -1.019279  1.839495 2.146191 0.047996
117  4.266748 1.424945 0.424937  1.760791 -0.242209 -0.722427
118  9.398569 0.011949 -0.082516  -0.001959 0.053772 -0.332267
119  10.242444 0.028178 -0.062908  -1.878840 -0.106999 -0.006726
120  3.465753 -0.067527 0.002268  -0.258613 0.249776 -1.764800
121  1.655558 0.000004 0.000007  -0.161979 0.191308 -1.139785
122  0.960905 0.000003 0.000000  -0.004319 0.166257 -0.861664
123  3.466863 -0.077782 -0.920909  -0.491942 0.119432 -1.736366
124  1.497260 -0.000036 -0.000022  -0.567136 0.310503 -0.982099
125  0.793791 -0.000009 0.000000  -0.200689 0.360613 -0.726587
126  0.595083 -0.467151 -0.829175  2.479608 0.643994 -0.723312
127  1.555681 0.000016 -0.000004  0.631202 0.516508 1.162738
128  1.136812 -0.000010 -0.000001  0.578724 0.458684 1.086532
129  3.075977 -0.667967 1.277702  0.538071 0.336294 -1.560373
130  1.064593 0.000019 0.000012  0.042708 -0.127956 -1.007549
131  0.640362 -0.000020 -0.000003  -0.101996 -0.037873 -0.669302
132  3.392418 -0.245369 0.728377  0.108419 0.331570 -1.810666
133  1.532735 -0.000007 -0.000002  0.005954 0.017699 -0.952840
134  0.833151 0.000010 0.000005  -0.083328 -0.065758 -1.179858
135  3.590106 -3.090294 1.193972  1.635457 1.210566 1.548541
136  3.589558 -3.089879 -1.196372  -1.505736 1.210473 -1.592853
137  -0.436562 4.719026 -0.001076  -0.000886 -1.570733 1.692956
138  -0.000001 2.775457 -0.000236  -0.135089 0.000001 -0.000000
139  -0.000000 3.189766 0.000008  0.207820 0.000000 0.000000
140  0.000000 3.504650 0.000046  -0.261876 -0.000000 -0.000000
141  -0.000000 2.863201 -0.000002  -0.051268 -0.000000 -0.000000
time 34
0 -84.127089 -84.653206 39.823269 1.570862 0.000000 -0.000000
1  0.002636 43.025146 0.734438  0.070320 -0.731231 -0.035105
2  3.061858 -4.181009 -0.610804  -1.481502 0.180433 -1.597466
3  18.476778 0.000158 -0.000000  0.001668 -0.047850 0.615510
4  17.490084 0.000117 0.000004  0.227649 0.379928 -0.702040
5  -3.065329 -4.183577 -0.611480  -1.653210 -0.495111 -1.435631
6  18.474855 -0.000036 -0.000007  -0.002598 0.040208 0.521880
7  17.489584 0.001915 -0.000006  -0.138214 0.032034 -1.038155
8  -0.000117 -0.048884 -0.576226  1.506108 0.172270 1.468983
9  3.224484 0.767048 0.000496  -0.012994 0.112139 0.000525
10  3.223911 0.226399 -0.001944  0.033988 0.110383 0.228713
11  5.187322 -1.262560 -0.001177  0.000012 0.000066 0.194111
12  6.928412 -1.935314 -0.000229  -2.966214 -0.041567 0.212627
13  3.236374 1.079616 0.000054  0.351795 0.335570 0.033009
14  0.833761 3.805351 0.692955  -0.040491 0.554885 1.469872
15  0.000039 6.792211 0.000037  0.007990 0.036070 -0.011407
16  -0.000067 7.744818 0.000015  -0.017442 -0.155305 0.068151
17  0.000076 7.809705 0.000020  -0.033636 0.005026 0.006142
18  -0.000024 7.867674 0.000017  -0.073329 -0.127909 0.026376
19  3.494704 -1.749093 -3.006912  0.152546 2.070419 1.936946
20  0.000120 4.478316 0.000020  -0.194659 0.310432 -0.234994
21  0.000047 4.636116 -0.000029  0.035821 0.324593 -0.151767
22  -0.000040 5.008657 0.000015  0.075999 -0.286565 0.276090
23  0.000065 4.781164 0.000012  0.904398 -2.690903 -0.015798
24  2.253042 1.989056 -3.350106  -1.523631 1.324497 0.112400
25  0.000161 6.589462 0.000171  0.206354 -0.002129 -0.080394
26  0.000041 7.491414 0.000043  -0.333513 0.184454 -0.191167
27  0.000024 7.660302 -0.000057  -0.063176 0.127195 -0.062117
28  0.000009 7.256266 0.000020  -0.052939 -0.487829 0.313813
29  -0.791157 2.265117 -1.234655  -0.753900 1.136377 0.824672
30  -0.000257 8.572264 -0.000093  -0.222843 -0.296789 0.176504
31  -0.000095 8.117210 0.000048  0.072256 0.772520 -0.285589
32  -0.000085 8.230034 -0.000072  -0.080491 -0.347232 0.072254
33  0.000059 7.366726 0.000052  -0.015396 -0.663893 0.062743
34  0.224220 0.240128 -3.218158  -0.877383 1.468889 0.577824
35  -0.000101 7.721048 -0.000309  -0.283829 0.060497 -0.167555
36  -0.000031 7.374850 0.000002  0.007537 -0.195022 0.049539
37  0.000075 6.848109 0.000009  0.005484 0.006496 -0.033649
38  -0.000052 7.777868 0.000011  -0.186096 0.182474 -0.152846
39  -1.514461 2.104650 -1.150167  -0.029092 0.541320 1.555677
40  -0.000168 6.982348 -0.000074  -0.199699 -0.041212 0.153490
41  0.000040 8.382862 -0.000072  0.044865 0.587986 -0.257961
42  0.000013 8.697696 -0.000028  -0.102637 -0.474318 0.290944
43  0.000054 8.921804 -0.000001  -0.076257 0.581004 -0.195605
44  1.196189 2.899150 -2.353086  -0.449719 1.030105 1.287428
45  0.000108 5.476942 0.000007  0.285574 -0.099352 -0.038446
46  -0.000073 6.060433 -0.000090  -0.155021 -0.575032 0.384609
47  0.000021 5.994259 0.000027  0.033941 0.288573 -0.067729
48  -0.000005 6.100481 0.000002  -0.068405 0.299274 -0.162152
49  0.000035 6.916763 0.000010  -0.096318 0.220533 -0.107966
50  0.000149 6.435061 -0.000045  -0.037459 0.171630 -0.116574
51  1.092801 3.649514 -1.738794  -0.148600 0.876612 1.445020
52  -0.000125 6.792200 -0.000103  0.008285 0.107792 -0.048643
53  -0.000091 7.744785 -0.000031  0.057137 -0.256893 0.015458
54  0.000080 9.115019 -0.000038  -0.020393 0.256253 -0.142636
55  3.494523 -1.749102 3.007064  0.118401 1.106974 1.813812
56  0.000014 4.323828 0.000087  -0.229908 -0.770942 0.449223
57  0.000028 4.872902 -0.000019  0.367244 -0.664052 -0.254033
58  0.000004 5.056647 0.000098  -0.511236 0.856586 -0.546323
59  2.292468 1.708613 3.661676  -1.762558 1.789111 -0.218971
60  -0.000173 6.589435 0.000271  -0.007133 -0.169123 0.176909
61  0.000173 7.491490 -0.000146  -0.132414 -0.107097 0.179327
62  -0.000138 8.249658 0.000144  0.041912 -0.058209 0.015814
63  0.000072 8.605236 -0.000030  0.101586 0.501824 -0.079696
64  -0.240487 2.066070 2.349267  -0.357331 2.461714 1.296082
65  -0.000090 7.721107 -0.000003  -0.208230 -0.126223 -0.116495
66  -0.000124 7.374860 -0.000045  -0.111017 0.046939 -0.046464
67  -0.000038 6.848063 -0.000027  0.273532 0.247523 0.299908
68  0.000037 7.777823 -0.000042  0.072921 0.186147 -0.052689
69  -0.000084 8.178051 0.000012  -0.087029 -0.422849 -0.381357
70  1.617606 3.431407 2.399265  -0.249454 2.569515 1.508574
71  -0.000165 5.476945 -0.000029  0.057729 0.074071 0.060286
72  -0.000090 6.060493 -0.000007  -0.015204 0.015650 -0.152065
73  0.000025 5.994249 0.000011  -0.126211 -0.157657 0.153302
74  -0.000076 7.076874 -0.000046  -0.008118 0.010385 0.036400
75  0.000004 7.089866 -0.000070  0.070875 0.098587 -0.025893
76  0.361106 0.886679 3.287745  -0.576374 1.978710 0.939011
77  -0.000070 6.686638 0.000222  -0.146568 0.414164 -0.327708
78  -0.000012 7.638019 0.000014  -0.079524 -0.025948 0.130955
79  -0.000032 7.290230 -0.000022  0.025325 -0.093908 0.023963
80  -0.000032 6.530368 0.000007  -0.261848 -0.300600 0.006735
81  0.000064 7.224879 0.000009  0.036505 0.032481 -0.175824
82  1.071897 3.225796 1.570115  -0.043806 2.859975 1.526249
83  0.000418 6.748903 -0.000066  -0.062702 0.083783 0.022202
84  -0.000045 8.002643 0.000026  -0.067495 -0.117209 -0.115600
85  0.000012 8.580569 -0.000097  0.088212 -0.007187 0.334604
86  0.000170 8.689833 -0.000041  0.065327 -0.412430 -0.134517
87  -1.514533 2.104638 0.318055  -0.024895 3.094490 1.569497
88  0.000195 6.982286 0.000012  -0.107589 -0.057625 -0.215716
89  -0.000008 8.382874 -0.000067  0.135031 -0.099914 0.287072
90  -0.000060 8.697670 0.000024  -0.148090 -0.510101 0.044838
91  -0.000134 8.921822 0.000079  -0.236827 -0.892635 0.098805
92  3.553620 -3.478044 2.409277  0.000820 0.762046 1.535311
93  0.000001 4.476891 -0.000009  -0.151003 -0.588331 0.377258
94  0.000030 4.514123 -0.000024  -0.228866 -2.996200 0.592368
95  0.000046 4.518379 -0.000023  0.143171 2.612778 0.693383
96  0.000023 3.598334 0.000023  -0.749301 0.869852 -0.773232
97  4.209923 -0.440346 1.018822  -1.717628 -2.146858 -0.053971
98  4.265505 1.434231 -0.404993  -1.093609 0.001328 -0.586287
99  9.400239 0.017941 0.083203  0.094449 -0.053550 -1.659054
100  10.242419 0.033586 0.064477  2.528026 -0.193631 -1.011070
101  3.465857 -0.059682 0.016693  0.004340 -0.140827 -0.669671
102  1.655595 -0.000020 0.000021  -0.004727 -0.073097 -0.075658
103  0.960769 0.000002 -0.000008  0.079598 0.069826 0.141317
104  3.462032 -0.064246 0.939909  0.359790 -0.262222 -0.629261
105  1.497177 -0.000006 0.000018  -0.487575 0.020392 -0.044737
106  0.793759 0.000008 -0.000001  -0.014025 0.012612 -0.131355
107  0.591663 -0.460692 0.835205  -0.938119 -0.582250 -0.717449
108  1.556138 0.000002 -0.000001  -0.364077 0.096634 0.343638
109  1.135904 0.000017 0.000008  0.091607 -0.031092 0.400478
110  3.084272 -0.668821 -1.257084  -0.724081 0.311506 -0.853422
111  1.064202 -0.000001 0.000002  0.026244 0.089033 -0.397340
112  0.640340 0.000009 -0.000007  -0.089011 -0.031987 -0.244881
113  3.396825 -0.242140 -0.708690  -0.389038 0.072381 -0.747866
114  1.532970 0.000012 0.000006  0.027212 0.011631 -0.316047
115  0.832976 -0.000003 0.000000  -0.071667 -0.026372 -0.217948
116  4.209948 -0.440344 -1.019280  1.801319 2.160079 0.013029
117  4.266751 1.424941 0.424937  1.824694 -0.260436 -0.723147
118  9.398561 0.011949 -0.082515  -0.003853 0.055275 -0.363423
119  10.242443 0.028176 -0.062906  -1.909482 -0.090089 0.017520
120  3.465745 -0.067528 0.002267  -0.255240 0.249637 -1.749045
121  1.655558 -0.000001 0.000006  -0.155057 0.187571 -1.105024
122  0.960906 0.000003 0.000000  0.001148 0.160342 -0.817598
123  3.466853 -0.077782 -0.920910  -0.491334 0.119499 -1.725637
124  1.497258 -0.000032 -0.000020  -0.561002 0.306461 -0.962993
125  0.793788 -0.000006 -0.000001  -0.191352 0.350471 -0.710362
126  0.595080 -0.467152 -0.829176  2.475829 0.654290 -0.725121
127  1.555675 0.000015 -0.000004  0.631202 0.516508 1.162738
128  1.136811 -0.000014 -0.000003  0.578724 0.458684 1.086532
129  3.075978 -0.667969 1.277700  0.556267 0.324252 -1.520952
130  1.064593 0.000019 0.000011  0.038256 -0.125325 -0.961581
131  0.640362 -0.000015 -0.000003  -0.104206 -0.034177 -0.617411
132  3.392413 -0.245371 0.728376  0.113521 0.330312 -1.797112
133  1.532737 -0.000009 -0.000000  0.006874 0.017172 -0.895699
134  0.833152 0.000008 0.000005  -0.082270 -0.066248 -1.122780
135  3.590113 -3.090295 1.193971  1.635457 1.210566 1.548541
136  3.589561 -3.089880 -1.196373  -1.505736 1.210473 -1.592853
137  -0.436559 4.719026 -0.001076  -0.000649 -1.570733 1.692932
138  -0.000000 2.775453 -0.000235  -0.135089 0.000001 -0.000000
139  0.000000 3.189773 0.000008  0.207820 0.000000 0.000000
140  -0.000000 3.504651 0.000045  -0.261876 -0.000000 -0.000000
141  -0.000000 2.863200 -0.000003  -0.051268 -0.000000 -0.000000
time 35
0 -86.699497 -86.931257 40.114326 1.570862 0.000000 -0.000000
1  0.002636 43.025146 0.734438  0.101027 -0.747422 -0.067734
2  3.061858 -4.181010 -0.610804  -1.468365 0.041755 -1.584243
3  18.476776 0.000158 -0.000001  -0.003435 -0.065765 0.843525
4  17.490086 0.000117 0.000004  0.062110 0.308810 -0.861007
5  -3.065330 -4.183575 -0.611480  -1.679943 -0.442307 -1.390861
6  18.474852 -0.000035 -0.000008  -0.002666 0.039153 0.508988
7  17.489584 0.001916 -0.000006  -0.157627 0.061805 -1.099269
8  -0.000117 -0.048883 -0.576226  1.533837 0.176747 1.463871
9  3.224481 0.767047 0.000496  0.001449 0.126363 -0.003305
10  3.223914 0.226400 -0.001944  0.045272 0.116376 0.226558
11  5.187320 -1.262560 -0.001177  0.000012 0.000066 0.194111
12  6.928414 -1.935312 -0.000227  -2.971041 -0.026993 0.217358
13  3.236365 1.079612 0.000056  0.346384 0.316247 0.035854
14  0.833760 3.805353 0.692956  -0.040491 0.554885 1.469872
15  0.000038 6.792212 0.000041  0.007990 0.036070 -0.011407
16  -0.000069 7.744816 0.000017  -0.017442 -0.155305 0.068151
17  0.000076 7.809708 0.000018  -0.033636 0.005026 0.006142
18  -0.000024 7.867670 0.000017  -0.073329 -0.127909 0.026376
19  3.494694 -1.749094 -3.006911  0.152546 2.070419 1.936946
20  0.000120 4.478323 0.000019  -0.194659 0.310432 -0.234994
21  0.000048 4.636124 -0.000028  0.035821 0.324593 -0.151767
22  -0.000042 5.008650 0.000012  0.075999 -0.286565 0.276090
23  0.000064 4.781153 0.000010  0.904398 -2.690903 -0.015798
24  2.253036 1.989058 -3.350105  -1.523631 1.324497 0.112400
25  0.000159 6.589463 0.000172  0.206354 -0.002129 -0.080394
26  0.000040 7.491417 0.000044  -0.333513 0.184454 -0.191167
27  0.000026 7.660304 -0.000056  -0.063176 0.127195 -0.062117
28  0.000009 7.256270 0.000020  -0.052939 -0.487829 0.313813
29  -0.791170 2.265115 -1.234655  -0.753900 1.136377 0.824672
30  -0.000258 8.572260 -0.000088  -0.222843 -0.296789 0.176504
31  -0.000094 8.117212 0.000048  0.072256 0.772520 -0.285589
32  -0.000084 8.230038 -0.000072  -0.080491 -0.347232 0.072254
33  0.000063 7.366726 0.000054  -0.015396 -0.663893 0.062743
34  0.224208 0.240125 -3.218157  -0.877383 1.468889 0.577824
35  -0.000100 7.721058 -0.000310  -0.283829 0.060497 -0.167555
36  -0.000031 7.374849 -0.000003  0.007537 -0.195022 0.049539
37  0.000077 6.848105 0.000005  0.005484 0.006496 -0.033649
38  -0.000049 7.777858 0.000009  -0.186096 0.182474 -0.152846
39  -1.514472 2.104648 -1.150166  -0.029092 0.541320 1.555677
40  -0.000169 6.982348 -0.000075  -0.199699 -0.041213 0.153490
41  0.000039 8.382867 -0.000073  0.044865 0.587986 -0.257961
42  0.000012 8.697698 -0.000026  -0.102637 -0.474318 0.290944
43  0.000057 8.921806 -0.000003  -0.076257 0.581004 -0.195605
44  1.196183 2.899152 -2.353085  -0.449720 1.030105 1.287427
45  0.000108 5.476935 0.000008  0.285574 -0.099352 -0.038446
46  -0.000073 6.060435 -0.000090  -0.155021 -0.575032 0.384609
47  0.000021 5.994262 0.000030  0.033941 0.288573 -0.067729
48  -0.000006 6.100486 0.000001  -0.068405 0.299274 -0.162152
49  0.000033 6.916760 0.000006  -0.096318 0.220533 -0.107966
50  0.000147 6.435059 -0.000048  -0.037458 0.171630 -0.116574
51  1.092790 3.649510 -1.738793  -0.148600 0.876612 1.445020
52  -0.000128 6.792202 -0.000103  0.008285 0.107792 -0.048643
53  -0.000088 7.744768 -0.000031  0.057137 -0.256893 0.015458
54  0.000084 9.115016 -0.000037  -0.020393 0.256253 -0.142636
55  3.494509 -1.749106 3.007065  0.118402 1.106974 1.813812
56  0.000014 4.323848 0.000086  -0.229908 -0.770942 0.449223
57  0.000029 4.872895 -0.000023  0.367244 -0.664052 -0.254033
58  0.000005 5.056647 0.000091  -0.511236 0.856586 -0.546323
59  2.292459 1.708613 3.661675  -1.762558 1.789111 -0.218971
60  -0.000173 6.589443 0.000276  -0.007133 -0.169123 0.176909
61  0.000173 7.491492 -0.000148  -0.132414 -0.107097 0.179327
62  -0.000143 8.249660 0.000144  0.041912 -0.058209 0.015814
63  0.000072 8.605236 -0.000027  0.101586 0.501824 -0.079696
64  -0.240488 2.066072 2.349267  -0.357331 2.461714 1.296082
65  -0.000087 7.721107 -0.000000  -0.208230 -0.126223 -0.116495
66  -0.000124 7.374857 -0.000049  -0.111017 0.046939 -0.046464
67  -0.000038 6.848065 -0.000028  0.273532 0.247523 0.299908
68  0.000033 7.777824 -0.000044  0.072921 0.186148 -0.052689
69  -0.000086 8.178051 0.000011  -0.087029 -0.422849 -0.381357
70  1.617598 3.431408 2.399266  -0.249454 2.569515 1.508574
71  -0.000162 5.476944 -0.000029  0.057729 0.074071 0.060286
72  -0.000091 6.060489 -0.000006  -0.015204 0.015650 -0.152065
73  0.000028 5.994252 0.000012  -0.126211 -0.157657 0.153302
74  -0.000078 7.076879 -0.000048  -0.008118 0.010385 0.036400
75  0.000002 7.089864 -0.000070  0.070875 0.098587 -0.025893
76  0.361107 0.886681 3.287746  -0.576374 1.978710 0.939010
77  -0.000065 6.686648 0.000223  -0.146568 0.414164 -0.327708
78  -0.000011 7.638017 0.000014  -0.079524 -0.025948 0.130955
79  -0.000031 7.290234 -0.000024  0.025325 -0.093908 0.023963
80  -0.000036 6.530369 0.000008  -0.261848 -0.300600 0.006735
81  0.000066 7.224879 0.000010  0.036505 0.032481 -0.175824
82  1.071889 3.225792 1.570116  -0.043806 2.859975 1.526249
83  0.000413 6.748897 -0.000067  -0.062702 0.083783 0.022202
84  -0.000044 8.002649 0.000027  -0.067495 -0.117209 -0.115600
85  0.000013 8.580574 -0.000097  0.088212 -0.007187 0.334604
86  0.000169 8.689831 -0.000041  0.065327 -0.412430 -0.134518
87  -1.514540 2.104636 0.318056  -0.024895 3.094490 1.569497
88  0.000193 6.982285 0.000012  -0.107589 -0.057625 -0.215716
89  -0.000006 8.382876 -0.000068  0.135031 -0.099914 0.287072
90  -0.000060 8.697670 0.000023  -0.148090 -0.510101 0.044838
91  -0.000139 8.921822 0.000080  -0.236827 -0.892635 0.098805
92  3.553610 -3.478048 2.409278  0.000820 0.762046 1.535311
93  -0.000000 4.476894 -0.000006  -0.151003 -0.588331 0.377258
94  0.000031 4.514118 -0.000023  -0.228866 -2.996200 0.592368
95  0.000041 4.518380 -0.000023  0.143171 2.612778 0.693383
96  0.000021 3.598326 0.000022  -0.749301 0.869852 -0.773232
97  4.209924 -0.440345 1.018824  -1.713295 -2.156271 -0.058495
98  4.265508 1.434229 -0.404992  -1.065192 -0.005246 -0.553134
99  9.400230 0.017941 0.083203  0.094453 -0.053549 -1.659053
100  10.242422 0.033588 0.064481  2.528026 -0.193631 -1.011070
101  3.465852 -0.059677 0.016695  0.004340 -0.140827 -0.669671
102  1.655595 -0.000023 0.000021  -0.004727 -0.073097 -0.075658
103  0.960769 -0.000000 -0.000007  0.079598 0.069826 0.141317
104  3.462024 -0.064246 0.939910  0.359790 -0.262222 -0.629261
105  1.497177 -0.000012 0.000020  -0.487575 0.020392 -0.044737
106  0.793760 0.000008 -0.000000  -0.014025 0.012612 -0.131355
107  0.591659 -0.460691 0.835208  -0.938119 -0.582250 -0.717449
108  1.556139 0.000003 -0.000001  -0.364077 0.096634 0.343638
109  1.135902 0.000015 0.000006  0.091607 -0.031092 0.400478
110  3.084266 -0.668822 -1.257084  -0.724081 0.311506 -0.853422
111  1.064201 -0.000008 0.000012  0.026244 0.089033 -0.397340
112  0.640338 0.000002 -0.000010  -0.089011 -0.031987 -0.244881
113  3.396821 -0.242138 -0.708689  -0.389038 0.072381 -0.747866
114  1.532969 0.000011 0.000005  0.027212 0.011631 -0.316047
115  0.832974 0.000001 -0.000002  -0.071668 -0.026372 -0.217948
116  4.209946 -0.440341 -1.019279  1.761900 2.175380 -0.022475
117  4.266743 1.424942 0.424938  1.893086 -0.257639 -0.730329
118  9.398568 0.011948 -0.082515  -0.004095 0.055460 -0.367347
119  10.242438 0.028176 -0.062908  -1.941204 -0.068180 0.033276
120  3.465747 -0.067528 0.002267  -0.251828 0.249501 -1.733235
121  1.655558 0.000008 0.000006  -0.148164 0.183611 -1.069816
122  0.960905 0.000006 0.000000  0.006364 0.154023 -0.773069
123  3.466854 -0.077780 -0.920909  -0.490716 0.119561 -1.714792
124  1.497259 -0.000033 -0.000022  -0.555006 0.302305 -0.943826
125  0.793791 -0.000009 0.000001  -0.182164 0.340112 -0.694186
126  0.595079 -0.467152 -0.829177  2.471996 0.664579 -0.726995
127  1.555676 0.000015 -0.000007  0.631202 0.516508 1.162738
128  1.136810 -0.000006 -0.000003  0.578724 0.458684 1.086532
129  3.075972 -0.667967 1.277700  0.574109 0.311425 -1.481496
130  1.064595 0.000021 0.000012  0.033818 -0.122446 -0.915187
131  0.640364 -0.000018 -0.000003  -0.106183 -0.030281 -0.565137
132  3.392411 -0.245369 0.728376  0.118593 0.328981 -1.783568
133  1.532737 -0.000005 -0.000002  0.007707 0.016606 -0.837938
134  0.833149 0.000007 0.000005  -0.081178 -0.066886 -1.065117
135  3.590111 -3.090295 1.193972  1.635457 1.210566 1.548541
136  3.589558 -3.089880 -1.196373  -1.505736 1.210473 -1.592853
137  -0.436562 4.719025 -0.001076  -0.000828 -1.570733 1.692960
138  0.000000 2.775449 -0.000235  -0.135089 0.000001 -0.000000
139  -0.000000 3.189773 0.000008  0.207820 -0.000000 0.000000
140  0.000000 3.504652 0.000046  -0.261876 0.000000 -0.000000
141  0.000000 2.863202 -0.000002  -0.051268 0.000000 -0.000000
time 36
0 -89.17557 -89.178245 40.455364 1.570862 0.000000 -0.000000
1  0.002636 43.025146 0.734438  0.115154 -0.763342 -0.079210
2  3.061858 -4.181017 -0.610803  -1.477930 -0.090761 -1.569498
3  18.476772 0.000158 -0.000001  -0.009499 -0.077625 1.006476
4  17.490086 0.000115 0.000003  -0.052337 0.146883 -1.055629
5  -3.065330 -4.183581 -0.611479  -1.719346 -0.378097 -1.370467
6  18.474855 -0.000034 -0.000007  -0.002780 0.035909 0.469375
7  17.489584 0.001916 -0.000007  -0.155536 0.087735 -1.132784
8  -0.000117 -0.048888 -0.576226  1.561877 0.181115 1.452620
9  3.224487 0.767047 0.000496  0.017897 0.130258 -0.005440
10  3.223912 0.226399 -0.001944  0.056089 0.115273 0.225146
11  5.187316 -1.262560 -0.001177  0.000012 0.000066 0.194111
12  6.928406 -1.935313 -0.000227  -2.974168 -0.010836 0.222592
13  3.236366 1.079612 0.000057  0.345393 0.292979 0.040494
14  0.833769 3.805353 0.692956  -0.040491 0.554885 1.469872
15  0.000038 6.792205 0.000038  0.007990 0.036070 -0.011407
16  -0.000065 7.744812 0.000014  -0.017442 -0.155305 0.068151
17  0.000075 7.809700 0.000016  -0.033636 0.005026 0.006142
18  -0.000027 7.867670 0.000017  -0.073329 -0.127909 0.026376
19  3.494702 -1.749094 -3.006911  0.152546 2.070419 1.936946
20  0.000120 4.478315 0.000020  -0.194659 0.310432 -0.234994
21  0.000046 4.636123 -0.000029  0.035821 0.324593 -0.151767
22  -0.000043 5.008649 0.000011  0.075999 -0.286565 0.276090
23  0.000064 4.781165 0.000011  0.904398 -2.690903 -0.015798
24  2.253041 1.989057 -3.350105  -1.523631 1.324497 0.112400
25  0.000161 6.589458 0.000172  0.206354 -0.002129 -0.080394
26  0.000042 7.491412 0.000044  -0.333513 0.184454 -0.191167
27  0.000028 7.660314 -0.000054  -0.063176 0.127195 -0.062117
28  0.000005 7.256270 0.000018  -0.052939 -0.487829 0.313813
29  -0.791158 2.265118 -1.234654  -0.753900 1.136377 0.824672
30  -0.000258 8.572259 -0.000090  -0.222843 -0.296789 0.176504
31  -0.000092 8.117208 0.000047  0.072256 0.772520 -0.285589
32  -0.000086 8.230032 -0.000072  -0.080491 -0.347232 0.072254
33  0.000060 7.366721 0.000053  -0.015397 -0.663893 0.062743
34  0.224219 0.240126 -3.218156  -0.877383 1.468889 0.577824
35  -0.000100 7.721051 -0.000307  -0.283829 0.060497 -0.167555
36  -0.000030 7.374848 -0.000004  0.007537 -0.195022 0.049539
37  0.000076 6.848102 0.000006  0.005484 0.006496 -0.033649
38  -0.000049 7.777861 0.000008  -0.186096 0.182474 -0.152846
39  -1.514459 2.104650 -1.150166  -0.029092 0.541320 1.555677
40  -0.000165 6.982352 -0.000077  -0.199699 -0.041213 0.153490
41  0.000038 8.382862 -0.000072  0.044865 0.587986 -0.257962
42  0.000013 8.697702 -0.000028  -0.102637 -0.474318 0.290944
43  0.000053 8.921808 -0.000005  -0.076257 0.581005 -0.195605
44  1.196199 2.899155 -2.353085  -0.449719 1.030105 1.287428
45  0.000106 5.476941 0.000006  0.285574 -0.099352 -0.038446
46  -0.000070 6.060433 -0.000089  -0.155021 -0.575032 0.384609
47  0.000019 5.994261 0.000029  0.033941 0.288573 -0.067729
48  -0.000009 6.100488 0.000001  -0.068406 0.299274 -0.162152
49  0.000037 6.916757 0.000010  -0.096318 0.220533 -0.107966
50  0.000149 6.435061 -0.000046  -0.037459 0.171630 -0.116574
51  1.092805 3.649516 -1.738793  -0.148600 0.876612 1.445020
52  -0.000126 6.792197 -0.000104  0.008285 0.107792 -0.048643
53  -0.000089 7.744778 -0.000029  0.057137 -0.256893 0.015458
54  0.000082 9.115018 -0.000037  -0.020393 0.256253 -0.142636
55  3.494521 -1.749101 3.007064  0.118402 1.106974 1.813812
56  0.000014 4.323833 0.000084  -0.229908 -0.770942 0.449223
57  0.000029 4.872899 -0.000020  0.367244 -0.664052 -0.254033
58  0.000002 5.056654 0.000093  -0.511236 0.856586 -0.546323
59  2.292470 1.708616 3.661675  -1.762558 1.789111 -0.218971
60  -0.000172 6.589437 0.000274  -0.007133 -0.169123 0.176909
61  0.000173 7.491498 -0.000148  -0.132414 -0.107097 0.179327
62  -0.000139 8.249662 0.000144  0.041912 -0.058209 0.015814
63  0.000073 8.605233 -0.000029  0.101586 0.501824 -0.079696
64  -0.240480 2.066073 2.349267  -0.357331 2.461714 1.296082
65  -0.000087 7.721105 -0.000003  -0.208230 -0.126223 -0.116495
66  -0.000121 7.374869 -0.000047  -0.111017 0.046939 -0.046464
67  -0.000037 6.848059 -0.000026  0.273532 0.247523 0.299908
68  0.000036 7.777822 -0.000044  0.072921 0.186148 -0.052689
69  -0.000082 8.178053 0.000013  -0.087029 -0.422849 -0.381357
70  1.617610 3.431411 2.399266  -0.249454 2.569515 1.508574
71  -0.000167 5.476931 -0.000028  0.057729 0.074071 0.060286
72  -0.000093 6.060493 -0.000007  -0.015204 0.015650 -0.152065
73  0.000026 5.994254 0.000011  -0.126211 -0.157657 0.153302
74  -0.000078 7.076868 -0.000046  -0.008118 0.010385 0.036400
75  0.000008 7.089874 -0.000071  0.070875 0.098587 -0.025893
76  0.361110 0.886681 3.287746  -0.576374 1.978710 0.939010
77  -0.000068 6.686645 0.000221  -0.146568 0.414164 -0.327708
78  -0.000011 7.638013 0.000012  -0.079524 -0.025948 0.130955
79  -0.000032 7.290227 -0.000023  0.025325 -0.093908 0.023963
80  -0.000034 6.530378 0.000006  -0.261848 -0.300600 0.006735
81  0.000065 7.224881 0.000010  0.036505 0.032481 -0.175824
82  1.071899 3.225797 1.570116  -0.043806 2.859975 1.526249
83  0.000413 6.748895 -0.000066  -0.062702 0.083783 0.022202
84  -0.000047 8.002643 0.000027  -0.067495 -0.117209 -0.115600
85  0.000014 8.580571 -0.000098  0.088212 -0.007187 0.334604
86  0.000169 8.689830 -0.000041  0.065327 -0.412430 -0.134517
87  -1.514526 2.104642 0.318056  -0.024895 3.094490 1.569497
88  0.000192 6.982273 0.000011  -0.107589 -0.057625 -0.215716
89  -0.000010 8.382874 -0.000068  0.135031 -0.099914 0.287072
90  -0.000059 8.697674 0.000024  -0.148090 -0.510101 0.044838
91  -0.000137 8.921820 0.000079  -0.236827 -0.892635 0.098805
92  3.553615 -3.478047 2.409278  0.000820 0.762046 1.535311
93  0.000001 4.476900 -0.000005  -0.151003 -0.588331 0.377258
94  0.000029 4.514124 -0.000024  -0.228866 -2.996200 0.592368
95  0.000045 4.518388 -0.000024  0.143171 2.612778 0.693383
96  0.000024 3.598326 0.000024  -0.749301 0.869852 -0.773232
97  4.209913 -0.440346 1.018824  -1.709411 -2.164601 -0.062477
98  4.265504 1.434233 -0.404991  -1.036291 -0.017733 -0.519518
99  9.400241 0.017942 0.083203  0.094436 -0.053562 -1.658777
100  10.242420 0.033589 0.064479  2.528026 -0.193631 -1.011070
101  3.465855 -0.059676 0.016693  0.004340 -0.140827 -0.669671
102  1.655594 -0.000029 0.000021  -0.004727 -0.073097 -0.075658
103  0.960769 -0.000007 -0.000008  0.079598 0.069826 0.141317
104  3.462029 -0.064245 0.939909  0.359790 -0.262222 -0.629261
105  1.497178 -0.000006 0.000023  -0.487575 0.020392 -0.044737
106  0.793760 0.000007 -0.000002  -0.014025 0.012612 -0.131355
107  0.591663 -0.460691 0.835207  -0.938119 -0.582250 -0.717449
108  1.556139 0.000005 0.000007  -0.364077 0.096634 0.343638
109  1.135904 0.000018 0.000004  0.091607 -0.031092 0.400478
110  3.084271 -0.668820 -1.257084  -0.724081 0.311506 -0.853422
111  1.064201 -0.000001 0.000001  0.026244 0.089033 -0.397340
112  0.640339 0.000003 -0.000004  -0.089011 -0.031987 -0.244881
113  3.396823 -0.242134 -0.708689  -0.389038 0.072381 -0.747866
114  1.532969 0.000002 0.000005  0.027212 0.011631 -0.316047
115  0.832974 0.000002 -0.000004  -0.071667 -0.026372 -0.217948
116  4.209938 -0.440342 -1.019278  1.725769 2.191086 -0.054493
117  4.266741 1.424942 0.424939  1.958905 -0.219769 -0.729145
118  9.398569 0.011950 -0.082517  -0.000614 0.052643 -0.309629
119  10.242433 0.028177 -0.062909  -1.974022 -0.045637 0.021280
120  3.465751 -0.067528 0.002266  -0.248453 0.249276 -1.717369
121  1.655559 0.000004 0.000006  -0.141497 0.179353 -1.034969
122  0.960908 0.000007 -0.000001  0.011268 0.147563 -0.728913
123  3.466857 -0.077781 -0.920910  -0.490109 0.119614 -1.704004
124  1.497259 -0.000036 -0.000023  -0.549113 0.298048 -0.924747
125  0.793785 -0.000003 0.000002  -0.173244 0.329683 -0.678276
126  0.595082 -0.467151 -0.829178  2.468107 0.674864 -0.728933
127  1.555681 0.000015 -0.000005  0.631202 0.516508 1.162738
128  1.136812 -0.000009 -0.000002  0.578724 0.458684 1.086532
129  3.075973 -0.667968 1.277699  0.591235 0.297949 -1.442593
130  1.064595 0.000022 0.000009  0.029552 -0.119381 -0.869026
131  0.640360 -0.000016 -0.000004  -0.107951 -0.026354 -0.513081
132  3.392412 -0.245368 0.728375  0.123643 0.327586 -1.770038
133  1.532740 -0.000009 -0.000001  0.008518 0.016005 -0.780528
134  0.833152 0.000008 0.000006  -0.080171 -0.067563 -1.007781
135  3.590109 -3.090294 1.193972  1.635457 1.210566 1.548541
136  3.589560 -3.089880 -1.196372  -1.505736 1.210473 -1.592853
137  -0.436561 4.719026 -0.001076  -0.000827 -1.570733 1.692908
138  0.000000 2.775455 -0.000236  -0.135089 0.000001 -0.000000
139  -0.000001 3.189772 0.000008  0.207820 -0.000000 0.000000
140  -0.000001 3.504653 0.000046  -0.261876 -0.000000 -0.000000
141  0.000000 2.863199 -0.000002  -0.051268 0.000000 0.000000
end




