version 1
nodes
0 "ValveBiped.Bip01" -1
1 "ValveBiped.Bip01_Pelvis" 0
2 "ValveBiped.Bip01_L_Thigh" 1
3 "ValveBiped.Bip01_L_Calf" 2
4 "ValveBiped.Bip01_L_Foot" 3
5 "ValveBiped.Bip01_R_Thigh" 1
6 "ValveBiped.Bip01_R_Calf" 5
7 "ValveBiped.Bip01_R_Foot" 6
8 "ValveBiped.Bip01_Spine" 1
9 "ValveBiped.Bip01_Spine1" 8
10 "ValveBiped.Bip01_Spine2" 9
11 "ValveBiped.Bip01_Spine4" 10
12 "ValveBiped.Bip01_Neck1" 11
13 "ValveBiped.Bip01_Head1" 12
14 "HBN_CK01" 13
15 "HBN_CK02" 14
16 "HBN_CK03" 15
17 "HBN_CK04" 16
18 "HBN_CK05" 17
19 "HBn_LF01" 13
20 "HBn_LF02" 19
21 "HBn_LF03" 20
22 "HBn_LF04" 21
23 "HBn_LF05" 22
24 "HBN_LMA01" 13
25 "HBN_LMA02" 24
26 "HBN_LMA03" 25
27 "HBN_LMA04" 26
28 "HBN_LMA05" 27
29 "HBN_LMB01" 13
30 "HBN_LMB02" 29
31 "HBN_LMB03" 30
32 "HBN_LMB04" 31
33 "HBN_LMB05" 32
34 "HBN_LMC01" 13
35 "HBN_LMC02" 34
36 "HBN_LMC03" 35
37 "HBN_LMC04" 36
38 "HBN_LMC05" 37
39 "HBN_LMD01" 13
40 "HBN_LMD02" 39
41 "HBN_LMD03" 40
42 "HBN_LMD04" 41
43 "HBN_LMD05" 42
44 "HBN_LME01" 13
45 "HBN_LME02" 44
46 "HBN_LME03" 45
47 "HBN_LME04" 46
48 "HBN_LME05" 47
49 "HBN_LME06" 48
50 "HBN_LME07" 49
51 "HBN_LMF01" 13
52 "HBN_LMF02" 51
53 "HBN_LMF03" 52
54 "HBN_LMF04" 53
55 "HBn_RF01" 13
56 "HBn_RF02" 55
57 "HBn_RF03" 56
58 "HBn_RF04" 57
59 "HBN_RMA01" 13
60 "HBN_RMA02" 59
61 "HBN_RMA03" 60
62 "HBN_RMA04" 61
63 "HBN_RMA05" 62
64 "HBN_RMB01" 13
65 "HBN_RMB02" 64
66 "HBN_RMB03" 65
67 "HBN_RMB04" 66
68 "HBN_RMB05" 67
69 "HBN_RMB06" 68
70 "HBN_RMC01" 13
71 "HBN_RMC02" 70
72 "HBN_RMC03" 71
73 "HBN_RMC04" 72
74 "HBN_RMC05" 73
75 "HBN_RMC06" 74
76 "HBN_RMD01" 13
77 "HBN_RMD02" 76
78 "HBN_RMD03" 77
79 "HBN_RMD04" 78
80 "HBN_RMD05" 79
81 "HBN_RMD06" 80
82 "HBN_RME01" 13
83 "HBN_RME02" 82
84 "HBN_RME03" 83
85 "HBN_RME04" 84
86 "HBN_RME05" 85
87 "HBN_RMF01" 13
88 "HBN_RMF02" 87
89 "HBN_RMF03" 88
90 "HBN_RMF04" 89
91 "HBN_RMF05" 90
92 "HBn_RFF01" 13
93 "HBn_RFF02" 92
94 "HBn_RFF03" 93
95 "HBn_RFF04" 94
96 "HBn_RFF05" 95
97 "ValveBiped.Bip01_L_Clavicle" 11
98 "ValveBiped.Bip01_L_UpperArm" 97
99 "ValveBiped.Bip01_L_Forearm" 98
100 "ValveBiped.Bip01_L_Hand" 99
101 "ValveBiped.Bip01_L_Finger2" 100
102 "ValveBiped.Bip01_L_Finger21" 101
103 "ValveBiped.Bip01_L_Finger22" 102
104 "ValveBiped.Bip01_L_Finger1" 100
105 "ValveBiped.Bip01_L_Finger11" 104
106 "ValveBiped.Bip01_L_Finger12" 105
107 "ValveBiped.Bip01_L_Finger0" 100
108 "ValveBiped.Bip01_L_Finger01" 107
109 "ValveBiped.Bip01_L_Finger02" 108
110 "ValveBiped.Bip01_L_Finger4" 100
111 "ValveBiped.Bip01_L_Finger41" 110
112 "ValveBiped.Bip01_L_Finger42" 111
113 "ValveBiped.Bip01_L_Finger3" 100
114 "ValveBiped.Bip01_L_Finger31" 113
115 "ValveBiped.Bip01_L_Finger32" 114
116 "ValveBiped.Bip01_R_Clavicle" 11
117 "ValveBiped.Bip01_R_UpperArm" 116
118 "ValveBiped.Bip01_R_Forearm" 117
119 "ValveBiped.Bip01_R_Hand" 118
120 "ValveBiped.Bip01_R_Finger2" 119
121 "ValveBiped.Bip01_R_Finger21" 120
122 "ValveBiped.Bip01_R_Finger22" 121
123 "ValveBiped.Bip01_R_Finger1" 119
124 "ValveBiped.Bip01_R_Finger11" 123
125 "ValveBiped.Bip01_R_Finger12" 124
126 "ValveBiped.Bip01_R_Finger0" 119
127 "ValveBiped.Bip01_R_Finger01" 126
128 "ValveBiped.Bip01_R_Finger02" 127
129 "ValveBiped.Bip01_R_Finger4" 119
130 "ValveBiped.Bip01_R_Finger41" 129
131 "ValveBiped.Bip01_R_Finger42" 130
132 "ValveBiped.Bip01_R_Finger3" 119
133 "ValveBiped.Bip01_R_Finger31" 132
134 "ValveBiped.Bip01_R_Finger32" 133
135 "lPectoral" 10
136 "rPectoral" 10
137 "Front Cloth" 10
138 "Front Cloth.001" 137
139 "Front Cloth.002" 138
140 "Front Cloth.003" 139
141 "Front Cloth.004" 140
end
skeleton
time 0
0  0.377999 -0.002252 33.900303  1.570862 0.000000 -0.000000
1  0.002636 43.025146 0.734438  -0.163960 0.212145 0.065192
2  3.061858 -4.181015 -0.610804  -1.523101 -0.747951 -1.457033
3  18.476776 0.000157 -0.000001  -0.002856 -0.064333 0.824634
4  17.490088 0.000116 0.000004  0.060128 0.461058 -0.978390
5  -3.065330 -4.183580 -0.611481  -1.377785 0.079766 -2.040896
6  18.474852 -0.000034 -0.000008  0.011657 0.081053 1.057004
7  17.489584 0.001914 -0.000006  0.361487 -0.034788 -1.662985
8  -0.000117 -0.048885 -0.576226  1.675271 0.070302 1.605735
9  3.224482 0.767047 0.000496  0.129659 -0.018371 0.259708
10  3.223907 0.226399 -0.001945  0.193169 0.038517 0.210273
11  5.187325 -1.262560 -0.001177  0.000012 0.000066 0.194111
12  6.928408 -1.935315 -0.000227  3.010290 0.183422 0.287848
13  3.236362 1.079607 0.000056  -0.462968 -0.051746 0.281042
14  0.833759 3.805350 0.692955  -0.040491 0.554884 1.469874
15  0.000036 6.792218 0.000038  0.007989 0.036070 -0.011405
16  -0.000069 7.744816 0.000016  -0.017441 -0.155305 0.068150
17  0.000074 7.809706 0.000018  -0.033637 0.005026 0.006143
18  -0.000027 7.867675 0.000018  -0.073329 -0.127910 0.026375
19  3.494696 -1.749095 -3.006912  0.152547 2.070419 1.936949
20  0.000119 4.478318 0.000019  -0.194659 0.310432 -0.234994
21  0.000047 4.636119 -0.000031  0.035821 0.324593 -0.151767
22  -0.000042 5.008651 0.000016  0.075999 -0.286564 0.276090
23  0.000065 4.781162 0.000010  0.904397 -2.690903 -0.015797
24  2.253038 1.989057 -3.350106  -1.523631 1.324497 0.112403
25  0.000161 6.589468 0.000169  0.206354 -0.002129 -0.080395
26  0.000043 7.491414 0.000049  -0.333511 0.184454 -0.191167
27  0.000026 7.660306 -0.000055  -0.063176 0.127195 -0.062118
28  0.000005 7.256269 0.000021  -0.052940 -0.487829 0.313814
29  -0.791158 2.265117 -1.234656  -0.753900 1.136377 0.824675
30  -0.000257 8.572267 -0.000090  -0.222844 -0.296789 0.176503
31  -0.000097 8.117211 0.000048  0.072258 0.772520 -0.285585
32  -0.000081 8.230034 -0.000070  -0.080491 -0.347232 0.072253
33  0.000058 7.366724 0.000055  -0.015394 -0.663892 0.062742
34  0.224214 0.240125 -3.218158  -0.877385 1.468888 0.577826
35  -0.000101 7.721055 -0.000312  -0.283827 0.060498 -0.167555
36  -0.000033 7.374862 0.000001  0.007536 -0.195022 0.049539
37  0.000075 6.848109 0.000006  0.005485 0.006496 -0.033649
38  -0.000050 7.777865 0.000010  -0.186096 0.182474 -0.152847
39  -1.514469 2.104647 -1.150167  -0.029092 0.541319 1.555680
40  -0.000168 6.982347 -0.000077  -0.199699 -0.041212 0.153489
41  0.000039 8.382862 -0.000072  0.044866 0.587986 -0.257961
42  0.000010 8.697705 -0.000026  -0.102637 -0.474318 0.290943
43  0.000057 8.921808 -0.000004  -0.076258 0.581005 -0.195604
44  1.196192 2.899153 -2.353086  -0.449719 1.030105 1.287431
45  0.000107 5.476938 0.000006  0.285574 -0.099353 -0.038445
46  -0.000076 6.060437 -0.000092  -0.155019 -0.575032 0.384607
47  0.000017 5.994258 0.000029  0.033941 0.288574 -0.067729
48  -0.000010 6.100487 0.000000  -0.068405 0.299273 -0.162154
49  0.000035 6.916758 0.000009  -0.096318 0.220533 -0.107964
50  0.000151 6.435054 -0.000043  -0.037458 0.171630 -0.116574
51  1.092797 3.649512 -1.738794  -0.148600 0.876612 1.445020
52  -0.000126 6.792200 -0.000103  0.008285 0.107792 -0.048643
53  -0.000085 7.744775 -0.000033  0.057137 -0.256893 0.015458
54  0.000084 9.115023 -0.000039  -0.020393 0.256253 -0.142636
55  3.494509 -1.749107 3.007064  0.118402 1.106974 1.813814
56  0.000015 4.323836 0.000088  -0.229908 -0.770942 0.449223
57  0.000028 4.872903 -0.000021  0.367242 -0.664052 -0.254033
58  -0.000000 5.056653 0.000091  -0.511233 0.856588 -0.546320
59  2.292463 1.708612 3.661675  -1.762559 1.789110 -0.218970
60  -0.000173 6.589434 0.000275  -0.007131 -0.169122 0.176911
61  0.000175 7.491490 -0.000148  -0.132416 -0.107097 0.179326
62  -0.000139 8.249660 0.000144  0.041912 -0.058209 0.015814
63  0.000070 8.605239 -0.000029  0.101585 0.501824 -0.079697
64  -0.240485 2.066071 2.349267  -0.357331 2.461714 1.296085
65  -0.000087 7.721103 -0.000003  -0.208229 -0.126223 -0.116495
66  -0.000121 7.374863 -0.000048  -0.111018 0.046939 -0.046462
67  -0.000036 6.848062 -0.000027  0.273532 0.247522 0.299906
68  0.000036 7.777823 -0.000046  0.072921 0.186147 -0.052688
69  -0.000084 8.178053 0.000013  -0.087029 -0.422849 -0.381358
70  1.617598 3.431404 2.399266  -0.249455 2.569514 1.508574
71  -0.000165 5.476938 -0.000028  0.057729 0.074072 0.060285
72  -0.000090 6.060488 -0.000007  -0.015204 0.015650 -0.152066
73  0.000025 5.994250 0.000013  -0.126212 -0.157657 0.153302
74  -0.000079 7.076879 -0.000045  -0.008118 0.010385 0.036402
75  0.000007 7.089868 -0.000071  0.070875 0.098587 -0.025893
76  0.361111 0.886681 3.287746  -0.576374 1.978709 0.939014
77  -0.000066 6.686642 0.000228  -0.146568 0.414164 -0.327706
78  -0.000011 7.638018 0.000013  -0.079523 -0.025948 0.130956
79  -0.000034 7.290230 -0.000023  0.025325 -0.093908 0.023962
80  -0.000033 6.530368 0.000006  -0.261847 -0.300600 0.006736
81  0.000066 7.224885 0.000010  0.036505 0.032481 -0.175824
82  1.071893 3.225794 1.570115  -0.043806 2.859975 1.526250
83  0.000415 6.748901 -0.000067  -0.062702 0.083784 0.022201
84  -0.000048 8.002649 0.000027  -0.067496 -0.117209 -0.115600
85  0.000009 8.580567 -0.000096  0.088213 -0.007188 0.334606
86  0.000168 8.689832 -0.000042  0.065326 -0.412430 -0.134517
87  -1.514533 2.104639 0.318055  -0.024895 3.094490 1.569497
88  0.000193 6.982281 0.000011  -0.107588 -0.057624 -0.215718
89  -0.000007 8.382868 -0.000067  0.135031 -0.099914 0.287074
90  -0.000061 8.697675 0.000024  -0.148089 -0.510100 0.044837
91  -0.000134 8.921824 0.000077  -0.236827 -0.892635 0.098805
92  3.553609 -3.478050 2.409278  0.000819 0.762046 1.535312
93  0.000002 4.476898 -0.000006  -0.151003 -0.588331 0.377258
94  0.000030 4.514125 -0.000023  -0.228866 -2.996200 0.592370
95  0.000041 4.518389 -0.000023  0.143172 2.612778 0.693386
96  0.000021 3.598332 0.000022  -0.749303 0.869852 -0.773233
97  4.209917 -0.440348 1.018824  0.485240 -1.717476 -2.254709
98  4.265508 1.434229 -0.404991  -2.543446 -1.160737 0.625159
99  9.400234 0.017941 0.083202  0.103306 -0.045523 -1.816950
100  10.242420 0.033591 0.064477  2.949776 -0.174805 -0.258715
101  3.465855 -0.059676 0.016695  -0.027732 0.049967 -0.006901
102  1.655593 -0.000022 0.000025  -0.051197 0.031742 0.118280
103  0.960768 -0.000000 -0.000006  -0.012158 0.058205 0.075332
104  3.462028 -0.064244 0.939911  0.244015 -0.262549 0.155923
105  1.497177 -0.000009 0.000027  -0.473918 0.114519 0.299625
106  0.793760 0.000003 0.000011  0.005953 -0.019405 -0.048542
107  0.591663 -0.460689 0.835211  -0.995044 -0.696559 -0.608110
108  1.556139 0.000001 -0.000001  -0.177860 -0.027075 0.124038
109  1.135904 0.000016 0.000005  0.090393 -0.041423 0.161278
110  3.084269 -0.668819 -1.257081  -0.725154 0.478934 -0.228469
111  1.064206 -0.000002 0.000001  0.015722 0.050980 -0.281897
112  0.640336 0.000005 -0.000012  -0.001625 -0.039785 0.270494
113  3.396823 -0.242136 -0.708691  -0.491053 0.126572 -0.331880
114  1.532967 0.000001 0.000014  0.004324 0.003802 0.167332
115  0.832978 -0.000005 0.000004  0.005172 0.014526 -0.215253
116  4.209942 -0.440346 -1.019279  1.017304 1.746277 -0.730784
117  4.266746 1.424937 0.424937  1.054674 0.812178 -1.274927
118  9.398570 0.011948 -0.082514  -0.099611 0.054424 -1.693548
119  10.242441 0.028175 -0.062906  -0.602081 0.236460 -0.192589
120  3.465749 -0.067529 0.002267  -0.097230 0.213260 -1.637015
121  1.655558 0.000006 0.000004  -0.145471 0.180091 -1.060742
122  0.960909 0.000000 -0.000002  0.012081 0.146707 -0.724247
123  3.466852 -0.077782 -0.920909  -0.344529 0.134703 -1.700134
124  1.497258 -0.000029 -0.000022  -0.557193 0.304790 -0.953210
125  0.793797 -0.000007 -0.000000  -0.166215 0.320653 -0.664842
126  0.595075 -0.467150 -0.829173  2.641229 0.813775 -0.557317
127  1.555675 0.000015 -0.000002  0.720094 0.531119 1.282009
128  1.136812 -0.000000 -0.000001  0.326126 0.329596 0.811173
129  3.075972 -0.667969 1.277701  0.650355 0.202758 -1.054519
130  1.064589 0.000022 0.000012  0.035991 -0.122435 -0.938661
131  0.640361 -0.000015 0.000001  -0.109071 -0.031687 -0.551375
132  3.392409 -0.245368 0.728378  0.187043 0.261054 -1.507916
133  1.532739 -0.000010 -0.000006  0.006504 0.017967 -0.855503
134  0.833151 0.000010 0.000003  -0.077440 -0.076339 -1.133876
135  3.590115 -3.090295 1.193972  1.635457 1.210566 1.548541
136  3.589565 -3.089880 -1.196373  -1.505736 1.210473 -1.592853
137  -0.436552 4.719025 -0.001075  -0.001182 -1.570733 1.692794
138  -0.000000 2.775459 -0.000237  -0.135089 0.000001 -0.000000
139  0.000001 3.189775 0.000008  0.207820 0.000000 0.000000
140  -0.000000 3.504652 0.000045  -0.261876 -0.000000 -0.000000
141  -0.000000 2.863202 -0.000002  -0.051268 -0.000000 -0.000000
time 1
0  0.282711 0.618840 30.951496  1.570862 0.000000 -0.000000
1  0.002636 43.025146 0.734438  -0.222147 -0.304616 0.144347
2  3.061857 -4.181009 -0.610804  -2.008114 -0.765684 -1.137952
3  18.476774 0.000153 -0.000001  -0.029181 -0.099341 1.367066
4  17.490086 0.000117 0.000004  0.129814 0.377847 -1.336154
5  -3.065330 -4.183570 -0.611480  -1.919732 -0.393363 -1.703322
6  18.474854 -0.000032 -0.000007  0.047939 0.110182 1.634600
7  17.489584 0.001916 -0.000006  0.179091 0.121003 -1.602078
8  -0.000117 -0.048879 -0.576227  1.716338 -0.100925 1.546357
9  3.224489 0.767046 0.000495  0.143563 -0.171340 0.422914
10  3.223908 0.226400 -0.001944  0.040149 -0.136168 0.444515
11  5.187325 -1.262562 -0.001178  0.000012 0.000066 0.194111
12  6.928410 -1.935315 -0.000227  3.138768 0.004417 0.813975
13  3.236367 1.079610 0.000057  -0.130469 -0.090685 1.096309
14  0.833762 3.805352 0.692956  -0.040491 0.554884 1.469874
15  0.000038 6.792214 0.000037  0.007989 0.036070 -0.011406
16  -0.000063 7.744808 0.000014  -0.017441 -0.155305 0.068150
17  0.000076 7.809698 0.000016  -0.033637 0.005026 0.006143
18  -0.000025 7.867670 0.000018  -0.073329 -0.127910 0.026375
19  3.494704 -1.749094 -3.006911  0.152550 2.070419 1.936949
20  0.000119 4.478319 0.000018  -0.194659 0.310432 -0.234994
21  0.000048 4.636113 -0.000028  0.035822 0.324593 -0.151766
22  -0.000042 5.008651 0.000014  0.075997 -0.286564 0.276090
23  0.000065 4.781163 0.000009  0.904401 -2.690903 -0.015797
24  2.253040 1.989061 -3.350105  -1.523631 1.324497 0.112403
25  0.000162 6.589462 0.000170  0.206354 -0.002129 -0.080395
26  0.000042 7.491415 0.000047  -0.333511 0.184454 -0.191167
27  0.000026 7.660302 -0.000055  -0.063176 0.127195 -0.062118
28  0.000005 7.256276 0.000018  -0.052940 -0.487829 0.313814
29  -0.791159 2.265118 -1.234655  -0.753900 1.136377 0.824675
30  -0.000258 8.572265 -0.000088  -0.222844 -0.296789 0.176503
31  -0.000094 8.117206 0.000048  0.072258 0.772520 -0.285586
32  -0.000084 8.230032 -0.000069  -0.080491 -0.347232 0.072252
33  0.000062 7.366724 0.000057  -0.015394 -0.663892 0.062742
34  0.224215 0.240127 -3.218157  -0.877385 1.468888 0.577826
35  -0.000101 7.721048 -0.000307  -0.283827 0.060498 -0.167555
36  -0.000031 7.374854 -0.000003  0.007536 -0.195022 0.049539
37  0.000075 6.848100 0.000008  0.005485 0.006496 -0.033649
38  -0.000051 7.777868 0.000008  -0.186096 0.182474 -0.152847
39  -1.514462 2.104647 -1.150166  -0.029092 0.541319 1.555680
40  -0.000163 6.982347 -0.000077  -0.199699 -0.041212 0.153489
41  0.000040 8.382859 -0.000073  0.044866 0.587986 -0.257961
42  0.000011 8.697701 -0.000030  -0.102637 -0.474318 0.290943
43  0.000056 8.921801 -0.000005  -0.076258 0.581005 -0.195604
44  1.196194 2.899156 -2.353086  -0.449719 1.030105 1.287431
45  0.000108 5.476935 0.000004  0.285574 -0.099353 -0.038445
46  -0.000071 6.060435 -0.000092  -0.155019 -0.575032 0.384607
47  0.000014 5.994265 0.000029  0.033941 0.288574 -0.067729
48  -0.000008 6.100485 0.000000  -0.068405 0.299273 -0.162154
49  0.000037 6.916759 0.000006  -0.096318 0.220533 -0.107964
50  0.000150 6.435057 -0.000043  -0.037458 0.171630 -0.116574
51  1.092798 3.649513 -1.738794  -0.148600 0.876612 1.445020
52  -0.000130 6.792200 -0.000104  0.008285 0.107792 -0.048643
53  -0.000090 7.744776 -0.000031  0.057137 -0.256893 0.015458
54  0.000083 9.115026 -0.000036  -0.020393 0.256253 -0.142636
55  3.494513 -1.749103 3.007064  0.118402 1.106974 1.813814
56  0.000014 4.323839 0.000084  -0.229908 -0.770942 0.449223
57  0.000030 4.872896 -0.000018  0.367242 -0.664052 -0.254033
58  0.000003 5.056654 0.000093  -0.511233 0.856588 -0.546320
59  2.292466 1.708613 3.661675  -1.762559 1.789110 -0.218970
60  -0.000171 6.589436 0.000281  -0.007130 -0.169123 0.176911
61  0.000172 7.491496 -0.000154  -0.132416 -0.107097 0.179326
62  -0.000135 8.249660 0.000145  0.041912 -0.058209 0.015814
63  0.000071 8.605233 -0.000026  0.101585 0.501824 -0.079697
64  -0.240484 2.066074 2.349267  -0.357331 2.461714 1.296085
65  -0.000082 7.721104 -0.000005  -0.208229 -0.126223 -0.116495
66  -0.000119 7.374865 -0.000049  -0.111018 0.046939 -0.046462
67  -0.000036 6.848063 -0.000027  0.273532 0.247522 0.299906
68  0.000028 7.777823 -0.000044  0.072921 0.186147 -0.052688
69  -0.000087 8.178053 0.000013  -0.087029 -0.422849 -0.381358
70  1.617608 3.431411 2.399265  -0.249455 2.569515 1.508574
71  -0.000163 5.476946 -0.000031  0.057729 0.074072 0.060285
72  -0.000094 6.060495 -0.000006  -0.015204 0.015650 -0.152066
73  0.000028 5.994253 0.000012  -0.126212 -0.157657 0.153302
74  -0.000077 7.076874 -0.000046  -0.008118 0.010385 0.036402
75  0.000004 7.089867 -0.000070  0.070875 0.098587 -0.025893
76  0.361113 0.886684 3.287746  -0.576374 1.978709 0.939014
77  -0.000065 6.686638 0.000220  -0.146568 0.414164 -0.327706
78  -0.000012 7.638021 0.000010  -0.079523 -0.025948 0.130956
79  -0.000032 7.290236 -0.000024  0.025325 -0.093908 0.023962
80  -0.000035 6.530370 0.000005  -0.261847 -0.300600 0.006736
81  0.000063 7.224877 0.000010  0.036505 0.032481 -0.175824
82  1.071894 3.225796 1.570115  -0.043806 2.859975 1.526250
83  0.000416 6.748906 -0.000065  -0.062702 0.083784 0.022201
84  -0.000049 8.002644 0.000026  -0.067496 -0.117209 -0.115600
85  0.000010 8.580575 -0.000097  0.088213 -0.007188 0.334606
86  0.000169 8.689831 -0.000041  0.065326 -0.412430 -0.134517
87  -1.514536 2.104638 0.318056  -0.024895 3.094490 1.569497
88  0.000188 6.982288 0.000012  -0.107588 -0.057624 -0.215718
89  -0.000009 8.382867 -0.000068  0.135031 -0.099914 0.287074
90  -0.000063 8.697673 0.000023  -0.148089 -0.510100 0.044837
91  -0.000131 8.921826 0.000080  -0.236827 -0.892635 0.098805
92  3.553617 -3.478045 2.409277  0.000819 0.762046 1.535312
93  -0.000001 4.476905 -0.000006  -0.151003 -0.588331 0.377258
94  0.000030 4.514128 -0.000022  -0.228866 -2.996200 0.592370
95  0.000044 4.518382 -0.000024  0.143172 2.612778 0.693386
96  0.000024 3.598327 0.000026  -0.749303 0.869852 -0.773233
97  4.209922 -0.440346 1.018823  -0.649400 -1.493287 -1.114954
98  4.265506 1.434225 -0.404990  0.143007 -2.356553 -2.117348
99  9.400235 0.017940 0.083198  0.108571 -0.039290 -1.924647
100  10.242417 0.033590 0.064481  2.954210 0.092143 -0.061094
101  3.465857 -0.059681 0.016693  -0.027824 0.049490 -0.009001
102  1.655594 -0.000019 0.000020  -0.052648 0.023118 0.083067
103  0.960769 -0.000001 -0.000011  -0.012988 0.051045 0.039815
104  3.462029 -0.064248 0.939907  0.239719 -0.259949 0.173619
105  1.497178 -0.000010 0.000013  -0.476689 0.104842 0.275042
106  0.793760 0.000002 -0.000002  0.005763 -0.016762 -0.074622
107  0.591664 -0.460694 0.835202  -0.976204 -0.685751 -0.617063
108  1.556141 -0.000004 0.000001  -0.177255 -0.012023 0.157313
109  1.135904 0.000020 0.000006  0.093411 -0.032906 0.196533
110  3.084271 -0.668825 -1.257086  -0.725569 0.478367 -0.229287
111  1.064202 -0.000003 0.000004  0.013902 0.056690 -0.339798
112  0.640339 0.000003 -0.000001  0.000871 -0.034805 0.212519
113  3.396824 -0.242139 -0.708692  -0.492412 0.120436 -0.342966
114  1.532967 0.000007 0.000007  0.004398 0.002985 0.126414
115  0.832975 -0.000006 -0.000009  0.005348 0.014160 -0.237109
116  4.209946 -0.440347 -1.019279  0.806076 1.948538 -0.904739
117  4.266746 1.424944 0.424935  1.383007 1.247863 -0.511374
118  9.398567 0.011949 -0.082516  -0.090373 0.060757 -1.549071
119  10.242441 0.028171 -0.062908  -0.707947 0.274185 -0.579231
120  3.465746 -0.067527 0.002263  -0.088507 0.209812 -1.595472
121  1.655558 0.000002 0.000007  -0.138688 0.178388 -1.018131
122  0.960905 0.000003 -0.000000  0.019009 0.138408 -0.682651
123  3.466854 -0.077782 -0.920915  -0.344435 0.128754 -1.625869
124  1.497259 -0.000029 -0.000026  -0.542388 0.292250 -0.902007
125  0.793787 -0.000004 -0.000002  -0.144919 0.291298 -0.622808
126  0.595079 -0.467151 -0.829184  2.641229 0.813775 -0.557316
127  1.555670 0.000016 -0.000003  0.706421 0.524837 1.259174
128  1.136813 -0.000008 -0.000001  0.312088 0.320026 0.793961
129  3.075973 -0.667968 1.277695  0.650356 0.202758 -1.054519
130  1.064593 0.000017 0.000013  0.037950 -0.123194 -0.958758
131  0.640362 -0.000016 -0.000001  -0.108593 -0.035422 -0.570994
132  3.392411 -0.245369 0.728371  0.192378 0.256760 -1.487024
133  1.532738 -0.000003 0.000003  0.006506 0.017966 -0.855436
134  0.833151 0.000008 0.000000  -0.077442 -0.076336 -1.133807
135  3.590116 -3.090300 1.193971  1.635457 1.210566 1.548541
136  3.589564 -3.089885 -1.196374  -1.505736 1.210473 -1.592853
137  -0.436555 4.719023 -0.001077  -0.000591 -1.570733 1.693195
138  -0.000000 2.775456 -0.000238  -0.135089 0.000001 -0.000000
139  0.000000 3.189773 0.000007  0.207820 -0.000000 0.000000
140  0.000000 3.504651 0.000047  -0.261876 0.000000 -0.000000
141  -0.000000 2.863198 -0.000004  -0.051268 -0.000000 -0.000000
time 2
0  2.539004 -0.937002 34.030426  1.570862 0.000000 -0.000000
1  0.002636 43.025146 0.734438  -0.298198 -0.465260 0.235870
2  3.061858 -4.181009 -0.610803  -1.928587 -0.581236 -1.347940
3  18.476776 0.000159 -0.000001  -0.014996 -0.085411 1.123140
4  17.490086 0.000119 0.000003  0.283345 0.332793 -1.265154
5  -3.065330 -4.183575 -0.611480  -2.014735 -0.474790 -1.853027
6  18.474850 -0.000034 -0.000007  0.030244 0.100238 1.385492
7  17.489586 0.001918 -0.000006  0.051547 -0.128535 -1.564656
8  -0.000117 -0.048884 -0.576226  1.691195 0.061479 1.651525
9  3.224478 0.767046 0.000497  0.090455 -0.060480 0.226118
10  3.223908 0.226400 -0.001945  0.000416 -0.065563 0.316514
11  5.187321 -1.262560 -0.001178  0.000012 0.000066 0.194111
12  6.928409 -1.935314 -0.000229  -3.121229 -0.122402 0.966221
13  3.236366 1.079614 0.000057  0.010087 0.058504 0.558830
14  0.833760 3.805351 0.692955  -0.040491 0.554884 1.469874
15  0.000037 6.792206 0.000040  0.007989 0.036070 -0.011405
16  -0.000066 7.744822 0.000013  -0.017441 -0.155305 0.068150
17  0.000074 7.809704 0.000019  -0.033637 0.005026 0.006143
18  -0.000023 7.867671 0.000015  -0.073329 -0.127910 0.026375
19  3.494698 -1.749096 -3.006911  0.152548 2.070419 1.936949
20  0.000120 4.478326 0.000013  -0.194660 0.310432 -0.234994
21  0.000047 4.636120 -0.000029  0.035823 0.324593 -0.151765
22  -0.000042 5.008656 0.000012  0.075995 -0.286564 0.276090
23  0.000066 4.781159 0.000007  0.904400 -2.690903 -0.015797
24  2.253036 1.989056 -3.350106  -1.523631 1.324497 0.112403
25  0.000163 6.589468 0.000167  0.206354 -0.002129 -0.080395
26  0.000041 7.491416 0.000038  -0.333511 0.184454 -0.191167
27  0.000024 7.660306 -0.000059  -0.063176 0.127195 -0.062118
28  0.000007 7.256271 0.000021  -0.052940 -0.487829 0.313814
29  -0.791158 2.265121 -1.234655  -0.753900 1.136377 0.824675
30  -0.000254 8.572256 -0.000090  -0.222844 -0.296789 0.176503
31  -0.000094 8.117211 0.000048  0.072257 0.772520 -0.285585
32  -0.000082 8.230036 -0.000072  -0.080491 -0.347232 0.072252
33  0.000058 7.366724 0.000054  -0.015394 -0.663892 0.062741
34  0.224216 0.240128 -3.218158  -0.877385 1.468888 0.577826
35  -0.000100 7.721053 -0.000306  -0.283827 0.060498 -0.167555
36  -0.000029 7.374857 0.000000  0.007536 -0.195022 0.049539
37  0.000077 6.848105 0.000006  0.005485 0.006496 -0.033649
38  -0.000053 7.777866 0.000004  -0.186096 0.182474 -0.152847
39  -1.514469 2.104649 -1.150167  -0.029092 0.541319 1.555680
40  -0.000162 6.982354 -0.000075  -0.199699 -0.041212 0.153489
41  0.000039 8.382860 -0.000071  0.044866 0.587986 -0.257961
42  0.000012 8.697701 -0.000029  -0.102637 -0.474318 0.290943
43  0.000059 8.921807 -0.000003  -0.076258 0.581005 -0.195604
44  1.196194 2.899158 -2.353086  -0.449719 1.030105 1.287431
45  0.000103 5.476942 0.000008  0.285574 -0.099353 -0.038445
46  -0.000072 6.060433 -0.000087  -0.155019 -0.575032 0.384607
47  0.000018 5.994257 0.000029  0.033941 0.288574 -0.067729
48  -0.000005 6.100485 -0.000002  -0.068405 0.299273 -0.162154
49  0.000031 6.916759 0.000011  -0.096318 0.220533 -0.107964
50  0.000150 6.435056 -0.000048  -0.037458 0.171630 -0.116574
51  1.092794 3.649513 -1.738793  -0.148600 0.876612 1.445020
52  -0.000127 6.792201 -0.000099  0.008284 0.107792 -0.048643
53  -0.000088 7.744775 -0.000034  0.057137 -0.256893 0.015458
54  0.000089 9.115018 -0.000034  -0.020393 0.256253 -0.142636
55  3.494516 -1.749104 3.007064  0.118402 1.106974 1.813814
56  0.000012 4.323826 0.000087  -0.229908 -0.770942 0.449223
57  0.000027 4.872900 -0.000018  0.367242 -0.664052 -0.254033
58  0.000010 5.056648 0.000091  -0.511233 0.856588 -0.546320
59  2.292463 1.708616 3.661676  -1.762559 1.789110 -0.218970
60  -0.000173 6.589436 0.000275  -0.007131 -0.169122 0.176911
61  0.000172 7.491490 -0.000150  -0.132415 -0.107097 0.179326
62  -0.000140 8.249661 0.000145  0.041912 -0.058209 0.015814
63  0.000072 8.605240 -0.000027  0.101585 0.501824 -0.079697
64  -0.240487 2.066073 2.349267  -0.357331 2.461714 1.296085
65  -0.000084 7.721098 -0.000004  -0.208229 -0.126223 -0.116495
66  -0.000125 7.374865 -0.000046  -0.111018 0.046939 -0.046462
67  -0.000033 6.848063 -0.000028  0.273532 0.247522 0.299906
68  0.000038 7.777822 -0.000045  0.072921 0.186147 -0.052688
69  -0.000086 8.178049 0.000011  -0.087029 -0.422849 -0.381358
70  1.617605 3.431408 2.399266  -0.249455 2.569515 1.508574
71  -0.000167 5.476936 -0.000030  0.057729 0.074072 0.060285
72  -0.000093 6.060490 -0.000004  -0.015203 0.015650 -0.152066
73  0.000023 5.994251 0.000012  -0.126212 -0.157657 0.153302
74  -0.000078 7.076871 -0.000048  -0.008118 0.010385 0.036402
75  0.000002 7.089868 -0.000069  0.070875 0.098587 -0.025893
76  0.361111 0.886681 3.287746  -0.576374 1.978709 0.939014
77  -0.000065 6.686639 0.000214  -0.146568 0.414164 -0.327706
78  -0.000014 7.638018 0.000016  -0.079523 -0.025948 0.130956
79  -0.000031 7.290226 -0.000024  0.025325 -0.093908 0.023962
80  -0.000036 6.530367 0.000007  -0.261847 -0.300600 0.006736
81  0.000062 7.224883 0.000007  0.036505 0.032481 -0.175824
82  1.071898 3.225799 1.570116  -0.043806 2.859975 1.526250
83  0.000413 6.748907 -0.000066  -0.062702 0.083784 0.022201
84  -0.000046 8.002646 0.000027  -0.067496 -0.117209 -0.115600
85  0.000016 8.580579 -0.000096  0.088213 -0.007188 0.334606
86  0.000173 8.689831 -0.000041  0.065326 -0.412430 -0.134517
87  -1.514537 2.104639 0.318056  -0.024895 3.094490 1.569497
88  0.000194 6.982282 0.000011  -0.107588 -0.057624 -0.215718
89  -0.000009 8.382871 -0.000068  0.135031 -0.099914 0.287074
90  -0.000055 8.697671 0.000023  -0.148089 -0.510100 0.044837
91  -0.000138 8.921823 0.000082  -0.236827 -0.892635 0.098805
92  3.553613 -3.478045 2.409278  0.000819 0.762046 1.535312
93  0.000001 4.476902 -0.000009  -0.151003 -0.588331 0.377258
94  0.000032 4.514121 -0.000023  -0.228866 -2.996200 0.592370
95  0.000044 4.518379 -0.000021  0.143172 2.612778 0.693386
96  0.000019 3.598327 0.000023  -0.749303 0.869852 -0.773233
97  4.209921 -0.440347 1.018823  -0.504222 -1.482481 -1.259582
98  4.265505 1.434229 -0.404992  -2.349254 -0.967238 0.438512
99  9.400233 0.017942 0.083204  0.097889 -0.050732 -1.717734
100  10.242420 0.033590 0.064478  3.001240 0.179566 -0.302622
101  3.465857 -0.059678 0.016694  -0.027925 0.049051 -0.011231
102  1.655594 -0.000022 0.000021  -0.053822 0.014004 0.046366
103  0.960770 0.000000 -0.000012  -0.013581 0.043494 0.002768
104  3.462029 -0.064246 0.939908  0.235359 -0.257217 0.191888
105  1.497176 -0.000010 0.000019  -0.479261 0.094717 0.249568
106  0.793757 0.000003 0.000001  0.005558 -0.014067 -0.101849
107  0.591663 -0.460692 0.835206  -0.956732 -0.674393 -0.626053
108  1.556142 0.000001 0.000004  -0.176149 0.003600 0.191865
109  1.135902 0.000022 0.000005  0.096863 -0.024159 0.233233
110  3.084270 -0.668821 -1.257083  -0.725931 0.477862 -0.230115
111  1.064195 -0.000003 0.000006  0.011665 0.062450 -0.400108
112  0.640335 0.000006 -0.000006  0.003226 -0.029499 0.152233
113  3.396823 -0.242139 -0.708692  -0.493714 0.114020 -0.354469
114  1.532969 0.000007 0.000006  0.004450 0.002073 0.083773
115  0.832975 -0.000005 -0.000006  0.005521 0.013839 -0.259891
116  4.209943 -0.440345 -1.019280  0.576789 1.962912 -1.131991
117  4.266745 1.424941 0.424937  1.679654 1.109787 -0.348102
118  9.398566 0.011955 -0.082517  -0.063881 0.070315 -1.183960
119  10.242441 0.028176 -0.062907  -1.188941 -0.286302 -0.081430
120  3.465750 -0.067525 0.002268  -0.078775 0.205465 -1.548390
121  1.655558 0.000007 0.000002  -0.131070 0.176098 -0.969777
122  0.960909 0.000005 0.000002  0.026409 0.128701 -0.635658
123  3.466858 -0.077776 -0.920913  -0.344950 0.122011 -1.541510
124  1.497257 -0.000034 -0.000022  -0.526540 0.277082 -0.844409
125  0.793790 -0.000003 -0.000005  -0.122472 0.256919 -0.576281
126  0.595082 -0.467146 -0.829179  2.641231 0.813742 -0.557215
127  1.555676 0.000010 -0.000004  0.691119 0.517452 1.233470
128  1.136811 -0.000013 -0.000003  0.296426 0.308855 0.774679
129  3.075976 -0.667964 1.277700  0.650382 0.202707 -1.054536
130  1.064593 0.000019 0.000013  0.040189 -0.124038 -0.981541
131  0.640363 -0.000015 -0.000006  -0.108008 -0.039637 -0.593305
132  3.392413 -0.245368 0.728376  0.198429 0.251766 -1.463385
133  1.532738 -0.000009 -0.000001  0.006506 0.017965 -0.855436
134  0.833151 0.000008 0.000006  -0.077441 -0.076337 -1.133807
135  3.590109 -3.090294 1.193972  1.635457 1.210566 1.548541
136  3.589560 -3.089880 -1.196373  -1.505736 1.210473 -1.592853
137  -0.436560 4.719026 -0.001077  -0.000118 -1.570733 1.693137
138  -0.000000 2.775454 -0.000235  -0.135089 0.000001 -0.000000
139  0.000000 3.189774 0.000008  0.207820 -0.000000 0.000000
140  0.000000 3.504652 0.000046  -0.261876 0.000000 -0.000000
141  0.000001 2.863199 -0.000002  -0.051268 -0.000000 -0.000000
time 3
0  4.603125 -2.738714 37.524773  1.570862 0.000000 -0.000000
1  0.002636 43.025146 0.734438  -0.373329 -0.495477 0.291014
2  3.061859 -4.181006 -0.610804  -1.814842 -0.333499 -1.534303
3  18.476772 0.000158 -0.000002  0.000992 -0.051436 0.660084
4  17.490084 0.000116 0.000004  0.403409 0.332417 -1.016340
5  -3.065330 -4.183576 -0.611480  -1.954418 -0.378403 -2.057313
6  18.474854 -0.000033 -0.000010  0.005574 0.070710 0.910119
7  17.489584 0.001918 -0.000007  0.032855 -0.323120 -1.450532
8  -0.000116 -0.048878 -0.576227  1.673061 0.239349 1.742352
9  3.224483 0.767044 0.000492  0.012441 0.054632 0.016496
10  3.223906 0.226396 -0.001943  -0.018493 0.026080 0.159353
11  5.187317 -1.262560 -0.001178  0.000012 0.000066 0.194111
12  6.928402 -1.935314 -0.000229  -3.131824 -0.181761 0.973171
13  3.236365 1.079609 0.000057  -0.004204 0.084936 -0.022301
14  0.833762 3.805354 0.692953  -0.040491 0.554884 1.469874
15  0.000039 6.792205 0.000039  0.007989 0.036070 -0.011405
16  -0.000072 7.744820 0.000013  -0.017441 -0.155305 0.068150
17  0.000072 7.809704 0.000019  -0.033637 0.005026 0.006143
18  -0.000021 7.867677 0.000017  -0.073329 -0.127910 0.026376
19  3.494696 -1.749099 -3.006911  0.152543 2.070419 1.936949
20  0.000119 4.478316 0.000020  -0.194661 0.310432 -0.234994
21  0.000047 4.636120 -0.000029  0.035825 0.324593 -0.151764
22  -0.000041 5.008657 0.000017  0.075993 -0.286564 0.276090
23  0.000063 4.781161 0.000010  0.904398 -2.690903 -0.015796
24  2.253040 1.989055 -3.350108  -1.523631 1.324497 0.112403
25  0.000164 6.589464 0.000174  0.206354 -0.002129 -0.080395
26  0.000041 7.491415 0.000046  -0.333511 0.184454 -0.191167
27  0.000025 7.660307 -0.000057  -0.063176 0.127195 -0.062118
28  0.000007 7.256269 0.000019  -0.052940 -0.487829 0.313814
29  -0.791161 2.265115 -1.234656  -0.753900 1.136377 0.824675
30  -0.000264 8.572265 -0.000090  -0.222844 -0.296789 0.176503
31  -0.000097 8.117214 0.000046  0.072258 0.772520 -0.285586
32  -0.000082 8.230033 -0.000070  -0.080491 -0.347232 0.072252
33  0.000061 7.366721 0.000056  -0.015394 -0.663892 0.062742
34  0.224214 0.240121 -3.218158  -0.877385 1.468888 0.577826
35  -0.000099 7.721046 -0.000305  -0.283827 0.060498 -0.167555
36  -0.000028 7.374852 0.000002  0.007536 -0.195022 0.049539
37  0.000075 6.848098 0.000009  0.005485 0.006496 -0.033649
38  -0.000053 7.777864 0.000003  -0.186096 0.182474 -0.152847
39  -1.514466 2.104646 -1.150168  -0.029092 0.541319 1.555680
40  -0.000166 6.982350 -0.000077  -0.199699 -0.041212 0.153489
41  0.000042 8.382865 -0.000073  0.044866 0.587986 -0.257961
42  0.000013 8.697704 -0.000028  -0.102637 -0.474318 0.290943
43  0.000053 8.921806 -0.000001  -0.076258 0.581005 -0.195604
44  1.196188 2.899149 -2.353086  -0.449719 1.030105 1.287431
45  0.000110 5.476938 0.000004  0.285574 -0.099353 -0.038445
46  -0.000071 6.060435 -0.000090  -0.155019 -0.575032 0.384607
47  0.000016 5.994262 0.000030  0.033941 0.288574 -0.067729
48  -0.000009 6.100484 0.000000  -0.068405 0.299273 -0.162154
49  0.000036 6.916757 0.000010  -0.096318 0.220533 -0.107964
50  0.000144 6.435059 -0.000048  -0.037458 0.171630 -0.116574
51  1.092792 3.649508 -1.738793  -0.148600 0.876612 1.445020
52  -0.000130 6.792205 -0.000098  0.008284 0.107792 -0.048643
53  -0.000090 7.744778 -0.000030  0.057137 -0.256893 0.015458
54  0.000080 9.115021 -0.000039  -0.020393 0.256253 -0.142636
55  3.494514 -1.749108 3.007062  0.118402 1.106974 1.813814
56  0.000014 4.323836 0.000082  -0.229908 -0.770942 0.449223
57  0.000027 4.872895 -0.000022  0.367242 -0.664052 -0.254033
58  0.000007 5.056649 0.000094  -0.511233 0.856587 -0.546320
59  2.292463 1.708614 3.661673  -1.762559 1.789110 -0.218970
60  -0.000172 6.589444 0.000280  -0.007130 -0.169123 0.176911
61  0.000173 7.491493 -0.000151  -0.132415 -0.107097 0.179326
62  -0.000139 8.249657 0.000144  0.041912 -0.058209 0.015814
63  0.000072 8.605232 -0.000031  0.101585 0.501824 -0.079697
64  -0.240486 2.066071 2.349267  -0.357331 2.461714 1.296085
65  -0.000089 7.721101 -0.000001  -0.208229 -0.126223 -0.116495
66  -0.000123 7.374876 -0.000050  -0.111018 0.046939 -0.046462
67  -0.000034 6.848062 -0.000029  0.273532 0.247522 0.299906
68  0.000037 7.777825 -0.000045  0.072921 0.186148 -0.052688
69  -0.000085 8.178051 0.000011  -0.087029 -0.422849 -0.381358
70  1.617604 3.431408 2.399264  -0.249455 2.569515 1.508574
71  -0.000164 5.476942 -0.000032  0.057729 0.074072 0.060285
72  -0.000092 6.060493 -0.000006  -0.015204 0.015650 -0.152066
73  0.000026 5.994254 0.000012  -0.126212 -0.157657 0.153302
74  -0.000076 7.076876 -0.000048  -0.008118 0.010385 0.036402
75  0.000008 7.089875 -0.000070  0.070875 0.098587 -0.025893
76  0.361110 0.886681 3.287745  -0.576374 1.978709 0.939014
77  -0.000067 6.686637 0.000224  -0.146568 0.414164 -0.327706
78  -0.000013 7.638017 0.000008  -0.079523 -0.025948 0.130956
79  -0.000034 7.290223 -0.000025  0.025325 -0.093908 0.023962
80  -0.000035 6.530368 0.000007  -0.261847 -0.300600 0.006736
81  0.000062 7.224879 0.000013  0.036505 0.032481 -0.175824
82  1.071896 3.225796 1.570113  -0.043806 2.859975 1.526250
83  0.000413 6.748899 -0.000065  -0.062702 0.083784 0.022201
84  -0.000046 8.002648 0.000026  -0.067496 -0.117209 -0.115600
85  0.000012 8.580571 -0.000098  0.088213 -0.007188 0.334606
86  0.000170 8.689831 -0.000041  0.065326 -0.412430 -0.134517
87  -1.514537 2.104636 0.318055  -0.024895 3.094490 1.569497
88  0.000194 6.982276 0.000014  -0.107588 -0.057624 -0.215718
89  -0.000003 8.382875 -0.000067  0.135031 -0.099914 0.287074
90  -0.000059 8.697670 0.000021  -0.148089 -0.510100 0.044837
91  -0.000136 8.921824 0.000083  -0.236827 -0.892635 0.098805
92  3.553613 -3.478049 2.409276  0.000819 0.762046 1.535312
93  -0.000004 4.476909 -0.000011  -0.151002 -0.588331 0.377258
94  0.000029 4.514120 -0.000025  -0.228866 -2.996201 0.592370
95  0.000046 4.518381 -0.000021  0.143172 2.612778 0.693386
96  0.000019 3.598325 0.000023  -0.749303 0.869852 -0.773233
97  4.209918 -0.440346 1.018823  -0.650361 -1.493373 -1.113981
98  4.265503 1.434230 -0.404992  -1.738199 -0.987919 -0.227153
99  9.400233 0.017941 0.083201  0.086950 -0.058653 -1.539188
100  10.242419 0.033592 0.064484  2.915881 -0.024136 0.285134
101  3.465856 -0.059678 0.016696  -0.028023 0.048542 -0.013512
102  1.655596 -0.000021 0.000026  -0.054688 0.004666 0.008795
103  0.960771 -0.000002 -0.000003  -0.013911 0.035791 -0.035247
104  3.462029 -0.064246 0.939914  0.230881 -0.254282 0.210734
105  1.497178 -0.000014 0.000013  -0.481707 0.084190 0.223449
106  0.793761 0.000003 -0.000010  0.005264 -0.011248 -0.129786
107  0.591663 -0.460691 0.835209  -0.937201 -0.662581 -0.634820
108  1.556140 0.000009 0.000005  -0.174439 0.019619 0.227398
109  1.135903 0.000026 0.000005  0.100722 -0.015374 0.270944
110  3.084269 -0.668821 -1.257081  -0.726376 0.477329 -0.231021
111  1.064210 0.000000 0.000006  0.008990 0.068268 -0.462042
112  0.640340 0.000001 -0.000006  0.005251 -0.023927 0.090439
113  3.396824 -0.242138 -0.708690  -0.494973 0.107495 -0.366256
114  1.532969 0.000006 0.000010  0.004596 0.001210 0.040005
115  0.832971 -0.000005 0.000007  0.005672 0.013433 -0.283235
116  4.209938 -0.440343 -1.019279  0.500717 1.919466 -1.220545
117  4.266744 1.424940 0.424942  1.749526 1.030190 -0.407624
118  9.398567 0.011953 -0.082514  -0.053172 0.071332 -1.045156
119  10.242440 0.028175 -0.062905  -2.085103 -0.099411 0.021847
120  3.465747 -0.067525 0.002267  -0.068727 0.200404 -1.498585
121  1.655562 0.000003 0.000006  -0.123132 0.173255 -0.918605
122  0.960907 0.000003 0.000000  0.033754 0.117984 -0.585977
123  3.466856 -0.077780 -0.920909  -0.346044 0.114954 -1.452267
124  1.497259 -0.000037 -0.000023  -0.510765 0.260134 -0.783969
125  0.793784 -0.000010 0.000001  -0.100681 0.219496 -0.528280
126  0.595080 -0.467148 -0.829176  2.641231 0.813742 -0.557215
127  1.555674 0.000014 0.000003  0.675283 0.509315 1.206564
128  1.136811 -0.000002 0.000001  0.280137 0.296749 0.754501
129  3.075969 -0.667971 1.277702  0.650391 0.202685 -1.054467
130  1.064590 0.000017 0.000010  0.042607 -0.124806 -1.005692
131  0.640357 -0.000018 -0.000009  -0.107348 -0.044081 -0.616869
132  3.392416 -0.245367 0.728376  0.204613 0.246366 -1.438399
133  1.532734 -0.000004 -0.000001  0.006506 0.017964 -0.855369
134  0.833141 0.000007 0.000003  -0.077443 -0.076335 -1.133738
135  3.590104 -3.090293 1.193969  1.635457 1.210566 1.548541
136  3.589556 -3.089878 -1.196373  -1.505736 1.210473 -1.592853
137  -0.436559 4.719028 -0.001076  -0.000236 -1.570733 1.692835
138  0.000002 2.775454 -0.000236  -0.135089 0.000001 -0.000000
139  -0.000000 3.189770 0.000008  0.207820 0.000000 0.000000
140  -0.000001 3.504652 0.000045  -0.261876 0.000000 -0.000000
141  -0.000002 2.863201 -0.000002  -0.051268 0.000000 -0.000000
time 4
0  5.120191 -4.283763 39.348873  1.570862 0.000000 -0.000000
1  0.002636 43.025146 0.734438  -0.438993 -0.425164 0.255890
2  3.061857 -4.181013 -0.610805  -1.734991 -0.248732 -1.555343
3  18.476774 0.000157 -0.000001  0.001648 -0.047960 0.616908
4  17.490086 0.000117 0.000003  0.349948 0.365568 -0.944477
5  -3.065329 -4.183577 -0.611480  -1.890222 -0.179658 -2.059773
6  18.474854 -0.000034 -0.000007  -0.000765 0.052853 0.678031
7  17.489588 0.001916 -0.000006  0.045042 -0.297771 -1.330418
8  -0.000116 -0.048885 -0.576227  1.651139 0.292974 1.730928
9  3.224482 0.767046 0.000494  -0.024416 0.096595 -0.049104
10  3.223913 0.226399 -0.001942  -0.018901 0.070734 0.118439
11  5.187322 -1.262562 -0.001178  0.000012 0.000066 0.194111
12  6.928412 -1.935313 -0.000226  3.083989 -0.145375 0.837519
13  3.236362 1.079608 0.000056  0.011898 0.049693 0.088692
14  0.833760 3.805351 0.692955  -0.040491 0.554884 1.469874
15  0.000035 6.792207 0.000040  0.007989 0.036071 -0.011405
16  -0.000064 7.744819 0.000013  -0.017441 -0.155305 0.068150
17  0.000071 7.809699 0.000018  -0.033637 0.005026 0.006143
18  -0.000027 7.867670 0.000017  -0.073329 -0.127910 0.026375
19  3.494696 -1.749093 -3.006912  0.152538 2.070419 1.936949
20  0.000120 4.478316 0.000016  -0.194662 0.310432 -0.234994
21  0.000049 4.636117 -0.000028  0.035826 0.324593 -0.151763
22  -0.000043 5.008661 0.000013  0.075991 -0.286564 0.276090
23  0.000064 4.781163 0.000013  0.904389 -2.690904 -0.015796
24  2.253043 1.989059 -3.350107  -1.523631 1.324497 0.112403
25  0.000161 6.589461 0.000169  0.206354 -0.002129 -0.080395
26  0.000039 7.491413 0.000040  -0.333511 0.184454 -0.191167
27  0.000026 7.660302 -0.000058  -0.063176 0.127195 -0.062118
28  0.000007 7.256266 0.000019  -0.052940 -0.487829 0.313814
29  -0.791162 2.265119 -1.234655  -0.753900 1.136377 0.824675
30  -0.000259 8.572262 -0.000090  -0.222844 -0.296789 0.176503
31  -0.000094 8.117213 0.000047  0.072258 0.772520 -0.285586
32  -0.000086 8.230038 -0.000069  -0.080491 -0.347232 0.072253
33  0.000060 7.366720 0.000056  -0.015394 -0.663892 0.062742
34  0.224218 0.240127 -3.218159  -0.877385 1.468888 0.577826
35  -0.000104 7.721057 -0.000306  -0.283827 0.060498 -0.167555
36  -0.000031 7.374855 -0.000000  0.007536 -0.195022 0.049539
37  0.000077 6.848103 0.000005  0.005485 0.006496 -0.033649
38  -0.000051 7.777863 0.000009  -0.186096 0.182474 -0.152846
39  -1.514466 2.104648 -1.150168  -0.029092 0.541319 1.555680
40  -0.000173 6.982347 -0.000078  -0.199699 -0.041212 0.153489
41  0.000037 8.382861 -0.000075  0.044866 0.587986 -0.257961
42  0.000009 8.697697 -0.000027  -0.102637 -0.474318 0.290943
43  0.000057 8.921806 -0.000003  -0.076258 0.581005 -0.195604
44  1.196191 2.899155 -2.353086  -0.449719 1.030105 1.287431
45  0.000108 5.476939 0.000007  0.285574 -0.099353 -0.038445
46  -0.000075 6.060435 -0.000088  -0.155019 -0.575032 0.384607
47  0.000018 5.994260 0.000030  0.033941 0.288574 -0.067729
48  -0.000008 6.100489 0.000000  -0.068405 0.299273 -0.162154
49  0.000033 6.916758 0.000010  -0.096318 0.220533 -0.107964
50  0.000149 6.435058 -0.000043  -0.037458 0.171630 -0.116574
51  1.092795 3.649513 -1.738795  -0.148600 0.876612 1.445020
52  -0.000128 6.792205 -0.000102  0.008284 0.107792 -0.048643
53  -0.000090 7.744778 -0.000033  0.057137 -0.256893 0.015458
54  0.000086 9.115022 -0.000038  -0.020393 0.256253 -0.142636
55  3.494515 -1.749102 3.007065  0.118402 1.106974 1.813814
56  0.000015 4.323832 0.000086  -0.229908 -0.770942 0.449223
57  0.000030 4.872896 -0.000020  0.367242 -0.664052 -0.254033
58  0.000003 5.056650 0.000093  -0.511233 0.856588 -0.546320
59  2.292465 1.708616 3.661675  -1.762559 1.789110 -0.218970
60  -0.000172 6.589441 0.000275  -0.007131 -0.169122 0.176911
61  0.000174 7.491504 -0.000152  -0.132416 -0.107097 0.179326
62  -0.000141 8.249658 0.000143  0.041912 -0.058209 0.015814
63  0.000074 8.605241 -0.000027  0.101585 0.501824 -0.079697
64  -0.240486 2.066072 2.349266  -0.357331 2.461714 1.296084
65  -0.000085 7.721105 -0.000004  -0.208229 -0.126223 -0.116495
66  -0.000124 7.374871 -0.000045  -0.111018 0.046939 -0.046462
67  -0.000035 6.848065 -0.000025  0.273532 0.247522 0.299906
68  0.000035 7.777822 -0.000042  0.072921 0.186148 -0.052688
69  -0.000088 8.178052 0.000011  -0.087029 -0.422849 -0.381358
70  1.617605 3.431412 2.399264  -0.249455 2.569515 1.508574
71  -0.000164 5.476947 -0.000030  0.057729 0.074072 0.060285
72  -0.000091 6.060486 -0.000006  -0.015204 0.015650 -0.152066
73  0.000024 5.994254 0.000010  -0.126212 -0.157657 0.153302
74  -0.000078 7.076875 -0.000048  -0.008118 0.010385 0.036402
75  0.000003 7.089865 -0.000070  0.070875 0.098587 -0.025893
76  0.361111 0.886682 3.287746  -0.576374 1.978709 0.939014
77  -0.000067 6.686644 0.000220  -0.146568 0.414164 -0.327706
78  -0.000012 7.638021 0.000012  -0.079523 -0.025948 0.130956
79  -0.000032 7.290232 -0.000020  0.025325 -0.093908 0.023962
80  -0.000035 6.530371 0.000004  -0.261847 -0.300600 0.006736
81  0.000063 7.224883 0.000008  0.036505 0.032481 -0.175824
82  1.071898 3.225796 1.570115  -0.043806 2.859975 1.526250
83  0.000416 6.748906 -0.000068  -0.062702 0.083784 0.022201
84  -0.000046 8.002645 0.000026  -0.067496 -0.117209 -0.115600
85  0.000012 8.580573 -0.000097  0.088213 -0.007188 0.334606
86  0.000167 8.689826 -0.000039  0.065326 -0.412430 -0.134517
87  -1.514536 2.104638 0.318055  -0.024895 3.094490 1.569497
88  0.000189 6.982280 0.000012  -0.107588 -0.057624 -0.215718
89  -0.000007 8.382866 -0.000068  0.135031 -0.099914 0.287074
90  -0.000062 8.697676 0.000022  -0.148089 -0.510100 0.044837
91  -0.000136 8.921820 0.000080  -0.236827 -0.892635 0.098805
92  3.553610 -3.478046 2.409277  0.000819 0.762046 1.535312
93  0.000000 4.476903 -0.000009  -0.151002 -0.588331 0.377259
94  0.000030 4.514122 -0.000023  -0.228866 -2.996200 0.592370
95  0.000043 4.518386 -0.000024  0.143172 2.612778 0.693386
96  0.000023 3.598330 0.000023  -0.749303 0.869852 -0.773233
97  4.209925 -0.440346 1.018824  -1.682698 -1.494065 -0.085052
98  4.265505 1.434233 -0.404991  -1.879659 -1.174279 -0.416451
99  9.400233 0.017942 0.083204  0.082807 -0.060950 -1.476628
100  10.242421 0.033584 0.064479  3.032416 0.116920 0.376227
101  3.465858 -0.059678 0.016693  -0.027191 0.052865 -0.001533
102  1.655596 -0.000020 0.000022  -0.057205 -0.003652 -0.026120
103  0.960774 -0.000002 -0.000011  -0.014351 0.027934 -0.072764
104  3.462035 -0.064247 0.939902  0.220176 -0.257404 0.249580
105  1.497178 -0.000011 0.000027  -0.483495 0.075192 0.202965
106  0.793757 0.000004 0.000003  0.005022 -0.008880 -0.154391
107  0.591666 -0.460690 0.835203  -0.912980 -0.649393 -0.648402
108  1.556138 -0.000001 -0.000005  -0.170910 0.037435 0.267746
109  1.135905 0.000015 0.000004  0.105120 -0.006290 0.309360
110  3.084273 -0.668820 -1.257087  -0.725402 0.491939 -0.222164
111  1.064204 -0.000004 0.000006  0.005451 0.074418 -0.532093
112  0.640339 0.000002 -0.000006  0.007186 -0.018605 0.033476
113  3.396829 -0.242139 -0.708696  -0.499872 0.106972 -0.371927
114  1.532963 0.000007 0.000005  0.004657 0.000300 0.000767
115  0.832969 -0.000005 -0.000005  0.006159 0.013228 -0.308857
116  4.209946 -0.440342 -1.019279  0.561673 1.864449 -1.169025
117  4.266745 1.424945 0.424936  1.931209 0.993946 -0.442831
118  9.398566 0.011946 -0.082518  -0.060817 0.070759 -1.144048
119  10.242435 0.028177 -0.062907  -2.199537 0.001029 0.067939
120  3.465744 -0.067527 0.002267  -0.059064 0.194926 -1.449494
121  1.655558 0.000012 0.000005  -0.115459 0.170070 -0.867999
122  0.960907 0.000001 -0.000002  0.040504 0.107115 -0.536963
123  3.466847 -0.077782 -0.920908  -0.347824 0.108051 -1.364031
124  1.497260 -0.000035 -0.000023  -0.496297 0.242524 -0.724657
125  0.793789 -0.000008 0.000003  -0.081195 0.181543 -0.481969
126  0.595077 -0.467151 -0.829176  2.641231 0.813742 -0.557214
127  1.555670 0.000016 0.000002  0.659963 0.500816 1.180222
128  1.136811 0.000001 -0.000003  0.264287 0.284443 0.734848
129  3.075968 -0.667968 1.277701  0.650388 0.202685 -1.054467
130  1.064594 0.000023 0.000013  0.045051 -0.125559 -1.029578
131  0.640367 -0.000022 -0.000005  -0.106547 -0.048461 -0.640225
132  3.392411 -0.245370 0.728375  0.210574 0.240843 -1.413790
133  1.532738 -0.000012 -0.000001  0.006507 0.017964 -0.855301
134  0.833146 0.000013 0.000008  -0.077445 -0.076332 -1.133669
135  3.590113 -3.090295 1.193972  1.635457 1.210566 1.548541
136  3.589564 -3.089879 -1.196372  -1.505736 1.210473 -1.592853
137  -0.436556 4.719026 -0.001075  -0.000236 -1.570733 1.693012
138  0.000001 2.775456 -0.000237  -0.135089 0.000001 0.000000
139  0.000003 3.189764 0.000009  0.207820 -0.000000 0.000000
140  -0.000001 3.504651 0.000043  -0.261876 0.000000 -0.000000
141  -0.000001 2.863200 -0.000000  -0.051268 -0.000000 0.000000
time 5
0  5.132294 -5.706647 40.618469  1.570862 0.000000 -0.000000
1  0.002636 43.025146 0.734438  -0.499311 -0.310083 0.179063
2  3.061857 -4.181014 -0.610807  -1.644097 -0.217116 -1.531515
3  18.476776 0.000154 -0.000001  0.000741 -0.052599 0.674608
4  17.490086 0.000117 0.000004  0.231007 0.432413 -0.923581
5  -3.065330 -4.183580 -0.611482  -1.792381 0.049472 -1.995136
6  18.474854 -0.000034 -0.000008  -0.002676 0.039518 0.513367
7  17.489586 0.001916 -0.000006  0.071302 -0.205377 -1.212457
8  -0.000117 -0.048886 -0.576230  1.622995 0.306265 1.684629
9  3.224480 0.767044 0.000496  -0.044745 0.118701 -0.064913
10  3.223909 0.226402 -0.001942  -0.007040 0.103172 0.111455
11  5.187320 -1.262555 -0.001174  0.000012 0.000066 0.194111
12  6.928411 -1.935312 -0.000227  2.989377 -0.083427 0.632575
13  3.236361 1.079612 0.000057  0.030802 -0.037848 0.401415
14  0.833756 3.805349 0.692957  -0.040491 0.554884 1.469874
15  0.000038 6.792209 0.000042  0.007989 0.036070 -0.011405
16  -0.000064 7.744819 0.000015  -0.017441 -0.155305 0.068150
17  0.000073 7.809696 0.000018  -0.033637 0.005026 0.006143
18  -0.000026 7.867676 0.000017  -0.073329 -0.127910 0.026375
19  3.494697 -1.749096 -3.006912  0.152533 2.070419 1.936949
20  0.000123 4.478319 0.000019  -0.194662 0.310432 -0.234994
21  0.000055 4.636113 -0.000030  0.035832 0.324592 -0.151762
22  -0.000040 5.008654 0.000015  0.075989 -0.286564 0.276090
23  0.000059 4.781168 0.000010  0.904379 -2.690906 -0.015793
24  2.253035 1.989056 -3.350105  -1.523631 1.324497 0.112403
25  0.000159 6.589466 0.000169  0.206354 -0.002129 -0.080395
26  0.000047 7.491420 0.000043  -0.333511 0.184454 -0.191167
27  0.000024 7.660305 -0.000055  -0.063176 0.127195 -0.062118
28  0.000005 7.256269 0.000020  -0.052940 -0.487829 0.313814
29  -0.791164 2.265116 -1.234654  -0.753900 1.136377 0.824675
30  -0.000262 8.572264 -0.000091  -0.222844 -0.296789 0.176503
31  -0.000096 8.117212 0.000051  0.072257 0.772520 -0.285585
32  -0.000083 8.230030 -0.000070  -0.080491 -0.347232 0.072252
33  0.000062 7.366722 0.000052  -0.015394 -0.663892 0.062742
34  0.224214 0.240124 -3.218158  -0.877385 1.468888 0.577826
35  -0.000102 7.721050 -0.000308  -0.283827 0.060498 -0.167555
36  -0.000026 7.374849 -0.000001  0.007536 -0.195022 0.049539
37  0.000074 6.848102 0.000011  0.005485 0.006496 -0.033649
38  -0.000051 7.777866 0.000008  -0.186096 0.182474 -0.152846
39  -1.514470 2.104646 -1.150166  -0.029092 0.541319 1.555680
40  -0.000169 6.982351 -0.000076  -0.199699 -0.041212 0.153489
41  0.000038 8.382863 -0.000070  0.044866 0.587986 -0.257961
42  0.000012 8.697695 -0.000026  -0.102637 -0.474318 0.290943
43  0.000056 8.921805 -0.000005  -0.076258 0.581005 -0.195604
44  1.196188 2.899152 -2.353085  -0.449719 1.030105 1.287431
45  0.000106 5.476946 0.000011  0.285574 -0.099353 -0.038445
46  -0.000071 6.060435 -0.000089  -0.155019 -0.575032 0.384607
47  0.000016 5.994256 0.000027  0.033941 0.288575 -0.067729
48  -0.000007 6.100487 0.000001  -0.068405 0.299273 -0.162154
49  0.000035 6.916759 0.000007  -0.096318 0.220533 -0.107964
50  0.000148 6.435063 -0.000043  -0.037458 0.171630 -0.116574
51  1.092793 3.649511 -1.738794  -0.148600 0.876612 1.445020
52  -0.000128 6.792206 -0.000104  0.008284 0.107792 -0.048643
53  -0.000088 7.744775 -0.000031  0.057137 -0.256893 0.015458
54  0.000084 9.115025 -0.000034  -0.020393 0.256253 -0.142636
55  3.494516 -1.749105 3.007064  0.118402 1.106974 1.813814
56  0.000014 4.323830 0.000087  -0.229908 -0.770942 0.449223
57  0.000033 4.872895 -0.000021  0.367242 -0.664052 -0.254033
58  0.000005 5.056649 0.000090  -0.511233 0.856587 -0.546320
59  2.292463 1.708612 3.661675  -1.762559 1.789110 -0.218970
60  -0.000172 6.589441 0.000274  -0.007131 -0.169123 0.176911
61  0.000173 7.491493 -0.000150  -0.132416 -0.107097 0.179326
62  -0.000138 8.249657 0.000142  0.041912 -0.058209 0.015814
63  0.000071 8.605232 -0.000026  0.101585 0.501824 -0.079697
64  -0.240493 2.066071 2.349270  -0.357331 2.461714 1.296085
65  -0.000086 7.721097 -0.000004  -0.208229 -0.126223 -0.116495
66  -0.000127 7.374868 -0.000046  -0.111018 0.046939 -0.046462
67  -0.000038 6.848062 -0.000025  0.273532 0.247522 0.299906
68  0.000034 7.777824 -0.000044  0.072921 0.186147 -0.052688
69  -0.000086 8.178054 0.000011  -0.087029 -0.422849 -0.381358
70  1.617600 3.431408 2.399267  -0.249455 2.569515 1.508574
71  -0.000167 5.476944 -0.000029  0.057729 0.074072 0.060285
72  -0.000091 6.060493 -0.000006  -0.015203 0.015650 -0.152066
73  0.000026 5.994247 0.000012  -0.126212 -0.157657 0.153302
74  -0.000077 7.076872 -0.000047  -0.008118 0.010385 0.036402
75  0.000002 7.089873 -0.000070  0.070875 0.098587 -0.025893
76  0.361109 0.886681 3.287747  -0.576374 1.978709 0.939014
77  -0.000065 6.686638 0.000222  -0.146568 0.414164 -0.327706
78  -0.000011 7.638015 0.000013  -0.079523 -0.025948 0.130956
79  -0.000034 7.290236 -0.000021  0.025325 -0.093908 0.023962
80  -0.000033 6.530365 0.000005  -0.261847 -0.300600 0.006736
81  0.000062 7.224884 0.000009  0.036505 0.032481 -0.175824
82  1.071898 3.225794 1.570115  -0.043806 2.859975 1.526250
83  0.000419 6.748900 -0.000067  -0.062702 0.083784 0.022201
84  -0.000045 8.002645 0.000025  -0.067496 -0.117209 -0.115600
85  0.000012 8.580570 -0.000097  0.088213 -0.007188 0.334606
86  0.000169 8.689830 -0.000041  0.065326 -0.412430 -0.134517
87  -1.514536 2.104636 0.318055  -0.024895 3.094490 1.569497
88  0.000193 6.982283 0.000011  -0.107588 -0.057624 -0.215718
89  -0.000012 8.382874 -0.000067  0.135031 -0.099914 0.287074
90  -0.000059 8.697670 0.000024  -0.148089 -0.510100 0.044837
91  -0.000137 8.921822 0.000079  -0.236827 -0.892635 0.098805
92  3.553614 -3.478049 2.409277  0.000819 0.762046 1.535312
93  -0.000000 4.476898 -0.000007  -0.151003 -0.588331 0.377258
94  0.000031 4.514122 -0.000022  -0.228866 -2.996200 0.592370
95  0.000046 4.518379 -0.000023  0.143172 2.612778 0.693386
96  0.000024 3.598330 0.000023  -0.749303 0.869852 -0.773233
97  4.209918 -0.440346 1.018824  -2.253175 -1.431257 0.479784
98  4.265504 1.434233 -0.404991  -2.837853 -1.373592 0.199262
99  9.400235 0.017941 0.083199  0.079969 -0.062335 -1.434928
100  10.242420 0.033588 0.064479  -3.083264 0.306924 0.396861
101  3.465857 -0.059678 0.016693  -0.026371 0.057176 0.010460
102  1.655591 -0.000017 0.000026  -0.059498 -0.012145 -0.061135
103  0.960765 -0.000005 -0.000013  -0.014448 0.020114 -0.110385
104  3.462025 -0.064242 0.939913  0.209386 -0.260177 0.288498
105  1.497175 -0.000002 0.000027  -0.485104 0.066082 0.182487
106  0.793759 0.000003 0.000003  0.004724 -0.006526 -0.178933
107  0.591660 -0.460687 0.835210  -0.889025 -0.635897 -0.661488
108  1.556137 0.000006 0.000001  -0.166641 0.055124 0.308261
109  1.135907 0.000010 0.000008  0.109930 0.002587 0.348003
110  3.084266 -0.668819 -1.257081  -0.724280 0.506528 -0.213352
111  1.064204 -0.000002 0.000001  0.001533 0.080335 -0.602381
112  0.640332 0.000006 -0.000007  0.008764 -0.013173 -0.023582
113  3.396816 -0.242130 -0.708680  -0.504787 0.106479 -0.377618
114  1.532958 0.000007 0.000021  0.004692 -0.000618 -0.038597
115  0.832971 -0.000003 -0.000002  0.006676 0.012977 -0.334562
116  4.209943 -0.440341 -1.019278  0.683972 1.810056 -1.054700
117  4.266746 1.424941 0.424938  2.199639 0.976810 -0.430801
118  9.398567 0.011953 -0.082516  -0.071303 0.068711 -1.281902
119  10.242442 0.028176 -0.062908  -2.166292 0.077321 0.123808
120  3.465748 -0.067526 0.002266  -0.049791 0.189055 -1.401058
121  1.655560 0.000011 0.000004  -0.108085 0.166581 -0.818116
122  0.960908 0.000002 -0.000001  0.046571 0.096037 -0.488642
123  3.466857 -0.077779 -0.920910  -0.350151 0.101482 -1.276958
124  1.497260 -0.000029 -0.000022  -0.483211 0.224332 -0.666644
125  0.793788 -0.000004 -0.000005  -0.063734 0.143243 -0.437343
126  0.595081 -0.467151 -0.829178  2.641138 0.813726 -0.557251
127  1.555675 0.000016 0.000003  0.645129 0.492159 1.154442
128  1.136812 -0.000008 -0.000002  0.249050 0.272005 0.715736
129  3.075976 -0.667967 1.277700  0.650404 0.202663 -1.054399
130  1.064585 0.000018 0.000004  0.047405 -0.126222 -1.053194
131  0.640362 -0.000018 0.000002  -0.105612 -0.052766 -0.663309
132  3.392415 -0.245369 0.728375  0.216360 0.235245 -1.389539
133  1.532739 -0.000006 0.000001  0.006506 0.017963 -0.855301
134  0.833150 0.000019 0.000002  -0.077444 -0.076332 -1.133668
135  3.590108 -3.090292 1.193973  1.635457 1.210566 1.548541
136  3.589558 -3.089876 -1.196371  -1.505736 1.210473 -1.592853
137  -0.436563 4.719028 -0.001074  -0.000236 -1.570733 1.693715
138  -0.000002 2.775456 -0.000235  -0.135089 0.000001 -0.000000
139  0.000002 3.189769 0.000002  0.207820 0.000000 0.000000
140  -0.000001 3.504653 0.000048  -0.261876 0.000000 -0.000000
141  -0.000002 2.863202 -0.000004  -0.051268 0.000000 -0.000000
time 6
0  5.402873 -6.400647 41.146469  1.570862 0.000000 -0.000000
1  0.002636 43.025146 0.734438  -0.537106 -0.228950 0.119850
2  3.061858 -4.181008 -0.610802  -1.583247 -0.222189 -1.521884
3  18.476772 0.000159 -0.000001  -0.000557 -0.057602 0.737733
4  17.490084 0.000117 0.000003  0.111601 0.437308 -0.978113
5  -3.065329 -4.183570 -0.611478  -1.700473 0.184069 -1.919865
6  18.474859 -0.000033 -0.000007  -0.002617 0.028851 0.383121
7  17.489586 0.001916 -0.000005  0.096049 -0.124277 -1.113046
8  -0.000118 -0.048881 -0.576226  1.599815 0.312310 1.648821
9  3.224482 0.767046 0.000495  -0.068148 0.121801 -0.055553
10  3.223908 0.226398 -0.001947  -0.005082 0.115614 0.101730
11  5.187321 -1.262561 -0.001178  0.000012 0.000066 0.194111
12  6.928407 -1.935315 -0.000227  2.938306 -0.032140 0.468923
13  3.236370 1.079611 0.000053  0.038139 -0.120782 0.582277
14  0.833757 3.805351 0.692956  -0.040491 0.554884 1.469874
15  0.000038 6.792213 0.000037  0.007989 0.036071 -0.011405
16  -0.000066 7.744816 0.000017  -0.017441 -0.155305 0.068150
17  0.000071 7.809705 0.000017  -0.033637 0.005026 0.006143
18  -0.000028 7.867671 0.000018  -0.073329 -0.127910 0.026375
19  3.494702 -1.749093 -3.006911  0.152528 2.070419 1.936949
20  0.000120 4.478319 0.000020  -0.194673 0.310432 -0.234994
21  0.000048 4.636117 -0.000028  0.035833 0.324592 -0.151757
22  -0.000039 5.008651 0.000013  0.075985 -0.286564 0.276090
23  0.000064 4.781162 0.000010  0.904363 -2.690906 -0.015793
24  2.253037 1.989059 -3.350104  -1.523631 1.324497 0.112403
25  0.000156 6.589461 0.000169  0.206354 -0.002129 -0.080395
26  0.000043 7.491411 0.000039  -0.333511 0.184454 -0.191167
27  0.000027 7.660308 -0.000051  -0.063176 0.127194 -0.062118
28  0.000011 7.256269 0.000020  -0.052940 -0.487829 0.313814
29  -0.791163 2.265116 -1.234654  -0.753900 1.136377 0.824675
30  -0.000258 8.572259 -0.000087  -0.222844 -0.296789 0.176503
31  -0.000094 8.117211 0.000044  0.072258 0.772520 -0.285586
32  -0.000083 8.230034 -0.000071  -0.080491 -0.347232 0.072253
33  0.000058 7.366724 0.000050  -0.015394 -0.663892 0.062742
34  0.224212 0.240128 -3.218155  -0.877384 1.468888 0.577826
35  -0.000100 7.721057 -0.000309  -0.283827 0.060498 -0.167555
36  -0.000032 7.374850 0.000000  0.007536 -0.195022 0.049539
37  0.000074 6.848101 0.000005  0.005485 0.006496 -0.033649
38  -0.000050 7.777861 0.000006  -0.186096 0.182474 -0.152846
39  -1.514469 2.104646 -1.150165  -0.029092 0.541319 1.555680
40  -0.000169 6.982353 -0.000079  -0.199699 -0.041212 0.153489
41  0.000038 8.382864 -0.000079  0.044866 0.587986 -0.257961
42  0.000011 8.697706 -0.000023  -0.102637 -0.474318 0.290943
43  0.000055 8.921805 -0.000002  -0.076258 0.581005 -0.195604
44  1.196193 2.899154 -2.353086  -0.449719 1.030105 1.287431
45  0.000108 5.476941 0.000002  0.285574 -0.099353 -0.038445
46  -0.000075 6.060445 -0.000086  -0.155020 -0.575032 0.384607
47  0.000015 5.994257 0.000029  0.033941 0.288574 -0.067729
48  -0.000009 6.100485 -0.000001  -0.068405 0.299273 -0.162154
49  0.000034 6.916760 0.000010  -0.096318 0.220533 -0.107964
50  0.000148 6.435061 -0.000044  -0.037458 0.171630 -0.116574
51  1.092793 3.649514 -1.738792  -0.148600 0.876612 1.445020
52  -0.000126 6.792202 -0.000101  0.008284 0.107792 -0.048643
53  -0.000087 7.744776 -0.000036  0.057137 -0.256893 0.015458
54  0.000086 9.115022 -0.000038  -0.020393 0.256253 -0.142636
55  3.494512 -1.749104 3.007065  0.118402 1.106974 1.813814
56  0.000014 4.323833 0.000091  -0.229908 -0.770942 0.449223
57  0.000025 4.872902 -0.000024  0.367242 -0.664052 -0.254033
58  0.000007 5.056653 0.000093  -0.511233 0.856588 -0.546320
59  2.292460 1.708617 3.661678  -1.762559 1.789110 -0.218970
60  -0.000172 6.589445 0.000272  -0.007130 -0.169123 0.176911
61  0.000173 7.491496 -0.000148  -0.132416 -0.107097 0.179326
62  -0.000140 8.249660 0.000141  0.041912 -0.058209 0.015814
63  0.000071 8.605238 -0.000024  0.101585 0.501824 -0.079697
64  -0.240486 2.066072 2.349267  -0.357331 2.461714 1.296084
65  -0.000087 7.721104 -0.000003  -0.208229 -0.126223 -0.116495
66  -0.000123 7.374870 -0.000044  -0.111018 0.046939 -0.046462
67  -0.000033 6.848058 -0.000023  0.273532 0.247522 0.299906
68  0.000036 7.777823 -0.000044  0.072921 0.186147 -0.052688
69  -0.000085 8.178052 0.000010  -0.087029 -0.422849 -0.381358
70  1.617601 3.431411 2.399268  -0.249455 2.569515 1.508574
71  -0.000157 5.476947 -0.000029  0.057729 0.074072 0.060285
72  -0.000092 6.060491 -0.000006  -0.015203 0.015650 -0.152066
73  0.000020 5.994252 0.000012  -0.126212 -0.157657 0.153302
74  -0.000082 7.076876 -0.000048  -0.008118 0.010385 0.036402
75  0.000004 7.089871 -0.000070  0.070875 0.098587 -0.025893
76  0.361109 0.886678 3.287748  -0.576374 1.978709 0.939014
77  -0.000067 6.686637 0.000224  -0.146568 0.414164 -0.327706
78  -0.000011 7.638017 0.000013  -0.079523 -0.025948 0.130956
79  -0.000033 7.290231 -0.000022  0.025325 -0.093908 0.023962
80  -0.000035 6.530365 0.000007  -0.261847 -0.300600 0.006736
81  0.000063 7.224883 0.000010  0.036505 0.032481 -0.175824
82  1.071893 3.225796 1.570117  -0.043806 2.859975 1.526250
83  0.000417 6.748903 -0.000065  -0.062702 0.083784 0.022201
84  -0.000042 8.002645 0.000027  -0.067496 -0.117209 -0.115600
85  0.000016 8.580571 -0.000098  0.088213 -0.007188 0.334606
86  0.000173 8.689831 -0.000041  0.065326 -0.412430 -0.134517
87  -1.514536 2.104637 0.318056  -0.024895 3.094490 1.569497
88  0.000194 6.982284 0.000011  -0.107588 -0.057624 -0.215718
89  -0.000007 8.382872 -0.000068  0.135031 -0.099914 0.287074
90  -0.000063 8.697674 0.000024  -0.148089 -0.510100 0.044837
91  -0.000136 8.921822 0.000080  -0.236827 -0.892635 0.098805
92  3.553614 -3.478047 2.409276  0.000819 0.762046 1.535312
93  0.000000 4.476908 -0.000008  -0.151002 -0.588331 0.377259
94  0.000033 4.514121 -0.000022  -0.228866 -2.996200 0.592370
95  0.000035 4.518385 -0.000023  0.143172 2.612778 0.693386
96  0.000026 3.598324 0.000023  -0.749303 0.869852 -0.773233
97  4.209921 -0.440347 1.018824  -2.474723 -1.381950 0.697967
98  4.265504 1.434237 -0.404992  2.322594 -1.278241 1.101838
99  9.400234 0.017939 0.083202  0.076073 -0.064006 -1.378923
100  10.242419 0.033599 0.064484  -2.991701 0.391660 0.347801
101  3.465856 -0.059678 0.016696  -0.028318 0.046995 -0.020473
102  1.655597 -0.000028 0.000013  -0.055142 -0.023871 -0.105827
103  0.960774 -0.000006 -0.000007  -0.013046 0.012160 -0.150996
104  3.462029 -0.064245 0.939911  0.217682 -0.244991 0.267807
105  1.497179 -0.000015 0.000018  -0.487329 0.051928 0.144083
106  0.793758 0.000004 0.000001  0.003839 -0.002819 -0.214746
107  0.591660 -0.460691 0.835214  -0.879542 -0.625803 -0.659353
108  1.556142 0.000007 -0.000003  -0.165748 0.067743 0.336035
109  1.135907 0.000018 -0.000000  0.114567 0.010517 0.385983
110  3.084270 -0.668822 -1.257081  -0.727606 0.475619 -0.233666
111  1.064198 -0.000002 0.000006  -0.001310 0.084737 -0.651053
112  0.640346 0.000006 -0.000016  0.009312 -0.006268 -0.097962
113  3.396822 -0.242140 -0.708683  -0.498410 0.087396 -0.402136
114  1.532966 0.000009 0.000006  0.005216 -0.001504 -0.093261
115  0.832970 -0.000005 -0.000004  0.006324 0.012401 -0.354421
116  4.209943 -0.440344 -1.019279  0.818203 1.767752 -0.926500
117  4.266744 1.424948 0.424933  2.403942 0.976092 -0.340354
118  9.398565 0.011954 -0.082517  -0.074895 0.067655 -1.330172
119  10.242439 0.028175 -0.062908  -2.106285 0.152138 0.156329
120  3.465745 -0.067526 0.002270  -0.042384 0.183870 -1.361039
121  1.655563 0.000001 0.000008  -0.102093 0.163409 -0.776877
122  0.960910 0.000008 0.000000  0.051195 0.086684 -0.448767
123  3.466853 -0.077781 -0.920909  -0.352449 0.096202 -1.204902
124  1.497257 -0.000040 -0.000024  -0.473196 0.208734 -0.618988
125  0.793791 -0.000004 0.000006  -0.050712 0.110998 -0.400984
126  0.595077 -0.467152 -0.829176  2.641138 0.813726 -0.557252
127  1.555676 0.000016 -0.000006  0.633057 0.484668 1.133275
128  1.136815 -0.000011 -0.000005  0.236597 0.261493 0.700040
129  3.075974 -0.667966 1.277701  0.650401 0.202663 -1.054399
130  1.064592 0.000017 0.000012  0.049397 -0.126735 -1.072767
131  0.640363 -0.000022 -0.000005  -0.104822 -0.056305 -0.682409
132  3.392412 -0.245369 0.728376  0.221021 0.230549 -1.369494
133  1.532738 -0.000007 0.000004  0.006507 0.017963 -0.855234
134  0.833149 0.000011 0.000008  -0.077446 -0.076330 -1.133600
135  3.590110 -3.090294 1.193971  1.635457 1.210566 1.548541
136  3.589557 -3.089880 -1.196374  -1.505736 1.210473 -1.592853
137  -0.436561 4.719023 -0.001077  0.000295 -1.570733 1.692712
138  0.000002 2.775451 -0.000241  -0.135089 0.000001 -0.000000
139  0.000002 3.189768 0.000003  0.207820 0.000000 0.000000
140  -0.000002 3.504648 0.000045  -0.261876 0.000000 -0.000000
141  0.000001 2.863200 -0.000005  -0.051268 -0.000000 -0.000000
time 7
0  6.437923 -5.768052 40.558140  1.570862 0.000000 -0.000000
1  0.002636 43.025146 0.734438  -0.523278 -0.207164 0.106717
2  3.061857 -4.181014 -0.610802  -1.560842 -0.295668 -1.551052
3  18.476776 0.000158 -0.000001  -0.001619 -0.060952 0.780668
4  17.490082 0.000118 0.000003  0.009785 0.254936 -1.126763
5  -3.065330 -4.183576 -0.611480  -1.657219 0.102685 -1.864922
6  18.474859 -0.000033 -0.000007  -0.002766 0.031684 0.417732
7  17.489582 0.001916 -0.000006  0.112309 -0.059196 -1.106309
8  -0.000117 -0.048888 -0.576228  1.585255 0.329133 1.638760
9  3.224483 0.767049 0.000496  -0.112211 0.097223 -0.017308
10  3.223911 0.226406 -0.001945  -0.028285 0.096628 0.061481
11  5.187321 -1.262557 -0.001176  0.000012 0.000066 0.194111
12  6.928414 -1.935314 -0.000227  2.984419 0.035399 0.413898
13  3.236367 1.079612 0.000055  0.091276 -0.100968 0.474016
14  0.833759 3.805353 0.692959  -0.040491 0.554884 1.469874
15  0.000038 6.792207 0.000046  0.007989 0.036070 -0.011406
16  -0.000066 7.744815 0.000019  -0.017441 -0.155305 0.068150
17  0.000074 7.809706 0.000017  -0.033637 0.005026 0.006143
18  -0.000027 7.867670 0.000014  -0.073329 -0.127910 0.026375
19  3.494698 -1.749093 -3.006910  0.152526 2.070419 1.936949
20  0.000118 4.478321 0.000018  -0.194676 0.310432 -0.234995
21  0.000042 4.636117 -0.000029  0.035834 0.324592 -0.151756
22  -0.000039 5.008652 0.000013  0.075985 -0.286564 0.276090
23  0.000062 4.781163 0.000010  0.904369 -2.690906 -0.015793
24  2.253040 1.989057 -3.350105  -1.523631 1.324497 0.112403
25  0.000159 6.589467 0.000171  0.206354 -0.002129 -0.080394
26  0.000045 7.491413 0.000041  -0.333511 0.184454 -0.191167
27  0.000023 7.660306 -0.000055  -0.063176 0.127195 -0.062118
28  0.000005 7.256269 0.000018  -0.052940 -0.487829 0.313814
29  -0.791158 2.265116 -1.234654  -0.753900 1.136377 0.824675
30  -0.000257 8.572264 -0.000085  -0.222844 -0.296789 0.176503
31  -0.000094 8.117209 0.000045  0.072258 0.772520 -0.285585
32  -0.000077 8.230032 -0.000068  -0.080491 -0.347232 0.072253
33  0.000058 7.366721 0.000053  -0.015394 -0.663892 0.062741
34  0.224214 0.240125 -3.218157  -0.877385 1.468888 0.577826
35  -0.000101 7.721051 -0.000309  -0.283827 0.060498 -0.167555
36  -0.000030 7.374850 -0.000003  0.007536 -0.195022 0.049539
37  0.000077 6.848104 0.000001  0.005485 0.006496 -0.033649
38  -0.000051 7.777864 0.000010  -0.186096 0.182474 -0.152847
39  -1.514472 2.104650 -1.150163  -0.029092 0.541319 1.555680
40  -0.000168 6.982346 -0.000077  -0.199699 -0.041212 0.153489
41  0.000041 8.382864 -0.000078  0.044866 0.587986 -0.257961
42  0.000011 8.697699 -0.000023  -0.102637 -0.474318 0.290943
43  0.000056 8.921806 -0.000005  -0.076257 0.581005 -0.195604
44  1.196192 2.899154 -2.353083  -0.449719 1.030105 1.287431
45  0.000108 5.476943 0.000006  0.285574 -0.099353 -0.038445
46  -0.000072 6.060435 -0.000087  -0.155019 -0.575032 0.384607
47  0.000019 5.994259 0.000030  0.033941 0.288574 -0.067729
48  -0.000007 6.100488 -0.000000  -0.068405 0.299273 -0.162154
49  0.000035 6.916759 0.000008  -0.096318 0.220533 -0.107964
50  0.000151 6.435055 -0.000043  -0.037458 0.171630 -0.116574
51  1.092796 3.649511 -1.738791  -0.148600 0.876612 1.445020
52  -0.000129 6.792207 -0.000101  0.008284 0.107792 -0.048643
53  -0.000089 7.744778 -0.000032  0.057137 -0.256893 0.015458
54  0.000084 9.115019 -0.000038  -0.020393 0.256253 -0.142636
55  3.494514 -1.749101 3.007067  0.118402 1.106974 1.813814
56  0.000015 4.323833 0.000085  -0.229908 -0.770942 0.449223
57  0.000028 4.872898 -0.000022  0.367242 -0.664052 -0.254033
58  0.000004 5.056649 0.000091  -0.511233 0.856588 -0.546320
59  2.292466 1.708615 3.661678  -1.762559 1.789110 -0.218970
60  -0.000171 6.589437 0.000273  -0.007131 -0.169122 0.176911
61  0.000173 7.491492 -0.000149  -0.132416 -0.107097 0.179326
62  -0.000138 8.249658 0.000147  0.041912 -0.058209 0.015814
63  0.000074 8.605240 -0.000025  0.101585 0.501824 -0.079697
64  -0.240486 2.066071 2.349269  -0.357331 2.461714 1.296084
65  -0.000086 7.721108 -0.000003  -0.208229 -0.126223 -0.116495
66  -0.000125 7.374866 -0.000048  -0.111018 0.046939 -0.046462
67  -0.000033 6.848058 -0.000029  0.273532 0.247522 0.299906
68  0.000033 7.777826 -0.000044  0.072921 0.186147 -0.052688
69  -0.000082 8.178052 0.000011  -0.087029 -0.422849 -0.381358
70  1.617604 3.431410 2.399267  -0.249455 2.569515 1.508574
71  -0.000159 5.476940 -0.000029  0.057729 0.074072 0.060285
72  -0.000095 6.060494 -0.000006  -0.015203 0.015650 -0.152066
73  0.000025 5.994249 0.000012  -0.126212 -0.157657 0.153302
74  -0.000078 7.076874 -0.000047  -0.008118 0.010385 0.036402
75  0.000004 7.089870 -0.000070  0.070875 0.098587 -0.025893
76  0.361110 0.886680 3.287747  -0.576374 1.978709 0.939014
77  -0.000066 6.686640 0.000224  -0.146568 0.414164 -0.327706
78  -0.000006 7.638015 0.000013  -0.079523 -0.025948 0.130956
79  -0.000033 7.290233 -0.000021  0.025325 -0.093908 0.023962
80  -0.000033 6.530366 0.000004  -0.261847 -0.300600 0.006736
81  0.000064 7.224879 0.000006  0.036505 0.032481 -0.175824
82  1.071898 3.225794 1.570117  -0.043806 2.859975 1.526250
83  0.000415 6.748905 -0.000068  -0.062702 0.083784 0.022200
84  -0.000045 8.002646 0.000026  -0.067496 -0.117209 -0.115600
85  0.000010 8.580572 -0.000098  0.088213 -0.007188 0.334606
86  0.000169 8.689829 -0.000041  0.065327 -0.412430 -0.134517
87  -1.514536 2.104639 0.318058  -0.024895 3.094490 1.569497
88  0.000188 6.982289 0.000012  -0.107588 -0.057625 -0.215718
89  -0.000009 8.382877 -0.000067  0.135031 -0.099914 0.287074
90  -0.000058 8.697674 0.000024  -0.148089 -0.510100 0.044837
91  -0.000134 8.921820 0.000080  -0.236827 -0.892635 0.098805
92  3.553615 -3.478049 2.409279  0.000819 0.762046 1.535312
93  -0.000000 4.476908 -0.000006  -0.151003 -0.588331 0.377258
94  0.000034 4.514119 -0.000023  -0.228866 -2.996201 0.592370
95  0.000044 4.518383 -0.000022  0.143172 2.612778 0.693386
96  0.000025 3.598324 0.000023  -0.749303 0.869852 -0.773233
97  4.209925 -0.440348 1.018823  0.419821 -1.765444 -2.191504
98  4.265507 1.434232 -0.404992  2.108577 -1.174964 1.269606
99  9.400234 0.017941 0.083205  0.068557 -0.066537 -1.274132
100  10.242415 0.033590 0.064482  -3.040079 0.249421 0.159246
101  3.465854 -0.059679 0.016697  -0.033125 0.006640 -0.139689
102  1.655599 -0.000026 0.000029  -0.036811 -0.041785 -0.171892
103  0.960765 -0.000010 -0.000010  -0.008702 0.003741 -0.198788
104  3.462028 -0.064247 0.939911  0.259714 -0.189382 0.127237
105  1.497173 -0.000009 0.000021  -0.489793 0.026785 0.067823
106  0.793759 0.000003 0.000002  0.001471 0.003632 -0.274480
107  0.591661 -0.460692 0.835210  -0.898000 -0.622333 -0.627054
108  1.556140 0.000001 -0.000001  -0.173012 0.070844 0.338519
109  1.135908 0.000021 -0.000001  0.118730 0.016975 0.423956
110  3.084269 -0.668825 -1.257082  -0.732843 0.350277 -0.310941
111  1.064200 -0.000005 0.000005  -0.001426 0.086478 -0.656858
112  0.640338 0.000001 -0.000005  0.007283 0.003450 -0.210014
113  3.396818 -0.242141 -0.708688  -0.466459 0.031085 -0.466762
114  1.532972 0.000009 0.000002  0.006689 -0.002166 -0.180795
115  0.832968 -0.000002 -0.000005  0.004304 0.011291 -0.363096
116  4.209943 -0.440344 -1.019279  0.908897 1.734230 -0.840234
117  4.266747 1.424941 0.424938  2.503608 1.077231 -0.040564
118  9.398564 0.011949 -0.082517  -0.065018 0.070118 -1.198834
119  10.242442 0.028177 -0.062908  -2.105448 0.338612 0.132068
120  3.465749 -0.067526 0.002271  -0.036431 0.179352 -1.328099
121  1.655560 0.000005 0.000004  -0.097246 0.160611 -0.742882
122  0.960907 -0.000004 0.000001  0.054741 0.078769 -0.415922
123  3.466852 -0.077780 -0.920905  -0.354659 0.091934 -1.145476
124  1.497256 -0.000039 -0.000021  -0.465591 0.195539 -0.579861
125  0.793790 -0.000006 0.000004  -0.040872 0.084004 -0.371450
126  0.595083 -0.467153 -0.829175  2.641137 0.813727 -0.557252
127  1.555675 0.000017 -0.000003  0.623328 0.478368 1.115995
128  1.136818 -0.000010 -0.000005  0.226447 0.252715 0.687240
129  3.075974 -0.667965 1.277703  0.650399 0.202663 -1.054399
130  1.064584 0.000019 0.000015  0.051078 -0.127140 -1.088868
131  0.640362 -0.000024 -0.000004  -0.104110 -0.059209 -0.698193
132  3.392416 -0.245369 0.728379  0.224835 0.226562 -1.352959
133  1.532733 -0.000005 0.000001  0.006507 0.017962 -0.855234
134  0.833152 0.000004 0.000007  -0.077448 -0.076328 -1.133530
135  3.590108 -3.090293 1.193972  1.635456 1.210566 1.548541
136  3.589557 -3.089879 -1.196373  -1.505736 1.210473 -1.592853
137  -0.436561 4.719025 -0.001077  -0.000709 -1.570733 1.693496
138  0.000000 2.775450 -0.000235  -0.135089 0.000001 -0.000000
139  0.000000 3.189771 0.000005  0.207820 -0.000000 0.000000
140  0.000002 3.504647 0.000046  -0.261876 0.000000 -0.000000
141  -0.000002 2.863201 0.000003  -0.051268 -0.000000 -0.000000
time 8
0  7.731447 -4.406577 39.228214  1.570862 0.000000 -0.000000
1  0.002636 43.025146 0.734438  -0.479385 -0.215132 0.112918
2  3.061857 -4.181010 -0.610802  -1.561689 -0.406226 -1.592078
3  18.476772 0.000161 -0.000002  -0.002988 -0.064673 0.829119
4  17.490086 0.000117 0.000004  -0.003096 -0.027880 -1.300503
5  -3.065330 -4.183576 -0.611480  -1.646148 -0.083901 -1.820193
6  18.474850 -0.000035 -0.000006  -0.002565 0.041037 0.531970
7  17.489584 0.001915 -0.000007  0.118746 -0.001071 -1.131453
8  -0.000117 -0.048880 -0.576225  1.575984 0.339613 1.639993
9  3.224485 0.767048 0.000497  -0.161492 0.057019 0.048329
10  3.223907 0.226399 -0.001945  -0.059357 0.056151 0.019563
11  5.187315 -1.262560 -0.001178  0.000012 0.000066 0.194111
12  6.928411 -1.935312 -0.000230  3.084096 0.113213 0.412250
13  3.236369 1.079614 0.000058  0.149057 0.002408 0.252168
14  0.833759 3.805351 0.692953  -0.040491 0.554884 1.469874
15  0.000038 6.792208 0.000040  0.007989 0.036070 -0.011406
16  -0.000068 7.744817 0.000013  -0.017441 -0.155305 0.068150
17  0.000074 7.809705 0.000021  -0.033637 0.005026 0.006143
18  -0.000027 7.867679 0.000018  -0.073329 -0.127910 0.026375
19  3.494698 -1.749092 -3.006913  0.152528 2.070419 1.936949
20  0.000119 4.478323 0.000017  -0.194664 0.310432 -0.234994
21  0.000049 4.636121 -0.000029  0.035832 0.324592 -0.151760
22  -0.000038 5.008653 0.000014  0.075985 -0.286564 0.276090
23  0.000068 4.781167 0.000008  0.904375 -2.690905 -0.015793
24  2.253040 1.989058 -3.350109  -1.523631 1.324497 0.112403
25  0.000165 6.589459 0.000168  0.206354 -0.002129 -0.080395
26  0.000044 7.491412 0.000042  -0.333511 0.184454 -0.191167
27  0.000024 7.660310 -0.000055  -0.063176 0.127195 -0.062118
28  0.000003 7.256269 0.000019  -0.052940 -0.487829 0.313814
29  -0.791161 2.265119 -1.234656  -0.753900 1.136377 0.824675
30  -0.000254 8.572259 -0.000092  -0.222844 -0.296789 0.176503
31  -0.000096 8.117214 0.000054  0.072257 0.772520 -0.285585
32  -0.000085 8.230036 -0.000071  -0.080491 -0.347232 0.072252
33  0.000061 7.366724 0.000056  -0.015394 -0.663892 0.062742
34  0.224213 0.240126 -3.218158  -0.877384 1.468888 0.577826
35  -0.000104 7.721051 -0.000306  -0.283827 0.060498 -0.167555
36  -0.000038 7.374859 -0.000002  0.007536 -0.195022 0.049539
37  0.000076 6.848103 0.000007  0.005485 0.006496 -0.033649
38  -0.000047 7.777863 0.000009  -0.186097 0.182474 -0.152846
39  -1.514472 2.104650 -1.150168  -0.029092 0.541319 1.555680
40  -0.000167 6.982347 -0.000078  -0.199699 -0.041212 0.153489
41  0.000036 8.382858 -0.000070  0.044866 0.587986 -0.257961
42  0.000012 8.697701 -0.000028  -0.102637 -0.474318 0.290943
43  0.000056 8.921803 -0.000005  -0.076257 0.581005 -0.195604
44  1.196191 2.899155 -2.353088  -0.449719 1.030105 1.287431
45  0.000109 5.476938 0.000004  0.285574 -0.099353 -0.038445
46  -0.000073 6.060435 -0.000092  -0.155019 -0.575032 0.384607
47  0.000019 5.994260 0.000029  0.033941 0.288574 -0.067729
48  -0.000006 6.100488 0.000002  -0.068405 0.299273 -0.162154
49  0.000036 6.916753 0.000005  -0.096318 0.220533 -0.107964
50  0.000151 6.435058 -0.000043  -0.037458 0.171630 -0.116574
51  1.092796 3.649511 -1.738796  -0.148600 0.876612 1.445020
52  -0.000127 6.792197 -0.000099  0.008284 0.107792 -0.048643
53  -0.000090 7.744773 -0.000031  0.057137 -0.256893 0.015458
54  0.000086 9.115020 -0.000033  -0.020393 0.256253 -0.142636
55  3.494511 -1.749101 3.007063  0.118402 1.106974 1.813814
56  0.000014 4.323830 0.000081  -0.229908 -0.770943 0.449223
57  0.000030 4.872888 -0.000022  0.367242 -0.664052 -0.254033
58  0.000004 5.056652 0.000094  -0.511233 0.856588 -0.546320
59  2.292462 1.708615 3.661673  -1.762559 1.789110 -0.218970
60  -0.000172 6.589441 0.000273  -0.007131 -0.169122 0.176911
61  0.000174 7.491500 -0.000151  -0.132416 -0.107097 0.179326
62  -0.000139 8.249664 0.000145  0.041912 -0.058209 0.015814
63  0.000070 8.605237 -0.000027  0.101585 0.501824 -0.079697
64  -0.240490 2.066070 2.349265  -0.357331 2.461714 1.296084
65  -0.000085 7.721103 -0.000003  -0.208229 -0.126223 -0.116495
66  -0.000120 7.374859 -0.000049  -0.111018 0.046939 -0.046462
67  -0.000040 6.848065 -0.000026  0.273532 0.247522 0.299906
68  0.000034 7.777829 -0.000043  0.072921 0.186147 -0.052688
69  -0.000085 8.178054 0.000011  -0.087029 -0.422849 -0.381358
70  1.617602 3.431411 2.399263  -0.249455 2.569515 1.508574
71  -0.000164 5.476944 -0.000029  0.057729 0.074072 0.060285
72  -0.000092 6.060495 -0.000007  -0.015204 0.015650 -0.152066
73  0.000028 5.994247 0.000012  -0.126212 -0.157657 0.153302
74  -0.000079 7.076880 -0.000047  -0.008118 0.010385 0.036402
75  0.000006 7.089864 -0.000070  0.070875 0.098587 -0.025893
76  0.361109 0.886681 3.287743  -0.576374 1.978709 0.939014
77  -0.000070 6.686645 0.000224  -0.146569 0.414164 -0.327706
78  -0.000008 7.638017 0.000012  -0.079523 -0.025948 0.130956
79  -0.000031 7.290228 -0.000023  0.025325 -0.093908 0.023962
80  -0.000035 6.530365 0.000005  -0.261847 -0.300600 0.006736
81  0.000063 7.224878 0.000008  0.036505 0.032481 -0.175824
82  1.071892 3.225796 1.570113  -0.043806 2.859975 1.526250
83  0.000416 6.748905 -0.000066  -0.062702 0.083784 0.022201
84  -0.000046 8.002648 0.000027  -0.067496 -0.117209 -0.115600
85  0.000013 8.580567 -0.000097  0.088213 -0.007188 0.334606
86  0.000168 8.689837 -0.000041  0.065326 -0.412430 -0.134517
87  -1.514538 2.104639 0.318054  -0.024895 3.094490 1.569497
88  0.000191 6.982290 0.000011  -0.107588 -0.057624 -0.215718
89  -0.000010 8.382868 -0.000066  0.135031 -0.099914 0.287074
90  -0.000062 8.697678 0.000024  -0.148089 -0.510100 0.044837
91  -0.000135 8.921823 0.000079  -0.236827 -0.892635 0.098805
92  3.553614 -3.478044 2.409275  0.000819 0.762046 1.535312
93  -0.000000 4.476900 -0.000009  -0.151002 -0.588331 0.377258
94  0.000031 4.514119 -0.000024  -0.228866 -2.996200 0.592370
95  0.000046 4.518385 -0.000024  0.143172 2.612778 0.693386
96  0.000025 3.598331 0.000023  -0.749303 0.869852 -0.773233
97  4.209921 -0.440346 1.018822  0.102396 -1.759992 -1.864575
98  4.265505 1.434231 -0.404993  2.076267 -1.116016 1.366918
99  9.400235 0.017939 0.083208  0.059751 -0.068443 -1.155063
100  10.242414 0.033589 0.064481  -3.104193 -0.018203 -0.090375
101  3.465854 -0.059679 0.016694  -0.031892 -0.048766 -0.301429
102  1.655589 -0.000022 0.000022  -0.010675 -0.060975 -0.248144
103  0.960770 -0.000003 -0.000003  -0.002667 -0.004503 -0.249608
104  3.462028 -0.064246 0.939908  0.304484 -0.106040 -0.065849
105  1.497172 -0.000007 0.000018  -0.490277 -0.003591 -0.026282
106  0.793756 -0.000005 0.000000  -0.002098 0.011240 -0.345402
107  0.591660 -0.460688 0.835206  -0.930196 -0.621232 -0.580148
108  1.556140 0.000004 0.000001  -0.184307 0.068903 0.328230
109  1.135910 0.000021 0.000006  0.122676 0.022592 0.461308
110  3.084272 -0.668821 -1.257087  -0.723811 0.179381 -0.411121
111  1.064202 -0.000000 0.000004  -0.000049 0.086979 -0.641001
112  0.640334 0.000003 -0.000009  0.003038 0.014038 -0.339471
113  3.396819 -0.242136 -0.708688  -0.417122 -0.039871 -0.553405
114  1.532973 0.000006 0.000003  0.008680 -0.002659 -0.283570
115  0.832971 -0.000005 -0.000001  0.001470 0.009855 -0.365955
116  4.209942 -0.440342 -1.019281  0.960855 1.708006 -0.791355
117  4.266748 1.424941 0.424938  2.839640 1.074813 0.545602
118  9.398566 0.011947 -0.082518  -0.046291 0.071203 -0.956392
119  10.242432 0.028177 -0.062907  -2.017102 0.420755 0.095780
120  3.465747 -0.067526 0.002269  -0.032052 0.175890 -1.303486
121  1.655568 0.000007 0.000005  -0.093699 0.158403 -0.717411
122  0.960908 0.000003 0.000000  0.057204 0.072827 -0.391413
123  3.466856 -0.077783 -0.920908  -0.356467 0.088878 -1.100990
124  1.497260 -0.000029 -0.000022  -0.460201 0.185439 -0.550743
125  0.793787 -0.000008 0.000000  -0.034061 0.063668 -0.349555
126  0.595079 -0.467154 -0.829175  2.641232 0.813709 -0.557114
127  1.555674 0.000016 0.000001  0.616076 0.473558 1.103083
128  1.136813 -0.000010 -0.000006  0.219018 0.246044 0.677766
129  3.075969 -0.667970 1.277702  0.650408 0.202640 -1.054331
130  1.064590 0.000014 0.000009  0.052295 -0.127416 -1.100884
131  0.640362 -0.000014 -0.000006  -0.103527 -0.061394 -0.709969
132  3.392416 -0.245372 0.728375  0.227556 0.223534 -1.340659
133  1.532743 -0.000004 0.000001  0.006508 0.017960 -0.855167
134  0.833149 0.000000 0.000008  -0.077447 -0.076328 -1.133530
135  3.590107 -3.090294 1.193972  1.635457 1.210566 1.548541
136  3.589554 -3.089878 -1.196372  -1.505736 1.210473 -1.592853
137  -0.436566 4.719026 -0.001076  -0.000236 -1.570733 1.693218
138  0.000001 2.775452 -0.000241  -0.135089 0.000001 -0.000000
139  0.000000 3.189773 0.000013  0.207820 -0.000000 0.000000
140  0.000001 3.504654 0.000043  -0.261876 0.000000 -0.000000
141  -0.000000 2.863203 0.000002  -0.051268 -0.000000 0.000000
time 9
0  8.528929 -3.502691 38.093830  1.570862 0.000000 -0.000000
1  0.002636 43.025146 0.734438  -0.455449 -0.241702 0.125603
2  3.061857 -4.181013 -0.610805  -1.608507 -0.434118 -1.629779
3  18.476774 0.000157 -0.000001  -0.004094 -0.067320 0.864161
4  17.490088 0.000118 0.000003  0.061830 -0.192805 -1.444980
5  -3.065330 -4.183575 -0.611482  -1.639503 -0.230082 -1.788334
6  18.474857 -0.000034 -0.000007  -0.001694 0.048113 0.619029
7  17.489580 0.001915 -0.000006  0.108797 -0.003750 -1.135145
8  -0.000117 -0.048882 -0.576228  1.572767 0.327176 1.650300
9  3.224484 0.767047 0.000495  -0.185287 0.027124 0.105624
10  3.223912 0.226397 -0.001944  -0.076978 0.021782 0.020764
11  5.187318 -1.262559 -0.001176  0.000012 0.000066 0.194111
12  6.928407 -1.935313 -0.000225  -3.111960 0.148397 0.386275
13  3.236371 1.079611 0.000057  0.170141 0.084845 0.093472
14  0.833761 3.805351 0.692960  -0.040491 0.554884 1.469874
15  0.000039 6.792206 0.000038  0.007989 0.036070 -0.011405
16  -0.000066 7.744812 0.000018  -0.017441 -0.155305 0.068150
17  0.000074 7.809703 0.000020  -0.033637 0.005026 0.006143
18  -0.000024 7.867674 0.000016  -0.073329 -0.127910 0.026375
19  3.494702 -1.749093 -3.006907  0.152531 2.070419 1.936949
20  0.000117 4.478323 0.000019  -0.194664 0.310432 -0.234994
21  0.000053 4.636114 -0.000029  0.035832 0.324592 -0.151760
22  -0.000049 5.008656 0.000015  0.075989 -0.286564 0.276090
23  0.000060 4.781165 0.000010  0.904382 -2.690905 -0.015794
24  2.253043 1.989057 -3.350102  -1.523631 1.324497 0.112403
25  0.000161 6.589465 0.000170  0.206354 -0.002129 -0.080394
26  0.000039 7.491416 0.000043  -0.333511 0.184454 -0.191167
27  0.000025 7.660307 -0.000059  -0.063176 0.127195 -0.062118
28  0.000008 7.256272 0.000019  -0.052940 -0.487829 0.313814
29  -0.791159 2.265118 -1.234650  -0.753900 1.136377 0.824675
30  -0.000255 8.572255 -0.000091  -0.222844 -0.296789 0.176503
31  -0.000096 8.117214 0.000048  0.072258 0.772520 -0.285585
32  -0.000080 8.230034 -0.000069  -0.080491 -0.347232 0.072252
33  0.000059 7.366725 0.000053  -0.015394 -0.663892 0.062741
34  0.224213 0.240125 -3.218152  -0.877384 1.468888 0.577826
35  -0.000102 7.721053 -0.000308  -0.283827 0.060498 -0.167555
36  -0.000030 7.374856 -0.000002  0.007536 -0.195022 0.049539
37  0.000075 6.848107 0.000005  0.005485 0.006496 -0.033649
38  -0.000057 7.777867 0.000010  -0.186096 0.182474 -0.152846
39  -1.514464 2.104646 -1.150163  -0.029092 0.541319 1.555680
40  -0.000170 6.982347 -0.000078  -0.199699 -0.041212 0.153489
41  0.000039 8.382867 -0.000071  0.044866 0.587986 -0.257961
42  0.000012 8.697703 -0.000026  -0.102637 -0.474318 0.290943
43  0.000056 8.921807 -0.000005  -0.076258 0.581005 -0.195604
44  1.196196 2.899152 -2.353081  -0.449719 1.030105 1.287431
45  0.000108 5.476942 0.000008  0.285574 -0.099353 -0.038445
46  -0.000075 6.060435 -0.000092  -0.155020 -0.575032 0.384607
47  0.000018 5.994262 0.000029  0.033941 0.288574 -0.067729
48  -0.000007 6.100491 -0.000000  -0.068405 0.299273 -0.162154
49  0.000035 6.916759 0.000010  -0.096318 0.220533 -0.107964
50  0.000152 6.435062 -0.000043  -0.037458 0.171630 -0.116574
51  1.092798 3.649513 -1.738790  -0.148600 0.876612 1.445020
52  -0.000128 6.792203 -0.000103  0.008284 0.107792 -0.048643
53  -0.000089 7.744772 -0.000031  0.057137 -0.256893 0.015458
54  0.000088 9.115029 -0.000038  -0.020393 0.256253 -0.142636
55  3.494518 -1.749104 3.007068  0.118402 1.106974 1.813814
56  0.000016 4.323835 0.000086  -0.229908 -0.770942 0.449223
57  0.000027 4.872897 -0.000023  0.367242 -0.664052 -0.254033
58  0.000003 5.056653 0.000093  -0.511233 0.856588 -0.546320
59  2.292465 1.708614 3.661679  -1.762559 1.789110 -0.218970
60  -0.000174 6.589446 0.000276  -0.007131 -0.169122 0.176911
61  0.000174 7.491496 -0.000150  -0.132416 -0.107097 0.179326
62  -0.000140 8.249660 0.000145  0.041912 -0.058209 0.015814
63  0.000071 8.605232 -0.000028  0.101585 0.501824 -0.079697
64  -0.240485 2.066072 2.349271  -0.357331 2.461714 1.296085
65  -0.000087 7.721115 -0.000003  -0.208229 -0.126223 -0.116495
66  -0.000125 7.374865 -0.000045  -0.111018 0.046939 -0.046462
67  -0.000036 6.848058 -0.000027  0.273532 0.247522 0.299906
68  0.000034 7.777823 -0.000043  0.072921 0.186147 -0.052688
69  -0.000084 8.178050 0.000011  -0.087029 -0.422849 -0.381358
70  1.617609 3.431408 2.399268  -0.249455 2.569515 1.508574
71  -0.000163 5.476944 -0.000028  0.057729 0.074072 0.060285
72  -0.000093 6.060496 -0.000007  -0.015204 0.015650 -0.152066
73  0.000026 5.994249 0.000012  -0.126212 -0.157657 0.153302
74  -0.000078 7.076874 -0.000047  -0.008118 0.010385 0.036402
75  0.000002 7.089868 -0.000070  0.070875 0.098587 -0.025893
76  0.361114 0.886680 3.287748  -0.576374 1.978709 0.939014
77  -0.000067 6.686643 0.000222  -0.146568 0.414164 -0.327706
78  -0.000011 7.638014 0.000013  -0.079523 -0.025948 0.130956
79  -0.000030 7.290229 -0.000021  0.025325 -0.093908 0.023962
80  -0.000033 6.530367 0.000004  -0.261847 -0.300600 0.006736
81  0.000063 7.224881 0.000009  0.036505 0.032481 -0.175824
82  1.071899 3.225795 1.570118  -0.043806 2.859975 1.526250
83  0.000415 6.748905 -0.000067  -0.062702 0.083784 0.022201
84  -0.000046 8.002642 0.000029  -0.067496 -0.117209 -0.115600
85  0.000012 8.580575 -0.000098  0.088213 -0.007188 0.334606
86  0.000169 8.689833 -0.000040  0.065326 -0.412430 -0.134517
87  -1.514534 2.104638 0.318060  -0.024895 3.094490 1.569497
88  0.000195 6.982280 0.000011  -0.107588 -0.057624 -0.215718
89  -0.000008 8.382874 -0.000068  0.135031 -0.099914 0.287074
90  -0.000060 8.697677 0.000023  -0.148089 -0.510100 0.044837
91  -0.000135 8.921823 0.000079  -0.236827 -0.892635 0.098805
92  3.553617 -3.478047 2.409281  0.000819 0.762046 1.535312
93  -0.000003 4.476899 -0.000008  -0.151002 -0.588331 0.377258
94  0.000028 4.514122 -0.000025  -0.228866 -2.996201 0.592370
95  0.000039 4.518385 -0.000022  0.143172 2.612778 0.693386
96  0.000024 3.598335 0.000024  -0.749303 0.869852 -0.773233
97  4.209916 -0.440345 1.018825  -0.103169 -1.758148 -1.653093
98  4.265504 1.434237 -0.404996  2.096676 -1.057167 1.429891
99  9.400230 0.017941 0.083199  0.054818 -0.069043 -1.089415
100  10.242421 0.033586 0.064481  -3.138645 -0.206462 -0.284981
101  3.465858 -0.059671 0.016698  -0.025910 -0.086064 -0.412247
102  1.655595 -0.000025 0.000019  0.008477 -0.074525 -0.309383
103  0.960773 -0.000001 0.000002  0.002044 -0.011689 -0.293183
104  3.462031 -0.064240 0.939914  0.325124 -0.045003 -0.189627
105  1.497179 -0.000006 0.000020  -0.488779 -0.026735 -0.096381
106  0.793775 0.000005 0.000000  -0.005070 0.016814 -0.400217
107  0.591664 -0.460684 0.835211  -0.947580 -0.616985 -0.550339
108  1.556149 0.000007 0.000000  -0.191080 0.071482 0.329677
109  1.135911 0.000017 0.000003  0.126803 0.028107 0.495727
110  3.084268 -0.668809 -1.257077  -0.708035 0.064072 -0.478879
111  1.064206 -0.000002 0.000006  -0.000139 0.088478 -0.645029
112  0.640341 -0.000003 -0.000009  -0.000858 0.022148 -0.442136
113  3.396824 -0.242131 -0.708682  -0.379849 -0.086662 -0.617373
114  1.532973 0.000007 0.000000  0.010085 -0.003016 -0.363752
115  0.832972 -0.000008 0.000000  -0.000354 0.008747 -0.373461
116  4.209941 -0.440342 -1.019276  0.948489 1.698358 -0.804712
117  4.266748 1.424936 0.424937  -0.120428 2.201781 -2.262836
118  9.398569 0.011948 -0.082516  -0.035023 0.069658 -0.809619
119  10.242442 0.028176 -0.062906  -1.916157 0.420860 0.077302
120  3.465759 -0.067528 0.002267  -0.031264 0.175173 -1.298797
121  1.655563 -0.000000 0.000006  -0.092996 0.157974 -0.712518
122  0.960907 0.000001 0.000002  0.057669 0.071663 -0.386658
123  3.466861 -0.077780 -0.920909  -0.356825 0.088289 -1.092456
124  1.497259 -0.000040 -0.000023  -0.459175 0.183511 -0.545183
125  0.793787 0.000003 -0.000005  -0.032804 0.059755 -0.345429
126  0.595088 -0.467152 -0.829177  2.641232 0.813709 -0.557114
127  1.555672 0.000017 -0.000002  0.614689 0.472602 1.100639
128  1.136814 0.000003 -0.000003  0.217617 0.244748 0.675963
129  3.075984 -0.667967 1.277699  0.650408 0.202640 -1.054331
130  1.064585 0.000017 0.000011  0.052534 -0.127494 -1.103207
131  0.640363 -0.000013 -0.000001  -0.103395 -0.061794 -0.712198
132  3.392427 -0.245370 0.728374  0.228102 0.222957 -1.338234
133  1.532734 -0.000008 -0.000000  0.006508 0.017960 -0.855167
134  0.833149 0.000025 0.000004  -0.077449 -0.076326 -1.133461
135  3.590105 -3.090295 1.193973  1.635456 1.210566 1.548541
136  3.589555 -3.089879 -1.196371  -1.505736 1.210473 -1.592853
137  -0.436563 4.719027 -0.001074  -0.000827 -1.570733 1.693012
138  0.000001 2.775459 -0.000236  -0.135089 0.000001 -0.000000
139  0.000001 3.189768 0.000005  0.207820 -0.000000 0.000000
140  -0.000001 3.504650 0.000047  -0.261876 0.000000 -0.000000
141  -0.000003 2.863204 -0.000002  -0.051268 0.000000 -0.000000
time 10
0  8.613504 -3.528591 37.501766  1.570862 0.000000 -0.000000
1  0.002636 43.025146 0.734438  -0.475453 -0.279728 0.143095
2  3.061857 -4.181011 -0.610804  -1.723508 -0.315624 -1.675544
3  18.476776 0.000159 -0.000001  -0.004329 -0.067782 0.870349
4  17.490086 0.000116 0.000004  0.122642 -0.168919 -1.529369
5  -3.065330 -4.183578 -0.611480  -1.619388 -0.309884 -1.765973
6  18.474855 -0.000034 -0.000008  -0.000390 0.054375 0.697162
7  17.489586 0.001915 -0.000006  0.077582 -0.087767 -1.123109
8  -0.000117 -0.048885 -0.576227  1.574505 0.284934 1.675193
9  3.224484 0.767047 0.000497  -0.177813 0.012701 0.137295
10  3.223908 0.226398 -0.001945  -0.079751 0.003141 0.083239
11  5.187327 -1.262558 -0.001178  0.000012 0.000066 0.194111
12  6.928408 -1.935314 -0.000229  -3.050662 0.123374 0.285918
13  3.236363 1.079612 0.000056  0.164619 0.086058 0.033983
14  0.833764 3.805352 0.692956  -0.040491 0.554884 1.469874
15  0.000041 6.792204 0.000040  0.007989 0.036071 -0.011405
16  -0.000066 7.744817 0.000015  -0.017441 -0.155305 0.068150
17  0.000071 7.809713 0.000019  -0.033637 0.005026 0.006143
18  -0.000024 7.867674 0.000015  -0.073329 -0.127910 0.026375
19  3.494702 -1.749093 -3.006910  0.152533 2.070419 1.936949
20  0.000124 4.478316 0.000018  -0.194664 0.310432 -0.234995
21  0.000049 4.636118 -0.000029  0.035831 0.324592 -0.151760
22  -0.000039 5.008653 0.000012  0.075990 -0.286564 0.276090
23  0.000059 4.781166 0.000009  0.904382 -2.690905 -0.015794
24  2.253043 1.989058 -3.350105  -1.523631 1.324497 0.112403
25  0.000160 6.589458 0.000171  0.206354 -0.002129 -0.080395
26  0.000046 7.491412 0.000042  -0.333511 0.184454 -0.191167
27  0.000024 7.660309 -0.000056  -0.063176 0.127195 -0.062118
28  -0.000002 7.256274 0.000019  -0.052940 -0.487829 0.313814
29  -0.791161 2.265117 -1.234653  -0.753900 1.136377 0.824675
30  -0.000260 8.572259 -0.000091  -0.222844 -0.296789 0.176503
31  -0.000097 8.117218 0.000049  0.072258 0.772520 -0.285585
32  -0.000077 8.230030 -0.000071  -0.080491 -0.347232 0.072252
33  0.000062 7.366729 0.000054  -0.015394 -0.663892 0.062742
34  0.224217 0.240127 -3.218155  -0.877384 1.468888 0.577826
35  -0.000104 7.721052 -0.000308  -0.283827 0.060498 -0.167555
36  -0.000031 7.374851 0.000000  0.007536 -0.195022 0.049539
37  0.000073 6.848105 0.000006  0.005485 0.006496 -0.033649
38  -0.000051 7.777867 0.000010  -0.186096 0.182474 -0.152846
39  -1.514464 2.104649 -1.150164  -0.029092 0.541319 1.555680
40  -0.000167 6.982344 -0.000075  -0.199699 -0.041212 0.153489
41  0.000038 8.382867 -0.000072  0.044866 0.587986 -0.257961
42  0.000012 8.697701 -0.000025  -0.102637 -0.474318 0.290943
43  0.000056 8.921805 -0.000003  -0.076258 0.581005 -0.195604
44  1.196196 2.899153 -2.353085  -0.449719 1.030105 1.287431
45  0.000106 5.476945 0.000009  0.285574 -0.099353 -0.038445
46  -0.000075 6.060431 -0.000093  -0.155019 -0.575032 0.384607
47  0.000019 5.994259 0.000030  0.033941 0.288574 -0.067729
48  -0.000005 6.100485 0.000001  -0.068405 0.299273 -0.162154
49  0.000036 6.916759 0.000010  -0.096318 0.220533 -0.107964
50  0.000149 6.435060 -0.000044  -0.037458 0.171630 -0.116574
51  1.092796 3.649513 -1.738792  -0.148600 0.876612 1.445020
52  -0.000128 6.792199 -0.000100  0.008284 0.107792 -0.048643
53  -0.000087 7.744774 -0.000034  0.057137 -0.256893 0.015458
54  0.000089 9.115014 -0.000039  -0.020393 0.256253 -0.142636
55  3.494516 -1.749103 3.007066  0.118401 1.106974 1.813814
56  0.000015 4.323837 0.000086  -0.229908 -0.770943 0.449223
57  0.000030 4.872893 -0.000021  0.367242 -0.664052 -0.254033
58  0.000006 5.056655 0.000092  -0.511233 0.856588 -0.546320
59  2.292466 1.708614 3.661677  -1.762559 1.789110 -0.218970
60  -0.000174 6.589437 0.000274  -0.007131 -0.169122 0.176911
61  0.000173 7.491496 -0.000151  -0.132416 -0.107097 0.179326
62  -0.000140 8.249660 0.000144  0.041912 -0.058209 0.015814
63  0.000072 8.605234 -0.000026  0.101585 0.501824 -0.079697
64  -0.240482 2.066072 2.349267  -0.357331 2.461714 1.296084
65  -0.000086 7.721105 -0.000003  -0.208229 -0.126223 -0.116495
66  -0.000121 7.374865 -0.000046  -0.111018 0.046939 -0.046462
67  -0.000033 6.848061 -0.000026  0.273532 0.247522 0.299906
68  0.000035 7.777823 -0.000044  0.072921 0.186148 -0.052688
69  -0.000084 8.178055 0.000011  -0.087029 -0.422849 -0.381358
70  1.617606 3.431411 2.399268  -0.249455 2.569515 1.508574
71  -0.000163 5.476946 -0.000029  0.057729 0.074072 0.060285
72  -0.000093 6.060490 -0.000006  -0.015203 0.015650 -0.152066
73  0.000026 5.994251 0.000010  -0.126212 -0.157657 0.153302
74  -0.000079 7.076876 -0.000047  -0.008118 0.010385 0.036402
75  0.000005 7.089870 -0.000071  0.070875 0.098587 -0.025893
76  0.361113 0.886682 3.287748  -0.576374 1.978709 0.939014
77  -0.000066 6.686637 0.000223  -0.146568 0.414164 -0.327706
78  -0.000011 7.638023 0.000012  -0.079523 -0.025948 0.130956
79  -0.000031 7.290231 -0.000022  0.025325 -0.093908 0.023962
80  -0.000034 6.530366 0.000005  -0.261847 -0.300600 0.006736
81  0.000063 7.224880 0.000009  0.036505 0.032481 -0.175824
82  1.071898 3.225797 1.570117  -0.043806 2.859975 1.526250
83  0.000416 6.748907 -0.000065  -0.062702 0.083784 0.022201
84  -0.000047 8.002650 0.000025  -0.067496 -0.117209 -0.115600
85  0.000012 8.580572 -0.000097  0.088213 -0.007188 0.334606
86  0.000171 8.689832 -0.000041  0.065326 -0.412430 -0.134517
87  -1.514530 2.104638 0.318056  -0.024895 3.094490 1.569497
88  0.000193 6.982279 0.000012  -0.107588 -0.057624 -0.215718
89  -0.000008 8.382864 -0.000067  0.135031 -0.099914 0.287074
90  -0.000061 8.697669 0.000024  -0.148089 -0.510100 0.044837
91  -0.000136 8.921824 0.000081  -0.236827 -0.892635 0.098805
92  3.553616 -3.478046 2.409279  0.000819 0.762046 1.535312
93  0.000000 4.476902 -0.000009  -0.151003 -0.588331 0.377259
94  0.000033 4.514125 -0.000022  -0.228866 -2.996200 0.592370
95  0.000041 4.518384 -0.000023  0.143172 2.612778 0.693386
96  0.000022 3.598329 0.000023  -0.749303 0.869852 -0.773233
97  4.209921 -0.440346 1.018823  -0.126201 -1.743094 -1.630323
98  4.265504 1.434234 -0.404994  2.146252 -0.963976 1.433956
99  9.400237 0.017942 0.083198  0.055331 -0.068995 -1.096215
100  10.242413 0.033591 0.064480  3.089254 -0.236698 -0.409803
101  3.465853 -0.059681 0.016693  -0.023687 -0.095340 -0.440729
102  1.655602 -0.000028 0.000018  0.014757 -0.081824 -0.347678
103  0.960770 -0.000003 -0.000009  0.004290 -0.017750 -0.327036
104  3.462023 -0.064246 0.939910  0.328518 -0.029087 -0.208263
105  1.497178 -0.000005 0.000020  -0.487665 -0.038943 -0.129302
106  0.793759 0.000008 -0.000004  -0.006507 0.019654 -0.430602
107  0.591659 -0.460692 0.835206  -0.940077 -0.608738 -0.548295
108  1.556133 -0.000001 0.000007  -0.190196 0.082135 0.351662
109  1.135903 0.000014 -0.000002  0.131432 0.034145 0.527226
110  3.084270 -0.668829 -1.257087  -0.703065 0.035864 -0.496099
111  1.064206 -0.000004 0.000003  -0.002754 0.091919 -0.683883
112  0.640342 0.000000 -0.000011  -0.002601 0.027285 -0.504841
113  3.396820 -0.242142 -0.708689  -0.369571 -0.100841 -0.640817
114  1.532978 0.000008 0.000004  0.010642 -0.003498 -0.409959
115  0.832968 -0.000005 0.000006  -0.000591 0.008224 -0.389485
116  4.209939 -0.440343 -1.019282  0.857991 1.712509 -0.893641
117  4.266749 1.424938 0.424938  -0.131026 2.372027 -2.198377
118  9.398568 0.011947 -0.082514  -0.038892 0.070379 -0.860401
119  10.242444 0.028176 -0.062908  -1.796448 0.397535 0.144686
120  3.465745 -0.067526 0.002264  -0.034296 0.177647 -1.316095
121  1.655561 -0.000004 0.000007  -0.095505 0.159552 -0.730460
122  0.960906 0.000015 -0.000001  0.055985 0.075911 -0.403986
123  3.466845 -0.077778 -0.920909  -0.355549 0.090429 -1.123890
124  1.497255 -0.000038 -0.000025  -0.462900 0.190634 -0.565714
125  0.793787 -0.000005 0.000001  -0.037520 0.074182 -0.360785
126  0.595081 -0.467151 -0.829178  2.641139 0.813694 -0.557150
127  1.555679 0.000014 -0.000000  0.619743 0.475992 1.109651
128  1.136813 -0.000015 -0.000001  0.222818 0.249457 0.682630
129  3.075965 -0.667966 1.277701  0.650409 0.202641 -1.054330
130  1.064587 0.000014 0.000016  0.051635 -0.127288 -1.094624
131  0.640363 -0.000023 -0.000004  -0.103785 -0.060218 -0.703819
132  3.392414 -0.245370 0.728373  0.226164 0.225092 -1.346910
133  1.532738 -0.000021 -0.000001  0.006508 0.017961 -0.855100
134  0.833151 0.000001 0.000006  -0.077448 -0.076326 -1.133461
135  3.590116 -3.090292 1.193973  1.635457 1.210566 1.548541
136  3.589562 -3.089878 -1.196372  -1.505736 1.210473 -1.592853
137  -0.436554 4.719027 -0.001077  -0.000236 -1.570733 1.692835
138  0.000001 2.775460 -0.000237  -0.135089 0.000001 0.000000
139  0.000003 3.189770 0.000009  0.207820 0.000000 0.000000
140  -0.000001 3.504654 0.000045  -0.261876 0.000000 -0.000000
141  -0.000001 2.863206 -0.000001  -0.051268 0.000000 0.000000
time 11
0  8.369806 -3.929771 37.071167  1.570862 0.000000 -0.000000
1  0.002636 43.025146 0.734438  -0.515984 -0.328244 0.167398
2  3.061858 -4.181016 -0.610806  -1.880371 -0.123650 -1.746257
3  18.476772 0.000157 -0.000001  -0.004008 -0.067083 0.861037
4  17.490082 0.000119 0.000003  0.191018 -0.062510 -1.573861
5  -3.065329 -4.183577 -0.611480  -1.597130 -0.367505 -1.745713
6  18.474859 -0.000036 -0.000009  0.001439 0.060619 0.776647
7  17.489584 0.001916 -0.000007  0.026743 -0.209804 -1.091986
8  -0.000117 -0.048883 -0.576227  1.577409 0.226547 1.711784
9  3.224481 0.767044 0.000493  -0.155245 0.002609 0.159280
10  3.223916 0.226401 -0.001944  -0.077784 -0.011173 0.178247
11  5.187326 -1.262559 -0.001176  0.000012 0.000066 0.194111
12  6.928410 -1.935314 -0.000228  -2.985449 0.072477 0.150115
13  3.236369 1.079611 0.000058  0.137686 0.063928 0.004415
14  0.833762 3.805351 0.692957  -0.040491 0.554884 1.469874
15  0.000043 6.792200 0.000037  0.007989 0.036071 -0.011406
16  -0.000067 7.744813 0.000015  -0.017441 -0.155305 0.068150
17  0.000074 7.809706 0.000018  -0.033637 0.005026 0.006143
18  -0.000026 7.867674 0.000017  -0.073329 -0.127910 0.026375
19  3.494698 -1.749094 -3.006909  0.152534 2.070419 1.936949
20  0.000116 4.478320 0.000018  -0.194664 0.310432 -0.234995
21  0.000048 4.636114 -0.000030  0.035831 0.324592 -0.151760
22  -0.000042 5.008648 0.000012  0.075990 -0.286564 0.276090
23  0.000061 4.781163 0.000009  0.904383 -2.690905 -0.015794
24  2.253042 1.989056 -3.350105  -1.523631 1.324497 0.112403
25  0.000162 6.589456 0.000170  0.206354 -0.002129 -0.080395
26  0.000041 7.491416 0.000043  -0.333511 0.184454 -0.191167
27  0.000021 7.660305 -0.000055  -0.063176 0.127195 -0.062118
28  0.000008 7.256269 0.000020  -0.052940 -0.487829 0.313814
29  -0.791159 2.265116 -1.234653  -0.753900 1.136377 0.824675
30  -0.000261 8.572264 -0.000092  -0.222844 -0.296789 0.176503
31  -0.000096 8.117210 0.000046  0.072258 0.772520 -0.285586
32  -0.000087 8.230034 -0.000071  -0.080491 -0.347232 0.072252
33  0.000061 7.366724 0.000055  -0.015394 -0.663892 0.062742
34  0.224216 0.240125 -3.218156  -0.877384 1.468888 0.577826
35  -0.000099 7.721053 -0.000307  -0.283827 0.060498 -0.167555
36  -0.000028 7.374853 -0.000003  0.007536 -0.195022 0.049539
37  0.000078 6.848094 0.000005  0.005485 0.006496 -0.033649
38  -0.000050 7.777863 0.000009  -0.186096 0.182474 -0.152847
39  -1.514466 2.104647 -1.150164  -0.029092 0.541319 1.555680
40  -0.000170 6.982349 -0.000078  -0.199699 -0.041212 0.153489
41  0.000037 8.382863 -0.000073  0.044866 0.587986 -0.257961
42  0.000014 8.697701 -0.000027  -0.102637 -0.474318 0.290943
43  0.000055 8.921803 -0.000002  -0.076258 0.581005 -0.195604
44  1.196188 2.899153 -2.353082  -0.449719 1.030105 1.287431
45  0.000106 5.476940 0.000007  0.285574 -0.099353 -0.038445
46  -0.000072 6.060437 -0.000091  -0.155019 -0.575032 0.384607
47  0.000021 5.994266 0.000031  0.033941 0.288575 -0.067729
48  -0.000006 6.100486 0.000001  -0.068405 0.299273 -0.162154
49  0.000034 6.916759 0.000012  -0.096318 0.220533 -0.107964
50  0.000146 6.435061 -0.000045  -0.037458 0.171630 -0.116574
51  1.092796 3.649512 -1.738792  -0.148600 0.876612 1.445020
52  -0.000127 6.792204 -0.000100  0.008284 0.107792 -0.048643
53  -0.000091 7.744778 -0.000030  0.057137 -0.256893 0.015458
54  0.000087 9.115025 -0.000038  -0.020393 0.256253 -0.142636
55  3.494516 -1.749104 3.007068  0.118402 1.106974 1.813814
56  0.000013 4.323840 0.000086  -0.229908 -0.770942 0.449223
57  0.000029 4.872903 -0.000024  0.367242 -0.664052 -0.254033
58  0.000003 5.056652 0.000089  -0.511233 0.856588 -0.546320
59  2.292462 1.708614 3.661679  -1.762559 1.789110 -0.218970
60  -0.000173 6.589439 0.000274  -0.007131 -0.169122 0.176911
61  0.000173 7.491498 -0.000149  -0.132416 -0.107097 0.179326
62  -0.000143 8.249655 0.000142  0.041912 -0.058209 0.015814
63  0.000072 8.605236 -0.000026  0.101585 0.501824 -0.079697
64  -0.240486 2.066071 2.349269  -0.357331 2.461714 1.296085
65  -0.000086 7.721111 -0.000002  -0.208229 -0.126223 -0.116495
66  -0.000123 7.374868 -0.000047  -0.111018 0.046939 -0.046462
67  -0.000038 6.848063 -0.000026  0.273532 0.247522 0.299906
68  0.000034 7.777826 -0.000044  0.072921 0.186147 -0.052688
69  -0.000084 8.178053 0.000012  -0.087029 -0.422849 -0.381358
70  1.617604 3.431409 2.399269  -0.249455 2.569515 1.508574
71  -0.000162 5.476937 -0.000028  0.057729 0.074072 0.060285
72  -0.000092 6.060486 -0.000006  -0.015204 0.015650 -0.152066
73  0.000027 5.994250 0.000011  -0.126212 -0.157657 0.153302
74  -0.000080 7.076881 -0.000046  -0.008118 0.010385 0.036402
75  0.000005 7.089863 -0.000070  0.070875 0.098587 -0.025893
76  0.361109 0.886681 3.287749  -0.576373 1.978709 0.939014
77  -0.000067 6.686643 0.000222  -0.146568 0.414164 -0.327706
78  -0.000012 7.638020 0.000012  -0.079523 -0.025948 0.130956
79  -0.000032 7.290227 -0.000022  0.025325 -0.093908 0.023962
80  -0.000034 6.530369 0.000005  -0.261847 -0.300600 0.006736
81  0.000063 7.224879 0.000010  0.036505 0.032481 -0.175824
82  1.071893 3.225796 1.570120  -0.043806 2.859975 1.526250
83  0.000414 6.748906 -0.000064  -0.062702 0.083784 0.022201
84  -0.000047 8.002639 0.000027  -0.067496 -0.117209 -0.115600
85  0.000012 8.580575 -0.000097  0.088213 -0.007188 0.334606
86  0.000171 8.689835 -0.000040  0.065326 -0.412430 -0.134517
87  -1.514535 2.104637 0.318058  -0.024895 3.094490 1.569497
88  0.000191 6.982286 0.000011  -0.107588 -0.057624 -0.215718
89  -0.000008 8.382870 -0.000067  0.135031 -0.099914 0.287074
90  -0.000061 8.697678 0.000024  -0.148089 -0.510100 0.044837
91  -0.000137 8.921825 0.000078  -0.236827 -0.892635 0.098805
92  3.553613 -3.478047 2.409281  0.000819 0.762046 1.535312
93  -0.000001 4.476903 -0.000010  -0.151003 -0.588331 0.377258
94  0.000027 4.514121 -0.000025  -0.228866 -2.996200 0.592370
95  0.000039 4.518386 -0.000021  0.143172 2.612778 0.693386
96  0.000024 3.598330 0.000024  -0.749303 0.869852 -0.773233
97  4.209926 -0.440346 1.018824  -0.059642 -1.715545 -1.699552
98  4.265506 1.434230 -0.404991  2.219048 -0.855749 1.396771
99  9.400238 0.017940 0.083205  0.058516 -0.068624 -1.138574
100  10.242422 0.033590 0.064477  3.003722 -0.209576 -0.512268
101  3.465859 -0.059673 0.016688  -0.024293 -0.092513 -0.432873
102  1.655595 -0.000017 0.000022  0.015339 -0.086765 -0.375500
103  0.960772 -0.000002 -0.000011  0.005585 -0.023283 -0.356317
104  3.462032 -0.064241 0.939905  0.326601 -0.033501 -0.181467
105  1.497175 -0.000003 0.000024  -0.487034 -0.046133 -0.145689
106  0.793760 0.000004 -0.000002  -0.007307 0.021373 -0.450068
107  0.591665 -0.460685 0.835205  -0.922220 -0.598823 -0.557977
108  1.556140 0.000005 0.000003  -0.185826 0.096119 0.382376
109  1.135901 0.000017 -0.000001  0.136293 0.040162 0.557225
110  3.084272 -0.668818 -1.257090  -0.705035 0.045520 -0.490679
111  1.064202 -0.000002 0.000008  -0.006591 0.096066 -0.737585
112  0.640343 0.000003 -0.000006  -0.003464 0.031112 -0.549579
113  3.396828 -0.242139 -0.708695  -0.372057 -0.101429 -0.645872
114  1.532963 0.000010 0.000016  0.010862 -0.004015 -0.440910
115  0.832980 -0.000007 -0.000003  -0.000204 0.007853 -0.409144
116  4.209945 -0.440343 -1.019280  0.751261 1.742663 -0.996897
117  4.266744 1.424938 0.424937  2.967446 0.569159 0.964371
118  9.398563 0.011949 -0.082516  -0.047527 0.071271 -0.972348
119  10.242450 0.028176 -0.062909  -1.649457 0.349993 0.238256
120  3.465744 -0.067529 0.002269  -0.039715 0.181904 -1.346462
121  1.655555 0.000004 0.000004  -0.099909 0.162164 -0.761819
122  0.960908 -0.000002 0.000000  0.052776 0.083227 -0.434314
123  3.466848 -0.077781 -0.920909  -0.353402 0.094290 -1.178763
124  1.497261 -0.000033 -0.000022  -0.469763 0.202956 -0.601708
125  0.793788 -0.000009 0.000007  -0.046327 0.099189 -0.388017
126  0.595077 -0.467153 -0.829175  2.641139 0.813693 -0.557150
127  1.555669 0.000015 -0.000007  0.628651 0.481884 1.125496
128  1.136814 -0.000017 -0.000000  0.232104 0.257636 0.694346
129  3.075968 -0.667968 1.277702  0.650417 0.202618 -1.054262
130  1.064590 0.000019 0.000012  0.050114 -0.126898 -1.079619
131  0.640360 -0.000022 -0.000006  -0.104505 -0.057546 -0.689186
132  3.392402 -0.245368 0.728379  0.222762 0.228784 -1.362061
133  1.532734 -0.000008 0.000001  0.006508 0.017961 -0.855100
134  0.833153 -0.000003 0.000007  -0.077450 -0.076324 -1.133392
135  3.590113 -3.090295 1.193971  1.635457 1.210566 1.548541
136  3.589562 -3.089880 -1.196373  -1.505736 1.210473 -1.592853
137  -0.436558 4.719025 -0.001076  -0.000236 -1.570733 1.692337
138  0.000000 2.775454 -0.000235  -0.135089 0.000001 -0.000000
139  0.000000 3.189773 0.000010  0.207820 -0.000000 0.000000
140  -0.000000 3.504647 0.000047  -0.261876 0.000000 -0.000000
141  0.000000 2.863197 -0.000004  -0.051268 0.000000 -0.000000
time 12
0  7.945574 -4.352577 36.647614  1.570862 0.000000 -0.000000
1  0.002636 43.025146 0.734438  -0.559809 -0.382715 0.199903
2  3.061857 -4.181012 -0.610805  -2.044042 0.058721 -1.832067
3  18.476776 0.000158 -0.000001  -0.003978 -0.067021 0.860241
4  17.490088 0.000117 0.000003  0.274824 0.049681 -1.586555
5  -3.065331 -4.183574 -0.611478  -1.582761 -0.420781 -1.730230
6  18.474854 -0.000032 -0.000007  0.004133 0.067525 0.867183
7  17.489584 0.001914 -0.000006  -0.028626 -0.325510 -1.053011
8  -0.000118 -0.048879 -0.576226  1.580102 0.166175 1.744338
9  3.224483 0.767048 0.000495  -0.116506 -0.006345 0.182627
10  3.223905 0.226397 -0.001945  -0.069355 -0.023744 0.278291
11  5.187320 -1.262562 -0.001177  0.000012 0.000066 0.194111
12  6.928408 -1.935313 -0.000227  -2.930512 0.022961 0.024148
13  3.236365 1.079612 0.000060  0.098974 0.042311 0.003014
14  0.833759 3.805351 0.692956  -0.040491 0.554884 1.469874
15  0.000040 6.792200 0.000036  0.007989 0.036071 -0.011406
16  -0.000069 7.744812 0.000016  -0.017441 -0.155305 0.068150
17  0.000072 7.809707 0.000017  -0.033637 0.005026 0.006143
18  -0.000025 7.867676 0.000018  -0.073329 -0.127910 0.026375
19  3.494703 -1.749094 -3.006912  0.152535 2.070419 1.936949
20  0.000117 4.478317 0.000018  -0.194664 0.310432 -0.234995
21  0.000049 4.636117 -0.000029  0.035831 0.324592 -0.151761
22  -0.000042 5.008656 0.000014  0.075990 -0.286564 0.276090
23  0.000062 4.781165 0.000009  0.904383 -2.690905 -0.015795
24  2.253034 1.989059 -3.350103  -1.523631 1.324497 0.112403
25  0.000164 6.589468 0.000170  0.206354 -0.002129 -0.080394
26  0.000039 7.491416 0.000043  -0.333511 0.184454 -0.191167
27  0.000030 7.660303 -0.000056  -0.063176 0.127195 -0.062118
28  0.000005 7.256271 0.000018  -0.052940 -0.487829 0.313814
29  -0.791157 2.265118 -1.234654  -0.753900 1.136377 0.824675
30  -0.000261 8.572263 -0.000091  -0.222844 -0.296789 0.176503
31  -0.000091 8.117208 0.000046  0.072258 0.772520 -0.285585
32  -0.000088 8.230039 -0.000070  -0.080491 -0.347232 0.072253
33  0.000063 7.366719 0.000054  -0.015394 -0.663892 0.062741
34  0.224211 0.240127 -3.218155  -0.877384 1.468888 0.577826
35  -0.000100 7.721054 -0.000310  -0.283827 0.060498 -0.167555
36  -0.000024 7.374854 -0.000002  0.007536 -0.195022 0.049539
37  0.000075 6.848100 0.000006  0.005485 0.006496 -0.033649
38  -0.000052 7.777864 0.000009  -0.186096 0.182474 -0.152846
39  -1.514467 2.104648 -1.150167  -0.029092 0.541319 1.555680
40  -0.000169 6.982338 -0.000078  -0.199699 -0.041212 0.153489
41  0.000039 8.382864 -0.000072  0.044866 0.587986 -0.257961
42  0.000012 8.697696 -0.000028  -0.102637 -0.474318 0.290943
43  0.000055 8.921802 -0.000001  -0.076258 0.581005 -0.195604
44  1.196188 2.899154 -2.353084  -0.449719 1.030105 1.287431
45  0.000106 5.476940 0.000006  0.285574 -0.099353 -0.038445
46  -0.000072 6.060435 -0.000088  -0.155020 -0.575032 0.384607
47  0.000019 5.994267 0.000031  0.033941 0.288574 -0.067729
48  -0.000007 6.100487 0.000000  -0.068405 0.299273 -0.162154
49  0.000032 6.916765 0.000011  -0.096318 0.220533 -0.107964
50  0.000149 6.435060 -0.000044  -0.037458 0.171630 -0.116574
51  1.092795 3.649512 -1.738792  -0.148600 0.876612 1.445020
52  -0.000126 6.792203 -0.000103  0.008285 0.107792 -0.048643
53  -0.000088 7.744771 -0.000031  0.057137 -0.256893 0.015458
54  0.000084 9.115027 -0.000037  -0.020393 0.256253 -0.142636
55  3.494515 -1.749104 3.007065  0.118402 1.106974 1.813814
56  0.000015 4.323834 0.000088  -0.229908 -0.770942 0.449223
57  0.000031 4.872903 -0.000020  0.367242 -0.664052 -0.254033
58  0.000004 5.056650 0.000093  -0.511233 0.856588 -0.546320
59  2.292465 1.708614 3.661675  -1.762559 1.789110 -0.218970
60  -0.000172 6.589445 0.000274  -0.007131 -0.169122 0.176911
61  0.000174 7.491498 -0.000150  -0.132416 -0.107097 0.179326
62  -0.000141 8.249653 0.000143  0.041912 -0.058209 0.015814
63  0.000072 8.605235 -0.000027  0.101585 0.501824 -0.079697
64  -0.240489 2.066071 2.349269  -0.357331 2.461714 1.296085
65  -0.000086 7.721101 -0.000004  -0.208229 -0.126223 -0.116495
66  -0.000123 7.374866 -0.000047  -0.111018 0.046939 -0.046462
67  -0.000035 6.848053 -0.000027  0.273532 0.247522 0.299906
68  0.000034 7.777820 -0.000044  0.072921 0.186147 -0.052688
69  -0.000085 8.178057 0.000011  -0.087029 -0.422849 -0.381358
70  1.617604 3.431410 2.399266  -0.249455 2.569515 1.508574
71  -0.000163 5.476942 -0.000029  0.057729 0.074072 0.060285
72  -0.000091 6.060498 -0.000006  -0.015204 0.015650 -0.152066
73  0.000025 5.994254 0.000012  -0.126212 -0.157657 0.153302
74  -0.000078 7.076876 -0.000047  -0.008118 0.010385 0.036402
75  0.000005 7.089860 -0.000070  0.070875 0.098587 -0.025893
76  0.361111 0.886681 3.287747  -0.576374 1.978709 0.939014
77  -0.000066 6.686641 0.000223  -0.146568 0.414164 -0.327706
78  -0.000009 7.638018 0.000012  -0.079523 -0.025948 0.130956
79  -0.000031 7.290228 -0.000023  0.025325 -0.093908 0.023962
80  -0.000035 6.530370 0.000005  -0.261847 -0.300600 0.006736
81  0.000063 7.224879 0.000010  0.036505 0.032481 -0.175824
82  1.071896 3.225795 1.570116  -0.043806 2.859975 1.526250
83  0.000415 6.748899 -0.000065  -0.062702 0.083784 0.022201
84  -0.000046 8.002642 0.000027  -0.067496 -0.117209 -0.115600
85  0.000012 8.580569 -0.000098  0.088213 -0.007188 0.334606
86  0.000170 8.689832 -0.000041  0.065326 -0.412430 -0.134517
87  -1.514537 2.104638 0.318057  -0.024895 3.094490 1.569497
88  0.000190 6.982283 0.000011  -0.107588 -0.057624 -0.215718
89  -0.000011 8.382876 -0.000068  0.135031 -0.099914 0.287074
90  -0.000062 8.697673 0.000024  -0.148089 -0.510100 0.044837
91  -0.000136 8.921828 0.000079  -0.236827 -0.892635 0.098805
92  3.553616 -3.478046 2.409278  0.000819 0.762046 1.535312
93  -0.000001 4.476904 -0.000006  -0.151002 -0.588331 0.377258
94  0.000032 4.514115 -0.000026  -0.228866 -2.996201 0.592370
95  0.000043 4.518384 -0.000024  0.143172 2.612778 0.693386
96  0.000025 3.598330 0.000023  -0.749303 0.869852 -0.773233
97  4.209919 -0.440346 1.018823  0.082820 -1.689693 -1.844869
98  4.265508 1.434228 -0.404991  2.291635 -0.759962 1.348311
99  9.400239 0.017943 0.083208  0.063116 -0.067844 -1.200213
100  10.242420 0.033595 0.064481  2.909197 -0.172689 -0.586046
101  3.465858 -0.059680 0.016682  -0.025983 -0.084773 -0.410342
102  1.655594 -0.000016 0.000021  0.013507 -0.090579 -0.397857
103  0.960773 -0.000003 -0.000005  0.006448 -0.028331 -0.382494
104  3.462030 -0.064248 0.939899  0.322063 -0.046059 -0.136893
105  1.497177 0.000000 0.000022  -0.486625 -0.051085 -0.154540
106  0.793757 -0.000002 0.000000  -0.007724 0.022468 -0.464165
107  0.591665 -0.460695 0.835199  -0.901107 -0.588458 -0.571819
108  1.556142 0.000004 0.000003  -0.179667 0.110756 0.415622
109  1.135903 0.000021 0.000008  0.141115 0.045913 0.585410
110  3.084273 -0.668826 -1.257097  -0.709531 0.070464 -0.476235
111  1.064197 -0.000005 -0.000003  -0.010935 0.100090 -0.795224
112  0.640340 0.000004 -0.000014  -0.003828 0.034266 -0.585021
113  3.396824 -0.242139 -0.708699  -0.379779 -0.096336 -0.643082
114  1.532966 0.000009 0.000008  0.010935 -0.004520 -0.464303
115  0.832976 -0.000005 0.000002  0.000514 0.007676 -0.429500
116  4.209938 -0.440342 -1.019279  0.672497 1.774299 -1.071700
117  4.266746 1.424941 0.424938  2.968675 0.372324 0.977456
118  9.398568 0.011950 -0.082516  -0.055750 0.071224 -1.078406
119  10.242439 0.028179 -0.062908  -1.545277 0.279018 0.300069
120  3.465746 -0.067528 0.002271  -0.046724 0.186937 -1.384472
121  1.655557 0.000002 0.000005  -0.105555 0.165313 -0.801083
122  0.960909 -0.000005 -0.000001  0.048536 0.092207 -0.472224
123  3.466854 -0.077782 -0.920908  -0.350995 0.099266 -1.247316
124  1.497260 -0.000028 -0.000024  -0.478986 0.217976 -0.646932
125  0.793789 -0.000009 0.000001  -0.058231 0.130063 -0.422348
126  0.595087 -0.467153 -0.829176  2.641139 0.813693 -0.557150
127  1.555677 0.000015 -0.000007  0.639964 0.489038 1.145430
128  1.136817 -0.000009 -0.000004  0.243806 0.267679 0.709150
129  3.075975 -0.667968 1.277703  0.650417 0.202618 -1.054262
130  1.064589 0.000016 0.000011  0.048213 -0.126434 -1.060983
131  0.640362 -0.000018 -0.000004  -0.105264 -0.054185 -0.670965
132  3.392412 -0.245371 0.728376  0.218333 0.233316 -1.381136
133  1.532732 -0.000009 -0.000004  0.006509 0.017962 -0.855032
134  0.833148 0.000021 0.000006  -0.077449 -0.076324 -1.133392
135  3.590111 -3.090297 1.193973  1.635457 1.210566 1.548541
136  3.589557 -3.089882 -1.196373  -1.505736 1.210473 -1.592853
137  -0.436560 4.719025 -0.001074  -0.000472 -1.570733 1.693070
138  -0.000001 2.775456 -0.000237  -0.135089 0.000001 -0.000000
139  0.000002 3.189767 0.000008  0.207820 -0.000000 0.000000
140  0.000001 3.504645 0.000045  -0.261876 0.000000 -0.000000
141  0.000002 2.863194 -0.000002  -0.051268 0.000000 -0.000000
time 13
0  7.488555 -4.443384 36.076694  1.570862 0.000000 -0.000000
1  0.002636 43.025146 0.734438  -0.589445 -0.439964 0.242234
2  3.061858 -4.181013 -0.610801  -2.169814 0.151805 -1.900247
3  18.476774 0.000157 -0.000001  -0.005049 -0.069397 0.892115
4  17.490084 0.000118 0.000003  0.351247 0.101539 -1.603108
5  -3.065331 -4.183579 -0.611479  -1.586490 -0.491187 -1.723046
6  18.474855 -0.000036 -0.000007  0.008245 0.075912 0.982409
7  17.489586 0.001916 -0.000006  -0.064747 -0.401296 -1.035498
8  -0.000118 -0.048882 -0.576224  1.584167 0.115547 1.755008
9  3.224480 0.767048 0.000497  -0.060839 -0.018522 0.218140
10  3.223912 0.226400 -0.001944  -0.052517 -0.037527 0.355614
11  5.187320 -1.262560 -0.001176  0.000012 0.000066 0.194111
12  6.928408 -1.935312 -0.000229  -2.909313 -0.006629 -0.043051
13  3.236359 1.079612 0.000058  0.070493 0.035056 0.033568
14  0.833760 3.805352 0.692958  -0.040491 0.554884 1.469874
15  0.000040 6.792209 0.000039  0.007989 0.036071 -0.011405
16  -0.000067 7.744823 0.000017  -0.017441 -0.155305 0.068150
17  0.000075 7.809699 0.000018  -0.033637 0.005026 0.006143
18  -0.000025 7.867677 0.000018  -0.073329 -0.127910 0.026375
19  3.494699 -1.749094 -3.006910  0.152537 2.070419 1.936949
20  0.000118 4.478320 0.000018  -0.194664 0.310432 -0.234994
21  0.000052 4.636116 -0.000029  0.035829 0.324592 -0.151761
22  -0.000043 5.008654 0.000014  0.075991 -0.286564 0.276090
23  0.000070 4.781159 0.000010  0.904384 -2.690904 -0.015795
24  2.253046 1.989057 -3.350107  -1.523631 1.324497 0.112403
25  0.000160 6.589473 0.000170  0.206354 -0.002129 -0.080395
26  0.000049 7.491417 0.000043  -0.333511 0.184454 -0.191167
27  0.000025 7.660305 -0.000057  -0.063176 0.127195 -0.062118
28  0.000009 7.256276 0.000020  -0.052940 -0.487829 0.313814
29  -0.791157 2.265119 -1.234653  -0.753900 1.136377 0.824675
30  -0.000257 8.572264 -0.000091  -0.222844 -0.296789 0.176503
31  -0.000093 8.117212 0.000049  0.072258 0.772520 -0.285585
32  -0.000078 8.230033 -0.000070  -0.080491 -0.347232 0.072252
33  0.000057 7.366727 0.000054  -0.015394 -0.663892 0.062742
34  0.224215 0.240127 -3.218154  -0.877385 1.468888 0.577826
35  -0.000102 7.721053 -0.000307  -0.283827 0.060498 -0.167555
36  -0.000031 7.374856 -0.000002  0.007536 -0.195022 0.049539
37  0.000076 6.848105 0.000005  0.005485 0.006496 -0.033649
38  -0.000049 7.777864 0.000007  -0.186096 0.182474 -0.152846
39  -1.514464 2.104649 -1.150165  -0.029092 0.541319 1.555680
40  -0.000167 6.982342 -0.000074  -0.199699 -0.041212 0.153489
41  0.000038 8.382863 -0.000073  0.044866 0.587986 -0.257961
42  0.000014 8.697702 -0.000027  -0.102637 -0.474318 0.290943
43  0.000057 8.921804 -0.000001  -0.076257 0.581005 -0.195604
44  1.196195 2.899154 -2.353084  -0.449719 1.030105 1.287431
45  0.000107 5.476938 0.000008  0.285574 -0.099353 -0.038445
46  -0.000071 6.060435 -0.000091  -0.155019 -0.575032 0.384607
47  0.000017 5.994266 0.000029  0.033941 0.288575 -0.067729
48  -0.000008 6.100482 0.000001  -0.068405 0.299273 -0.162154
49  0.000036 6.916760 0.000009  -0.096318 0.220533 -0.107964
50  0.000148 6.435064 -0.000043  -0.037458 0.171630 -0.116573
51  1.092798 3.649513 -1.738791  -0.148600 0.876612 1.445020
52  -0.000130 6.792200 -0.000101  0.008284 0.107792 -0.048643
53  -0.000087 7.744777 -0.000031  0.057137 -0.256893 0.015458
54  0.000085 9.115018 -0.000038  -0.020393 0.256253 -0.142636
55  3.494518 -1.749102 3.007066  0.118402 1.106974 1.813814
56  0.000013 4.323835 0.000086  -0.229908 -0.770942 0.449223
57  0.000031 4.872899 -0.000022  0.367242 -0.664052 -0.254033
58  0.000003 5.056650 0.000097  -0.511233 0.856588 -0.546320
59  2.292466 1.708615 3.661677  -1.762559 1.789110 -0.218970
60  -0.000172 6.589440 0.000275  -0.007131 -0.169122 0.176911
61  0.000174 7.491499 -0.000150  -0.132416 -0.107097 0.179326
62  -0.000140 8.249661 0.000143  0.041912 -0.058209 0.015814
63  0.000071 8.605240 -0.000028  0.101585 0.501824 -0.079697
64  -0.240486 2.066072 2.349269  -0.357331 2.461714 1.296085
65  -0.000086 7.721103 -0.000005  -0.208229 -0.126223 -0.116495
66  -0.000122 7.374873 -0.000046  -0.111018 0.046939 -0.046462
67  -0.000037 6.848059 -0.000026  0.273532 0.247522 0.299906
68  0.000033 7.777828 -0.000043  0.072921 0.186147 -0.052688
69  -0.000084 8.178056 0.000011  -0.087029 -0.422849 -0.381358
70  1.617607 3.431410 2.399267  -0.249455 2.569515 1.508574
71  -0.000163 5.476943 -0.000029  0.057729 0.074072 0.060285
72  -0.000092 6.060490 -0.000006  -0.015204 0.015650 -0.152066
73  0.000025 5.994249 0.000011  -0.126212 -0.157657 0.153302
74  -0.000078 7.076876 -0.000046  -0.008118 0.010385 0.036402
75  0.000005 7.089869 -0.000070  0.070875 0.098587 -0.025893
76  0.361116 0.886682 3.287747  -0.576374 1.978709 0.939014
77  -0.000066 6.686641 0.000224  -0.146568 0.414164 -0.327706
78  -0.000011 7.638021 0.000012  -0.079523 -0.025948 0.130956
79  -0.000031 7.290226 -0.000022  0.025325 -0.093908 0.023962
80  -0.000033 6.530366 0.000005  -0.261847 -0.300600 0.006736
81  0.000063 7.224878 0.000009  0.036505 0.032481 -0.175824
82  1.071897 3.225797 1.570117  -0.043806 2.859975 1.526250
83  0.000414 6.748904 -0.000068  -0.062702 0.083784 0.022201
84  -0.000047 8.002637 0.000026  -0.067496 -0.117209 -0.115600
85  0.000014 8.580566 -0.000097  0.088213 -0.007188 0.334606
86  0.000168 8.689829 -0.000041  0.065326 -0.412430 -0.134517
87  -1.514530 2.104639 0.318057  -0.024895 3.094490 1.569497
88  0.000192 6.982282 0.000010  -0.107588 -0.057624 -0.215718
89  -0.000009 8.382875 -0.000068  0.135031 -0.099914 0.287074
90  -0.000061 8.697674 0.000024  -0.148089 -0.510100 0.044837
91  -0.000135 8.921826 0.000079  -0.236827 -0.892635 0.098805
92  3.553620 -3.478045 2.409278  0.000819 0.762046 1.535312
93  0.000000 4.476909 -0.000007  -0.151002 -0.588331 0.377258
94  0.000031 4.514123 -0.000022  -0.228866 -2.996200 0.592370
95  0.000043 4.518380 -0.000023  0.143172 2.612778 0.693386
96  0.000023 3.598333 0.000023  -0.749303 0.869852 -0.773233
97  4.209922 -0.440345 1.018823  0.220785 -1.677743 -1.984570
98  4.265505 1.434223 -0.404991  2.364845 -0.699224 1.318481
99  9.400231 0.017944 0.083203  0.067883 -0.066723 -1.264906
100  10.242420 0.033593 0.064485  2.835021 -0.167719 -0.619084
101  3.465858 -0.059676 0.016704  -0.027017 -0.079346 -0.394648
102  1.655595 -0.000019 0.000026  0.012763 -0.094359 -0.419724
103  0.960765 -0.000003 -0.000005  0.007530 -0.033058 -0.407022
104  3.462031 -0.064247 0.939915  0.318362 -0.054657 -0.102246
105  1.497181 -0.000006 0.000023  -0.486144 -0.056180 -0.164880
106  0.793756 0.000005 0.000006  -0.008302 0.023604 -0.478519
107  0.591666 -0.460696 0.835211  -0.883443 -0.578979 -0.582556
108  1.556140 0.000004 0.000007  -0.174144 0.123472 0.444907
109  1.135904 0.000020 -0.000004  0.145706 0.050955 0.611292
110  3.084273 -0.668818 -1.257077  -0.712528 0.088166 -0.466110
111  1.064198 -0.000002 0.000005  -0.015012 0.103412 -0.845870
112  0.640336 0.000002 -0.000003  -0.004476 0.037349 -0.619785
113  3.396825 -0.242137 -0.708681  -0.385100 -0.093571 -0.642974
114  1.532960 0.000008 0.000010  0.011020 -0.005022 -0.487639
115  0.832973 -0.000003 -0.000004  0.001089 0.007511 -0.447544
116  4.209942 -0.440342 -1.019279  0.622863 1.791614 -1.119193
117  4.266747 1.424939 0.424938  3.057038 0.217280 0.973039
118  9.398568 0.011947 -0.082517  -0.061618 0.070655 -1.154437
119  10.242439 0.028177 -0.062907  -1.543515 0.184770 0.313580
120  3.465743 -0.067528 0.002270  -0.054257 0.191978 -1.424629
121  1.655562 0.000012 0.000006  -0.111627 0.168309 -0.842502
122  0.960906 0.000006 0.000000  0.043627 0.101480 -0.512344
123  3.466856 -0.077782 -0.920907  -0.348857 0.104679 -1.319698
124  1.497258 -0.000038 -0.000024  -0.489521 0.233364 -0.695023
125  0.793789 -0.000005 0.000009  -0.072127 0.162196 -0.459202
126  0.595077 -0.467152 -0.829173  2.641139 0.813693 -0.557150
127  1.555666 0.000017 0.000006  0.652155 0.496355 1.166743
128  1.136817 -0.000005 -0.000000  0.256413 0.278100 0.724985
129  3.075974 -0.667969 1.277706  0.650417 0.202618 -1.054262
130  1.064594 0.000023 0.000007  0.046213 -0.125892 -1.041263
131  0.640363 -0.000016 0.000002  -0.106044 -0.050562 -0.651726
132  3.392406 -0.245369 0.728381  0.213581 0.238012 -1.401208
133  1.532737 -0.000004 -0.000000  0.006509 0.017962 -0.855032
134  0.833148 0.000006 0.000005  -0.077448 -0.076324 -1.133392
135  3.590112 -3.090296 1.193974  1.635457 1.210566 1.548541
136  3.589559 -3.089880 -1.196373  -1.505736 1.210473 -1.592853
137  -0.436559 4.719026 -0.001077  -0.000620 -1.570733 1.692664
138  -0.000001 2.775454 -0.000237  -0.135089 0.000001 -0.000000
139  -0.000001 3.189762 0.000008  0.207820 -0.000000 0.000000
140  -0.000001 3.504654 0.000046  -0.261876 0.000000 -0.000000
141  0.000001 2.863197 -0.000002  -0.051268 0.000000 0.000000
time 14
0  6.869940 -3.527179 35.113262  1.570862 0.000000 -0.000000
1  0.002636 43.025146 0.734438  -0.576490 -0.540417 0.333584
2  3.061858 -4.181009 -0.610803  -2.174035 -0.046409 -1.834256
3  18.476776 0.000157 -0.000001  -0.011884 -0.081219 1.059283
4  17.490082 0.000115 0.000003  0.368995 0.032894 -1.654272
5  -3.065329 -4.183575 -0.611479  -1.644831 -0.631242 -1.734912
6  18.474854 -0.000037 -0.000008  0.015504 0.086198 1.135808
7  17.489584 0.001917 -0.000007  -0.003348 -0.417166 -1.106003
8  -0.000116 -0.048877 -0.576224  1.600539 0.084398 1.686523
9  3.224480 0.767050 0.000496  0.073772 -0.050267 0.297741
10  3.223904 0.226399 -0.001943  0.007010 -0.058824 0.362818
11  5.187323 -1.262561 -0.001176  0.000012 0.000066 0.194111
12  6.928403 -1.935313 -0.000227  -3.026253 0.005625 0.093007
13  3.236366 1.079613 0.000059  0.133246 0.018377 0.234987
14  0.833758 3.805352 0.692957  -0.040491 0.554884 1.469874
15  0.000039 6.792206 0.000038  0.007989 0.036071 -0.011406
16  -0.000068 7.744812 0.000016  -0.017441 -0.155305 0.068150
17  0.000072 7.809703 0.000017  -0.033637 0.005026 0.006143
18  -0.000027 7.867667 0.000017  -0.073329 -0.127910 0.026375
19  3.494699 -1.749093 -3.006911  0.152538 2.070419 1.936949
20  0.000121 4.478322 0.000018  -0.194663 0.310432 -0.234994
21  0.000050 4.636115 -0.000028  0.035829 0.324592 -0.151761
22  -0.000041 5.008655 0.000013  0.075991 -0.286564 0.276090
23  0.000065 4.781164 0.000011  0.904384 -2.690904 -0.015795
24  2.253037 1.989058 -3.350105  -1.523631 1.324497 0.112403
25  0.000157 6.589472 0.000170  0.206354 -0.002129 -0.080395
26  0.000045 7.491416 0.000042  -0.333511 0.184454 -0.191167
27  0.000026 7.660303 -0.000057  -0.063176 0.127195 -0.062118
28  0.000006 7.256271 0.000019  -0.052940 -0.487829 0.313814
29  -0.791161 2.265118 -1.234654  -0.753900 1.136377 0.824675
30  -0.000260 8.572266 -0.000091  -0.222844 -0.296789 0.176503
31  -0.000093 8.117218 0.000049  0.072258 0.772520 -0.285585
32  -0.000087 8.230037 -0.000070  -0.080491 -0.347232 0.072253
33  0.000059 7.366724 0.000054  -0.015394 -0.663892 0.062741
34  0.224214 0.240126 -3.218155  -0.877385 1.468888 0.577826
35  -0.000102 7.721059 -0.000309  -0.283827 0.060498 -0.167555
36  -0.000030 7.374857 -0.000002  0.007536 -0.195022 0.049539
37  0.000073 6.848107 0.000006  0.005485 0.006496 -0.033649
38  -0.000048 7.777861 0.000009  -0.186096 0.182474 -0.152847
39  -1.514468 2.104649 -1.150165  -0.029092 0.541319 1.555680
40  -0.000168 6.982348 -0.000075  -0.199699 -0.041212 0.153489
41  0.000038 8.382860 -0.000071  0.044866 0.587986 -0.257961
42  0.000013 8.697705 -0.000026  -0.102637 -0.474318 0.290943
43  0.000056 8.921803 -0.000005  -0.076258 0.581005 -0.195604
44  1.196189 2.899154 -2.353083  -0.449719 1.030105 1.287431
45  0.000106 5.476940 0.000009  0.285574 -0.099353 -0.038445
46  -0.000071 6.060434 -0.000088  -0.155020 -0.575032 0.384607
47  0.000019 5.994257 0.000029  0.033941 0.288574 -0.067729
48  -0.000006 6.100491 0.000002  -0.068405 0.299273 -0.162154
49  0.000035 6.916759 0.000009  -0.096318 0.220533 -0.107964
50  0.000146 6.435062 -0.000044  -0.037458 0.171630 -0.116574
51  1.092794 3.649512 -1.738791  -0.148600 0.876612 1.445020
52  -0.000126 6.792199 -0.000103  0.008284 0.107792 -0.048643
53  -0.000087 7.744772 -0.000032  0.057137 -0.256893 0.015458
54  0.000085 9.115023 -0.000037  -0.020393 0.256253 -0.142636
55  3.494513 -1.749103 3.007065  0.118402 1.106974 1.813814
56  0.000015 4.323832 0.000087  -0.229908 -0.770942 0.449223
57  0.000028 4.872898 -0.000021  0.367242 -0.664052 -0.254033
58  0.000004 5.056649 0.000091  -0.511233 0.856588 -0.546320
59  2.292460 1.708614 3.661678  -1.762559 1.789110 -0.218970
60  -0.000174 6.589447 0.000274  -0.007131 -0.169122 0.176911
61  0.000174 7.491493 -0.000151  -0.132416 -0.107097 0.179326
62  -0.000139 8.249662 0.000142  0.041912 -0.058209 0.015814
63  0.000074 8.605234 -0.000026  0.101585 0.501824 -0.079697
64  -0.240491 2.066072 2.349269  -0.357331 2.461714 1.296085
65  -0.000086 7.721106 -0.000004  -0.208229 -0.126223 -0.116495
66  -0.000123 7.374867 -0.000047  -0.111018 0.046939 -0.046462
67  -0.000037 6.848067 -0.000025  0.273532 0.247522 0.299906
68  0.000033 7.777822 -0.000044  0.072921 0.186147 -0.052688
69  -0.000085 8.178049 0.000012  -0.087029 -0.422849 -0.381358
70  1.617602 3.431410 2.399267  -0.249455 2.569515 1.508574
71  -0.000162 5.476944 -0.000029  0.057729 0.074072 0.060285
72  -0.000094 6.060493 -0.000004  -0.015204 0.015650 -0.152066
73  0.000026 5.994251 0.000011  -0.126212 -0.157657 0.153302
74  -0.000078 7.076870 -0.000047  -0.008118 0.010385 0.036402
75  0.000002 7.089872 -0.000070  0.070875 0.098587 -0.025893
76  0.361108 0.886682 3.287747  -0.576374 1.978709 0.939014
77  -0.000067 6.686648 0.000223  -0.146568 0.414164 -0.327706
78  -0.000010 7.638016 0.000012  -0.079523 -0.025948 0.130956
79  -0.000033 7.290233 -0.000023  0.025325 -0.093908 0.023962
80  -0.000034 6.530367 0.000005  -0.261847 -0.300600 0.006736
81  0.000064 7.224882 0.000008  0.036505 0.032481 -0.175824
82  1.071893 3.225796 1.570117  -0.043806 2.859975 1.526250
83  0.000416 6.748899 -0.000064  -0.062702 0.083784 0.022201
84  -0.000046 8.002639 0.000026  -0.067496 -0.117209 -0.115600
85  0.000012 8.580574 -0.000098  0.088213 -0.007188 0.334606
86  0.000170 8.689834 -0.000042  0.065327 -0.412430 -0.134517
87  -1.514539 2.104639 0.318057  -0.024895 3.094490 1.569497
88  0.000192 6.982281 0.000009  -0.107588 -0.057624 -0.215718
89  -0.000008 8.382873 -0.000068  0.135031 -0.099914 0.287074
90  -0.000062 8.697669 0.000024  -0.148089 -0.510100 0.044837
91  -0.000136 8.921822 0.000079  -0.236827 -0.892635 0.098805
92  3.553608 -3.478046 2.409280  0.000819 0.762046 1.535312
93  -0.000002 4.476901 -0.000007  -0.151003 -0.588331 0.377258
94  0.000030 4.514121 -0.000022  -0.228866 -2.996200 0.592370
95  0.000041 4.518389 -0.000023  0.143172 2.612778 0.693386
96  0.000023 3.598326 0.000023  -0.749303 0.869852 -0.773233
97  4.209916 -0.440346 1.018823  0.260144 -1.697518 -2.025018
98  4.265503 1.434227 -0.404991  2.508423 -0.706757 1.354310
99  9.400237 0.017942 0.083207  0.072887 -0.065186 -1.334047
100  10.242422 0.033593 0.064484  2.835779 -0.243094 -0.489647
101  3.465857 -0.059680 0.016695  -0.027345 -0.077439 -0.389356
102  1.655588 -0.000020 0.000024  0.013357 -0.097689 -0.438108
103  0.960769 -0.000003 -0.000017  0.008646 -0.036673 -0.426393
104  3.462031 -0.064251 0.939905  0.316536 -0.057434 -0.084318
105  1.497180 -0.000012 0.000018  -0.485577 -0.060968 -0.175628
106  0.793760 0.000007 0.000007  -0.008840 0.024660 -0.491343
107  0.591665 -0.460694 0.835207  -0.871997 -0.572166 -0.588500
108  1.556141 0.000007 -0.000010  -0.170371 0.132391 0.465525
109  1.135903 0.000021 0.000004  0.149215 0.054725 0.631224
110  3.084270 -0.668821 -1.257082  -0.713628 0.094696 -0.462458
111  1.064203 -0.000000 -0.000007  -0.017936 0.105725 -0.881546
112  0.640333 0.000009 -0.000004  -0.005267 0.039854 -0.649366
113  3.396827 -0.242142 -0.708694  -0.386797 -0.093914 -0.646283
114  1.532966 0.000008 0.000010  0.011180 -0.005381 -0.508075
115  0.832974 -0.000005 -0.000002  0.001393 0.007300 -0.460553
116  4.209939 -0.440343 -1.019279  0.536724 1.758656 -1.211063
117  4.266745 1.424945 0.424938  -2.839051 0.283926 0.989201
118  9.398561 0.011948 -0.082516  -0.051662 0.071356 -1.025676
119  10.242432 0.028174 -0.062908  -1.950859 0.093082 0.128511
120  3.465750 -0.067527 0.002267  -0.064377 0.198058 -1.476693
121  1.655559 0.000002 0.000007  -0.119694 0.171912 -0.896150
122  0.960903 0.000009 0.000000  0.036761 0.113191 -0.564308
123  3.466861 -0.077781 -0.920910  -0.346705 0.111901 -1.413361
124  1.497258 -0.000045 -0.000019  -0.504255 0.252465 -0.757668
125  0.793794 -0.000013 -0.000006  -0.091894 0.202914 -0.507797
126  0.595083 -0.467151 -0.829177  2.641139 0.813693 -0.557150
127  1.555676 0.000015 0.000003  0.668233 0.505455 1.194489
128  1.136815 -0.000006 -0.000001  0.272993 0.291266 0.745687
129  3.075974 -0.667966 1.277700  0.650417 0.202618 -1.054262
130  1.064588 0.000015 0.000012  0.043632 -0.125154 -1.015792
131  0.640365 -0.000012 -0.000007  -0.106950 -0.045932 -0.626830
132  3.392415 -0.245369 0.728375  0.207301 0.243949 -1.427276
133  1.532736 -0.000008 -0.000003  0.006509 0.017962 -0.855032
134  0.833146 0.000008 0.000004  -0.077449 -0.076322 -1.133323
135  3.590110 -3.090295 1.193972  1.635457 1.210566 1.548541
136  3.589559 -3.089880 -1.196373  -1.505736 1.210473 -1.592853
137  -0.436559 4.719025 -0.001076  -0.000236 -1.570733 1.692628
138  -0.000000 2.775456 -0.000236  -0.135089 0.000001 -0.000000
139  0.000003 3.189765 0.000008  0.207820 -0.000000 0.000000
140  0.000001 3.504649 0.000046  -0.261876 0.000000 -0.000000
141  -0.000000 2.863201 -0.000002  -0.051268 0.000000 0.000000
time 15
0  5.983918 -2.344275 33.917419  1.570862 0.000000 -0.000000
1  0.002636 43.025146 0.734438  -0.542865 -0.600510 0.398195
2  3.061857 -4.181010 -0.610804  -2.086919 -0.246942 -1.783877
3  18.476768 0.000158 -0.000002  -0.019233 -0.090312 1.202429
4  17.490084 0.000118 0.000004  0.351742 -0.096199 -1.709378
5  -3.065330 -4.183571 -0.611479  -1.713646 -0.774557 -1.822452
6  18.474857 -0.000030 -0.000009  0.031053 0.100828 1.397799
7  17.489584 0.001916 -0.000006  0.085779 -0.407147 -1.254777
8  -0.000118 -0.048884 -0.576226  1.627015 0.070220 1.598241
9  3.224481 0.767046 0.000495  0.198554 -0.079330 0.372476
10  3.223909 0.226399 -0.001944  0.063296 -0.065941 0.359900
11  5.187318 -1.262560 -0.001178  0.000012 0.000066 0.194111
12  6.928405 -1.935310 -0.000229  3.120047 0.055650 0.268375
13  3.236371 1.079612 0.000056  0.191275 0.002032 0.456776
14  0.833756 3.805352 0.692958  -0.040491 0.554884 1.469874
15  0.000043 6.792200 0.000039  0.007989 0.036070 -0.011406
16  -0.000068 7.744811 0.000016  -0.017441 -0.155305 0.068150
17  0.000073 7.809702 0.000018  -0.033637 0.005026 0.006143
18  -0.000025 7.867671 0.000018  -0.073329 -0.127910 0.026375
19  3.494699 -1.749092 -3.006912  0.152540 2.070419 1.936949
20  0.000119 4.478327 0.000019  -0.194663 0.310432 -0.234994
21  0.000045 4.636120 -0.000029  0.035829 0.324592 -0.151761
22  -0.000043 5.008656 0.000015  0.075991 -0.286564 0.276090
23  0.000066 4.781163 0.000011  0.904385 -2.690904 -0.015796
24  2.253036 1.989059 -3.350106  -1.523631 1.324497 0.112403
25  0.000161 6.589466 0.000171  0.206354 -0.002129 -0.080395
26  0.000044 7.491413 0.000041  -0.333511 0.184454 -0.191167
27  0.000030 7.660300 -0.000056  -0.063176 0.127195 -0.062118
28  0.000001 7.256269 0.000018  -0.052940 -0.487829 0.313814
29  -0.791164 2.265118 -1.234654  -0.753900 1.136377 0.824675
30  -0.000259 8.572269 -0.000091  -0.222844 -0.296789 0.176503
31  -0.000092 8.117209 0.000049  0.072258 0.772520 -0.285586
32  -0.000080 8.230034 -0.000072  -0.080491 -0.347232 0.072252
33  0.000060 7.366720 0.000054  -0.015394 -0.663892 0.062741
34  0.224215 0.240126 -3.218156  -0.877385 1.468888 0.577826
35  -0.000102 7.721057 -0.000309  -0.283827 0.060498 -0.167555
36  -0.000027 7.374852 -0.000002  0.007536 -0.195022 0.049539
37  0.000073 6.848105 0.000006  0.005485 0.006496 -0.033649
38  -0.000053 7.777860 0.000008  -0.186096 0.182474 -0.152847
39  -1.514470 2.104649 -1.150166  -0.029092 0.541319 1.555680
40  -0.000168 6.982340 -0.000075  -0.199699 -0.041212 0.153489
41  0.000036 8.382862 -0.000074  0.044866 0.587986 -0.257961
42  0.000011 8.697706 -0.000027  -0.102637 -0.474318 0.290943
43  0.000054 8.921807 -0.000002  -0.076258 0.581005 -0.195604
44  1.196197 2.899156 -2.353086  -0.449719 1.030105 1.287431
45  0.000108 5.476939 0.000007  0.285574 -0.099353 -0.038445
46  -0.000074 6.060436 -0.000089  -0.155019 -0.575032 0.384607
47  0.000018 5.994259 0.000029  0.033941 0.288574 -0.067729
48  -0.000006 6.100488 0.000001  -0.068405 0.299273 -0.162154
49  0.000031 6.916758 0.000008  -0.096318 0.220533 -0.107964
50  0.000150 6.435058 -0.000045  -0.037458 0.171630 -0.116574
51  1.092793 3.649513 -1.738794  -0.148600 0.876612 1.445020
52  -0.000126 6.792198 -0.000102  0.008284 0.107792 -0.048643
53  -0.000086 7.744771 -0.000031  0.057137 -0.256893 0.015458
54  0.000084 9.115030 -0.000037  -0.020393 0.256253 -0.142636
55  3.494514 -1.749102 3.007063  0.118402 1.106974 1.813814
56  0.000014 4.323837 0.000087  -0.229908 -0.770942 0.449223
57  0.000029 4.872899 -0.000022  0.367242 -0.664052 -0.254033
58  0.000004 5.056651 0.000091  -0.511233 0.856588 -0.546320
59  2.292466 1.708616 3.661674  -1.762559 1.789110 -0.218970
60  -0.000172 6.589439 0.000273  -0.007131 -0.169122 0.176911
61  0.000175 7.491496 -0.000151  -0.132416 -0.107097 0.179326
62  -0.000140 8.249657 0.000142  0.041912 -0.058209 0.015814
63  0.000072 8.605240 -0.000026  0.101585 0.501824 -0.079697
64  -0.240485 2.066073 2.349267  -0.357331 2.461714 1.296085
65  -0.000084 7.721108 -0.000004  -0.208229 -0.126223 -0.116495
66  -0.000123 7.374868 -0.000047  -0.111018 0.046940 -0.046462
67  -0.000036 6.848063 -0.000026  0.273532 0.247522 0.299906
68  0.000035 7.777830 -0.000043  0.072921 0.186147 -0.052688
69  -0.000085 8.178057 0.000011  -0.087029 -0.422849 -0.381358
70  1.617605 3.431410 2.399266  -0.249455 2.569515 1.508574
71  -0.000162 5.476938 -0.000029  0.057729 0.074072 0.060285
72  -0.000092 6.060493 -0.000006  -0.015204 0.015650 -0.152066
73  0.000026 5.994252 0.000012  -0.126212 -0.157657 0.153302
74  -0.000078 7.076873 -0.000046  -0.008118 0.010385 0.036402
75  0.000004 7.089869 -0.000070  0.070875 0.098587 -0.025893
76  0.361109 0.886682 3.287746  -0.576373 1.978709 0.939014
77  -0.000067 6.686641 0.000220  -0.146568 0.414164 -0.327706
78  -0.000012 7.638018 0.000013  -0.079523 -0.025948 0.130956
79  -0.000031 7.290229 -0.000023  0.025325 -0.093908 0.023962
80  -0.000034 6.530374 0.000006  -0.261847 -0.300600 0.006736
81  0.000063 7.224884 0.000009  0.036505 0.032481 -0.175824
82  1.071898 3.225798 1.570114  -0.043806 2.859975 1.526250
83  0.000416 6.748907 -0.000068  -0.062702 0.083784 0.022201
84  -0.000045 8.002646 0.000027  -0.067496 -0.117209 -0.115600
85  0.000012 8.580569 -0.000096  0.088213 -0.007188 0.334606
86  0.000171 8.689834 -0.000040  0.065326 -0.412430 -0.134517
87  -1.514539 2.104638 0.318057  -0.024895 3.094490 1.569497
88  0.000192 6.982282 0.000011  -0.107588 -0.057624 -0.215718
89  -0.000009 8.382879 -0.000068  0.135031 -0.099914 0.287074
90  -0.000062 8.697670 0.000026  -0.148089 -0.510100 0.044837
91  -0.000135 8.921821 0.000080  -0.236827 -0.892635 0.098805
92  3.553615 -3.478045 2.409278  0.000819 0.762046 1.535312
93  -0.000004 4.476906 -0.000008  -0.151002 -0.588331 0.377258
94  0.000031 4.514121 -0.000023  -0.228866 -2.996200 0.592370
95  0.000043 4.518379 -0.000022  0.143172 2.612778 0.693386
96  0.000022 3.598333 0.000023  -0.749303 0.869852 -0.773233
97  4.209918 -0.440345 1.018823  0.160915 -1.732464 -1.924534
98  4.265505 1.434228 -0.404991  -0.421034 -2.407123 -1.792686
99  9.400237 0.017940 0.083202  0.081304 -0.061702 -1.454434
100  10.242423 0.033598 0.064483  2.805834 -0.295237 -0.318417
101  3.465861 -0.059675 0.016695  -0.027816 -0.074870 -0.381996
102  1.655597 -0.000022 0.000021  0.013049 -0.099608 -0.448513
103  0.960771 -0.000002 -0.000002  0.009238 -0.038918 -0.438132
104  3.462033 -0.064244 0.939907  0.314349 -0.061331 -0.067837
105  1.497180 -0.000010 0.000024  -0.485243 -0.063410 -0.180654
106  0.793758 0.000006 0.000002  -0.009101 0.025207 -0.498257
107  0.591668 -0.460689 0.835209  -0.863698 -0.567622 -0.593374
108  1.556140 -0.000003 0.000015  -0.167519 0.138308 0.479560
109  1.135912 0.000016 0.000003  0.151510 0.057055 0.643634
110  3.084273 -0.668816 -1.257082  -0.714935 0.103080 -0.457706
111  1.064212 -0.000003 -0.000002  -0.019922 0.107156 -0.905669
112  0.640339 -0.000000 -0.000006  -0.005677 0.041303 -0.665989
113  3.396829 -0.242135 -0.708686  -0.389388 -0.092737 -0.646216
114  1.532971 0.000005 0.000012  0.011256 -0.005613 -0.519326
115  0.832973 -0.000006 -0.000004  0.001609 0.007235 -0.469192
116  4.209942 -0.440341 -1.019280  0.566623 1.721513 -1.185274
117  4.266748 1.424941 0.424938  -2.429356 0.390520 1.068992
118  9.398568 0.011943 -0.082520  -0.046755 0.071231 -0.962376
119  10.242439 0.028177 -0.062910  -2.367294 -0.038048 0.003915
120  3.465759 -0.067526 0.002267  -0.076178 0.204273 -1.535520
121  1.655561 0.000005 0.000006  -0.128992 0.175393 -0.956616
122  0.960903 -0.000001 0.000002  0.028319 0.125975 -0.622996
123  3.466854 -0.077780 -0.920908  -0.345130 0.120226 -1.518909
124  1.497260 -0.000030 -0.000023  -0.522391 0.272890 -0.828933
125  0.793786 -0.000005 -0.000000  -0.116804 0.247616 -0.564100
126  0.595090 -0.467151 -0.829177  2.641139 0.813693 -0.557150
127  1.555672 0.000017 0.000001  0.686809 0.515320 1.226175
128  1.136809 -0.000010 -0.000000  0.292090 0.305771 0.769384
129  3.075978 -0.667966 1.277700  0.650417 0.202618 -1.054262
130  1.064597 0.000021 0.000014  0.040761 -0.124208 -0.987140
131  0.640360 -0.000016 -0.000006  -0.107837 -0.040674 -0.598802
132  3.392417 -0.245369 0.728377  0.200070 0.250356 -1.456781
133  1.532737 -0.000012 -0.000002  0.006509 0.017962 -0.855032
134  0.833147 0.000009 0.000005  -0.077448 -0.076322 -1.133323
135  3.590115 -3.090297 1.193973  1.635457 1.210566 1.548541
136  3.589561 -3.089881 -1.196373  -1.505736 1.210473 -1.592853
137  -0.436559 4.719026 -0.001077  -0.000236 -1.570733 1.692952
138  -0.000001 2.775462 -0.000237  -0.135089 0.000001 -0.000000
139  -0.000001 3.189766 0.000009  0.207820 -0.000000 0.000000
140  -0.000001 3.504653 0.000045  -0.261876 0.000000 -0.000000
141  -0.000000 2.863197 -0.000002  -0.051268 -0.000000 -0.000000
time 16
0  4.823627 -1.977960 32.624306  1.570862 0.000000 -0.000000
1  0.002636 43.025146 0.734438  -0.510167 -0.475026 0.328633
2  3.061858 -4.181014 -0.610803  -1.874205 -0.331724 -1.732098
3  18.476772 0.000158 -0.000001  -0.028840 -0.099071 1.361717
4  17.490086 0.000118 0.000004  0.225804 -0.117900 -1.708249
5  -3.065330 -4.183579 -0.611479  -1.794003 -0.565596 -2.110420
6  18.474854 -0.000031 -0.000006  0.048177 0.110277 1.637758
7  17.489584 0.001917 -0.000005  0.113588 -0.382885 -1.427594
8  -0.000117 -0.048886 -0.576226  1.654539 0.063505 1.573385
9  3.224482 0.767048 0.000497  0.176634 -0.043393 0.385537
10  3.223919 0.226399 -0.001945  0.030917 -0.033679 0.434370
11  5.187322 -1.262559 -0.001177  0.000012 0.000066 0.194111
12  6.928409 -1.935313 -0.000228  3.123921 0.068534 0.261400
13  3.236361 1.079611 0.000057  0.110139 0.092601 0.433358
14  0.833762 3.805354 0.692956  -0.040491 0.554884 1.469874
15  0.000040 6.792203 0.000040  0.007989 0.036071 -0.011406
16  -0.000070 7.744817 0.000015  -0.017441 -0.155305 0.068150
17  0.000074 7.809699 0.000018  -0.033637 0.005026 0.006143
18  -0.000023 7.867672 0.000017  -0.073329 -0.127910 0.026375
19  3.494702 -1.749093 -3.006911  0.152541 2.070419 1.936949
20  0.000121 4.478332 0.000017  -0.194663 0.310432 -0.234994
21  0.000049 4.636117 -0.000029  0.035829 0.324592 -0.151762
22  -0.000043 5.008658 0.000015  0.075991 -0.286564 0.276090
23  0.000062 4.781165 0.000011  0.904385 -2.690904 -0.015796
24  2.253035 1.989056 -3.350105  -1.523631 1.324497 0.112403
25  0.000159 6.589459 0.000169  0.206354 -0.002129 -0.080395
26  0.000041 7.491410 0.000043  -0.333511 0.184454 -0.191167
27  0.000025 7.660309 -0.000056  -0.063176 0.127195 -0.062118
28  0.000010 7.256265 0.000022  -0.052940 -0.487829 0.313814
29  -0.791160 2.265119 -1.234654  -0.753900 1.136377 0.824675
30  -0.000258 8.572266 -0.000091  -0.222844 -0.296789 0.176503
31  -0.000095 8.117215 0.000048  0.072258 0.772520 -0.285586
32  -0.000085 8.230037 -0.000072  -0.080491 -0.347232 0.072253
33  0.000060 7.366721 0.000056  -0.015394 -0.663892 0.062741
34  0.224218 0.240127 -3.218157  -0.877385 1.468888 0.577826
35  -0.000101 7.721053 -0.000308  -0.283827 0.060498 -0.167555
36  -0.000032 7.374848 -0.000002  0.007536 -0.195022 0.049539
37  0.000077 6.848107 0.000006  0.005485 0.006496 -0.033649
38  -0.000053 7.777864 0.000009  -0.186096 0.182474 -0.152847
39  -1.514462 2.104650 -1.150167  -0.029092 0.541319 1.555680
40  -0.000169 6.982346 -0.000078  -0.199699 -0.041212 0.153489
41  0.000038 8.382864 -0.000071  0.044866 0.587986 -0.257961
42  0.000011 8.697705 -0.000028  -0.102637 -0.474318 0.290943
43  0.000057 8.921803 -0.000004  -0.076258 0.581005 -0.195604
44  1.196194 2.899153 -2.353085  -0.449719 1.030105 1.287431
45  0.000106 5.476939 0.000005  0.285574 -0.099353 -0.038445
46  -0.000070 6.060428 -0.000090  -0.155019 -0.575032 0.384607
47  0.000018 5.994262 0.000030  0.033941 0.288574 -0.067729
48  -0.000007 6.100489 0.000003  -0.068405 0.299273 -0.162154
49  0.000033 6.916760 0.000009  -0.096318 0.220533 -0.107964
50  0.000148 6.435059 -0.000043  -0.037458 0.171630 -0.116574
51  1.092793 3.649512 -1.738793  -0.148600 0.876612 1.445020
52  -0.000123 6.792190 -0.000101  0.008284 0.107792 -0.048643
53  -0.000087 7.744776 -0.000029  0.057137 -0.256893 0.015458
54  0.000088 9.115016 -0.000038  -0.020393 0.256253 -0.142636
55  3.494511 -1.749106 3.007066  0.118402 1.106974 1.813814
56  0.000013 4.323830 0.000088  -0.229908 -0.770942 0.449223
57  0.000030 4.872900 -0.000021  0.367242 -0.664052 -0.254033
58  0.000005 5.056653 0.000092  -0.511233 0.856588 -0.546320
59  2.292468 1.708614 3.661676  -1.762559 1.789110 -0.218970
60  -0.000172 6.589436 0.000276  -0.007131 -0.169122 0.176911
61  0.000174 7.491502 -0.000150  -0.132416 -0.107097 0.179326
62  -0.000142 8.249654 0.000143  0.041912 -0.058209 0.015814
63  0.000072 8.605239 -0.000025  0.101585 0.501824 -0.079697
64  -0.240484 2.066072 2.349268  -0.357331 2.461714 1.296084
65  -0.000087 7.721106 -0.000002  -0.208229 -0.126223 -0.116495
66  -0.000122 7.374869 -0.000047  -0.111018 0.046939 -0.046462
67  -0.000034 6.848053 -0.000028  0.273532 0.247522 0.299906
68  0.000036 7.777825 -0.000044  0.072921 0.186147 -0.052688
69  -0.000083 8.178049 0.000011  -0.087029 -0.422849 -0.381358
70  1.617605 3.431409 2.399266  -0.249455 2.569514 1.508574
71  -0.000163 5.476944 -0.000029  0.057729 0.074072 0.060285
72  -0.000088 6.060491 -0.000006  -0.015204 0.015650 -0.152066
73  0.000026 5.994256 0.000011  -0.126212 -0.157657 0.153302
74  -0.000078 7.076874 -0.000049  -0.008118 0.010385 0.036402
75  0.000002 7.089867 -0.000072  0.070875 0.098587 -0.025893
76  0.361115 0.886682 3.287746  -0.576374 1.978709 0.939014
77  -0.000067 6.686646 0.000220  -0.146568 0.414164 -0.327706
78  -0.000011 7.638023 0.000014  -0.079523 -0.025948 0.130956
79  -0.000031 7.290234 -0.000022  0.025325 -0.093908 0.023962
80  -0.000033 6.530373 0.000005  -0.261847 -0.300600 0.006736
81  0.000063 7.224883 0.000008  0.036505 0.032481 -0.175824
82  1.071896 3.225796 1.570116  -0.043806 2.859975 1.526250
83  0.000415 6.748901 -0.000067  -0.062702 0.083784 0.022201
84  -0.000047 8.002641 0.000026  -0.067496 -0.117209 -0.115600
85  0.000012 8.580573 -0.000097  0.088213 -0.007188 0.334606
86  0.000169 8.689828 -0.000041  0.065326 -0.412430 -0.134517
87  -1.514536 2.104639 0.318056  -0.024895 3.094490 1.569497
88  0.000191 6.982284 0.000009  -0.107588 -0.057624 -0.215718
89  -0.000010 8.382873 -0.000067  0.135031 -0.099914 0.287074
90  -0.000061 8.697674 0.000023  -0.148089 -0.510100 0.044837
91  -0.000137 8.921817 0.000081  -0.236827 -0.892635 0.098805
92  3.553614 -3.478047 2.409278  0.000819 0.762046 1.535312
93  -0.000001 4.476903 -0.000008  -0.151003 -0.588331 0.377258
94  0.000032 4.514123 -0.000023  -0.228866 -2.996201 0.592370
95  0.000043 4.518386 -0.000024  0.143172 2.612778 0.693386
96  0.000024 3.598330 0.000024  -0.749303 0.869852 -0.773233
97  4.209920 -0.440347 1.018823  -0.043195 -1.776027 -1.713965
98  4.265506 1.434234 -0.404994  -0.109455 -2.324837 -2.020420
99  9.400234 0.017943 0.083208  0.097137 -0.051378 -1.704646
100  10.242423 0.033594 0.064479  2.599369 -0.183233 -0.301711
101  3.465853 -0.059679 0.016698  -0.028517 -0.070875 -0.370334
102  1.655591 -0.000021 0.000024  0.011670 -0.100562 -0.452811
103  0.960770 -0.000003 0.000006  0.009368 -0.040268 -0.444358
104  3.462027 -0.064247 0.939909  0.311155 -0.067502 -0.048768
105  1.497176 -0.000006 0.000026  -0.485242 -0.063978 -0.180422
106  0.793760 0.000002 0.000002  -0.009067 0.025357 -0.500299
107  0.591665 -0.460693 0.835205  -0.856598 -0.564530 -0.598596
108  1.556139 -0.000004 -0.000001  -0.164963 0.142441 0.489957
109  1.135905 0.000018 0.000003  0.152941 0.058507 0.650933
110  3.084271 -0.668822 -1.257087  -0.716837 0.115745 -0.450407
111  1.064200 -0.000001 0.000009  -0.021444 0.108122 -0.923416
112  0.640337 0.000012 -0.000010  -0.005662 0.042049 -0.672599
113  3.396824 -0.242139 -0.708690  -0.393479 -0.089393 -0.642565
114  1.532967 0.000005 0.000010  0.011203 -0.005766 -0.523121
115  0.832974 -0.000005 -0.000002  0.001921 0.007219 -0.475117
116  4.209941 -0.440342 -1.019280  1.034055 1.762410 -0.712242
117  4.266746 1.424937 0.424939  -2.619995 0.703621 0.835447
118  9.398567 0.011952 -0.082517  -0.076663 0.067065 -1.354223
119  10.242435 0.028177 -0.062908  -2.368027 0.029689 0.141841
120  3.465756 -0.067525 0.002265  -0.087863 0.209558 -1.592302
121  1.655560 0.000007 0.000005  -0.138142 0.178207 -1.014916
122  0.960907 0.000003 0.000001  0.019444 0.137776 -0.679740
123  3.466863 -0.077778 -0.920912  -0.344436 0.128324 -1.620599
124  1.497260 -0.000030 -0.000023  -0.541393 0.291310 -0.898357
125  0.793789 -0.000009 -0.000000  -0.143537 0.289254 -0.619993
126  0.595082 -0.467149 -0.829177  2.641045 0.813678 -0.557188
127  1.555673 0.000016 -0.000001  0.705139 0.524262 1.257000
128  1.136813 -0.000005 -0.000003  0.310900 0.319283 0.792632
129  3.075984 -0.667965 1.277698  0.650425 0.202588 -1.054198
130  1.064596 0.000029 0.000005  0.038022 -0.123230 -0.959504
131  0.640361 -0.000015 -0.000007  -0.108556 -0.035598 -0.571882
132  3.392417 -0.245367 0.728376  0.192881 0.256428 -1.485211
133  1.532738 -0.000014 -0.000002  0.006509 0.017962 -0.854965
134  0.833149 0.000013 -0.000001  -0.077448 -0.076323 -1.133323
135  3.590109 -3.090293 1.193972  1.635457 1.210566 1.548541
136  3.589558 -3.089878 -1.196373  -1.505736 1.210473 -1.592853
137  -0.436563 4.719027 -0.001076  -0.000118 -1.570733 1.692916
138  0.000000 2.775452 -0.000236  -0.135089 0.000001 0.000000
139  0.000000 3.189771 0.000008  0.207820 -0.000000 0.000000
140  0.000000 3.504645 0.000044  -0.261876 0.000000 -0.000000
141  0.000001 2.863197 -0.000000  -0.051268 0.000000 0.000000
time 17
0  3.652580 -1.537546 31.433025  1.570862 0.000000 -0.000000
1  0.002636 43.025146 0.734438  -0.479134 -0.327933 0.236910
2  3.061856 -4.181023 -0.610805  -1.680666 -0.421705 -1.669447
3  18.476772 0.000155 -0.000001  -0.036424 -0.104294 1.474504
4  17.490088 0.000115 0.000005  0.109420 -0.056621 -1.668280
5  -3.065330 -4.183581 -0.611479  -1.873081 -0.070119 -2.322019
6  18.474855 -0.000033 -0.000009  0.031194 0.100927 1.399842
7  17.489584 0.001915 -0.000003  0.065902 -0.279302 -1.390677
8  -0.000118 -0.048890 -0.576226  1.679103 0.069599 1.571081
9  3.224488 0.767049 0.000496  0.132741 0.001023 0.385557
10  3.223913 0.226400 -0.001944  0.010607 0.008766 0.506644
11  5.187315 -1.262559 -0.001177  0.000012 0.000066 0.194111
12  6.928407 -1.935316 -0.000228  -3.131281 0.070842 0.219195
13  3.236371 1.079614 0.000056  -0.024076 0.173448 0.362080
14  0.833765 3.805349 0.692956  -0.040491 0.554884 1.469874
15  0.000042 6.792206 0.000041  0.007989 0.036070 -0.011406
16  -0.000070 7.744818 0.000015  -0.017441 -0.155305 0.068150
17  0.000076 7.809698 0.000020  -0.033637 0.005026 0.006143
18  -0.000027 7.867677 0.000017  -0.073329 -0.127910 0.026375
19  3.494703 -1.749096 -3.006912  0.152543 2.070419 1.936949
20  0.000120 4.478316 0.000018  -0.194663 0.310432 -0.234994
21  0.000048 4.636118 -0.000029  0.035828 0.324592 -0.151762
22  -0.000041 5.008655 0.000010  0.075992 -0.286564 0.276090
23  0.000064 4.781158 0.000010  0.904386 -2.690904 -0.015796
24  2.253042 1.989055 -3.350106  -1.523631 1.324497 0.112403
25  0.000163 6.589469 0.000169  0.206354 -0.002129 -0.080395
26  0.000043 7.491412 0.000041  -0.333511 0.184454 -0.191167
27  0.000025 7.660312 -0.000055  -0.063176 0.127195 -0.062118
28  0.000006 7.256267 0.000020  -0.052940 -0.487829 0.313814
29  -0.791158 2.265116 -1.234656  -0.753900 1.136377 0.824675
30  -0.000258 8.572264 -0.000092  -0.222844 -0.296789 0.176503
31  -0.000095 8.117217 0.000049  0.072258 0.772520 -0.285586
32  -0.000078 8.230032 -0.000068  -0.080491 -0.347232 0.072253
33  0.000059 7.366724 0.000055  -0.015394 -0.663892 0.062741
34  0.224215 0.240123 -3.218158  -0.877384 1.468888 0.577826
35  -0.000103 7.721059 -0.000310  -0.283827 0.060498 -0.167555
36  -0.000030 7.374854 0.000000  0.007536 -0.195022 0.049539
37  0.000077 6.848101 0.000006  0.005485 0.006496 -0.033649
38  -0.000051 7.777862 0.000008  -0.186096 0.182474 -0.152846
39  -1.514469 2.104644 -1.150167  -0.029092 0.541320 1.555680
40  -0.000167 6.982347 -0.000076  -0.199699 -0.041212 0.153489
41  0.000038 8.382861 -0.000073  0.044866 0.587986 -0.257961
42  0.000012 8.697698 -0.000027  -0.102637 -0.474318 0.290943
43  0.000058 8.921805 -0.000003  -0.076258 0.581005 -0.195604
44  1.196195 2.899153 -2.353086  -0.449719 1.030105 1.287431
45  0.000107 5.476943 0.000007  0.285574 -0.099353 -0.038445
46  -0.000074 6.060438 -0.000092  -0.155019 -0.575032 0.384607
47  0.000017 5.994256 0.000030  0.033941 0.288574 -0.067729
48  -0.000008 6.100491 0.000000  -0.068405 0.299273 -0.162154
49  0.000035 6.916758 0.000010  -0.096318 0.220533 -0.107964
50  0.000150 6.435058 -0.000045  -0.037458 0.171630 -0.116574
51  1.092798 3.649511 -1.738794  -0.148600 0.876612 1.445020
52  -0.000131 6.792200 -0.000102  0.008284 0.107792 -0.048643
53  -0.000087 7.744778 -0.000028  0.057137 -0.256893 0.015458
54  0.000084 9.115019 -0.000036  -0.020393 0.256253 -0.142636
55  3.494519 -1.749106 3.007064  0.118402 1.106974 1.813814
56  0.000015 4.323827 0.000087  -0.229908 -0.770942 0.449223
57  0.000028 4.872897 -0.000023  0.367242 -0.664052 -0.254033
58  0.000002 5.056650 0.000090  -0.511233 0.856588 -0.546320
59  2.292469 1.708612 3.661675  -1.762559 1.789110 -0.218970
60  -0.000173 6.589437 0.000276  -0.007131 -0.169122 0.176911
61  0.000174 7.491498 -0.000153  -0.132415 -0.107097 0.179326
62  -0.000139 8.249660 0.000144  0.041912 -0.058209 0.015814
63  0.000074 8.605243 -0.000027  0.101585 0.501824 -0.079697
64  -0.240486 2.066070 2.349267  -0.357331 2.461714 1.296084
65  -0.000085 7.721102 -0.000003  -0.208229 -0.126223 -0.116495
66  -0.000126 7.374862 -0.000048  -0.111018 0.046939 -0.046462
67  -0.000037 6.848056 -0.000026  0.273532 0.247522 0.299906
68  0.000036 7.777825 -0.000044  0.072921 0.186148 -0.052688
69  -0.000085 8.178050 0.000010  -0.087029 -0.422849 -0.381358
70  1.617606 3.431408 2.399265  -0.249455 2.569515 1.508574
71  -0.000166 5.476939 -0.000030  0.057729 0.074072 0.060285
72  -0.000093 6.060490 -0.000006  -0.015204 0.015650 -0.152066
73  0.000027 5.994251 0.000011  -0.126212 -0.157657 0.153302
74  -0.000079 7.076872 -0.000046  -0.008118 0.010385 0.036402
75  0.000002 7.089864 -0.000069  0.070875 0.098587 -0.025893
76  0.361114 0.886679 3.287746  -0.576373 1.978709 0.939014
77  -0.000064 6.686645 0.000222  -0.146568 0.414164 -0.327706
78  -0.000011 7.638012 0.000011  -0.079523 -0.025948 0.130956
79  -0.000031 7.290235 -0.000023  0.025325 -0.093908 0.023962
80  -0.000033 6.530373 0.000005  -0.261847 -0.300600 0.006736
81  0.000062 7.224885 0.000010  0.036505 0.032481 -0.175824
82  1.071899 3.225793 1.570115  -0.043806 2.859975 1.526250
83  0.000410 6.748899 -0.000065  -0.062702 0.083784 0.022201
84  -0.000044 8.002648 0.000026  -0.067496 -0.117209 -0.115600
85  0.000013 8.580566 -0.000098  0.088213 -0.007188 0.334606
86  0.000170 8.689831 -0.000040  0.065326 -0.412430 -0.134516
87  -1.514534 2.104636 0.318056  -0.024895 3.094490 1.569497
88  0.000193 6.982279 0.000011  -0.107588 -0.057624 -0.215718
89  -0.000009 8.382873 -0.000067  0.135031 -0.099914 0.287074
90  -0.000064 8.697671 0.000024  -0.148089 -0.510100 0.044837
91  -0.000136 8.921824 0.000080  -0.236827 -0.892635 0.098805
92  3.553615 -3.478050 2.409277  0.000819 0.762046 1.535312
93  0.000000 4.476897 -0.000009  -0.151002 -0.588331 0.377258
94  0.000030 4.514119 -0.000024  -0.228866 -2.996200 0.592370
95  0.000045 4.518384 -0.000023  0.143172 2.612778 0.693386
96  0.000022 3.598328 0.000022  -0.749303 0.869852 -0.773233
97  4.209915 -0.440346 1.018823  -0.289979 -1.821192 -1.454637
98  4.265506 1.434234 -0.404995  0.179671 -2.245124 -2.285149
99  9.400234 0.017940 0.083205  0.108261 -0.039698 -1.917894
100  10.242416 0.033585 0.064480  2.472435 -0.059988 -0.368682
101  3.465857 -0.059680 0.016696  -0.029213 -0.066691 -0.357969
102  1.655593 -0.000021 0.000040  0.009498 -0.100051 -0.448840
103  0.960769 -0.000002 0.000002  0.008965 -0.040088 -0.442480
104  3.462030 -0.064246 0.939908  0.308055 -0.074035 -0.033195
105  1.497177 -0.000010 0.000026  -0.485571 -0.062230 -0.174510
106  0.793759 0.000004 -0.000004  -0.008780 0.024922 -0.496361
107  0.591666 -0.460692 0.835198  -0.853178 -0.563941 -0.602447
108  1.556139 0.000000 -0.000004  -0.163740 0.143255 0.492777
109  1.135904 0.000019 0.000004  0.152921 0.058506 0.650091
110  3.084271 -0.668821 -1.257087  -0.718693 0.128747 -0.442811
111  1.064206 0.000003 0.000003  -0.021837 0.108264 -0.927988
112  0.640336 0.000006 -0.000006  -0.005163 0.041680 -0.665955
113  3.396826 -0.242137 -0.708695  -0.397966 -0.084773 -0.636212
114  1.532968 0.000010 0.000001  0.011078 -0.005848 -0.517552
115  0.832976 -0.000006 -0.000005  0.002134 0.007356 -0.476165
116  4.209938 -0.440342 -1.019280  1.260754 1.840778 -0.480720
117  4.266747 1.424944 0.424939  3.024709 0.835776 0.320738
118  9.398565 0.011948 -0.082518  -0.104660 0.050027 -1.779835
119  10.242439 0.028177 -0.062906  -2.102165 0.128624 0.312774
120  3.465746 -0.067528 0.002266  -0.097121 0.213219 -1.636353
121  1.655560 0.000007 0.000008  -0.145282 0.180041 -1.060088
122  0.960906 0.000001 -0.000001  0.012115 0.146546 -0.723800
123  3.466855 -0.077782 -0.920910  -0.344495 0.134716 -1.699447
124  1.497259 -0.000033 -0.000021  -0.556995 0.304636 -0.952549
125  0.793775 -0.000007 -0.000000  -0.166071 0.320470 -0.664572
126  0.595084 -0.467149 -0.829178  2.641139 0.813693 -0.557150
127  1.555667 0.000015 -0.000002  0.719557 0.530878 1.281132
128  1.136811 -0.000008 -0.000002  0.325756 0.329446 0.810771
129  3.075974 -0.667969 1.277700  0.650417 0.202618 -1.054262
130  1.064595 0.000018 0.000002  0.035946 -0.122412 -0.938189
131  0.640362 -0.000018 0.000000  -0.109019 -0.031627 -0.551057
132  3.392415 -0.245369 0.728375  0.187146 0.260981 -1.507357
133  1.532741 -0.000005 -0.000001  0.006509 0.017962 -0.855032
134  0.833145 0.000008 0.000001  -0.077448 -0.076323 -1.133323
135  3.590105 -3.090294 1.193972  1.635457 1.210566 1.548541
136  3.589550 -3.089879 -1.196373  -1.505736 1.210473 -1.592853
137  -0.436563 4.719026 -0.001076  -0.000650 -1.570733 1.692758
138  0.000001 2.775449 -0.000236  -0.135089 0.000001 -0.000000
139  0.000000 3.189768 0.000009  0.207820 -0.000000 0.000000
140  -0.000001 3.504656 0.000043  -0.261876 0.000000 -0.000000
141  0.000000 2.863201 -0.000003  -0.051268 0.000000 -0.000000
time 18
0  2.701451 -0.416308 30.542463  1.570862 0.000000 -0.000000
1  0.002636 43.025146 0.734438  -0.434418 -0.294107 0.191188
2  3.061857 -4.181014 -0.610803  -1.662578 -0.557984 -1.550743
3  18.476772 0.000160 0.000000  -0.039199 -0.105910 1.513816
4  17.490082 0.000117 0.000002  0.093236 0.046838 -1.596451
5  -3.065331 -4.183576 -0.611479  -1.879855 0.081850 -2.350226
6  18.474857 -0.000033 -0.000007  0.020543 0.091803 1.227933
7  17.489582 0.001913 -0.000003  0.084792 -0.216536 -1.399082
8  -0.000118 -0.048881 -0.576225  1.706567 0.090991 1.577704
9  3.224484 0.767048 0.000496  0.156516 0.005405 0.411273
10  3.223912 0.226400 -0.001944  0.079143 0.027532 0.533314
11  5.187325 -1.262559 -0.001176  0.000012 0.000066 0.194111
12  6.928410 -1.935313 -0.000228  3.139134 0.081372 0.215698
13  3.236368 1.079612 0.000056  -0.139504 0.158840 0.363265
14  0.833768 3.805354 0.692956  -0.040491 0.554884 1.469874
15  0.000037 6.792214 0.000038  0.007989 0.036071 -0.011405
16  -0.000069 7.744822 0.000016  -0.017441 -0.155305 0.068150
17  0.000075 7.809704 0.000018  -0.033637 0.005026 0.006143
18  -0.000026 7.867672 0.000017  -0.073329 -0.127910 0.026375
19  3.494703 -1.749093 -3.006912  0.152544 2.070419 1.936949
20  0.000120 4.478322 0.000017  -0.194663 0.310432 -0.234994
21  0.000047 4.636120 -0.000029  0.035828 0.324592 -0.151762
22  -0.000041 5.008657 0.000014  0.075992 -0.286564 0.276090
23  0.000065 4.781172 0.000009  0.904386 -2.690904 -0.015796
24  2.253044 1.989060 -3.350106  -1.523631 1.324497 0.112403
25  0.000161 6.589460 0.000170  0.206354 -0.002129 -0.080395
26  0.000042 7.491417 0.000045  -0.333511 0.184454 -0.191167
27  0.000026 7.660305 -0.000056  -0.063176 0.127195 -0.062118
28  0.000007 7.256269 0.000021  -0.052940 -0.487829 0.313814
29  -0.791161 2.265117 -1.234655  -0.753900 1.136377 0.824675
30  -0.000259 8.572266 -0.000093  -0.222844 -0.296789 0.176503
31  -0.000096 8.117218 0.000048  0.072258 0.772520 -0.285585
32  -0.000082 8.230034 -0.000070  -0.080491 -0.347232 0.072252
33  0.000060 7.366723 0.000054  -0.015394 -0.663892 0.062741
34  0.224221 0.240128 -3.218158  -0.877385 1.468888 0.577826
35  -0.000101 7.721050 -0.000309  -0.283827 0.060498 -0.167555
36  -0.000031 7.374856 -0.000004  0.007536 -0.195022 0.049539
37  0.000074 6.848098 0.000007  0.005485 0.006496 -0.033649
38  -0.000051 7.777864 0.000010  -0.186096 0.182474 -0.152846
39  -1.514464 2.104650 -1.150167  -0.029092 0.541319 1.555680
40  -0.000168 6.982350 -0.000077  -0.199699 -0.041212 0.153489
41  0.000039 8.382861 -0.000072  0.044866 0.587986 -0.257961
42  0.000013 8.697701 -0.000027  -0.102637 -0.474318 0.290943
43  0.000055 8.921803 -0.000002  -0.076258 0.581005 -0.195604
44  1.196191 2.899153 -2.353086  -0.449719 1.030105 1.287431
45  0.000104 5.476937 0.000008  0.285574 -0.099353 -0.038445
46  -0.000074 6.060430 -0.000087  -0.155020 -0.575032 0.384607
47  0.000022 5.994266 0.000030  0.033941 0.288575 -0.067729
48  -0.000008 6.100489 0.000002  -0.068405 0.299273 -0.162154
49  0.000034 6.916763 0.000010  -0.096318 0.220533 -0.107964
50  0.000150 6.435057 -0.000042  -0.037458 0.171630 -0.116574
51  1.092798 3.649512 -1.738794  -0.148600 0.876612 1.445020
52  -0.000128 6.792198 -0.000102  0.008284 0.107792 -0.048643
53  -0.000087 7.744778 -0.000030  0.057137 -0.256893 0.015458
54  0.000085 9.115026 -0.000038  -0.020393 0.256253 -0.142636
55  3.494517 -1.749103 3.007064  0.118402 1.106974 1.813814
56  0.000015 4.323827 0.000088  -0.229908 -0.770942 0.449223
57  0.000029 4.872898 -0.000019  0.367242 -0.664052 -0.254033
58  0.000004 5.056655 0.000093  -0.511233 0.856588 -0.546320
59  2.292470 1.708617 3.661676  -1.762559 1.789110 -0.218970
60  -0.000173 6.589437 0.000282  -0.007131 -0.169122 0.176911
61  0.000175 7.491494 -0.000146  -0.132416 -0.107097 0.179326
62  -0.000140 8.249664 0.000144  0.041912 -0.058209 0.015814
63  0.000072 8.605236 -0.000026  0.101585 0.501824 -0.079697
64  -0.240483 2.066072 2.349267  -0.357331 2.461714 1.296085
65  -0.000089 7.721101 -0.000004  -0.208229 -0.126223 -0.116495
66  -0.000126 7.374862 -0.000046  -0.111018 0.046939 -0.046462
67  -0.000037 6.848055 -0.000027  0.273532 0.247522 0.299906
68  0.000033 7.777822 -0.000045  0.072921 0.186147 -0.052688
69  -0.000084 8.178053 0.000012  -0.087029 -0.422849 -0.381358
70  1.617610 3.431412 2.399265  -0.249455 2.569515 1.508574
71  -0.000163 5.476935 -0.000029  0.057729 0.074072 0.060285
72  -0.000092 6.060490 -0.000006  -0.015204 0.015650 -0.152066
73  0.000025 5.994253 0.000012  -0.126212 -0.157657 0.153302
74  -0.000077 7.076869 -0.000047  -0.008118 0.010385 0.036402
75  0.000006 7.089866 -0.000070  0.070875 0.098587 -0.025893
76  0.361114 0.886683 3.287746  -0.576374 1.978709 0.939014
77  -0.000067 6.686646 0.000223  -0.146568 0.414164 -0.327706
78  -0.000011 7.638015 0.000014  -0.079523 -0.025948 0.130956
79  -0.000032 7.290226 -0.000021  0.025325 -0.093908 0.023962
80  -0.000036 6.530367 0.000005  -0.261847 -0.300600 0.006736
81  0.000064 7.224886 0.000008  0.036505 0.032481 -0.175824
82  1.071901 3.225797 1.570116  -0.043806 2.859975 1.526250
83  0.000411 6.748894 -0.000066  -0.062702 0.083784 0.022201
84  -0.000042 8.002645 0.000027  -0.067496 -0.117209 -0.115600
85  0.000012 8.580568 -0.000098  0.088213 -0.007188 0.334606
86  0.000168 8.689831 -0.000041  0.065326 -0.412430 -0.134517
87  -1.514532 2.104640 0.318056  -0.024895 3.094490 1.569497
88  0.000193 6.982285 0.000011  -0.107588 -0.057624 -0.215718
89  -0.000009 8.382868 -0.000067  0.135031 -0.099914 0.287074
90  -0.000064 8.697676 0.000024  -0.148089 -0.510100 0.044837
91  -0.000133 8.921820 0.000078  -0.236827 -0.892635 0.098805
92  3.553616 -3.478047 2.409277  0.000819 0.762046 1.535312
93  -0.000000 4.476896 -0.000007  -0.151002 -0.588331 0.377258
94  0.000032 4.514121 -0.000023  -0.228866 -2.996200 0.592370
95  0.000045 4.518384 -0.000024  0.143172 2.612778 0.693386
96  0.000021 3.598328 0.000023  -0.749303 0.869852 -0.773233
97  4.209919 -0.440343 1.018822  -0.607901 -1.867616 -1.120023
98  4.265506 1.434229 -0.404992  -2.810907 -1.010187 0.786246
99  9.400234 0.017939 0.083196  0.109657 -0.037818 -1.948776
100  10.242423 0.033590 0.064477  2.666667 -0.000470 -0.445404
101  3.465857 -0.059677 0.016697  -0.029677 -0.063756 -0.349259
102  1.655594 -0.000025 0.000021  0.007402 -0.098171 -0.437822
103  0.960768 -0.000000 -0.000006  0.008083 -0.038498 -0.432864
104  3.462029 -0.064245 0.939910  0.306150 -0.078685 -0.026916
105  1.497178 -0.000009 0.000020  -0.486109 -0.058793 -0.164946
106  0.793758 0.000003 0.000007  -0.008298 0.024191 -0.487604
107  0.591661 -0.460691 0.835211  -0.854934 -0.566317 -0.603381
108  1.556139 0.000005 -0.000003  -0.164311 0.140399 0.486706
109  1.135904 0.000016 0.000005  0.151439 0.057006 0.641183
110  3.084271 -0.668820 -1.257086  -0.719822 0.137500 -0.437589
111  1.064202 0.000003 0.000008  -0.020862 0.107501 -0.917331
112  0.640339 0.000008 -0.000008  -0.004400 0.040357 -0.648005
113  3.396824 -0.242137 -0.708688  -0.401085 -0.080512 -0.629250
114  1.532969 0.000011 0.000003  0.010890 -0.005689 -0.504345
115  0.832978 -0.000007 0.000002  0.002235 0.007516 -0.471779
116  4.209939 -0.440342 -1.019280  1.218709 1.866273 -0.518533
117  4.266747 1.424940 0.424934  2.722564 0.779359 0.153643
118  9.398569 0.011950 -0.082511  -0.109783 0.044673 -1.875321
119  10.242453 0.028176 -0.062910  -1.503298 0.161191 0.367814
120  3.465749 -0.067525 0.002267  -0.099444 0.214078 -1.647484
121  1.655560 0.000007 0.000002  -0.147120 0.180472 -1.071552
122  0.960907 0.000008 -0.000005  0.010211 0.148750 -0.734889
123  3.466862 -0.077779 -0.920910  -0.344607 0.136239 -1.719283
124  1.497259 -0.000031 -0.000024  -0.561112 0.307895 -0.966301
125  0.793792 -0.000018 0.000000  -0.172064 0.328133 -0.675991
126  0.595082 -0.467150 -0.829176  2.641139 0.813694 -0.557150
127  1.555673 0.000018 -0.000008  0.723295 0.532505 1.287297
128  1.136813 -0.000017 -0.000002  0.329565 0.331979 0.815443
129  3.075976 -0.667966 1.277699  0.650417 0.202619 -1.054262
130  1.064594 0.000021 0.000012  0.035416 -0.122231 -0.932925
131  0.640360 -0.000019 -0.000007  -0.109067 -0.030666 -0.545859
132  3.392414 -0.245368 0.728377  0.185710 0.262107 -1.513013
133  1.532738 -0.000010 -0.000002  0.006508 0.017961 -0.855099
134  0.833152 0.000010 0.000008  -0.077446 -0.076327 -1.133393
135  3.590111 -3.090294 1.193972  1.635457 1.210566 1.548541
136  3.589559 -3.089878 -1.196372  -1.505736 1.210473 -1.592853
137  -0.436559 4.719026 -0.001076  -0.000502 -1.570733 1.692851
138  0.000001 2.775450 -0.000237  -0.135089 0.000001 -0.000000
139  0.000000 3.189767 0.000011  0.207820 -0.000000 0.000000
140  0.000001 3.504653 0.000044  -0.261876 0.000000 -0.000000
141  -0.000001 2.863202 -0.000002  -0.051268 -0.000000 -0.000000
time 19
0  1.832616 0.914391 29.778557  1.570862 0.000000 -0.000000
1  0.002636 43.025146 0.734438  -0.378429 -0.288965 0.151037
2  3.061858 -4.181011 -0.610805  -1.730309 -0.697470 -1.391756
3  18.476772 0.000153 -0.000000  -0.038821 -0.105700 1.508534
4  17.490088 0.000117 0.000004  0.122479 0.162079 -1.495321
5  -3.065329 -4.183575 -0.611480  -1.856091 0.089826 -2.304808
6  18.474857 -0.000033 -0.000005  0.017520 0.088552 1.173584
7  17.489584 0.001916 -0.000006  0.139633 -0.170278 -1.498304
8  -0.000116 -0.048878 -0.576226  1.731118 0.118645 1.590894
9  3.224482 0.767047 0.000496  0.196266 -0.001659 0.442365
10  3.223904 0.226399 -0.001945  0.174108 0.039229 0.545000
11  5.187316 -1.262558 -0.001179  0.000012 0.000066 0.194111
12  6.928413 -1.935314 -0.000228  3.117495 0.091172 0.219540
13  3.236366 1.079612 0.000057  -0.247162 0.117034 0.390996
14  0.833761 3.805350 0.692956  -0.040491 0.554884 1.469874
15  0.000038 6.792212 0.000039  0.007989 0.036071 -0.011406
16  -0.000065 7.744815 0.000017  -0.017441 -0.155305 0.068150
17  0.000074 7.809703 0.000019  -0.033637 0.005026 0.006143
18  -0.000024 7.867674 0.000018  -0.073329 -0.127910 0.026375
19  3.494702 -1.749094 -3.006912  0.152546 2.070419 1.936949
20  0.000119 4.478323 0.000017  -0.194663 0.310432 -0.234994
21  0.000049 4.636113 -0.000028  0.035828 0.324592 -0.151762
22  -0.000040 5.008652 0.000012  0.075992 -0.286564 0.276090
23  0.000064 4.781162 0.000010  0.904387 -2.690904 -0.015796
24  2.253038 1.989057 -3.350106  -1.523631 1.324497 0.112403
25  0.000163 6.589463 0.000171  0.206354 -0.002129 -0.080395
26  0.000043 7.491412 0.000043  -0.333511 0.184454 -0.191167
27  0.000024 7.660307 -0.000054  -0.063176 0.127195 -0.062118
28  0.000005 7.256271 0.000018  -0.052940 -0.487829 0.313814
29  -0.791160 2.265115 -1.234655  -0.753900 1.136377 0.824675
30  -0.000255 8.572268 -0.000089  -0.222844 -0.296789 0.176503
31  -0.000096 8.117208 0.000048  0.072258 0.772520 -0.285585
32  -0.000080 8.230029 -0.000070  -0.080491 -0.347232 0.072252
33  0.000058 7.366728 0.000055  -0.015394 -0.663892 0.062742
34  0.224217 0.240125 -3.218157  -0.877385 1.468888 0.577826
35  -0.000101 7.721055 -0.000310  -0.283827 0.060498 -0.167555
36  -0.000030 7.374855 -0.000002  0.007536 -0.195022 0.049539
37  0.000074 6.848096 0.000005  0.005485 0.006496 -0.033649
38  -0.000052 7.777866 0.000008  -0.186096 0.182474 -0.152847
39  -1.514462 2.104648 -1.150167  -0.029092 0.541319 1.555680
40  -0.000167 6.982345 -0.000077  -0.199699 -0.041212 0.153489
41  0.000040 8.382868 -0.000073  0.044866 0.587986 -0.257961
42  0.000017 8.697698 -0.000023  -0.102637 -0.474318 0.290943
43  0.000057 8.921799 -0.000003  -0.076258 0.581005 -0.195604
44  1.196195 2.899155 -2.353086  -0.449719 1.030105 1.287431
45  0.000109 5.476938 0.000005  0.285574 -0.099353 -0.038445
46  -0.000076 6.060440 -0.000091  -0.155019 -0.575032 0.384607
47  0.000021 5.994268 0.000028  0.033941 0.288574 -0.067729
48  -0.000008 6.100486 -0.000000  -0.068405 0.299273 -0.162154
49  0.000034 6.916758 0.000008  -0.096318 0.220533 -0.107964
50  0.000150 6.435060 -0.000048  -0.037458 0.171630 -0.116574
51  1.092799 3.649510 -1.738794  -0.148600 0.876612 1.445020
52  -0.000129 6.792197 -0.000102  0.008285 0.107792 -0.048643
53  -0.000087 7.744776 -0.000031  0.057137 -0.256893 0.015458
54  0.000084 9.115024 -0.000037  -0.020393 0.256253 -0.142636
55  3.494517 -1.749103 3.007063  0.118402 1.106974 1.813814
56  0.000016 4.323833 0.000085  -0.229908 -0.770942 0.449223
57  0.000029 4.872900 -0.000023  0.367242 -0.664052 -0.254033
58  0.000005 5.056651 0.000091  -0.511233 0.856588 -0.546320
59  2.292469 1.708612 3.661674  -1.762559 1.789110 -0.218970
60  -0.000174 6.589438 0.000275  -0.007131 -0.169122 0.176911
61  0.000174 7.491499 -0.000150  -0.132416 -0.107097 0.179326
62  -0.000138 8.249659 0.000141  0.041912 -0.058209 0.015814
63  0.000074 8.605236 -0.000028  0.101585 0.501824 -0.079697
64  -0.240486 2.066070 2.349267  -0.357331 2.461714 1.296085
65  -0.000087 7.721098 -0.000003  -0.208229 -0.126223 -0.116495
66  -0.000123 7.374872 -0.000046  -0.111018 0.046939 -0.046462
67  -0.000037 6.848059 -0.000027  0.273532 0.247522 0.299906
68  0.000034 7.777829 -0.000044  0.072921 0.186148 -0.052688
69  -0.000086 8.178055 0.000012  -0.087029 -0.422849 -0.381358
70  1.617607 3.431409 2.399265  -0.249455 2.569515 1.508574
71  -0.000164 5.476935 -0.000029  0.057729 0.074072 0.060285
72  -0.000092 6.060497 -0.000007  -0.015204 0.015650 -0.152066
73  0.000029 5.994248 0.000012  -0.126212 -0.157657 0.153302
74  -0.000080 7.076870 -0.000047  -0.008118 0.010385 0.036402
75  0.000002 7.089868 -0.000070  0.070875 0.098587 -0.025893
76  0.361111 0.886680 3.287745  -0.576374 1.978709 0.939014
77  -0.000066 6.686644 0.000219  -0.146568 0.414164 -0.327706
78  -0.000014 7.638012 0.000013  -0.079523 -0.025948 0.130956
79  -0.000030 7.290234 -0.000021  0.025325 -0.093908 0.023962
80  -0.000034 6.530365 0.000005  -0.261847 -0.300600 0.006736
81  0.000064 7.224876 0.000009  0.036505 0.032481 -0.175824
82  1.071897 3.225795 1.570115  -0.043806 2.859975 1.526250
83  0.000415 6.748899 -0.000065  -0.062702 0.083784 0.022201
84  -0.000050 8.002646 0.000028  -0.067496 -0.117209 -0.115600
85  0.000010 8.580578 -0.000097  0.088213 -0.007188 0.334606
86  0.000168 8.689833 -0.000041  0.065326 -0.412430 -0.134517
87  -1.514534 2.104636 0.318056  -0.024895 3.094490 1.569497
88  0.000192 6.982291 0.000011  -0.107588 -0.057624 -0.215718
89  -0.000011 8.382873 -0.000067  0.135031 -0.099914 0.287074
90  -0.000066 8.697668 0.000024  -0.148089 -0.510100 0.044837
91  -0.000134 8.921822 0.000081  -0.236827 -0.892635 0.098805
92  3.553620 -3.478046 2.409276  0.000819 0.762046 1.535312
93  0.000002 4.476896 -0.000004  -0.151003 -0.588331 0.377259
94  0.000029 4.514126 -0.000025  -0.228866 -2.996200 0.592370
95  0.000043 4.518384 -0.000022  0.143172 2.612778 0.693386
96  0.000023 3.598330 0.000024  -0.749303 0.869852 -0.773233
97  4.209922 -0.440343 1.018823  -0.874150 -1.939479 -0.837934
98  4.265505 1.434227 -0.404990  -2.652080 -1.140568 0.744015
99  9.400235 0.017940 0.083200  0.108206 -0.039770 -1.916699
100  10.242418 0.033591 0.064481  2.958671 0.058687 -0.514293
101  3.465857 -0.059680 0.016690  -0.030122 -0.061114 -0.341125
102  1.655599 -0.000022 0.000023  0.005029 -0.095469 -0.422751
103  0.960770 -0.000001 -0.000011  0.006916 -0.036083 -0.419073
104  3.462030 -0.064247 0.939904  0.304663 -0.083088 -0.023818
105  1.497176 -0.000009 0.000022  -0.486748 -0.054220 -0.152786
106  0.793758 0.000003 0.000006  -0.007666 0.023144 -0.475903
107  0.591663 -0.460693 0.835204  -0.858828 -0.570090 -0.603414
108  1.556142 -0.000000 0.000002  -0.165661 0.135698 0.476389
109  1.135903 0.000015 0.000009  0.149206 0.054702 0.627921
110  3.084269 -0.668822 -1.257085  -0.720768 0.145441 -0.432834
111  1.064204 -0.000002 0.000008  -0.019351 0.106289 -0.899290
112  0.640339 0.000004 -0.000012  -0.003431 0.038421 -0.623420
113  3.396823 -0.242139 -0.708689  -0.404031 -0.075974 -0.621403
114  1.532970 0.000009 0.000003  0.010680 -0.005519 -0.486436
115  0.832973 0.000001 -0.000009  0.002214 0.007761 -0.464619
116  4.209945 -0.440343 -1.019280  1.110057 1.876191 -0.622154
117  4.266745 1.424939 0.424938  2.525888 0.715594 0.104786
118  9.398565 0.011947 -0.082514  -0.109094 0.045455 -1.861896
119  10.242443 0.028175 -0.062907  -0.893827 0.165968 0.336242
120  3.465744 -0.067526 0.002270  -0.098940 0.213847 -1.644988
121  1.655561 0.000006 0.000001  -0.146746 0.180364 -1.068939
122  0.960908 0.000003 0.000003  0.010670 0.148242 -0.732394
123  3.466847 -0.077780 -0.920908  -0.344613 0.135885 -1.714715
124  1.497257 -0.000035 -0.000023  -0.560175 0.307185 -0.963201
125  0.793785 -0.000001 -0.000003  -0.170635 0.326395 -0.673286
126  0.595075 -0.467150 -0.829176  2.641232 0.813709 -0.557114
127  1.555677 0.000019 -0.000004  0.722540 0.532173 1.286067
128  1.136812 -0.000015 0.000000  0.328774 0.331417 0.814437
129  3.075968 -0.667966 1.277704  0.650408 0.202640 -1.054330
130  1.064592 0.000019 0.000010  0.035545 -0.122298 -0.934273
131  0.640362 -0.000014 -0.000004  -0.109084 -0.030919 -0.547190
132  3.392405 -0.245369 0.728378  0.186033 0.261855 -1.511736
133  1.532738 -0.000010 0.000003  0.006508 0.017960 -0.855167
134  0.833149 0.000010 -0.000001  -0.077443 -0.076333 -1.133530
135  3.590109 -3.090294 1.193971  1.635457 1.210566 1.548541
136  3.589560 -3.089881 -1.196373  -1.505736 1.210473 -1.592853
137  -0.436564 4.719027 -0.001077  -0.000354 -1.570733 1.692852
138  0.000002 2.775455 -0.000235  -0.135089 0.000001 -0.000000
139  -0.000000 3.189771 0.000004  0.207820 0.000000 0.000000
140  -0.000000 3.504654 0.000042  -0.261876 0.000000 -0.000000
141  0.000001 2.863200 0.000000  -0.051268 -0.000000 0.000000
time 20
0  1.081369 2.029027 29.131222  1.570862 0.000000 -0.000000
1  0.002636 43.025146 0.734438  -0.298979 -0.247135 0.091561
2  3.061858 -4.181012 -0.610802  -1.808654 -0.840174 -1.228709
3  18.476774 0.000157 0.000001  -0.035296 -0.103600 1.458323
4  17.490093 0.000115 0.000003  0.156434 0.262213 -1.365054
5  -3.065329 -4.183578 -0.611479  -1.794556 0.069907 -2.213105
6  18.474855 -0.000034 -0.000006  0.017956 0.089043 1.181630
7  17.489582 0.001916 -0.000006  0.164370 -0.121017 -1.629804
8  -0.000117 -0.048885 -0.576225  1.721743 0.144455 1.595181
9  3.224478 0.767046 0.000495  0.215811 0.003326 0.464225
10  3.223905 0.226399 -0.001944  0.237769 0.056670 0.547880
11  5.187325 -1.262561 -0.001177  0.000012 0.000066 0.194111
12  6.928404 -1.935313 -0.000226  3.099367 0.086128 0.230188
13  3.236369 1.079613 0.000057  -0.313649 0.084698 0.435625
14  0.833763 3.805353 0.692955  -0.040491 0.554884 1.469874
15  0.000039 6.792205 0.000036  0.007989 0.036071 -0.011406
16  -0.000067 7.744821 0.000015  -0.017441 -0.155305 0.068150
17  0.000072 7.809707 0.000019  -0.033637 0.005026 0.006143
18  -0.000024 7.867673 0.000016  -0.073329 -0.127910 0.026376
19  3.494696 -1.749097 -3.006912  0.152547 2.070419 1.936949
20  0.000119 4.478318 0.000018  -0.194662 0.310431 -0.234994
21  0.000048 4.636117 -0.000030  0.035828 0.324592 -0.151762
22  -0.000042 5.008653 0.000014  0.075992 -0.286564 0.276090
23  0.000064 4.781163 0.000010  0.904387 -2.690904 -0.015796
24  2.253039 1.989059 -3.350106  -1.523631 1.324497 0.112403
25  0.000164 6.589461 0.000175  0.206354 -0.002129 -0.080395
26  0.000042 7.491414 0.000044  -0.333511 0.184454 -0.191167
27  0.000025 7.660299 -0.000059  -0.063176 0.127194 -0.062118
28  0.000008 7.256269 0.000019  -0.052940 -0.487829 0.313814
29  -0.791160 2.265118 -1.234655  -0.753900 1.136377 0.824675
30  -0.000261 8.572259 -0.000091  -0.222844 -0.296789 0.176503
31  -0.000092 8.117210 0.000051  0.072257 0.772520 -0.285586
32  -0.000086 8.230032 -0.000069  -0.080491 -0.347232 0.072252
33  0.000061 7.366723 0.000053  -0.015394 -0.663892 0.062741
34  0.224218 0.240129 -3.218158  -0.877385 1.468888 0.577826
35  -0.000100 7.721051 -0.000310  -0.283827 0.060498 -0.167555
36  -0.000032 7.374853 -0.000003  0.007536 -0.195022 0.049539
37  0.000076 6.848102 0.000009  0.005485 0.006496 -0.033649
38  -0.000051 7.777864 0.000008  -0.186096 0.182474 -0.152847
39  -1.514464 2.104649 -1.150167  -0.029092 0.541319 1.555680
40  -0.000166 6.982347 -0.000075  -0.199699 -0.041212 0.153489
41  0.000040 8.382861 -0.000072  0.044866 0.587986 -0.257961
42  0.000011 8.697708 -0.000026  -0.102637 -0.474318 0.290943
43  0.000056 8.921806 -0.000002  -0.076258 0.581005 -0.195604
44  1.196192 2.899153 -2.353086  -0.449719 1.030105 1.287431
45  0.000106 5.476946 0.000007  0.285574 -0.099353 -0.038445
46  -0.000072 6.060442 -0.000091  -0.155019 -0.575032 0.384607
47  0.000016 5.994259 0.000030  0.033941 0.288574 -0.067729
48  -0.000005 6.100487 0.000003  -0.068405 0.299273 -0.162154
49  0.000034 6.916764 0.000010  -0.096318 0.220533 -0.107964
50  0.000150 6.435059 -0.000046  -0.037458 0.171630 -0.116574
51  1.092795 3.649515 -1.738794  -0.148600 0.876612 1.445020
52  -0.000128 6.792205 -0.000103  0.008285 0.107792 -0.048643
53  -0.000088 7.744771 -0.000032  0.057137 -0.256893 0.015458
54  0.000085 9.115019 -0.000036  -0.020393 0.256253 -0.142636
55  3.494515 -1.749103 3.007064  0.118402 1.106974 1.813814
56  0.000014 4.323838 0.000085  -0.229908 -0.770942 0.449223
57  0.000030 4.872890 -0.000020  0.367242 -0.664052 -0.254033
58  0.000004 5.056648 0.000091  -0.511233 0.856588 -0.546320
59  2.292461 1.708613 3.661675  -1.762559 1.789110 -0.218970
60  -0.000173 6.589436 0.000274  -0.007131 -0.169122 0.176911
61  0.000172 7.491494 -0.000148  -0.132416 -0.107097 0.179326
62  -0.000139 8.249654 0.000146  0.041912 -0.058209 0.015814
63  0.000070 8.605236 -0.000031  0.101585 0.501824 -0.079697
64  -0.240486 2.066072 2.349267  -0.357331 2.461714 1.296084
65  -0.000091 7.721104 -0.000003  -0.208229 -0.126223 -0.116495
66  -0.000126 7.374861 -0.000046  -0.111018 0.046939 -0.046462
67  -0.000036 6.848066 -0.000026  0.273532 0.247522 0.299906
68  0.000032 7.777822 -0.000043  0.072921 0.186147 -0.052688
69  -0.000087 8.178051 0.000012  -0.087029 -0.422849 -0.381358
70  1.617608 3.431410 2.399265  -0.249455 2.569515 1.508574
71  -0.000165 5.476941 -0.000029  0.057729 0.074072 0.060285
72  -0.000091 6.060498 -0.000006  -0.015204 0.015650 -0.152066
73  0.000027 5.994248 0.000011  -0.126212 -0.157657 0.153302
74  -0.000076 7.076876 -0.000046  -0.008118 0.010385 0.036402
75  0.000003 7.089872 -0.000071  0.070875 0.098587 -0.025893
76  0.361110 0.886681 3.287747  -0.576374 1.978709 0.939014
77  -0.000069 6.686641 0.000220  -0.146568 0.414164 -0.327706
78  -0.000008 7.638019 0.000015  -0.079523 -0.025948 0.130956
79  -0.000032 7.290231 -0.000020  0.025325 -0.093908 0.023962
80  -0.000032 6.530373 0.000002  -0.261847 -0.300600 0.006736
81  0.000064 7.224881 0.000009  0.036505 0.032481 -0.175824
82  1.071895 3.225794 1.570115  -0.043806 2.859975 1.526250
83  0.000412 6.748899 -0.000066  -0.062702 0.083784 0.022201
84  -0.000044 8.002648 0.000027  -0.067496 -0.117209 -0.115600
85  0.000013 8.580574 -0.000098  0.088213 -0.007188 0.334606
86  0.000174 8.689830 -0.000042  0.065326 -0.412430 -0.134517
87  -1.514532 2.104640 0.318055  -0.024895 3.094490 1.569497
88  0.000188 6.982282 0.000012  -0.107588 -0.057624 -0.215718
89  -0.000006 8.382870 -0.000067  0.135031 -0.099914 0.287074
90  -0.000061 8.697669 0.000024  -0.148089 -0.510100 0.044837
91  -0.000136 8.921822 0.000080  -0.236827 -0.892635 0.098805
92  3.553612 -3.478047 2.409277  0.000819 0.762046 1.535312
93  0.000001 4.476900 -0.000009  -0.151002 -0.588331 0.377259
94  0.000035 4.514120 -0.000023  -0.228866 -2.996200 0.592370
95  0.000039 4.518391 -0.000024  0.143172 2.612778 0.693386
96  0.000019 3.598331 0.000022  -0.749303 0.869852 -0.773233
97  4.209914 -0.440346 1.018825  -1.030178 -2.015664 -0.670735
98  4.265505 1.434222 -0.404995  -2.424403 -1.209388 0.604264
99  9.400234 0.017941 0.083197  0.107617 -0.040526 -1.904056
100  10.242414 0.033592 0.064483  3.097977 0.089984 -0.546607
101  3.465854 -0.059678 0.016698  -0.030681 -0.057028 -0.328708
102  1.655596 -0.000022 0.000019  0.001813 -0.091894 -0.403079
103  0.960772 -0.000001 -0.000007  0.005494 -0.033012 -0.401352
104  3.462029 -0.064245 0.939907  0.302201 -0.089774 -0.017007
105  1.497179 -0.000008 0.000025  -0.487552 -0.048133 -0.136460
106  0.793760 0.000003 0.000002  -0.006863 0.021710 -0.460529
107  0.591662 -0.460691 0.835209  -0.863185 -0.574778 -0.604061
108  1.556138 0.000008 -0.000001  -0.167089 0.129962 0.463910
109  1.135904 0.000019 0.000004  0.146370 0.051807 0.611182
110  3.084270 -0.668820 -1.257082  -0.722181 0.157787 -0.425468
111  1.064200 0.000000 0.000001  -0.017520 0.104748 -0.877474
112  0.640338 -0.000002 -0.000007  -0.002192 0.035937 -0.591311
113  3.396823 -0.242138 -0.708687  -0.408448 -0.069254 -0.610363
114  1.532967 0.000008 0.000004  0.010363 -0.005287 -0.462976
115  0.832976 0.000003 -0.000000  0.002308 0.008032 -0.455794
116  4.209934 -0.440344 -1.019279  1.003982 1.888515 -0.723150
117  4.266744 1.424943 0.424936  2.278980 0.683198 0.037439
118  9.398566 0.011950 -0.082519  -0.108026 0.046627 -1.841472
119  10.242442 0.028175 -0.062907  -0.640864 0.155287 0.154818
120  3.465750 -0.067525 0.002267  -0.098199 0.213567 -1.641580
121  1.655559 0.000007 0.000011  -0.146186 0.180242 -1.065454
122  0.960907 0.000003 0.000004  0.011267 0.147563 -0.728914
123  3.466855 -0.077780 -0.920906  -0.344603 0.135371 -1.708613
124  1.497259 -0.000034 -0.000021  -0.558915 0.306120 -0.958946
125  0.793789 -0.000005 0.000001  -0.168794 0.324002 -0.669761
126  0.595078 -0.467151 -0.829178  2.641139 0.813727 -0.557252
127  1.555675 0.000016 -0.000004  0.721464 0.531697 1.284310
128  1.136812 -0.000008 0.000002  0.327608 0.330662 0.813071
129  3.075975 -0.667968 1.277700  0.650399 0.202662 -1.054399
130  1.064593 0.000018 0.000019  0.035713 -0.122386 -0.936026
131  0.640362 -0.000015 -0.000006  -0.109094 -0.031223 -0.548903
132  3.392411 -0.245370 0.728376  0.186458 0.261518 -1.510144
133  1.532737 -0.000010 0.000002  0.006508 0.017961 -0.855234
134  0.833150 0.000008 0.000011  -0.077443 -0.076338 -1.133599
135  3.590116 -3.090297 1.193973  1.635456 1.210566 1.548541
136  3.589567 -3.089880 -1.196371  -1.505736 1.210473 -1.592853
137  -0.436554 4.719025 -0.001076  -0.000632 -1.570733 1.692879
138  -0.000001 2.775459 -0.000235  -0.135089 0.000001 -0.000000
139  0.000001 3.189771 0.000009  0.207820 -0.000000 0.000000
140  0.000001 3.504653 0.000048  -0.261876 -0.000000 -0.000000
141  0.000001 2.863198 -0.000002  -0.051268 -0.000000 -0.000000
time 21
0  0.540148 2.708457 28.529942  1.570862 0.000000 -0.000000
1  0.002636 43.025146 0.734438  -0.147285 -0.071464 -0.015043
2  3.061857 -4.181009 -0.610803  -1.861445 -1.072154 -1.086327
3  18.476772 0.000154 -0.000001  -0.026657 -0.097326 1.327555
4  17.490089 0.000116 0.000003  0.178803 0.339410 -1.167501
5  -3.065330 -4.183577 -0.611480  -1.641237 -0.034591 -2.005500
6  18.474857 -0.000034 -0.000008  0.027389 0.098024 1.341231
7  17.489586 0.001917 -0.000006  0.104327 -0.053845 -1.843096
8  -0.000117 -0.048882 -0.576226  1.603373 0.170557 1.562914
9  3.224481 0.767048 0.000495  0.174740 0.058712 0.467734
10  3.223910 0.226400 -0.001944  0.208731 0.105880 0.536479
11  5.187324 -1.262560 -0.001177  0.000012 0.000066 0.194111
12  6.928411 -1.935316 -0.000227  3.088413 0.030841 0.247755
13  3.236367 1.079617 0.000055  -0.266145 0.078942 0.500270
14  0.833762 3.805356 0.692956  -0.040491 0.554884 1.469874
15  0.000042 6.792204 0.000040  0.007989 0.036070 -0.011405
16  -0.000063 7.744824 0.000013  -0.017441 -0.155305 0.068150
17  0.000076 7.809697 0.000019  -0.033637 0.005026 0.006143
18  -0.000027 7.867673 0.000017  -0.073329 -0.127910 0.026375
19  3.494705 -1.749088 -3.006912  0.152548 2.070419 1.936949
20  0.000119 4.478320 0.000019  -0.194662 0.310432 -0.234994
21  0.000048 4.636119 -0.000029  0.035827 0.324592 -0.151763
22  -0.000042 5.008655 0.000011  0.075993 -0.286564 0.276090
23  0.000065 4.781163 0.000009  0.904387 -2.690904 -0.015796
24  2.253044 1.989065 -3.350106  -1.523631 1.324497 0.112403
25  0.000163 6.589461 0.000175  0.206354 -0.002129 -0.080395
26  0.000041 7.491414 0.000044  -0.333511 0.184454 -0.191167
27  0.000025 7.660306 -0.000056  -0.063176 0.127195 -0.062118
28  0.000007 7.256266 0.000018  -0.052940 -0.487829 0.313814
29  -0.791156 2.265124 -1.234655  -0.753900 1.136377 0.824675
30  -0.000258 8.572266 -0.000089  -0.222844 -0.296789 0.176503
31  -0.000092 8.117217 0.000047  0.072258 0.772520 -0.285585
32  -0.000084 8.230032 -0.000073  -0.080491 -0.347232 0.072252
33  0.000062 7.366719 0.000054  -0.015394 -0.663892 0.062741
34  0.224220 0.240132 -3.218157  -0.877385 1.468888 0.577826
35  -0.000101 7.721054 -0.000310  -0.283827 0.060498 -0.167555
36  -0.000030 7.374850 -0.000005  0.007536 -0.195022 0.049539
37  0.000076 6.848102 0.000006  0.005485 0.006496 -0.033649
38  -0.000050 7.777860 0.000011  -0.186096 0.182474 -0.152846
39  -1.514459 2.104653 -1.150167  -0.029092 0.541319 1.555680
40  -0.000166 6.982351 -0.000076  -0.199699 -0.041212 0.153489
41  0.000039 8.382856 -0.000072  0.044866 0.587986 -0.257961
42  0.000011 8.697704 -0.000026  -0.102637 -0.474318 0.290943
43  0.000056 8.921803 -0.000005  -0.076258 0.581005 -0.195604
44  1.196194 2.899159 -2.353086  -0.449719 1.030105 1.287431
45  0.000105 5.476942 0.000007  0.285574 -0.099353 -0.038445
46  -0.000074 6.060438 -0.000091  -0.155019 -0.575032 0.384607
47  0.000019 5.994264 0.000030  0.033941 0.288575 -0.067729
48  -0.000009 6.100483 0.000002  -0.068405 0.299273 -0.162154
49  0.000036 6.916761 0.000009  -0.096318 0.220533 -0.107964
50  0.000148 6.435060 -0.000045  -0.037458 0.171630 -0.116574
51  1.092796 3.649513 -1.738794  -0.148600 0.876612 1.445020
52  -0.000127 6.792196 -0.000101  0.008285 0.107792 -0.048643
53  -0.000084 7.744774 -0.000035  0.057137 -0.256893 0.015458
54  0.000082 9.115034 -0.000040  -0.020393 0.256253 -0.142636
55  3.494524 -1.749098 3.007064  0.118402 1.106974 1.813814
56  0.000015 4.323835 0.000085  -0.229908 -0.770942 0.449223
57  0.000028 4.872901 -0.000021  0.367242 -0.664052 -0.254033
58  0.000005 5.056649 0.000092  -0.511233 0.856588 -0.546320
59  2.292468 1.708616 3.661675  -1.762559 1.789110 -0.218970
60  -0.000174 6.589440 0.000280  -0.007131 -0.169122 0.176911
61  0.000176 7.491494 -0.000150  -0.132416 -0.107097 0.179326
62  -0.000139 8.249662 0.000145  0.041912 -0.058209 0.015814
63  0.000074 8.605237 -0.000031  0.101585 0.501824 -0.079697
64  -0.240482 2.066075 2.349267  -0.357331 2.461714 1.296084
65  -0.000090 7.721097 -0.000003  -0.208229 -0.126223 -0.116495
66  -0.000119 7.374866 -0.000046  -0.111018 0.046939 -0.046462
67  -0.000034 6.848070 -0.000026  0.273532 0.247522 0.299906
68  0.000036 7.777827 -0.000044  0.072921 0.186148 -0.052688
69  -0.000082 8.178051 0.000011  -0.087029 -0.422849 -0.381358
70  1.617610 3.431416 2.399265  -0.249455 2.569515 1.508574
71  -0.000163 5.476949 -0.000028  0.057729 0.074072 0.060285
72  -0.000093 6.060493 -0.000006  -0.015204 0.015650 -0.152066
73  0.000026 5.994251 0.000011  -0.126212 -0.157657 0.153302
74  -0.000082 7.076875 -0.000046  -0.008118 0.010385 0.036402
75  0.000009 7.089868 -0.000071  0.070875 0.098587 -0.025893
76  0.361112 0.886687 3.287746  -0.576374 1.978709 0.939014
77  -0.000067 6.686644 0.000225  -0.146568 0.414164 -0.327706
78  -0.000009 7.638024 0.000013  -0.079523 -0.025948 0.130956
79  -0.000031 7.290231 -0.000021  0.025325 -0.093908 0.023962
80  -0.000034 6.530364 0.000004  -0.261847 -0.300600 0.006736
81  0.000063 7.224878 0.000010  0.036505 0.032481 -0.175824
82  1.071899 3.225800 1.570115  -0.043806 2.859975 1.526250
83  0.000416 6.748897 -0.000067  -0.062702 0.083784 0.022201
84  -0.000046 8.002648 0.000027  -0.067496 -0.117209 -0.115600
85  0.000014 8.580569 -0.000096  0.088213 -0.007188 0.334606
86  0.000161 8.689829 -0.000041  0.065326 -0.412430 -0.134517
87  -1.514528 2.104643 0.318055  -0.024895 3.094490 1.569497
88  0.000193 6.982280 0.000012  -0.107588 -0.057624 -0.215718
89  -0.000010 8.382872 -0.000067  0.135031 -0.099914 0.287074
90  -0.000061 8.697671 0.000024  -0.148089 -0.510100 0.044837
91  -0.000134 8.921824 0.000080  -0.236827 -0.892635 0.098805
92  3.553618 -3.478043 2.409277  0.000819 0.762046 1.535312
93  -0.000004 4.476904 -0.000008  -0.151002 -0.588331 0.377259
94  0.000029 4.514122 -0.000022  -0.228866 -2.996200 0.592370
95  0.000044 4.518384 -0.000022  0.143172 2.612778 0.693386
96  0.000023 3.598331 0.000023  -0.749303 0.869852 -0.773233
97  4.209922 -0.440348 1.018824  -1.114418 -2.079577 -0.579248
98  4.265507 1.434229 -0.404994  -2.290388 -1.146896 0.416703
99  9.400234 0.017941 0.083202  0.110600 -0.036476 -1.970412
100  10.242420 0.033592 0.064478  2.767277 0.016326 -0.518176
101  3.465858 -0.059677 0.016690  -0.031734 -0.048794 -0.304220
102  1.655596 -0.000020 0.000026  -0.003741 -0.086603 -0.374342
103  0.960768 -0.000000 -0.000006  0.003368 -0.028774 -0.376528
104  3.462032 -0.064245 0.939907  0.296667 -0.102775 0.002112
105  1.497176 -0.000007 0.000022  -0.488582 -0.038850 -0.110952
106  0.793759 0.000005 0.000002  -0.005611 0.019564 -0.437504
107  0.591662 -0.460692 0.835204  -0.866781 -0.580634 -0.607363
108  1.556141 0.000002 0.000002  -0.168085 0.122834 0.449086
109  1.135905 0.000013 0.000002  0.142732 0.047842 0.588330
110  3.084268 -0.668820 -1.257084  -0.724839 0.182670 -0.410741
111  1.064202 -0.000000 0.000002  -0.015369 0.102736 -0.851283
112  0.640338 0.000001 -0.000007  -0.000415 0.032227 -0.544236
113  3.396824 -0.242136 -0.708691  -0.416894 -0.057211 -0.591711
114  1.532971 0.000005 0.000007  0.009930 -0.005017 -0.428065
115  0.832974 -0.000006 -0.000000  0.002571 0.008500 -0.444694
116  4.209942 -0.440348 -1.019279  0.897206 1.901870 -0.825081
117  4.266741 1.424944 0.424936  1.859903 0.747817 -0.064203
118  9.398562 0.011950 -0.082521  -0.106151 0.048573 -1.806666
119  10.242439 0.028175 -0.062907  -0.524971 0.215683 -0.045235
120  3.465755 -0.067527 0.002268  -0.097203 0.213250 -1.636849
121  1.655557 0.000007 0.000009  -0.145400 0.180119 -1.060593
122  0.960904 0.000012 0.000003  0.012099 0.146684 -0.724116
123  3.466862 -0.077778 -0.920907  -0.344509 0.134696 -1.699962
124  1.497257 -0.000039 -0.000024  -0.557148 0.304756 -0.953062
125  0.793787 -0.000009 -0.000000  -0.166186 0.320616 -0.664787
126  0.595085 -0.467150 -0.829175  2.641231 0.813742 -0.557215
127  1.555673 0.000014 -0.000004  0.719933 0.531046 1.281746
128  1.136811 -0.000001 -0.000004  0.326033 0.329532 0.811067
129  3.075978 -0.667965 1.277704  0.650390 0.202685 -1.054467
130  1.064600 0.000021 0.000013  0.035978 -0.122428 -0.938526
131  0.640363 -0.000014 -0.000000  -0.109014 -0.031661 -0.551313
132  3.392418 -0.245368 0.728378  0.187072 0.261033 -1.507756
133  1.532739 -0.000008 -0.000002  0.006507 0.017964 -0.855369
134  0.833152 0.000010 0.000003  -0.077441 -0.076344 -1.133737
135  3.590114 -3.090296 1.193972  1.635457 1.210566 1.548541
136  3.589559 -3.089880 -1.196372  -1.505736 1.210473 -1.592853
137  -0.436561 4.719026 -0.001076  -0.000472 -1.570733 1.693216
138  -0.000001 2.775454 -0.000237  -0.135089 0.000001 -0.000000
139  0.000001 3.189764 0.000005  0.207820 -0.000000 0.000000
140  -0.000000 3.504650 0.000051  -0.261876 0.000000 -0.000000
141  -0.000000 2.863201 -0.000000  -0.051268 -0.000000 0.000000
time 22
0  0.249154 2.786250 28.471067  1.570862 0.000000 -0.000000
1  0.002636 43.025146 0.734438  -0.022112 0.096728 -0.056265
2  3.061857 -4.181007 -0.610804  -1.875267 -1.229781 -1.059892
3  18.476776 0.000158 -0.000000  -0.016434 -0.087166 1.150904
4  17.490086 0.000115 0.000005  0.177129 0.358652 -0.995098
5  -3.065330 -4.183569 -0.611480  -1.531355 -0.204182 -1.877645
6  18.474859 -0.000034 -0.000009  0.036394 0.104364 1.476167
7  17.489584 0.001917 -0.000008  0.051092 -0.010558 -1.987343
8  -0.000117 -0.048871 -0.576226  1.493659 0.181305 1.530414
9  3.224482 0.767046 0.000495  0.120168 0.100535 0.443943
10  3.223909 0.226399 -0.001944  0.151509 0.134294 0.499856
11  5.187324 -1.262562 -0.001177  0.000012 0.000066 0.194111
12  6.928412 -1.935310 -0.000229  3.086683 -0.015327 0.290008
13  3.236365 1.079616 0.000057  -0.196955 0.063200 0.561120
14  0.833758 3.805346 0.692955  -0.040491 0.554884 1.469874
15  0.000039 6.792205 0.000036  0.007989 0.036070 -0.011405
16  -0.000071 7.744813 0.000015  -0.017441 -0.155305 0.068150
17  0.000073 7.809707 0.000018  -0.033637 0.005026 0.006143
18  -0.000024 7.867673 0.000018  -0.073329 -0.127910 0.026375
19  3.494703 -1.749096 -3.006912  0.152548 2.070419 1.936949
20  0.000120 4.478322 0.000016  -0.194662 0.310432 -0.234994
21  0.000049 4.636117 -0.000029  0.035827 0.324592 -0.151763
22  -0.000040 5.008653 0.000017  0.075993 -0.286564 0.276090
23  0.000062 4.781160 0.000010  0.904388 -2.690903 -0.015796
24  2.253044 1.989058 -3.350106  -1.523631 1.324497 0.112403
25  0.000163 6.589466 0.000171  0.206354 -0.002129 -0.080395
26  0.000040 7.491413 0.000041  -0.333511 0.184454 -0.191167
27  0.000024 7.660306 -0.000054  -0.063176 0.127195 -0.062118
28  0.000008 7.256269 0.000022  -0.052940 -0.487829 0.313814
29  -0.791160 2.265114 -1.234655  -0.753900 1.136377 0.824675
30  -0.000256 8.572262 -0.000091  -0.222844 -0.296789 0.176503
31  -0.000091 8.117210 0.000049  0.072258 0.772520 -0.285585
32  -0.000087 8.230036 -0.000071  -0.080491 -0.347232 0.072252
33  0.000059 7.366722 0.000053  -0.015394 -0.663892 0.062742
34  0.224216 0.240123 -3.218158  -0.877385 1.468888 0.577826
35  -0.000103 7.721056 -0.000307  -0.283827 0.060498 -0.167555
36  -0.000031 7.374860 -0.000006  0.007536 -0.195022 0.049539
37  0.000075 6.848099 0.000006  0.005485 0.006496 -0.033649
38  -0.000051 7.777861 0.000008  -0.186096 0.182474 -0.152846
39  -1.514467 2.104647 -1.150167  -0.029092 0.541319 1.555680
40  -0.000163 6.982352 -0.000075  -0.199699 -0.041212 0.153489
41  0.000038 8.382861 -0.000073  0.044866 0.587986 -0.257961
42  0.000012 8.697704 -0.000025  -0.102637 -0.474318 0.290943
43  0.000057 8.921801 -0.000003  -0.076258 0.581005 -0.195604
44  1.196190 2.899149 -2.353086  -0.449719 1.030105 1.287431
45  0.000105 5.476947 0.000008  0.285574 -0.099353 -0.038445
46  -0.000072 6.060432 -0.000092  -0.155019 -0.575032 0.384607
47  0.000020 5.994260 0.000031  0.033941 0.288574 -0.067729
48  -0.000008 6.100494 0.000001  -0.068405 0.299273 -0.162154
49  0.000034 6.916761 0.000008  -0.096318 0.220533 -0.107964
50  0.000148 6.435061 -0.000045  -0.037458 0.171630 -0.116574
51  1.092795 3.649511 -1.738794  -0.148600 0.876612 1.445020
52  -0.000133 6.792200 -0.000102  0.008285 0.107792 -0.048643
53  -0.000088 7.744779 -0.000031  0.057137 -0.256893 0.015458
54  0.000086 9.115022 -0.000038  -0.020393 0.256253 -0.142636
55  3.494519 -1.749103 3.007064  0.118402 1.106974 1.813814
56  0.000015 4.323836 0.000087  -0.229908 -0.770942 0.449223
57  0.000029 4.872892 -0.000020  0.367242 -0.664052 -0.254033
58  0.000005 5.056647 0.000093  -0.511233 0.856588 -0.546320
59  2.292464 1.708608 3.661675  -1.762559 1.789110 -0.218970
60  -0.000172 6.589440 0.000278  -0.007131 -0.169122 0.176911
61  0.000173 7.491498 -0.000147  -0.132416 -0.107097 0.179326
62  -0.000138 8.249660 0.000145  0.041912 -0.058209 0.015814
63  0.000072 8.605237 -0.000026  0.101585 0.501824 -0.079697
64  -0.240488 2.066068 2.349267  -0.357331 2.461714 1.296084
65  -0.000085 7.721101 -0.000003  -0.208229 -0.126223 -0.116495
66  -0.000120 7.374864 -0.000047  -0.111018 0.046939 -0.046462
67  -0.000035 6.848066 -0.000026  0.273532 0.247522 0.299906
68  0.000034 7.777826 -0.000043  0.072921 0.186148 -0.052688
69  -0.000083 8.178058 0.000012  -0.087029 -0.422849 -0.381358
70  1.617604 3.431408 2.399265  -0.249455 2.569515 1.508574
71  -0.000163 5.476948 -0.000027  0.057729 0.074072 0.060285
72  -0.000091 6.060494 -0.000006  -0.015204 0.015650 -0.152066
73  0.000026 5.994250 0.000012  -0.126212 -0.157657 0.153302
74  -0.000076 7.076881 -0.000046  -0.008118 0.010385 0.036402
75  0.000005 7.089864 -0.000069  0.070875 0.098587 -0.025893
76  0.361113 0.886681 3.287746  -0.576373 1.978709 0.939014
77  -0.000068 6.686639 0.000224  -0.146568 0.414164 -0.327706
78  -0.000007 7.638021 0.000012  -0.079523 -0.025948 0.130956
79  -0.000027 7.290231 -0.000020  0.025325 -0.093908 0.023962
80  -0.000032 6.530368 0.000006  -0.261847 -0.300600 0.006736
81  0.000065 7.224881 0.000007  0.036505 0.032481 -0.175824
82  1.071899 3.225795 1.570115  -0.043806 2.859975 1.526250
83  0.000412 6.748906 -0.000066  -0.062702 0.083784 0.022201
84  -0.000042 8.002645 0.000027  -0.067496 -0.117209 -0.115600
85  0.000012 8.580572 -0.000098  0.088213 -0.007188 0.334606
86  0.000168 8.689831 -0.000041  0.065326 -0.412430 -0.134517
87  -1.514536 2.104638 0.318055  -0.024895 3.094490 1.569497
88  0.000196 6.982286 0.000011  -0.107588 -0.057624 -0.215718
89  -0.000011 8.382869 -0.000067  0.135031 -0.099914 0.287074
90  -0.000064 8.697669 0.000024  -0.148089 -0.510100 0.044837
91  -0.000134 8.921820 0.000081  -0.236827 -0.892635 0.098805
92  3.553615 -3.478049 2.409277  0.000819 0.762046 1.535312
93  -0.000002 4.476905 -0.000008  -0.151003 -0.588331 0.377258
94  0.000029 4.514122 -0.000022  -0.228866 -2.996200 0.592370
95  0.000046 4.518384 -0.000021  0.143172 2.612778 0.693386
96  0.000024 3.598323 0.000025  -0.749303 0.869852 -0.773233
97  4.209924 -0.440347 1.018823  -1.150640 -2.091277 -0.544349
98  4.265507 1.434237 -0.404995  -2.251883 -1.030464 0.301968
99  9.400232 0.017937 0.083198  0.113439 -0.032016 -2.040142
100  10.242421 0.033593 0.064481  2.375041 -0.063307 -0.417784
101  3.465859 -0.059677 0.016691  -0.032600 -0.039575 -0.276772
102  1.655595 -0.000021 0.000026  -0.010024 -0.079548 -0.338494
103  0.960770 -0.000009 -0.000009  0.000849 -0.023196 -0.344937
104  3.462030 -0.064243 0.939907  0.290697 -0.117387 0.021568
105  1.497180 -0.000007 0.000026  -0.489541 -0.027439 -0.079868
106  0.793762 -0.000006 0.000000  -0.004181 0.016894 -0.408945
107  0.591664 -0.460691 0.835207  -0.872805 -0.588301 -0.610251
108  1.556138 0.000010 0.000002  -0.169612 0.113283 0.428829
109  1.135905 0.000018 0.000005  0.138084 0.042616 0.558971
110  3.084270 -0.668822 -1.257085  -0.727376 0.210418 -0.394277
111  1.064204 -0.000008 0.000004  -0.012526 0.100009 -0.815666
112  0.640339 0.000007 -0.000010  0.001548 0.027466 -0.485459
113  3.396825 -0.242136 -0.708690  -0.426018 -0.042914 -0.569903
114  1.532967 0.000010 0.000006  0.009358 -0.004565 -0.384696
115  0.832974 -0.000001 -0.000002  0.002813 0.008980 -0.429906
116  4.209944 -0.440343 -1.019280  0.820739 1.916771 -0.897385
117  4.266747 1.424942 0.424932  1.303960 0.861515 -0.392789
118  9.398569 0.011949 -0.082521  -0.105526 0.049192 -1.795338
119  10.242437 0.028177 -0.062909  -0.525705 0.510111 -0.025952
120  3.465748 -0.067529 0.002268  -0.097198 0.213225 -1.637097
121  1.655561 0.000004 0.000006  -0.145482 0.180096 -1.060814
122  0.960907 0.000002 0.000001  0.012071 0.146718 -0.724313
123  3.466857 -0.077783 -0.920912  -0.344549 0.134710 -1.700305
124  1.497258 -0.000032 -0.000023  -0.557215 0.304808 -0.953283
125  0.793788 -0.000005 0.000001  -0.166244 0.320690 -0.664895
126  0.595083 -0.467154 -0.829177  2.641229 0.813775 -0.557316
127  1.555675 0.000015 -0.000004  0.720147 0.531142 1.282096
128  1.136812 -0.000009 -0.000000  0.326173 0.329628 0.811226
129  3.075975 -0.667969 1.277701  0.650347 0.202780 -1.054587
130  1.064593 0.000018 0.000010  0.035998 -0.122438 -0.938729
131  0.640368 -0.000013 -0.000004  -0.109070 -0.031696 -0.551439
132  3.392412 -0.245370 0.728377  0.186983 0.261021 -1.508000
133  1.532737 -0.000010 -0.000001  0.006503 0.017969 -0.855571
134  0.833149 0.000008 0.000010  -0.077435 -0.076353 -1.133944
135  3.590112 -3.090294 1.193972  1.635457 1.210566 1.548541
136  3.589558 -3.089880 -1.196373  -1.505736 1.210473 -1.592853
137  -0.436559 4.719027 -0.001076  -0.000355 -1.570733 1.692792
138  -0.000000 2.775456 -0.000237  -0.135089 0.000001 -0.000000
139  0.000001 3.189774 0.000006  0.207820 -0.000000 0.000000
140  -0.000001 3.504652 0.000043  -0.261876 0.000000 -0.000000
141  0.000002 2.863199 -0.000003  -0.051268 -0.000000 -0.000000
time 23
0  0.108809 2.219095 29.204857  1.570862 0.000000 -0.000000
1  0.002636 43.025146 0.734438  0.001168 0.133457 -0.028156
2  3.061858 -4.181014 -0.610804  -1.794595 -1.201930 -1.152165
3  18.476772 0.000156 -0.000001  -0.011183 -0.080209 1.044215
4  17.490088 0.000118 0.000003  0.127301 0.339206 -0.955109
5  -3.065329 -4.183578 -0.611480  -1.502486 -0.229526 -1.887509
6  18.474852 -0.000035 -0.000006  0.035325 0.103704 1.460782
7  17.489584 0.001913 -0.000008  0.072526 -0.015862 -1.998684
8  -0.000117 -0.048885 -0.576226  1.496997 0.166752 1.540068
9  3.224484 0.767047 0.000496  0.092576 0.075261 0.395403
10  3.223913 0.226399 -0.001944  0.126775 0.099762 0.443717
11  5.187316 -1.262560 -0.001178  0.000012 0.000066 0.194111
12  6.928409 -1.935311 -0.000228  3.099326 -0.002443 0.369555
13  3.236365 1.079614 0.000056  -0.205952 0.031499 0.602045
14  0.833751 3.805348 0.692956  -0.040491 0.554884 1.469874
15  0.000041 6.792211 0.000039  0.007989 0.036070 -0.011405
16  -0.000066 7.744820 0.000017  -0.017441 -0.155305 0.068150
17  0.000074 7.809702 0.000018  -0.033637 0.005026 0.006143
18  -0.000026 7.867674 0.000017  -0.073329 -0.127910 0.026376
19  3.494693 -1.749096 -3.006912  0.152548 2.070419 1.936949
20  0.000119 4.478323 0.000018  -0.194662 0.310432 -0.234994
21  0.000047 4.636114 -0.000030  0.035827 0.324593 -0.151763
22  -0.000042 5.008647 0.000011  0.075993 -0.286565 0.276090
23  0.000065 4.781168 0.000006  0.904388 -2.690903 -0.015796
24  2.253035 1.989059 -3.350106  -1.523631 1.324497 0.112403
25  0.000161 6.589470 0.000170  0.206354 -0.002129 -0.080395
26  0.000041 7.491412 0.000046  -0.333511 0.184454 -0.191167
27  0.000024 7.660305 -0.000057  -0.063176 0.127195 -0.062118
28  0.000007 7.256268 0.000021  -0.052940 -0.487829 0.313814
29  -0.791166 2.265116 -1.234655  -0.753900 1.136377 0.824675
30  -0.000257 8.572263 -0.000091  -0.222844 -0.296789 0.176503
31  -0.000095 8.117211 0.000049  0.072258 0.772520 -0.285585
32  -0.000082 8.230034 -0.000068  -0.080491 -0.347232 0.072252
33  0.000059 7.366724 0.000054  -0.015394 -0.663892 0.062742
34  0.224209 0.240122 -3.218158  -0.877385 1.468888 0.577826
35  -0.000102 7.721050 -0.000305  -0.283827 0.060498 -0.167555
36  -0.000031 7.374853 -0.000002  0.007536 -0.195022 0.049539
37  0.000077 6.848105 0.000006  0.005485 0.006496 -0.033649
38  -0.000050 7.777862 0.000012  -0.186096 0.182474 -0.152846
39  -1.514473 2.104648 -1.150167  -0.029092 0.541319 1.555680
40  -0.000164 6.982343 -0.000077  -0.199699 -0.041212 0.153489
41  0.000040 8.382856 -0.000071  0.044866 0.587986 -0.257961
42  0.000012 8.697706 -0.000025  -0.102637 -0.474318 0.290943
43  0.000057 8.921804 -0.000002  -0.076258 0.581005 -0.195604
44  1.196185 2.899153 -2.353086  -0.449719 1.030105 1.287431
45  0.000106 5.476941 0.000007  0.285574 -0.099353 -0.038445
46  -0.000072 6.060434 -0.000087  -0.155020 -0.575032 0.384607
47  0.000019 5.994256 0.000029  0.033941 0.288575 -0.067729
48  -0.000008 6.100485 0.000003  -0.068405 0.299273 -0.162154
49  0.000035 6.916757 0.000010  -0.096318 0.220533 -0.107964
50  0.000151 6.435060 -0.000047  -0.037458 0.171630 -0.116574
51  1.092786 3.649509 -1.738794  -0.148600 0.876612 1.445020
52  -0.000128 6.792197 -0.000101  0.008284 0.107792 -0.048643
53  -0.000087 7.744779 -0.000030  0.057137 -0.256893 0.015458
54  0.000089 9.115027 -0.000040  -0.020393 0.256253 -0.142636
55  3.494510 -1.749105 3.007064  0.118402 1.106974 1.813814
56  0.000015 4.323830 0.000087  -0.229908 -0.770942 0.449223
57  0.000030 4.872896 -0.000020  0.367242 -0.664052 -0.254033
58  0.000004 5.056650 0.000089  -0.511233 0.856588 -0.546320
59  2.292458 1.708611 3.661676  -1.762559 1.789110 -0.218970
60  -0.000172 6.589440 0.000273  -0.007130 -0.169122 0.176911
61  0.000174 7.491494 -0.000145  -0.132416 -0.107097 0.179326
62  -0.000138 8.249663 0.000145  0.041912 -0.058209 0.015814
63  0.000076 8.605234 -0.000025  0.101585 0.501824 -0.079697
64  -0.240494 2.066069 2.349268  -0.357331 2.461714 1.296085
65  -0.000084 7.721100 -0.000000  -0.208229 -0.126223 -0.116495
66  -0.000121 7.374868 -0.000048  -0.111018 0.046939 -0.046462
67  -0.000033 6.848058 -0.000026  0.273532 0.247522 0.299906
68  0.000033 7.777824 -0.000043  0.072921 0.186147 -0.052688
69  -0.000089 8.178049 0.000011  -0.087029 -0.422849 -0.381358
70  1.617602 3.431410 2.399266  -0.249455 2.569515 1.508574
71  -0.000161 5.476954 -0.000028  0.057729 0.074072 0.060285
72  -0.000087 6.060492 -0.000006  -0.015203 0.015650 -0.152066
73  0.000029 5.994256 0.000011  -0.126212 -0.157657 0.153302
74  -0.000077 7.076876 -0.000045  -0.008118 0.010385 0.036402
75  0.000008 7.089868 -0.000069  0.070875 0.098587 -0.025893
76  0.361107 0.886681 3.287746  -0.576374 1.978709 0.939014
77  -0.000066 6.686641 0.000222  -0.146568 0.414164 -0.327706
78  -0.000013 7.638015 0.000011  -0.079523 -0.025948 0.130956
79  -0.000031 7.290233 -0.000022  0.025325 -0.093908 0.023962
80  -0.000034 6.530369 0.000002  -0.261847 -0.300600 0.006736
81  0.000063 7.224880 0.000009  0.036505 0.032481 -0.175824
82  1.071892 3.225794 1.570115  -0.043806 2.859975 1.526250
83  0.000417 6.748899 -0.000065  -0.062702 0.083784 0.022201
84  -0.000043 8.002652 0.000026  -0.067496 -0.117209 -0.115600
85  0.000014 8.580570 -0.000098  0.088213 -0.007188 0.334606
86  0.000171 8.689826 -0.000042  0.065326 -0.412430 -0.134516
87  -1.514541 2.104639 0.318056  -0.024895 3.094490 1.569497
88  0.000192 6.982281 0.000012  -0.107588 -0.057624 -0.215718
89  -0.000008 8.382873 -0.000068  0.135031 -0.099914 0.287074
90  -0.000064 8.697667 0.000024  -0.148089 -0.510100 0.044837
91  -0.000134 8.921825 0.000080  -0.236827 -0.892635 0.098805
92  3.553610 -3.478049 2.409277  0.000819 0.762046 1.535312
93  -0.000001 4.476906 -0.000010  -0.151002 -0.588331 0.377259
94  0.000030 4.514119 -0.000023  -0.228866 -2.996200 0.592370
95  0.000043 4.518382 -0.000024  0.143172 2.612778 0.693386
96  0.000023 3.598326 0.000024  -0.749303 0.869852 -0.773233
97  4.209923 -0.440343 1.018823  -1.146160 -2.029434 -0.560308
98  4.265506 1.434228 -0.404989  -2.142596 -0.918937 0.223026
99  9.400236 0.017939 0.083202  0.114591 -0.029986 -2.070921
100  10.242421 0.033591 0.064477  2.268085 -0.095569 -0.312041
101  3.465861 -0.059676 0.016691  -0.033154 -0.032210 -0.254611
102  1.655596 -0.000026 0.000019  -0.015271 -0.071915 -0.301524
103  0.960768 -0.000010 -0.000005  -0.001416 -0.017100 -0.311275
104  3.462030 -0.064245 0.939907  0.286549 -0.129384 0.032696
105  1.497179 -0.000004 0.000030  -0.490156 -0.015935 -0.049426
106  0.793758 0.000003 -0.000004  -0.002887 0.014195 -0.380007
107  0.591666 -0.460690 0.835204  -0.881805 -0.597203 -0.610861
108  1.556139 0.000001 -0.000002  -0.171840 0.102109 0.404584
109  1.135906 0.000026 0.000003  0.133151 0.036632 0.527096
110  3.084273 -0.668819 -1.257087  -0.728952 0.232442 -0.381131
111  1.064197 -0.000003 0.000003  -0.009292 0.096741 -0.773283
112  0.640339 0.000004 -0.000008  0.003167 0.022290 -0.424833
113  3.396824 -0.242137 -0.708689  -0.433073 -0.030079 -0.550107
114  1.532968 0.000010 0.000005  0.008798 -0.004074 -0.340400
115  0.832977 -0.000006 -0.000003  0.002975 0.009477 -0.412859
116  4.209944 -0.440341 -1.019279  0.840779 1.914392 -0.878102
117  4.266744 1.424943 0.424939  1.053379 0.923410 -0.657103
118  9.398563 0.011949 -0.082513  -0.099497 0.054514 -1.691671
119  10.242436 0.028179 -0.062907  -0.517879 0.612246 -0.085314
120  3.465748 -0.067527 0.002271  -0.097252 0.213246 -1.637428
121  1.655561 0.000003 0.000004  -0.145528 0.180112 -1.061104
122  0.960908 0.000007 0.000000  0.012044 0.146752 -0.724511
123  3.466856 -0.077781 -0.920908  -0.344540 0.134766 -1.700560
124  1.497261 -0.000034 -0.000021  -0.557303 0.304875 -0.953577
125  0.793789 -0.000008 -0.000001  -0.166331 0.320800 -0.665057
126  0.595077 -0.467151 -0.829173  2.641322 0.813823 -0.557380
127  1.555684 0.000016 -0.000005  0.720414 0.531202 1.282454
128  1.136814 -0.000003 -0.000003  0.326313 0.329724 0.811384
129  3.075972 -0.667965 1.277703  0.650329 0.202825 -1.054724
130  1.064591 0.000018 0.000007  0.036017 -0.122448 -0.938931
131  0.640359 -0.000011 -0.000004  -0.109066 -0.031721 -0.551631
132  3.392411 -0.245369 0.728380  0.186939 0.261052 -1.508240
133  1.532740 -0.000011 -0.000000  0.006499 0.017973 -0.855772
134  0.833151 0.000006 0.000008  -0.077482 -0.076385 -1.134219
135  3.590109 -3.090298 1.193972  1.635457 1.210566 1.548541
136  3.589559 -3.089884 -1.196373  -1.505736 1.210473 -1.592853
137  -0.436560 4.719024 -0.001076  -0.000945 -1.570733 1.692952
138  -0.000001 2.775453 -0.000234  -0.135089 0.000001 -0.000000
139  -0.000000 3.189766 0.000004  0.207820 0.000000 0.000000
140  0.000000 3.504648 0.000049  -0.261876 0.000000 -0.000000
141  -0.000000 2.863203 -0.000003  -0.051268 -0.000000 -0.000000
time 24
0  0.034365 1.380008 30.236650  1.570862 0.000000 -0.000000
1  0.002636 43.025146 0.734438  -0.002072 0.135223 0.018000
2  3.061857 -4.181012 -0.610804  -1.727235 -1.118273 -1.240685
3  18.476776 0.000158 -0.000000  -0.007400 -0.074022 0.955506
4  17.490088 0.000118 0.000005  0.066326 0.309025 -0.950399
5  -3.065330 -4.183576 -0.611480  -1.489731 -0.208544 -1.928321
6  18.474857 -0.000035 -0.000007  0.031592 0.101212 1.405826
7  17.489582 0.001915 -0.000003  0.118467 -0.035320 -1.978566
8  -0.000117 -0.048882 -0.576226  1.531315 0.142204 1.560316
9  3.224480 0.767047 0.000496  0.071261 0.028042 0.336683
10  3.223902 0.226401 -0.001944  0.108998 0.043113 0.378827
11  5.187315 -1.262558 -0.001177  0.000012 0.000066 0.194111
12  6.928410 -1.935307 -0.000227  3.120557 0.025686 0.466143
13  3.236364 1.079610 0.000057  -0.230944 -0.006185 0.640580
14  0.833770 3.805356 0.692955  -0.040491 0.554884 1.469874
15  0.000045 6.792211 0.000039  0.007989 0.036071 -0.011405
16  -0.000069 7.744820 0.000015  -0.017441 -0.155305 0.068150
17  0.000076 7.809695 0.000018  -0.033637 0.005026 0.006143
18  -0.000024 7.867670 0.000017  -0.073329 -0.127910 0.026375
19  3.494705 -1.749093 -3.006912  0.152548 2.070419 1.936949
20  0.000119 4.478329 0.000019  -0.194662 0.310432 -0.234994
21  0.000046 4.636115 -0.000029  0.035826 0.324593 -0.151763
22  -0.000042 5.008646 0.000012  0.075993 -0.286564 0.276090
23  0.000063 4.781158 0.000011  0.904389 -2.690903 -0.015796
24  2.253046 1.989058 -3.350106  -1.523631 1.324497 0.112403
25  0.000161 6.589464 0.000173  0.206354 -0.002129 -0.080395
26  0.000042 7.491414 0.000042  -0.333511 0.184454 -0.191167
27  0.000024 7.660305 -0.000057  -0.063176 0.127195 -0.062118
28  0.000004 7.256272 0.000020  -0.052940 -0.487829 0.313814
29  -0.791154 2.265121 -1.234655  -0.753900 1.136377 0.824675
30  -0.000258 8.572255 -0.000092  -0.222844 -0.296789 0.176503
31  -0.000096 8.117218 0.000046  0.072257 0.772520 -0.285585
32  -0.000080 8.230030 -0.000074  -0.080491 -0.347232 0.072252
33  0.000060 7.366728 0.000052  -0.015394 -0.663892 0.062742
34  0.224223 0.240131 -3.218157  -0.877385 1.468888 0.577826
35  -0.000101 7.721052 -0.000307  -0.283827 0.060498 -0.167555
36  -0.000030 7.374861 -0.000001  0.007536 -0.195022 0.049539
37  0.000076 6.848094 0.000008  0.005485 0.006496 -0.033649
38  -0.000050 7.777863 0.000010  -0.186096 0.182474 -0.152846
39  -1.514460 2.104651 -1.150167  -0.029092 0.541319 1.555680
40  -0.000167 6.982348 -0.000076  -0.199699 -0.041212 0.153489
41  0.000037 8.382867 -0.000072  0.044866 0.587986 -0.257961
42  0.000010 8.697701 -0.000027  -0.102637 -0.474318 0.290943
43  0.000058 8.921804 -0.000003  -0.076258 0.581005 -0.195604
44  1.196201 2.899158 -2.353086  -0.449719 1.030105 1.287431
45  0.000106 5.476937 0.000004  0.285574 -0.099353 -0.038445
46  -0.000077 6.060438 -0.000088  -0.155019 -0.575032 0.384607
47  0.000019 5.994266 0.000030  0.033941 0.288575 -0.067729
48  -0.000010 6.100496 0.000001  -0.068405 0.299273 -0.162154
49  0.000035 6.916757 0.000009  -0.096318 0.220533 -0.107964
50  0.000149 6.435056 -0.000044  -0.037458 0.171630 -0.116574
51  1.092805 3.649514 -1.738794  -0.148600 0.876612 1.445020
52  -0.000127 6.792196 -0.000099  0.008284 0.107792 -0.048643
53  -0.000089 7.744773 -0.000033  0.057137 -0.256893 0.015458
54  0.000083 9.115021 -0.000038  -0.020393 0.256253 -0.142636
55  3.494524 -1.749101 3.007064  0.118402 1.106974 1.813814
56  0.000014 4.323834 0.000088  -0.229908 -0.770942 0.449223
57  0.000029 4.872892 -0.000021  0.367242 -0.664052 -0.254033
58  0.000006 5.056650 0.000093  -0.511234 0.856588 -0.546320
59  2.292472 1.708616 3.661674  -1.762559 1.789110 -0.218970
60  -0.000173 6.589440 0.000269  -0.007131 -0.169122 0.176911
61  0.000171 7.491496 -0.000148  -0.132416 -0.107097 0.179326
62  -0.000139 8.249661 0.000142  0.041912 -0.058209 0.015814
63  0.000073 8.605236 -0.000027  0.101585 0.501824 -0.079697
64  -0.240482 2.066071 2.349267  -0.357331 2.461714 1.296085
65  -0.000091 7.721100 -0.000002  -0.208229 -0.126223 -0.116495
66  -0.000123 7.374865 -0.000045  -0.111018 0.046939 -0.046462
67  -0.000037 6.848063 -0.000026  0.273532 0.247522 0.299906
68  0.000032 7.777821 -0.000041  0.072921 0.186147 -0.052688
69  -0.000086 8.178057 0.000013  -0.087029 -0.422849 -0.381358
70  1.617612 3.431410 2.399265  -0.249455 2.569515 1.508574
71  -0.000158 5.476950 -0.000030  0.057729 0.074072 0.060285
72  -0.000091 6.060492 -0.000006  -0.015203 0.015650 -0.152066
73  0.000029 5.994251 0.000012  -0.126212 -0.157657 0.153302
74  -0.000078 7.076868 -0.000047  -0.008118 0.010385 0.036402
75  0.000004 7.089869 -0.000070  0.070875 0.098587 -0.025893
76  0.361114 0.886681 3.287746  -0.576374 1.978709 0.939014
77  -0.000068 6.686646 0.000230  -0.146569 0.414164 -0.327706
78  -0.000013 7.638016 0.000014  -0.079523 -0.025948 0.130956
79  -0.000032 7.290233 -0.000021  0.025325 -0.093908 0.023962
80  -0.000036 6.530369 0.000005  -0.261847 -0.300600 0.006736
81  0.000062 7.224879 0.000011  0.036505 0.032481 -0.175824
82  1.071901 3.225795 1.570115  -0.043806 2.859975 1.526250
83  0.000415 6.748900 -0.000067  -0.062702 0.083784 0.022201
84  -0.000042 8.002646 0.000026  -0.067496 -0.117209 -0.115600
85  0.000011 8.580567 -0.000098  0.088213 -0.007188 0.334606
86  0.000170 8.689832 -0.000040  0.065327 -0.412430 -0.134517
87  -1.514525 2.104643 0.318056  -0.024895 3.094490 1.569497
88  0.000193 6.982284 0.000012  -0.107588 -0.057624 -0.215718
89  -0.000009 8.382869 -0.000067  0.135031 -0.099914 0.287074
90  -0.000061 8.697676 0.000023  -0.148089 -0.510100 0.044837
91  -0.000133 8.921825 0.000080  -0.236827 -0.892635 0.098805
92  3.553623 -3.478043 2.409277  0.000819 0.762046 1.535312
93  0.000001 4.476904 -0.000005  -0.151002 -0.588331 0.377259
94  0.000029 4.514122 -0.000023  -0.228866 -2.996200 0.592370
95  0.000043 4.518380 -0.000024  0.143172 2.612778 0.693386
96  0.000023 3.598331 0.000023  -0.749303 0.869852 -0.773233
97  4.209921 -0.440341 1.018824  -1.115010 -1.938565 -0.605646
98  4.265503 1.434235 -0.404994  -2.028150 -0.805488 0.181572
99  9.400232 0.017941 0.083203  0.115449 -0.028374 -2.094996
100  10.242420 0.033590 0.064480  2.218970 -0.120781 -0.194528
101  3.465857 -0.059675 0.016690  -0.033536 -0.025068 -0.233044
102  1.655592 -0.000022 0.000025  -0.020240 -0.063850 -0.263460
103  0.960768 0.000003 -0.000010  -0.003482 -0.010624 -0.276409
104  3.462032 -0.064244 0.939905  0.282561 -0.141020 0.042412
105  1.497175 -0.000015 0.000021  -0.490482 -0.004103 -0.018384
106  0.793760 0.000001 -0.000002  -0.001629 0.011326 -0.350273
107  0.591666 -0.460688 0.835203  -0.891678 -0.606548 -0.610899
108  1.556139 0.000000 -0.000003  -0.174032 0.090256 0.378979
109  1.135903 0.000020 0.000007  0.128152 0.030239 0.493911
110  3.084270 -0.668821 -1.257087  -0.730219 0.253856 -0.368331
111  1.064200 -0.000002 0.000003  -0.006077 0.093123 -0.728412
112  0.640341 0.000003 -0.000009  0.004480 0.016931 -0.362455
113  3.396824 -0.242134 -0.708693  -0.439632 -0.017168 -0.530246
114  1.532969 0.000004 0.000008  0.008294 -0.003467 -0.294921
115  0.832974 -0.000002 -0.000002  0.003055 0.010022 -0.394910
116  4.209945 -0.440341 -1.019279  0.875987 1.909934 -0.844320
117  4.266748 1.424943 0.424935  0.812627 0.967638 -0.975390
118  9.398565 0.011949 -0.082519  -0.091785 0.059911 -1.570289
119  10.242439 0.028182 -0.062906  -0.515548 0.693146 -0.162876
120  3.465751 -0.067525 0.002268  -0.097306 0.213266 -1.637759
121  1.655558 -0.000001 0.000004  -0.145574 0.180130 -1.061393
122  0.960906 0.000009 -0.000001  0.012016 0.146786 -0.724708
123  3.466856 -0.077779 -0.920908  -0.344580 0.134780 -1.700904
124  1.497262 -0.000037 -0.000023  -0.557391 0.304944 -0.953870
125  0.793785 -0.000007 -0.000003  -0.166389 0.320873 -0.665165
126  0.595082 -0.467151 -0.829177  2.641321 0.813857 -0.557481
127  1.555672 0.000016 -0.000004  0.720683 0.531321 1.282892
128  1.136809 -0.000010 -0.000004  0.326502 0.329789 0.811534
129  3.075975 -0.667965 1.277701  0.650303 0.202893 -1.054930
130  1.064594 0.000019 0.000009  0.036043 -0.122462 -0.939201
131  0.640363 -0.000012 -0.000006  -0.109123 -0.031755 -0.551756
132  3.392414 -0.245366 0.728376  0.186837 0.261137 -1.508557
133  1.532739 -0.000004 -0.000003  0.006548 0.018009 -0.855974
134  0.833151 0.000002 0.000005  -0.077478 -0.076395 -1.134426
135  3.590109 -3.090295 1.193972  1.635457 1.210566 1.548541
136  3.589553 -3.089878 -1.196373  -1.505736 1.210473 -1.592853
137  -0.436565 4.719028 -0.001076  -0.000650 -1.570733 1.693101
138  0.000001 2.775450 -0.000231  -0.135089 0.000001 -0.000000
139  0.000000 3.189768 0.000006  0.207820 -0.000000 0.000000
140  0.000001 3.504647 0.000047  -0.261876 -0.000000 -0.000000
141  0.000000 2.863201 -0.000004  -0.051268 -0.000000 -0.000000
time 25
0  0.005027 0.546944 31.289318  1.570862 0.000000 -0.000000
1  0.002636 43.025146 0.734438  -0.016512 0.120360 0.063819
2  3.061857 -4.181010 -0.610804  -1.694785 -1.018693 -1.298311
3  18.476774 0.000160 -0.000001  -0.004620 -0.068496 0.879883
4  17.490088 0.000117 0.000005  0.016494 0.282524 -0.955114
5  -3.065330 -4.183576 -0.611479  -1.488982 -0.171348 -1.973663
6  18.474852 -0.000035 -0.000008  0.027048 0.097750 1.335857
7  17.489584 0.001914 -0.000004  0.166568 -0.055332 -1.941981
8  -0.000117 -0.048883 -0.576226  1.574481 0.116879 1.579848
9  3.224478 0.767047 0.000495  0.060361 -0.020116 0.282182
10  3.223918 0.226399 -0.001944  0.101657 -0.012597 0.319454
11  5.187315 -1.262557 -0.001177  0.000012 0.000066 0.194111
12  6.928406 -1.935312 -0.000228  -3.139243 0.056149 0.555060
13  3.236366 1.079609 0.000057  -0.259831 -0.038422 0.664726
14  0.833764 3.805350 0.692955  -0.040491 0.554884 1.469874
15  0.000041 6.792211 0.000040  0.007989 0.036070 -0.011406
16  -0.000066 7.744816 0.000014  -0.017441 -0.155305 0.068150
17  0.000076 7.809703 0.000018  -0.033637 0.005026 0.006143
18  -0.000028 7.867674 0.000018  -0.073329 -0.127910 0.026375
19  3.494702 -1.749095 -3.006912  0.152548 2.070419 1.936949
20  0.000119 4.478314 0.000018  -0.194662 0.310432 -0.234994
21  0.000047 4.636120 -0.000029  0.035826 0.324593 -0.151763
22  -0.000042 5.008651 0.000013  0.075994 -0.286564 0.276090
23  0.000063 4.781165 0.000009  0.904389 -2.690903 -0.015796
24  2.253045 1.989058 -3.350107  -1.523631 1.324497 0.112403
25  0.000164 6.589460 0.000172  0.206354 -0.002129 -0.080395
26  0.000045 7.491410 0.000039  -0.333511 0.184454 -0.191167
27  0.000023 7.660313 -0.000054  -0.063176 0.127195 -0.062118
28  0.000010 7.256271 0.000018  -0.052940 -0.487829 0.313814
29  -0.791157 2.265116 -1.234655  -0.753900 1.136377 0.824675
30  -0.000257 8.572261 -0.000089  -0.222844 -0.296789 0.176503
31  -0.000093 8.117210 0.000047  0.072257 0.772520 -0.285586
32  -0.000080 8.230031 -0.000070  -0.080491 -0.347232 0.072252
33  0.000059 7.366721 0.000058  -0.015394 -0.663892 0.062742
34  0.224215 0.240123 -3.218158  -0.877385 1.468888 0.577826
35  -0.000101 7.721055 -0.000302  -0.283827 0.060498 -0.167555
36  -0.000030 7.374851 -0.000002  0.007536 -0.195022 0.049539
37  0.000074 6.848106 0.000009  0.005485 0.006496 -0.033649
38  -0.000051 7.777862 0.000008  -0.186096 0.182474 -0.152847
39  -1.514468 2.104644 -1.150167  -0.029092 0.541319 1.555680
40  -0.000168 6.982347 -0.000076  -0.199699 -0.041212 0.153489
41  0.000039 8.382857 -0.000071  0.044866 0.587986 -0.257961
42  0.000013 8.697701 -0.000026  -0.102637 -0.474318 0.290943
43  0.000055 8.921806 -0.000004  -0.076258 0.581005 -0.195604
44  1.196193 2.899155 -2.353086  -0.449719 1.030105 1.287431
45  0.000110 5.476943 0.000004  0.285574 -0.099353 -0.038445
46  -0.000074 6.060432 -0.000090  -0.155019 -0.575032 0.384607
47  0.000018 5.994263 0.000029  0.033941 0.288575 -0.067729
48  -0.000010 6.100489 0.000002  -0.068405 0.299273 -0.162154
49  0.000036 6.916763 0.000010  -0.096318 0.220533 -0.107964
50  0.000149 6.435060 -0.000046  -0.037458 0.171630 -0.116574
51  1.092794 3.649510 -1.738794  -0.148600 0.876612 1.445020
52  -0.000131 6.792200 -0.000105  0.008284 0.107792 -0.048643
53  -0.000088 7.744776 -0.000033  0.057137 -0.256893 0.015458
54  0.000090 9.115019 -0.000034  -0.020393 0.256253 -0.142636
55  3.494517 -1.749104 3.007064  0.118402 1.106974 1.813814
56  0.000015 4.323841 0.000085  -0.229908 -0.770942 0.449223
57  0.000030 4.872898 -0.000020  0.367242 -0.664052 -0.254033
58  0.000007 5.056651 0.000092  -0.511233 0.856588 -0.546320
59  2.292470 1.708614 3.661675  -1.762559 1.789110 -0.218970
60  -0.000173 6.589444 0.000274  -0.007131 -0.169122 0.176911
61  0.000175 7.491501 -0.000148  -0.132415 -0.107097 0.179326
62  -0.000140 8.249661 0.000143  0.041912 -0.058209 0.015814
63  0.000072 8.605235 -0.000028  0.101585 0.501824 -0.079697
64  -0.240483 2.066071 2.349267  -0.357331 2.461714 1.296085
65  -0.000087 7.721103 -0.000004  -0.208229 -0.126223 -0.116495
66  -0.000122 7.374868 -0.000047  -0.111018 0.046939 -0.046462
67  -0.000034 6.848062 -0.000027  0.273532 0.247523 0.299906
68  0.000037 7.777822 -0.000042  0.072921 0.186148 -0.052688
69  -0.000082 8.178055 0.000011  -0.087029 -0.422849 -0.381358
70  1.617605 3.431408 2.399265  -0.249455 2.569515 1.508574
71  -0.000164 5.476941 -0.000029  0.057729 0.074072 0.060285
72  -0.000094 6.060493 -0.000006  -0.015204 0.015650 -0.152066
73  0.000024 5.994253 0.000011  -0.126212 -0.157657 0.153302
74  -0.000081 7.076873 -0.000048  -0.008118 0.010385 0.036402
75  0.000006 7.089867 -0.000068  0.070875 0.098587 -0.025893
76  0.361108 0.886676 3.287746  -0.576374 1.978709 0.939014
77  -0.000068 6.686647 0.000221  -0.146569 0.414164 -0.327706
78  -0.000012 7.638018 0.000011  -0.079523 -0.025948 0.130956
79  -0.000032 7.290235 -0.000020  0.025325 -0.093908 0.023962
80  -0.000031 6.530372 0.000005  -0.261847 -0.300600 0.006736
81  0.000062 7.224879 0.000008  0.036505 0.032481 -0.175824
82  1.071896 3.225791 1.570115  -0.043806 2.859975 1.526250
83  0.000416 6.748903 -0.000066  -0.062702 0.083784 0.022201
84  -0.000044 8.002647 0.000027  -0.067496 -0.117209 -0.115600
85  0.000013 8.580581 -0.000098  0.088213 -0.007188 0.334606
86  0.000173 8.689828 -0.000041  0.065326 -0.412430 -0.134517
87  -1.514535 2.104636 0.318056  -0.024895 3.094490 1.569497
88  0.000192 6.982281 0.000012  -0.107588 -0.057624 -0.215718
89  -0.000009 8.382880 -0.000068  0.135031 -0.099914 0.287074
90  -0.000060 8.697675 0.000024  -0.148089 -0.510100 0.044837
91  -0.000138 8.921823 0.000081  -0.236827 -0.892635 0.098805
92  3.553614 -3.478049 2.409277  0.000819 0.762046 1.535312
93  0.000002 4.476899 -0.000009  -0.151003 -0.588331 0.377258
94  0.000030 4.514118 -0.000024  -0.228866 -2.996200 0.592370
95  0.000043 4.518390 -0.000022  0.143172 2.612778 0.693386
96  0.000021 3.598332 0.000023  -0.749303 0.869852 -0.773233
97  4.209915 -0.440346 1.018823  -1.053588 -1.849224 -0.679585
98  4.265507 1.434222 -0.404987  -1.931178 -0.729813 0.173672
99  9.400236 0.017940 0.083200  0.115788 -0.027710 -2.104824
100  10.242419 0.033591 0.064473  2.216657 -0.142033 -0.099921
101  3.465857 -0.059677 0.016691  -0.033740 -0.018470 -0.213188
102  1.655593 -0.000022 0.000020  -0.024645 -0.055368 -0.224675
103  0.960768 -0.000005 -0.000006  -0.005372 -0.003809 -0.240460
104  3.462029 -0.064245 0.939904  0.279264 -0.151861 0.049175
105  1.497179 -0.000008 0.000017  -0.490379 0.007841 0.012762
106  0.793760 0.000009 -0.000003  -0.000514 0.008426 -0.320091
107  0.591665 -0.460688 0.835203  -0.902785 -0.616316 -0.609947
108  1.556139 0.000003 -0.000001  -0.176155 0.077672 0.351774
109  1.135904 0.000016 0.000005  0.123251 0.023410 0.459537
110  3.084272 -0.668814 -1.257091  -0.731112 0.273327 -0.356561
111  1.064201 -0.000004 0.000007  -0.002792 0.089207 -0.680634
112  0.640337 0.000004 -0.000007  0.005365 0.011237 -0.298692
113  3.396823 -0.242135 -0.708694  -0.445362 -0.004619 -0.510939
114  1.532969 0.000008 0.000006  0.007812 -0.002824 -0.248556
115  0.832975 0.000003 -0.000002  0.003177 0.010472 -0.375996
116  4.209937 -0.440343 -1.019280  0.914711 1.904597 -0.807329
117  4.266747 1.424941 0.424940  0.623657 0.982981 -1.265313
118  9.398572 0.011946 -0.082513  -0.083973 0.064105 -1.455927
119  10.242439 0.028177 -0.062907  -0.519393 0.748518 -0.239671
120  3.465754 -0.067526 0.002267  -0.097401 0.213241 -1.638093
121  1.655560 0.000011 0.000005  -0.145619 0.180148 -1.061683
122  0.960906 0.000008 -0.000002  0.012044 0.146847 -0.724901
123  3.466860 -0.077781 -0.920910  -0.344620 0.134794 -1.701246
124  1.497261 -0.000036 -0.000022  -0.557479 0.305012 -0.954165
125  0.793788 -0.000006 -0.000002  -0.166533 0.320959 -0.665331
126  0.595082 -0.467147 -0.829175  2.641414 0.813905 -0.557545
127  1.555672 0.000016 -0.000006  0.720951 0.531442 1.283331
128  1.136818 -0.000004 -0.000000  0.326643 0.329885 0.811692
129  3.075977 -0.667967 1.277700  0.650285 0.202937 -1.055067
130  1.064594 0.000018 0.000011  0.036062 -0.122472 -0.939403
131  0.640363 -0.000013 -0.000005  -0.109119 -0.031780 -0.551948
132  3.392415 -0.245368 0.728375  0.186748 0.261125 -1.508800
133  1.532740 -0.000008 -0.000002  0.006542 0.018014 -0.856243
134  0.833150 0.000009 0.000006  -0.077519 -0.076444 -1.134701
135  3.590106 -3.090293 1.193972  1.635457 1.210566 1.548541
136  3.589554 -3.089877 -1.196373  -1.505736 1.210473 -1.592853
137  -0.436562 4.719028 -0.001076  -0.000354 -1.570733 1.693173
138  0.000001 2.775447 -0.000236  -0.135089 0.000001 -0.000000
139  0.000001 3.189768 0.000009  0.207820 -0.000000 0.000000
140  -0.000000 3.504653 0.000049  -0.261876 0.000000 -0.000000
141  0.000000 2.863199 -0.000000  -0.051268 0.000000 -0.000000
time 26
0  -0.000001 -0.002131 32.085751  1.570862 0.000000 -0.000000
1  0.002636 43.025146 0.734438  -0.030417 0.106897 0.089262
2  3.061858 -4.181010 -0.610803  -1.679363 -0.941707 -1.325473
3  18.476772 0.000158 -0.000000  -0.002790 -0.064163 0.822394
4  17.490086 0.000119 0.000003  -0.010971 0.272231 -0.955056
5  -3.065329 -4.183575 -0.611479  -1.494431 -0.145936 -1.996302
6  18.474854 -0.000035 -0.000010  0.023570 0.094733 1.279487
7  17.489584 0.001917 -0.000007  0.192837 -0.064000 -1.906246
8  -0.000117 -0.048883 -0.576226  1.604586 0.101510 1.591944
9  3.224485 0.767046 0.000496  0.060474 -0.047709 0.245325
10  3.223914 0.226399 -0.001944  0.103973 -0.043859 0.278981
11  5.187317 -1.262556 -0.001177  0.000012 0.000066 0.194111
12  6.928403 -1.935311 -0.000227  -3.123564 0.078424 0.610534
13  3.236363 1.079611 0.000056  -0.282751 -0.052960 0.664235
14  0.833767 3.805356 0.692955  -0.040491 0.554884 1.469874
15  0.000042 6.792202 0.000042  0.007989 0.036071 -0.011406
16  -0.000068 7.744818 0.000015  -0.017441 -0.155305 0.068150
17  0.000072 7.809706 0.000019  -0.033637 0.005026 0.006143
18  -0.000023 7.867673 0.000016  -0.073329 -0.127910 0.026375
19  3.494706 -1.749091 -3.006912  0.152548 2.070419 1.936949
20  0.000119 4.478318 0.000018  -0.194661 0.310432 -0.234994
21  0.000047 4.636120 -0.000029  0.035826 0.324592 -0.151764
22  -0.000040 5.008645 0.000013  0.075994 -0.286564 0.276090
23  0.000064 4.781162 0.000009  0.904390 -2.690903 -0.015796
24  2.253046 1.989061 -3.350106  -1.523631 1.324497 0.112403
25  0.000162 6.589467 0.000171  0.206354 -0.002129 -0.080395
26  0.000044 7.491417 0.000045  -0.333511 0.184454 -0.191167
27  0.000028 7.660305 -0.000057  -0.063176 0.127195 -0.062118
28  0.000009 7.256264 0.000022  -0.052940 -0.487829 0.313814
29  -0.791151 2.265123 -1.234655  -0.753900 1.136377 0.824675
30  -0.000255 8.572261 -0.000095  -0.222844 -0.296789 0.176503
31  -0.000095 8.117213 0.000050  0.072258 0.772520 -0.285586
32  -0.000081 8.230038 -0.000072  -0.080491 -0.347232 0.072252
33  0.000060 7.366723 0.000054  -0.015394 -0.663892 0.062742
34  0.224216 0.240130 -3.218158  -0.877385 1.468888 0.577826
35  -0.000101 7.721045 -0.000313  -0.283827 0.060498 -0.167555
36  -0.000028 7.374848 -0.000000  0.007536 -0.195022 0.049539
37  0.000077 6.848101 0.000007  0.005485 0.006496 -0.033649
38  -0.000050 7.777865 0.000011  -0.186096 0.182474 -0.152846
39  -1.514462 2.104653 -1.150167  -0.029092 0.541319 1.555680
40  -0.000171 6.982349 -0.000075  -0.199699 -0.041212 0.153489
41  0.000037 8.382864 -0.000073  0.044866 0.587986 -0.257961
42  0.000010 8.697706 -0.000029  -0.102637 -0.474318 0.290943
43  0.000056 8.921805 -0.000003  -0.076258 0.581005 -0.195604
44  1.196195 2.899158 -2.353086  -0.449719 1.030105 1.287431
45  0.000106 5.476947 0.000005  0.285574 -0.099353 -0.038445
46  -0.000073 6.060437 -0.000092  -0.155020 -0.575032 0.384607
47  0.000015 5.994265 0.000030  0.033941 0.288574 -0.067729
48  -0.000006 6.100483 0.000001  -0.068405 0.299273 -0.162154
49  0.000034 6.916759 0.000011  -0.096318 0.220533 -0.107964
50  0.000148 6.435061 -0.000046  -0.037458 0.171630 -0.116574
51  1.092801 3.649517 -1.738794  -0.148600 0.876612 1.445020
52  -0.000131 6.792198 -0.000103  0.008285 0.107792 -0.048643
53  -0.000089 7.744775 -0.000031  0.057137 -0.256893 0.015458
54  0.000086 9.115019 -0.000035  -0.020393 0.256253 -0.142636
55  3.494519 -1.749099 3.007064  0.118402 1.106974 1.813814
56  0.000014 4.323833 0.000086  -0.229908 -0.770942 0.449223
57  0.000030 4.872902 -0.000021  0.367242 -0.664052 -0.254033
58  0.000005 5.056645 0.000091  -0.511233 0.856588 -0.546320
59  2.292474 1.708619 3.661675  -1.762559 1.789110 -0.218970
60  -0.000171 6.589441 0.000273  -0.007131 -0.169123 0.176911
61  0.000174 7.491495 -0.000154  -0.132416 -0.107097 0.179326
62  -0.000141 8.249659 0.000145  0.041912 -0.058209 0.015814
63  0.000071 8.605236 -0.000031  0.101585 0.501824 -0.079697
64  -0.240482 2.066075 2.349267  -0.357331 2.461714 1.296084
65  -0.000089 7.721100 -0.000003  -0.208229 -0.126223 -0.116495
66  -0.000122 7.374865 -0.000048  -0.111018 0.046939 -0.046462
67  -0.000036 6.848057 -0.000026  0.273532 0.247522 0.299907
68  0.000032 7.777825 -0.000044  0.072921 0.186148 -0.052688
69  -0.000083 8.178047 0.000012  -0.087029 -0.422849 -0.381358
70  1.617608 3.431412 2.399265  -0.249455 2.569515 1.508574
71  -0.000163 5.476934 -0.000030  0.057729 0.074072 0.060285
72  -0.000094 6.060498 -0.000006  -0.015204 0.015650 -0.152066
73  0.000024 5.994247 0.000011  -0.126212 -0.157657 0.153302
74  -0.000077 7.076880 -0.000048  -0.008118 0.010385 0.036402
75  0.000002 7.089859 -0.000071  0.070875 0.098587 -0.025893
76  0.361116 0.886686 3.287746  -0.576374 1.978709 0.939014
77  -0.000069 6.686644 0.000219  -0.146568 0.414164 -0.327706
78  -0.000016 7.638012 0.000013  -0.079523 -0.025948 0.130956
79  -0.000029 7.290232 -0.000024  0.025325 -0.093908 0.023962
80  -0.000033 6.530375 0.000004  -0.261847 -0.300600 0.006736
81  0.000066 7.224880 0.000009  0.036505 0.032481 -0.175824
82  1.071902 3.225801 1.570115  -0.043806 2.859975 1.526250
83  0.000414 6.748905 -0.000067  -0.062702 0.083784 0.022201
84  -0.000046 8.002647 0.000026  -0.067496 -0.117209 -0.115600
85  0.000015 8.580572 -0.000098  0.088213 -0.007188 0.334606
86  0.000167 8.689830 -0.000042  0.065326 -0.412430 -0.134517
87  -1.514532 2.104642 0.318055  -0.024895 3.094490 1.569497
88  0.000185 6.982278 0.000011  -0.107588 -0.057624 -0.215718
89  -0.000010 8.382868 -0.000068  0.135031 -0.099914 0.287074
90  -0.000063 8.697666 0.000024  -0.148089 -0.510100 0.044837
91  -0.000131 8.921824 0.000080  -0.236827 -0.892635 0.098805
92  3.553624 -3.478040 2.409277  0.000819 0.762046 1.535312
93  -0.000004 4.476905 -0.000008  -0.151002 -0.588331 0.377258
94  0.000031 4.514124 -0.000023  -0.228866 -2.996200 0.592370
95  0.000044 4.518385 -0.000021  0.143172 2.612778 0.693386
96  0.000022 3.598332 0.000023  -0.749303 0.869852 -0.773233
97  4.209917 -0.440344 1.018824  -0.985431 -1.790975 -0.755509
98  4.265505 1.434226 -0.404992  -1.874648 -0.714570 0.178198
99  9.400234 0.017941 0.083206  0.115366 -0.028534 -2.092616
100  10.242420 0.033591 0.064485  2.250885 -0.158659 -0.062311
101  3.465856 -0.059684 0.016695  -0.033769 -0.012868 -0.196200
102  1.655594 -0.000021 0.000018  -0.028270 -0.046510 -0.185465
103  0.960768 0.000003 -0.000007  -0.006928 0.003297 -0.203473
104  3.462029 -0.064249 0.939911  0.277158 -0.161281 0.051584
105  1.497176 -0.000010 0.000019  -0.489976 0.019757 0.043555
106  0.793756 -0.000000 0.000003  0.000576 0.005498 -0.289828
107  0.591664 -0.460693 0.835208  -0.915664 -0.626668 -0.607584
108  1.556139 0.000006 0.000004  -0.178362 0.064257 0.322552
109  1.135903 0.000023 0.000002  0.118339 0.016102 0.423936
110  3.084270 -0.668825 -1.257082  -0.731583 0.289768 -0.346542
111  1.064200 -0.000002 0.000003  0.000516 0.084855 -0.629495
112  0.640336 0.000008 -0.000007  0.005891 0.005437 -0.234233
113  3.396824 -0.242141 -0.708688  -0.449897 0.007167 -0.492673
114  1.532969 0.000004 0.000007  0.007357 -0.002156 -0.201903
115  0.832973 0.000003 -0.000004  0.003216 0.010976 -0.355938
116  4.209938 -0.440340 -1.019279  0.944378 1.899096 -0.779414
117  4.266746 1.424942 0.424938  0.525886 0.979162 -1.437484
118  9.398564 0.011946 -0.082517  -0.078069 0.066563 -1.373459
119  10.242440 0.028175 -0.062907  -0.525685 0.774698 -0.293094
120  3.465748 -0.067530 0.002266  -0.097456 0.213261 -1.638425
121  1.655563 0.000001 0.000006  -0.145665 0.180165 -1.061972
122  0.960907 0.000001 -0.000002  0.012017 0.146881 -0.725098
123  3.466853 -0.077785 -0.920910  -0.344631 0.134857 -1.701674
124  1.497253 -0.000036 -0.000023  -0.557567 0.305081 -0.954458
125  0.793787 -0.000007 -0.000000  -0.166582 0.320988 -0.665478
126  0.595075 -0.467150 -0.829177  2.641506 0.813953 -0.557609
127  1.555671 0.000013 -0.000002  0.721166 0.531538 1.283681
128  1.136808 -0.000009 -0.000005  0.326832 0.329950 0.811841
129  3.075972 -0.667967 1.277700  0.650184 0.203004 -1.055192
130  1.064592 0.000017 0.000008  0.036082 -0.122482 -0.939606
131  0.640359 -0.000025 -0.000006  -0.109115 -0.031806 -0.552140
132  3.392409 -0.245367 0.728376  0.186704 0.261156 -1.509040
133  1.532734 -0.000009 -0.000001  0.006538 0.018019 -0.856445
134  0.833150 0.000007 0.000005  -0.077474 -0.076495 -1.134979
135  3.590105 -3.090292 1.193972  1.635457 1.210566 1.548541
136  3.589556 -3.089877 -1.196372  -1.505736 1.210473 -1.592853
137  -0.436564 4.719028 -0.001076  -0.000236 -1.570733 1.693074
138  -0.000000 2.775455 -0.000234  -0.135089 0.000001 -0.000000
139  0.000000 3.189768 0.000010  0.207820 0.000000 0.000000
140  0.000000 3.504652 0.000044  -0.261876 0.000000 -0.000000
141  0.000000 2.863205 -0.000001  -0.051268 -0.000000 -0.000000
time 27
0  0.008953 -0.271772 32.640961  1.570862 0.000000 -0.000000
1  0.002636 43.025146 0.734438  -0.043415 0.096771 0.092165
2  3.061857 -4.181013 -0.610804  -1.665543 -0.889485 -1.330135
3  18.476774 0.000155 -0.000000  -0.001761 -0.061364 0.785963
4  17.490086 0.000115 0.000004  -0.022053 0.277157 -0.953738
5  -3.065330 -4.183572 -0.611480  -1.505332 -0.133205 -1.991689
6  18.474852 -0.000034 -0.000006  0.021158 0.092428 1.238642
7  17.489584 0.001916 -0.000008  0.195265 -0.060076 -1.878600
8  -0.000117 -0.048881 -0.576226  1.619661 0.097218 1.598215
9  3.224484 0.767047 0.000496  0.069170 -0.053101 0.224643
10  3.223909 0.226399 -0.001944  0.113017 -0.049617 0.256193
11  5.187321 -1.262561 -0.001177  0.000012 0.000066 0.194111
12  6.928410 -1.935312 -0.000228  -3.116700 0.093328 0.635737
13  3.236365 1.079608 0.000057  -0.300757 -0.049013 0.641939
14  0.833768 3.805353 0.692956  -0.040491 0.554884 1.469874
15  0.000034 6.792212 0.000035  0.007989 0.036070 -0.011406
16  -0.000064 7.744818 0.000015  -0.017441 -0.155305 0.068150
17  0.000071 7.809705 0.000019  -0.033637 0.005026 0.006143
18  -0.000024 7.867674 0.000015  -0.073329 -0.127910 0.026375
19  3.494700 -1.749096 -3.006912  0.152548 2.070419 1.936949
20  0.000120 4.478320 0.000016  -0.194661 0.310432 -0.234994
21  0.000047 4.636122 -0.000028  0.035826 0.324593 -0.151764
22  -0.000042 5.008654 0.000011  0.075994 -0.286564 0.276090
23  0.000064 4.781161 0.000009  0.904390 -2.690903 -0.015796
24  2.253039 1.989055 -3.350106  -1.523631 1.324497 0.112403
25  0.000162 6.589463 0.000172  0.206354 -0.002129 -0.080395
26  0.000041 7.491412 0.000047  -0.333511 0.184454 -0.191167
27  0.000028 7.660302 -0.000056  -0.063176 0.127195 -0.062118
28  0.000007 7.256269 0.000023  -0.052940 -0.487829 0.313814
29  -0.791154 2.265120 -1.234655  -0.753900 1.136377 0.824675
30  -0.000254 8.572262 -0.000089  -0.222844 -0.296789 0.176503
31  -0.000094 8.117206 0.000047  0.072258 0.772520 -0.285586
32  -0.000085 8.230036 -0.000070  -0.080491 -0.347232 0.072252
33  0.000060 7.366726 0.000054  -0.015394 -0.663892 0.062741
34  0.224214 0.240123 -3.218158  -0.877385 1.468888 0.577826
35  -0.000100 7.721051 -0.000307  -0.283827 0.060498 -0.167555
36  -0.000030 7.374851 -0.000004  0.007536 -0.195022 0.049539
37  0.000075 6.848097 0.000008  0.005485 0.006496 -0.033649
38  -0.000052 7.777865 0.000009  -0.186096 0.182474 -0.152847
39  -1.514462 2.104648 -1.150167  -0.029092 0.541319 1.555680
40  -0.000172 6.982350 -0.000076  -0.199699 -0.041212 0.153489
41  0.000037 8.382866 -0.000072  0.044866 0.587986 -0.257961
42  0.000010 8.697703 -0.000025  -0.102637 -0.474318 0.290943
43  0.000057 8.921803 -0.000003  -0.076258 0.581005 -0.195604
44  1.196202 2.899156 -2.353086  -0.449719 1.030105 1.287431
45  0.000104 5.476942 0.000006  0.285574 -0.099353 -0.038445
46  -0.000072 6.060437 -0.000088  -0.155020 -0.575032 0.384607
47  0.000017 5.994270 0.000030  0.033941 0.288574 -0.067729
48  -0.000006 6.100487 0.000000  -0.068405 0.299273 -0.162154
49  0.000031 6.916759 0.000009  -0.096318 0.220533 -0.107964
50  0.000150 6.435060 -0.000046  -0.037458 0.171630 -0.116574
51  1.092800 3.649510 -1.738794  -0.148600 0.876612 1.445020
52  -0.000128 6.792202 -0.000103  0.008284 0.107792 -0.048643
53  -0.000088 7.744780 -0.000029  0.057137 -0.256893 0.015458
54  0.000083 9.115022 -0.000037  -0.020393 0.256253 -0.142636
55  3.494520 -1.749102 3.007064  0.118402 1.106974 1.813814
56  0.000014 4.323845 0.000084  -0.229908 -0.770942 0.449223
57  0.000028 4.872891 -0.000023  0.367242 -0.664052 -0.254033
58  0.000002 5.056659 0.000092  -0.511233 0.856588 -0.546320
59  2.292470 1.708614 3.661675  -1.762559 1.789110 -0.218970
60  -0.000172 6.589443 0.000269  -0.007131 -0.169123 0.176911
61  0.000175 7.491496 -0.000153  -0.132416 -0.107097 0.179326
62  -0.000140 8.249663 0.000142  0.041912 -0.058209 0.015814
63  0.000071 8.605238 -0.000030  0.101585 0.501824 -0.079697
64  -0.240486 2.066067 2.349267  -0.357331 2.461714 1.296085
65  -0.000085 7.721107 -0.000002  -0.208229 -0.126223 -0.116495
66  -0.000120 7.374864 -0.000047  -0.111018 0.046939 -0.046462
67  -0.000036 6.848065 -0.000028  0.273532 0.247522 0.299906
68  0.000031 7.777822 -0.000046  0.072921 0.186148 -0.052688
69  -0.000085 8.178052 0.000011  -0.087029 -0.422849 -0.381358
70  1.617612 3.431411 2.399266  -0.249455 2.569515 1.508574
71  -0.000165 5.476942 -0.000029  0.057729 0.074072 0.060285
72  -0.000097 6.060492 -0.000007  -0.015204 0.015650 -0.152066
73  0.000026 5.994248 0.000011  -0.126212 -0.157657 0.153302
74  -0.000079 7.076875 -0.000046  -0.008118 0.010385 0.036402
75  0.000006 7.089866 -0.000071  0.070875 0.098587 -0.025893
76  0.361113 0.886679 3.287746  -0.576374 1.978709 0.939014
77  -0.000065 6.686647 0.000218  -0.146568 0.414164 -0.327706
78  -0.000015 7.638017 0.000013  -0.079523 -0.025948 0.130956
79  -0.000035 7.290227 -0.000022  0.025325 -0.093908 0.023962
80  -0.000036 6.530368 0.000003  -0.261847 -0.300600 0.006736
81  0.000064 7.224884 0.000006  0.036505 0.032481 -0.175824
82  1.071900 3.225795 1.570115  -0.043806 2.859975 1.526250
83  0.000413 6.748903 -0.000067  -0.062702 0.083784 0.022201
84  -0.000047 8.002644 0.000027  -0.067496 -0.117209 -0.115600
85  0.000010 8.580566 -0.000097  0.088213 -0.007188 0.334606
86  0.000168 8.689829 -0.000042  0.065326 -0.412430 -0.134517
87  -1.514530 2.104639 0.318056  -0.024895 3.094490 1.569497
88  0.000193 6.982286 0.000012  -0.107588 -0.057624 -0.215718
89  -0.000008 8.382874 -0.000067  0.135031 -0.099914 0.287074
90  -0.000067 8.697669 0.000024  -0.148089 -0.510100 0.044837
91  -0.000134 8.921824 0.000078  -0.236827 -0.892635 0.098805
92  3.553617 -3.478046 2.409277  0.000819 0.762046 1.535312
93  0.000002 4.476900 -0.000005  -0.151003 -0.588331 0.377258
94  0.000033 4.514116 -0.000022  -0.228866 -2.996200 0.592370
95  0.000044 4.518382 -0.000024  0.143172 2.612778 0.693386
96  0.000025 3.598328 0.000021  -0.749303 0.869852 -0.773233
97  4.209918 -0.440344 1.018823  -0.947733 -1.763631 -0.796721
98  4.265505 1.434232 -0.404993  -1.855020 -0.748969 0.180074
99  9.400234 0.017941 0.083201  0.114092 -0.030884 -2.057370
100  10.242422 0.033589 0.064482  2.319039 -0.169736 -0.084132
101  3.465856 -0.059677 0.016695  -0.033801 -0.008063 -0.181549
102  1.655592 -0.000023 0.000020  -0.031214 -0.036866 -0.143585
103  0.960768 0.000004 -0.000006  -0.008293 0.011119 -0.163402
104  3.462027 -0.064243 0.939912  0.276275 -0.169733 0.049046
105  1.497177 -0.000006 0.000021  -0.489157 0.032323 0.075515
106  0.793758 0.000004 -0.000000  0.001506 0.002345 -0.257773
107  0.591665 -0.460690 0.835205  -0.931198 -0.638051 -0.603474
108  1.556139 0.000008 -0.000001  -0.180610 0.049150 0.289542
109  1.135902 0.000024 -0.000002  0.113207 0.007916 0.385068
110  3.084270 -0.668819 -1.257082  -0.731821 0.303535 -0.337975
111  1.064200 -0.000005 0.000004  0.003912 0.079801 -0.571772
112  0.640338 0.000013 -0.000008  0.005899 -0.000839 -0.165469
113  3.396821 -0.242139 -0.708688  -0.453437 0.018528 -0.474694
114  1.532967 0.000009 0.000003  0.006907 -0.001359 -0.152367
115  0.832976 -0.000006 -0.000001  0.003202 0.011448 -0.333510
116  4.209939 -0.440339 -1.019279  0.957334 1.892329 -0.767965
117  4.266746 1.424943 0.424938  0.528758 0.968225 -1.474661
118  9.398561 0.011951 -0.082518  -0.075948 0.067310 -1.344463
119  10.242439 0.028172 -0.062909  -0.531785 0.739675 -0.299539
120  3.465741 -0.067522 0.002267  -0.097510 0.213281 -1.638755
121  1.655558 0.000006 0.000007  -0.145710 0.180183 -1.062262
122  0.960902 0.000009 0.000001  0.011989 0.146915 -0.725296
123  3.466845 -0.077777 -0.920909  -0.344625 0.134831 -1.702018
124  1.497261 -0.000038 -0.000022  -0.557677 0.305166 -0.954826
125  0.793787 -0.000004 0.000004  -0.166669 0.321098 -0.665640
126  0.595068 -0.467146 -0.829176  2.641505 0.813987 -0.557711
127  1.555669 0.000013 -0.000003  0.721434 0.531657 1.284120
128  1.136818 -0.000010 -0.000001  0.327013 0.330034 0.812094
129  3.075965 -0.667962 1.277700  0.650158 0.203071 -1.055398
130  1.064595 0.000020 0.000011  0.036136 -0.122549 -0.939874
131  0.640359 -0.000021 -0.000003  -0.109189 -0.031782 -0.552273
132  3.392407 -0.245368 0.728374  0.186645 0.261198 -1.509360
133  1.532730 -0.000012 0.000001  0.006533 0.018025 -0.856714
134  0.833151 0.000015 0.000005  -0.077470 -0.076502 -1.135256
135  3.590111 -3.090296 1.193972  1.635457 1.210566 1.548541
136  3.589560 -3.089880 -1.196373  -1.505736 1.210473 -1.592853
137  -0.436559 4.719025 -0.001076  -0.000413 -1.570733 1.693033
138  0.000000 2.775456 -0.000235  -0.135089 0.000001 -0.000000
139  -0.000000 3.189765 0.000008  0.207820 -0.000000 0.000000
140  0.000000 3.504655 0.000047  -0.261876 0.000000 -0.000000
141  -0.000000 2.863202 -0.000002  -0.051268 -0.000000 -0.000000
time 28
0  0.032984 -0.460868 33.150673  1.570862 0.000000 -0.000000
1  0.002636 43.025146 0.734438  -0.060599 0.081806 0.087082
2  3.061857 -4.181007 -0.610804  -1.651470 -0.839249 -1.325703
3  18.476772 0.000156 -0.000002  -0.001138 -0.059494 0.761889
4  17.490082 0.000117 0.000004  -0.027753 0.286997 -0.958318
5  -3.065330 -4.183571 -0.611480  -1.523284 -0.119358 -1.978068
6  18.474852 -0.000034 -0.000008  0.018811 0.089989 1.197203
7  17.489584 0.001917 -0.000007  0.189007 -0.051402 -1.849029
8  -0.000117 -0.048876 -0.576226  1.632541 0.096925 1.603595
9  3.224481 0.767047 0.000496  0.083165 -0.050453 0.209112
10  3.223912 0.226399 -0.001944  0.126221 -0.045842 0.239663
11  5.187319 -1.262559 -0.001177  0.000012 0.000066 0.194111
12  6.928415 -1.935313 -0.000229  -3.111907 0.107782 0.651555
13  3.236366 1.079614 0.000056  -0.320457 -0.036882 0.608592
14  0.833759 3.805349 0.692955  -0.040491 0.554884 1.469874
15  0.000042 6.792209 0.000039  0.007989 0.036071 -0.011406
16  -0.000067 7.744813 0.000014  -0.017441 -0.155305 0.068150
17  0.000073 7.809708 0.000018  -0.033637 0.005026 0.006143
18  -0.000025 7.867674 0.000018  -0.073329 -0.127910 0.026375
19  3.494706 -1.749091 -3.006912  0.152548 2.070419 1.936949
20  0.000119 4.478321 0.000018  -0.194661 0.310432 -0.234994
21  0.000048 4.636120 -0.000030  0.035825 0.324593 -0.151764
22  -0.000040 5.008648 0.000015  0.075995 -0.286564 0.276090
23  0.000064 4.781161 0.000010  0.904390 -2.690903 -0.015796
24  2.253041 1.989055 -3.350106  -1.523631 1.324497 0.112403
25  0.000161 6.589459 0.000168  0.206354 -0.002129 -0.080395
26  0.000043 7.491414 0.000044  -0.333511 0.184454 -0.191167
27  0.000027 7.660304 -0.000055  -0.063176 0.127194 -0.062118
28  0.000007 7.256269 0.000016  -0.052940 -0.487829 0.313814
29  -0.791157 2.265115 -1.234655  -0.753900 1.136377 0.824675
30  -0.000257 8.572254 -0.000088  -0.222844 -0.296789 0.176503
31  -0.000096 8.117212 0.000049  0.072257 0.772520 -0.285586
32  -0.000085 8.230030 -0.000072  -0.080491 -0.347232 0.072252
33  0.000060 7.366724 0.000051  -0.015394 -0.663892 0.062741
34  0.224218 0.240126 -3.218157  -0.877384 1.468888 0.577826
35  -0.000100 7.721046 -0.000305  -0.283827 0.060498 -0.167555
36  -0.000032 7.374850 -0.000001  0.007536 -0.195022 0.049539
37  0.000078 6.848098 0.000006  0.005485 0.006496 -0.033649
38  -0.000051 7.777864 0.000009  -0.186096 0.182474 -0.152846
39  -1.514465 2.104645 -1.150167  -0.029092 0.541319 1.555680
40  -0.000166 6.982350 -0.000076  -0.199699 -0.041212 0.153489
41  0.000039 8.382859 -0.000073  0.044866 0.587986 -0.257961
42  0.000013 8.697704 -0.000026  -0.102637 -0.474318 0.290943
43  0.000055 8.921806 -0.000001  -0.076258 0.581005 -0.195604
44  1.196196 2.899155 -2.353086  -0.449719 1.030105 1.287431
45  0.000105 5.476953 0.000005  0.285574 -0.099353 -0.038445
46  -0.000075 6.060438 -0.000086  -0.155020 -0.575032 0.384607
47  0.000015 5.994263 0.000028  0.033941 0.288575 -0.067729
48  -0.000007 6.100483 -0.000001  -0.068405 0.299273 -0.162154
49  0.000037 6.916758 0.000013  -0.096318 0.220533 -0.107964
50  0.000150 6.435061 -0.000046  -0.037458 0.171630 -0.116574
51  1.092800 3.649512 -1.738794  -0.148600 0.876612 1.445020
52  -0.000129 6.792198 -0.000106  0.008285 0.107792 -0.048643
53  -0.000088 7.744777 -0.000032  0.057137 -0.256893 0.015458
54  0.000090 9.115021 -0.000037  -0.020393 0.256253 -0.142636
55  3.494516 -1.749105 3.007064  0.118402 1.106974 1.813814
56  0.000014 4.323843 0.000087  -0.229908 -0.770942 0.449223
57  0.000028 4.872900 -0.000023  0.367242 -0.664052 -0.254033
58  0.000002 5.056649 0.000092  -0.511233 0.856588 -0.546320
59  2.292465 1.708611 3.661675  -1.762559 1.789110 -0.218970
60  -0.000172 6.589442 0.000276  -0.007131 -0.169123 0.176911
61  0.000174 7.491494 -0.000152  -0.132416 -0.107097 0.179326
62  -0.000138 8.249663 0.000144  0.041912 -0.058209 0.015814
63  0.000074 8.605233 -0.000026  0.101585 0.501824 -0.079697
64  -0.240486 2.066067 2.349267  -0.357331 2.461714 1.296085
65  -0.000085 7.721104 -0.000002  -0.208229 -0.126223 -0.116495
66  -0.000121 7.374868 -0.000046  -0.111018 0.046939 -0.046462
67  -0.000035 6.848067 -0.000025  0.273532 0.247522 0.299906
68  0.000033 7.777821 -0.000044  0.072921 0.186147 -0.052688
69  -0.000086 8.178053 0.000012  -0.087029 -0.422849 -0.381358
70  1.617609 3.431407 2.399265  -0.249455 2.569515 1.508574
71  -0.000166 5.476937 -0.000028  0.057729 0.074072 0.060285
72  -0.000091 6.060494 -0.000007  -0.015204 0.015650 -0.152066
73  0.000025 5.994242 0.000012  -0.126212 -0.157657 0.153302
74  -0.000077 7.076872 -0.000046  -0.008118 0.010385 0.036402
75  0.000005 7.089864 -0.000071  0.070875 0.098587 -0.025893
76  0.361114 0.886683 3.287746  -0.576374 1.978709 0.939014
77  -0.000065 6.686644 0.000222  -0.146568 0.414164 -0.327706
78  -0.000011 7.638012 0.000012  -0.079523 -0.025948 0.130956
79  -0.000033 7.290226 -0.000024  0.025325 -0.093908 0.023962
80  -0.000031 6.530368 0.000004  -0.261847 -0.300600 0.006736
81  0.000066 7.224877 0.000009  0.036505 0.032481 -0.175824
82  1.071904 3.225796 1.570115  -0.043806 2.859975 1.526250
83  0.000418 6.748900 -0.000066  -0.062702 0.083784 0.022201
84  -0.000050 8.002640 0.000027  -0.067496 -0.117209 -0.115600
85  0.000011 8.580571 -0.000097  0.088213 -0.007188 0.334606
86  0.000170 8.689835 -0.000042  0.065326 -0.412430 -0.134517
87  -1.514530 2.104637 0.318055  -0.024895 3.094490 1.569497
88  0.000194 6.982289 0.000012  -0.107588 -0.057624 -0.215718
89  -0.000010 8.382863 -0.000068  0.135031 -0.099914 0.287074
90  -0.000061 8.697672 0.000023  -0.148089 -0.510100 0.044837
91  -0.000135 8.921822 0.000078  -0.236827 -0.892635 0.098805
92  3.553614 -3.478047 2.409277  0.000819 0.762046 1.535312
93  -0.000000 4.476894 -0.000007  -0.151002 -0.588331 0.377258
94  0.000033 4.514117 -0.000024  -0.228866 -2.996200 0.592370
95  0.000045 4.518380 -0.000022  0.143172 2.612778 0.693386
96  0.000023 3.598332 0.000024  -0.749303 0.869852 -0.773233
97  4.209922 -0.440344 1.018823  -0.926336 -1.746522 -0.820337
98  4.265505 1.434231 -0.404991  -1.850341 -0.808170 0.179844
99  9.400232 0.017940 0.083203  0.112152 -0.034124 -2.007577
100  10.242419 0.033592 0.064480  2.417410 -0.175521 -0.138049
101  3.465855 -0.059680 0.016694  -0.033688 -0.003660 -0.167821
102  1.655593 -0.000026 0.000025  -0.033659 -0.026308 -0.098369
103  0.960768 -0.000006 -0.000002  -0.009267 0.019707 -0.119757
104  3.462030 -0.064247 0.939908  0.276286 -0.177728 0.043007
105  1.497176 -0.000005 0.000019  -0.487824 0.045736 0.109499
106  0.793759 0.000000 0.000005  0.002449 -0.001051 -0.223378
107  0.591662 -0.460691 0.835205  -0.949322 -0.650610 -0.597778
108  1.556143 -0.000003 -0.000000  -0.182734 0.032287 0.252802
109  1.135908 0.000022 0.000001  0.107948 -0.001343 0.342605
110  3.084271 -0.668822 -1.257089  -0.731807 0.316131 -0.330074
111  1.064202 -0.000008 0.000007  0.007426 0.073967 -0.507389
112  0.640336 0.000005 -0.000008  0.005411 -0.007652 -0.091154
113  3.396824 -0.242138 -0.708693  -0.456356 0.030158 -0.456056
114  1.532968 0.000006 0.000005  0.006539 -0.000464 -0.098961
115  0.832974 -0.000001 -0.000003  0.003172 0.011970 -0.308656
116  4.209946 -0.440342 -1.019280  0.960132 1.883979 -0.766799
117  4.266745 1.424942 0.424937  0.597721 0.952671 -1.437298
118  9.398556 0.011948 -0.082515  -0.076909 0.066980 -1.357564
119  10.242437 0.028178 -0.062907  -0.534267 0.655497 -0.270418
120  3.465755 -0.067524 0.002269  -0.097564 0.213302 -1.639087
121  1.655561 0.000002 0.000004  -0.145794 0.180248 -1.062550
122  0.960907 0.000003 0.000001  0.011927 0.147014 -0.725550
123  3.466857 -0.077781 -0.920908  -0.344666 0.134844 -1.702361
124  1.497259 -0.000037 -0.000023  -0.557765 0.305234 -0.955120
125  0.793789 -0.000001 -0.000002  -0.166755 0.321208 -0.665802
126  0.595084 -0.467152 -0.829176  2.641597 0.814035 -0.557775
127  1.555671 0.000015 -0.000004  0.721703 0.531776 1.284559
128  1.136811 -0.000011 -0.000000  0.327153 0.330130 0.812253
129  3.075976 -0.667965 1.277703  0.650140 0.203116 -1.055535
130  1.064595 0.000018 0.000011  0.036162 -0.122563 -0.940144
131  0.640361 -0.000017 -0.000004  -0.109185 -0.031807 -0.552465
132  3.392416 -0.245370 0.728377  0.186541 0.261196 -1.509684
133  1.532741 -0.000007 -0.000002  0.006528 0.018030 -0.856983
134  0.833153 0.000012 0.000004  -0.077511 -0.076551 -1.135530
135  3.590110 -3.090295 1.193972  1.635457 1.210566 1.548541
136  3.589557 -3.089880 -1.196373  -1.505736 1.210473 -1.592853
137  -0.436560 4.719026 -0.001076  -0.000709 -1.570733 1.693093
138  0.000000 2.775453 -0.000233  -0.135089 0.000001 -0.000000
139  0.000000 3.189764 0.000010  0.207820 -0.000000 0.000000
140  -0.000000 3.504647 0.000045  -0.261876 0.000000 -0.000000
141  -0.000000 2.863201 -0.000003  -0.051268 -0.000000 -0.000000
time 29
0  0.068437 -0.582974 33.608887  1.570862 0.000000 -0.000000
1  0.002636 43.025146 0.734438  -0.080252 0.064186 0.076597
2  3.061858 -4.181012 -0.610804  -1.636273 -0.792147 -1.316452
3  18.476774 0.000162 -0.000002  -0.000795 -0.058397 0.747850
4  17.490086 0.000117 0.000004  -0.029709 0.299715 -0.967356
5  -3.065329 -4.183576 -0.611480  -1.544603 -0.104770 -1.958823
6  18.474854 -0.000033 -0.000008  0.016627 0.087526 1.156906
7  17.489586 0.001915 -0.000005  0.176620 -0.039931 -1.817080
8  -0.000117 -0.048887 -0.576226  1.643476 0.099317 1.608208
9  3.224484 0.767046 0.000496  0.100336 -0.042267 0.198102
10  3.223909 0.226399 -0.001944  0.141956 -0.035337 0.228388
11  5.187318 -1.262560 -0.001177  0.000012 0.000066 0.194111
12  6.928411 -1.935310 -0.000227  -3.109430 0.121478 0.658793
13  3.236367 1.079619 0.000055  -0.341726 -0.021558 0.567833
14  0.833750 3.805346 0.692955  -0.040491 0.554884 1.469874
15  0.000041 6.792208 0.000039  0.007989 0.036071 -0.011406
16  -0.000069 7.744822 0.000015  -0.017441 -0.155305 0.068150
17  0.000072 7.809706 0.000018  -0.033637 0.005026 0.006143
18  -0.000027 7.867674 0.000018  -0.073329 -0.127910 0.026375
19  3.494689 -1.749099 -3.006912  0.152548 2.070419 1.936949
20  0.000119 4.478320 0.000016  -0.194661 0.310432 -0.234994
21  0.000048 4.636120 -0.000028  0.035825 0.324593 -0.151764
22  -0.000042 5.008652 0.000013  0.075995 -0.286564 0.276090
23  0.000064 4.781165 0.000010  0.904391 -2.690903 -0.015797
24  2.253032 1.989053 -3.350106  -1.523631 1.324497 0.112403
25  0.000161 6.589465 0.000173  0.206354 -0.002129 -0.080395
26  0.000043 7.491412 0.000046  -0.333511 0.184454 -0.191167
27  0.000025 7.660306 -0.000056  -0.063176 0.127195 -0.062118
28  0.000007 7.256279 0.000019  -0.052940 -0.487829 0.313814
29  -0.791166 2.265116 -1.234655  -0.753900 1.136377 0.824675
30  -0.000255 8.572263 -0.000088  -0.222844 -0.296789 0.176503
31  -0.000094 8.117216 0.000049  0.072258 0.772520 -0.285586
32  -0.000084 8.230037 -0.000071  -0.080491 -0.347232 0.072252
33  0.000061 7.366719 0.000052  -0.015394 -0.663892 0.062741
34  0.224213 0.240122 -3.218158  -0.877385 1.468888 0.577826
35  -0.000102 7.721048 -0.000306  -0.283827 0.060498 -0.167555
36  -0.000031 7.374857 -0.000004  0.007536 -0.195022 0.049539
37  0.000076 6.848103 0.000006  0.005485 0.006496 -0.033649
38  -0.000051 7.777859 0.000011  -0.186096 0.182474 -0.152847
39  -1.514472 2.104643 -1.150167  -0.029092 0.541319 1.555680
40  -0.000170 6.982352 -0.000076  -0.199699 -0.041212 0.153489
41  0.000039 8.382860 -0.000072  0.044866 0.587986 -0.257961
42  0.000010 8.697704 -0.000028  -0.102637 -0.474318 0.290943
43  0.000057 8.921805 -0.000003  -0.076258 0.581005 -0.195604
44  1.196185 2.899151 -2.353086  -0.449719 1.030105 1.287431
45  0.000105 5.476944 0.000008  0.285574 -0.099353 -0.038445
46  -0.000073 6.060435 -0.000090  -0.155019 -0.575032 0.384607
47  0.000021 5.994261 0.000031  0.033941 0.288574 -0.067729
48  -0.000007 6.100487 0.000001  -0.068405 0.299273 -0.162154
49  0.000035 6.916760 0.000010  -0.096318 0.220533 -0.107964
50  0.000150 6.435057 -0.000044  -0.037458 0.171630 -0.116574
51  1.092793 3.649508 -1.738794  -0.148600 0.876612 1.445020
52  -0.000129 6.792208 -0.000103  0.008285 0.107792 -0.048643
53  -0.000089 7.744776 -0.000034  0.057137 -0.256893 0.015458
54  0.000087 9.115022 -0.000036  -0.020393 0.256253 -0.142636
55  3.494511 -1.749107 3.007064  0.118402 1.106974 1.813814
56  0.000013 4.323837 0.000088  -0.229908 -0.770942 0.449223
57  0.000029 4.872896 -0.000020  0.367242 -0.664052 -0.254033
58  0.000001 5.056652 0.000094  -0.511233 0.856588 -0.546320
59  2.292457 1.708608 3.661675  -1.762559 1.789110 -0.218970
60  -0.000172 6.589447 0.000272  -0.007131 -0.169122 0.176911
61  0.000172 7.491489 -0.000152  -0.132416 -0.107097 0.179326
62  -0.000141 8.249657 0.000143  0.041912 -0.058209 0.015814
63  0.000073 8.605238 -0.000027  0.101585 0.501824 -0.079697
64  -0.240492 2.066068 2.349267  -0.357331 2.461714 1.296085
65  -0.000089 7.721108 -0.000003  -0.208229 -0.126223 -0.116495
66  -0.000123 7.374868 -0.000047  -0.111018 0.046939 -0.046462
67  -0.000034 6.848068 -0.000026  0.273532 0.247522 0.299906
68  0.000033 7.777825 -0.000044  0.072921 0.186148 -0.052688
69  -0.000083 8.178051 0.000013  -0.087029 -0.422849 -0.381358
70  1.617599 3.431405 2.399266  -0.249455 2.569515 1.508574
71  -0.000163 5.476943 -0.000027  0.057729 0.074072 0.060285
72  -0.000096 6.060496 -0.000006  -0.015204 0.015650 -0.152066
73  0.000026 5.994251 0.000010  -0.126212 -0.157657 0.153302
74  -0.000076 7.076876 -0.000047  -0.008118 0.010385 0.036402
75  0.000003 7.089870 -0.000069  0.070875 0.098587 -0.025893
76  0.361108 0.886679 3.287746  -0.576374 1.978709 0.939014
77  -0.000063 6.686656 0.000221  -0.146568 0.414164 -0.327706
78  -0.000011 7.638020 0.000012  -0.079523 -0.025948 0.130956
79  -0.000034 7.290228 -0.000020  0.025325 -0.093908 0.023962
80  -0.000034 6.530364 0.000001  -0.261847 -0.300600 0.006736
81  0.000063 7.224880 0.000008  0.036505 0.032481 -0.175824
82  1.071896 3.225795 1.570115  -0.043806 2.859975 1.526250
83  0.000414 6.748899 -0.000067  -0.062702 0.083784 0.022201
84  -0.000044 8.002647 0.000026  -0.067496 -0.117209 -0.115600
85  0.000010 8.580563 -0.000097  0.088213 -0.007188 0.334606
86  0.000172 8.689835 -0.000040  0.065327 -0.412430 -0.134517
87  -1.514535 2.104638 0.318056  -0.024895 3.094490 1.569497
88  0.000183 6.982279 0.000011  -0.107588 -0.057624 -0.215718
89  -0.000011 8.382872 -0.000068  0.135031 -0.099914 0.287074
90  -0.000059 8.697675 0.000023  -0.148089 -0.510100 0.044837
91  -0.000134 8.921830 0.000077  -0.236827 -0.892635 0.098805
92  3.553610 -3.478048 2.409277  0.000819 0.762046 1.535312
93  0.000002 4.476896 -0.000004  -0.151002 -0.588331 0.377259
94  0.000033 4.514121 -0.000023  -0.228866 -2.996200 0.592370
95  0.000043 4.518384 -0.000026  0.143172 2.612778 0.693386
96  0.000022 3.598334 0.000022  -0.749303 0.869852 -0.773233
97  4.209923 -0.440345 1.018824  -0.920605 -1.736733 -0.827325
98  4.265506 1.434232 -0.404992  -1.859020 -0.882429 0.179173
99  9.400235 0.017940 0.083206  0.109681 -0.037784 -1.949331
100  10.242419 0.033590 0.064472  2.533629 -0.171268 -0.211228
101  3.465857 -0.059676 0.016692  -0.033576 0.000466 -0.154908
102  1.655593 -0.000022 0.000030  -0.035472 -0.015404 -0.052184
103  0.960768 -0.000003 -0.000010  -0.009939 0.028623 -0.074883
104  3.462029 -0.064246 0.939908  0.276823 -0.185374 0.035190
105  1.497177 -0.000010 0.000017  -0.486010 0.059251 0.143918
106  0.793759 -0.000000 -0.000003  0.003290 -0.004547 -0.188275
107  0.591662 -0.460691 0.835205  -0.968523 -0.663535 -0.591168
108  1.556140 0.000011 0.000001  -0.184302 0.014696 0.214712
109  1.135906 0.000017 0.000003  0.102948 -0.011108 0.298913
110  3.084270 -0.668819 -1.257085  -0.731744 0.327732 -0.322682
111  1.064201 0.000003 0.000006  0.010606 0.067676 -0.440654
112  0.640338 0.000010 -0.000009  0.004331 -0.014492 -0.015194
113  3.396821 -0.242137 -0.708689  -0.458743 0.041628 -0.437590
114  1.532969 0.000010 0.000012  0.006215 0.000466 -0.044474
115  0.832976 -0.000010 0.000001  0.003090 0.012490 -0.282909
116  4.209946 -0.440342 -1.019279  0.960156 1.875348 -0.768333
117  4.266747 1.424939 0.424937  0.686605 0.929409 -1.369285
118  9.398571 0.011950 -0.082518  -0.079137 0.066160 -1.388170
119  10.242438 0.028171 -0.062908  -0.524345 0.584616 -0.234495
120  3.465744 -0.067527 0.002269  -0.097586 0.213287 -1.639501
121  1.655562 0.000006 0.000006  -0.145899 0.180233 -1.062916
122  0.960908 0.000010 0.000000  0.011954 0.147075 -0.725744
123  3.466850 -0.077779 -0.920908  -0.344716 0.134861 -1.702790
124  1.497260 -0.000031 -0.000022  -0.557876 0.305320 -0.955487
125  0.793789 -0.000007 0.000001  -0.166813 0.321281 -0.665910
126  0.595075 -0.467149 -0.829175  2.641617 0.814135 -0.557913
127  1.555671 0.000016 -0.000005  0.721947 0.531850 1.285019
128  1.136812 -0.000007 -0.000004  0.327389 0.330227 0.812455
129  3.075969 -0.667964 1.277700  0.650113 0.203183 -1.055741
130  1.064599 0.000021 0.000012  0.036181 -0.122573 -0.940346
131  0.640360 -0.000015 0.000000  -0.109240 -0.031850 -0.552654
132  3.392408 -0.245371 0.728375  0.186454 0.261270 -1.509921
133  1.532736 -0.000009 0.000000  0.006524 0.018035 -0.857185
134  0.833150 0.000005 0.000010  -0.077507 -0.076558 -1.135806
135  3.590109 -3.090295 1.193972  1.635457 1.210566 1.548541
136  3.589558 -3.089880 -1.196373  -1.505736 1.210473 -1.592853
137  -0.436562 4.719026 -0.001076  -0.000532 -1.570733 1.692954
138  -0.000000 2.775454 -0.000235  -0.135089 0.000001 -0.000000
139  -0.000000 3.189770 0.000008  0.207820 0.000000 0.000000
140  -0.000001 3.504655 0.000045  -0.261876 0.000000 -0.000000
141  -0.000000 2.863202 -0.000003  -0.051268 -0.000000 -0.000000
time 30
0  0.111652 -0.651635 34.009583  1.570862 0.000000 -0.000000
1  0.002636 43.025146 0.734438  -0.100350 0.046350 0.063419
2  3.061857 -4.181016 -0.610804  -1.620309 -0.749398 -1.305737
3  18.476776 0.000158 0.000000  -0.000631 -0.057853 0.740909
4  17.490086 0.000117 0.000007  -0.029061 0.313722 -0.978668
5  -3.065329 -4.183572 -0.611479  -1.565788 -0.090100 -1.938325
6  18.474850 -0.000034 -0.000008  0.014685 0.085155 1.119398
7  17.489584 0.001913 -0.000006  0.160971 -0.027796 -1.782521
8  -0.000117 -0.048882 -0.576226  1.652766 0.103133 1.612017
9  3.224481 0.767047 0.000496  0.118707 -0.030815 0.190894
10  3.223906 0.226399 -0.001945  0.158505 -0.021079 0.220998
11  5.187320 -1.262561 -0.001177  0.000012 0.000066 0.194111
12  6.928410 -1.935313 -0.000227  -3.109337 0.134247 0.658176
13  3.236367 1.079619 0.000057  -0.364096 -0.006979 0.523215
14  0.833757 3.805348 0.692955  -0.040491 0.554884 1.469874
15  0.000042 6.792203 0.000039  0.007989 0.036071 -0.011405
16  -0.000067 7.744817 0.000015  -0.017441 -0.155305 0.068150
17  0.000072 7.809695 0.000017  -0.033637 0.005026 0.006143
18  -0.000027 7.867674 0.000017  -0.073329 -0.127910 0.026375
19  3.494701 -1.749093 -3.006912  0.152548 2.070419 1.936949
20  0.000119 4.478316 0.000019  -0.194661 0.310432 -0.234994
21  0.000048 4.636115 -0.000029  0.035825 0.324593 -0.151764
22  -0.000042 5.008647 0.000013  0.075995 -0.286564 0.276090
23  0.000064 4.781162 0.000010  0.904391 -2.690903 -0.015797
24  2.253041 1.989057 -3.350106  -1.523631 1.324497 0.112403
25  0.000160 6.589472 0.000164  0.206354 -0.002129 -0.080395
26  0.000042 7.491414 0.000043  -0.333511 0.184454 -0.191167
27  0.000026 7.660305 -0.000060  -0.063176 0.127195 -0.062118
28  0.000008 7.256267 0.000018  -0.052940 -0.487829 0.313814
29  -0.791160 2.265116 -1.234656  -0.753900 1.136377 0.824675
30  -0.000255 8.572260 -0.000088  -0.222844 -0.296789 0.176503
31  -0.000093 8.117215 0.000049  0.072258 0.772520 -0.285586
32  -0.000079 8.230026 -0.000069  -0.080491 -0.347232 0.072252
33  0.000059 7.366726 0.000052  -0.015394 -0.663892 0.062742
34  0.224221 0.240130 -3.218158  -0.877385 1.468888 0.577826
35  -0.000101 7.721051 -0.000312  -0.283827 0.060498 -0.167555
36  -0.000030 7.374852 -0.000003  0.007536 -0.195022 0.049539
37  0.000075 6.848102 0.000007  0.005485 0.006496 -0.033649
38  -0.000052 7.777870 0.000008  -0.186096 0.182474 -0.152846
39  -1.514465 2.104648 -1.150167  -0.029092 0.541319 1.555680
40  -0.000169 6.982342 -0.000078  -0.199699 -0.041212 0.153489
41  0.000040 8.382860 -0.000073  0.044866 0.587986 -0.257961
42  0.000010 8.697703 -0.000030  -0.102637 -0.474318 0.290943
43  0.000056 8.921807 -0.000003  -0.076258 0.581005 -0.195604
44  1.196195 2.899156 -2.353086  -0.449719 1.030105 1.287431
45  0.000104 5.476943 0.000005  0.285574 -0.099353 -0.038445
46  -0.000070 6.060439 -0.000090  -0.155020 -0.575032 0.384607
47  0.000019 5.994259 0.000029  0.033941 0.288574 -0.067729
48  -0.000009 6.100482 -0.000001  -0.068405 0.299273 -0.162154
49  0.000035 6.916753 0.000009  -0.096318 0.220533 -0.107964
50  0.000149 6.435059 -0.000047  -0.037458 0.171630 -0.116574
51  1.092798 3.649514 -1.738794  -0.148600 0.876612 1.445020
52  -0.000132 6.792199 -0.000105  0.008284 0.107792 -0.048643
53  -0.000088 7.744775 -0.000032  0.057137 -0.256893 0.015458
54  0.000084 9.115023 -0.000037  -0.020393 0.256253 -0.142636
55  3.494520 -1.749103 3.007064  0.118402 1.106974 1.813814
56  0.000015 4.323838 0.000086  -0.229908 -0.770942 0.449223
57  0.000029 4.872902 -0.000024  0.367242 -0.664052 -0.254033
58  0.000005 5.056657 0.000095  -0.511233 0.856588 -0.546320
59  2.292467 1.708615 3.661675  -1.762559 1.789110 -0.218970
60  -0.000172 6.589442 0.000279  -0.007131 -0.169122 0.176911
61  0.000171 7.491503 -0.000148  -0.132416 -0.107097 0.179326
62  -0.000139 8.249663 0.000140  0.041912 -0.058209 0.015814
63  0.000072 8.605237 -0.000027  0.101585 0.501824 -0.079697
64  -0.240489 2.066071 2.349267  -0.357331 2.461714 1.296085
65  -0.000085 7.721102 -0.000003  -0.208229 -0.126223 -0.116495
66  -0.000124 7.374866 -0.000046  -0.111018 0.046939 -0.046462
67  -0.000035 6.848063 -0.000025  0.273532 0.247522 0.299906
68  0.000032 7.777824 -0.000044  0.072921 0.186148 -0.052688
69  -0.000085 8.178047 0.000011  -0.087029 -0.422849 -0.381358
70  1.617605 3.431408 2.399265  -0.249455 2.569514 1.508574
71  -0.000165 5.476947 -0.000030  0.057729 0.074072 0.060285
72  -0.000092 6.060499 -0.000008  -0.015204 0.015650 -0.152066
73  0.000028 5.994253 0.000011  -0.126212 -0.157657 0.153302
74  -0.000075 7.076878 -0.000044  -0.008118 0.010385 0.036402
75  0.000001 7.089869 -0.000071  0.070875 0.098587 -0.025893
76  0.361109 0.886678 3.287746  -0.576374 1.978709 0.939014
77  -0.000062 6.686641 0.000225  -0.146569 0.414164 -0.327706
78  -0.000010 7.638013 0.000012  -0.079523 -0.025948 0.130956
79  -0.000032 7.290229 -0.000021  0.025325 -0.093908 0.023962
80  -0.000033 6.530362 0.000006  -0.261847 -0.300600 0.006736
81  0.000063 7.224881 0.000010  0.036505 0.032481 -0.175824
82  1.071899 3.225798 1.570115  -0.043806 2.859975 1.526250
83  0.000418 6.748908 -0.000066  -0.062702 0.083784 0.022201
84  -0.000046 8.002648 0.000027  -0.067496 -0.117209 -0.115600
85  0.000010 8.580568 -0.000098  0.088213 -0.007188 0.334606
86  0.000169 8.689838 -0.000040  0.065326 -0.412430 -0.134517
87  -1.514536 2.104637 0.318055  -0.024895 3.094490 1.569497
88  0.000190 6.982280 0.000012  -0.107588 -0.057624 -0.215718
89  -0.000010 8.382876 -0.000068  0.135031 -0.099914 0.287074
90  -0.000056 8.697675 0.000023  -0.148089 -0.510100 0.044837
91  -0.000134 8.921826 0.000076  -0.236827 -0.892635 0.098805
92  3.553622 -3.478045 2.409277  0.000819 0.762046 1.535312
93  0.000001 4.476904 -0.000008  -0.151002 -0.588331 0.377258
94  0.000033 4.514117 -0.000023  -0.228866 -2.996200 0.592370
95  0.000044 4.518384 -0.000024  0.143172 2.612778 0.693386
96  0.000025 3.598323 0.000025  -0.749303 0.869852 -0.773233
97  4.209924 -0.440346 1.018824  -0.923060 -1.731389 -0.825528
98  4.265505 1.434232 -0.404990  -1.879816 -0.962683 0.181265
99  9.400234 0.017941 0.083202  0.106896 -0.041424 -1.888865
100  10.242419 0.033591 0.064483  2.654499 -0.155539 -0.290057
101  3.465856 -0.059678 0.016694  -0.033421 0.004393 -0.142764
102  1.655595 -0.000023 0.000025  -0.036673 -0.004749 -0.007371
103  0.960770 -0.000001 -0.000004  -0.010097 0.037243 -0.031369
104  3.462029 -0.064246 0.939909  0.277559 -0.192676 0.027115
105  1.497177 -0.000008 0.000017  -0.483871 0.072342 0.177353
106  0.793759 0.000001 -0.000006  0.003929 -0.007965 -0.154335
107  0.591664 -0.460691 0.835205  -0.987654 -0.675948 -0.584230
108  1.556141 0.000001 -0.000001  -0.185282 -0.002497 0.177574
109  1.135907 0.000015 0.000005  0.098444 -0.020774 0.256519
110  3.084271 -0.668820 -1.257085  -0.731535 0.338669 -0.315647
111  1.064201 -0.000004 0.000005  0.013336 0.061420 -0.375649
112  0.640336 -0.000001 -0.000006  0.002807 -0.021097 0.058491
113  3.396822 -0.242137 -0.708687  -0.460793 0.052738 -0.419745
114  1.532970 0.000013 0.000005  0.005876 0.001434 0.008260
115  0.832976 -0.000005 0.000000  0.003028 0.012999 -0.257854
116  4.209944 -0.440344 -1.019279  0.959566 1.866993 -0.770378
117  4.266747 1.424943 0.424940  0.770247 0.898018 -1.295087
118  9.398558 0.011949 -0.082516  -0.082285 0.064867 -1.432046
119  10.242442 0.028173 -0.062906  -0.491261 0.545786 -0.195452
120  3.465748 -0.067527 0.002268  -0.097641 0.213308 -1.639832
121  1.655557 0.000007 0.000004  -0.145945 0.180250 -1.063205
122  0.960908 -0.000002 0.000000  0.011926 0.147109 -0.725941
123  3.466856 -0.077781 -0.920909  -0.344717 0.134921 -1.703131
124  1.497259 -0.000036 -0.000023  -0.557964 0.305388 -0.955782
125  0.793790 -0.000002 0.000000  -0.166899 0.321390 -0.666073
126  0.595079 -0.467152 -0.829174  2.641616 0.814168 -0.558014
127  1.555673 0.000015 0.000000  0.722216 0.531969 1.285458
128  1.136810 -0.000005 -0.000002  0.327530 0.330323 0.812614
129  3.075973 -0.667969 1.277700  0.650070 0.203279 -1.055861
130  1.064602 0.000018 0.000011  0.036207 -0.122586 -0.940616
131  0.640360 -0.000016 -0.000001  -0.109236 -0.031876 -0.552846
132  3.392412 -0.245369 0.728377  0.186350 0.261268 -1.510245
133  1.532735 -0.000002 -0.000004  0.006519 0.018040 -0.857455
134  0.833152 0.000012 0.000004  -0.077548 -0.076607 -1.136081
135  3.590111 -3.090295 1.193972  1.635457 1.210566 1.548541
136  3.589556 -3.089880 -1.196372  -1.505736 1.210473 -1.592853
137  -0.436566 4.719026 -0.001076  -0.000591 -1.570733 1.692980
138  0.000000 2.775455 -0.000237  -0.135089 0.000001 -0.000000
139  0.000000 3.189769 0.000008  0.207820 -0.000000 0.000000
140  0.000000 3.504650 0.000044  -0.261876 0.000000 -0.000000
141  0.000000 2.863204 -0.000002  -0.051268 0.000000 -0.000000
time 31
0  0.158973 -0.680407 34.346756  1.570862 0.000000 -0.000000
1  0.002636 43.025146 0.734438  -0.119168 0.030564 0.050166
2  3.061857 -4.181012 -0.610804  -1.604451 -0.712297 -1.296291
3  18.476774 0.000156 -0.000000  -0.000567 -0.057639 0.738187
4  17.490084 0.000116 0.000005  -0.026951 0.327766 -0.990112
5  -3.065329 -4.183575 -0.611479  -1.583439 -0.075328 -1.919131
6  18.474855 -0.000035 -0.000007  0.013023 0.082973 1.085837
7  17.489582 0.001917 -0.000007  0.145860 -0.016954 -1.748625
8  -0.000117 -0.048880 -0.576226  1.660495 0.107045 1.615107
9  3.224487 0.767048 0.000496  0.136242 -0.018761 0.186762
10  3.223910 0.226399 -0.001944  0.174457 -0.005729 0.216334
11  5.187321 -1.262560 -0.001177  0.000012 0.000066 0.194111
12  6.928411 -1.935314 -0.000228  -3.111867 0.145796 0.650391
13  3.236369 1.079614 0.000056  -0.386061 0.003975 0.478253
14  0.833754 3.805351 0.692956  -0.040491 0.554884 1.469874
15  0.000042 6.792207 0.000041  0.007989 0.036071 -0.011406
16  -0.000070 7.744817 0.000014  -0.017441 -0.155305 0.068150
17  0.000071 7.809701 0.000017  -0.033637 0.005026 0.006143
18  -0.000025 7.867671 0.000014  -0.073329 -0.127910 0.026375
19  3.494691 -1.749095 -3.006912  0.152548 2.070419 1.936949
20  0.000118 4.478318 0.000018  -0.194661 0.310432 -0.234994
21  0.000047 4.636119 -0.000030  0.035825 0.324593 -0.151765
22  -0.000042 5.008646 0.000015  0.075995 -0.286564 0.276090
23  0.000063 4.781167 0.000010  0.904392 -2.690903 -0.015797
24  2.253036 1.989061 -3.350105  -1.523631 1.324497 0.112403
25  0.000161 6.589463 0.000169  0.206354 -0.002129 -0.080395
26  0.000043 7.491412 0.000042  -0.333511 0.184454 -0.191167
27  0.000026 7.660298 -0.000054  -0.063176 0.127194 -0.062118
28  0.000007 7.256266 0.000019  -0.052940 -0.487829 0.313814
29  -0.791161 2.265122 -1.234655  -0.753900 1.136377 0.824675
30  -0.000258 8.572259 -0.000091  -0.222844 -0.296789 0.176503
31  -0.000094 8.117214 0.000046  0.072258 0.772520 -0.285585
32  -0.000084 8.230034 -0.000068  -0.080491 -0.347232 0.072252
33  0.000061 7.366724 0.000057  -0.015394 -0.663892 0.062741
34  0.224206 0.240123 -3.218157  -0.877385 1.468888 0.577826
35  -0.000101 7.721049 -0.000307  -0.283827 0.060498 -0.167555
36  -0.000031 7.374849 -0.000003  0.007536 -0.195022 0.049539
37  0.000076 6.848102 0.000010  0.005485 0.006496 -0.033649
38  -0.000050 7.777867 0.000009  -0.186096 0.182474 -0.152847
39  -1.514469 2.104653 -1.150166  -0.029092 0.541319 1.555680
40  -0.000172 6.982350 -0.000073  -0.199699 -0.041212 0.153489
41  0.000038 8.382860 -0.000072  0.044866 0.587986 -0.257961
42  0.000011 8.697702 -0.000025  -0.102637 -0.474318 0.290943
43  0.000055 8.921807 -0.000001  -0.076258 0.581005 -0.195604
44  1.196186 2.899155 -2.353085  -0.449719 1.030105 1.287431
45  0.000104 5.476944 0.000004  0.285574 -0.099353 -0.038445
46  -0.000075 6.060436 -0.000089  -0.155019 -0.575032 0.384607
47  0.000018 5.994255 0.000031  0.033941 0.288575 -0.067729
48  -0.000010 6.100491 0.000001  -0.068405 0.299273 -0.162154
49  0.000037 6.916760 0.000008  -0.096318 0.220533 -0.107964
50  0.000151 6.435060 -0.000044  -0.037458 0.171630 -0.116574
51  1.092790 3.649515 -1.738793  -0.148600 0.876612 1.445020
52  -0.000130 6.792204 -0.000106  0.008284 0.107792 -0.048643
53  -0.000092 7.744779 -0.000028  0.057137 -0.256893 0.015458
54  0.000086 9.115019 -0.000036  -0.020393 0.256253 -0.142636
55  3.494507 -1.749105 3.007064  0.118402 1.106974 1.813814
56  0.000014 4.323841 0.000085  -0.229908 -0.770942 0.449223
57  0.000029 4.872901 -0.000019  0.367242 -0.664052 -0.254033
58  0.000005 5.056648 0.000092  -0.511233 0.856588 -0.546320
59  2.292456 1.708615 3.661675  -1.762559 1.789110 -0.218970
60  -0.000173 6.589432 0.000273  -0.007131 -0.169123 0.176911
61  0.000176 7.491496 -0.000148  -0.132416 -0.107097 0.179326
62  -0.000137 8.249660 0.000144  0.041912 -0.058209 0.015814
63  0.000071 8.605240 -0.000026  0.101585 0.501824 -0.079697
64  -0.240492 2.066075 2.349267  -0.357331 2.461714 1.296085
65  -0.000086 7.721105 -0.000001  -0.208229 -0.126223 -0.116495
66  -0.000122 7.374869 -0.000045  -0.111018 0.046939 -0.046462
67  -0.000038 6.848065 -0.000026  0.273532 0.247522 0.299906
68  0.000037 7.777825 -0.000044  0.072921 0.186148 -0.052688
69  -0.000082 8.178050 0.000011  -0.087029 -0.422849 -0.381358
70  1.617596 3.431408 2.399265  -0.249455 2.569515 1.508574
71  -0.000165 5.476942 -0.000029  0.057729 0.074072 0.060285
72  -0.000090 6.060496 -0.000006  -0.015204 0.015650 -0.152066
73  0.000026 5.994250 0.000011  -0.126212 -0.157657 0.153302
74  -0.000077 7.076873 -0.000048  -0.008118 0.010385 0.036402
75  0.000005 7.089872 -0.000071  0.070875 0.098587 -0.025893
76  0.361103 0.886681 3.287746  -0.576374 1.978709 0.939014
77  -0.000065 6.686650 0.000225  -0.146568 0.414164 -0.327706
78  -0.000012 7.638013 0.000012  -0.079523 -0.025948 0.130956
79  -0.000031 7.290235 -0.000022  0.025325 -0.093908 0.023962
80  -0.000036 6.530369 0.000008  -0.261847 -0.300600 0.006736
81  0.000064 7.224882 0.000009  0.036505 0.032481 -0.175824
82  1.071889 3.225796 1.570115  -0.043806 2.859975 1.526250
83  0.000420 6.748902 -0.000066  -0.062702 0.083784 0.022201
84  -0.000043 8.002643 0.000027  -0.067496 -0.117209 -0.115600
85  0.000009 8.580572 -0.000097  0.088213 -0.007188 0.334606
86  0.000174 8.689834 -0.000041  0.065326 -0.412430 -0.134517
87  -1.514542 2.104641 0.318056  -0.024895 3.094490 1.569497
88  0.000194 6.982286 0.000011  -0.107588 -0.057624 -0.215718
89  -0.000008 8.382875 -0.000067  0.135031 -0.099914 0.287074
90  -0.000062 8.697674 0.000023  -0.148089 -0.510100 0.044837
91  -0.000137 8.921821 0.000079  -0.236827 -0.892635 0.098805
92  3.553611 -3.478043 2.409277  0.000819 0.762046 1.535312
93  0.000000 4.476900 -0.000007  -0.151003 -0.588331 0.377258
94  0.000031 4.514114 -0.000023  -0.228866 -2.996200 0.592370
95  0.000043 4.518380 -0.000022  0.143172 2.612778 0.693386
96  0.000025 3.598323 0.000022  -0.749303 0.869852 -0.773233
97  4.209919 -0.440345 1.018823  -0.923170 -1.727891 -0.825835
98  4.265505 1.434233 -0.404991  -1.912118 -1.040407 0.190167
99  9.400234 0.017942 0.083201  0.104103 -0.044663 -1.832426
100  10.242419 0.033591 0.064486  2.767341 -0.131409 -0.361201
101  3.465858 -0.059679 0.016698  -0.033218 0.008103 -0.131138
102  1.655599 -0.000023 0.000020  -0.037391 0.005074 0.033482
103  0.960772 -0.000000 -0.000008  -0.010004 0.045182 0.008395
104  3.462030 -0.064245 0.939909  0.278203 -0.199579 0.020359
105  1.497176 -0.000009 0.000023  -0.481488 0.084318 0.208116
106  0.793758 0.000003 0.000006  0.004469 -0.011063 -0.123184
107  0.591665 -0.460691 0.835206  -1.005235 -0.687169 -0.577793
108  1.556144 -0.000000 -0.000001  -0.185552 -0.018085 0.143887
109  1.135904 0.000023 0.000006  0.094741 -0.029759 0.217799
110  3.084271 -0.668821 -1.257081  -0.731277 0.349148 -0.308940
111  1.064202 -0.000000 0.000004  0.015386 0.055579 -0.316629
112  0.640337 -0.000003 -0.000005  0.001018 -0.027045 0.125881
113  3.396822 -0.242138 -0.708685  -0.462576 0.063095 -0.403292
114  1.532973 0.000010 0.000005  0.005659 0.002284 0.056597
115  0.832975 -0.000010 -0.000002  0.003001 0.013463 -0.235072
116  4.209941 -0.440342 -1.019280  0.956457 1.858418 -0.774898
117  4.266742 1.424945 0.424937  0.845809 0.860986 -1.222921
118  9.398567 0.011948 -0.082515  -0.086415 0.062917 -1.490934
119  10.242439 0.028172 -0.062910  -0.446070 0.513752 -0.149499
120  3.465752 -0.067532 0.002268  -0.097695 0.213328 -1.640164
121  1.655559 0.000000 0.000007  -0.145990 0.180268 -1.063494
122  0.960908 0.000003 -0.000001  0.011890 0.147154 -0.726205
123  3.466858 -0.077785 -0.920908  -0.344757 0.134934 -1.703474
124  1.497260 -0.000035 -0.000022  -0.558052 0.305456 -0.956076
125  0.793787 -0.000007 0.000002  -0.166987 0.321500 -0.666235
126  0.595084 -0.467156 -0.829176  2.641708 0.814217 -0.558079
127  1.555670 0.000015 -0.000006  0.722485 0.532089 1.285897
128  1.136811 -0.000014 -0.000001  0.327765 0.330419 0.812816
129  3.075976 -0.667972 1.277700  0.650052 0.203323 -1.055998
130  1.064598 0.000018 0.000012  0.036226 -0.122596 -0.940819
131  0.640360 -0.000018 -0.000002  -0.109291 -0.031918 -0.553036
132  3.392415 -0.245371 0.728377  0.186306 0.261299 -1.510485
133  1.532742 -0.000006 0.000002  0.006514 0.018045 -0.857656
134  0.833153 0.000002 0.000005  -0.077544 -0.076619 -1.136287
135  3.590105 -3.090295 1.193972  1.635457 1.210566 1.548541
136  3.589551 -3.089880 -1.196373  -1.505736 1.210473 -1.592853
137  -0.436565 4.719025 -0.001076  -0.000709 -1.570733 1.692894
138  0.000001 2.775446 -0.000236  -0.135089 0.000001 -0.000000
139  -0.000001 3.189769 0.000007  0.207820 -0.000000 0.000000
140  -0.000001 3.504655 0.000046  -0.261876 0.000000 -0.000000
141  -0.000000 2.863201 -0.000003  -0.051268 0.000000 -0.000000
time 32
0  0.206742 -0.682835 34.614372  1.570862 0.000000 -0.000000
1  0.002636 43.025146 0.734438  -0.135229 0.019414 0.039219
2  3.061857 -4.181016 -0.610804  -1.590385 -0.682305 -1.290346
3  18.476774 0.000158 -0.000002  -0.000537 -0.057537 0.736892
4  17.490082 0.000115 0.000004  -0.024278 0.340780 -0.999421
5  -3.065330 -4.183581 -0.611480  -1.594387 -0.061172 -1.905653
6  18.474854 -0.000034 -0.000009  0.011682 0.081092 1.057564
7  17.489584 0.001915 -0.000006  0.134550 -0.009557 -1.718466
8  -0.000117 -0.048885 -0.576226  1.666994 0.109838 1.617458
9  3.224490 0.767049 0.000495  0.150984 -0.008446 0.184797
10  3.223902 0.226399 -0.001944  0.188295 0.007813 0.212773
11  5.187317 -1.262559 -0.001176  0.000012 0.000066 0.194111
12  6.928406 -1.935311 -0.000227  -3.117026 0.155720 0.636164
13  3.236367 1.079610 0.000057  -0.405873 0.009798 0.436446
14  0.833761 3.805354 0.692955  -0.040491 0.554884 1.469874
15  0.000042 6.792202 0.000041  0.007989 0.036071 -0.011406
16  -0.000066 7.744818 0.000013  -0.017441 -0.155305 0.068150
17  0.000073 7.809700 0.000017  -0.033637 0.005026 0.006143
18  -0.000027 7.867678 0.000017  -0.073329 -0.127910 0.026375
19  3.494702 -1.749090 -3.006912  0.152548 2.070419 1.936949
20  0.000120 4.478321 0.000019  -0.194661 0.310432 -0.234994
21  0.000048 4.636121 -0.000029  0.035824 0.324593 -0.151765
22  -0.000041 5.008646 0.000013  0.075996 -0.286564 0.276090
23  0.000064 4.781160 0.000010  0.904392 -2.690903 -0.015797
24  2.253043 1.989062 -3.350106  -1.523631 1.324497 0.112403
25  0.000159 6.589461 0.000167  0.206354 -0.002129 -0.080395
26  0.000041 7.491416 0.000043  -0.333511 0.184454 -0.191167
27  0.000026 7.660302 -0.000057  -0.063176 0.127194 -0.062118
28  0.000008 7.256270 0.000019  -0.052940 -0.487829 0.313814
29  -0.791157 2.265120 -1.234655  -0.753900 1.136377 0.824675
30  -0.000258 8.572256 -0.000095  -0.222844 -0.296789 0.176503
31  -0.000096 8.117214 0.000046  0.072258 0.772520 -0.285585
32  -0.000084 8.230032 -0.000074  -0.080491 -0.347232 0.072252
33  0.000059 7.366719 0.000053  -0.015394 -0.663892 0.062741
34  0.224216 0.240128 -3.218158  -0.877384 1.468888 0.577826
35  -0.000101 7.721055 -0.000306  -0.283827 0.060498 -0.167555
36  -0.000031 7.374854 -0.000001  0.007536 -0.195022 0.049539
37  0.000076 6.848102 0.000006  0.005485 0.006496 -0.033649
38  -0.000051 7.777863 0.000007  -0.186096 0.182474 -0.152847
39  -1.514465 2.104649 -1.150167  -0.029092 0.541320 1.555680
40  -0.000168 6.982347 -0.000078  -0.199699 -0.041212 0.153489
41  0.000037 8.382867 -0.000073  0.044866 0.587986 -0.257961
42  0.000012 8.697707 -0.000026  -0.102637 -0.474318 0.290943
43  0.000058 8.921803 -0.000004  -0.076258 0.581005 -0.195604
44  1.196194 2.899157 -2.353086  -0.449719 1.030105 1.287431
45  0.000107 5.476938 0.000006  0.285574 -0.099353 -0.038445
46  -0.000073 6.060444 -0.000091  -0.155020 -0.575032 0.384607
47  0.000021 5.994260 0.000029  0.033941 0.288574 -0.067729
48  -0.000006 6.100486 0.000004  -0.068405 0.299273 -0.162154
49  0.000033 6.916760 0.000010  -0.096318 0.220533 -0.107964
50  0.000148 6.435059 -0.000044  -0.037458 0.171630 -0.116574
51  1.092797 3.649516 -1.738794  -0.148600 0.876612 1.445020
52  -0.000128 6.792204 -0.000099  0.008284 0.107792 -0.048643
53  -0.000087 7.744775 -0.000031  0.057137 -0.256893 0.015458
54  0.000083 9.115026 -0.000038  -0.020393 0.256253 -0.142636
55  3.494522 -1.749097 3.007064  0.118402 1.106974 1.813814
56  0.000015 4.323832 0.000089  -0.229908 -0.770942 0.449223
57  0.000028 4.872901 -0.000021  0.367242 -0.664052 -0.254033
58  0.000005 5.056653 0.000088  -0.511233 0.856588 -0.546320
59  2.292464 1.708615 3.661675  -1.762559 1.789110 -0.218970
60  -0.000173 6.589441 0.000279  -0.007131 -0.169122 0.176911
61  0.000173 7.491501 -0.000152  -0.132415 -0.107097 0.179326
62  -0.000140 8.249660 0.000144  0.041912 -0.058209 0.015814
63  0.000072 8.605235 -0.000027  0.101585 0.501824 -0.079697
64  -0.240484 2.066074 2.349267  -0.357331 2.461714 1.296084
65  -0.000087 7.721107 -0.000004  -0.208229 -0.126223 -0.116495
66  -0.000120 7.374866 -0.000048  -0.111018 0.046939 -0.046462
67  -0.000034 6.848060 -0.000025  0.273532 0.247522 0.299906
68  0.000035 7.777825 -0.000044  0.072921 0.186148 -0.052688
69  -0.000082 8.178053 0.000008  -0.087029 -0.422849 -0.381358
70  1.617608 3.431412 2.399266  -0.249455 2.569515 1.508574
71  -0.000164 5.476935 -0.000029  0.057729 0.074072 0.060285
72  -0.000096 6.060493 -0.000005  -0.015204 0.015650 -0.152066
73  0.000025 5.994248 0.000009  -0.126212 -0.157657 0.153302
74  -0.000078 7.076874 -0.000049  -0.008118 0.010385 0.036402
75  -0.000001 7.089868 -0.000070  0.070875 0.098587 -0.025893
76  0.361112 0.886683 3.287746  -0.576374 1.978709 0.939014
77  -0.000068 6.686645 0.000220  -0.146568 0.414164 -0.327706
78  -0.000009 7.638017 0.000015  -0.079523 -0.025948 0.130956
79  -0.000034 7.290228 -0.000023  0.025325 -0.093908 0.023962
80  -0.000034 6.530364 0.000007  -0.261847 -0.300600 0.006736
81  0.000065 7.224886 0.000010  0.036505 0.032481 -0.175824
82  1.071903 3.225803 1.570115  -0.043806 2.859975 1.526250
83  0.000417 6.748899 -0.000067  -0.062702 0.083784 0.022201
84  -0.000049 8.002646 0.000027  -0.067496 -0.117209 -0.115600
85  0.000009 8.580569 -0.000097  0.088213 -0.007188 0.334606
86  0.000168 8.689830 -0.000041  0.065327 -0.412430 -0.134517
87  -1.514537 2.104640 0.318055  -0.024895 3.094490 1.569497
88  0.000191 6.982281 0.000012  -0.107588 -0.057624 -0.215718
89  -0.000010 8.382871 -0.000069  0.135031 -0.099914 0.287074
90  -0.000063 8.697668 0.000024  -0.148089 -0.510100 0.044837
91  -0.000139 8.921824 0.000082  -0.236827 -0.892635 0.098805
92  3.553616 -3.478044 2.409277  0.000819 0.762046 1.535312
93  0.000004 4.476899 -0.000005  -0.151003 -0.588331 0.377259
94  0.000032 4.514118 -0.000023  -0.228866 -2.996200 0.592370
95  0.000043 4.518382 -0.000021  0.143172 2.612778 0.693386
96  0.000023 3.598327 0.000024  -0.749303 0.869852 -0.773233
97  4.209914 -0.440344 1.018823  -0.909487 -1.723476 -0.840029
98  4.265506 1.434238 -0.404991  -1.955358 -1.106956 0.210083
99  9.400233 0.017941 0.083205  0.101680 -0.047197 -1.786163
100  10.242421 0.033591 0.064483  2.860937 -0.106299 -0.413441
101  3.465856 -0.059679 0.016694  -0.032979 0.011677 -0.119918
102  1.655595 -0.000021 0.000014  -0.037890 0.013582 0.068255
103  0.960769 -0.000002 -0.000005  -0.009668 0.051837 0.041939
104  3.462027 -0.064247 0.939911  0.278372 -0.206075 0.016644
105  1.497178 -0.000011 0.000016  -0.479193 0.094447 0.234650
106  0.793761 0.000004 -0.000003  0.004808 -0.013796 -0.096587
107  0.591663 -0.460692 0.835209  -1.019719 -0.696428 -0.572655
108  1.556138 0.000005 0.000000  -0.185269 -0.031039 0.115898
109  1.135904 0.000021 0.000006  0.091890 -0.037432 0.185330
110  3.084270 -0.668822 -1.257083  -0.731036 0.359526 -0.302323
111  1.064207 0.000000 0.000001  0.016858 0.050595 -0.267732
112  0.640332 0.000002 -0.000008  -0.000769 -0.031975 0.183160
113  3.396821 -0.242139 -0.708686  -0.464327 0.072453 -0.388862
114  1.532973 0.000015 0.000012  0.005488 0.003013 0.097751
115  0.832977 -0.000004 0.000003  0.003020 0.013849 -0.216082
116  4.209938 -0.440341 -1.019279  0.953237 1.849824 -0.779515
117  4.266745 1.424941 0.424938  0.906876 0.824461 -1.166995
118  9.398562 0.011947 -0.082517  -0.090390 0.060746 -1.549332
119  10.242443 0.028176 -0.062910  -0.406870 0.485361 -0.110302
120  3.465745 -0.067527 0.002268  -0.097750 0.213348 -1.640495
121  1.655560 0.000006 0.000006  -0.146047 0.180290 -1.063856
122  0.960908 0.000003 0.000001  0.011918 0.147215 -0.726398
123  3.466852 -0.077778 -0.920908  -0.344762 0.134911 -1.703905
124  1.497262 -0.000039 -0.000023  -0.558163 0.305541 -0.956443
125  0.793786 -0.000006 -0.000001  -0.167044 0.321573 -0.666343
126  0.595076 -0.467151 -0.829176  2.641801 0.814265 -0.558143
127  1.555672 0.000015 -0.000003  0.722754 0.532208 1.286336
128  1.136816 -0.000008 -0.000005  0.327900 0.330472 0.813016
129  3.075969 -0.667965 1.277704  0.650025 0.203390 -1.056204
130  1.064596 0.000022 0.000010  0.036252 -0.122609 -0.941089
131  0.640360 -0.000015 -0.000004  -0.109288 -0.031943 -0.553227
132  3.392411 -0.245368 0.728376  0.186246 0.261341 -1.510805
133  1.532739 -0.000007 -0.000004  0.006509 0.018051 -0.857926
134  0.833151 0.000001 0.000007  -0.077537 -0.076633 -1.136564
135  3.590104 -3.090294 1.193972  1.635457 1.210566 1.548541
136  3.589552 -3.089879 -1.196372  -1.505736 1.210473 -1.592853
137  -0.436562 4.719026 -0.001076  -0.000768 -1.570733 1.692918
138  0.000000 2.775454 -0.000235  -0.135089 0.000001 -0.000000
139  -0.000000 3.189765 0.000007  0.207820 -0.000000 0.000000
140  0.000000 3.504652 0.000046  -0.261876 0.000000 -0.000000
141  -0.000000 2.863195 -0.000002  -0.051268 0.000000 -0.000000
time 33
0  0.251302 -0.672475 34.806435  1.570862 0.000000 -0.000000
1  0.002636 43.025146 0.734438  -0.147129 0.015279 0.033128
2  3.061857 -4.181011 -0.610804  -1.579458 -0.660800 -1.290231
3  18.476778 0.000162 -0.000002  -0.000472 -0.057313 0.734042
4  17.490086 0.000118 0.000003  -0.022331 0.352004 -1.004452
5  -3.065330 -4.183575 -0.611480  -1.595448 -0.048358 -1.901070
6  18.474857 -0.000034 -0.000009  0.010709 0.079654 1.036319
7  17.489584 0.001916 -0.000005  0.130200 -0.007458 -1.694698
8  -0.000117 -0.048880 -0.576227  1.672268 0.110115 1.619106
9  3.224478 0.767047 0.000496  0.161012 -0.002362 0.183979
10  3.223911 0.226399 -0.001945  0.198417 0.016726 0.208887
11  5.187319 -1.262560 -0.001176  0.000012 0.000066 0.194111
12  6.928405 -1.935313 -0.000227  -3.124858 0.163647 0.616253
13  3.236362 1.079612 0.000055  -0.421475 0.009598 0.400925
14  0.833764 3.805359 0.692956  -0.040491 0.554884 1.469874
15  0.000045 6.792203 0.000040  0.007989 0.036070 -0.011405
16  -0.000067 7.744815 0.000013  -0.017441 -0.155305 0.068150
17  0.000075 7.809709 0.000018  -0.033637 0.005026 0.006143
18  -0.000028 7.867674 0.000018  -0.073329 -0.127910 0.026375
19  3.494697 -1.749091 -3.006912  0.152548 2.070419 1.936949
20  0.000119 4.478317 0.000020  -0.194660 0.310432 -0.234994
21  0.000047 4.636116 -0.000030  0.035824 0.324593 -0.151765
22  -0.000041 5.008652 0.000012  0.075996 -0.286564 0.276090
23  0.000064 4.781164 0.000009  0.904393 -2.690903 -0.015797
24  2.253035 1.989062 -3.350106  -1.523631 1.324497 0.112403
25  0.000162 6.589463 0.000175  0.206354 -0.002129 -0.080395
26  0.000043 7.491414 0.000040  -0.333511 0.184454 -0.191167
27  0.000026 7.660303 -0.000056  -0.063176 0.127194 -0.062118
28  0.000007 7.256270 0.000021  -0.052940 -0.487829 0.313814
29  -0.791161 2.265124 -1.234655  -0.753900 1.136377 0.824675
30  -0.000257 8.572266 -0.000092  -0.222844 -0.296789 0.176503
31  -0.000095 8.117213 0.000049  0.072258 0.772520 -0.285586
32  -0.000084 8.230038 -0.000071  -0.080491 -0.347232 0.072252
33  0.000061 7.366725 0.000057  -0.015394 -0.663892 0.062742
34  0.224219 0.240133 -3.218157  -0.877384 1.468888 0.577826
35  -0.000101 7.721045 -0.000309  -0.283827 0.060498 -0.167555
36  -0.000031 7.374844 -0.000001  0.007536 -0.195022 0.049539
37  0.000076 6.848099 0.000004  0.005485 0.006496 -0.033649
38  -0.000051 7.777864 0.000010  -0.186096 0.182474 -0.152846
39  -1.514472 2.104653 -1.150167  -0.029092 0.541319 1.555680
40  -0.000168 6.982348 -0.000079  -0.199699 -0.041212 0.153489
41  0.000037 8.382864 -0.000073  0.044866 0.587986 -0.257961
42  0.000013 8.697698 -0.000024  -0.102637 -0.474318 0.290943
43  0.000056 8.921801 -0.000002  -0.076258 0.581005 -0.195604
44  1.196198 2.899166 -2.353085  -0.449719 1.030105 1.287431
45  0.000109 5.476943 0.000008  0.285574 -0.099353 -0.038445
46  -0.000073 6.060438 -0.000090  -0.155020 -0.575032 0.384607
47  0.000019 5.994259 0.000031  0.033941 0.288574 -0.067729
48  -0.000005 6.100493 0.000002  -0.068405 0.299273 -0.162154
49  0.000035 6.916758 0.000006  -0.096318 0.220533 -0.107964
50  0.000149 6.435057 -0.000044  -0.037458 0.171630 -0.116574
51  1.092791 3.649517 -1.738794  -0.148600 0.876612 1.445020
52  -0.000125 6.792201 -0.000101  0.008284 0.107792 -0.048643
53  -0.000087 7.744778 -0.000029  0.057137 -0.256893 0.015458
54  0.000084 9.115025 -0.000040  -0.020393 0.256253 -0.142636
55  3.494517 -1.749096 3.007064  0.118402 1.106974 1.813814
56  0.000014 4.323829 0.000087  -0.229908 -0.770943 0.449223
57  0.000028 4.872905 -0.000021  0.367242 -0.664052 -0.254033
58  0.000002 5.056654 0.000095  -0.511233 0.856588 -0.546320
59  2.292464 1.708621 3.661675  -1.762559 1.789110 -0.218970
60  -0.000172 6.589437 0.000274  -0.007131 -0.169122 0.176911
61  0.000172 7.491495 -0.000154  -0.132416 -0.107097 0.179326
62  -0.000141 8.249658 0.000142  0.041912 -0.058209 0.015814
63  0.000067 8.605232 -0.000031  0.101585 0.501824 -0.079697
64  -0.240486 2.066078 2.349267  -0.357331 2.461714 1.296084
65  -0.000088 7.721106 -0.000004  -0.208229 -0.126223 -0.116495
66  -0.000125 7.374863 -0.000047  -0.111018 0.046939 -0.046462
67  -0.000032 6.848069 -0.000027  0.273532 0.247522 0.299906
68  0.000039 7.777825 -0.000046  0.072921 0.186147 -0.052688
69  -0.000081 8.178059 0.000013  -0.087029 -0.422849 -0.381358
70  1.617603 3.431413 2.399265  -0.249455 2.569515 1.508574
71  -0.000165 5.476933 -0.000028  0.057729 0.074072 0.060285
72  -0.000097 6.060487 -0.000005  -0.015204 0.015650 -0.152066
73  0.000027 5.994251 0.000010  -0.126212 -0.157657 0.153302
74  -0.000076 7.076880 -0.000047  -0.008118 0.010385 0.036402
75  0.000005 7.089873 -0.000071  0.070875 0.098587 -0.025893
76  0.361106 0.886685 3.287745  -0.576374 1.978709 0.939014
77  -0.000069 6.686640 0.000227  -0.146568 0.414164 -0.327706
78  -0.000009 7.638022 0.000014  -0.079523 -0.025948 0.130956
79  -0.000031 7.290227 -0.000022  0.025325 -0.093908 0.023962
80  -0.000033 6.530362 0.000004  -0.261847 -0.300600 0.006736
81  0.000064 7.224882 0.000009  0.036505 0.032481 -0.175824
82  1.071894 3.225801 1.570115  -0.043806 2.859975 1.526250
83  0.000417 6.748904 -0.000067  -0.062702 0.083784 0.022201
84  -0.000048 8.002645 0.000026  -0.067496 -0.117209 -0.115600
85  0.000016 8.580572 -0.000098  0.088213 -0.007188 0.334606
86  0.000169 8.689829 -0.000041  0.065326 -0.412430 -0.134517
87  -1.514532 2.104647 0.318056  -0.024895 3.094490 1.569497
88  0.000195 6.982282 0.000011  -0.107588 -0.057624 -0.215718
89  -0.000010 8.382868 -0.000069  0.135031 -0.099914 0.287074
90  -0.000064 8.697668 0.000023  -0.148089 -0.510100 0.044837
91  -0.000133 8.921821 0.000080  -0.236827 -0.892635 0.098805
92  3.553616 -3.478039 2.409277  0.000819 0.762046 1.535312
93  0.000003 4.476892 -0.000007  -0.151003 -0.588331 0.377258
94  0.000032 4.514118 -0.000024  -0.228866 -2.996200 0.592370
95  0.000042 4.518382 -0.000021  0.143172 2.612778 0.693386
96  0.000025 3.598325 0.000026  -0.749303 0.869852 -0.773233
97  4.209918 -0.440346 1.018824  -0.867283 -1.715641 -0.883154
98  4.265506 1.434230 -0.404992  -2.005979 -1.154096 0.242428
99  9.400234 0.017939 0.083200  0.100064 -0.048763 -1.756455
100  10.242417 0.033591 0.064474  2.925504 -0.089932 -0.437426
101  3.465858 -0.059679 0.016691  -0.032717 0.015245 -0.109065
102  1.655593 -0.000021 0.000027  -0.038418 0.020043 0.094426
103  0.960768 -0.000001 -0.000012  -0.009393 0.056663 0.066821
104  3.462029 -0.064245 0.939909  0.277677 -0.212248 0.017460
105  1.497177 -0.000007 0.000024  -0.477174 0.102223 0.255287
106  0.793759 0.000004 -0.000002  0.005075 -0.015843 -0.076356
107  0.591664 -0.460692 0.835203  -1.029512 -0.703032 -0.569818
108  1.556139 0.000004 0.000001  -0.184670 -0.040213 0.096144
109  1.135898 0.000024 0.000005  0.090013 -0.043041 0.161464
110  3.084271 -0.668820 -1.257091  -0.730768 0.369945 -0.295777
111  1.064204 -0.000002 -0.000002  0.017716 0.047006 -0.233160
112  0.640339 0.000006 -0.000014  -0.002305 -0.035671 0.226433
113  3.396824 -0.242138 -0.708690  -0.466228 0.080595 -0.377031
114  1.532968 0.000003 0.000005  0.005409 0.003571 0.128975
115  0.832974 -0.000004 -0.000005  0.003075 0.014183 -0.202470
116  4.209937 -0.440341 -1.019279  0.952955 1.841317 -0.781197
117  4.266746 1.424939 0.424937  0.950708 0.795931 -1.137455
118  9.398573 0.011950 -0.082514  -0.093183 0.059034 -1.591562
119  10.242435 0.028182 -0.062909  -0.391473 0.459601 -0.090201
120  3.465746 -0.067524 0.002271  -0.097858 0.213327 -1.640912
121  1.655558 0.000009 0.000005  -0.146093 0.180307 -1.064146
122  0.960910 0.000007 0.000000  0.011881 0.147261 -0.726662
123  3.466851 -0.077777 -0.920904  -0.344762 0.134971 -1.704246
124  1.497258 -0.000035 -0.000023  -0.558251 0.305609 -0.956738
125  0.793792 -0.000016 0.000001  -0.167131 0.321683 -0.666505
126  0.595076 -0.467148 -0.829173  2.641799 0.814299 -0.558244
127  1.555673 0.000016 -0.000002  0.723076 0.532291 1.286783
128  1.136815 -0.000013 0.000005  0.328136 0.330569 0.813219
129  3.075973 -0.667965 1.277704  0.649998 0.203457 -1.056409
130  1.064597 0.000020 0.000012  0.036333 -0.122594 -0.941362
131  0.640361 -0.000015 -0.000005  -0.109343 -0.031986 -0.553417
132  3.392410 -0.245367 0.728380  0.186100 0.261382 -1.511126
133  1.532735 -0.000009 -0.000001  0.006504 0.018056 -0.858195
134  0.833151 0.000002 0.000006  -0.077582 -0.076670 -1.136908
135  3.590112 -3.090295 1.193973  1.635457 1.210566 1.548541
136  3.589558 -3.089880 -1.196372  -1.505736 1.210473 -1.592853
137  -0.436561 4.719025 -0.001076  -0.000591 -1.570733 1.692815
138  -0.000000 2.775451 -0.000235  -0.135089 0.000001 -0.000000
139  0.000000 3.189772 0.000007  0.207820 -0.000000 0.000000
140  -0.000000 3.504655 0.000047  -0.261876 0.000000 -0.000000
141  -0.000000 2.863198 -0.000002  -0.051268 -0.000000 -0.000000
time 34
0  0.299001 -0.624323 34.895786  1.570862 0.000000 -0.000000
1  0.002636 43.025146 0.734438  -0.154594 0.018904 0.031268
2  3.061858 -4.181011 -0.610804  -1.572507 -0.651008 -1.295543
3  18.476776 0.000159 -0.000001  -0.000460 -0.057273 0.733524
4  17.490086 0.000117 0.000005  -0.021012 0.362152 -1.006564
5  -3.065330 -4.183569 -0.611479  -1.585406 -0.038071 -1.905828
6  18.474859 -0.000034 -0.000008  0.010207 0.078885 1.025085
7  17.489586 0.001916 -0.000006  0.131474 -0.012226 -1.679285
8  -0.000117 -0.048879 -0.576226  1.675771 0.108104 1.619603
9  3.224480 0.767047 0.000496  0.166457 -0.000024 0.185466
10  3.223912 0.226400 -0.001944  0.205186 0.021521 0.205594
11  5.187318 -1.262560 -0.001177  0.000012 0.000066 0.194111
12  6.928409 -1.935316 -0.000227  -3.137140 0.168529 0.585549
13  3.236363 1.079602 0.000060  -0.431778 0.003756 0.369034
14  0.833751 3.805346 0.692955  -0.040491 0.554884 1.469874
15  0.000037 6.792210 0.000043  0.007989 0.036070 -0.011405
16  -0.000069 7.744820 0.000013  -0.017441 -0.155305 0.068150
17  0.000072 7.809698 0.000020  -0.033637 0.005026 0.006143
18  -0.000025 7.867675 0.000018  -0.073329 -0.127910 0.026376
19  3.494696 -1.749097 -3.006912  0.152548 2.070419 1.936949
20  0.000120 4.478319 0.000020  -0.194660 0.310432 -0.234994
21  0.000048 4.636119 -0.000029  0.035824 0.324593 -0.151765
22  -0.000042 5.008656 0.000014  0.075996 -0.286564 0.276090
23  0.000062 4.781161 0.000010  0.904393 -2.690903 -0.015797
24  2.253034 1.989054 -3.350106  -1.523631 1.324497 0.112403
25  0.000162 6.589466 0.000168  0.206354 -0.002129 -0.080395
26  0.000042 7.491413 0.000046  -0.333511 0.184454 -0.191167
27  0.000026 7.660308 -0.000054  -0.063176 0.127195 -0.062118
28  0.000007 7.256269 0.000020  -0.052940 -0.487829 0.313814
29  -0.791168 2.265111 -1.234655  -0.753900 1.136377 0.824675
30  -0.000256 8.572264 -0.000092  -0.222844 -0.296789 0.176503
31  -0.000093 8.117210 0.000050  0.072258 0.772520 -0.285586
32  -0.000084 8.230038 -0.000072  -0.080491 -0.347232 0.072253
33  0.000061 7.366725 0.000055  -0.015394 -0.663892 0.062741
34  0.224214 0.240124 -3.218157  -0.877385 1.468888 0.577826
35  -0.000101 7.721049 -0.000309  -0.283827 0.060498 -0.167555
36  -0.000032 7.374851 -0.000004  0.007536 -0.195022 0.049539
37  0.000076 6.848102 0.000011  0.005485 0.006496 -0.033649
38  -0.000049 7.777867 0.000008  -0.186096 0.182474 -0.152846
39  -1.514470 2.104644 -1.150167  -0.029092 0.541319 1.555680
40  -0.000167 6.982353 -0.000077  -0.199699 -0.041212 0.153489
41  0.000038 8.382858 -0.000073  0.044866 0.587986 -0.257961
42  0.000012 8.697699 -0.000027  -0.102637 -0.474318 0.290943
43  0.000055 8.921805 -0.000004  -0.076258 0.581005 -0.195604
44  1.196190 2.899153 -2.353086  -0.449719 1.030105 1.287431
45  0.000105 5.476945 0.000007  0.285574 -0.099353 -0.038445
46  -0.000074 6.060438 -0.000088  -0.155019 -0.575032 0.384607
47  0.000022 5.994263 0.000030  0.033941 0.288575 -0.067729
48  -0.000009 6.100486 -0.000003  -0.068405 0.299273 -0.162154
49  0.000033 6.916757 0.000008  -0.096318 0.220533 -0.107964
50  0.000149 6.435060 -0.000048  -0.037458 0.171630 -0.116574
51  1.092792 3.649510 -1.738794  -0.148600 0.876612 1.445020
52  -0.000128 6.792201 -0.000098  0.008284 0.107792 -0.048643
53  -0.000088 7.744770 -0.000030  0.057137 -0.256893 0.015458
54  0.000084 9.115021 -0.000040  -0.020393 0.256253 -0.142636
55  3.494508 -1.749108 3.007064  0.118402 1.106974 1.813814
56  0.000015 4.323831 0.000089  -0.229908 -0.770942 0.449223
57  0.000029 4.872896 -0.000022  0.367242 -0.664052 -0.254033
58  0.000002 5.056649 0.000093  -0.511233 0.856588 -0.546320
59  2.292464 1.708613 3.661675  -1.762559 1.789110 -0.218970
60  -0.000172 6.589442 0.000271  -0.007131 -0.169122 0.176911
61  0.000173 7.491494 -0.000153  -0.132415 -0.107097 0.179326
62  -0.000138 8.249660 0.000144  0.041912 -0.058209 0.015814
63  0.000074 8.605237 -0.000027  0.101585 0.501824 -0.079697
64  -0.240491 2.066069 2.349267  -0.357331 2.461714 1.296085
65  -0.000086 7.721102 -0.000004  -0.208229 -0.126223 -0.116495
66  -0.000123 7.374866 -0.000047  -0.111018 0.046939 -0.046462
67  -0.000034 6.848059 -0.000026  0.273532 0.247522 0.299906
68  0.000035 7.777826 -0.000041  0.072921 0.186148 -0.052688
69  -0.000084 8.178053 0.000010  -0.087029 -0.422849 -0.381358
70  1.617599 3.431407 2.399265  -0.249455 2.569515 1.508574
71  -0.000166 5.476937 -0.000030  0.057729 0.074072 0.060285
72  -0.000091 6.060491 -0.000007  -0.015204 0.015650 -0.152066
73  0.000028 5.994253 0.000011  -0.126212 -0.157657 0.153302
74  -0.000075 7.076872 -0.000049  -0.008118 0.010385 0.036402
75  0.000006 7.089866 -0.000070  0.070875 0.098587 -0.025893
76  0.361110 0.886677 3.287746  -0.576374 1.978709 0.939014
77  -0.000066 6.686645 0.000224  -0.146568 0.414164 -0.327706
78  -0.000012 7.638015 0.000011  -0.079523 -0.025948 0.130956
79  -0.000030 7.290226 -0.000023  0.025325 -0.093908 0.023962
80  -0.000034 6.530363 0.000004  -0.261847 -0.300600 0.006736
81  0.000062 7.224877 0.000009  0.036505 0.032481 -0.175824
82  1.071891 3.225789 1.570115  -0.043806 2.859975 1.526250
83  0.000415 6.748909 -0.000065  -0.062702 0.083784 0.022201
84  -0.000051 8.002645 0.000026  -0.067496 -0.117209 -0.115600
85  0.000015 8.580574 -0.000098  0.088213 -0.007188 0.334606
86  0.000167 8.689833 -0.000039  0.065327 -0.412430 -0.134517
87  -1.514541 2.104633 0.318055  -0.024895 3.094490 1.569497
88  0.000193 6.982280 0.000011  -0.107588 -0.057624 -0.215718
89  -0.000009 8.382869 -0.000068  0.135031 -0.099914 0.287074
90  -0.000061 8.697677 0.000024  -0.148089 -0.510100 0.044837
91  -0.000137 8.921824 0.000079  -0.236827 -0.892635 0.098805
92  3.553611 -3.478050 2.409277  0.000819 0.762046 1.535312
93  0.000000 4.476897 -0.000008  -0.151002 -0.588331 0.377259
94  0.000031 4.514120 -0.000022  -0.228866 -2.996200 0.592370
95  0.000045 4.518384 -0.000022  0.143172 2.612778 0.693386
96  0.000021 3.598329 0.000024  -0.749303 0.869852 -0.773233
97  4.209917 -0.440348 1.018823  -0.787476 -1.705961 -0.964213
98  4.265505 1.434237 -0.404992  -2.065305 -1.181028 0.288748
99  9.400234 0.017941 0.083201  0.099428 -0.049355 -1.744994
100  10.242420 0.033594 0.064485  2.960120 -0.086753 -0.431388
101  3.465856 -0.059679 0.016689  -0.032371 0.018731 -0.098691
102  1.655594 -0.000021 0.000020  -0.039183 0.024244 0.110407
103  0.960770 -0.000002 -0.000006  -0.009304 0.059561 0.081503
104  3.462028 -0.064245 0.939908  0.276029 -0.217898 0.023427
105  1.497177 -0.000008 0.000023  -0.475893 0.107121 0.269024
106  0.793760 0.000002 -0.000004  0.005191 -0.017230 -0.063541
107  0.591662 -0.460690 0.835203  -1.033841 -0.706637 -0.569625
108  1.556141 0.000001 -0.000001  -0.183927 -0.044908 0.085835
109  1.135903 0.000023 0.000005  0.089002 -0.046251 0.147817
110  3.084270 -0.668821 -1.257089  -0.730469 0.380327 -0.289334
111  1.064202 -0.000007 0.000005  0.018121 0.045094 -0.215136
112  0.640336 0.000005 -0.000004  -0.003204 -0.037944 0.253163
113  3.396823 -0.242137 -0.708695  -0.468352 0.087076 -0.368363
114  1.532971 0.000008 0.000008  0.005284 0.003919 0.148542
115  0.832969 -0.000005 0.000002  0.003188 0.014386 -0.195144
116  4.209940 -0.440345 -1.019279  0.956098 1.832927 -0.779446
117  4.266748 1.424938 0.424938  0.981734 0.778902 -1.127632
118  9.398574 0.011950 -0.082513  -0.094907 0.057893 -1.618198
119  10.242441 0.028172 -0.062911  -0.397683 0.436152 -0.086843
120  3.465748 -0.067531 0.002268  -0.097880 0.213313 -1.641326
121  1.655559 0.000009 0.000006  -0.146161 0.180333 -1.064581
122  0.960907 0.000004 -0.000003  0.011818 0.147360 -0.726916
123  3.466855 -0.077785 -0.920907  -0.344823 0.134991 -1.704762
124  1.497259 -0.000029 -0.000023  -0.558384 0.305712 -0.957179
125  0.793793 -0.000008 0.000001  -0.167239 0.321785 -0.666760
126  0.595077 -0.467154 -0.829174  2.641890 0.814380 -0.558410
127  1.555675 0.000017 -0.000005  0.723453 0.532457 1.287399
128  1.136814 -0.000011 0.000000  0.328323 0.330696 0.813431
129  3.075973 -0.667970 1.277701  0.649889 0.203546 -1.056604
130  1.064595 0.000020 0.000010  0.036364 -0.122611 -0.941699
131  0.640361 -0.000021 -0.000005  -0.109355 -0.031962 -0.553681
132  3.392414 -0.245374 0.728377  0.186026 0.261434 -1.511526
133  1.532738 -0.000010 -0.000002  0.006549 0.018095 -0.858531
134  0.833152 0.000005 0.000008  -0.077622 -0.076721 -1.137252
135  3.590109 -3.090295 1.193972  1.635457 1.210566 1.548541
136  3.589560 -3.089880 -1.196373  -1.505736 1.210473 -1.592853
137  -0.436559 4.719026 -0.001076  -0.000473 -1.570733 1.693027
138  -0.000000 2.775459 -0.000235  -0.135089 0.000001 -0.000000
139  -0.000000 3.189772 0.000008  0.207820 0.000000 0.000000
140  0.000000 3.504649 0.000048  -0.261876 0.000000 -0.000000
141  0.000000 2.863202 -0.000002  -0.051268 0.000000 -0.000000
time 35
0  0.355206 -0.517995 34.878727  1.570862 0.000000 -0.000000
1  0.002636 43.025146 0.734438  -0.159023 0.028021 0.031189
2  3.061857 -4.181014 -0.610804  -1.568331 -0.652933 -1.304077
3  18.476774 0.000157 -0.000001  -0.000601 -0.057756 0.739677
4  17.490086 0.000115 0.000004  -0.019440 0.372562 -1.008328
5  -3.065330 -4.183580 -0.611479  -1.566662 -0.029944 -1.916009
6  18.474857 -0.000034 -0.000008  0.010133 0.078771 1.023424
7  17.489584 0.001917 -0.000007  0.135070 -0.022616 -1.671541
8  -0.000117 -0.048883 -0.576225  1.677047 0.104929 1.618876
9  3.224482 0.767047 0.000496  0.169091 0.000723 0.190438
10  3.223907 0.226399 -0.001944  0.209990 0.024833 0.204600
11  5.187318 -1.262559 -0.001177  0.000012 0.000066 0.194111
12  6.928407 -1.935312 -0.000228  3.128748 0.169919 0.541632
13  3.236358 1.079608 0.000055  -0.437673 -0.005577 0.336816
14  0.833761 3.805347 0.692956  -0.040491 0.554884 1.469874
15  0.000039 6.792204 0.000043  0.007989 0.036071 -0.011406
16  -0.000072 7.744813 0.000014  -0.017441 -0.155305 0.068150
17  0.000071 7.809706 0.000018  -0.033637 0.005026 0.006143
18  -0.000026 7.867675 0.000015  -0.073329 -0.127910 0.026375
19  3.494699 -1.749101 -3.006912  0.152548 2.070419 1.936949
20  0.000120 4.478312 0.000017  -0.194660 0.310432 -0.234994
21  0.000047 4.636112 -0.000028  0.035823 0.324593 -0.151766
22  -0.000042 5.008651 0.000013  0.075996 -0.286564 0.276090
23  0.000063 4.781164 0.000009  0.904393 -2.690903 -0.015797
24  2.253040 1.989052 -3.350106  -1.523631 1.324497 0.112403
25  0.000161 6.589466 0.000166  0.206354 -0.002129 -0.080395
26  0.000041 7.491412 0.000043  -0.333511 0.184454 -0.191167
27  0.000027 7.660306 -0.000055  -0.063176 0.127195 -0.062118
28  0.000009 7.256270 0.000016  -0.052940 -0.487829 0.313814
29  -0.791157 2.265115 -1.234655  -0.753900 1.136377 0.824675
30  -0.000255 8.572256 -0.000086  -0.222844 -0.296789 0.176503
31  -0.000092 8.117214 0.000049  0.072258 0.772520 -0.285586
32  -0.000083 8.230034 -0.000069  -0.080491 -0.347232 0.072252
33  0.000058 7.366720 0.000054  -0.015394 -0.663892 0.062742
34  0.224219 0.240123 -3.218157  -0.877384 1.468888 0.577826
35  -0.000101 7.721052 -0.000314  -0.283827 0.060498 -0.167555
36  -0.000031 7.374853 -0.000000  0.007536 -0.195022 0.049539
37  0.000078 6.848100 0.000006  0.005485 0.006496 -0.033649
38  -0.000051 7.777867 0.000010  -0.186096 0.182474 -0.152846
39  -1.514465 2.104643 -1.150167  -0.029092 0.541319 1.555680
40  -0.000168 6.982346 -0.000075  -0.199699 -0.041212 0.153489
41  0.000034 8.382863 -0.000072  0.044866 0.587986 -0.257961
42  0.000009 8.697704 -0.000025  -0.102637 -0.474318 0.290943
43  0.000057 8.921804 -0.000005  -0.076258 0.581005 -0.195604
44  1.196193 2.899149 -2.353086  -0.449719 1.030105 1.287431
45  0.000105 5.476949 0.000006  0.285574 -0.099353 -0.038445
46  -0.000072 6.060439 -0.000087  -0.155019 -0.575032 0.384607
47  0.000019 5.994259 0.000030  0.033941 0.288574 -0.067729
48  -0.000008 6.100492 0.000000  -0.068405 0.299273 -0.162154
49  0.000034 6.916758 0.000010  -0.096318 0.220533 -0.107964
50  0.000148 6.435056 -0.000041  -0.037458 0.171630 -0.116574
51  1.092797 3.649510 -1.738794  -0.148600 0.876612 1.445020
52  -0.000124 6.792202 -0.000102  0.008285 0.107792 -0.048643
53  -0.000087 7.744774 -0.000033  0.057137 -0.256893 0.015458
54  0.000085 9.115022 -0.000036  -0.020393 0.256253 -0.142636
55  3.494518 -1.749107 3.007063  0.118402 1.106974 1.813814
56  0.000014 4.323833 0.000084  -0.229908 -0.770942 0.449223
57  0.000028 4.872900 -0.000020  0.367242 -0.664052 -0.254033
58  0.000003 5.056649 0.000093  -0.511233 0.856588 -0.546320
59  2.292467 1.708611 3.661675  -1.762559 1.789110 -0.218970
60  -0.000172 6.589436 0.000280  -0.007131 -0.169122 0.176911
61  0.000173 7.491493 -0.000151  -0.132416 -0.107097 0.179326
62  -0.000138 8.249657 0.000153  0.041912 -0.058209 0.015814
63  0.000070 8.605236 -0.000023  0.101585 0.501824 -0.079697
64  -0.240486 2.066065 2.349267  -0.357331 2.461714 1.296085
65  -0.000085 7.721103 -0.000003  -0.208229 -0.126223 -0.116495
66  -0.000120 7.374867 -0.000048  -0.111018 0.046939 -0.046462
67  -0.000032 6.848070 -0.000025  0.273532 0.247522 0.299906
68  0.000032 7.777822 -0.000044  0.072921 0.186148 -0.052688
69  -0.000084 8.178051 0.000010  -0.087029 -0.422849 -0.381358
70  1.617600 3.431401 2.399265  -0.249455 2.569515 1.508574
71  -0.000164 5.476939 -0.000030  0.057729 0.074072 0.060285
72  -0.000085 6.060496 -0.000007  -0.015204 0.015650 -0.152066
73  0.000029 5.994252 0.000011  -0.126212 -0.157657 0.153302
74  -0.000082 7.076871 -0.000047  -0.008118 0.010385 0.036402
75  0.000006 7.089873 -0.000072  0.070875 0.098587 -0.025893
76  0.361113 0.886676 3.287746  -0.576374 1.978709 0.939014
77  -0.000066 6.686646 0.000225  -0.146568 0.414164 -0.327706
78  -0.000012 7.638018 0.000015  -0.079523 -0.025948 0.130956
79  -0.000032 7.290229 -0.000022  0.025325 -0.093908 0.023962
80  -0.000034 6.530373 0.000008  -0.261847 -0.300600 0.006736
81  0.000063 7.224883 0.000009  0.036505 0.032481 -0.175824
82  1.071895 3.225791 1.570115  -0.043806 2.859975 1.526250
83  0.000417 6.748908 -0.000068  -0.062702 0.083784 0.022201
84  -0.000044 8.002646 0.000027  -0.067496 -0.117209 -0.115600
85  0.000016 8.580577 -0.000098  0.088213 -0.007188 0.334606
86  0.000168 8.689830 -0.000041  0.065326 -0.412430 -0.134517
87  -1.514533 2.104632 0.318055  -0.024895 3.094490 1.569497
88  0.000189 6.982285 0.000012  -0.107588 -0.057624 -0.215718
89  -0.000010 8.382875 -0.000068  0.135031 -0.099914 0.287074
90  -0.000063 8.697670 0.000024  -0.148089 -0.510100 0.044837
91  -0.000134 8.921821 0.000081  -0.236827 -0.892635 0.098805
92  3.553617 -3.478051 2.409277  0.000819 0.762046 1.535312
93  -0.000002 4.476897 -0.000009  -0.151002 -0.588331 0.377258
94  0.000030 4.514124 -0.000023  -0.228866 -2.996201 0.592370
95  0.000044 4.518380 -0.000025  0.143172 2.612778 0.693386
96  0.000023 3.598327 0.000024  -0.749303 0.869852 -0.773233
97  4.209915 -0.440345 1.018823  -0.675277 -1.698002 -1.077782
98  4.265505 1.434228 -0.404993  -2.135354 -1.193966 0.347736
99  9.400235 0.017941 0.083202  0.099536 -0.049255 -1.746931
100  10.242418 0.033590 0.064474  2.973867 -0.092896 -0.404233
101  3.465857 -0.059680 0.016693  -0.032002 0.021958 -0.089075
102  1.655593 -0.000020 0.000020  -0.040126 0.026563 0.117982
103  0.960772 -0.000003 -0.000014  -0.009372 0.060807 0.087667
104  3.462028 -0.064247 0.939911  0.273671 -0.222970 0.033278
105  1.497177 -0.000007 0.000022  -0.475142 0.109719 0.276799
106  0.793760 0.000003 0.000009  0.005304 -0.017922 -0.057102
107  0.591663 -0.460693 0.835208  -1.033538 -0.707686 -0.571694
108  1.556138 0.000003 -0.000005  -0.183353 -0.046050 0.083313
109  1.135903 0.000025 0.000003  0.088639 -0.047375 0.142465
110  3.084271 -0.668822 -1.257084  -0.730207 0.390324 -0.283199
111  1.064202 0.000002 0.000001  0.018172 0.044583 -0.210821
112  0.640339 0.000013 -0.000016  -0.003519 -0.038978 0.265933
113  3.396824 -0.242139 -0.708691  -0.470485 0.092030 -0.362560
114  1.532964 0.000004 0.000016  0.005163 0.004089 0.158208
115  0.832973 -0.000004 -0.000002  0.003345 0.014481 -0.193005
116  4.209939 -0.440341 -1.019280  0.960900 1.824593 -0.776059
117  4.266746 1.424935 0.424937  1.006379 0.770304 -1.124310
118  9.398570 0.011947 -0.082516  -0.096319 0.056909 -1.640383
119  10.242439 0.028172 -0.062906  -0.411665 0.414844 -0.089106
120  3.465749 -0.067533 0.002266  -0.097989 0.213354 -1.641990
121  1.655567 0.000016 0.000003  -0.146327 0.180374 -1.065090
122  0.960905 0.000003 -0.000003  0.011818 0.147455 -0.727307
123  3.466856 -0.077785 -0.920910  -0.344864 0.135065 -1.705447
124  1.497260 -0.000028 -0.000022  -0.558534 0.305797 -0.957781
125  0.793790 -0.000003 -0.000000  -0.167384 0.321968 -0.667030
126  0.595077 -0.467155 -0.829177  2.642054 0.814410 -0.558501
127  1.555672 0.000014 -0.000004  0.723885 0.532647 1.288103
128  1.136817 -0.000011 -0.000003  0.328653 0.330857 0.813739
129  3.075975 -0.667971 1.277700  0.649854 0.203636 -1.056878
130  1.064600 0.000017 0.000011  0.036403 -0.122631 -0.942105
131  0.640361 -0.000017 -0.000005  -0.109409 -0.032013 -0.553934
132  3.392411 -0.245374 0.728374  0.185893 0.261453 -1.512010
133  1.532746 -0.000009 -0.000000  0.006541 0.018104 -0.858935
134  0.833153 0.000002 0.000009  -0.077616 -0.076733 -1.137736
135  3.590111 -3.090294 1.193972  1.635457 1.210566 1.548541
136  3.589559 -3.089880 -1.196373  -1.505736 1.210473 -1.592853
137  -0.436562 4.719026 -0.001076  -0.000591 -1.570733 1.692863
138  -0.000001 2.775454 -0.000236  -0.135089 0.000001 -0.000000
139  -0.000000 3.189769 0.000007  0.207820 -0.000000 0.000000
140  0.000000 3.504660 0.000044  -0.261876 0.000000 -0.000000
141  0.000000 2.863199 -0.000002  -0.051268 -0.000000 0.000000
time 36
0  0.414788 -0.373983 34.784409  1.570862 0.000000 -0.000000
1  0.002636 43.025146 0.734438  -0.161157 0.041541 0.032325
2  3.061857 -4.181010 -0.610804  -1.565888 -0.663231 -1.315322
3  18.476772 0.000154 0.000000  -0.000856 -0.058600 0.750447
4  17.490086 0.000116 0.000003  -0.017347 0.383123 -1.009487
5  -3.065330 -4.183573 -0.611480  -1.541910 -0.022957 -1.930746
6  18.474859 -0.000034 -0.000009  0.010358 0.079118 1.028479
7  17.489584 0.001914 -0.000007  0.141332 -0.036560 -1.669814
8  -0.000117 -0.048881 -0.576226  1.676721 0.100982 1.617344
9  3.224489 0.767049 0.000496  0.169584 0.000325 0.198005
10  3.223909 0.226400 -0.001944  0.213186 0.027032 0.205254
11  5.187317 -1.262559 -0.001178  0.000012 0.000066 0.194111
12  6.928413 -1.935313 -0.000228  3.108352 0.168314 0.489566
13  3.236366 1.079612 0.000056  -0.440357 -0.017029 0.305568
14  0.833769 3.805353 0.692956  -0.040491 0.554884 1.469874
15  0.000041 6.792211 0.000039  0.007989 0.036070 -0.011406
16  -0.000067 7.744816 0.000015  -0.017441 -0.155305 0.068150
17  0.000070 7.809702 0.000018  -0.033637 0.005026 0.006143
18  -0.000027 7.867674 0.000017  -0.073329 -0.127910 0.026376
19  3.494701 -1.749095 -3.006912  0.152548 2.070419 1.936949
20  0.000118 4.478311 0.000018  -0.194660 0.310432 -0.234994
21  0.000049 4.636118 -0.000030  0.035823 0.324593 -0.151766
22  -0.000043 5.008651 0.000013  0.075997 -0.286564 0.276090
23  0.000064 4.781164 0.000011  0.904394 -2.690903 -0.015797
24  2.253043 1.989056 -3.350106  -1.523631 1.324497 0.112403
25  0.000161 6.589468 0.000169  0.206354 -0.002129 -0.080395
26  0.000042 7.491409 0.000043  -0.333511 0.184454 -0.191167
27  0.000026 7.660305 -0.000059  -0.063176 0.127194 -0.062118
28  0.000006 7.256270 0.000020  -0.052940 -0.487829 0.313814
29  -0.791158 2.265115 -1.234655  -0.753900 1.136377 0.824675
30  -0.000253 8.572258 -0.000089  -0.222844 -0.296789 0.176503
31  -0.000091 8.117207 0.000049  0.072258 0.772520 -0.285586
32  -0.000082 8.230027 -0.000065  -0.080491 -0.347232 0.072252
33  0.000058 7.366728 0.000053  -0.015394 -0.663892 0.062742
34  0.224219 0.240124 -3.218158  -0.877384 1.468888 0.577826
35  -0.000101 7.721052 -0.000313  -0.283827 0.060498 -0.167555
36  -0.000031 7.374858 -0.000002  0.007536 -0.195022 0.049539
37  0.000077 6.848103 0.000007  0.005485 0.006496 -0.033649
38  -0.000051 7.777862 0.000007  -0.186096 0.182474 -0.152846
39  -1.514466 2.104646 -1.150167  -0.029092 0.541319 1.555680
40  -0.000168 6.982353 -0.000079  -0.199699 -0.041212 0.153489
41  0.000038 8.382861 -0.000073  0.044866 0.587986 -0.257961
42  0.000015 8.697698 -0.000025  -0.102637 -0.474318 0.290943
43  0.000058 8.921805 -0.000004  -0.076258 0.581005 -0.195604
44  1.196196 2.899155 -2.353086  -0.449719 1.030105 1.287431
45  0.000103 5.476947 0.000006  0.285574 -0.099353 -0.038445
46  -0.000073 6.060438 -0.000089  -0.155019 -0.575032 0.384607
47  0.000017 5.994256 0.000030  0.033941 0.288574 -0.067729
48  -0.000005 6.100485 -0.000002  -0.068405 0.299273 -0.162154
49  0.000035 6.916762 0.000010  -0.096318 0.220533 -0.107964
50  0.000150 6.435060 -0.000046  -0.037458 0.171630 -0.116574
51  1.092801 3.649513 -1.738794  -0.148600 0.876612 1.445020
52  -0.000125 6.792201 -0.000102  0.008284 0.107792 -0.048643
53  -0.000086 7.744767 -0.000030  0.057137 -0.256892 0.015458
54  0.000083 9.115025 -0.000041  -0.020393 0.256253 -0.142636
55  3.494516 -1.749105 3.007063  0.118402 1.106974 1.813814
56  0.000014 4.323835 0.000085  -0.229908 -0.770942 0.449223
57  0.000029 4.872901 -0.000022  0.367242 -0.664052 -0.254033
58  0.000005 5.056648 0.000091  -0.511233 0.856588 -0.546320
59  2.292469 1.708612 3.661675  -1.762559 1.789110 -0.218970
60  -0.000174 6.589438 0.000281  -0.007131 -0.169122 0.176911
61  0.000175 7.491497 -0.000150  -0.132415 -0.107097 0.179326
62  -0.000140 8.249659 0.000144  0.041912 -0.058209 0.015814
63  0.000072 8.605236 -0.000025  0.101585 0.501824 -0.079697
64  -0.240480 2.066071 2.349267  -0.357331 2.461714 1.296085
65  -0.000088 7.721101 -0.000005  -0.208229 -0.126223 -0.116495
66  -0.000122 7.374864 -0.000044  -0.111018 0.046939 -0.046462
67  -0.000038 6.848069 -0.000027  0.273532 0.247522 0.299906
68  0.000035 7.777826 -0.000043  0.072921 0.186148 -0.052688
69  -0.000082 8.178055 0.000011  -0.087029 -0.422849 -0.381358
70  1.617605 3.431407 2.399265  -0.249455 2.569514 1.508574
71  -0.000164 5.476941 -0.000029  0.057729 0.074072 0.060285
72  -0.000091 6.060499 -0.000006  -0.015204 0.015650 -0.152066
73  0.000028 5.994251 0.000011  -0.126212 -0.157657 0.153302
74  -0.000076 7.076873 -0.000047  -0.008118 0.010385 0.036402
75  0.000009 7.089869 -0.000071  0.070875 0.098587 -0.025893
76  0.361113 0.886679 3.287746  -0.576374 1.978709 0.939014
77  -0.000064 6.686642 0.000221  -0.146568 0.414164 -0.327706
78  -0.000011 7.638015 0.000012  -0.079523 -0.025948 0.130956
79  -0.000027 7.290236 -0.000021  0.025325 -0.093908 0.023962
80  -0.000032 6.530370 0.000003  -0.261847 -0.300600 0.006736
81  0.000064 7.224884 0.000009  0.036505 0.032481 -0.175824
82  1.071902 3.225795 1.570115  -0.043806 2.859975 1.526250
83  0.000416 6.748906 -0.000067  -0.062702 0.083784 0.022201
84  -0.000040 8.002646 0.000026  -0.067496 -0.117209 -0.115600
85  0.000015 8.580576 -0.000096  0.088213 -0.007188 0.334606
86  0.000174 8.689832 -0.000041  0.065327 -0.412430 -0.134517
87  -1.514529 2.104638 0.318055  -0.024895 3.094490 1.569497
88  0.000189 6.982276 0.000012  -0.107588 -0.057624 -0.215718
89  -0.000008 8.382879 -0.000067  0.135031 -0.099914 0.287074
90  -0.000065 8.697668 0.000024  -0.148089 -0.510100 0.044837
91  -0.000138 8.921825 0.000079  -0.236827 -0.892635 0.098805
92  3.553617 -3.478049 2.409277  0.000819 0.762046 1.535312
93  -0.000002 4.476901 -0.000010  -0.151002 -0.588331 0.377259
94  0.000032 4.514117 -0.000022  -0.228866 -2.996200 0.592370
95  0.000043 4.518384 -0.000022  0.143172 2.612778 0.693386
96  0.000023 3.598329 0.000023  -0.749303 0.869852 -0.773233
97  4.209920 -0.440343 1.018823  -0.536057 -1.692564 -1.218410
98  4.265505 1.434234 -0.404992  -2.208202 -1.195591 0.410991
99  9.400233 0.017941 0.083198  0.100172 -0.048662 -1.758405
100  10.242421 0.033590 0.064477  2.972093 -0.105452 -0.363224
101  3.465854 -0.059677 0.016699  -0.031682 0.025084 -0.079994
102  1.655591 -0.000019 0.000024  -0.041292 0.027452 0.119361
103  0.960769 -0.000002 0.000001  -0.009616 0.060793 0.087662
104  3.462025 -0.064245 0.939916  0.270857 -0.227521 0.045878
105  1.497178 -0.000005 0.000021  -0.474902 0.110614 0.280221
106  0.793759 0.000002 0.000005  0.005382 -0.018170 -0.055163
107  0.591660 -0.460691 0.835216  -1.030067 -0.706896 -0.575346
108  1.556144 -0.000003 -0.000001  -0.182771 -0.044538 0.086564
109  1.135907 0.000015 0.000008  0.088712 -0.047070 0.143201
110  3.084265 -0.668819 -1.257075  -0.729857 0.400027 -0.277315
111  1.064205 0.000000 0.000001  0.017984 0.045084 -0.216370
112  0.640332 0.000004 -0.000006  -0.003404 -0.039280 0.268617
113  3.396821 -0.242137 -0.708681  -0.472741 0.096037 -0.358718
114  1.532968 0.000004 0.000010  0.005105 0.004073 0.160779
115  0.832974 -0.000006 0.000004  0.003534 0.014500 -0.194589
116  4.209944 -0.440342 -1.019280  0.966931 1.816286 -0.771322
117  4.266747 1.424947 0.424937  1.026109 0.768180 -1.125852
118  9.398564 0.011947 -0.082518  -0.097473 0.056068 -1.658788
119  10.242439 0.028179 -0.062903  -0.430979 0.395025 -0.095423
120  3.465758 -0.067527 0.002265  -0.098085 0.213389 -1.642570
121  1.655558 0.000013 0.000007  -0.146419 0.180408 -1.065670
122  0.960907 0.000004 -0.000001  0.011763 0.147523 -0.727702
123  3.466860 -0.077780 -0.920909  -0.344899 0.135052 -1.706136
124  1.497260 -0.000035 -0.000022  -0.558711 0.305933 -0.958370
125  0.793787 -0.000011 -0.000000  -0.167528 0.322150 -0.667301
126  0.595088 -0.467151 -0.829177  2.642145 0.814491 -0.558666
127  1.555672 0.000016 -0.000003  0.724424 0.532885 1.288983
128  1.136813 -0.000012 0.000000  0.328978 0.330974 0.814089
129  3.075979 -0.667966 1.277701  0.649783 0.203799 -1.057204
130  1.064593 0.000021 0.000011  0.036441 -0.122651 -0.942510
131  0.640364 -0.000015 -0.000003  -0.109460 -0.032081 -0.554316
132  3.392419 -0.245369 0.728375  0.185701 0.261525 -1.512572
133  1.532740 -0.000010 -0.000001  0.006532 0.018114 -0.859407
134  0.833150 0.000005 0.000006  -0.077654 -0.076787 -1.138218
135  3.590112 -3.090295 1.193972  1.635457 1.210566 1.548541
136  3.589559 -3.089880 -1.196373  -1.505736 1.210473 -1.592853
137  -0.436559 4.719027 -0.001077  -0.000414 -1.570733 1.692843
138  0.000001 2.775452 -0.000236  -0.135089 0.000001 -0.000000
139  -0.000000 3.189774 0.000008  0.207820 -0.000000 0.000000
140  0.000000 3.504648 0.000044  -0.261876 -0.000000 -0.000000
141  0.000000 2.863198 -0.000002  -0.051268 0.000000 -0.000000
time 37
0  0.472617 -0.212769 34.641983  1.570862 0.000000 -0.000000
1  0.002636 43.025146 0.734438  -0.161642 0.058236 0.034589
2  3.061857 -4.181012 -0.610803  -1.564156 -0.678475 -1.328920
3  18.476772 0.000161 -0.000000  -0.001178 -0.059621 0.763516
4  17.490086 0.000118 0.000002  -0.014425 0.393548 -1.009817
5  -3.065330 -4.183574 -0.611479  -1.513827 -0.016026 -1.948210
6  18.474861 -0.000034 -0.000007  0.010762 0.079734 1.037499
7  17.489584 0.001916 -0.000006  0.150405 -0.051831 -1.671469
8  -0.000117 -0.048880 -0.576225  1.675420 0.096598 1.615235
9  3.224480 0.767046 0.000495  0.168293 -0.000870 0.207155
10  3.223911 0.226399 -0.001944  0.215006 0.028522 0.206859
11  5.187318 -1.262560 -0.001177  0.000012 0.000066 0.194111
12  6.928401 -1.935313 -0.000228  3.086820 0.164473 0.434110
13  3.236362 1.079608 0.000058  -0.441071 -0.029209 0.276427
14  0.833753 3.805350 0.692956  -0.040491 0.554884 1.469874
15  0.000046 6.792204 0.000040  0.007989 0.036071 -0.011406
16  -0.000065 7.744820 0.000018  -0.017441 -0.155305 0.068150
17  0.000074 7.809700 0.000016  -0.033637 0.005026 0.006143
18  -0.000025 7.867673 0.000018  -0.073329 -0.127910 0.026375
19  3.494695 -1.749094 -3.006912  0.152548 2.070419 1.936949
20  0.000119 4.478316 0.000018  -0.194660 0.310432 -0.234994
21  0.000047 4.636122 -0.000029  0.035823 0.324593 -0.151766
22  -0.000042 5.008645 0.000012  0.075997 -0.286564 0.276090
23  0.000063 4.781157 0.000009  0.904394 -2.690903 -0.015797
24  2.253030 1.989053 -3.350106  -1.523631 1.324497 0.112403
25  0.000161 6.589465 0.000171  0.206354 -0.002129 -0.080395
26  0.000041 7.491410 0.000038  -0.333511 0.184454 -0.191167
27  0.000025 7.660307 -0.000054  -0.063176 0.127195 -0.062118
28  0.000008 7.256269 0.000015  -0.052940 -0.487829 0.313814
29  -0.791164 2.265118 -1.234655  -0.753900 1.136377 0.824675
30  -0.000256 8.572262 -0.000089  -0.222844 -0.296789 0.176503
31  -0.000093 8.117211 0.000050  0.072258 0.772520 -0.285586
32  -0.000085 8.230034 -0.000075  -0.080491 -0.347232 0.072252
33  0.000060 7.366723 0.000055  -0.015394 -0.663892 0.062741
34  0.224207 0.240126 -3.218158  -0.877385 1.468888 0.577826
35  -0.000100 7.721051 -0.000309  -0.283827 0.060498 -0.167555
36  -0.000030 7.374850 -0.000003  0.007536 -0.195022 0.049539
37  0.000076 6.848103 0.000008  0.005485 0.006496 -0.033649
38  -0.000049 7.777862 0.000011  -0.186096 0.182474 -0.152846
39  -1.514468 2.104648 -1.150167  -0.029092 0.541319 1.555680
40  -0.000170 6.982351 -0.000078  -0.199699 -0.041212 0.153489
41  0.000037 8.382864 -0.000073  0.044866 0.587986 -0.257961
42  0.000011 8.697702 -0.000026  -0.102637 -0.474318 0.290943
43  0.000055 8.921807 -0.000004  -0.076258 0.581005 -0.195604
44  1.196184 2.899150 -2.353086  -0.449719 1.030105 1.287431
45  0.000105 5.476938 0.000006  0.285574 -0.099353 -0.038445
46  -0.000070 6.060432 -0.000088  -0.155019 -0.575032 0.384607
47  0.000020 5.994253 0.000028  0.033941 0.288574 -0.067729
48  -0.000007 6.100488 0.000003  -0.068405 0.299273 -0.162154
49  0.000034 6.916761 0.000009  -0.096318 0.220533 -0.107964
50  0.000149 6.435060 -0.000046  -0.037458 0.171630 -0.116574
51  1.092793 3.649514 -1.738794  -0.148600 0.876612 1.445020
52  -0.000129 6.792202 -0.000102  0.008284 0.107792 -0.048643
53  -0.000088 7.744771 -0.000032  0.057137 -0.256893 0.015458
54  0.000085 9.115023 -0.000036  -0.020393 0.256253 -0.142636
55  3.494509 -1.749106 3.007064  0.118402 1.106974 1.813814
56  0.000015 4.323834 0.000085  -0.229908 -0.770942 0.449223
57  0.000029 4.872896 -0.000021  0.367242 -0.664052 -0.254033
58  0.000005 5.056648 0.000091  -0.511233 0.856588 -0.546320
59  2.292460 1.708615 3.661675  -1.762559 1.789110 -0.218970
60  -0.000174 6.589439 0.000269  -0.007131 -0.169122 0.176911
61  0.000175 7.491496 -0.000156  -0.132416 -0.107097 0.179326
62  -0.000138 8.249664 0.000146  0.041912 -0.058209 0.015814
63  0.000072 8.605239 -0.000025  0.101585 0.501824 -0.079697
64  -0.240493 2.066072 2.349267  -0.357331 2.461714 1.296085
65  -0.000078 7.721107 -0.000001  -0.208229 -0.126223 -0.116495
66  -0.000120 7.374866 -0.000047  -0.111018 0.046939 -0.046462
67  -0.000033 6.848069 -0.000025  0.273532 0.247522 0.299906
68  0.000035 7.777825 -0.000044  0.072921 0.186148 -0.052688
69  -0.000079 8.178054 0.000010  -0.087029 -0.422849 -0.381358
70  1.617602 3.431411 2.399266  -0.249455 2.569515 1.508574
71  -0.000166 5.476939 -0.000028  0.057729 0.074072 0.060285
72  -0.000094 6.060493 -0.000006  -0.015204 0.015650 -0.152066
73  0.000026 5.994248 0.000011  -0.126212 -0.157657 0.153302
74  -0.000075 7.076875 -0.000047  -0.008118 0.010385 0.036402
75  0.000001 7.089869 -0.000071  0.070875 0.098587 -0.025893
76  0.361106 0.886681 3.287746  -0.576374 1.978709 0.939014
77  -0.000065 6.686645 0.000225  -0.146568 0.414164 -0.327706
78  -0.000011 7.638017 0.000014  -0.079523 -0.025948 0.130956
79  -0.000030 7.290231 -0.000021  0.025325 -0.093908 0.023962
80  -0.000033 6.530366 0.000001  -0.261847 -0.300600 0.006736
81  0.000062 7.224885 0.000008  0.036505 0.032481 -0.175824
82  1.071892 3.225795 1.570115  -0.043806 2.859975 1.526250
83  0.000414 6.748905 -0.000067  -0.062702 0.083784 0.022201
84  -0.000047 8.002645 0.000027  -0.067496 -0.117209 -0.115600
85  0.000013 8.580569 -0.000097  0.088213 -0.007188 0.334606
86  0.000171 8.689835 -0.000042  0.065326 -0.412430 -0.134517
87  -1.514538 2.104640 0.318056  -0.024895 3.094490 1.569497
88  0.000196 6.982285 0.000012  -0.107588 -0.057624 -0.215718
89  -0.000007 8.382873 -0.000068  0.135031 -0.099914 0.287074
90  -0.000061 8.697667 0.000024  -0.148089 -0.510100 0.044837
91  -0.000134 8.921830 0.000078  -0.236827 -0.892635 0.098805
92  3.553610 -3.478048 2.409277  0.000819 0.762046 1.535312
93  0.000001 4.476898 -0.000006  -0.151003 -0.588331 0.377258
94  0.000031 4.514129 -0.000022  -0.228866 -2.996200 0.592370
95  0.000045 4.518385 -0.000023  0.143172 2.612778 0.693386
96  0.000023 3.598332 0.000025  -0.749303 0.869852 -0.773233
97  4.209914 -0.440345 1.018822  -0.380335 -1.690104 -1.375782
98  4.265505 1.434235 -0.404991  -2.276968 -1.189318 0.470985
99  9.400236 0.017940 0.083205  0.101099 -0.047771 -1.775376
100  10.242420 0.033592 0.064480  2.960228 -0.121072 -0.315099
101  3.465857 -0.059678 0.016683  -0.031281 0.028089 -0.071262
102  1.655592 -0.000022 0.000021  -0.042562 0.027399 0.116877
103  0.960771 -0.000002 -0.000014  -0.010032 0.059958 0.083767
104  3.462029 -0.064246 0.939903  0.267649 -0.231769 0.060327
105  1.497177 -0.000008 0.000019  -0.474995 0.110435 0.280889
106  0.793760 0.000002 -0.000002  0.005441 -0.018137 -0.056082
107  0.591662 -0.460692 0.835200  -1.024516 -0.704982 -0.580022
108  1.556143 0.000000 0.000001  -0.182205 -0.041386 0.093298
109  1.135902 0.000027 0.000004  0.089075 -0.045768 0.147753
110  3.084269 -0.668821 -1.257087  -0.729538 0.409629 -0.271521
111  1.064200 -0.000006 0.000007  0.017635 0.046224 -0.228195
112  0.640332 0.000007 -0.000007  -0.003059 -0.039014 0.264949
113  3.396822 -0.242137 -0.708692  -0.475043 0.099307 -0.356193
114  1.532967 0.000001 0.000008  0.004985 0.003972 0.158822
115  0.832975 -0.000003 -0.000001  0.003743 0.014472 -0.198553
116  4.209937 -0.440343 -1.019280  0.973524 1.808015 -0.766068
117  4.266746 1.424943 0.424937  1.041914 0.770593 -1.131582
118  9.398563 0.011953 -0.082513  -0.098418 0.055356 -1.674039
119  10.242440 0.028173 -0.062910  -0.453582 0.376039 -0.104376
120  3.465746 -0.067527 0.002267  -0.098180 0.213424 -1.643152
121  1.655560 0.000005 0.000008  -0.146510 0.180443 -1.066249
122  0.960905 0.000005 -0.000000  0.011763 0.147618 -0.728093
123  3.466853 -0.077782 -0.920908  -0.344930 0.135121 -1.706735
124  1.497260 -0.000031 -0.000023  -0.558866 0.306051 -0.958885
125  0.793788 -0.000010 -0.000001  -0.167644 0.322296 -0.667517
126  0.595078 -0.467152 -0.829177  2.642142 0.814558 -0.558870
127  1.555676 0.000016 -0.000003  0.724857 0.533074 1.289687
128  1.136812 -0.000002 0.000000  0.329308 0.331134 0.814398
129  3.075971 -0.667967 1.277701  0.649747 0.203888 -1.057478
130  1.064588 0.000020 0.000007  0.036479 -0.122671 -0.942915
131  0.640361 -0.000010 -0.000006  -0.109514 -0.032132 -0.554569
132  3.392413 -0.245370 0.728377  0.185612 0.261587 -1.513053
133  1.532732 -0.000012 -0.000002  0.006524 0.018122 -0.859811
134  0.833151 0.000003 0.000005  -0.077697 -0.076830 -1.138700
135  3.590109 -3.090295 1.193972  1.635457 1.210566 1.548541
136  3.589558 -3.089880 -1.196372  -1.505736 1.210473 -1.592853
137  -0.436559 4.719026 -0.001076  -0.000708 -1.570733 1.693298
138  -0.000000 2.775452 -0.000236  -0.135089 0.000001 -0.000000
139  0.000000 3.189772 0.000008  0.207820 -0.000000 0.000000
140  -0.000000 3.504651 0.000045  -0.261876 -0.000000 -0.000000
141  0.000001 2.863196 -0.000002  -0.051268 0.000000 -0.000000
time 38
0  0.523566 -0.054842 34.480618  1.570862 0.000000 -0.000000
1  0.002636 43.025146 0.734438  -0.161542 0.076724 0.037390
2  3.061858 -4.181011 -0.610804  -1.562157 -0.695239 -1.344249
3  18.476778 0.000158 -0.000001  -0.001523 -0.060670 0.777011
4  17.490086 0.000117 0.000004  -0.010413 0.403804 -1.009057
5  -3.065330 -4.183576 -0.611480  -1.485131 -0.008121 -1.967024
6  18.474855 -0.000034 -0.000008  0.011222 0.080419 1.047586
7  17.489582 0.001914 -0.000007  0.162658 -0.066292 -1.674467
8  -0.000117 -0.048883 -0.576226  1.673760 0.091984 1.612953
9  3.224483 0.767048 0.000495  0.165947 -0.002515 0.216881
10  3.223914 0.226399 -0.001944  0.215860 0.029677 0.208843
11  5.187320 -1.262560 -0.001178  0.000012 0.000066 0.194111
12  6.928410 -1.935315 -0.000228  3.065754 0.159636 0.380186
13  3.236368 1.079612 0.000059  -0.441120 -0.041020 0.250717
14  0.833761 3.805347 0.692955  -0.040491 0.554884 1.469874
15  0.000035 6.792210 0.000037  0.007989 0.036070 -0.011406
16  -0.000069 7.744817 0.000016  -0.017441 -0.155305 0.068150
17  0.000073 7.809702 0.000016  -0.033637 0.005026 0.006143
18  -0.000025 7.867671 0.000018  -0.073329 -0.127910 0.026375
19  3.494700 -1.749097 -3.006912  0.152547 2.070419 1.936949
20  0.000119 4.478321 0.000020  -0.194660 0.310432 -0.234994
21  0.000047 4.636115 -0.000028  0.035823 0.324593 -0.151766
22  -0.000042 5.008652 0.000015  0.075997 -0.286564 0.276090
23  0.000065 4.781161 0.000009  0.904395 -2.690903 -0.015797
24  2.253041 1.989053 -3.350106  -1.523631 1.324497 0.112403
25  0.000162 6.589465 0.000170  0.206354 -0.002129 -0.080394
26  0.000043 7.491415 0.000046  -0.333511 0.184454 -0.191167
27  0.000025 7.660307 -0.000056  -0.063176 0.127194 -0.062118
28  0.000007 7.256269 0.000018  -0.052940 -0.487829 0.313814
29  -0.791157 2.265114 -1.234656  -0.753900 1.136377 0.824675
30  -0.000256 8.572265 -0.000089  -0.222844 -0.296789 0.176503
31  -0.000093 8.117214 0.000049  0.072258 0.772520 -0.285586
32  -0.000084 8.230036 -0.000068  -0.080491 -0.347232 0.072252
33  0.000061 7.366724 0.000055  -0.015394 -0.663892 0.062742
34  0.224221 0.240127 -3.218158  -0.877384 1.468888 0.577826
35  -0.000100 7.721051 -0.000314  -0.283827 0.060498 -0.167555
36  -0.000030 7.374849 -0.000004  0.007536 -0.195022 0.049539
37  0.000074 6.848096 0.000007  0.005485 0.006496 -0.033649
38  -0.000052 7.777860 0.000009  -0.186096 0.182474 -0.152847
39  -1.514467 2.104645 -1.150167  -0.029092 0.541319 1.555680
40  -0.000169 6.982345 -0.000075  -0.199699 -0.041212 0.153489
41  0.000040 8.382858 -0.000073  0.044866 0.587986 -0.257961
42  0.000017 8.697697 -0.000027  -0.102637 -0.474318 0.290943
43  0.000057 8.921805 -0.000004  -0.076258 0.581005 -0.195604
44  1.196190 2.899147 -2.353086  -0.449719 1.030105 1.287431
45  0.000107 5.476943 0.000005  0.285574 -0.099353 -0.038445
46  -0.000077 6.060441 -0.000088  -0.155020 -0.575032 0.384607
47  0.000017 5.994260 0.000029  0.033941 0.288575 -0.067729
48  -0.000008 6.100484 0.000000  -0.068405 0.299273 -0.162154
49  0.000037 6.916754 0.000012  -0.096318 0.220533 -0.107964
50  0.000149 6.435063 -0.000044  -0.037458 0.171630 -0.116574
51  1.092791 3.649505 -1.738794  -0.148600 0.876612 1.445020
52  -0.000128 6.792205 -0.000105  0.008284 0.107792 -0.048643
53  -0.000087 7.744773 -0.000029  0.057137 -0.256893 0.015458
54  0.000083 9.115021 -0.000037  -0.020393 0.256253 -0.142636
55  3.494519 -1.749106 3.007063  0.118402 1.106974 1.813814
56  0.000014 4.323840 0.000085  -0.229908 -0.770942 0.449223
57  0.000029 4.872892 -0.000020  0.367242 -0.664052 -0.254033
58  0.000004 5.056650 0.000089  -0.511233 0.856588 -0.546320
59  2.292466 1.708611 3.661674  -1.762559 1.789110 -0.218970
60  -0.000171 6.589440 0.000272  -0.007131 -0.169122 0.176911
61  0.000175 7.491497 -0.000149  -0.132416 -0.107097 0.179326
62  -0.000139 8.249660 0.000141  0.041912 -0.058209 0.015814
63  0.000072 8.605236 -0.000031  0.101585 0.501824 -0.079697
64  -0.240486 2.066067 2.349267  -0.357331 2.461714 1.296085
65  -0.000087 7.721101 -0.000004  -0.208229 -0.126223 -0.116495
66  -0.000120 7.374866 -0.000046  -0.111018 0.046939 -0.046462
67  -0.000035 6.848066 -0.000024  0.273532 0.247522 0.299906
68  0.000037 7.777823 -0.000043  0.072921 0.186148 -0.052688
69  -0.000086 8.178053 0.000011  -0.087029 -0.422849 -0.381358
70  1.617608 3.431410 2.399265  -0.249455 2.569515 1.508574
71  -0.000165 5.476943 -0.000029  0.057729 0.074072 0.060285
72  -0.000091 6.060494 -0.000007  -0.015204 0.015650 -0.152066
73  0.000024 5.994251 0.000011  -0.126212 -0.157657 0.153302
74  -0.000078 7.076873 -0.000046  -0.008118 0.010385 0.036402
75  0.000012 7.089874 -0.000069  0.070875 0.098587 -0.025893
76  0.361115 0.886678 3.287745  -0.576374 1.978709 0.939014
77  -0.000066 6.686648 0.000224  -0.146568 0.414164 -0.327706
78  -0.000010 7.638018 0.000012  -0.079523 -0.025948 0.130956
79  -0.000035 7.290225 -0.000018  0.025325 -0.093908 0.023962
80  -0.000032 6.530367 0.000006  -0.261847 -0.300600 0.006736
81  0.000065 7.224877 0.000010  0.036505 0.032481 -0.175824
82  1.071899 3.225795 1.570115  -0.043806 2.859975 1.526250
83  0.000422 6.748904 -0.000065  -0.062702 0.083784 0.022201
84  -0.000054 8.002643 0.000027  -0.067496 -0.117209 -0.115600
85  0.000011 8.580574 -0.000098  0.088213 -0.007188 0.334606
86  0.000168 8.689834 -0.000041  0.065327 -0.412430 -0.134516
87  -1.514533 2.104635 0.318055  -0.024895 3.094490 1.569497
88  0.000191 6.982286 0.000011  -0.107588 -0.057624 -0.215718
89  -0.000008 8.382874 -0.000067  0.135031 -0.099914 0.287074
90  -0.000058 8.697673 0.000024  -0.148089 -0.510100 0.044837
91  -0.000133 8.921826 0.000078  -0.236827 -0.892635 0.098805
92  3.553616 -3.478047 2.409277  0.000819 0.762046 1.535312
93  0.000001 4.476905 -0.000006  -0.151003 -0.588331 0.377258
94  0.000031 4.514121 -0.000022  -0.228866 -2.996200 0.592370
95  0.000044 4.518384 -0.000022  0.143172 2.612778 0.693386
96  0.000023 3.598329 0.000021  -0.749303 0.869852 -0.773233
97  4.209924 -0.440348 1.018823  -0.221401 -1.690758 -1.536506
98  4.265505 1.434235 -0.404994  -2.337915 -1.178976 0.523012
99  9.400234 0.017940 0.083202  0.102095 -0.046780 -1.793927
100  10.242421 0.033592 0.064478  2.944042 -0.136860 -0.266915
101  3.465858 -0.059677 0.016692  -0.030921 0.031065 -0.062645
102  1.655594 -0.000022 0.000029  -0.043943 0.027067 0.112826
103  0.960768 -0.000003 -0.000014  -0.010429 0.058892 0.078363
104  3.462030 -0.064246 0.939908  0.264193 -0.235899 0.075517
105  1.497178 -0.000010 0.000019  -0.475146 0.109869 0.280585
106  0.793759 0.000002 0.000003  0.005492 -0.017988 -0.058157
107  0.591663 -0.460691 0.835210  -1.018113 -0.702550 -0.585062
108  1.556136 0.000008 -0.000000  -0.181619 -0.037560 0.101472
109  1.135903 0.000028 0.000003  0.089612 -0.044161 0.153848
110  3.084270 -0.668820 -1.257087  -0.729186 0.419136 -0.265805
111  1.064203 -0.000003 0.000002  0.017213 0.047554 -0.242532
112  0.640341 0.000006 -0.000007  -0.002546 -0.038556 0.258775
113  3.396823 -0.242137 -0.708684  -0.477412 0.102347 -0.354182
114  1.532969 0.000005 0.000008  0.004925 0.003842 0.155151
115  0.832976 -0.000006 -0.000005  0.003961 0.014424 -0.203493
116  4.209943 -0.440344 -1.019280  0.980783 1.799607 -0.760108
117  4.266745 1.424945 0.424938  1.054715 0.775338 -1.140404
118  9.398567 0.011953 -0.082519  -0.099201 0.054748 -1.686802
119  10.242437 0.028183 -0.062903  -0.477288 0.357256 -0.114770
120  3.465753 -0.067531 0.002268  -0.098256 0.213369 -1.643651
121  1.655557 0.000004 0.000005  -0.146567 0.180465 -1.066611
122  0.960903 0.000006 0.000000  0.011700 0.147717 -0.728348
123  3.466856 -0.077784 -0.920910  -0.344981 0.135138 -1.707166
124  1.497261 -0.000038 -0.000022  -0.558999 0.306154 -0.959327
125  0.793787 -0.000012 0.000001  -0.167760 0.322443 -0.667734
126  0.595084 -0.467154 -0.829176  2.642162 0.814658 -0.559008
127  1.555673 0.000016 -0.000003  0.725181 0.533216 1.290216
128  1.136815 -0.000006 -0.000001  0.329495 0.331261 0.814610
129  3.075977 -0.667971 1.277699  0.649721 0.203955 -1.057684
130  1.064590 0.000021 0.000009  0.036511 -0.122687 -0.943253
131  0.640359 -0.000015 -0.000007  -0.109567 -0.032184 -0.554823
132  3.392416 -0.245373 0.728375  0.185508 0.261585 -1.513377
133  1.532737 -0.000007 0.000001  0.006517 0.018130 -0.860147
134  0.833150 0.000004 0.000007  -0.077689 -0.076847 -1.139046
135  3.590110 -3.090295 1.193971  1.635457 1.210566 1.548541
136  3.589556 -3.089880 -1.196374  -1.505736 1.210473 -1.592853
137  -0.436560 4.719026 -0.001077  -0.000532 -1.570733 1.693222
138  -0.000000 2.775452 -0.000236  -0.135089 0.000001 -0.000000
139  -0.000000 3.189774 0.000008  0.207820 0.000000 0.000000
140  -0.000001 3.504645 0.000047  -0.261876 -0.000000 -0.000000
141  0.000000 2.863198 -0.000002  -0.051268 0.000000 -0.000000
time 39
0  0.562503 0.079308 34.329468  1.570862 0.000000 -0.000000
1  0.002636 43.025146 0.734438  -0.161468 0.095921 0.040645
2  3.061857 -4.181012 -0.610803  -1.559201 -0.710456 -1.360446
3  18.476776 0.000156 -0.000002  -0.001847 -0.061611 0.789168
4  17.490086 0.000116 0.000004  -0.005244 0.413755 -1.007351
5  -3.065330 -4.183576 -0.611479  -1.458398 0.001127 -1.984655
6  18.474855 -0.000035 -0.000009  0.011621 0.081002 1.056236
7  17.489586 0.001915 -0.000006  0.178112 -0.077692 -1.676199
8  -0.000117 -0.048886 -0.576225  1.672418 0.087534 1.610849
9  3.224482 0.767048 0.000495  0.162973 -0.004394 0.226161
10  3.223906 0.226399 -0.001944  0.215966 0.030844 0.210570
11  5.187320 -1.262560 -0.001176  0.000012 0.000066 0.194111
12  6.928410 -1.935312 -0.000227  3.046922 0.155376 0.332597
13  3.236365 1.079609 0.000057  -0.441803 -0.051052 0.229773
14  0.833766 3.805350 0.692956  -0.040491 0.554884 1.469874
15  0.000040 6.792209 0.000037  0.007989 0.036071 -0.011405
16  -0.000065 7.744816 0.000015  -0.017441 -0.155305 0.068150
17  0.000073 7.809706 0.000018  -0.033637 0.005026 0.006143
18  -0.000028 7.867673 0.000016  -0.073329 -0.127910 0.026375
19  3.494705 -1.749095 -3.006912  0.152547 2.070419 1.936949
20  0.000118 4.478314 0.000019  -0.194659 0.310432 -0.234995
21  0.000047 4.636114 -0.000029  0.035822 0.324593 -0.151766
22  -0.000040 5.008649 0.000012  0.075997 -0.286564 0.276090
23  0.000062 4.781157 0.000010  0.904395 -2.690903 -0.015797
24  2.253048 1.989056 -3.350106  -1.523631 1.324497 0.112403
25  0.000162 6.589464 0.000172  0.206354 -0.002129 -0.080395
26  0.000043 7.491414 0.000038  -0.333511 0.184454 -0.191167
27  0.000027 7.660298 -0.000055  -0.063176 0.127195 -0.062118
28  0.000008 7.256266 0.000023  -0.052940 -0.487829 0.313814
29  -0.791154 2.265115 -1.234655  -0.753900 1.136377 0.824675
30  -0.000258 8.572265 -0.000092  -0.222844 -0.296789 0.176503
31  -0.000097 8.117213 0.000046  0.072258 0.772520 -0.285586
32  -0.000083 8.230043 -0.000069  -0.080491 -0.347232 0.072252
33  0.000059 7.366724 0.000051  -0.015394 -0.663892 0.062741
34  0.224224 0.240123 -3.218158  -0.877385 1.468888 0.577826
35  -0.000101 7.721058 -0.000309  -0.283827 0.060498 -0.167555
36  -0.000031 7.374850 -0.000000  0.007536 -0.195022 0.049539
37  0.000075 6.848103 0.000007  0.005485 0.006496 -0.033649
38  -0.000050 7.777862 0.000009  -0.186096 0.182474 -0.152847
39  -1.514463 2.104646 -1.150167  -0.029092 0.541319 1.555680
40  -0.000168 6.982341 -0.000077  -0.199699 -0.041212 0.153489
41  0.000038 8.382858 -0.000071  0.044866 0.587986 -0.257961
42  0.000011 8.697703 -0.000027  -0.102637 -0.474318 0.290943
43  0.000055 8.921804 -0.000005  -0.076258 0.581005 -0.195604
44  1.196197 2.899153 -2.353086  -0.449719 1.030105 1.287431
45  0.000104 5.476938 0.000004  0.285574 -0.099353 -0.038445
46  -0.000075 6.060439 -0.000094  -0.155019 -0.575032 0.384607
47  0.000020 5.994268 0.000030  0.033941 0.288574 -0.067729
48  -0.000006 6.100492 -0.000000  -0.068405 0.299273 -0.162154
49  0.000035 6.916756 0.000012  -0.096318 0.220533 -0.107964
50  0.000147 6.435059 -0.000045  -0.037458 0.171630 -0.116574
51  1.092799 3.649509 -1.738794  -0.148600 0.876612 1.445020
52  -0.000129 6.792207 -0.000103  0.008284 0.107792 -0.048643
53  -0.000087 7.744779 -0.000031  0.057137 -0.256893 0.015458
54  0.000087 9.115024 -0.000037  -0.020393 0.256253 -0.142636
55  3.494525 -1.749103 3.007064  0.118402 1.106974 1.813814
56  0.000014 4.323836 0.000085  -0.229908 -0.770942 0.449223
57  0.000028 4.872899 -0.000021  0.367242 -0.664052 -0.254033
58  0.000008 5.056644 0.000092  -0.511233 0.856588 -0.546320
59  2.292474 1.708616 3.661675  -1.762559 1.789110 -0.218970
60  -0.000175 6.589439 0.000274  -0.007131 -0.169122 0.176911
61  0.000174 7.491498 -0.000147  -0.132416 -0.107097 0.179326
62  -0.000139 8.249660 0.000141  0.041912 -0.058209 0.015814
63  0.000072 8.605236 -0.000022  0.101585 0.501824 -0.079697
64  -0.240480 2.066072 2.349267  -0.357331 2.461714 1.296085
65  -0.000087 7.721098 -0.000004  -0.208229 -0.126223 -0.116495
66  -0.000119 7.374866 -0.000047  -0.111018 0.046939 -0.046462
67  -0.000035 6.848060 -0.000025  0.273532 0.247522 0.299906
68  0.000035 7.777829 -0.000045  0.072921 0.186147 -0.052688
69  -0.000087 8.178054 0.000011  -0.087029 -0.422849 -0.381358
70  1.617608 3.431406 2.399265  -0.249455 2.569515 1.508574
71  -0.000163 5.476940 -0.000029  0.057729 0.074072 0.060285
72  -0.000096 6.060489 -0.000007  -0.015204 0.015650 -0.152066
73  0.000030 5.994250 0.000011  -0.126212 -0.157657 0.153302
74  -0.000076 7.076873 -0.000047  -0.008118 0.010385 0.036402
75  0.000001 7.089869 -0.000070  0.070875 0.098587 -0.025893
76  0.361116 0.886681 3.287746  -0.576374 1.978709 0.939014
77  -0.000069 6.686639 0.000219  -0.146568 0.414164 -0.327706
78  -0.000010 7.638019 0.000012  -0.079523 -0.025948 0.130956
79  -0.000032 7.290224 -0.000022  0.025325 -0.093908 0.023962
80  -0.000037 6.530365 0.000008  -0.261847 -0.300600 0.006736
81  0.000066 7.224884 0.000007  0.036505 0.032481 -0.175824
82  1.071903 3.225797 1.570116  -0.043806 2.859975 1.526250
83  0.000419 6.748897 -0.000067  -0.062702 0.083784 0.022201
84  -0.000046 8.002645 0.000026  -0.067496 -0.117209 -0.115600
85  0.000012 8.580573 -0.000098  0.088213 -0.007188 0.334605
86  0.000174 8.689831 -0.000040  0.065327 -0.412430 -0.134517
87  -1.514529 2.104638 0.318056  -0.024895 3.094490 1.569497
88  0.000188 6.982280 0.000012  -0.107588 -0.057624 -0.215718
89  -0.000011 8.382866 -0.000068  0.135031 -0.099914 0.287074
90  -0.000064 8.697670 0.000024  -0.148089 -0.510100 0.044837
91  -0.000135 8.921822 0.000080  -0.236827 -0.892635 0.098805
92  3.553627 -3.478044 2.409277  0.000819 0.762046 1.535312
93  -0.000004 4.476906 -0.000007  -0.151003 -0.588331 0.377258
94  0.000030 4.514125 -0.000024  -0.228866 -2.996200 0.592370
95  0.000043 4.518384 -0.000024  0.143172 2.612778 0.693386
96  0.000023 3.598331 0.000023  -0.749303 0.869852 -0.773233
97  4.209921 -0.440345 1.018825  -0.070830 -1.693682 -1.688947
98  4.265505 1.434233 -0.404992  -2.391250 -1.168509 0.566410
99  9.400233 0.017941 0.083198  0.102953 -0.045896 -1.810178
100  10.242421 0.033590 0.064477  2.929977 -0.150500 -0.225892
101  3.465856 -0.059678 0.016690  -0.030472 0.034063 -0.053902
102  1.655591 -0.000019 0.000016  -0.045295 0.026836 0.109566
103  0.960772 -0.000003 -0.000009  -0.010860 0.057972 0.073738
104  3.462028 -0.064246 0.939912  0.260751 -0.240024 0.090494
105  1.497177 -0.000004 0.000022  -0.475301 0.109488 0.280738
106  0.793760 0.000004 -0.000004  0.005551 -0.017955 -0.059691
107  0.591662 -0.460691 0.835207  -1.012142 -0.700344 -0.589897
108  1.556142 0.000005 0.000000  -0.181007 -0.034106 0.109011
109  1.135905 0.000017 0.000005  0.090034 -0.042749 0.159123
110  3.084269 -0.668821 -1.257085  -0.728765 0.428696 -0.259950
111  1.064198 -0.000001 0.000008  0.016798 0.048810 -0.255591
112  0.640337 0.000012 -0.000011  -0.002093 -0.038202 0.253948
113  3.396823 -0.242138 -0.708691  -0.479774 0.105561 -0.351848
114  1.532966 0.000007 0.000009  0.004803 0.003786 0.152337
115  0.832975 -0.000003 -0.000008  0.004175 0.014387 -0.207945
116  4.209943 -0.440343 -1.019278  0.988009 1.791215 -0.754111
117  4.266743 1.424940 0.424938  1.065415 0.780501 -1.151548
118  9.398576 0.011950 -0.082515  -0.099862 0.054223 -1.697683
119  10.242437 0.028177 -0.062908  -0.500602 0.338141 -0.125307
120  3.465750 -0.067526 0.002268  -0.098284 0.213379 -1.643817
121  1.655560 0.000006 0.000004  -0.146590 0.180474 -1.066757
122  0.960904 0.000008 0.000001  0.011736 0.147767 -0.728475
123  3.466856 -0.077780 -0.920910  -0.344965 0.135109 -1.707425
124  1.497262 -0.000031 -0.000023  -0.559043 0.306188 -0.959475
125  0.793789 -0.000001 -0.000002  -0.167778 0.322482 -0.667787
126  0.595078 -0.467151 -0.829176  2.642234 0.814639 -0.559035
127  1.555673 0.000017 0.000000  0.725343 0.533287 1.290480
128  1.136815 -0.000012 0.000002  0.329638 0.331293 0.814707
129  3.075974 -0.667966 1.277702  0.649655 0.203949 -1.057758
130  1.064592 0.000018 0.000010  0.036523 -0.122694 -0.943387
131  0.640359 -0.000012 -0.000010  -0.109583 -0.032134 -0.554893
132  3.392413 -0.245369 0.728376  0.185436 0.261649 -1.513535
133  1.532738 -0.000012 -0.000001  0.006515 0.018128 -0.860282
134  0.833154 0.000010 0.000004  -0.077685 -0.076855 -1.139184
135  3.590106 -3.090294 1.193972  1.635457 1.210566 1.548541
136  3.589557 -3.089880 -1.196373  -1.505736 1.210473 -1.592853
137  -0.436564 4.719026 -0.001076  -0.000708 -1.570733 1.692846
138  0.000000 2.775449 -0.000237  -0.135089 0.000001 -0.000000
139  -0.000001 3.189770 0.000008  0.207820 -0.000000 0.000000
140  0.000000 3.504653 0.000045  -0.261876 0.000000 -0.000000
141  -0.000000 2.863197 -0.000002  -0.051268 -0.000000 -0.000000
time 40
0  0.584301 0.169197 34.217690  1.570862 0.000000 -0.000000
1  0.002636 43.025146 0.734438  -0.162252 0.114636 0.043711
2  3.061857 -4.181018 -0.610804  -1.554713 -0.721216 -1.376455
3  18.476776 0.000156 -0.000001  -0.002108 -0.062344 0.798666
4  17.490086 0.000119 0.000005  0.001477 0.423552 -1.004855
5  -3.065330 -4.183577 -0.611479  -1.436007 0.012404 -1.999603
6  18.474854 -0.000035 -0.000008  0.011839 0.081317 1.060919
7  17.489584 0.001914 -0.000004  0.197090 -0.083733 -1.675599
8  -0.000117 -0.048886 -0.576226  1.672005 0.083586 1.609256
9  3.224484 0.767049 0.000496  0.159930 -0.006072 0.234053
10  3.223914 0.226399 -0.001944  0.215557 0.032498 0.211356
11  5.187317 -1.262559 -0.001177  0.000012 0.000066 0.194111
12  6.928411 -1.935314 -0.000227  3.031558 0.153510 0.295905
13  3.236359 1.079615 0.000058  -0.444356 -0.057870 0.215185
14  0.833765 3.805353 0.692956  -0.040491 0.554884 1.469874
15  0.000038 6.792213 0.000039  0.007989 0.036070 -0.011405
16  -0.000067 7.744813 0.000014  -0.017441 -0.155305 0.068150
17  0.000074 7.809706 0.000019  -0.033637 0.005026 0.006143
18  -0.000029 7.867677 0.000018  -0.073329 -0.127910 0.026375
19  3.494712 -1.749091 -3.006912  0.152547 2.070419 1.936949
20  0.000118 4.478315 0.000022  -0.194659 0.310432 -0.234994
21  0.000047 4.636117 -0.000030  0.035822 0.324593 -0.151767
22  -0.000041 5.008651 0.000014  0.075998 -0.286564 0.276090
23  0.000064 4.781164 0.000010  0.904396 -2.690903 -0.015797
24  2.253046 1.989061 -3.350107  -1.523631 1.324497 0.112403
25  0.000161 6.589457 0.000174  0.206354 -0.002129 -0.080395
26  0.000042 7.491416 0.000043  -0.333511 0.184454 -0.191167
27  0.000026 7.660308 -0.000054  -0.063176 0.127195 -0.062118
28  0.000007 7.256269 0.000018  -0.052940 -0.487829 0.313814
29  -0.791149 2.265122 -1.234656  -0.753900 1.136377 0.824675
30  -0.000254 8.572261 -0.000090  -0.222844 -0.296789 0.176503
31  -0.000094 8.117212 0.000047  0.072258 0.772520 -0.285585
32  -0.000083 8.230042 -0.000072  -0.080491 -0.347232 0.072252
33  0.000060 7.366723 0.000052  -0.015394 -0.663892 0.062742
34  0.224225 0.240130 -3.218158  -0.877385 1.468888 0.577826
35  -0.000101 7.721052 -0.000308  -0.283827 0.060498 -0.167555
36  -0.000031 7.374852 -0.000003  0.007536 -0.195022 0.049539
37  0.000075 6.848100 0.000006  0.005485 0.006496 -0.033649
38  -0.000051 7.777863 0.000008  -0.186096 0.182474 -0.152846
39  -1.514460 2.104651 -1.150167  -0.029092 0.541319 1.555680
40  -0.000167 6.982344 -0.000075  -0.199699 -0.041212 0.153489
41  0.000040 8.382864 -0.000072  0.044866 0.587986 -0.257961
42  0.000013 8.697703 -0.000025  -0.102637 -0.474318 0.290943
43  0.000057 8.921805 -0.000003  -0.076258 0.581005 -0.195604
44  1.196200 2.899157 -2.353086  -0.449719 1.030105 1.287431
45  0.000107 5.476941 0.000008  0.285574 -0.099353 -0.038445
46  -0.000074 6.060439 -0.000090  -0.155020 -0.575032 0.384607
47  0.000020 5.994266 0.000028  0.033941 0.288574 -0.067729
48  -0.000008 6.100482 0.000001  -0.068405 0.299273 -0.162154
49  0.000036 6.916755 0.000010  -0.096318 0.220533 -0.107964
50  0.000150 6.435063 -0.000047  -0.037458 0.171630 -0.116574
51  1.092802 3.649513 -1.738794  -0.148600 0.876612 1.445020
52  -0.000125 6.792192 -0.000101  0.008284 0.107792 -0.048643
53  -0.000090 7.744773 -0.000030  0.057137 -0.256893 0.015458
54  0.000085 9.115021 -0.000035  -0.020393 0.256253 -0.142636
55  3.494518 -1.749104 3.007064  0.118402 1.106974 1.813814
56  0.000015 4.323831 0.000088  -0.229908 -0.770942 0.449223
57  0.000029 4.872895 -0.000019  0.367242 -0.664052 -0.254033
58  0.000001 5.056653 0.000091  -0.511233 0.856588 -0.546320
59  2.292465 1.708613 3.661675  -1.762559 1.789110 -0.218970
60  -0.000173 6.589447 0.000271  -0.007131 -0.169122 0.176911
61  0.000174 7.491492 -0.000150  -0.132416 -0.107097 0.179326
62  -0.000138 8.249660 0.000139  0.041912 -0.058209 0.015814
63  0.000074 8.605239 -0.000031  0.101585 0.501824 -0.079697
64  -0.240481 2.066073 2.349267  -0.357331 2.461714 1.296085
65  -0.000091 7.721106 -0.000004  -0.208229 -0.126223 -0.116495
66  -0.000120 7.374865 -0.000045  -0.111018 0.046939 -0.046462
67  -0.000036 6.848064 -0.000027  0.273532 0.247522 0.299906
68  0.000035 7.777823 -0.000044  0.072921 0.186148 -0.052688
69  -0.000080 8.178050 0.000011  -0.087029 -0.422849 -0.381358
70  1.617613 3.431413 2.399265  -0.249455 2.569515 1.508574
71  -0.000164 5.476942 -0.000029  0.057729 0.074072 0.060285
72  -0.000091 6.060495 -0.000007  -0.015204 0.015650 -0.152066
73  0.000027 5.994246 0.000011  -0.126212 -0.157657 0.153302
74  -0.000075 7.076876 -0.000046  -0.008118 0.010385 0.036402
75  0.000003 7.089871 -0.000070  0.070875 0.098587 -0.025893
76  0.361118 0.886682 3.287746  -0.576374 1.978709 0.939014
77  -0.000067 6.686640 0.000220  -0.146568 0.414164 -0.327706
78  -0.000014 7.638015 0.000012  -0.079523 -0.025948 0.130956
79  -0.000028 7.290234 -0.000022  0.025325 -0.093908 0.023962
80  -0.000032 6.530372 0.000005  -0.261847 -0.300600 0.006736
81  0.000064 7.224883 0.000007  0.036505 0.032481 -0.175824
82  1.071900 3.225795 1.570115  -0.043806 2.859975 1.526250
83  0.000418 6.748908 -0.000066  -0.062702 0.083784 0.022201
84  -0.000044 8.002643 0.000027  -0.067496 -0.117209 -0.115600
85  0.000012 8.580574 -0.000096  0.088213 -0.007188 0.334606
86  0.000173 8.689832 -0.000041  0.065327 -0.412430 -0.134517
87  -1.514529 2.104639 0.318056  -0.024895 3.094490 1.569497
88  0.000186 6.982275 0.000012  -0.107588 -0.057624 -0.215718
89  -0.000010 8.382875 -0.000068  0.135031 -0.099914 0.287074
90  -0.000057 8.697670 0.000024  -0.148089 -0.510100 0.044837
91  -0.000138 8.921820 0.000079  -0.236827 -0.892635 0.098805
92  3.553620 -3.478048 2.409277  0.000819 0.762046 1.535312
93  0.000004 4.476899 -0.000006  -0.151003 -0.588331 0.377258
94  0.000029 4.514122 -0.000024  -0.228866 -2.996200 0.592370
95  0.000042 4.518385 -0.000022  0.143172 2.612778 0.693386
96  0.000022 3.598332 0.000022  -0.749303 0.869852 -0.773233
97  4.209919 -0.440345 1.018824  0.063687 -1.697863 -1.825418
98  4.265505 1.434232 -0.404991  -2.439659 -1.161862 0.602567
99  9.400234 0.017940 0.083201  0.103469 -0.045350 -1.820093
100  10.242422 0.033593 0.064481  2.924679 -0.160543 -0.199559
101  3.465855 -0.059681 0.016693  -0.029992 0.037169 -0.044863
102  1.655591 -0.000023 0.000027  -0.046507 0.027404 0.109448
103  0.960770 -0.000003 -0.000009  -0.011146 0.057652 0.072174
104  3.462026 -0.064246 0.939910  0.257416 -0.244414 0.104097
105  1.497177 -0.000006 0.000019  -0.475186 0.109980 0.283127
106  0.793760 0.000003 -0.000001  0.005622 -0.018095 -0.058847
107  0.591661 -0.460693 0.835203  -1.007851 -0.699061 -0.593937
108  1.556142 0.000002 -0.000002  -0.180381 -0.031953 0.113651
109  1.135902 0.000023 0.000005  0.090239 -0.042013 0.161377
110  3.084268 -0.668822 -1.257083  -0.728223 0.438453 -0.253932
111  1.064200 -0.000005 0.000005  0.016520 0.049508 -0.263782
112  0.640332 0.000014 -0.000005  -0.001858 -0.038245 0.254130
113  3.396821 -0.242139 -0.708687  -0.482072 0.109360 -0.348548
114  1.532967 0.000007 0.000004  0.004745 0.003737 0.153133
115  0.832968 -0.000006 0.000003  0.004372 0.014389 -0.210505
116  4.209939 -0.440343 -1.019278  0.994872 1.782658 -0.748481
117  4.266744 1.424948 0.424938  1.074985 0.783922 -1.164020
118  9.398567 0.011950 -0.082512  -0.100447 0.053747 -1.707402
119  10.242440 0.028177 -0.062908  -0.521607 0.318335 -0.134908
120  3.465747 -0.067527 0.002269  -0.098256 0.213369 -1.643651
121  1.655561 0.000014 0.000006  -0.146567 0.180465 -1.066611
122  0.960909 0.000007 -0.000000  0.011700 0.147717 -0.728348
123  3.466850 -0.077780 -0.920910  -0.344991 0.135141 -1.707252
124  1.497262 -0.000028 -0.000024  -0.558999 0.306154 -0.959327
125  0.793789 -0.000009 0.000001  -0.167760 0.322443 -0.667734
126  0.595073 -0.467151 -0.829175  2.642255 0.814674 -0.558971
127  1.555671 0.000016 0.000001  0.725181 0.533216 1.290216
128  1.136811 -0.000004 -0.000001  0.329542 0.331293 0.814663
129  3.075969 -0.667967 1.277700  0.649669 0.203926 -1.057690
130  1.064593 0.000019 0.000012  0.036511 -0.122687 -0.943252
131  0.640363 -0.000014 -0.000006  -0.109567 -0.032184 -0.554823
132  3.392409 -0.245368 0.728377  0.185451 0.261638 -1.513455
133  1.532735 -0.000009 0.000001  0.006517 0.018130 -0.860147
134  0.833155 0.000011 0.000004  -0.077688 -0.076851 -1.139045
135  3.590105 -3.090294 1.193972  1.635457 1.210566 1.548541
136  3.589556 -3.089880 -1.196373  -1.505736 1.210473 -1.592853
137  -0.436566 4.719027 -0.001077  -0.000827 -1.570733 1.693139
138  0.000001 2.775450 -0.000235  -0.135089 0.000001 -0.000000
139  -0.000000 3.189765 0.000008  0.207820 -0.000000 0.000000
140  0.000000 3.504649 0.000045  -0.261876 -0.000000 -0.000000
141  -0.000000 2.863197 -0.000002  -0.051268 -0.000000 0.000000
time 41
0  0.568216 0.184718 34.136639  1.570862 0.000000 -0.000000
1  0.002636 43.025146 0.734438  -0.163499 0.135231 0.047520
2  3.061857 -4.181017 -0.610804  -1.548311 -0.728568 -1.393933
3  18.476778 0.000159 -0.000002  -0.002311 -0.062899 0.805883
4  17.490086 0.000119 0.000003  0.012022 0.433277 -1.000535
5  -3.065330 -4.183578 -0.611480  -1.418820 0.026580 -2.011402
6  18.474855 -0.000033 -0.000009  0.011869 0.081358 1.061548
7  17.489582 0.001915 -0.000006  0.226840 -0.079575 -1.673331
8  -0.000117 -0.048883 -0.576226  1.672513 0.080083 1.608165
9  3.224483 0.767048 0.000496  0.155027 -0.008317 0.240741
10  3.223912 0.226399 -0.001944  0.212845 0.034270 0.211308
11  5.187324 -1.262559 -0.001177  0.000012 0.000066 0.194111
12  6.928408 -1.935313 -0.000227  3.021766 0.156703 0.278299
13  3.236362 1.079610 0.000059  -0.448800 -0.059577 0.216230
14  0.833765 3.805354 0.692955  -0.040491 0.554884 1.469874
15  0.000036 6.792218 0.000036  0.007989 0.036071 -0.011406
16  -0.000065 7.744813 0.000014  -0.017441 -0.155305 0.068150
17  0.000074 7.809693 0.000019  -0.033637 0.005026 0.006143
18  -0.000029 7.867676 0.000017  -0.073329 -0.127910 0.026375
19  3.494707 -1.749091 -3.006912  0.152547 2.070419 1.936949
20  0.000119 4.478323 0.000018  -0.194659 0.310432 -0.234994
21  0.000047 4.636117 -0.000030  0.035822 0.324593 -0.151767
22  -0.000042 5.008657 0.000014  0.075998 -0.286564 0.276090
23  0.000063 4.781166 0.000008  0.904396 -2.690903 -0.015797
24  2.253046 1.989058 -3.350106  -1.523631 1.324497 0.112403
25  0.000162 6.589457 0.000171  0.206354 -0.002129 -0.080395
26  0.000044 7.491412 0.000043  -0.333511 0.184454 -0.191167
27  0.000026 7.660305 -0.000057  -0.063176 0.127194 -0.062118
28  0.000006 7.256271 0.000018  -0.052940 -0.487829 0.313814
29  -0.791152 2.265120 -1.234655  -0.753900 1.136377 0.824675
30  -0.000257 8.572264 -0.000092  -0.222844 -0.296789 0.176503
31  -0.000090 8.117211 0.000049  0.072258 0.772520 -0.285586
32  -0.000085 8.230036 -0.000070  -0.080491 -0.347232 0.072252
33  0.000058 7.366728 0.000051  -0.015394 -0.663892 0.062742
34  0.224221 0.240127 -3.218158  -0.877385 1.468888 0.577826
35  -0.000102 7.721054 -0.000314  -0.283827 0.060498 -0.167555
36  -0.000030 7.374857 -0.000003  0.007536 -0.195022 0.049539
37  0.000075 6.848103 0.000007  0.005485 0.006496 -0.033649
38  -0.000050 7.777858 0.000010  -0.186096 0.182474 -0.152846
39  -1.514460 2.104650 -1.150167  -0.029092 0.541319 1.555680
40  -0.000167 6.982340 -0.000078  -0.199699 -0.041212 0.153489
41  0.000039 8.382862 -0.000073  0.044866 0.587986 -0.257961
42  0.000012 8.697700 -0.000025  -0.102637 -0.474318 0.290943
43  0.000058 8.921801 -0.000003  -0.076258 0.581005 -0.195604
44  1.196195 2.899154 -2.353086  -0.449719 1.030105 1.287431
45  0.000108 5.476940 0.000007  0.285574 -0.099353 -0.038445
46  -0.000069 6.060433 -0.000089  -0.155019 -0.575032 0.384607
47  0.000022 5.994264 0.000031  0.033941 0.288574 -0.067729
48  -0.000009 6.100488 0.000002  -0.068405 0.299273 -0.162154
49  0.000034 6.916762 0.000007  -0.096318 0.220533 -0.107964
50  0.000150 6.435058 -0.000040  -0.037458 0.171630 -0.116574
51  1.092797 3.649510 -1.738794  -0.148600 0.876612 1.445020
52  -0.000125 6.792189 -0.000100  0.008284 0.107792 -0.048643
53  -0.000089 7.744775 -0.000029  0.057137 -0.256893 0.015458
54  0.000084 9.115023 -0.000036  -0.020393 0.256253 -0.142636
55  3.494516 -1.749106 3.007064  0.118402 1.106974 1.813814
56  0.000014 4.323843 0.000087  -0.229908 -0.770942 0.449223
57  0.000029 4.872892 -0.000020  0.367242 -0.664052 -0.254033
58  0.000004 5.056652 0.000096  -0.511233 0.856588 -0.546320
59  2.292466 1.708613 3.661675  -1.762559 1.789110 -0.218970
60  -0.000172 6.589438 0.000280  -0.007131 -0.169122 0.176911
61  0.000173 7.491493 -0.000154  -0.132416 -0.107097 0.179326
62  -0.000142 8.249657 0.000144  0.041912 -0.058209 0.015814
63  0.000073 8.605238 -0.000031  0.101585 0.501824 -0.079697
64  -0.240483 2.066071 2.349267  -0.357331 2.461714 1.296085
65  -0.000085 7.721106 -0.000001  -0.208229 -0.126223 -0.116495
66  -0.000121 7.374866 -0.000047  -0.111018 0.046939 -0.046462
67  -0.000037 6.848063 -0.000026  0.273532 0.247522 0.299906
68  0.000035 7.777827 -0.000044  0.072921 0.186147 -0.052688
69  -0.000082 8.178050 0.000009  -0.087029 -0.422849 -0.381358
70  1.617611 3.431410 2.399265  -0.249455 2.569515 1.508574
71  -0.000163 5.476945 -0.000029  0.057729 0.074072 0.060285
72  -0.000093 6.060492 -0.000005  -0.015204 0.015650 -0.152066
73  0.000029 5.994252 0.000011  -0.126212 -0.157657 0.153302
74  -0.000072 7.076873 -0.000047  -0.008118 0.010385 0.036402
75  0.000007 7.089864 -0.000070  0.070875 0.098587 -0.025893
76  0.361116 0.886683 3.287745  -0.576374 1.978709 0.939014
77  -0.000068 6.686643 0.000222  -0.146568 0.414164 -0.327706
78  -0.000011 7.638020 0.000011  -0.079523 -0.025948 0.130956
79  -0.000032 7.290232 -0.000023  0.025325 -0.093908 0.023962
80  -0.000034 6.530376 0.000006  -0.261847 -0.300600 0.006736
81  0.000064 7.224879 0.000010  0.036505 0.032481 -0.175824
82  1.071894 3.225793 1.570115  -0.043806 2.859975 1.526250
83  0.000411 6.748894 -0.000066  -0.062702 0.083784 0.022201
84  -0.000047 8.002647 0.000026  -0.067496 -0.117209 -0.115600
85  0.000012 8.580577 -0.000097  0.088213 -0.007188 0.334606
86  0.000169 8.689831 -0.000041  0.065327 -0.412430 -0.134517
87  -1.514536 2.104636 0.318056  -0.024895 3.094490 1.569497
88  0.000194 6.982281 0.000011  -0.107588 -0.057624 -0.215718
89  -0.000009 8.382872 -0.000068  0.135031 -0.099914 0.287074
90  -0.000063 8.697667 0.000024  -0.148089 -0.510100 0.044837
91  -0.000135 8.921822 0.000076  -0.236827 -0.892635 0.098805
92  3.553622 -3.478042 2.409277  0.000819 0.762046 1.535312
93  -0.000001 4.476903 -0.000008  -0.151003 -0.588331 0.377259
94  0.000032 4.514123 -0.000023  -0.228866 -2.996200 0.592370
95  0.000044 4.518386 -0.000025  0.143172 2.612778 0.693386
96  0.000018 3.598336 0.000023  -0.749303 0.869852 -0.773233
97  4.209923 -0.440346 1.018824  0.182299 -1.701992 -1.946010
98  4.265504 1.434234 -0.404991  -2.477402 -1.159737 0.623595
99  9.400233 0.017940 0.083205  0.103611 -0.045198 -1.822837
100  10.242418 0.033590 0.064487  2.928122 -0.166565 -0.196814
101  3.465856 -0.059678 0.016693  -0.029476 0.040382 -0.035525
102  1.655596 -0.000021 0.000020  -0.047653 0.028459 0.111601
103  0.960771 -0.000002 -0.000008  -0.011430 0.057785 0.072948
104  3.462028 -0.064246 0.939910  0.254211 -0.248947 0.116864
105  1.497178 -0.000008 0.000017  -0.474864 0.111086 0.287261
106  0.793760 0.000002 -0.000001  0.005705 -0.018404 -0.056300
107  0.591662 -0.460691 0.835206  -1.004633 -0.698468 -0.597490
108  1.556138 0.000004 0.000000  -0.179753 -0.030710 0.116220
109  1.135905 0.000013 0.000004  0.090257 -0.041896 0.161346
110  3.084267 -0.668821 -1.257082  -0.727624 0.448481 -0.247732
111  1.064200 -0.000006 0.000005  0.016338 0.049888 -0.268246
112  0.640339 0.000010 -0.000011  -0.001798 -0.038655 0.258157
113  3.396821 -0.242138 -0.708688  -0.484280 0.113576 -0.344420
114  1.532970 0.000006 0.000011  0.004625 0.003736 0.156621
115  0.832966 -0.000008 0.000002  0.004557 0.014419 -0.211662
116  4.209942 -0.440341 -1.019279  1.000909 1.773790 -0.743699
117  4.266747 1.424941 0.424937  1.078426 0.788335 -1.182862
118  9.398560 0.011951 -0.082514  -0.100668 0.053565 -1.711097
119  10.242440 0.028176 -0.062908  -0.541077 0.298121 -0.146332
120  3.465754 -0.067525 0.002269  -0.098112 0.213399 -1.642736
121  1.655560 0.000008 0.000007  -0.146442 0.180417 -1.065814
122  0.960903 0.000007 -0.000002  0.011800 0.147573 -0.727830
123  3.466863 -0.077779 -0.920908  -0.344909 0.135055 -1.706222
124  1.497260 -0.000036 -0.000022  -0.558756 0.305967 -0.958517
125  0.793790 -0.000007 0.000001  -0.167557 0.322187 -0.667355
126  0.595084 -0.467148 -0.829173  2.642072 0.814543 -0.558741
127  1.555668 0.000015 -0.000002  0.724478 0.532908 1.289071
128  1.136814 -0.000016 -0.000002  0.329071 0.331037 0.814195
129  3.075980 -0.667966 1.277704  0.649774 0.203821 -1.057272
130  1.064596 0.000018 0.000011  0.036454 -0.122658 -0.942645
131  0.640361 -0.000012 -0.000005  -0.109459 -0.032090 -0.554380
132  3.392419 -0.245367 0.728378  0.185686 0.261535 -1.512652
133  1.532741 -0.000013 0.000002  0.006531 0.018115 -0.859474
134  0.833150 0.000003 0.000010  -0.077652 -0.076791 -1.138357
135  3.590111 -3.090295 1.193972  1.635457 1.210566 1.548541
136  3.589564 -3.089880 -1.196372  -1.505736 1.210473 -1.592853
137  -0.436558 4.719026 -0.001076  -0.000354 -1.570733 1.692939
138  -0.000001 2.775456 -0.000237  -0.135089 0.000001 -0.000000
139  -0.000000 3.189768 0.000007  0.207820 0.000000 0.000000
140  -0.000001 3.504646 0.000046  -0.261876 -0.000000 -0.000000
141  0.000001 2.863192 -0.000002  -0.051268 -0.000000 -0.000000
time 42
0  0.512697 0.135367 34.057480  1.570862 0.000000 -0.000000
1  0.002636 43.025146 0.734438  -0.163898 0.160170 0.053143
2  3.061857 -4.181017 -0.610804  -1.540421 -0.735507 -1.414174
3  18.476772 0.000160 -0.000000  -0.002497 -0.063397 0.812389
4  17.490086 0.000118 0.000004  0.027049 0.442751 -0.993792
5  -3.065330 -4.183580 -0.611479  -1.404656 0.043647 -2.021839
6  18.474855 -0.000034 -0.000007  0.011816 0.081283 1.060429
7  17.489584 0.001915 -0.000005  0.269605 -0.066158 -1.671603
8  -0.000117 -0.048884 -0.576225  1.673387 0.076802 1.607372
9  3.224478 0.767047 0.000495  0.147146 -0.011516 0.247066
10  3.223910 0.226399 -0.001945  0.206914 0.035733 0.211030
11  5.187314 -1.262559 -0.001177  0.000012 0.000066 0.194111
12  6.928410 -1.935313 -0.000227  3.016944 0.164631 0.278036
13  3.236363 1.079608 0.000060  -0.453732 -0.057322 0.234437
14  0.833766 3.805353 0.692955  -0.040491 0.554884 1.469874
15  0.000041 6.792212 0.000039  0.007989 0.036070 -0.011405
16  -0.000067 7.744815 0.000017  -0.017441 -0.155305 0.068150
17  0.000072 7.809701 0.000018  -0.033637 0.005026 0.006143
18  -0.000022 7.867670 0.000015  -0.073329 -0.127910 0.026375
19  3.494699 -1.749096 -3.006912  0.152547 2.070419 1.936949
20  0.000119 4.478316 0.000020  -0.194659 0.310432 -0.234994
21  0.000047 4.636112 -0.000028  0.035822 0.324593 -0.151767
22  -0.000042 5.008645 0.000013  0.075998 -0.286564 0.276090
23  0.000065 4.781160 0.000009  0.904397 -2.690903 -0.015797
24  2.253043 1.989056 -3.350106  -1.523631 1.324497 0.112403
25  0.000160 6.589467 0.000167  0.206354 -0.002129 -0.080395
26  0.000044 7.491408 0.000043  -0.333511 0.184454 -0.191167
27  0.000026 7.660303 -0.000054  -0.063176 0.127194 -0.062118
28  0.000005 7.256271 0.000020  -0.052940 -0.487829 0.313814
29  -0.791151 2.265121 -1.234655  -0.753900 1.136377 0.824675
30  -0.000259 8.572264 -0.000094  -0.222844 -0.296789 0.176503
31  -0.000092 8.117210 0.000046  0.072258 0.772520 -0.285585
32  -0.000081 8.230031 -0.000070  -0.080491 -0.347232 0.072252
33  0.000058 7.366726 0.000054  -0.015394 -0.663892 0.062742
34  0.224216 0.240126 -3.218158  -0.877385 1.468888 0.577826
35  -0.000101 7.721055 -0.000308  -0.283827 0.060498 -0.167555
36  -0.000031 7.374853 -0.000001  0.007536 -0.195022 0.049539
37  0.000077 6.848101 0.000008  0.005485 0.006496 -0.033649
38  -0.000052 7.777864 0.000006  -0.186096 0.182474 -0.152846
39  -1.514466 2.104648 -1.150167  -0.029092 0.541319 1.555680
40  -0.000167 6.982347 -0.000076  -0.199699 -0.041212 0.153489
41  0.000039 8.382859 -0.000073  0.044866 0.587986 -0.257961
42  0.000015 8.697706 -0.000025  -0.102637 -0.474318 0.290943
43  0.000059 8.921803 -0.000003  -0.076258 0.581005 -0.195604
44  1.196202 2.899159 -2.353086  -0.449719 1.030105 1.287431
45  0.000108 5.476940 0.000004  0.285574 -0.099353 -0.038445
46  -0.000071 6.060441 -0.000092  -0.155020 -0.575032 0.384607
47  0.000017 5.994262 0.000029  0.033941 0.288575 -0.067729
48  -0.000008 6.100487 0.000003  -0.068405 0.299273 -0.162154
49  0.000036 6.916757 0.000010  -0.096318 0.220533 -0.107964
50  0.000148 6.435054 -0.000043  -0.037458 0.171630 -0.116574
51  1.092799 3.649515 -1.738794  -0.148600 0.876612 1.445020
52  -0.000128 6.792199 -0.000102  0.008285 0.107792 -0.048643
53  -0.000084 7.744775 -0.000034  0.057137 -0.256893 0.015458
54  0.000088 9.115019 -0.000040  -0.020393 0.256253 -0.142636
55  3.494522 -1.749100 3.007064  0.118402 1.106974 1.813814
56  0.000015 4.323832 0.000086  -0.229908 -0.770942 0.449223
57  0.000029 4.872897 -0.000021  0.367242 -0.664052 -0.254033
58  0.000002 5.056654 0.000089  -0.511233 0.856588 -0.546320
59  2.292469 1.708615 3.661675  -1.762559 1.789110 -0.218970
60  -0.000173 6.589443 0.000273  -0.007131 -0.169122 0.176911
61  0.000175 7.491502 -0.000152  -0.132416 -0.107097 0.179326
62  -0.000140 8.249660 0.000141  0.041912 -0.058209 0.015814
63  0.000072 8.605238 -0.000028  0.101585 0.501824 -0.079697
64  -0.240486 2.066071 2.349267  -0.357331 2.461714 1.296085
65  -0.000091 7.721105 -0.000003  -0.208229 -0.126223 -0.116495
66  -0.000120 7.374867 -0.000046  -0.111018 0.046939 -0.046462
67  -0.000035 6.848063 -0.000025  0.273532 0.247522 0.299906
68  0.000034 7.777823 -0.000043  0.072921 0.186148 -0.052688
69  -0.000084 8.178049 0.000014  -0.087029 -0.422849 -0.381358
70  1.617610 3.431411 2.399266  -0.249455 2.569515 1.508574
71  -0.000167 5.476934 -0.000029  0.057729 0.074072 0.060285
72  -0.000091 6.060492 -0.000007  -0.015204 0.015650 -0.152066
73  0.000026 5.994255 0.000011  -0.126212 -0.157657 0.153302
74  -0.000081 7.076874 -0.000048  -0.008118 0.010385 0.036402
75  0.000001 7.089867 -0.000071  0.070875 0.098587 -0.025893
76  0.361116 0.886683 3.287746  -0.576374 1.978709 0.939014
77  -0.000067 6.686636 0.000226  -0.146568 0.414164 -0.327706
78  -0.000011 7.638014 0.000012  -0.079523 -0.025948 0.130956
79  -0.000032 7.290228 -0.000023  0.025325 -0.093908 0.023962
80  -0.000034 6.530370 0.000007  -0.261847 -0.300600 0.006736
81  0.000064 7.224879 0.000009  0.036505 0.032481 -0.175824
82  1.071897 3.225796 1.570115  -0.043806 2.859975 1.526250
83  0.000413 6.748896 -0.000066  -0.062702 0.083784 0.022201
84  -0.000048 8.002650 0.000027  -0.067496 -0.117209 -0.115600
85  0.000010 8.580570 -0.000097  0.088213 -0.007188 0.334606
86  0.000167 8.689830 -0.000041  0.065327 -0.412430 -0.134517
87  -1.514524 2.104643 0.318055  -0.024895 3.094490 1.569497
88  0.000191 6.982276 0.000011  -0.107588 -0.057624 -0.215718
89  -0.000008 8.382871 -0.000067  0.135031 -0.099914 0.287074
90  -0.000059 8.697672 0.000024  -0.148089 -0.510100 0.044837
91  -0.000134 8.921822 0.000082  -0.236827 -0.892635 0.098805
92  3.553619 -3.478044 2.409277  0.000819 0.762046 1.535312
93  0.000003 4.476899 -0.000005  -0.151002 -0.588331 0.377258
94  0.000031 4.514123 -0.000023  -0.228866 -2.996200 0.592370
95  0.000044 4.518386 -0.000024  0.143172 2.612778 0.693386
96  0.000022 3.598332 0.000022  -0.749303 0.869852 -0.773233
97  4.209919 -0.440345 1.018824  0.291142 -1.706034 -2.056768
98  4.265505 1.434228 -0.404991  -2.501814 -1.159669 0.627153
99  9.400234 0.017941 0.083204  0.103553 -0.045260 -1.821718
100  10.242421 0.033592 0.064482  2.934697 -0.169997 -0.213530
101  3.465856 -0.059680 0.016694  -0.028922 0.043562 -0.025988
102  1.655595 -0.000023 0.000016  -0.048854 0.029538 0.113873
103  0.960769 -0.000002 -0.000012  -0.011651 0.057934 0.073783
104  3.462029 -0.064247 0.939911  0.250925 -0.253496 0.129808
105  1.497178 -0.000012 0.000015  -0.474531 0.112248 0.291374
106  0.793760 0.000003 -0.000008  0.005787 -0.018720 -0.053692
107  0.591664 -0.460692 0.835204  -1.001413 -0.697866 -0.601043
108  1.556142 0.000003 -0.000000  -0.179127 -0.029524 0.118815
109  1.135903 0.000022 0.000002  0.090344 -0.041730 0.161296
110  3.084270 -0.668822 -1.257081  -0.726878 0.458569 -0.241368
111  1.064204 -0.000002 -0.000001  0.016091 0.050265 -0.272774
112  0.640345 0.000002 -0.000008  -0.001736 -0.039009 0.262250
113  3.396823 -0.242139 -0.708690  -0.486548 0.117867 -0.340263
114  1.532971 0.000010 0.000004  0.004503 0.003797 0.160170
115  0.832971 -0.000005 0.000004  0.004743 0.014448 -0.212879
116  4.209946 -0.440342 -1.019279  1.006094 1.764702 -0.739713
117  4.266748 1.424940 0.424938  1.072955 0.796038 -1.210989
118  9.398567 0.011948 -0.082518  -0.100413 0.053775 -1.706834
119  10.242438 0.028178 -0.062907  -0.561537 0.277849 -0.161418
120  3.465753 -0.067527 0.002264  -0.097872 0.213332 -1.640995
121  1.655561 0.000011 0.000008  -0.146116 0.180316 -1.064291
122  0.960909 0.000001 -0.000002  0.011845 0.147326 -0.726718
123  3.466856 -0.077780 -0.920911  -0.344782 0.134978 -1.704418
124  1.497259 -0.000032 -0.000024  -0.558295 0.305644 -0.956885
125  0.793788 -0.000009 -0.000001  -0.167160 0.321719 -0.666559
126  0.595083 -0.467153 -0.829180  2.641871 0.814280 -0.558271
127  1.555676 0.000015 -0.000005  0.723184 0.532338 1.286960
128  1.136809 -0.000009 -0.000001  0.328183 0.330601 0.813272
129  3.075978 -0.667969 1.277697  0.649942 0.203428 -1.056415
130  1.064594 0.000019 0.000011  0.036339 -0.122598 -0.941429
131  0.640360 -0.000020 -0.000006  -0.109342 -0.031995 -0.553481
132  3.392414 -0.245368 0.728376  0.186085 0.261392 -1.511206
133  1.532737 -0.000009 -0.000003  0.006502 0.018058 -0.858262
134  0.833151 0.000007 0.000005  -0.077581 -0.076672 -1.136977
135  3.590108 -3.090295 1.193972  1.635457 1.210566 1.548541
136  3.589556 -3.089880 -1.196372  -1.505736 1.210473 -1.592853
137  -0.436563 4.719025 -0.001075  -0.000828 -1.570733 1.692862
138  -0.000000 2.775459 -0.000235  -0.135089 0.000001 -0.000000
139  0.000000 3.189769 0.000008  0.207820 -0.000000 0.000000
140  0.000000 3.504652 0.000045  -0.261876 -0.000000 -0.000000
141  -0.000001 2.863202 -0.000003  -0.051268 0.000000 -0.000000
time 43
0  0.441405 0.060070 33.979080  1.570862 0.000000 -0.000000
1  0.002636 43.025146 0.734438  -0.163950 0.186593 0.059318
2  3.061857 -4.181009 -0.610803  -1.531690 -0.741952 -1.435794
3  18.476772 0.000159 -0.000000  -0.002675 -0.063865 0.818507
4  17.490084 0.000117 0.000005  0.043991 0.451981 -0.985988
5  -3.065329 -4.183574 -0.611479  -1.391592 0.062016 -2.031416
6  18.474859 -0.000034 -0.000008  0.011729 0.081157 1.058541
7  17.489586 0.001914 -0.000006  0.317302 -0.049272 -1.668681
8  -0.000117 -0.048883 -0.576226  1.674327 0.073581 1.606587
9  3.224488 0.767049 0.000496  0.138133 -0.015055 0.253396
10  3.223917 0.226399 -0.001944  0.199733 0.037141 0.210651
11  5.187323 -1.262560 -0.001176  0.000012 0.000066 0.194111
12  6.928403 -1.935316 -0.000226  3.014075 0.174507 0.284665
13  3.236357 1.079608 0.000057  -0.458590 -0.053863 0.259462
14  0.833766 3.805355 0.692956  -0.040491 0.554884 1.469874
15  0.000035 6.792204 0.000037  0.007989 0.036071 -0.011406
16  -0.000067 7.744820 0.000015  -0.017441 -0.155305 0.068150
17  0.000071 7.809699 0.000017  -0.033637 0.005026 0.006143
18  -0.000025 7.867668 0.000018  -0.073329 -0.127910 0.026375
19  3.494697 -1.749095 -3.006912  0.152547 2.070419 1.936949
20  0.000119 4.478314 0.000019  -0.194659 0.310432 -0.234994
21  0.000047 4.636124 -0.000028  0.035821 0.324593 -0.151767
22  -0.000042 5.008643 0.000015  0.075999 -0.286564 0.276090
23  0.000064 4.781162 0.000010  0.904397 -2.690903 -0.015797
24  2.253041 1.989060 -3.350106  -1.523631 1.324497 0.112403
25  0.000161 6.589468 0.000169  0.206354 -0.002129 -0.080395
26  0.000040 7.491413 0.000039  -0.333511 0.184454 -0.191167
27  0.000023 7.660312 -0.000057  -0.063176 0.127195 -0.062118
28  0.000006 7.256267 0.000018  -0.052940 -0.487829 0.313814
29  -0.791161 2.265119 -1.234655  -0.753900 1.136377 0.824675
30  -0.000258 8.572258 -0.000088  -0.222844 -0.296789 0.176503
31  -0.000092 8.117214 0.000046  0.072258 0.772520 -0.285586
32  -0.000084 8.230034 -0.000069  -0.080491 -0.347232 0.072252
33  0.000060 7.366719 0.000053  -0.015394 -0.663892 0.062742
34  0.224221 0.240130 -3.218158  -0.877385 1.468888 0.577826
35  -0.000102 7.721053 -0.000309  -0.283827 0.060498 -0.167555
36  -0.000030 7.374851 -0.000001  0.007536 -0.195022 0.049539
37  0.000076 6.848103 0.000007  0.005485 0.006496 -0.033649
38  -0.000051 7.777868 0.000009  -0.186096 0.182474 -0.152846
39  -1.514465 2.104649 -1.150167  -0.029092 0.541319 1.555680
40  -0.000166 6.982344 -0.000076  -0.199699 -0.041212 0.153489
41  0.000037 8.382873 -0.000072  0.044866 0.587986 -0.257961
42  0.000012 8.697701 -0.000025  -0.102637 -0.474318 0.290943
43  0.000056 8.921801 -0.000003  -0.076258 0.581005 -0.195604
44  1.196195 2.899156 -2.353086  -0.449719 1.030105 1.287431
45  0.000104 5.476944 0.000005  0.285574 -0.099353 -0.038445
46  -0.000075 6.060432 -0.000090  -0.155019 -0.575032 0.384607
47  0.000017 5.994260 0.000029  0.033941 0.288574 -0.067729
48  -0.000005 6.100484 0.000001  -0.068405 0.299273 -0.162154
49  0.000034 6.916756 0.000008  -0.096318 0.220533 -0.107964
50  0.000148 6.435061 -0.000046  -0.037458 0.171630 -0.116574
51  1.092802 3.649518 -1.738794  -0.148600 0.876612 1.445020
52  -0.000129 6.792195 -0.000101  0.008284 0.107792 -0.048643
53  -0.000089 7.744775 -0.000027  0.057137 -0.256893 0.015458
54  0.000084 9.115024 -0.000037  -0.020393 0.256253 -0.142636
55  3.494521 -1.749100 3.007064  0.118402 1.106974 1.813814
56  0.000014 4.323833 0.000088  -0.229908 -0.770942 0.449223
57  0.000028 4.872890 -0.000022  0.367242 -0.664052 -0.254033
58  0.000004 5.056650 0.000091  -0.511233 0.856588 -0.546320
59  2.292469 1.708618 3.661676  -1.762559 1.789110 -0.218970
60  -0.000172 6.589439 0.000275  -0.007131 -0.169123 0.176911
61  0.000171 7.491487 -0.000151  -0.132415 -0.107097 0.179326
62  -0.000139 8.249661 0.000142  0.041912 -0.058209 0.015814
63  0.000073 8.605240 -0.000026  0.101585 0.501824 -0.079697
64  -0.240490 2.066069 2.349267  -0.357331 2.461714 1.296084
65  -0.000089 7.721103 -0.000005  -0.208229 -0.126223 -0.116495
66  -0.000123 7.374857 -0.000047  -0.111018 0.046939 -0.046462
67  -0.000037 6.848056 -0.000026  0.273532 0.247522 0.299906
68  0.000037 7.777823 -0.000045  0.072921 0.186147 -0.052688
69  -0.000086 8.178053 0.000012  -0.087029 -0.422849 -0.381358
70  1.617608 3.431412 2.399265  -0.249455 2.569515 1.508574
71  -0.000166 5.476939 -0.000029  0.057729 0.074072 0.060285
72  -0.000086 6.060501 -0.000005  -0.015204 0.015650 -0.152066
73  0.000026 5.994251 0.000011  -0.126212 -0.157657 0.153302
74  -0.000075 7.076882 -0.000047  -0.008118 0.010385 0.036402
75  0.000006 7.089868 -0.000071  0.070875 0.098587 -0.025893
76  0.361111 0.886683 3.287746  -0.576374 1.978709 0.939014
77  -0.000070 6.686644 0.000225  -0.146568 0.414164 -0.327706
78  -0.000010 7.638018 0.000010  -0.079523 -0.025948 0.130956
79  -0.000031 7.290225 -0.000023  0.025325 -0.093908 0.023962
80  -0.000034 6.530370 0.000006  -0.261847 -0.300600 0.006736
81  0.000063 7.224882 0.000008  0.036505 0.032481 -0.175824
82  1.071902 3.225799 1.570115  -0.043806 2.859975 1.526250
83  0.000414 6.748894 -0.000065  -0.062702 0.083784 0.022201
84  -0.000045 8.002649 0.000026  -0.067496 -0.117209 -0.115600
85  0.000014 8.580571 -0.000097  0.088213 -0.007188 0.334606
86  0.000169 8.689831 -0.000041  0.065326 -0.412430 -0.134517
87  -1.514527 2.104643 0.318055  -0.024895 3.094490 1.569497
88  0.000191 6.982279 0.000012  -0.107588 -0.057624 -0.215718
89  -0.000009 8.382878 -0.000068  0.135031 -0.099914 0.287074
90  -0.000063 8.697669 0.000023  -0.148089 -0.510100 0.044837
91  -0.000134 8.921824 0.000078  -0.236827 -0.892635 0.098805
92  3.553619 -3.478044 2.409277  0.000819 0.762046 1.535312
93  0.000000 4.476900 -0.000005  -0.151003 -0.588331 0.377258
94  0.000031 4.514122 -0.000022  -0.228866 -2.996200 0.592370
95  0.000047 4.518384 -0.000023  0.143172 2.612778 0.693386
96  0.000024 3.598329 0.000022  -0.749303 0.869852 -0.773233
97  4.209912 -0.440347 1.018825  0.392027 -1.710925 -2.159575
98  4.265505 1.434225 -0.404992  -2.521286 -1.160590 0.624225
99  9.400234 0.017940 0.083201  0.103411 -0.045411 -1.818977
100  10.242420 0.033592 0.064475  2.942482 -0.172182 -0.238013
101  3.465857 -0.059679 0.016690  -0.028337 0.046747 -0.016383
102  1.655595 -0.000023 0.000025  -0.050060 0.030666 0.116071
103  0.960771 -0.000002 -0.000002  -0.011935 0.058067 0.074557
104  3.462028 -0.064246 0.939909  0.247499 -0.258065 0.142879
105  1.497177 -0.000008 0.000019  -0.474260 0.113359 0.295508
106  0.793759 0.000004 0.000007  0.005869 -0.019035 -0.051084
107  0.591664 -0.460691 0.835204  -0.998196 -0.697213 -0.604637
108  1.556139 0.000001 0.000005  -0.178493 -0.028259 0.121441
109  1.135905 0.000022 0.000003  0.090361 -0.041613 0.161265
110  3.084269 -0.668820 -1.257081  -0.726078 0.468745 -0.234941
111  1.064209 -0.000000 0.000003  0.015913 0.050590 -0.277307
112  0.640338 0.000006 -0.000006  -0.001685 -0.039430 0.266399
113  3.396821 -0.242136 -0.708688  -0.488814 0.122243 -0.336076
114  1.532968 0.000008 0.000008  0.004444 0.003801 0.163781
115  0.832976 -0.000005 0.000005  0.004928 0.014479 -0.214036
116  4.209938 -0.440345 -1.019278  1.011428 1.755435 -0.735566
117  4.266744 1.424943 0.424939  1.063337 0.804660 -1.243424
118  9.398568 0.011946 -0.082517  -0.099964 0.054140 -1.699377
119  10.242437 0.028178 -0.062907  -0.582324 0.257282 -0.177667
120  3.465746 -0.067523 0.002266  -0.097537 0.213291 -1.638921
121  1.655560 0.000002 0.000008  -0.145733 0.180192 -1.062406
122  0.960902 0.000006 -0.000002  0.011945 0.146991 -0.725419
123  3.466855 -0.077778 -0.920909  -0.344645 0.134837 -1.702189
124  1.497260 -0.000030 -0.000022  -0.557721 0.305200 -0.954973
125  0.793794 -0.000013 -0.000002  -0.166698 0.321134 -0.665694
126  0.595078 -0.467146 -0.829176  2.641526 0.814054 -0.557748
127  1.555673 0.000017 -0.000003  0.721596 0.531729 1.284383
128  1.136817 -0.000014 -0.000001  0.327106 0.330099 0.812200
129  3.075971 -0.667965 1.277699  0.650149 0.203093 -1.055467
130  1.064596 0.000021 0.000007  0.036149 -0.122556 -0.940009
131  0.640363 -0.000017 -0.000006  -0.109186 -0.031799 -0.552401
132  3.392411 -0.245366 0.728378  0.186571 0.261175 -1.509524
133  1.532734 -0.000013 -0.000001  0.006530 0.018027 -0.856849
134  0.833151 -0.000000 0.000007  -0.077514 -0.076546 -1.135322
135  3.590110 -3.090295 1.193973  1.635457 1.210566 1.548541
136  3.589558 -3.089880 -1.196372  -1.505736 1.210473 -1.592853
137  -0.436560 4.719026 -0.001075  -0.000650 -1.570733 1.693146
138  0.000001 2.775453 -0.000235  -0.135089 0.000001 -0.000000
139  -0.000000 3.189772 0.000007  0.207820 0.000000 0.000000
140  0.000001 3.504658 0.000044  -0.261876 0.000000 -0.000000
141  -0.000000 2.863199 -0.000002  -0.051268 0.000000 -0.000000
time 44
0  0.378000 -0.002252 33.900303  1.570862 0.000000 -0.000000
1  0.002636 43.025146 0.734438  -0.163960 0.212145 0.065192
2  3.061858 -4.181015 -0.610803  -1.523100 -0.747950 -1.457033
3  18.476774 0.000163 -0.000002  -0.002856 -0.064333 0.824634
4  17.490084 0.000117 0.000005  0.060128 0.461058 -0.978390
5  -3.065330 -4.183580 -0.611480  -1.378091 0.079746 -2.040800
6  18.474855 -0.000034 -0.000006  0.011657 0.081053 1.057004
7  17.489584 0.001916 -0.000007  0.361682 -0.034519 -1.662936
8  -0.000117 -0.048885 -0.576225  1.675271 0.070302 1.605735
9  3.224478 0.767045 0.000495  0.129659 -0.018371 0.259708
10  3.223911 0.226399 -0.001944  0.193169 0.038517 0.210273
11  5.187321 -1.262560 -0.001177  0.000012 0.000066 0.194111
12  6.928412 -1.935313 -0.000226  3.010290 0.183422 0.287848
13  3.236368 1.079604 0.000057  -0.462968 -0.051746 0.281042
14  0.833755 3.805350 0.692955  -0.040491 0.554884 1.469874
15  0.000038 6.792211 0.000039  0.007989 0.036071 -0.011406
16  -0.000066 7.744819 0.000013  -0.017441 -0.155305 0.068150
17  0.000072 7.809698 0.000019  -0.033637 0.005026 0.006143
18  -0.000028 7.867673 0.000017  -0.073329 -0.127910 0.026375
19  3.494693 -1.749093 -3.006912  0.152546 2.070419 1.936949
20  0.000119 4.478318 0.000020  -0.194659 0.310432 -0.234995
21  0.000047 4.636119 -0.000029  0.035821 0.324593 -0.151767
22  -0.000042 5.008650 0.000015  0.075999 -0.286564 0.276090
23  0.000064 4.781162 0.000008  0.904397 -2.690903 -0.015797
24  2.253027 1.989052 -3.350106  -1.523631 1.324497 0.112403
25  0.000163 6.589459 0.000167  0.206354 -0.002129 -0.080395
26  0.000041 7.491417 0.000037  -0.333511 0.184454 -0.191167
27  0.000026 7.660302 -0.000053  -0.063176 0.127194 -0.062118
28  0.000008 7.256266 0.000020  -0.052940 -0.487829 0.313814
29  -0.791162 2.265120 -1.234656  -0.753900 1.136377 0.824675
30  -0.000258 8.572270 -0.000091  -0.222844 -0.296789 0.176503
31  -0.000096 8.117222 0.000048  0.072258 0.772520 -0.285586
32  -0.000082 8.230032 -0.000070  -0.080491 -0.347232 0.072252
33  0.000060 7.366722 0.000053  -0.015394 -0.663892 0.062742
34  0.224210 0.240126 -3.218158  -0.877385 1.468888 0.577826
35  -0.000101 7.721056 -0.000308  -0.283827 0.060498 -0.167555
36  -0.000031 7.374850 -0.000000  0.007536 -0.195022 0.049539
37  0.000076 6.848101 0.000008  0.005485 0.006496 -0.033649
38  -0.000051 7.777868 0.000010  -0.186096 0.182474 -0.152846
39  -1.514473 2.104648 -1.150167  -0.029092 0.541319 1.555680
40  -0.000164 6.982351 -0.000078  -0.199699 -0.041212 0.153489
41  0.000037 8.382866 -0.000072  0.044866 0.587986 -0.257961
42  0.000014 8.697698 -0.000023  -0.102637 -0.474318 0.290943
43  0.000052 8.921805 -0.000005  -0.076258 0.581005 -0.195604
44  1.196188 2.899154 -2.353086  -0.449719 1.030105 1.287431
45  0.000105 5.476945 0.000006  0.285574 -0.099353 -0.038445
46  -0.000071 6.060434 -0.000090  -0.155020 -0.575032 0.384607
47  0.000018 5.994258 0.000029  0.033941 0.288575 -0.067729
48  -0.000007 6.100484 0.000001  -0.068405 0.299273 -0.162154
49  0.000036 6.916755 0.000009  -0.096318 0.220533 -0.107964
50  0.000151 6.435056 -0.000045  -0.037458 0.171630 -0.116574
51  1.092793 3.649513 -1.738794  -0.148600 0.876612 1.445020
52  -0.000124 6.792193 -0.000102  0.008285 0.107792 -0.048643
53  -0.000088 7.744777 -0.000032  0.057137 -0.256893 0.015458
54  0.000084 9.115022 -0.000036  -0.020393 0.256253 -0.142636
55  3.494505 -1.749106 3.007063  0.118402 1.106974 1.813814
56  0.000014 4.323836 0.000089  -0.229908 -0.770942 0.449223
57  0.000030 4.872900 -0.000023  0.367242 -0.664052 -0.254033
58  0.000003 5.056654 0.000094  -0.511233 0.856588 -0.546320
59  2.292459 1.708615 3.661674  -1.762559 1.789110 -0.218970
60  -0.000172 6.589435 0.000272  -0.007131 -0.169122 0.176911
61  0.000176 7.491491 -0.000151  -0.132416 -0.107097 0.179326
62  -0.000140 8.249658 0.000144  0.041912 -0.058209 0.015814
63  0.000073 8.605240 -0.000027  0.101585 0.501824 -0.079697
64  -0.240489 2.066072 2.349267  -0.357331 2.461714 1.296084
65  -0.000091 7.721104 -0.000003  -0.208229 -0.126223 -0.116495
66  -0.000124 7.374860 -0.000046  -0.111018 0.046939 -0.046462
67  -0.000036 6.848063 -0.000025  0.273532 0.247522 0.299906
68  0.000035 7.777822 -0.000043  0.072921 0.186148 -0.052688
69  -0.000084 8.178050 0.000009  -0.087029 -0.422849 -0.381358
70  1.617594 3.431407 2.399265  -0.249455 2.569515 1.508574
71  -0.000166 5.476938 -0.000028  0.057729 0.074072 0.060285
72  -0.000091 6.060489 -0.000006  -0.015203 0.015650 -0.152066
73  0.000026 5.994251 0.000012  -0.126212 -0.157657 0.153302
74  -0.000075 7.076876 -0.000046  -0.008118 0.010385 0.036402
75  0.000004 7.089866 -0.000069  0.070875 0.098587 -0.025893
76  0.361107 0.886682 3.287745  -0.576374 1.978709 0.939014
77  -0.000069 6.686639 0.000229  -0.146569 0.414164 -0.327706
78  -0.000013 7.638011 0.000012  -0.079523 -0.025948 0.130956
79  -0.000031 7.290227 -0.000024  0.025325 -0.093908 0.023962
80  -0.000034 6.530369 0.000006  -0.261847 -0.300600 0.006736
81  0.000064 7.224882 0.000007  0.036505 0.032481 -0.175824
82  1.071889 3.225795 1.570115  -0.043806 2.859975 1.526250
83  0.000414 6.748905 -0.000067  -0.062702 0.083784 0.022201
84  -0.000047 8.002646 0.000027  -0.067496 -0.117209 -0.115600
85  0.000012 8.580572 -0.000097  0.088213 -0.007188 0.334606
86  0.000164 8.689830 -0.000042  0.065327 -0.412430 -0.134517
87  -1.514537 2.104640 0.318055  -0.024895 3.094490 1.569497
88  0.000192 6.982274 0.000011  -0.107588 -0.057624 -0.215718
89  -0.000007 8.382876 -0.000067  0.135031 -0.099914 0.287074
90  -0.000061 8.697666 0.000023  -0.148089 -0.510100 0.044837
91  -0.000133 8.921824 0.000080  -0.236827 -0.892635 0.098805
92  3.553605 -3.478048 2.409277  0.000819 0.762046 1.535312
93  0.000002 4.476894 -0.000005  -0.151003 -0.588331 0.377258
94  0.000032 4.514129 -0.000024  -0.228866 -2.996200 0.592370
95  0.000041 4.518378 -0.000023  0.143172 2.612778 0.693386
96  0.000024 3.598324 0.000022  -0.749303 0.869852 -0.773233
97  4.209920 -0.440347 1.018825  0.485239 -1.717476 -2.254708
98  4.265503 1.434225 -0.404993  -2.543447 -1.160737 0.625159
99  9.400234 0.017940 0.083210  0.103306 -0.045523 -1.816950
100  10.242421 0.033592 0.064476  2.949775 -0.174805 -0.258715
101  3.465854 -0.059678 0.016695  -0.027732 0.049967 -0.006901
102  1.655593 -0.000021 0.000022  -0.051197 0.031742 0.118280
103  0.960771 -0.000003 -0.000003  -0.012158 0.058204 0.075332
104  3.462027 -0.064246 0.939914  0.244015 -0.262549 0.155923
105  1.497177 -0.000011 0.000017  -0.473918 0.114519 0.299625
106  0.793760 0.000004 0.000009  0.005953 -0.019405 -0.048542
107  0.591660 -0.460691 0.835214  -0.995045 -0.696559 -0.608110
108  1.556138 -0.000004 -0.000002  -0.177859 -0.027075 0.124038
109  1.135905 0.000016 0.000006  0.090393 -0.041423 0.161278
110  3.084267 -0.668820 -1.257081  -0.725154 0.478934 -0.228469
111  1.064206 0.000000 0.000002  0.015722 0.050980 -0.281897
112  0.640348 0.000006 -0.000016  -0.001625 -0.039785 0.270494
113  3.396820 -0.242137 -0.708684  -0.491053 0.126572 -0.331880
114  1.532969 0.000004 0.000006  0.004325 0.003802 0.167332
115  0.832975 -0.000007 0.000003  0.005172 0.014526 -0.215253
116  4.209945 -0.440344 -1.019278  1.017301 1.746277 -0.730787
117  4.266747 1.424938 0.424938  1.054674 0.812178 -1.274928
118  9.398568 0.011949 -0.082515  -0.099611 0.054424 -1.693548
119  10.242433 0.028178 -0.062901  -0.602081 0.236460 -0.192589
120  3.465748 -0.067528 0.002264  -0.097230 0.213260 -1.637015
121  1.655560 0.000002 0.000007  -0.145472 0.180091 -1.060742
122  0.960904 0.000004 -0.000000  0.012081 0.146706 -0.724247
123  3.466855 -0.077782 -0.920914  -0.344529 0.134703 -1.700134
124  1.497261 -0.000025 -0.000023  -0.557193 0.304791 -0.953210
125  0.793790 -0.000017 -0.000000  -0.166215 0.320653 -0.664841
126  0.595074 -0.467151 -0.829178  2.641229 0.813775 -0.557316
127  1.555681 0.000018 -0.000002  0.720094 0.531118 1.282009
128  1.136813 -0.000011 -0.000002  0.326126 0.329596 0.811172
129  3.075972 -0.667969 1.277699  0.650356 0.202758 -1.054518
130  1.064590 0.000020 0.000012  0.035991 -0.122435 -0.938661
131  0.640361 -0.000021 -0.000004  -0.109071 -0.031687 -0.551375
132  3.392408 -0.245369 0.728373  0.187043 0.261054 -1.507916
133  1.532737 -0.000007 -0.000003  0.006504 0.017967 -0.855503
134  0.833153 0.000009 0.000003  -0.077441 -0.076339 -1.133877
135  3.590111 -3.090295 1.193972  1.635457 1.210566 1.548541
136  3.589561 -3.089880 -1.196372  -1.505736 1.210473 -1.592853
137  -0.436556 4.719025 -0.001076  -0.000945 -1.570733 1.692926
138  -0.000000 2.775455 -0.000237  -0.135089 0.000001 -0.000000
139  0.000000 3.189775 0.000008  0.207820 -0.000000 0.000000
140  0.000000 3.504652 0.000045  -0.261876 -0.000000 -0.000000
141  0.000001 2.863199 -0.000002  -0.051268 -0.000000 -0.000000
end
