version 1
nodes
0 "ValveBiped.Bip01" -1
1 "ValveBiped.Bip01_Pelvis" 0
2 "ValveBiped.Bip01_L_Thigh" 1
3 "ValveBiped.Bip01_L_Calf" 2
4 "ValveBiped.Bip01_L_Foot" 3
5 "ValveBiped.Bip01_R_Thigh" 1
6 "ValveBiped.Bip01_R_Calf" 5
7 "ValveBiped.Bip01_R_Foot" 6
8 "ValveBiped.Bip01_Spine" 1
9 "ValveBiped.Bip01_Spine1" 8
10 "ValveBiped.Bip01_Spine2" 9
11 "ValveBiped.Bip01_Spine4" 10
12 "ValveBiped.Bip01_Neck1" 11
13 "ValveBiped.Bip01_Head1" 12
14 "HBN_CK01" 13
15 "HBN_CK02" 14
16 "HBN_CK03" 15
17 "HBN_CK04" 16
18 "HBN_CK05" 17
19 "HBn_LF01" 13
20 "HBn_LF02" 19
21 "HBn_LF03" 20
22 "HBn_LF04" 21
23 "HBn_LF05" 22
24 "HBN_LMA01" 13
25 "HBN_LMA02" 24
26 "HBN_LMA03" 25
27 "HBN_LMA04" 26
28 "HBN_LMA05" 27
29 "HBN_LMB01" 13
30 "HBN_LMB02" 29
31 "HBN_LMB03" 30
32 "HBN_LMB04" 31
33 "HBN_LMB05" 32
34 "HBN_LMC01" 13
35 "HBN_LMC02" 34
36 "HBN_LMC03" 35
37 "HBN_LMC04" 36
38 "HBN_LMC05" 37
39 "HBN_LMD01" 13
40 "HBN_LMD02" 39
41 "HBN_LMD03" 40
42 "HBN_LMD04" 41
43 "HBN_LMD05" 42
44 "HBN_LME01" 13
45 "HBN_LME02" 44
46 "HBN_LME03" 45
47 "HBN_LME04" 46
48 "HBN_LME05" 47
49 "HBN_LME06" 48
50 "HBN_LME07" 49
51 "HBN_LMF01" 13
52 "HBN_LMF02" 51
53 "HBN_LMF03" 52
54 "HBN_LMF04" 53
55 "HBn_RF01" 13
56 "HBn_RF02" 55
57 "HBn_RF03" 56
58 "HBn_RF04" 57
59 "HBN_RMA01" 13
60 "HBN_RMA02" 59
61 "HBN_RMA03" 60
62 "HBN_RMA04" 61
63 "HBN_RMA05" 62
64 "HBN_RMB01" 13
65 "HBN_RMB02" 64
66 "HBN_RMB03" 65
67 "HBN_RMB04" 66
68 "HBN_RMB05" 67
69 "HBN_RMB06" 68
70 "HBN_RMC01" 13
71 "HBN_RMC02" 70
72 "HBN_RMC03" 71
73 "HBN_RMC04" 72
74 "HBN_RMC05" 73
75 "HBN_RMC06" 74
76 "HBN_RMD01" 13
77 "HBN_RMD02" 76
78 "HBN_RMD03" 77
79 "HBN_RMD04" 78
80 "HBN_RMD05" 79
81 "HBN_RMD06" 80
82 "HBN_RME01" 13
83 "HBN_RME02" 82
84 "HBN_RME03" 83
85 "HBN_RME04" 84
86 "HBN_RME05" 85
87 "HBN_RMF01" 13
88 "HBN_RMF02" 87
89 "HBN_RMF03" 88
90 "HBN_RMF04" 89
91 "HBN_RMF05" 90
92 "HBn_RFF01" 13
93 "HBn_RFF02" 92
94 "HBn_RFF03" 93
95 "HBn_RFF04" 94
96 "HBn_RFF05" 95
97 "ValveBiped.Bip01_L_Clavicle" 11
98 "ValveBiped.Bip01_L_UpperArm" 97
99 "ValveBiped.Bip01_L_Forearm" 98
100 "ValveBiped.Bip01_L_Hand" 99
101 "ValveBiped.Bip01_L_Finger2" 100
102 "ValveBiped.Bip01_L_Finger21" 101
103 "ValveBiped.Bip01_L_Finger22" 102
104 "ValveBiped.Bip01_L_Finger1" 100
105 "ValveBiped.Bip01_L_Finger11" 104
106 "ValveBiped.Bip01_L_Finger12" 105
107 "ValveBiped.Bip01_L_Finger0" 100
108 "ValveBiped.Bip01_L_Finger01" 107
109 "ValveBiped.Bip01_L_Finger02" 108
110 "ValveBiped.Bip01_L_Finger4" 100
111 "ValveBiped.Bip01_L_Finger41" 110
112 "ValveBiped.Bip01_L_Finger42" 111
113 "ValveBiped.Bip01_L_Finger3" 100
114 "ValveBiped.Bip01_L_Finger31" 113
115 "ValveBiped.Bip01_L_Finger32" 114
116 "ValveBiped.Bip01_R_Clavicle" 11
117 "ValveBiped.Bip01_R_UpperArm" 116
118 "ValveBiped.Bip01_R_Forearm" 117
119 "ValveBiped.Bip01_R_Hand" 118
120 "ValveBiped.Bip01_R_Finger2" 119
121 "ValveBiped.Bip01_R_Finger21" 120
122 "ValveBiped.Bip01_R_Finger22" 121
123 "ValveBiped.Bip01_R_Finger1" 119
124 "ValveBiped.Bip01_R_Finger11" 123
125 "ValveBiped.Bip01_R_Finger12" 124
126 "ValveBiped.Bip01_R_Finger0" 119
127 "ValveBiped.Bip01_R_Finger01" 126
128 "ValveBiped.Bip01_R_Finger02" 127
129 "ValveBiped.Bip01_R_Finger4" 119
130 "ValveBiped.Bip01_R_Finger41" 129
131 "ValveBiped.Bip01_R_Finger42" 130
132 "ValveBiped.Bip01_R_Finger3" 119
133 "ValveBiped.Bip01_R_Finger31" 132
134 "ValveBiped.Bip01_R_Finger32" 133
135 "lPectoral" 10
136 "rPectoral" 10
137 "Front Cloth" 10
138 "Front Cloth.001" 137
139 "Front Cloth.002" 138
140 "Front Cloth.003" 139
141 "Front Cloth.004" 140
end
skeleton
time 0
0  0.000009 2.456946 41.315441  1.570796 0.000000 -0.000000
1  0.002636 43.025146 0.734438  0.057277 -0.036807 -0.037263
2  3.061858 -4.181007 -0.610804  -1.860272 -0.284702 -1.360488
3  18.476774 0.000158 0.000000  -0.000562 -0.011472 0.167210
4  17.490086 0.000117 0.000003  0.121842 0.232503 -0.934792
5  -3.065330 -4.183576 -0.611479  -1.297282 -0.011639 -1.458083
6  18.474855 -0.000034 -0.000007  0.002458 0.005705 0.093072
7  17.489586 0.001915 -0.000006  -0.267030 -0.128658 -1.159761
8  -0.000117 -0.048883 -0.576226  1.577033 0.154777 1.568521
9  3.224487 0.767047 0.000496  0.011754 -0.000572 0.037887
10  3.223913 0.226399 -0.001944  0.007666 -0.002361 0.248473
11  5.187327 -1.262560 -0.001177  0.000012 0.000066 0.194111
12  6.928411 -1.935316 -0.000227  3.138549 0.007042 0.286879
13  3.236367 1.079615 0.000057  0.006847 -0.037580 0.414040
14  0.833753 3.805350 0.692955  -0.040492 0.554885 1.469871
15  0.000041 6.792206 0.000041  0.007991 0.036070 -0.011407
16  -0.000067 7.744813 0.000016  -0.017442 -0.155305 0.068151
17  0.000074 7.809701 0.000018  -0.033636 0.005025 0.006142
18  -0.000023 7.867672 0.000017  -0.073330 -0.127909 0.026376
19  3.494694 -1.749096 -3.006912  0.152543 2.070419 1.936944
20  0.000120 4.478315 0.000018  -0.194660 0.310432 -0.234994
21  0.000049 4.636116 -0.000030  0.035824 0.324593 -0.151767
22  -0.000044 5.008647 0.000014  0.075997 -0.286565 0.276092
23  0.000062 4.781164 0.000010  0.904396 -2.690903 -0.015799
24  2.253042 1.989058 -3.350107  -1.523632 1.324497 0.112398
25  0.000159 6.589464 0.000170  0.206353 -0.002129 -0.080394
26  0.000042 7.491415 0.000041  -0.333511 0.184455 -0.191167
27  0.000026 7.660302 -0.000055  -0.063176 0.127195 -0.062118
28  0.000006 7.256270 0.000020  -0.052939 -0.487829 0.313813
29  -0.791162 2.265117 -1.234655  -0.753900 1.136377 0.824671
30  -0.000255 8.572261 -0.000089  -0.222843 -0.296789 0.176503
31  -0.000094 8.117208 0.000047  0.072256 0.772520 -0.285589
32  -0.000082 8.230032 -0.000071  -0.080492 -0.347232 0.072254
33  0.000058 7.366722 0.000054  -0.015396 -0.663892 0.062742
34  0.224214 0.240124 -3.218157  -0.877385 1.468889 0.577822
35  -0.000100 7.721052 -0.000308  -0.283828 0.060497 -0.167555
36  -0.000029 7.374856 -0.000001  0.007536 -0.195021 0.049539
37  0.000075 6.848102 0.000006  0.005484 0.006496 -0.033649
38  -0.000051 7.777864 0.000008  -0.186096 0.182474 -0.152846
39  -1.514467 2.104649 -1.150167  -0.029091 0.541320 1.555677
40  -0.000168 6.982347 -0.000076  -0.199699 -0.041212 0.153489
41  0.000038 8.382863 -0.000072  0.044865 0.587986 -0.257962
42  0.000012 8.697704 -0.000026  -0.102637 -0.474318 0.290945
43  0.000057 8.921805 -0.000004  -0.076258 0.581004 -0.195605
44  1.196194 2.899154 -2.353086  -0.449719 1.030105 1.287428
45  0.000106 5.476948 0.000007  0.285576 -0.099353 -0.038446
46  -0.000073 6.060434 -0.000092  -0.155023 -0.575031 0.384611
47  0.000017 5.994260 0.000029  0.033942 0.288575 -0.067731
48  -0.000007 6.100487 0.000002  -0.068405 0.299273 -0.162152
49  0.000035 6.916758 0.000008  -0.096318 0.220533 -0.107966
50  0.000148 6.435058 -0.000044  -0.037459 0.171630 -0.116573
51  1.092788 3.649510 -1.738794  -0.148600 0.876612 1.445020
52  -0.000129 6.792201 -0.000103  0.008284 0.107792 -0.048643
53  -0.000085 7.744777 -0.000030  0.057137 -0.256893 0.015458
54  0.000085 9.115027 -0.000038  -0.020393 0.256253 -0.142636
55  3.494518 -1.749104 3.007064  0.118403 1.106974 1.813811
56  0.000014 4.323843 0.000086  -0.229910 -0.770942 0.449225
57  0.000027 4.872896 -0.000023  0.367245 -0.664052 -0.254035
58  0.000004 5.056654 0.000093  -0.511235 0.856587 -0.546322
59  2.292472 1.708615 3.661675  -1.762557 1.789111 -0.218970
60  -0.000174 6.589428 0.000275  -0.007133 -0.169122 0.176909
61  0.000174 7.491493 -0.000148  -0.132413 -0.107097 0.179327
62  -0.000139 8.249663 0.000142  0.041913 -0.058209 0.015814
63  0.000072 8.605231 -0.000026  0.101585 0.501824 -0.079697
64  -0.240488 2.066071 2.349267  -0.357330 2.461714 1.296081
65  -0.000085 7.721107 -0.000003  -0.208231 -0.126223 -0.116495
66  -0.000122 7.374863 -0.000046  -0.111017 0.046939 -0.046464
67  -0.000035 6.848063 -0.000024  0.273531 0.247522 0.299908
68  0.000034 7.777821 -0.000042  0.072921 0.186148 -0.052689
69  -0.000083 8.178053 0.000011  -0.087029 -0.422849 -0.381357
70  1.617602 3.431409 2.399265  -0.249455 2.569515 1.508572
71  -0.000168 5.476945 -0.000028  0.057729 0.074072 0.060286
72  -0.000093 6.060493 -0.000006  -0.015203 0.015650 -0.152065
73  0.000026 5.994258 0.000012  -0.126214 -0.157657 0.153302
74  -0.000079 7.076872 -0.000049  -0.008117 0.010384 0.036401
75  0.000003 7.089868 -0.000070  0.070875 0.098587 -0.025893
76  0.361105 0.886679 3.287746  -0.576373 1.978710 0.939011
77  -0.000068 6.686642 0.000222  -0.146569 0.414164 -0.327707
78  -0.000012 7.638019 0.000013  -0.079523 -0.025948 0.130956
79  -0.000032 7.290233 -0.000022  0.025325 -0.093908 0.023962
80  -0.000035 6.530366 0.000005  -0.261847 -0.300601 0.006735
81  0.000063 7.224876 0.000009  0.036506 0.032481 -0.175823
82  1.071893 3.225794 1.570115  -0.043807 2.859975 1.526247
83  0.000418 6.748904 -0.000066  -0.062702 0.083783 0.022201
84  -0.000049 8.002644 0.000027  -0.067496 -0.117208 -0.115600
85  0.000014 8.580579 -0.000097  0.088213 -0.007187 0.334605
86  0.000171 8.689832 -0.000040  0.065327 -0.412429 -0.134517
87  -1.514537 2.104636 0.318056  -0.024895 3.094491 1.569496
88  0.000193 6.982283 0.000012  -0.107589 -0.057625 -0.215716
89  -0.000009 8.382874 -0.000067  0.135032 -0.099914 0.287073
90  -0.000060 8.697666 0.000024  -0.148090 -0.510100 0.044839
91  -0.000135 8.921822 0.000079  -0.236827 -0.892636 0.098805
92  3.553617 -3.478048 2.409277  0.000820 0.762046 1.535309
93  0.000001 4.476899 -0.000007  -0.151004 -0.588330 0.377260
94  0.000032 4.514120 -0.000023  -0.228866 -2.996199 0.592367
95  0.000040 4.518387 -0.000024  0.143172 2.612777 0.693384
96  0.000023 3.598328 0.000023  -0.749303 0.869851 -0.773233
97  4.209918 -0.440347 1.018823  -1.474329 -2.066034 -0.262132
98  4.265506 1.434235 -0.404992  -1.559648 -0.262080 -0.901702
99  9.400234 0.017941 0.083201  -0.008541 -0.043880 -0.155695
100  10.242420 0.033590 0.064480  1.811242 -0.192130 0.115087
101  3.465858 -0.059678 0.016693  0.015174 -0.153587 -0.741386
102  1.655592 -0.000021 0.000022  0.037658 -0.123530 -0.603200
103  0.960770 -0.000001 -0.000007  0.022472 -0.062570 -0.580852
104  3.462027 -0.064246 0.939908  0.338653 -0.051411 -0.587316
105  1.497174 -0.000007 0.000021  -0.484972 -0.062472 -0.186803
106  0.793759 0.000004 -0.000002  -0.009351 0.025005 -0.492494
107  0.591665 -0.460693 0.835206  -0.904981 -0.365290 -0.566501
108  1.556135 0.000002 0.000001  -0.188407 0.088995 0.366135
109  1.135906 0.000018 0.000004  0.133872 0.037225 0.542743
110  3.084272 -0.668822 -1.257085  -0.690151 -0.141566 -0.759747
111  1.064200 -0.000005 0.000005  0.013073 0.067697 -0.411093
112  0.640339 0.000005 -0.000008  -0.000036 0.003958 -0.232428
113  3.396825 -0.242139 -0.708689  -0.344014 -0.172476 -0.825842
114  1.532971 0.000006 0.000006  0.012097 -0.005657 -0.568235
115  0.832973 -0.000006 -0.000003  0.005529 0.001649 -0.744827
116  4.209942 -0.440344 -1.019279  1.823823 2.032314 0.048559
117  4.266746 1.424935 0.424937  1.672849 0.135569 -1.052644
118  9.398563 0.011949 -0.082516  0.008446 0.043452 -0.143200
119  10.242434 0.028177 -0.062907  -1.631213 0.046137 0.166664
120  3.465750 -0.067529 0.002267  -0.005844 0.148821 -0.740701
121  1.655561 0.000006 0.000005  -0.037276 0.121241 -0.603277
122  0.960911 0.000008 -0.000001  -0.019410 0.060049 -0.581065
123  3.466856 -0.077782 -0.920909  -0.334503 0.045620 -0.587765
124  1.497263 -0.000035 -0.000022  -0.419774 0.061213 -0.186138
125  0.793788 -0.000008 0.000001  -0.057464 0.165215 -0.422821
126  0.595080 -0.467153 -0.829176  2.133609 0.374723 -0.383690
127  1.555678 0.000015 -0.000003  0.303940 0.019784 0.376648
128  1.136813 -0.000009 -0.000002  -0.008389 0.161283 0.505392
129  3.075974 -0.667968 1.277701  0.695390 0.134611 -0.758462
130  1.064590 0.000018 0.000011  -0.025227 -0.074931 -0.409787
131  0.640360 -0.000014 -0.000002  0.000081 -0.005196 -0.232464
132  3.392412 -0.245370 0.728376  0.340923 0.163321 -0.826668
133  1.532739 -0.000006 -0.000002  -0.009945 0.007012 -0.568062
134  0.833151 0.000008 0.000005  -0.005742 -0.004029 -0.744748
135  3.590114 -3.090295 1.193972  1.635457 1.210566 1.548541
136  3.589561 -3.089880 -1.196372  -1.505736 1.210473 -1.592853
137  -0.436557 4.719026 -0.001076  -0.000565 -1.570733 1.692953
138  -0.000000 2.775451 -0.000234  -0.135089 0.000001 -0.000000
139  0.000000 3.189772 0.000008  0.207820 -0.000000 0.000000
140  0.000000 3.504660 0.000044  -0.261876 0.000000 -0.000000
141  0.000000 2.863202 -0.000002  -0.051268 0.000000 -0.000000
time 1
0  0.355998 2.250774 41.351959  1.570796 0.000000 -0.000000
1  0.002636 43.025146 0.734438  0.076789 -0.067344 -0.032019
2  3.061858 -4.181009 -0.610804  -1.866697 -0.302769 -1.368364
3  18.476774 0.000158 -0.000001  -0.000009 -0.013445 0.192201
4  17.490086 0.000117 0.000004  0.108348 0.207395 -0.958893
5  -3.065330 -4.183576 -0.611479  -1.305202 -0.050884 -1.481219
6  18.474855 -0.000034 -0.000008  0.001013 0.009871 0.146870
7  17.489586 0.001915 -0.000007  -0.265854 -0.154367 -1.182606
8  -0.000117 -0.048883 -0.576226  1.579196 0.158834 1.571862
9  3.224484 0.767047 0.000495  0.013517 0.001221 0.032364
10  3.223911 0.226399 -0.001944  0.009114 -0.001469 0.244710
11  5.187315 -1.262559 -0.001177  0.000012 0.000066 0.194111
12  6.928411 -1.935313 -0.000227  3.141445 -0.002733 0.281400
13  3.236363 1.079615 0.000057  0.016810 -0.022997 0.426260
14  0.833767 3.805354 0.692956  -0.040492 0.554885 1.469871
15  0.000042 6.792202 0.000039  0.007991 0.036070 -0.011407
16  -0.000067 7.744817 0.000016  -0.017442 -0.155305 0.068151
17  0.000075 7.809702 0.000019  -0.033636 0.005025 0.006142
18  -0.000026 7.867675 0.000017  -0.073330 -0.127909 0.026376
19  3.494694 -1.749095 -3.006912  0.152544 2.070419 1.936944
20  0.000120 4.478328 0.000018  -0.194660 0.310432 -0.234994
21  0.000045 4.636117 -0.000030  0.035824 0.324593 -0.151767
22  -0.000042 5.008653 0.000012  0.075997 -0.286565 0.276092
23  0.000063 4.781164 0.000010  0.904396 -2.690903 -0.015799
24  2.253044 1.989059 -3.350106  -1.523632 1.324497 0.112398
25  0.000163 6.589459 0.000170  0.206353 -0.002129 -0.080394
26  0.000041 7.491416 0.000040  -0.333511 0.184455 -0.191167
27  0.000025 7.660311 -0.000057  -0.063176 0.127195 -0.062118
28  0.000008 7.256264 0.000020  -0.052938 -0.487829 0.313813
29  -0.791155 2.265120 -1.234655  -0.753900 1.136377 0.824671
30  -0.000257 8.572262 -0.000090  -0.222843 -0.296789 0.176503
31  -0.000095 8.117211 0.000048  0.072256 0.772520 -0.285589
32  -0.000082 8.230029 -0.000071  -0.080492 -0.347232 0.072254
33  0.000061 7.366722 0.000054  -0.015395 -0.663893 0.062742
34  0.224216 0.240127 -3.218158  -0.877385 1.468889 0.577822
35  -0.000101 7.721056 -0.000306  -0.283828 0.060497 -0.167555
36  -0.000029 7.374855 -0.000002  0.007536 -0.195021 0.049539
37  0.000076 6.848097 0.000006  0.005484 0.006496 -0.033649
38  -0.000055 7.777867 0.000008  -0.186096 0.182474 -0.152846
39  -1.514469 2.104648 -1.150167  -0.029091 0.541320 1.555677
40  -0.000170 6.982347 -0.000077  -0.199699 -0.041212 0.153489
41  0.000039 8.382866 -0.000073  0.044865 0.587986 -0.257962
42  0.000011 8.697710 -0.000027  -0.102637 -0.474318 0.290945
43  0.000056 8.921804 -0.000003  -0.076258 0.581004 -0.195605
44  1.196190 2.899153 -2.353086  -0.449719 1.030105 1.287428
45  0.000107 5.476939 0.000007  0.285576 -0.099353 -0.038446
46  -0.000072 6.060442 -0.000089  -0.155024 -0.575031 0.384611
47  0.000018 5.994258 0.000030  0.033942 0.288575 -0.067731
48  -0.000007 6.100487 0.000001  -0.068405 0.299273 -0.162152
49  0.000035 6.916756 0.000010  -0.096318 0.220533 -0.107966
50  0.000149 6.435055 -0.000045  -0.037459 0.171630 -0.116573
51  1.092799 3.649513 -1.738794  -0.148600 0.876612 1.445020
52  -0.000127 6.792197 -0.000102  0.008285 0.107792 -0.048643
53  -0.000088 7.744777 -0.000029  0.057137 -0.256893 0.015458
54  0.000085 9.115027 -0.000036  -0.020393 0.256253 -0.142636
55  3.494524 -1.749101 3.007064  0.118403 1.106974 1.813811
56  0.000014 4.323845 0.000087  -0.229910 -0.770942 0.449225
57  0.000029 4.872896 -0.000020  0.367245 -0.664052 -0.254035
58  0.000005 5.056654 0.000096  -0.511235 0.856587 -0.546321
59  2.292469 1.708614 3.661675  -1.762557 1.789111 -0.218970
60  -0.000175 6.589434 0.000275  -0.007133 -0.169122 0.176909
61  0.000170 7.491499 -0.000151  -0.132413 -0.107097 0.179327
62  -0.000141 8.249658 0.000143  0.041913 -0.058209 0.015814
63  0.000071 8.605237 -0.000026  0.101585 0.501824 -0.079697
64  -0.240487 2.066072 2.349267  -0.357330 2.461714 1.296081
65  -0.000084 7.721105 -0.000004  -0.208231 -0.126223 -0.116495
66  -0.000123 7.374862 -0.000046  -0.111017 0.046939 -0.046464
67  -0.000035 6.848063 -0.000026  0.273531 0.247523 0.299908
68  0.000034 7.777824 -0.000043  0.072921 0.186148 -0.052689
69  -0.000083 8.178049 0.000012  -0.087029 -0.422849 -0.381357
70  1.617604 3.431410 2.399266  -0.249455 2.569515 1.508572
71  -0.000163 5.476952 -0.000029  0.057729 0.074072 0.060286
72  -0.000092 6.060496 -0.000006  -0.015203 0.015650 -0.152065
73  0.000027 5.994250 0.000010  -0.126214 -0.157657 0.153302
74  -0.000078 7.076875 -0.000047  -0.008117 0.010384 0.036401
75  0.000004 7.089865 -0.000071  0.070875 0.098587 -0.025893
76  0.361115 0.886683 3.287746  -0.576373 1.978710 0.939011
77  -0.000068 6.686640 0.000224  -0.146569 0.414164 -0.327707
78  -0.000010 7.638023 0.000013  -0.079523 -0.025948 0.130956
79  -0.000032 7.290230 -0.000023  0.025325 -0.093908 0.023962
80  -0.000034 6.530365 0.000005  -0.261847 -0.300601 0.006735
81  0.000064 7.224885 0.000009  0.036506 0.032481 -0.175823
82  1.071900 3.225796 1.570115  -0.043807 2.859975 1.526247
83  0.000419 6.748905 -0.000066  -0.062702 0.083783 0.022201
84  -0.000044 8.002646 0.000026  -0.067496 -0.117208 -0.115600
85  0.000012 8.580572 -0.000097  0.088213 -0.007187 0.334605
86  0.000170 8.689832 -0.000041  0.065327 -0.412430 -0.134517
87  -1.514538 2.104638 0.318056  -0.024895 3.094491 1.569496
88  0.000191 6.982283 0.000012  -0.107589 -0.057625 -0.215716
89  -0.000009 8.382870 -0.000067  0.135032 -0.099914 0.287073
90  -0.000063 8.697672 0.000023  -0.148090 -0.510100 0.044839
91  -0.000136 8.921827 0.000080  -0.236827 -0.892635 0.098805
92  3.553621 -3.478045 2.409277  0.000820 0.762046 1.535309
93  0.000000 4.476904 -0.000007  -0.151004 -0.588330 0.377260
94  0.000031 4.514126 -0.000023  -0.228866 -2.996199 0.592367
95  0.000040 4.518385 -0.000020  0.143172 2.612777 0.693384
96  0.000023 3.598327 0.000025  -0.749302 0.869852 -0.773233
97  4.209923 -0.440345 1.018824  -1.488309 -2.063263 -0.249945
98  4.265504 1.434231 -0.404991  -1.571774 -0.245277 -0.913745
99  9.400236 0.017941 0.083202  -0.008621 -0.043791 -0.154130
100  10.242427 0.033591 0.064480  1.816636 -0.179582 0.113056
101  3.465856 -0.059677 0.016694  0.015174 -0.153587 -0.741386
102  1.655591 -0.000025 0.000022  0.037658 -0.123530 -0.603199
103  0.960768 -0.000003 -0.000007  0.022472 -0.062570 -0.580852
104  3.462025 -0.064245 0.939909  0.338653 -0.051411 -0.587316
105  1.497176 -0.000009 0.000022  -0.484972 -0.062472 -0.186803
106  0.793762 0.000002 -0.000002  -0.009351 0.025005 -0.492494
107  0.591662 -0.460690 0.835207  -0.904981 -0.365290 -0.566501
108  1.556139 0.000001 0.000000  -0.188407 0.088996 0.366135
109  1.135904 0.000017 0.000005  0.133872 0.037225 0.542743
110  3.084272 -0.668821 -1.257085  -0.690151 -0.141566 -0.759747
111  1.064198 -0.000001 0.000005  0.013073 0.067697 -0.411093
112  0.640341 0.000009 -0.000008  -0.000036 0.003958 -0.232428
113  3.396823 -0.242136 -0.708689  -0.344014 -0.172476 -0.825841
114  1.532963 0.000005 0.000006  0.012097 -0.005657 -0.568235
115  0.832978 -0.000004 -0.000003  0.005529 0.001649 -0.744827
116  4.209946 -0.440342 -1.019279  1.839400 2.034584 0.062540
117  4.266746 1.424934 0.424938  1.677221 0.120512 -1.035494
118  9.398568 0.011949 -0.082517  0.008445 0.043451 -0.143200
119  10.242436 0.028176 -0.062909  -1.618243 0.040970 0.165493
120  3.465747 -0.067527 0.002268  -0.005844 0.148821 -0.740701
121  1.655557 0.000007 0.000006  -0.037276 0.121241 -0.603277
122  0.960905 0.000006 0.000001  -0.019410 0.060049 -0.581064
123  3.466848 -0.077781 -0.920909  -0.334503 0.045620 -0.587766
124  1.497258 -0.000032 -0.000023  -0.419774 0.061213 -0.186138
125  0.793791 -0.000006 0.000001  -0.057464 0.165215 -0.422821
126  0.595076 -0.467152 -0.829176  2.133609 0.374723 -0.383690
127  1.555670 0.000016 -0.000004  0.303940 0.019784 0.376648
128  1.136809 -0.000008 -0.000002  -0.008389 0.161283 0.505392
129  3.075966 -0.667967 1.277701  0.695390 0.134611 -0.758462
130  1.064589 0.000018 0.000012  -0.025227 -0.074931 -0.409787
131  0.640360 -0.000018 -0.000004  0.000082 -0.005196 -0.232464
132  3.392407 -0.245369 0.728376  0.340923 0.163321 -0.826668
133  1.532737 -0.000006 -0.000000  -0.009945 0.007012 -0.568062
134  0.833154 0.000012 0.000005  -0.005742 -0.004029 -0.744748
135  3.590111 -3.090295 1.193972  1.635457 1.210566 1.548541
136  3.589555 -3.089880 -1.196372  -1.505736 1.210473 -1.592853
137  -0.436559 4.719026 -0.001076  -0.000576 -1.570733 1.692984
138  0.000000 2.775452 -0.000237  -0.135089 0.000001 -0.000000
139  -0.000000 3.189776 0.000008  0.207820 -0.000000 0.000000
140  -0.000000 3.504652 0.000047  -0.261876 0.000000 -0.000000
141  0.000000 2.863200 -0.000003  -0.051268 0.000000 -0.000000
time 2
0  0.711987 2.044602 41.388485  1.570796 0.000000 -0.000000
1  0.002636 43.025146 0.734438  0.096025 -0.098083 -0.027367
2  3.061857 -4.181008 -0.610804  -1.875541 -0.318111 -1.376462
3  18.476772 0.000158 -0.000001  0.000367 -0.014907 0.210606
4  17.490088 0.000117 0.000004  0.097286 0.184206 -0.978601
5  -3.065330 -4.183576 -0.611480  -1.313426 -0.078815 -1.501358
6  18.474854 -0.000034 -0.000008  0.000358 0.012044 0.174557
7  17.489586 0.001916 -0.000006  -0.265891 -0.179758 -1.191956
8  -0.000117 -0.048882 -0.576226  1.581397 0.162872 1.575217
9  3.224478 0.767047 0.000496  0.015270 0.003024 0.026844
10  3.223912 0.226399 -0.001944  0.010559 -0.000571 0.240948
11  5.187323 -1.262558 -0.001177  0.000012 0.000066 0.194111
12  6.928407 -1.935309 -0.000227  -3.138791 -0.012492 0.275893
13  3.236367 1.079611 0.000057  0.027497 -0.008598 0.438227
14  0.833766 3.805352 0.692955  -0.040492 0.554885 1.469871
15  0.000041 6.792206 0.000041  0.007991 0.036070 -0.011407
16  -0.000067 7.744816 0.000016  -0.017442 -0.155305 0.068151
17  0.000075 7.809698 0.000018  -0.033636 0.005025 0.006142
18  -0.000026 7.867674 0.000018  -0.073330 -0.127909 0.026376
19  3.494699 -1.749093 -3.006912  0.152543 2.070419 1.936944
20  0.000120 4.478321 0.000017  -0.194660 0.310432 -0.234994
21  0.000049 4.636113 -0.000029  0.035824 0.324593 -0.151767
22  -0.000043 5.008651 0.000012  0.075997 -0.286565 0.276092
23  0.000064 4.781160 0.000011  0.904396 -2.690903 -0.015799
24  2.253039 1.989057 -3.350106  -1.523632 1.324497 0.112398
25  0.000163 6.589459 0.000172  0.206353 -0.002129 -0.080394
26  0.000043 7.491409 0.000045  -0.333511 0.184455 -0.191167
27  0.000026 7.660309 -0.000056  -0.063176 0.127195 -0.062118
28  0.000002 7.256263 0.000020  -0.052939 -0.487829 0.313813
29  -0.791160 2.265118 -1.234655  -0.753900 1.136377 0.824671
30  -0.000257 8.572262 -0.000091  -0.222843 -0.296789 0.176503
31  -0.000096 8.117211 0.000048  0.072256 0.772520 -0.285589
32  -0.000084 8.230038 -0.000069  -0.080492 -0.347232 0.072254
33  0.000061 7.366725 0.000055  -0.015396 -0.663893 0.062742
34  0.224217 0.240127 -3.218158  -0.877385 1.468889 0.577822
35  -0.000102 7.721055 -0.000310  -0.283828 0.060497 -0.167555
36  -0.000031 7.374853 -0.000002  0.007536 -0.195021 0.049539
37  0.000076 6.848106 0.000007  0.005484 0.006496 -0.033649
38  -0.000050 7.777859 0.000009  -0.186096 0.182474 -0.152846
39  -1.514468 2.104647 -1.150167  -0.029091 0.541320 1.555677
40  -0.000167 6.982349 -0.000077  -0.199699 -0.041212 0.153489
41  0.000038 8.382862 -0.000073  0.044865 0.587986 -0.257962
42  0.000012 8.697701 -0.000026  -0.102637 -0.474318 0.290945
43  0.000056 8.921801 -0.000003  -0.076258 0.581004 -0.195605
44  1.196193 2.899155 -2.353086  -0.449719 1.030105 1.287428
45  0.000105 5.476946 0.000007  0.285576 -0.099353 -0.038446
46  -0.000074 6.060432 -0.000090  -0.155023 -0.575031 0.384611
47  0.000019 5.994260 0.000029  0.033942 0.288575 -0.067731
48  -0.000007 6.100481 0.000001  -0.068405 0.299273 -0.162152
49  0.000035 6.916758 0.000009  -0.096318 0.220533 -0.107966
50  0.000149 6.435061 -0.000046  -0.037459 0.171630 -0.116573
51  1.092801 3.649513 -1.738794  -0.148600 0.876612 1.445020
52  -0.000127 6.792193 -0.000103  0.008284 0.107792 -0.048643
53  -0.000089 7.744781 -0.000031  0.057137 -0.256893 0.015458
54  0.000084 9.115024 -0.000040  -0.020393 0.256253 -0.142636
55  3.494517 -1.749103 3.007064  0.118403 1.106974 1.813811
56  0.000014 4.323842 0.000087  -0.229910 -0.770942 0.449225
57  0.000028 4.872903 -0.000021  0.367245 -0.664052 -0.254035
58  0.000003 5.056651 0.000087  -0.511235 0.856587 -0.546321
59  2.292462 1.708614 3.661675  -1.762557 1.789111 -0.218970
60  -0.000174 6.589439 0.000274  -0.007133 -0.169123 0.176909
61  0.000170 7.491498 -0.000149  -0.132413 -0.107097 0.179327
62  -0.000140 8.249662 0.000142  0.041913 -0.058209 0.015814
63  0.000070 8.605232 -0.000025  0.101585 0.501824 -0.079697
64  -0.240483 2.066072 2.349267  -0.357330 2.461714 1.296081
65  -0.000086 7.721107 -0.000005  -0.208231 -0.126223 -0.116495
66  -0.000121 7.374864 -0.000047  -0.111017 0.046939 -0.046464
67  -0.000035 6.848058 -0.000027  0.273531 0.247522 0.299908
68  0.000036 7.777820 -0.000043  0.072921 0.186148 -0.052689
69  -0.000084 8.178056 0.000014  -0.087029 -0.422849 -0.381357
70  1.617610 3.431411 2.399265  -0.249455 2.569515 1.508572
71  -0.000160 5.476945 -0.000028  0.057729 0.074072 0.060285
72  -0.000090 6.060499 -0.000007  -0.015203 0.015650 -0.152065
73  0.000026 5.994253 0.000011  -0.126214 -0.157657 0.153302
74  -0.000077 7.076873 -0.000046  -0.008117 0.010385 0.036401
75  0.000004 7.089868 -0.000070  0.070875 0.098587 -0.025893
76  0.361105 0.886681 3.287746  -0.576373 1.978710 0.939011
77  -0.000068 6.686640 0.000225  -0.146569 0.414164 -0.327707
78  -0.000011 7.638023 0.000013  -0.079523 -0.025948 0.130956
79  -0.000032 7.290229 -0.000022  0.025325 -0.093908 0.023962
80  -0.000033 6.530368 0.000005  -0.261847 -0.300601 0.006735
81  0.000061 7.224879 0.000009  0.036506 0.032481 -0.175823
82  1.071894 3.225796 1.570115  -0.043807 2.859975 1.526247
83  0.000417 6.748906 -0.000066  -0.062702 0.083783 0.022201
84  -0.000047 8.002646 0.000027  -0.067496 -0.117208 -0.115600
85  0.000012 8.580571 -0.000098  0.088213 -0.007187 0.334605
86  0.000172 8.689832 -0.000042  0.065327 -0.412430 -0.134517
87  -1.514541 2.104637 0.318055  -0.024895 3.094491 1.569496
88  0.000192 6.982281 0.000011  -0.107589 -0.057625 -0.215716
89  -0.000009 8.382874 -0.000067  0.135032 -0.099914 0.287073
90  -0.000060 8.697676 0.000023  -0.148090 -0.510100 0.044839
91  -0.000135 8.921825 0.000078  -0.236827 -0.892635 0.098805
92  3.553617 -3.478045 2.409277  0.000820 0.762046 1.535309
93  -0.000001 4.476903 -0.000010  -0.151004 -0.588330 0.377260
94  0.000031 4.514120 -0.000024  -0.228866 -2.996199 0.592367
95  0.000046 4.518384 -0.000023  0.143172 2.612777 0.693384
96  0.000023 3.598328 0.000025  -0.749303 0.869852 -0.773233
97  4.209916 -0.440341 1.018823  -1.502436 -2.060574 -0.237592
98  4.265507 1.434227 -0.404992  -1.584025 -0.228171 -0.925490
99  9.400231 0.017941 0.083201  -0.008700 -0.043702 -0.152566
100  10.242413 0.033590 0.064481  1.821968 -0.167066 0.111143
101  3.465852 -0.059677 0.016694  0.015173 -0.153587 -0.741386
102  1.655590 -0.000023 0.000023  0.037658 -0.123530 -0.603200
103  0.960767 -0.000007 -0.000006  0.022472 -0.062570 -0.580852
104  3.462029 -0.064245 0.939909  0.338653 -0.051411 -0.587316
105  1.497174 -0.000008 0.000022  -0.484972 -0.062472 -0.186803
106  0.793761 0.000006 -0.000001  -0.009351 0.025005 -0.492494
107  0.591660 -0.460691 0.835206  -0.904981 -0.365290 -0.566501
108  1.556142 0.000002 -0.000000  -0.188407 0.088995 0.366135
109  1.135903 0.000019 0.000004  0.133872 0.037225 0.542743
110  3.084270 -0.668820 -1.257085  -0.690151 -0.141566 -0.759747
111  1.064197 -0.000002 0.000004  0.013073 0.067697 -0.411093
112  0.640336 0.000004 -0.000007  -0.000036 0.003958 -0.232428
113  3.396817 -0.242137 -0.708689  -0.344014 -0.172476 -0.825841
114  1.532970 0.000009 0.000006  0.012097 -0.005657 -0.568235
115  0.832974 -0.000008 -0.000003  0.005529 0.001649 -0.744827
116  4.209939 -0.440341 -1.019279  1.854827 2.036950 0.076371
117  4.266745 1.424945 0.424937  1.681255 0.105533 -1.018268
118  9.398566 0.011949 -0.082515  0.008446 0.043450 -0.143167
119  10.242432 0.028176 -0.062907  -1.605312 0.035819 0.164264
120  3.465745 -0.067528 0.002268  -0.005844 0.148821 -0.740701
121  1.655556 0.000005 0.000006  -0.037277 0.121241 -0.603277
122  0.960907 -0.000001 -0.000000  -0.019410 0.060049 -0.581065
123  3.466851 -0.077780 -0.920909  -0.334503 0.045620 -0.587766
124  1.497262 -0.000034 -0.000022  -0.419774 0.061213 -0.186138
125  0.793792 -0.000007 -0.000002  -0.057464 0.165215 -0.422821
126  0.595078 -0.467151 -0.829176  2.133609 0.374723 -0.383691
127  1.555675 0.000016 -0.000003  0.303940 0.019784 0.376648
128  1.136813 -0.000009 -0.000001  -0.008389 0.161283 0.505392
129  3.075969 -0.667967 1.277701  0.695390 0.134611 -0.758462
130  1.064595 0.000020 0.000010  -0.025227 -0.074931 -0.409787
131  0.640362 -0.000015 -0.000004  0.000082 -0.005196 -0.232464
132  3.392410 -0.245369 0.728376  0.340923 0.163320 -0.826668
133  1.532735 -0.000008 -0.000002  -0.009945 0.007012 -0.568062
134  0.833150 0.000003 0.000005  -0.005742 -0.004029 -0.744748
135  3.590113 -3.090293 1.193972  1.635457 1.210566 1.548541
136  3.589554 -3.089878 -1.196373  -1.505736 1.210473 -1.592853
137  -0.436560 4.719026 -0.001076  -0.000567 -1.570733 1.693027
138  0.000000 2.775462 -0.000236  -0.135089 0.000001 -0.000000
139  -0.000000 3.189765 0.000008  0.207820 -0.000000 0.000000
140  0.000000 3.504648 0.000046  -0.261876 0.000000 -0.000000
141  -0.000000 2.863198 -0.000002  -0.051268 0.000000 -0.000000
time 3
0  1.082284 1.766582 41.412270  1.570796 0.000000 -0.000000
1  0.002636 43.025146 0.734438  0.110755 -0.121107 -0.022573
2  3.061858 -4.181009 -0.610804  -1.885892 -0.332131 -1.385939
3  18.476772 0.000158 -0.000001  0.000818 -0.016824 0.234613
4  17.490089 0.000117 0.000004  0.092937 0.168677 -1.001308
5  -3.065330 -4.183575 -0.611480  -1.321892 -0.099109 -1.521044
6  18.474854 -0.000034 -0.000008  -0.000134 0.013835 0.197224
7  17.489584 0.001916 -0.000006  -0.261259 -0.198011 -1.201290
8  -0.000117 -0.048879 -0.576226  1.583421 0.166468 1.577699
9  3.224485 0.767047 0.000496  0.016727 0.004012 0.021921
10  3.223906 0.226399 -0.001944  0.011680 -0.000166 0.237594
11  5.187315 -1.262559 -0.001177  0.000012 0.000066 0.194111
12  6.928412 -1.935313 -0.000227  -3.136628 -0.019716 0.271872
13  3.236363 1.079611 0.000057  0.035655 0.001939 0.446851
14  0.833761 3.805350 0.692955  -0.040492 0.554885 1.469871
15  0.000040 6.792210 0.000040  0.007991 0.036070 -0.011407
16  -0.000066 7.744812 0.000016  -0.017442 -0.155305 0.068151
17  0.000072 7.809702 0.000018  -0.033636 0.005025 0.006142
18  -0.000024 7.867670 0.000016  -0.073330 -0.127909 0.026376
19  3.494697 -1.749094 -3.006912  0.152544 2.070419 1.936944
20  0.000119 4.478316 0.000018  -0.194660 0.310432 -0.234994
21  0.000047 4.636121 -0.000029  0.035824 0.324593 -0.151767
22  -0.000041 5.008656 0.000013  0.075997 -0.286565 0.276092
23  0.000063 4.781165 0.000010  0.904396 -2.690903 -0.015799
24  2.253041 1.989057 -3.350106  -1.523632 1.324497 0.112398
25  0.000162 6.589464 0.000169  0.206353 -0.002129 -0.080394
26  0.000041 7.491414 0.000042  -0.333511 0.184455 -0.191167
27  0.000026 7.660301 -0.000056  -0.063176 0.127195 -0.062118
28  0.000006 7.256266 0.000018  -0.052938 -0.487829 0.313813
29  -0.791160 2.265117 -1.234655  -0.753900 1.136377 0.824671
30  -0.000257 8.572263 -0.000091  -0.222843 -0.296789 0.176503
31  -0.000093 8.117208 0.000048  0.072256 0.772520 -0.285589
32  -0.000083 8.230035 -0.000070  -0.080492 -0.347232 0.072254
33  0.000061 7.366724 0.000053  -0.015395 -0.663892 0.062742
34  0.224219 0.240126 -3.218158  -0.877385 1.468889 0.577822
35  -0.000101 7.721054 -0.000307  -0.283828 0.060497 -0.167555
36  -0.000029 7.374851 -0.000002  0.007536 -0.195021 0.049539
37  0.000076 6.848103 0.000006  0.005484 0.006496 -0.033649
38  -0.000052 7.777870 0.000009  -0.186096 0.182474 -0.152846
39  -1.514460 2.104650 -1.150167  -0.029091 0.541320 1.555677
40  -0.000168 6.982347 -0.000076  -0.199699 -0.041212 0.153489
41  0.000039 8.382867 -0.000072  0.044865 0.587986 -0.257962
42  0.000012 8.697710 -0.000027  -0.102637 -0.474318 0.290945
43  0.000057 8.921805 -0.000003  -0.076258 0.581004 -0.195605
44  1.196193 2.899154 -2.353086  -0.449719 1.030105 1.287428
45  0.000108 5.476939 0.000007  0.285576 -0.099353 -0.038446
46  -0.000076 6.060437 -0.000089  -0.155024 -0.575031 0.384611
47  0.000019 5.994262 0.000029  0.033942 0.288575 -0.067731
48  -0.000009 6.100482 0.000001  -0.068405 0.299273 -0.162152
49  0.000036 6.916762 0.000010  -0.096318 0.220533 -0.107966
50  0.000148 6.435064 -0.000045  -0.037459 0.171630 -0.116573
51  1.092801 3.649512 -1.738794  -0.148600 0.876612 1.445020
52  -0.000128 6.792200 -0.000103  0.008284 0.107792 -0.048643
53  -0.000090 7.744781 -0.000031  0.057137 -0.256893 0.015458
54  0.000085 9.115025 -0.000038  -0.020393 0.256253 -0.142636
55  3.494517 -1.749104 3.007063  0.118403 1.106974 1.813811
56  0.000014 4.323838 0.000087  -0.229910 -0.770942 0.449225
57  0.000030 4.872900 -0.000020  0.367245 -0.664051 -0.254035
58  0.000002 5.056652 0.000096  -0.511235 0.856587 -0.546321
59  2.292470 1.708614 3.661675  -1.762556 1.789111 -0.218970
60  -0.000176 6.589437 0.000274  -0.007133 -0.169123 0.176909
61  0.000172 7.491496 -0.000152  -0.132413 -0.107097 0.179327
62  -0.000141 8.249662 0.000144  0.041913 -0.058209 0.015814
63  0.000070 8.605231 -0.000026  0.101585 0.501824 -0.079697
64  -0.240482 2.066072 2.349267  -0.357330 2.461715 1.296081
65  -0.000087 7.721105 -0.000002  -0.208231 -0.126223 -0.116495
66  -0.000125 7.374856 -0.000047  -0.111017 0.046939 -0.046464
67  -0.000038 6.848054 -0.000025  0.273531 0.247523 0.299908
68  0.000033 7.777825 -0.000045  0.072921 0.186148 -0.052689
69  -0.000085 8.178049 0.000013  -0.087029 -0.422849 -0.381357
70  1.617613 3.431410 2.399265  -0.249455 2.569515 1.508572
71  -0.000161 5.476935 -0.000027  0.057729 0.074072 0.060286
72  -0.000090 6.060499 -0.000006  -0.015203 0.015650 -0.152065
73  0.000027 5.994246 0.000012  -0.126214 -0.157657 0.153302
74  -0.000078 7.076871 -0.000048  -0.008117 0.010384 0.036401
75  0.000003 7.089871 -0.000071  0.070875 0.098587 -0.025893
76  0.361109 0.886681 3.287746  -0.576373 1.978710 0.939011
77  -0.000065 6.686643 0.000222  -0.146569 0.414164 -0.327707
78  -0.000010 7.638021 0.000013  -0.079523 -0.025948 0.130956
79  -0.000032 7.290232 -0.000022  0.025325 -0.093908 0.023962
80  -0.000033 6.530372 0.000005  -0.261847 -0.300601 0.006735
81  0.000062 7.224880 0.000009  0.036506 0.032481 -0.175823
82  1.071900 3.225796 1.570115  -0.043807 2.859975 1.526247
83  0.000414 6.748896 -0.000066  -0.062702 0.083783 0.022201
84  -0.000047 8.002643 0.000027  -0.067496 -0.117208 -0.115600
85  0.000011 8.580573 -0.000098  0.088213 -0.007187 0.334605
86  0.000170 8.689827 -0.000041  0.065327 -0.412430 -0.134517
87  -1.514532 2.104638 0.318055  -0.024895 3.094491 1.569496
88  0.000193 6.982278 0.000012  -0.107589 -0.057625 -0.215716
89  -0.000009 8.382872 -0.000067  0.135032 -0.099914 0.287073
90  -0.000063 8.697668 0.000024  -0.148090 -0.510100 0.044839
91  -0.000135 8.921827 0.000080  -0.236827 -0.892635 0.098805
92  3.553620 -3.478046 2.409277  0.000820 0.762046 1.535309
93  0.000001 4.476896 -0.000009  -0.151004 -0.588330 0.377260
94  0.000031 4.514120 -0.000023  -0.228866 -2.996199 0.592367
95  0.000041 4.518387 -0.000021  0.143172 2.612777 0.693384
96  0.000022 3.598332 0.000023  -0.749303 0.869852 -0.773233
97  4.209923 -0.440345 1.018824  -1.514253 -2.058054 -0.227239
98  4.265507 1.434224 -0.404991  -1.594063 -0.214125 -0.934431
99  9.400232 0.017941 0.083202  -0.008704 -0.043698 -0.152481
100  10.242422 0.033591 0.064481  1.825636 -0.157615 0.108507
101  3.465855 -0.059680 0.016693  0.015174 -0.153587 -0.741386
102  1.655595 -0.000022 0.000023  0.037658 -0.123530 -0.603199
103  0.960770 -0.000002 -0.000006  0.022472 -0.062570 -0.580852
104  3.462027 -0.064248 0.939909  0.338653 -0.051411 -0.587316
105  1.497172 -0.000010 0.000022  -0.484972 -0.062472 -0.186803
106  0.793761 0.000003 -0.000001  -0.009351 0.025005 -0.492494
107  0.591663 -0.460694 0.835206  -0.904981 -0.365290 -0.566501
108  1.556143 0.000001 -0.000001  -0.188407 0.088995 0.366135
109  1.135904 0.000018 0.000005  0.133872 0.037225 0.542743
110  3.084265 -0.668823 -1.257085  -0.690151 -0.141566 -0.759747
111  1.064203 -0.000004 0.000005  0.013073 0.067697 -0.411092
112  0.640337 0.000010 -0.000007  -0.000036 0.003958 -0.232428
113  3.396823 -0.242140 -0.708690  -0.344014 -0.172476 -0.825842
114  1.532967 0.000011 0.000006  0.012097 -0.005657 -0.568235
115  0.832977 -0.000002 -0.000003  0.005529 0.001649 -0.744827
116  4.209944 -0.440342 -1.019279  1.867657 2.039203 0.087840
117  4.266743 1.424941 0.424938  1.680811 0.093209 -1.003381
118  9.398568 0.011949 -0.082517  0.008520 0.043364 -0.141723
119  10.242438 0.028177 -0.062907  -1.591053 0.030576 0.163546
120  3.465757 -0.067529 0.002267  -0.005844 0.148821 -0.740701
121  1.655561 0.000007 0.000005  -0.037277 0.121241 -0.603277
122  0.960908 0.000006 0.000000  -0.019410 0.060049 -0.581065
123  3.466857 -0.077782 -0.920910  -0.334503 0.045620 -0.587766
124  1.497262 -0.000034 -0.000022  -0.419774 0.061213 -0.186138
125  0.793787 -0.000005 0.000002  -0.057464 0.165215 -0.422821
126  0.595085 -0.467152 -0.829176  2.133609 0.374723 -0.383691
127  1.555676 0.000015 -0.000005  0.303940 0.019784 0.376648
128  1.136819 -0.000008 -0.000002  -0.008389 0.161283 0.505392
129  3.075974 -0.667967 1.277701  0.695390 0.134611 -0.758462
130  1.064592 0.000018 0.000011  -0.025227 -0.074931 -0.409787
131  0.640363 -0.000014 -0.000007  0.000082 -0.005196 -0.232464
132  3.392417 -0.245371 0.728376  0.340922 0.163321 -0.826668
133  1.532736 -0.000008 -0.000001  -0.009945 0.007012 -0.568062
134  0.833152 0.000010 0.000005  -0.005742 -0.004029 -0.744748
135  3.590107 -3.090294 1.193972  1.635457 1.210566 1.548541
136  3.589552 -3.089879 -1.196373  -1.505736 1.210473 -1.592853
137  -0.436563 4.719027 -0.001076  -0.000591 -1.570733 1.693006
138  -0.000000 2.775458 -0.000236  -0.135089 0.000001 -0.000000
139  0.000000 3.189776 0.000007  0.207820 -0.000000 0.000000
140  -0.000000 3.504653 0.000047  -0.261876 0.000000 -0.000000
141  0.000000 2.863200 -0.000002  -0.051268 0.000000 -0.000000
time 4
0  1.468123 1.382475 41.418446  1.570796 0.000000 -0.000000
1  0.002636 43.025146 0.734438  0.118983 -0.132388 -0.016565
2  3.061857 -4.181014 -0.610803  -1.896435 -0.342231 -1.398542
3  18.476776 0.000158 -0.000000  0.001295 -0.019124 0.263253
4  17.490088 0.000117 0.000003  0.097228 0.163366 -1.027320
5  -3.065330 -4.183573 -0.611479  -1.330750 -0.108684 -1.541072
6  18.474857 -0.000034 -0.000008  -0.000511 0.015330 0.216031
7  17.489584 0.001915 -0.000007  -0.249481 -0.205762 -1.214982
8  -0.000117 -0.048878 -0.576226  1.585231 0.169492 1.578698
9  3.224484 0.767047 0.000496  0.017787 0.003600 0.017787
10  3.223905 0.226399 -0.001944  0.012314 -0.000621 0.234782
11  5.187320 -1.262560 -0.001177  0.000012 0.000066 0.194111
12  6.928412 -1.935314 -0.000227  -3.135629 -0.022929 0.270089
13  3.236363 1.079607 0.000056  0.039333 0.006518 0.450697
14  0.833766 3.805353 0.692956  -0.040492 0.554885 1.469871
15  0.000041 6.792204 0.000040  0.007991 0.036070 -0.011407
16  -0.000068 7.744815 0.000017  -0.017442 -0.155305 0.068151
17  0.000073 7.809706 0.000018  -0.033636 0.005025 0.006142
18  -0.000026 7.867677 0.000017  -0.073330 -0.127909 0.026376
19  3.494705 -1.749092 -3.006912  0.152543 2.070419 1.936944
20  0.000120 4.478319 0.000018  -0.194660 0.310432 -0.234994
21  0.000046 4.636117 -0.000031  0.035824 0.324593 -0.151767
22  -0.000041 5.008652 0.000013  0.075997 -0.286565 0.276092
23  0.000064 4.781161 0.000010  0.904396 -2.690903 -0.015799
24  2.253043 1.989058 -3.350106  -1.523632 1.324497 0.112398
25  0.000160 6.589461 0.000169  0.206353 -0.002129 -0.080394
26  0.000042 7.491418 0.000042  -0.333511 0.184455 -0.191167
27  0.000023 7.660309 -0.000057  -0.063176 0.127195 -0.062118
28  0.000005 7.256269 0.000019  -0.052939 -0.487829 0.313813
29  -0.791164 2.265117 -1.234656  -0.753900 1.136377 0.824671
30  -0.000256 8.572262 -0.000089  -0.222843 -0.296789 0.176503
31  -0.000094 8.117208 0.000049  0.072256 0.772520 -0.285589
32  -0.000084 8.230040 -0.000071  -0.080492 -0.347232 0.072254
33  0.000060 7.366721 0.000053  -0.015395 -0.663892 0.062742
34  0.224217 0.240127 -3.218157  -0.877385 1.468889 0.577822
35  -0.000101 7.721051 -0.000307  -0.283828 0.060497 -0.167555
36  -0.000032 7.374866 -0.000002  0.007536 -0.195021 0.049539
37  0.000077 6.848103 0.000006  0.005484 0.006496 -0.033649
38  -0.000050 7.777861 0.000009  -0.186096 0.182474 -0.152846
39  -1.514464 2.104649 -1.150167  -0.029091 0.541320 1.555677
40  -0.000167 6.982347 -0.000076  -0.199699 -0.041212 0.153489
41  0.000039 8.382860 -0.000073  0.044865 0.587986 -0.257962
42  0.000011 8.697702 -0.000027  -0.102637 -0.474318 0.290945
43  0.000056 8.921806 -0.000003  -0.076258 0.581004 -0.195605
44  1.196199 2.899155 -2.353086  -0.449719 1.030105 1.287428
45  0.000107 5.476946 0.000006  0.285576 -0.099353 -0.038446
46  -0.000073 6.060443 -0.000088  -0.155024 -0.575031 0.384611
47  0.000018 5.994258 0.000029  0.033942 0.288575 -0.067731
48  -0.000007 6.100482 0.000002  -0.068405 0.299273 -0.162152
49  0.000036 6.916757 0.000009  -0.096318 0.220533 -0.107966
50  0.000150 6.435058 -0.000044  -0.037459 0.171630 -0.116573
51  1.092798 3.649512 -1.738794  -0.148600 0.876612 1.445020
52  -0.000127 6.792205 -0.000102  0.008284 0.107792 -0.048643
53  -0.000088 7.744776 -0.000031  0.057137 -0.256893 0.015458
54  0.000084 9.115022 -0.000037  -0.020393 0.256253 -0.142636
55  3.494520 -1.749102 3.007064  0.118403 1.106974 1.813811
56  0.000015 4.323840 0.000086  -0.229910 -0.770942 0.449225
57  0.000027 4.872888 -0.000019  0.367245 -0.664052 -0.254035
58  0.000004 5.056648 0.000089  -0.511235 0.856587 -0.546322
59  2.292471 1.708615 3.661675  -1.762556 1.789111 -0.218970
60  -0.000173 6.589439 0.000274  -0.007133 -0.169122 0.176909
61  0.000173 7.491496 -0.000151  -0.132413 -0.107097 0.179327
62  -0.000139 8.249660 0.000143  0.041913 -0.058209 0.015814
63  0.000070 8.605233 -0.000026  0.101585 0.501824 -0.079697
64  -0.240483 2.066072 2.349267  -0.357330 2.461715 1.296081
65  -0.000084 7.721108 -0.000004  -0.208231 -0.126223 -0.116495
66  -0.000122 7.374860 -0.000046  -0.111017 0.046939 -0.046464
67  -0.000037 6.848060 -0.000025  0.273531 0.247523 0.299908
68  0.000033 7.777825 -0.000043  0.072921 0.186148 -0.052689
69  -0.000084 8.178057 0.000013  -0.087029 -0.422849 -0.381357
70  1.617605 3.431410 2.399265  -0.249455 2.569515 1.508572
71  -0.000162 5.476946 -0.000030  0.057729 0.074072 0.060286
72  -0.000091 6.060495 -0.000005  -0.015203 0.015650 -0.152065
73  0.000026 5.994246 0.000012  -0.126214 -0.157657 0.153302
74  -0.000077 7.076873 -0.000046  -0.008117 0.010384 0.036401
75  0.000005 7.089864 -0.000071  0.070875 0.098587 -0.025893
76  0.361111 0.886681 3.287746  -0.576373 1.978710 0.939011
77  -0.000067 6.686645 0.000221  -0.146569 0.414164 -0.327707
78  -0.000011 7.638014 0.000012  -0.079523 -0.025948 0.130956
79  -0.000031 7.290238 -0.000022  0.025325 -0.093908 0.023962
80  -0.000035 6.530369 0.000005  -0.261847 -0.300601 0.006735
81  0.000061 7.224875 0.000010  0.036506 0.032481 -0.175823
82  1.071900 3.225796 1.570115  -0.043807 2.859975 1.526247
83  0.000414 6.748897 -0.000066  -0.062702 0.083783 0.022201
84  -0.000047 8.002635 0.000026  -0.067496 -0.117208 -0.115600
85  0.000012 8.580572 -0.000097  0.088213 -0.007187 0.334605
86  0.000170 8.689830 -0.000042  0.065327 -0.412430 -0.134517
87  -1.514534 2.104638 0.318055  -0.024895 3.094491 1.569496
88  0.000192 6.982278 0.000011  -0.107589 -0.057625 -0.215716
89  -0.000009 8.382873 -0.000067  0.135032 -0.099914 0.287073
90  -0.000062 8.697668 0.000023  -0.148090 -0.510100 0.044839
91  -0.000136 8.921822 0.000080  -0.236827 -0.892635 0.098805
92  3.553617 -3.478045 2.409277  0.000820 0.762046 1.535309
93  0.000000 4.476902 -0.000008  -0.151004 -0.588330 0.377260
94  0.000031 4.514120 -0.000024  -0.228866 -2.996199 0.592367
95  0.000045 4.518385 -0.000020  0.143172 2.612777 0.693384
96  0.000023 3.598327 0.000024  -0.749303 0.869852 -0.773233
97  4.209925 -0.440348 1.018824  -1.522256 -2.055660 -0.220224
98  4.265504 1.434233 -0.404992  -1.600681 -0.205465 -0.939183
99  9.400236 0.017941 0.083203  -0.008610 -0.043803 -0.154342
100  10.242412 0.033590 0.064481  1.827030 -0.153082 0.104717
101  3.465855 -0.059680 0.016694  0.015174 -0.153587 -0.741386
102  1.655592 -0.000021 0.000022  0.037658 -0.123530 -0.603200
103  0.960770 -0.000007 -0.000007  0.022472 -0.062570 -0.580852
104  3.462026 -0.064246 0.939909  0.338653 -0.051411 -0.587316
105  1.497172 -0.000009 0.000022  -0.484972 -0.062472 -0.186803
106  0.793759 0.000002 -0.000002  -0.009351 0.025005 -0.492494
107  0.591661 -0.460692 0.835206  -0.904981 -0.365290 -0.566501
108  1.556140 0.000004 0.000001  -0.188407 0.088995 0.366135
109  1.135900 0.000018 0.000004  0.133872 0.037225 0.542743
110  3.084266 -0.668821 -1.257085  -0.690151 -0.141566 -0.759747
111  1.064204 -0.000003 0.000006  0.013073 0.067697 -0.411093
112  0.640339 0.000009 -0.000008  -0.000036 0.003958 -0.232428
113  3.396820 -0.242138 -0.708689  -0.344014 -0.172476 -0.825842
114  1.532971 0.000008 0.000006  0.012097 -0.005657 -0.568235
115  0.832975 -0.000006 -0.000003  0.005529 0.001649 -0.744827
116  4.209948 -0.440343 -1.019279  1.876453 2.041155 0.095654
117  4.266744 1.424944 0.424939  1.671381 0.084625 -0.992221
118  9.398569 0.011949 -0.082516  0.008748 0.043086 -0.137094
119  10.242434 0.028177 -0.062907  -1.572800 0.024530 0.163845
120  3.465745 -0.067526 0.002268  -0.005844 0.148821 -0.740701
121  1.655556 0.000004 0.000005  -0.037277 0.121241 -0.603277
122  0.960909 0.000006 0.000000  -0.019410 0.060049 -0.581065
123  3.466856 -0.077781 -0.920910  -0.334503 0.045620 -0.587766
124  1.497268 -0.000033 -0.000023  -0.419774 0.061213 -0.186138
125  0.793789 -0.000007 0.000000  -0.057464 0.165215 -0.422821
126  0.595078 -0.467149 -0.829176  2.133609 0.374723 -0.383691
127  1.555670 0.000017 -0.000004  0.303940 0.019784 0.376648
128  1.136811 -0.000009 -0.000002  -0.008389 0.161283 0.505392
129  3.075972 -0.667966 1.277700  0.695390 0.134611 -0.758462
130  1.064595 0.000020 0.000012  -0.025227 -0.074931 -0.409787
131  0.640360 -0.000017 -0.000005  0.000082 -0.005196 -0.232464
132  3.392407 -0.245368 0.728376  0.340922 0.163320 -0.826668
133  1.532736 -0.000010 -0.000001  -0.009945 0.007012 -0.568062
134  0.833152 0.000009 0.000007  -0.005742 -0.004029 -0.744748
135  3.590113 -3.090295 1.193972  1.635457 1.210566 1.548541
136  3.589560 -3.089880 -1.196373  -1.505736 1.210473 -1.592853
137  -0.436560 4.719026 -0.001076  -0.000620 -1.570733 1.692982
138  0.000000 2.775454 -0.000234  -0.135089 0.000001 -0.000000
139  -0.000000 3.189771 0.000007  0.207820 -0.000000 0.000000
140  -0.000000 3.504654 0.000045  -0.261876 0.000000 -0.000000
141  -0.000000 2.863206 -0.000003  -0.051268 0.000000 -0.000000
time 5
0  1.868270 0.926525 41.411880  1.570796 0.000000 -0.000000
1  0.002636 43.025146 0.734438  0.122907 -0.135824 -0.009839
2  3.061857 -4.181014 -0.610803  -1.906379 -0.347843 -1.413534
3  18.476772 0.000158 -0.000001  0.001700 -0.021402 0.291460
4  17.490086 0.000117 0.000004  0.106984 0.164476 -1.053808
5  -3.065330 -4.183571 -0.611480  -1.339858 -0.110801 -1.561313
6  18.474854 -0.000034 -0.000008  -0.000797 0.016586 0.231792
7  17.489584 0.001916 -0.000006  -0.232788 -0.206780 -1.229918
8  -0.000117 -0.048878 -0.576226  1.586846 0.172082 1.578817
9  3.224483 0.767047 0.000496  0.018566 0.002366 0.014244
10  3.223904 0.226399 -0.001944  0.012629 -0.001573 0.232375
11  5.187317 -1.262560 -0.001177  0.000012 0.000066 0.194111
12  6.928412 -1.935315 -0.000227  -3.135471 -0.023624 0.269822
13  3.236369 1.079611 0.000057  0.039943 0.007471 0.451383
14  0.833760 3.805351 0.692955  -0.040492 0.554885 1.469871
15  0.000040 6.792209 0.000039  0.007991 0.036070 -0.011407
16  -0.000067 7.744813 0.000017  -0.017442 -0.155305 0.068151
17  0.000074 7.809698 0.000018  -0.033636 0.005025 0.006142
18  -0.000025 7.867675 0.000017  -0.073330 -0.127909 0.026376
19  3.494697 -1.749094 -3.006912  0.152543 2.070419 1.936944
20  0.000119 4.478325 0.000017  -0.194660 0.310432 -0.234994
21  0.000049 4.636108 -0.000029  0.035824 0.324593 -0.151767
22  -0.000044 5.008649 0.000012  0.075997 -0.286565 0.276092
23  0.000064 4.781168 0.000010  0.904396 -2.690903 -0.015799
24  2.253032 1.989058 -3.350106  -1.523632 1.324497 0.112398
25  0.000163 6.589464 0.000169  0.206353 -0.002129 -0.080394
26  0.000043 7.491416 0.000042  -0.333511 0.184455 -0.191167
27  0.000028 7.660297 -0.000056  -0.063176 0.127195 -0.062118
28  0.000008 7.256267 0.000019  -0.052938 -0.487829 0.313813
29  -0.791166 2.265118 -1.234655  -0.753900 1.136377 0.824671
30  -0.000256 8.572264 -0.000091  -0.222843 -0.296789 0.176503
31  -0.000093 8.117215 0.000049  0.072256 0.772520 -0.285589
32  -0.000084 8.230040 -0.000071  -0.080492 -0.347232 0.072254
33  0.000058 7.366730 0.000054  -0.015395 -0.663892 0.062742
34  0.224210 0.240126 -3.218157  -0.877385 1.468889 0.577822
35  -0.000101 7.721056 -0.000305  -0.283828 0.060497 -0.167555
36  -0.000030 7.374848 -0.000002  0.007536 -0.195021 0.049539
37  0.000076 6.848105 0.000007  0.005484 0.006496 -0.033649
38  -0.000052 7.777863 0.000008  -0.186096 0.182474 -0.152846
39  -1.514472 2.104648 -1.150167  -0.029091 0.541320 1.555677
40  -0.000169 6.982347 -0.000077  -0.199699 -0.041212 0.153489
41  0.000038 8.382862 -0.000072  0.044865 0.587986 -0.257962
42  0.000014 8.697700 -0.000026  -0.102637 -0.474318 0.290945
43  0.000056 8.921801 -0.000003  -0.076258 0.581004 -0.195605
44  1.196192 2.899155 -2.353086  -0.449719 1.030105 1.287428
45  0.000105 5.476944 0.000006  0.285576 -0.099353 -0.038446
46  -0.000075 6.060436 -0.000092  -0.155023 -0.575031 0.384611
47  0.000019 5.994262 0.000030  0.033942 0.288575 -0.067731
48  -0.000006 6.100482 0.000001  -0.068405 0.299273 -0.162152
49  0.000034 6.916764 0.000008  -0.096318 0.220533 -0.107966
50  0.000150 6.435057 -0.000044  -0.037459 0.171630 -0.116573
51  1.092793 3.649512 -1.738794  -0.148600 0.876612 1.445020
52  -0.000127 6.792205 -0.000102  0.008285 0.107792 -0.048643
53  -0.000088 7.744784 -0.000030  0.057137 -0.256893 0.015458
54  0.000085 9.115016 -0.000037  -0.020393 0.256253 -0.142636
55  3.494511 -1.749103 3.007064  0.118403 1.106974 1.813811
56  0.000014 4.323835 0.000086  -0.229910 -0.770942 0.449225
57  0.000026 4.872894 -0.000021  0.367245 -0.664052 -0.254035
58  0.000004 5.056649 0.000089  -0.511235 0.856587 -0.546321
59  2.292461 1.708614 3.661675  -1.762556 1.789111 -0.218970
60  -0.000174 6.589427 0.000275  -0.007133 -0.169123 0.176909
61  0.000172 7.491497 -0.000152  -0.132413 -0.107097 0.179327
62  -0.000140 8.249660 0.000143  0.041913 -0.058209 0.015814
63  0.000072 8.605237 -0.000026  0.101585 0.501824 -0.079697
64  -0.240489 2.066071 2.349267  -0.357330 2.461714 1.296081
65  -0.000083 7.721099 -0.000004  -0.208231 -0.126223 -0.116495
66  -0.000123 7.374867 -0.000047  -0.111017 0.046939 -0.046464
67  -0.000036 6.848064 -0.000025  0.273531 0.247523 0.299908
68  0.000032 7.777822 -0.000043  0.072921 0.186148 -0.052689
69  -0.000083 8.178059 0.000010  -0.087029 -0.422849 -0.381357
70  1.617604 3.431410 2.399265  -0.249455 2.569515 1.508572
71  -0.000161 5.476950 -0.000029  0.057729 0.074072 0.060286
72  -0.000093 6.060498 -0.000006  -0.015203 0.015650 -0.152065
73  0.000025 5.994248 0.000011  -0.126214 -0.157657 0.153302
74  -0.000077 7.076873 -0.000046  -0.008117 0.010384 0.036401
75  0.000006 7.089873 -0.000070  0.070875 0.098587 -0.025893
76  0.361111 0.886682 3.287746  -0.576373 1.978710 0.939011
77  -0.000065 6.686643 0.000221  -0.146569 0.414164 -0.327707
78  -0.000012 7.638022 0.000013  -0.079523 -0.025948 0.130956
79  -0.000032 7.290230 -0.000022  0.025325 -0.093908 0.023962
80  -0.000034 6.530372 0.000005  -0.261847 -0.300601 0.006735
81  0.000064 7.224884 0.000009  0.036506 0.032481 -0.175824
82  1.071890 3.225795 1.570115  -0.043807 2.859975 1.526247
83  0.000416 6.748904 -0.000065  -0.062702 0.083783 0.022201
84  -0.000047 8.002648 0.000027  -0.067496 -0.117208 -0.115600
85  0.000012 8.580568 -0.000098  0.088213 -0.007187 0.334605
86  0.000171 8.689841 -0.000041  0.065327 -0.412429 -0.134517
87  -1.514536 2.104639 0.318056  -0.024895 3.094491 1.569496
88  0.000193 6.982286 0.000011  -0.107589 -0.057625 -0.215716
89  -0.000009 8.382877 -0.000068  0.135032 -0.099914 0.287073
90  -0.000062 8.697666 0.000023  -0.148090 -0.510100 0.044839
91  -0.000136 8.921823 0.000080  -0.236827 -0.892635 0.098805
92  3.553616 -3.478046 2.409277  0.000820 0.762046 1.535309
93  -0.000000 4.476907 -0.000008  -0.151004 -0.588330 0.377260
94  0.000032 4.514117 -0.000024  -0.228866 -2.996199 0.592367
95  0.000051 4.518383 -0.000019  0.143172 2.612777 0.693384
96  0.000023 3.598326 0.000021  -0.749303 0.869852 -0.773233
97  4.209923 -0.440348 1.018824  -1.527855 -2.053366 -0.215319
98  4.265503 1.434231 -0.404992  -1.604985 -0.200113 -0.941364
99  9.400231 0.017941 0.083202  -0.008438 -0.043995 -0.157724
100  10.242419 0.033591 0.064481  1.826767 -0.151645 0.100175
101  3.465851 -0.059677 0.016693  0.015174 -0.153587 -0.741386
102  1.655591 -0.000025 0.000022  0.037658 -0.123530 -0.603199
103  0.960770 -0.000004 -0.000006  0.022472 -0.062570 -0.580852
104  3.462021 -0.064243 0.939908  0.338653 -0.051411 -0.587316
105  1.497173 -0.000009 0.000022  -0.484972 -0.062472 -0.186803
106  0.793764 0.000004 -0.000002  -0.009351 0.025005 -0.492494
107  0.591656 -0.460690 0.835207  -0.904981 -0.365290 -0.566501
108  1.556139 0.000002 -0.000000  -0.188407 0.088996 0.366135
109  1.135896 0.000018 0.000005  0.133872 0.037225 0.542743
110  3.084264 -0.668818 -1.257085  -0.690151 -0.141566 -0.759747
111  1.064200 -0.000004 0.000005  0.013073 0.067697 -0.411093
112  0.640338 0.000004 -0.000007  -0.000036 0.003958 -0.232429
113  3.396817 -0.242137 -0.708689  -0.344014 -0.172476 -0.825842
114  1.532966 0.000008 0.000006  0.012097 -0.005657 -0.568235
115  0.832974 -0.000005 -0.000003  0.005529 0.001649 -0.744827
116  4.209945 -0.440346 -1.019279  1.882748 2.042912 0.101194
117  4.266744 1.424946 0.424937  1.657684 0.078674 -0.983479
118  9.398574 0.011949 -0.082515  0.009048 0.042720 -0.130989
119  10.242439 0.028177 -0.062907  -1.553208 0.018356 0.164614
120  3.465744 -0.067526 0.002267  -0.005844 0.148821 -0.740701
121  1.655555 0.000004 0.000005  -0.037277 0.121241 -0.603277
122  0.960906 0.000005 -0.000000  -0.019410 0.060049 -0.581065
123  3.466852 -0.077781 -0.920909  -0.334503 0.045620 -0.587766
124  1.497260 -0.000033 -0.000023  -0.419774 0.061213 -0.186138
125  0.793790 -0.000008 -0.000000  -0.057464 0.165215 -0.422821
126  0.595077 -0.467151 -0.829176  2.133609 0.374723 -0.383690
127  1.555676 0.000017 -0.000004  0.303940 0.019784 0.376648
128  1.136811 -0.000010 -0.000001  -0.008389 0.161283 0.505392
129  3.075972 -0.667967 1.277700  0.695390 0.134611 -0.758462
130  1.064598 0.000021 0.000009  -0.025227 -0.074931 -0.409787
131  0.640359 -0.000015 -0.000005  0.000082 -0.005196 -0.232464
132  3.392410 -0.245368 0.728375  0.340922 0.163320 -0.826668
133  1.532737 -0.000008 -0.000001  -0.009945 0.007012 -0.568062
134  0.833153 0.000003 0.000005  -0.005742 -0.004029 -0.744748
135  3.590104 -3.090295 1.193972  1.635457 1.210566 1.548541
136  3.589553 -3.089881 -1.196373  -1.505736 1.210473 -1.592853
137  -0.436566 4.719025 -0.001076  -0.000590 -1.570733 1.692959
138  -0.000000 2.775451 -0.000236  -0.135089 0.000001 -0.000000
139  -0.000000 3.189772 0.000007  0.207820 -0.000000 0.000000
140  -0.000000 3.504647 0.000047  -0.261876 0.000000 -0.000000
141  0.000000 2.863199 -0.000002  -0.051268 0.000000 -0.000000
time 6
0  2.293327 0.429542 41.394440  1.570796 0.000000 -0.000000
1  0.002636 43.025146 0.734438  0.124584 -0.135347 -0.003792
2  3.061857 -4.181017 -0.610803  -1.915244 -0.350745 -1.429107
3  18.476770 0.000158 -0.000000  0.002035 -0.023675 0.319486
4  17.490086 0.000117 0.000004  0.119194 0.167977 -1.080962
5  -3.065330 -4.183578 -0.611479  -1.349101 -0.107797 -1.580920
6  18.474854 -0.000034 -0.000008  -0.001010 0.017566 0.244042
7  17.489586 0.001916 -0.000007  -0.213416 -0.204768 -1.244059
8  -0.000117 -0.048887 -0.576226  1.588127 0.174225 1.578972
9  3.224488 0.767047 0.000496  0.019102 0.001224 0.011301
10  3.223909 0.226399 -0.001944  0.012797 -0.002423 0.230377
11  5.187326 -1.262561 -0.001177  0.000012 0.000066 0.194111
12  6.928415 -1.935311 -0.000227  -3.135956 -0.023745 0.270396
13  3.236362 1.079614 0.000057  0.039109 0.008003 0.450411
14  0.833761 3.805351 0.692955  -0.040492 0.554885 1.469871
15  0.000041 6.792199 0.000039  0.007991 0.036070 -0.011407
16  -0.000066 7.744811 0.000016  -0.017442 -0.155305 0.068151
17  0.000073 7.809702 0.000017  -0.033636 0.005025 0.006142
18  -0.000026 7.867670 0.000017  -0.073330 -0.127910 0.026376
19  3.494696 -1.749094 -3.006912  0.152544 2.070419 1.936944
20  0.000119 4.478318 0.000018  -0.194660 0.310432 -0.234994
21  0.000049 4.636113 -0.000030  0.035824 0.324593 -0.151767
22  -0.000042 5.008650 0.000013  0.075997 -0.286565 0.276092
23  0.000064 4.781163 0.000009  0.904395 -2.690903 -0.015799
24  2.253043 1.989058 -3.350106  -1.523632 1.324497 0.112398
25  0.000164 6.589450 0.000171  0.206353 -0.002129 -0.080394
26  0.000044 7.491406 0.000044  -0.333511 0.184455 -0.191167
27  0.000023 7.660307 -0.000057  -0.063176 0.127195 -0.062118
28  0.000004 7.256272 0.000019  -0.052938 -0.487829 0.313813
29  -0.791159 2.265117 -1.234655  -0.753900 1.136377 0.824671
30  -0.000257 8.572267 -0.000090  -0.222843 -0.296789 0.176503
31  -0.000095 8.117214 0.000048  0.072256 0.772520 -0.285589
32  -0.000084 8.230029 -0.000071  -0.080492 -0.347232 0.072254
33  0.000059 7.366724 0.000054  -0.015396 -0.663893 0.062742
34  0.224213 0.240125 -3.218157  -0.877385 1.468889 0.577822
35  -0.000101 7.721054 -0.000309  -0.283828 0.060497 -0.167555
36  -0.000031 7.374851 -0.000002  0.007536 -0.195021 0.049539
37  0.000076 6.848102 0.000006  0.005484 0.006496 -0.033649
38  -0.000052 7.777863 0.000008  -0.186096 0.182474 -0.152846
39  -1.514467 2.104648 -1.150167  -0.029091 0.541320 1.555677
40  -0.000169 6.982342 -0.000076  -0.199699 -0.041212 0.153489
41  0.000038 8.382862 -0.000072  0.044865 0.587986 -0.257962
42  0.000014 8.697696 -0.000027  -0.102637 -0.474318 0.290945
43  0.000056 8.921806 -0.000003  -0.076258 0.581004 -0.195605
44  1.196192 2.899153 -2.353086  -0.449719 1.030105 1.287428
45  0.000106 5.476939 0.000006  0.285576 -0.099353 -0.038446
46  -0.000071 6.060430 -0.000092  -0.155024 -0.575031 0.384611
47  0.000019 5.994261 0.000029  0.033942 0.288575 -0.067731
48  -0.000008 6.100482 0.000001  -0.068405 0.299273 -0.162152
49  0.000035 6.916765 0.000009  -0.096318 0.220533 -0.107966
50  0.000151 6.435060 -0.000043  -0.037459 0.171630 -0.116573
51  1.092798 3.649513 -1.738794  -0.148600 0.876612 1.445020
52  -0.000129 6.792207 -0.000103  0.008285 0.107792 -0.048643
53  -0.000088 7.744774 -0.000030  0.057137 -0.256893 0.015458
54  0.000084 9.115026 -0.000038  -0.020393 0.256253 -0.142636
55  3.494513 -1.749104 3.007064  0.118403 1.106974 1.813811
56  0.000014 4.323835 0.000087  -0.229910 -0.770942 0.449225
57  0.000027 4.872895 -0.000023  0.367245 -0.664051 -0.254035
58  0.000004 5.056652 0.000090  -0.511235 0.856587 -0.546322
59  2.292469 1.708614 3.661675  -1.762556 1.789111 -0.218970
60  -0.000172 6.589450 0.000273  -0.007133 -0.169122 0.176909
61  0.000178 7.491501 -0.000151  -0.132413 -0.107097 0.179327
62  -0.000142 8.249663 0.000144  0.041913 -0.058209 0.015814
63  0.000072 8.605234 -0.000025  0.101585 0.501824 -0.079697
64  -0.240488 2.066071 2.349267  -0.357330 2.461715 1.296081
65  -0.000090 7.721101 -0.000003  -0.208231 -0.126223 -0.116495
66  -0.000123 7.374866 -0.000046  -0.111017 0.046939 -0.046464
67  -0.000034 6.848057 -0.000028  0.273531 0.247523 0.299908
68  0.000037 7.777828 -0.000041  0.072921 0.186148 -0.052689
69  -0.000084 8.178051 0.000015  -0.087029 -0.422849 -0.381357
70  1.617605 3.431408 2.399265  -0.249455 2.569515 1.508572
71  -0.000162 5.476944 -0.000028  0.057729 0.074072 0.060286
72  -0.000091 6.060504 -0.000006  -0.015203 0.015650 -0.152065
73  0.000027 5.994254 0.000010  -0.126214 -0.157657 0.153302
74  -0.000080 7.076874 -0.000047  -0.008117 0.010384 0.036401
75  0.000004 7.089870 -0.000071  0.070875 0.098587 -0.025893
76  0.361108 0.886681 3.287746  -0.576373 1.978710 0.939011
77  -0.000067 6.686635 0.000223  -0.146569 0.414164 -0.327707
78  -0.000010 7.638025 0.000012  -0.079523 -0.025948 0.130956
79  -0.000032 7.290230 -0.000023  0.025325 -0.093908 0.023962
80  -0.000035 6.530367 0.000005  -0.261847 -0.300601 0.006735
81  0.000063 7.224879 0.000009  0.036506 0.032481 -0.175824
82  1.071895 3.225794 1.570115  -0.043807 2.859975 1.526247
83  0.000417 6.748900 -0.000067  -0.062702 0.083783 0.022201
84  -0.000048 8.002648 0.000026  -0.067496 -0.117208 -0.115600
85  0.000012 8.580572 -0.000097  0.088213 -0.007187 0.334605
86  0.000171 8.689829 -0.000041  0.065327 -0.412430 -0.134517
87  -1.514536 2.104637 0.318056  -0.024895 3.094491 1.569496
88  0.000190 6.982275 0.000011  -0.107589 -0.057625 -0.215716
89  -0.000009 8.382872 -0.000068  0.135032 -0.099914 0.287073
90  -0.000060 8.697673 0.000024  -0.148090 -0.510100 0.044839
91  -0.000135 8.921826 0.000080  -0.236827 -0.892635 0.098805
92  3.553617 -3.478046 2.409277  0.000820 0.762046 1.535309
93  0.000001 4.476903 -0.000008  -0.151004 -0.588330 0.377260
94  0.000030 4.514115 -0.000024  -0.228866 -2.996199 0.592367
95  0.000048 4.518389 -0.000024  0.143172 2.612777 0.693384
96  0.000022 3.598333 0.000024  -0.749303 0.869852 -0.773233
97  4.209927 -0.440344 1.018824  -1.532973 -2.051275 -0.210823
98  4.265508 1.434229 -0.404992  -1.608061 -0.194903 -0.943032
99  9.400237 0.017941 0.083202  -0.008185 -0.044277 -0.162715
100  10.242421 0.033591 0.064481  1.825099 -0.150695 0.095219
101  3.465855 -0.059678 0.016693  0.015173 -0.153587 -0.741386
102  1.655598 -0.000022 0.000021  0.037658 -0.123530 -0.603199
103  0.960769 -0.000004 -0.000005  0.022472 -0.062570 -0.580852
104  3.462032 -0.064247 0.939907  0.338653 -0.051411 -0.587316
105  1.497176 -0.000009 0.000022  -0.484972 -0.062472 -0.186803
106  0.793755 0.000004 -0.000003  -0.009351 0.025005 -0.492494
107  0.591659 -0.460693 0.835206  -0.904981 -0.365290 -0.566501
108  1.556141 0.000000 0.000002  -0.188408 0.088995 0.366135
109  1.135902 0.000017 0.000005  0.133872 0.037225 0.542743
110  3.084270 -0.668822 -1.257086  -0.690151 -0.141566 -0.759747
111  1.064197 -0.000006 0.000005  0.013073 0.067697 -0.411093
112  0.640338 0.000010 -0.000007  -0.000036 0.003958 -0.232428
113  3.396826 -0.242140 -0.708690  -0.344014 -0.172476 -0.825842
114  1.532964 0.000006 0.000006  0.012097 -0.005657 -0.568235
115  0.832976 -0.000003 -0.000003  0.005529 0.001649 -0.744827
116  4.209949 -0.440341 -1.019279  1.888602 2.044696 0.106324
117  4.266744 1.424942 0.424939  1.649511 0.074617 -0.975500
118  9.398559 0.011950 -0.082517  0.009230 0.042496 -0.127281
119  10.242441 0.028177 -0.062906  -1.539256 0.014109 0.165049
120  3.465744 -0.067524 0.002268  -0.005844 0.148821 -0.740701
121  1.655561 0.000007 0.000005  -0.037277 0.121241 -0.603277
122  0.960906 0.000006 -0.000001  -0.019410 0.060049 -0.581064
123  3.466850 -0.077778 -0.920910  -0.334503 0.045620 -0.587766
124  1.497258 -0.000032 -0.000023  -0.419774 0.061213 -0.186138
125  0.793788 -0.000009 -0.000000  -0.057464 0.165215 -0.422821
126  0.595076 -0.467149 -0.829176  2.133609 0.374723 -0.383691
127  1.555671 0.000017 -0.000003  0.303940 0.019784 0.376648
128  1.136804 -0.000009 -0.000001  -0.008389 0.161283 0.505392
129  3.075968 -0.667965 1.277700  0.695390 0.134611 -0.758462
130  1.064592 0.000020 0.000011  -0.025227 -0.074931 -0.409787
131  0.640360 -0.000014 -0.000004  0.000082 -0.005196 -0.232464
132  3.392409 -0.245368 0.728375  0.340923 0.163320 -0.826668
133  1.532737 -0.000008 -0.000001  -0.009945 0.007012 -0.568062
134  0.833151 0.000013 0.000005  -0.005742 -0.004029 -0.744748
135  3.590113 -3.090295 1.193972  1.635457 1.210566 1.548541
136  3.589561 -3.089880 -1.196373  -1.505736 1.210473 -1.592853
137  -0.436558 4.719026 -0.001076  -0.000565 -1.570733 1.692965
138  0.000000 2.775454 -0.000235  -0.135089 0.000001 -0.000000
139  0.000000 3.189768 0.000008  0.207820 -0.000000 0.000000
140  0.000000 3.504645 0.000047  -0.261876 0.000000 -0.000000
141  -0.000000 2.863199 -0.000002  -0.051268 0.000000 -0.000000
time 7
0  2.774285 -0.143992 41.359756  1.570796 0.000000 -0.000000
1  0.002636 43.025146 0.734438  0.124346 -0.130958 0.001649
2  3.061857 -4.181013 -0.610804  -1.922253 -0.351873 -1.445950
3  18.476776 0.000159 -0.000001  0.002333 -0.026217 0.350703
4  17.490086 0.000116 0.000004  0.133751 0.172790 -1.110674
5  -3.065330 -4.183576 -0.611480  -1.358518 -0.099650 -1.600991
6  18.474859 -0.000034 -0.000008  -0.001172 0.018336 0.253627
7  17.489588 0.001915 -0.000007  -0.190688 -0.200350 -1.256598
8  -0.000117 -0.048881 -0.576226  1.588999 0.176239 1.579309
9  3.224483 0.767047 0.000496  0.019315 0.000205 0.008519
10  3.223906 0.226399 -0.001944  0.012770 -0.003139 0.228488
11  5.187322 -1.262560 -0.001177  0.000012 0.000066 0.194111
12  6.928412 -1.935314 -0.000227  -3.137259 -0.023618 0.272324
13  3.236364 1.079611 0.000057  0.036895 0.008872 0.446874
14  0.833762 3.805352 0.692955  -0.040492 0.554885 1.469871
15  0.000039 6.792203 0.000039  0.007991 0.036070 -0.011407
16  -0.000065 7.744815 0.000017  -0.017442 -0.155305 0.068151
17  0.000074 7.809707 0.000017  -0.033636 0.005025 0.006142
18  -0.000024 7.867671 0.000017  -0.073330 -0.127909 0.026376
19  3.494707 -1.749092 -3.006912  0.152544 2.070419 1.936944
20  0.000119 4.478323 0.000018  -0.194660 0.310432 -0.234994
21  0.000048 4.636120 -0.000030  0.035824 0.324593 -0.151767
22  -0.000043 5.008650 0.000013  0.075997 -0.286565 0.276092
23  0.000064 4.781169 0.000009  0.904396 -2.690903 -0.015799
24  2.253042 1.989059 -3.350106  -1.523633 1.324497 0.112398
25  0.000162 6.589462 0.000170  0.206353 -0.002129 -0.080394
26  0.000041 7.491414 0.000040  -0.333511 0.184455 -0.191167
27  0.000025 7.660309 -0.000056  -0.063176 0.127195 -0.062118
28  0.000004 7.256269 0.000018  -0.052938 -0.487829 0.313813
29  -0.791159 2.265119 -1.234655  -0.753900 1.136377 0.824671
30  -0.000257 8.572269 -0.000092  -0.222843 -0.296789 0.176503
31  -0.000094 8.117219 0.000048  0.072256 0.772520 -0.285589
32  -0.000080 8.230036 -0.000070  -0.080492 -0.347232 0.072254
33  0.000057 7.366724 0.000054  -0.015395 -0.663893 0.062742
34  0.224218 0.240128 -3.218158  -0.877385 1.468889 0.577822
35  -0.000102 7.721060 -0.000312  -0.283828 0.060497 -0.167555
36  -0.000032 7.374854 -0.000002  0.007536 -0.195021 0.049539
37  0.000076 6.848097 0.000006  0.005484 0.006496 -0.033649
38  -0.000051 7.777867 0.000008  -0.186096 0.182474 -0.152846
39  -1.514465 2.104650 -1.150167  -0.029091 0.541320 1.555677
40  -0.000167 6.982345 -0.000076  -0.199699 -0.041212 0.153489
41  0.000039 8.382865 -0.000072  0.044865 0.587986 -0.257962
42  0.000013 8.697701 -0.000025  -0.102637 -0.474318 0.290945
43  0.000056 8.921800 -0.000002  -0.076258 0.581004 -0.195605
44  1.196203 2.899157 -2.353086  -0.449719 1.030105 1.287428
45  0.000105 5.476943 0.000007  0.285576 -0.099353 -0.038446
46  -0.000073 6.060435 -0.000091  -0.155023 -0.575031 0.384611
47  0.000018 5.994263 0.000029  0.033942 0.288575 -0.067731
48  -0.000008 6.100490 0.000001  -0.068405 0.299273 -0.162152
49  0.000035 6.916752 0.000009  -0.096318 0.220533 -0.107966
50  0.000150 6.435058 -0.000045  -0.037459 0.171630 -0.116573
51  1.092803 3.649514 -1.738794  -0.148600 0.876612 1.445020
52  -0.000128 6.792206 -0.000103  0.008284 0.107792 -0.048643
53  -0.000090 7.744777 -0.000032  0.057137 -0.256893 0.015458
54  0.000084 9.115021 -0.000036  -0.020393 0.256253 -0.142636
55  3.494520 -1.749101 3.007064  0.118403 1.106974 1.813811
56  0.000015 4.323839 0.000087  -0.229910 -0.770942 0.449225
57  0.000028 4.872893 -0.000021  0.367245 -0.664052 -0.254035
58  0.000003 5.056643 0.000093  -0.511235 0.856587 -0.546321
59  2.292472 1.708616 3.661675  -1.762556 1.789111 -0.218970
60  -0.000173 6.589442 0.000274  -0.007133 -0.169122 0.176909
61  0.000170 7.491490 -0.000146  -0.132413 -0.107097 0.179327
62  -0.000138 8.249659 0.000144  0.041913 -0.058209 0.015814
63  0.000070 8.605232 -0.000028  0.101585 0.501824 -0.079697
64  -0.240484 2.066073 2.349267  -0.357330 2.461715 1.296081
65  -0.000087 7.721098 -0.000005  -0.208231 -0.126223 -0.116495
66  -0.000124 7.374861 -0.000049  -0.111017 0.046939 -0.046464
67  -0.000034 6.848064 -0.000027  0.273531 0.247523 0.299908
68  0.000035 7.777824 -0.000046  0.072921 0.186148 -0.052689
69  -0.000086 8.178054 0.000010  -0.087029 -0.422849 -0.381357
70  1.617604 3.431411 2.399265  -0.249455 2.569515 1.508572
71  -0.000162 5.476949 -0.000030  0.057729 0.074072 0.060286
72  -0.000091 6.060497 -0.000006  -0.015203 0.015650 -0.152065
73  0.000026 5.994250 0.000011  -0.126214 -0.157657 0.153302
74  -0.000079 7.076871 -0.000047  -0.008117 0.010384 0.036401
75  0.000003 7.089865 -0.000070  0.070875 0.098587 -0.025893
76  0.361117 0.886684 3.287746  -0.576373 1.978710 0.939011
77  -0.000068 6.686639 0.000223  -0.146569 0.414164 -0.327707
78  -0.000011 7.638025 0.000012  -0.079523 -0.025948 0.130956
79  -0.000032 7.290232 -0.000023  0.025325 -0.093908 0.023962
80  -0.000034 6.530366 0.000005  -0.261847 -0.300601 0.006735
81  0.000062 7.224876 0.000009  0.036506 0.032481 -0.175823
82  1.071902 3.225797 1.570115  -0.043807 2.859975 1.526247
83  0.000415 6.748903 -0.000066  -0.062702 0.083783 0.022201
84  -0.000047 8.002644 0.000027  -0.067496 -0.117208 -0.115600
85  0.000013 8.580568 -0.000097  0.088213 -0.007187 0.334605
86  0.000169 8.689827 -0.000041  0.065327 -0.412430 -0.134517
87  -1.514532 2.104640 0.318055  -0.024895 3.094491 1.569496
88  0.000192 6.982279 0.000011  -0.107589 -0.057625 -0.215716
89  -0.000009 8.382872 -0.000068  0.135032 -0.099914 0.287073
90  -0.000062 8.697671 0.000023  -0.148090 -0.510100 0.044839
91  -0.000135 8.921821 0.000079  -0.236827 -0.892636 0.098805
92  3.553620 -3.478044 2.409277  0.000820 0.762046 1.535309
93  -0.000001 4.476905 -0.000008  -0.151004 -0.588330 0.377260
94  0.000031 4.514119 -0.000023  -0.228866 -2.996199 0.592367
95  0.000042 4.518383 -0.000020  0.143172 2.612777 0.693384
96  0.000022 3.598325 0.000023  -0.749302 0.869852 -0.773233
97  4.209927 -0.440347 1.018824  -1.538410 -2.049271 -0.206035
98  4.265507 1.434235 -0.404991  -1.610410 -0.188325 -0.944677
99  9.400234 0.017941 0.083204  -0.007829 -0.044671 -0.169738
100  10.242421 0.033591 0.064481  1.821725 -0.149510 0.089536
101  3.465857 -0.059678 0.016694  0.015174 -0.153587 -0.741386
102  1.655592 -0.000023 0.000022  0.037658 -0.123530 -0.603200
103  0.960768 -0.000004 -0.000004  0.022472 -0.062570 -0.580852
104  3.462026 -0.064244 0.939909  0.338653 -0.051411 -0.587316
105  1.497174 -0.000008 0.000022  -0.484972 -0.062472 -0.186803
106  0.793756 0.000001 -0.000002  -0.009351 0.025005 -0.492494
107  0.591664 -0.460691 0.835207  -0.904981 -0.365290 -0.566501
108  1.556135 0.000003 -0.000000  -0.188408 0.088995 0.366135
109  1.135902 0.000018 0.000003  0.133872 0.037225 0.542743
110  3.084272 -0.668821 -1.257084  -0.690151 -0.141566 -0.759747
111  1.064203 -0.000004 0.000006  0.013073 0.067697 -0.411092
112  0.640342 0.000006 -0.000007  -0.000036 0.003958 -0.232428
113  3.396823 -0.242138 -0.708689  -0.344014 -0.172476 -0.825842
114  1.532973 0.000007 0.000006  0.012097 -0.005657 -0.568235
115  0.832975 -0.000004 -0.000003  0.005529 0.001649 -0.744827
116  4.209942 -0.440342 -1.019279  1.894592 2.047008 0.111504
117  4.266747 1.424944 0.424938  1.650955 0.071971 -0.966644
118  9.398572 0.011949 -0.082516  0.009220 0.042512 -0.127543
119  10.242437 0.028176 -0.062907  -1.533299 0.012536 0.165073
120  3.465742 -0.067524 0.002269  -0.005844 0.148821 -0.740701
121  1.655556 0.000006 0.000005  -0.037277 0.121241 -0.603277
122  0.960906 0.000003 0.000000  -0.019410 0.060049 -0.581065
123  3.466854 -0.077781 -0.920909  -0.334503 0.045620 -0.587766
124  1.497267 -0.000033 -0.000022  -0.419774 0.061213 -0.186138
125  0.793788 -0.000006 -0.000000  -0.057464 0.165214 -0.422821
126  0.595077 -0.467151 -0.829175  2.133609 0.374723 -0.383690
127  1.555669 0.000016 -0.000004  0.303940 0.019784 0.376648
128  1.136815 -0.000010 -0.000002  -0.008389 0.161283 0.505392
129  3.075973 -0.667967 1.277701  0.695390 0.134611 -0.758462
130  1.064595 0.000020 0.000012  -0.025227 -0.074931 -0.409787
131  0.640360 -0.000014 -0.000004  0.000082 -0.005196 -0.232464
132  3.392412 -0.245369 0.728377  0.340922 0.163320 -0.826668
133  1.532732 -0.000011 -0.000002  -0.009945 0.007012 -0.568062
134  0.833151 0.000009 0.000006  -0.005742 -0.004029 -0.744748
135  3.590110 -3.090295 1.193972  1.635457 1.210566 1.548541
136  3.589557 -3.089880 -1.196372  -1.505736 1.210473 -1.592853
137  -0.436559 4.719026 -0.001076  -0.000635 -1.570733 1.692920
138  -0.000000 2.775458 -0.000239  -0.135089 0.000001 -0.000000
139  0.000000 3.189768 0.000008  0.207820 -0.000000 0.000000
140  -0.000000 3.504644 0.000046  -0.261876 0.000000 -0.000000
141  0.000000 2.863201 -0.000002  -0.051268 -0.000000 -0.000000
time 8
0  3.280153 -0.758569 41.314182  1.570796 0.000000 -0.000000
1  0.002636 43.025146 0.734438  0.121984 -0.122575 0.006402
2  3.061858 -4.181012 -0.610803  -1.926485 -0.348349 -1.463882
3  18.476776 0.000159 -0.000001  0.002531 -0.028486 0.378478
4  17.490086 0.000117 0.000004  0.149611 0.178843 -1.140826
5  -3.065329 -4.183573 -0.611479  -1.368165 -0.085548 -1.620080
6  18.474857 -0.000034 -0.000008  -0.001247 0.018710 0.258284
7  17.489582 0.001916 -0.000006  -0.166001 -0.192947 -1.266211
8  -0.000117 -0.048878 -0.576226  1.589525 0.177814 1.579677
9  3.224490 0.767047 0.000496  0.019282 -0.000724 0.006337
10  3.223906 0.226399 -0.001944  0.012595 -0.003754 0.227008
11  5.187315 -1.262560 -0.001177  0.000012 0.000066 0.194111
12  6.928406 -1.935314 -0.000227  -3.139205 -0.022913 0.275093
13  3.236369 1.079614 0.000057  0.033144 0.009297 0.441734
14  0.833759 3.805351 0.692955  -0.040492 0.554885 1.469871
15  0.000040 6.792204 0.000039  0.007991 0.036070 -0.011407
16  -0.000066 7.744814 0.000016  -0.017442 -0.155305 0.068151
17  0.000074 7.809702 0.000018  -0.033636 0.005025 0.006142
18  -0.000025 7.867675 0.000018  -0.073330 -0.127909 0.026376
19  3.494691 -1.749096 -3.006912  0.152543 2.070419 1.936944
20  0.000120 4.478323 0.000018  -0.194660 0.310432 -0.234994
21  0.000048 4.636113 -0.000030  0.035824 0.324593 -0.151767
22  -0.000044 5.008656 0.000012  0.075997 -0.286565 0.276092
23  0.000066 4.781170 0.000010  0.904395 -2.690903 -0.015799
24  2.253034 1.989056 -3.350106  -1.523633 1.324497 0.112398
25  0.000160 6.589472 0.000170  0.206353 -0.002129 -0.080394
26  0.000045 7.491409 0.000041  -0.333511 0.184455 -0.191167
27  0.000024 7.660306 -0.000057  -0.063176 0.127195 -0.062118
28  0.000006 7.256274 0.000019  -0.052938 -0.487829 0.313813
29  -0.791163 2.265117 -1.234655  -0.753900 1.136377 0.824671
30  -0.000258 8.572259 -0.000092  -0.222843 -0.296789 0.176503
31  -0.000094 8.117215 0.000047  0.072256 0.772520 -0.285589
32  -0.000085 8.230032 -0.000070  -0.080492 -0.347232 0.072254
33  0.000059 7.366724 0.000055  -0.015396 -0.663893 0.062742
34  0.224212 0.240126 -3.218158  -0.877385 1.468889 0.577822
35  -0.000101 7.721060 -0.000312  -0.283828 0.060497 -0.167555
36  -0.000031 7.374856 -0.000002  0.007536 -0.195021 0.049539
37  0.000077 6.848102 0.000007  0.005484 0.006496 -0.033649
38  -0.000052 7.777869 0.000009  -0.186096 0.182474 -0.152846
39  -1.514467 2.104648 -1.150167  -0.029091 0.541320 1.555677
40  -0.000168 6.982350 -0.000076  -0.199699 -0.041212 0.153489
41  0.000039 8.382867 -0.000072  0.044865 0.587986 -0.257962
42  0.000012 8.697705 -0.000026  -0.102637 -0.474318 0.290945
43  0.000057 8.921803 -0.000003  -0.076258 0.581004 -0.195605
44  1.196196 2.899154 -2.353085  -0.449719 1.030105 1.287428
45  0.000104 5.476946 0.000006  0.285576 -0.099353 -0.038446
46  -0.000071 6.060431 -0.000090  -0.155024 -0.575031 0.384611
47  0.000019 5.994259 0.000029  0.033942 0.288575 -0.067731
48  -0.000008 6.100492 0.000001  -0.068405 0.299273 -0.162152
49  0.000037 6.916757 0.000009  -0.096318 0.220533 -0.107966
50  0.000149 6.435059 -0.000044  -0.037459 0.171630 -0.116573
51  1.092797 3.649512 -1.738794  -0.148600 0.876612 1.445020
52  -0.000127 6.792203 -0.000103  0.008284 0.107792 -0.048643
53  -0.000090 7.744778 -0.000032  0.057137 -0.256893 0.015458
54  0.000084 9.115022 -0.000037  -0.020393 0.256253 -0.142636
55  3.494522 -1.749103 3.007064  0.118403 1.106974 1.813811
56  0.000015 4.323828 0.000087  -0.229910 -0.770942 0.449225
57  0.000028 4.872889 -0.000020  0.367245 -0.664051 -0.254035
58  0.000003 5.056646 0.000093  -0.511235 0.856587 -0.546322
59  2.292458 1.708613 3.661675  -1.762556 1.789111 -0.218970
60  -0.000171 6.589447 0.000274  -0.007133 -0.169122 0.176909
61  0.000171 7.491493 -0.000152  -0.132413 -0.107097 0.179327
62  -0.000141 8.249658 0.000143  0.041913 -0.058209 0.015814
63  0.000071 8.605235 -0.000026  0.101585 0.501824 -0.079697
64  -0.240489 2.066070 2.349267  -0.357330 2.461715 1.296081
65  -0.000084 7.721102 -0.000005  -0.208231 -0.126223 -0.116495
66  -0.000124 7.374854 -0.000047  -0.111017 0.046939 -0.046464
67  -0.000035 6.848061 -0.000028  0.273531 0.247523 0.299908
68  0.000035 7.777822 -0.000042  0.072921 0.186148 -0.052689
69  -0.000083 8.178056 0.000011  -0.087029 -0.422849 -0.381357
70  1.617605 3.431408 2.399265  -0.249455 2.569515 1.508572
71  -0.000163 5.476939 -0.000028  0.057729 0.074072 0.060286
72  -0.000093 6.060493 -0.000005  -0.015203 0.015650 -0.152065
73  0.000025 5.994250 0.000011  -0.126214 -0.157657 0.153302
74  -0.000078 7.076878 -0.000048  -0.008117 0.010384 0.036401
75  0.000004 7.089867 -0.000072  0.070875 0.098587 -0.025893
76  0.361111 0.886680 3.287745  -0.576373 1.978710 0.939011
77  -0.000071 6.686649 0.000223  -0.146569 0.414164 -0.327707
78  -0.000010 7.638018 0.000012  -0.079523 -0.025948 0.130956
79  -0.000031 7.290231 -0.000022  0.025325 -0.093908 0.023962
80  -0.000037 6.530364 0.000006  -0.261847 -0.300601 0.006735
81  0.000064 7.224874 0.000009  0.036506 0.032481 -0.175823
82  1.071897 3.225795 1.570115  -0.043807 2.859975 1.526247
83  0.000415 6.748899 -0.000066  -0.062702 0.083783 0.022201
84  -0.000048 8.002641 0.000026  -0.067496 -0.117208 -0.115600
85  0.000011 8.580573 -0.000097  0.088213 -0.007187 0.334605
86  0.000170 8.689834 -0.000041  0.065327 -0.412430 -0.134517
87  -1.514535 2.104638 0.318055  -0.024895 3.094491 1.569496
88  0.000192 6.982283 0.000012  -0.107589 -0.057625 -0.215716
89  -0.000009 8.382871 -0.000068  0.135032 -0.099914 0.287073
90  -0.000062 8.697667 0.000024  -0.148090 -0.510100 0.044839
91  -0.000134 8.921826 0.000080  -0.236827 -0.892635 0.098805
92  3.553610 -3.478047 2.409277  0.000820 0.762046 1.535309
93  0.000001 4.476901 -0.000006  -0.151004 -0.588330 0.377260
94  0.000030 4.514121 -0.000023  -0.228866 -2.996199 0.592367
95  0.000042 4.518383 -0.000022  0.143172 2.612777 0.693384
96  0.000022 3.598325 0.000022  -0.749303 0.869852 -0.773233
97  4.209922 -0.440349 1.018824  -1.543349 -2.047467 -0.201676
98  4.265504 1.434232 -0.404991  -1.611501 -0.181925 -0.945844
99  9.400233 0.017941 0.083203  -0.007388 -0.045150 -0.178331
100  10.242425 0.033592 0.064479  1.816928 -0.148840 0.083438
101  3.465854 -0.059679 0.016693  0.015174 -0.153587 -0.741386
102  1.655591 -0.000021 0.000021  0.037658 -0.123530 -0.603200
103  0.960769 -0.000003 -0.000006  0.022472 -0.062570 -0.580852
104  3.462023 -0.064246 0.939908  0.338652 -0.051411 -0.587316
105  1.497177 -0.000009 0.000021  -0.484972 -0.062472 -0.186803
106  0.793758 0.000001 -0.000002  -0.009351 0.025005 -0.492494
107  0.591659 -0.460693 0.835206  -0.904981 -0.365290 -0.566501
108  1.556141 0.000002 0.000001  -0.188408 0.088995 0.366135
109  1.135900 0.000018 0.000004  0.133872 0.037225 0.542743
110  3.084265 -0.668821 -1.257085  -0.690151 -0.141566 -0.759747
111  1.064200 -0.000003 0.000004  0.013073 0.067697 -0.411093
112  0.640338 0.000004 -0.000008  -0.000036 0.003958 -0.232428
113  3.396820 -0.242139 -0.708690  -0.344014 -0.172476 -0.825842
114  1.532964 0.000006 0.000006  0.012097 -0.005657 -0.568235
115  0.832978 -0.000007 -0.000003  0.005529 0.001649 -0.744827
116  4.209944 -0.440344 -1.019279  1.900140 2.049342 0.116273
117  4.266743 1.424946 0.424939  1.658000 0.071171 -0.958517
118  9.398562 0.011949 -0.082517  0.009090 0.042668 -0.130135
119  10.242439 0.028176 -0.062908  -1.533005 0.012889 0.164882
120  3.465754 -0.067528 0.002267  -0.005844 0.148821 -0.740701
121  1.655561 0.000006 0.000006  -0.037277 0.121241 -0.603277
122  0.960908 0.000007 0.000000  -0.019410 0.060049 -0.581064
123  3.466861 -0.077781 -0.920910  -0.334503 0.045620 -0.587765
124  1.497260 -0.000033 -0.000022  -0.419774 0.061213 -0.186138
125  0.793786 -0.000009 -0.000000  -0.057464 0.165214 -0.422821
126  0.595083 -0.467151 -0.829177  2.133609 0.374723 -0.383690
127  1.555676 0.000015 -0.000003  0.303940 0.019784 0.376648
128  1.136810 -0.000009 -0.000001  -0.008389 0.161283 0.505392
129  3.075979 -0.667968 1.277700  0.695390 0.134611 -0.758462
130  1.064589 0.000018 0.000010  -0.025227 -0.074931 -0.409787
131  0.640357 -0.000018 -0.000002  0.000082 -0.005196 -0.232464
132  3.392418 -0.245369 0.728376  0.340923 0.163320 -0.826668
133  1.532736 -0.000007 -0.000001  -0.009945 0.007012 -0.568062
134  0.833154 0.000006 0.000005  -0.005742 -0.004029 -0.744748
135  3.590100 -3.090295 1.193972  1.635457 1.210566 1.548541
136  3.589553 -3.089880 -1.196372  -1.505736 1.210473 -1.592853
137  -0.436567 4.719026 -0.001076  -0.000635 -1.570733 1.692941
138  0.000000 2.775453 -0.000233  -0.135089 0.000001 -0.000000
139  -0.000000 3.189769 0.000007  0.207820 -0.000000 0.000000
140  -0.000000 3.504653 0.000044  -0.261876 0.000000 -0.000000
141  -0.000000 2.863198 -0.000002  -0.051268 0.000000 -0.000000
time 9
0  3.728561 -1.276783 41.278713  1.570796 0.000000 -0.000000
1  0.002636 43.025146 0.734438  0.118585 -0.114145 0.008781
2  3.061858 -4.181016 -0.610803  -1.927859 -0.341615 -1.478843
3  18.476776 0.000159 -0.000000  0.002629 -0.030011 0.397122
4  17.490086 0.000117 0.000004  0.163191 0.183221 -1.163535
5  -3.065330 -4.183571 -0.611480  -1.380991 -0.106136 -1.638966
6  18.474857 -0.000034 -0.000008  -0.002313 0.025598 0.343322
7  17.489584 0.001916 -0.000007  -0.130855 -0.173604 -1.313534
8  -0.000117 -0.048883 -0.576226  1.589777 0.177996 1.580556
9  3.224477 0.767047 0.000496  0.019276 -0.000742 0.006079
10  3.223912 0.226399 -0.001944  0.012589 -0.003765 0.226832
11  5.187322 -1.262560 -0.001177  0.000012 0.000066 0.194111
12  6.928409 -1.935313 -0.000227  -3.141063 -0.022593 0.276489
13  3.236363 1.079617 0.000057  0.030019 0.010222 0.439204
14  0.833772 3.805354 0.692955  -0.040492 0.554885 1.469871
15  0.000042 6.792203 0.000039  0.007991 0.036070 -0.011407
16  -0.000065 7.744810 0.000017  -0.017442 -0.155305 0.068151
17  0.000073 7.809707 0.000018  -0.033636 0.005025 0.006142
18  -0.000025 7.867671 0.000017  -0.073330 -0.127909 0.026376
19  3.494708 -1.749093 -3.006912  0.152543 2.070420 1.936944
20  0.000119 4.478324 0.000018  -0.194660 0.310432 -0.234994
21  0.000049 4.636112 -0.000028  0.035824 0.324593 -0.151767
22  -0.000041 5.008652 0.000012  0.075997 -0.286565 0.276092
23  0.000064 4.781165 0.000009  0.904396 -2.690903 -0.015799
24  2.253047 1.989058 -3.350106  -1.523633 1.324497 0.112398
25  0.000162 6.589465 0.000170  0.206353 -0.002129 -0.080394
26  0.000042 7.491413 0.000040  -0.333511 0.184455 -0.191167
27  0.000024 7.660309 -0.000056  -0.063176 0.127195 -0.062118
28  0.000009 7.256272 0.000019  -0.052938 -0.487829 0.313813
29  -0.791155 2.265119 -1.234655  -0.753900 1.136377 0.824671
30  -0.000259 8.572264 -0.000091  -0.222843 -0.296789 0.176503
31  -0.000094 8.117211 0.000048  0.072256 0.772520 -0.285589
32  -0.000080 8.230029 -0.000070  -0.080492 -0.347232 0.072254
33  0.000060 7.366723 0.000054  -0.015395 -0.663893 0.062742
34  0.224225 0.240128 -3.218157  -0.877385 1.468889 0.577822
35  -0.000102 7.721049 -0.000309  -0.283828 0.060497 -0.167555
36  -0.000030 7.374850 -0.000001  0.007536 -0.195021 0.049539
37  0.000076 6.848108 0.000006  0.005484 0.006496 -0.033649
38  -0.000051 7.777861 0.000008  -0.186096 0.182474 -0.152846
39  -1.514458 2.104650 -1.150167  -0.029091 0.541320 1.555677
40  -0.000167 6.982348 -0.000076  -0.199699 -0.041212 0.153489
41  0.000038 8.382861 -0.000072  0.044865 0.587986 -0.257962
42  0.000014 8.697704 -0.000026  -0.102637 -0.474318 0.290945
43  0.000057 8.921803 -0.000004  -0.076258 0.581004 -0.195605
44  1.196197 2.899156 -2.353086  -0.449719 1.030105 1.287428
45  0.000106 5.476943 0.000007  0.285576 -0.099353 -0.038446
46  -0.000071 6.060438 -0.000088  -0.155024 -0.575031 0.384611
47  0.000019 5.994257 0.000029  0.033942 0.288575 -0.067731
48  -0.000007 6.100486 0.000000  -0.068405 0.299273 -0.162152
49  0.000036 6.916759 0.000008  -0.096318 0.220533 -0.107966
50  0.000149 6.435056 -0.000045  -0.037459 0.171630 -0.116573
51  1.092802 3.649513 -1.738794  -0.148600 0.876612 1.445020
52  -0.000128 6.792195 -0.000101  0.008284 0.107792 -0.048643
53  -0.000089 7.744774 -0.000030  0.057137 -0.256892 0.015458
54  0.000085 9.115020 -0.000037  -0.020393 0.256253 -0.142636
55  3.494522 -1.749103 3.007064  0.118403 1.106974 1.813811
56  0.000014 4.323835 0.000087  -0.229910 -0.770942 0.449224
57  0.000027 4.872897 -0.000021  0.367245 -0.664051 -0.254035
58  0.000003 5.056655 0.000094  -0.511235 0.856587 -0.546321
59  2.292479 1.708616 3.661675  -1.762556 1.789111 -0.218970
60  -0.000172 6.589441 0.000274  -0.007133 -0.169123 0.176909
61  0.000175 7.491499 -0.000152  -0.132413 -0.107097 0.179327
62  -0.000137 8.249660 0.000144  0.041913 -0.058209 0.015814
63  0.000072 8.605228 -0.000025  0.101585 0.501824 -0.079697
64  -0.240477 2.066072 2.349267  -0.357330 2.461715 1.296081
65  -0.000089 7.721107 -0.000003  -0.208231 -0.126223 -0.116495
66  -0.000125 7.374866 -0.000047  -0.111017 0.046939 -0.046464
67  -0.000034 6.848064 -0.000027  0.273531 0.247523 0.299908
68  0.000036 7.777817 -0.000044  0.072921 0.186148 -0.052689
69  -0.000085 8.178055 0.000009  -0.087029 -0.422849 -0.381357
70  1.617609 3.431411 2.399266  -0.249455 2.569515 1.508572
71  -0.000162 5.476953 -0.000030  0.057729 0.074072 0.060286
72  -0.000091 6.060501 -0.000006  -0.015203 0.015650 -0.152065
73  0.000025 5.994248 0.000011  -0.126214 -0.157657 0.153302
74  -0.000077 7.076875 -0.000044  -0.008117 0.010384 0.036401
75  0.000006 7.089869 -0.000068  0.070875 0.098587 -0.025893
76  0.361114 0.886682 3.287746  -0.576373 1.978710 0.939011
77  -0.000065 6.686637 0.000221  -0.146569 0.414164 -0.327707
78  -0.000011 7.638022 0.000013  -0.079523 -0.025948 0.130956
79  -0.000033 7.290230 -0.000022  0.025325 -0.093908 0.023962
80  -0.000033 6.530372 0.000004  -0.261847 -0.300601 0.006735
81  0.000063 7.224874 0.000009  0.036506 0.032481 -0.175823
82  1.071900 3.225797 1.570115  -0.043807 2.859975 1.526247
83  0.000414 6.748909 -0.000066  -0.062702 0.083783 0.022201
84  -0.000047 8.002642 0.000027  -0.067496 -0.117208 -0.115600
85  0.000011 8.580569 -0.000097  0.088213 -0.007187 0.334605
86  0.000170 8.689828 -0.000041  0.065327 -0.412430 -0.134517
87  -1.514527 2.104640 0.318056  -0.024895 3.094491 1.569496
88  0.000192 6.982286 0.000012  -0.107589 -0.057625 -0.215716
89  -0.000009 8.382874 -0.000067  0.135032 -0.099914 0.287073
90  -0.000062 8.697669 0.000023  -0.148090 -0.510100 0.044839
91  -0.000137 8.921822 0.000079  -0.236827 -0.892635 0.098805
92  3.553627 -3.478044 2.409277  0.000820 0.762046 1.535309
93  0.000000 4.476894 -0.000009  -0.151004 -0.588330 0.377260
94  0.000031 4.514119 -0.000024  -0.228866 -2.996199 0.592367
95  0.000047 4.518386 -0.000021  0.143172 2.612777 0.693384
96  0.000023 3.598325 0.000023  -0.749302 0.869852 -0.773233
97  4.209922 -0.440346 1.018824  -1.547286 -2.046322 -0.198191
98  4.265506 1.434230 -0.404993  -1.610880 -0.177077 -0.947140
99  9.400226 0.017941 0.083203  -0.006914 -0.045656 -0.187479
100  10.242418 0.033591 0.064482  1.811720 -0.148240 0.078381
101  3.465853 -0.059680 0.016693  0.015174 -0.153587 -0.741386
102  1.655594 -0.000022 0.000023  0.037658 -0.123530 -0.603199
103  0.960770 -0.000004 -0.000006  0.022472 -0.062570 -0.580853
104  3.462028 -0.064248 0.939908  0.338654 -0.051411 -0.587316
105  1.497179 -0.000009 0.000022  -0.484972 -0.062472 -0.186803
106  0.793757 0.000004 -0.000002  -0.009351 0.025005 -0.492494
107  0.591662 -0.460694 0.835207  -0.904981 -0.365290 -0.566501
108  1.556136 0.000001 0.000001  -0.188408 0.088995 0.366135
109  1.135901 0.000018 0.000004  0.133872 0.037225 0.542743
110  3.084268 -0.668824 -1.257085  -0.690151 -0.141566 -0.759747
111  1.064204 -0.000002 0.000005  0.013073 0.067697 -0.411092
112  0.640333 0.000003 -0.000009  -0.000036 0.003958 -0.232428
113  3.396821 -0.242140 -0.708689  -0.344014 -0.172476 -0.825842
114  1.532967 0.000006 0.000006  0.012097 -0.005657 -0.568235
115  0.832977 -0.000002 -0.000003  0.005529 0.001649 -0.744827
116  4.209945 -0.440341 -1.019279  1.905518 2.050426 0.121050
117  4.266744 1.424942 0.424938  1.668314 0.072842 -0.954317
118  9.398566 0.011950 -0.082516  0.008896 0.042907 -0.134107
119  10.242444 0.028177 -0.062906  -1.538014 0.014858 0.164086
120  3.465756 -0.067528 0.002267  -0.005845 0.148821 -0.740701
121  1.655563 0.000004 0.000006  -0.037276 0.121241 -0.603277
122  0.960909 0.000002 -0.000000  -0.019410 0.060049 -0.581065
123  3.466859 -0.077781 -0.920910  -0.334503 0.045620 -0.587766
124  1.497257 -0.000033 -0.000023  -0.419774 0.061213 -0.186138
125  0.793790 -0.000009 0.000000  -0.057464 0.165214 -0.422821
126  0.595080 -0.467150 -0.829176  2.133609 0.374723 -0.383690
127  1.555666 0.000015 -0.000003  0.303940 0.019784 0.376648
128  1.136811 -0.000009 -0.000002  -0.008389 0.161283 0.505392
129  3.075978 -0.667966 1.277700  0.695390 0.134611 -0.758462
130  1.064595 0.000019 0.000009  -0.025227 -0.074931 -0.409787
131  0.640360 -0.000018 -0.000004  0.000081 -0.005196 -0.232464
132  3.392417 -0.245369 0.728375  0.340922 0.163320 -0.826668
133  1.532736 -0.000009 -0.000002  -0.009945 0.007012 -0.568062
134  0.833151 0.000011 0.000006  -0.005742 -0.004029 -0.744748
135  3.590109 -3.090295 1.193972  1.635457 1.210566 1.548541
136  3.589558 -3.089880 -1.196373  -1.505736 1.210473 -1.592853
137  -0.436559 4.719027 -0.001076  -0.000576 -1.570733 1.692995
138  0.000000 2.775458 -0.000235  -0.135089 0.000001 -0.000000
139  0.000000 3.189770 0.000007  0.207820 -0.000000 0.000000
140  0.000000 3.504653 0.000044  -0.261876 0.000000 -0.000000
141  0.000000 2.863195 -0.000002  -0.051268 0.000000 -0.000000
time 10
0  4.101668 -1.649495 41.260487  1.570796 0.000000 -0.000000
1  0.002636 43.025146 0.734438  0.114798 -0.108309 0.008274
2  3.061857 -4.181012 -0.610804  -1.926053 -0.334241 -1.489494
3  18.476776 0.000159 -0.000001  0.002673 -0.030906 0.408058
4  17.490086 0.000117 0.000004  0.172388 0.183171 -1.178864
5  -3.065330 -4.183575 -0.611480  -1.394474 -0.119807 -1.651482
6  18.474859 -0.000034 -0.000007  -0.002729 0.030882 0.407977
7  17.489586 0.001915 -0.000006  -0.098889 -0.155766 -1.335603
8  -0.000117 -0.048885 -0.576226  1.589984 0.176506 1.582224
9  3.224483 0.767047 0.000495  0.019636 0.000603 0.008135
10  3.223909 0.226399 -0.001944  0.013047 -0.002930 0.228225
11  5.187324 -1.262559 -0.001177  0.000012 0.000066 0.194111
12  6.928410 -1.935309 -0.000227  3.140753 -0.023335 0.275522
13  3.236364 1.079610 0.000057  0.028418 0.012286 0.441212
14  0.833759 3.805351 0.692955  -0.040492 0.554885 1.469871
15  0.000042 6.792202 0.000039  0.007991 0.036070 -0.011407
16  -0.000065 7.744817 0.000016  -0.017442 -0.155305 0.068151
17  0.000073 7.809704 0.000018  -0.033636 0.005025 0.006142
18  -0.000027 7.867674 0.000017  -0.073330 -0.127910 0.026376
19  3.494697 -1.749094 -3.006912  0.152544 2.070419 1.936944
20  0.000119 4.478324 0.000018  -0.194660 0.310432 -0.234994
21  0.000050 4.636116 -0.000029  0.035824 0.324593 -0.151767
22  -0.000041 5.008655 0.000012  0.075997 -0.286565 0.276092
23  0.000064 4.781167 0.000009  0.904396 -2.690903 -0.015799
24  2.253036 1.989058 -3.350106  -1.523633 1.324497 0.112398
25  0.000163 6.589470 0.000170  0.206353 -0.002129 -0.080394
26  0.000045 7.491415 0.000042  -0.333511 0.184455 -0.191167
27  0.000024 7.660303 -0.000056  -0.063176 0.127195 -0.062118
28  0.000007 7.256274 0.000018  -0.052938 -0.487829 0.313813
29  -0.791165 2.265118 -1.234655  -0.753900 1.136377 0.824671
30  -0.000256 8.572269 -0.000091  -0.222843 -0.296789 0.176503
31  -0.000095 8.117209 0.000048  0.072256 0.772520 -0.285589
32  -0.000082 8.230030 -0.000069  -0.080492 -0.347232 0.072254
33  0.000060 7.366723 0.000054  -0.015396 -0.663893 0.062742
34  0.224211 0.240125 -3.218158  -0.877385 1.468889 0.577822
35  -0.000100 7.721052 -0.000309  -0.283828 0.060497 -0.167555
36  -0.000031 7.374854 -0.000002  0.007536 -0.195021 0.049539
37  0.000075 6.848108 0.000007  0.005484 0.006496 -0.033649
38  -0.000050 7.777859 0.000009  -0.186096 0.182474 -0.152846
39  -1.514471 2.104648 -1.150167  -0.029091 0.541320 1.555677
40  -0.000169 6.982353 -0.000077  -0.199699 -0.041212 0.153489
41  0.000039 8.382859 -0.000072  0.044865 0.587986 -0.257962
42  0.000014 8.697700 -0.000024  -0.102637 -0.474318 0.290945
43  0.000056 8.921806 -0.000003  -0.076258 0.581004 -0.195605
44  1.196192 2.899155 -2.353086  -0.449719 1.030105 1.287428
45  0.000106 5.476946 0.000007  0.285576 -0.099353 -0.038446
46  -0.000072 6.060431 -0.000088  -0.155024 -0.575031 0.384611
47  0.000019 5.994261 0.000029  0.033942 0.288575 -0.067731
48  -0.000008 6.100492 0.000001  -0.068405 0.299273 -0.162152
49  0.000033 6.916761 0.000009  -0.096318 0.220533 -0.107966
50  0.000149 6.435057 -0.000044  -0.037459 0.171630 -0.116573
51  1.092788 3.649512 -1.738794  -0.148600 0.876612 1.445020
52  -0.000126 6.792203 -0.000101  0.008284 0.107792 -0.048643
53  -0.000087 7.744774 -0.000032  0.057137 -0.256893 0.015458
54  0.000086 9.115021 -0.000037  -0.020393 0.256253 -0.142636
55  3.494510 -1.749103 3.007064  0.118403 1.106974 1.813811
56  0.000014 4.323829 0.000086  -0.229910 -0.770942 0.449225
57  0.000027 4.872889 -0.000022  0.367245 -0.664051 -0.254035
58  0.000003 5.056646 0.000093  -0.511235 0.856587 -0.546322
59  2.292461 1.708614 3.661675  -1.762556 1.789111 -0.218970
60  -0.000171 6.589446 0.000274  -0.007133 -0.169123 0.176909
61  0.000174 7.491495 -0.000152  -0.132413 -0.107097 0.179327
62  -0.000139 8.249659 0.000143  0.041913 -0.058209 0.015814
63  0.000069 8.605233 -0.000026  0.101585 0.501824 -0.079697
64  -0.240489 2.066072 2.349267  -0.357330 2.461715 1.296081
65  -0.000087 7.721111 -0.000003  -0.208231 -0.126223 -0.116495
66  -0.000123 7.374866 -0.000046  -0.111017 0.046939 -0.046464
67  -0.000035 6.848057 -0.000025  0.273531 0.247523 0.299908
68  0.000036 7.777822 -0.000043  0.072921 0.186148 -0.052689
69  -0.000083 8.178052 0.000010  -0.087029 -0.422849 -0.381357
70  1.617607 3.431411 2.399266  -0.249455 2.569515 1.508572
71  -0.000162 5.476951 -0.000028  0.057729 0.074072 0.060286
72  -0.000093 6.060493 -0.000006  -0.015203 0.015650 -0.152065
73  0.000025 5.994252 0.000013  -0.126214 -0.157657 0.153302
74  -0.000078 7.076872 -0.000047  -0.008117 0.010384 0.036401
75  0.000003 7.089869 -0.000071  0.070875 0.098587 -0.025893
76  0.361105 0.886682 3.287746  -0.576373 1.978710 0.939011
77  -0.000070 6.686643 0.000222  -0.146569 0.414164 -0.327707
78  -0.000011 7.638022 0.000012  -0.079523 -0.025948 0.130956
79  -0.000032 7.290231 -0.000022  0.025325 -0.093908 0.023962
80  -0.000034 6.530365 0.000005  -0.261847 -0.300601 0.006735
81  0.000065 7.224884 0.000010  0.036506 0.032481 -0.175823
82  1.071897 3.225796 1.570115  -0.043807 2.859975 1.526247
83  0.000415 6.748900 -0.000066  -0.062702 0.083783 0.022201
84  -0.000047 8.002636 0.000026  -0.067496 -0.117208 -0.115600
85  0.000013 8.580567 -0.000098  0.088213 -0.007187 0.334605
86  0.000174 8.689837 -0.000041  0.065327 -0.412429 -0.134517
87  -1.514531 2.104640 0.318056  -0.024895 3.094491 1.569496
88  0.000191 6.982275 0.000012  -0.107589 -0.057625 -0.215716
89  -0.000009 8.382873 -0.000068  0.135032 -0.099914 0.287073
90  -0.000063 8.697676 0.000023  -0.148090 -0.510100 0.044839
91  -0.000137 8.921820 0.000080  -0.236827 -0.892635 0.098805
92  3.553612 -3.478046 2.409277  0.000820 0.762046 1.535309
93  0.000000 4.476900 -0.000008  -0.151004 -0.588330 0.377260
94  0.000032 4.514123 -0.000023  -0.228866 -2.996199 0.592367
95  0.000042 4.518387 -0.000021  0.143172 2.612777 0.693384
96  0.000023 3.598330 0.000024  -0.749303 0.869852 -0.773233
97  4.209920 -0.440342 1.018824  -1.549886 -2.045959 -0.195884
98  4.265506 1.434227 -0.404992  -1.608047 -0.174662 -0.949157
99  9.400239 0.017941 0.083203  -0.006399 -0.046194 -0.197309
100  10.242419 0.033589 0.064482  1.805700 -0.147428 0.074846
101  3.465851 -0.059675 0.016693  0.015174 -0.153587 -0.741386
102  1.655593 -0.000022 0.000023  0.037658 -0.123530 -0.603199
103  0.960770 -0.000003 -0.000005  0.022472 -0.062570 -0.580852
104  3.462027 -0.064245 0.939908  0.338653 -0.051411 -0.587316
105  1.497174 -0.000008 0.000021  -0.484972 -0.062472 -0.186803
106  0.793760 0.000004 -0.000001  -0.009351 0.025005 -0.492494
107  0.591658 -0.460688 0.835206  -0.904981 -0.365290 -0.566501
108  1.556138 0.000000 0.000000  -0.188408 0.088995 0.366135
109  1.135908 0.000017 0.000004  0.133872 0.037225 0.542743
110  3.084262 -0.668819 -1.257085  -0.690151 -0.141566 -0.759747
111  1.064204 -0.000001 0.000005  0.013073 0.067697 -0.411092
112  0.640338 0.000005 -0.000008  -0.000036 0.003958 -0.232428
113  3.396817 -0.242136 -0.708689  -0.344014 -0.172476 -0.825842
114  1.532969 0.000008 0.000006  0.012097 -0.005657 -0.568235
115  0.832972 -0.000005 -0.000003  0.005529 0.001649 -0.744827
116  4.209941 -0.440339 -1.019279  1.910504 2.049722 0.125722
117  4.266748 1.424941 0.424937  1.683187 0.077544 -0.955799
118  9.398562 0.011950 -0.082516  0.008610 0.043254 -0.139884
119  10.242438 0.028177 -0.062909  -1.549981 0.019544 0.162354
120  3.465747 -0.067528 0.002267  -0.005844 0.148821 -0.740701
121  1.655562 0.000007 0.000006  -0.037277 0.121241 -0.603277
122  0.960907 0.000003 0.000000  -0.019410 0.060049 -0.581064
123  3.466856 -0.077782 -0.920911  -0.334503 0.045620 -0.587766
124  1.497261 -0.000033 -0.000022  -0.419774 0.061213 -0.186138
125  0.793785 -0.000006 -0.000000  -0.057464 0.165214 -0.422821
126  0.595077 -0.467152 -0.829177  2.133609 0.374723 -0.383691
127  1.555676 0.000016 -0.000003  0.303940 0.019784 0.376648
128  1.136814 -0.000008 -0.000002  -0.008389 0.161283 0.505392
129  3.075971 -0.667968 1.277700  0.695390 0.134611 -0.758462
130  1.064595 0.000019 0.000010  -0.025226 -0.074931 -0.409787
131  0.640362 -0.000017 -0.000005  0.000081 -0.005196 -0.232464
132  3.392410 -0.245370 0.728375  0.340922 0.163320 -0.826668
133  1.532737 -0.000008 -0.000001  -0.009945 0.007012 -0.568062
134  0.833153 0.000014 0.000006  -0.005742 -0.004029 -0.744748
135  3.590116 -3.090294 1.193972  1.635457 1.210566 1.548541
136  3.589564 -3.089878 -1.196372  -1.505736 1.210473 -1.592853
137  -0.436557 4.719026 -0.001076  -0.000620 -1.570733 1.692973
138  -0.000000 2.775450 -0.000237  -0.135089 0.000001 -0.000000
139  0.000000 3.189769 0.000007  0.207820 -0.000000 0.000000
140  0.000000 3.504651 0.000043  -0.261876 0.000000 -0.000000
141  0.000000 2.863196 -0.000002  -0.051268 0.000000 -0.000000
time 11
0  4.440483 -1.951720 41.249512  1.570796 0.000000 -0.000000
1  0.002636 43.025146 0.734438  0.110439 -0.103349 0.006103
2  3.061857 -4.181012 -0.610803  -1.920244 -0.326968 -1.498285
3  18.476776 0.000160 -0.000001  0.002699 -0.031574 0.416209
4  17.490088 0.000117 0.000004  0.178532 0.179069 -1.190277
5  -3.065329 -4.183571 -0.611480  -1.406927 -0.140966 -1.661179
6  18.474859 -0.000034 -0.000007  -0.002796 0.036520 0.476774
7  17.489586 0.001915 -0.000006  -0.071196 -0.141765 -1.334393
8  -0.000117 -0.048882 -0.576226  1.590133 0.174056 1.584332
9  3.224479 0.767047 0.000496  0.020186 0.002711 0.011521
10  3.223912 0.226400 -0.001944  0.013754 -0.001617 0.230519
11  5.187321 -1.262561 -0.001177  0.000012 0.000066 0.194111
12  6.928414 -1.935315 -0.000227  3.139553 -0.024588 0.273415
13  3.236360 1.079608 0.000057  0.027636 0.014884 0.445425
14  0.833763 3.805353 0.692955  -0.040492 0.554885 1.469871
15  0.000041 6.792206 0.000040  0.007991 0.036071 -0.011407
16  -0.000069 7.744817 0.000016  -0.017442 -0.155305 0.068151
17  0.000073 7.809701 0.000017  -0.033636 0.005025 0.006142
18  -0.000026 7.867669 0.000017  -0.073330 -0.127909 0.026376
19  3.494694 -1.749094 -3.006912  0.152543 2.070420 1.936944
20  0.000119 4.478316 0.000018  -0.194660 0.310432 -0.234994
21  0.000048 4.636122 -0.000029  0.035824 0.324593 -0.151767
22  -0.000042 5.008652 0.000013  0.075997 -0.286565 0.276092
23  0.000064 4.781162 0.000010  0.904396 -2.690903 -0.015799
24  2.253040 1.989058 -3.350106  -1.523633 1.324497 0.112398
25  0.000161 6.589461 0.000170  0.206353 -0.002129 -0.080394
26  0.000041 7.491412 0.000043  -0.333511 0.184455 -0.191167
27  0.000024 7.660306 -0.000056  -0.063176 0.127195 -0.062118
28  0.000004 7.256269 0.000019  -0.052938 -0.487829 0.313813
29  -0.791161 2.265119 -1.234655  -0.753900 1.136377 0.824671
30  -0.000256 8.572264 -0.000092  -0.222843 -0.296789 0.176503
31  -0.000094 8.117213 0.000047  0.072256 0.772520 -0.285589
32  -0.000082 8.230027 -0.000071  -0.080492 -0.347232 0.072254
33  0.000060 7.366722 0.000054  -0.015396 -0.663893 0.062742
34  0.224215 0.240127 -3.218158  -0.877385 1.468889 0.577822
35  -0.000101 7.721046 -0.000308  -0.283828 0.060497 -0.167555
36  -0.000032 7.374855 -0.000002  0.007536 -0.195021 0.049539
37  0.000076 6.848098 0.000006  0.005484 0.006496 -0.033649
38  -0.000053 7.777863 0.000009  -0.186096 0.182474 -0.152846
39  -1.514476 2.104647 -1.150167  -0.029091 0.541320 1.555677
40  -0.000168 6.982348 -0.000077  -0.199699 -0.041212 0.153489
41  0.000038 8.382864 -0.000072  0.044865 0.587986 -0.257962
42  0.000012 8.697704 -0.000026  -0.102637 -0.474318 0.290945
43  0.000056 8.921803 -0.000003  -0.076258 0.581004 -0.195605
44  1.196190 2.899155 -2.353086  -0.449719 1.030105 1.287428
45  0.000106 5.476939 0.000007  0.285576 -0.099353 -0.038446
46  -0.000071 6.060429 -0.000092  -0.155024 -0.575031 0.384611
47  0.000018 5.994264 0.000029  0.033942 0.288575 -0.067731
48  -0.000007 6.100492 0.000001  -0.068405 0.299273 -0.162152
49  0.000035 6.916760 0.000010  -0.096318 0.220533 -0.107966
50  0.000150 6.435058 -0.000044  -0.037459 0.171630 -0.116573
51  1.092787 3.649512 -1.738794  -0.148600 0.876612 1.445020
52  -0.000127 6.792203 -0.000101  0.008284 0.107792 -0.048643
53  -0.000088 7.744775 -0.000031  0.057137 -0.256893 0.015458
54  0.000084 9.115020 -0.000038  -0.020393 0.256253 -0.142636
55  3.494509 -1.749103 3.007064  0.118403 1.106974 1.813811
56  0.000014 4.323840 0.000086  -0.229910 -0.770942 0.449225
57  0.000025 4.872897 -0.000021  0.367245 -0.664051 -0.254035
58  0.000003 5.056651 0.000092  -0.511235 0.856587 -0.546322
59  2.292461 1.708615 3.661676  -1.762556 1.789111 -0.218970
60  -0.000173 6.589441 0.000274  -0.007133 -0.169122 0.176909
61  0.000175 7.491497 -0.000150  -0.132413 -0.107097 0.179327
62  -0.000138 8.249659 0.000142  0.041913 -0.058209 0.015814
63  0.000071 8.605236 -0.000025  0.101585 0.501824 -0.079697
64  -0.240493 2.066071 2.349267  -0.357330 2.461714 1.296081
65  -0.000087 7.721107 -0.000002  -0.208231 -0.126223 -0.116495
66  -0.000124 7.374870 -0.000046  -0.111017 0.046939 -0.046464
67  -0.000037 6.848062 -0.000028  0.273531 0.247522 0.299908
68  0.000034 7.777823 -0.000044  0.072921 0.186148 -0.052689
69  -0.000083 8.178055 0.000012  -0.087029 -0.422849 -0.381357
70  1.617599 3.431409 2.399265  -0.249455 2.569515 1.508572
71  -0.000162 5.476951 -0.000028  0.057730 0.074072 0.060286
72  -0.000093 6.060498 -0.000006  -0.015203 0.015650 -0.152065
73  0.000025 5.994251 0.000012  -0.126214 -0.157657 0.153302
74  -0.000080 7.076870 -0.000046  -0.008117 0.010384 0.036401
75  0.000004 7.089867 -0.000068  0.070875 0.098587 -0.025893
76  0.361117 0.886683 3.287746  -0.576373 1.978710 0.939011
77  -0.000067 6.686645 0.000224  -0.146569 0.414164 -0.327707
78  -0.000011 7.638020 0.000013  -0.079523 -0.025948 0.130956
79  -0.000031 7.290242 -0.000023  0.025325 -0.093908 0.023962
80  -0.000034 6.530369 0.000005  -0.261847 -0.300601 0.006735
81  0.000064 7.224880 0.000009  0.036506 0.032481 -0.175823
82  1.071895 3.225796 1.570115  -0.043807 2.859975 1.526247
83  0.000415 6.748903 -0.000067  -0.062702 0.083783 0.022201
84  -0.000048 8.002651 0.000025  -0.067496 -0.117208 -0.115600
85  0.000013 8.580571 -0.000097  0.088213 -0.007187 0.334605
86  0.000169 8.689830 -0.000041  0.065327 -0.412430 -0.134517
87  -1.514541 2.104638 0.318055  -0.024895 3.094491 1.569496
88  0.000191 6.982278 0.000011  -0.107589 -0.057625 -0.215716
89  -0.000009 8.382880 -0.000068  0.135032 -0.099914 0.287073
90  -0.000061 8.697667 0.000023  -0.148090 -0.510100 0.044839
91  -0.000135 8.921824 0.000079  -0.236827 -0.892635 0.098805
92  3.553617 -3.478045 2.409277  0.000820 0.762046 1.535309
93  -0.000001 4.476900 -0.000009  -0.151004 -0.588330 0.377260
94  0.000032 4.514126 -0.000023  -0.228866 -2.996199 0.592367
95  0.000044 4.518381 -0.000023  0.143172 2.612777 0.693384
96  0.000022 3.598331 0.000022  -0.749302 0.869852 -0.773233
97  4.209923 -0.440347 1.018824  -1.551646 -2.046039 -0.194320
98  4.265504 1.434229 -0.404991  -1.603767 -0.173635 -0.951513
99  9.400231 0.017941 0.083202  -0.005836 -0.046772 -0.207952
100  10.242423 0.033591 0.064480  1.798896 -0.146629 0.072057
101  3.465856 -0.059679 0.016693  0.015174 -0.153587 -0.741386
102  1.655594 -0.000023 0.000022  0.037658 -0.123530 -0.603200
103  0.960767 -0.000003 -0.000005  0.022472 -0.062570 -0.580852
104  3.462029 -0.064245 0.939908  0.338653 -0.051411 -0.587316
105  1.497176 -0.000009 0.000021  -0.484971 -0.062472 -0.186803
106  0.793760 0.000003 -0.000002  -0.009351 0.025005 -0.492494
107  0.591665 -0.460693 0.835206  -0.904981 -0.365290 -0.566501
108  1.556141 0.000004 0.000000  -0.188408 0.088995 0.366135
109  1.135903 0.000017 0.000003  0.133872 0.037225 0.542743
110  3.084267 -0.668821 -1.257085  -0.690151 -0.141566 -0.759747
111  1.064202 -0.000002 0.000006  0.013073 0.067697 -0.411093
112  0.640337 0.000005 -0.000008  -0.000036 0.003958 -0.232428
113  3.396824 -0.242139 -0.708690  -0.344014 -0.172476 -0.825842
114  1.532965 0.000006 0.000006  0.012097 -0.005657 -0.568235
115  0.832977 -0.000005 -0.000003  0.005529 0.001649 -0.744827
116  4.209949 -0.440346 -1.019279  1.915186 2.048057 0.130256
117  4.266747 1.424938 0.424938  1.701715 0.084296 -0.960550
118  9.398562 0.011949 -0.082517  0.008251 0.043684 -0.147108
119  10.242436 0.028176 -0.062908  -1.566820 0.026158 0.159996
120  3.465750 -0.067528 0.002267  -0.005845 0.148821 -0.740701
121  1.655555 0.000005 0.000005  -0.037277 0.121241 -0.603277
122  0.960907 0.000007 -0.000001  -0.019410 0.060049 -0.581064
123  3.466855 -0.077782 -0.920910  -0.334503 0.045620 -0.587766
124  1.497262 -0.000033 -0.000022  -0.419774 0.061213 -0.186138
125  0.793789 -0.000008 -0.000001  -0.057464 0.165214 -0.422821
126  0.595080 -0.467153 -0.829177  2.133609 0.374723 -0.383691
127  1.555676 0.000015 -0.000003  0.303940 0.019784 0.376648
128  1.136816 -0.000010 -0.000003  -0.008389 0.161283 0.505392
129  3.075979 -0.667969 1.277700  0.695390 0.134611 -0.758462
130  1.064591 0.000019 0.000012  -0.025227 -0.074931 -0.409787
131  0.640361 -0.000015 -0.000003  0.000082 -0.005196 -0.232464
132  3.392417 -0.245371 0.728375  0.340922 0.163320 -0.826668
133  1.532740 -0.000008 -0.000001  -0.009945 0.007012 -0.568062
134  0.833153 0.000007 0.000007  -0.005742 -0.004029 -0.744748
135  3.590108 -3.090295 1.193972  1.635457 1.210566 1.548541
136  3.589557 -3.089881 -1.196372  -1.505736 1.210473 -1.592853
137  -0.436560 4.719025 -0.001076  -0.000606 -1.570733 1.693060
138  0.000000 2.775451 -0.000234  -0.135089 0.000001 -0.000000
139  -0.000000 3.189769 0.000008  0.207820 -0.000000 0.000000
140  -0.000000 3.504647 0.000045  -0.261876 0.000000 -0.000000
141  0.000000 2.863197 -0.000002  -0.051268 0.000000 -0.000000
time 12
0  4.750921 -2.232320 41.241081  1.570796 0.000000 -0.000000
1  0.002636 43.025146 0.734438  0.105252 -0.096669 0.003210
2  3.061857 -4.181012 -0.610804  -1.909714 -0.319580 -1.506480
3  18.476772 0.000160 -0.000001  0.002718 -0.032167 0.423452
4  17.490088 0.000117 0.000004  0.182684 0.172511 -1.199545
5  -3.065329 -4.183574 -0.611479  -1.417569 -0.165136 -1.667928
6  18.474857 -0.000034 -0.000008  -0.002497 0.041873 0.542211
7  17.489584 0.001916 -0.000006  -0.048244 -0.131940 -1.323783
8  -0.000117 -0.048885 -0.576226  1.589923 0.171177 1.586418
9  3.224482 0.767047 0.000496  0.020422 0.004828 0.015496
10  3.223911 0.226399 -0.001944  0.014254 -0.000245 0.233215
11  5.187322 -1.262559 -0.001177  0.000012 0.000066 0.194111
12  6.928414 -1.935313 -0.000227  3.138161 -0.025487 0.271278
13  3.236367 1.079612 0.000057  0.026241 0.017097 0.449627
14  0.833752 3.805351 0.692955  -0.040492 0.554885 1.469871
15  0.000041 6.792204 0.000039  0.007991 0.036070 -0.011407
16  -0.000068 7.744816 0.000016  -0.017442 -0.155305 0.068151
17  0.000074 7.809701 0.000018  -0.033636 0.005025 0.006142
18  -0.000025 7.867671 0.000018  -0.073330 -0.127909 0.026376
19  3.494698 -1.749092 -3.006912  0.152543 2.070419 1.936944
20  0.000120 4.478327 0.000018  -0.194660 0.310432 -0.234994
21  0.000046 4.636114 -0.000030  0.035824 0.324593 -0.151767
22  -0.000040 5.008654 0.000014  0.075997 -0.286565 0.276092
23  0.000063 4.781168 0.000010  0.904396 -2.690903 -0.015799
24  2.253033 1.989057 -3.350106  -1.523633 1.324497 0.112398
25  0.000160 6.589462 0.000171  0.206353 -0.002129 -0.080394
26  0.000046 7.491412 0.000042  -0.333511 0.184455 -0.191167
27  0.000024 7.660307 -0.000056  -0.063176 0.127195 -0.062118
28  0.000008 7.256267 0.000019  -0.052938 -0.487829 0.313813
29  -0.791167 2.265118 -1.234655  -0.753900 1.136377 0.824671
30  -0.000256 8.572262 -0.000090  -0.222843 -0.296789 0.176503
31  -0.000094 8.117214 0.000048  0.072256 0.772520 -0.285589
32  -0.000081 8.230034 -0.000070  -0.080492 -0.347232 0.072254
33  0.000056 7.366731 0.000053  -0.015395 -0.663892 0.062742
34  0.224210 0.240126 -3.218157  -0.877385 1.468889 0.577822
35  -0.000102 7.721045 -0.000308  -0.283828 0.060497 -0.167555
36  -0.000030 7.374852 -0.000002  0.007536 -0.195021 0.049539
37  0.000075 6.848099 0.000007  0.005484 0.006496 -0.033649
38  -0.000051 7.777860 0.000008  -0.186096 0.182474 -0.152846
39  -1.514468 2.104649 -1.150167  -0.029091 0.541320 1.555677
40  -0.000169 6.982343 -0.000077  -0.199699 -0.041212 0.153489
41  0.000039 8.382863 -0.000073  0.044865 0.587986 -0.257962
42  0.000013 8.697698 -0.000027  -0.102637 -0.474318 0.290945
43  0.000056 8.921801 -0.000003  -0.076258 0.581004 -0.195605
44  1.196188 2.899154 -2.353086  -0.449719 1.030105 1.287428
45  0.000107 5.476944 0.000006  0.285576 -0.099353 -0.038446
46  -0.000074 6.060436 -0.000089  -0.155024 -0.575031 0.384611
47  0.000018 5.994266 0.000028  0.033942 0.288575 -0.067731
48  -0.000006 6.100488 0.000002  -0.068405 0.299273 -0.162152
49  0.000036 6.916757 0.000010  -0.096318 0.220533 -0.107966
50  0.000150 6.435059 -0.000045  -0.037459 0.171630 -0.116573
51  1.092792 3.649513 -1.738794  -0.148600 0.876612 1.445020
52  -0.000126 6.792193 -0.000100  0.008284 0.107792 -0.048643
53  -0.000088 7.744776 -0.000030  0.057137 -0.256893 0.015458
54  0.000084 9.115019 -0.000037  -0.020393 0.256253 -0.142636
55  3.494514 -1.749103 3.007064  0.118403 1.106974 1.813811
56  0.000014 4.323841 0.000087  -0.229910 -0.770942 0.449225
57  0.000028 4.872895 -0.000021  0.367245 -0.664051 -0.254035
58  0.000005 5.056650 0.000094  -0.511235 0.856587 -0.546321
59  2.292460 1.708614 3.661675  -1.762556 1.789111 -0.218970
60  -0.000173 6.589448 0.000273  -0.007133 -0.169122 0.176909
61  0.000172 7.491496 -0.000149  -0.132413 -0.107098 0.179327
62  -0.000137 8.249660 0.000143  0.041913 -0.058209 0.015814
63  0.000073 8.605233 -0.000025  0.101585 0.501824 -0.079697
64  -0.240493 2.066072 2.349267  -0.357330 2.461714 1.296081
65  -0.000090 7.721104 -0.000004  -0.208231 -0.126223 -0.116495
66  -0.000124 7.374867 -0.000048  -0.111017 0.046939 -0.046464
67  -0.000038 6.848056 -0.000028  0.273531 0.247523 0.299908
68  0.000033 7.777825 -0.000044  0.072921 0.186148 -0.052689
69  -0.000082 8.178053 0.000012  -0.087029 -0.422849 -0.381357
70  1.617599 3.431409 2.399265  -0.249455 2.569515 1.508572
71  -0.000162 5.476942 -0.000030  0.057729 0.074072 0.060286
72  -0.000093 6.060491 -0.000007  -0.015203 0.015650 -0.152065
73  0.000024 5.994246 0.000011  -0.126214 -0.157657 0.153302
74  -0.000079 7.076870 -0.000048  -0.008117 0.010384 0.036401
75  0.000005 7.089866 -0.000070  0.070875 0.098587 -0.025893
76  0.361103 0.886682 3.287746  -0.576373 1.978710 0.939011
77  -0.000066 6.686639 0.000223  -0.146569 0.414164 -0.327707
78  -0.000012 7.638019 0.000012  -0.079523 -0.025948 0.130956
79  -0.000032 7.290235 -0.000021  0.025325 -0.093908 0.023962
80  -0.000036 6.530368 0.000004  -0.261847 -0.300601 0.006735
81  0.000062 7.224875 0.000009  0.036506 0.032481 -0.175823
82  1.071895 3.225796 1.570115  -0.043807 2.859975 1.526247
83  0.000415 6.748900 -0.000066  -0.062702 0.083783 0.022201
84  -0.000046 8.002645 0.000026  -0.067496 -0.117208 -0.115600
85  0.000012 8.580569 -0.000097  0.088213 -0.007187 0.334605
86  0.000168 8.689829 -0.000040  0.065327 -0.412430 -0.134517
87  -1.514541 2.104638 0.318056  -0.024895 3.094491 1.569496
88  0.000193 6.982285 0.000012  -0.107589 -0.057625 -0.215716
89  -0.000009 8.382874 -0.000068  0.135032 -0.099914 0.287073
90  -0.000061 8.697675 0.000023  -0.148090 -0.510100 0.044839
91  -0.000135 8.921824 0.000079  -0.236827 -0.892636 0.098805
92  3.553606 -3.478045 2.409277  0.000820 0.762046 1.535309
93  -0.000001 4.476898 -0.000007  -0.151004 -0.588330 0.377260
94  0.000031 4.514122 -0.000023  -0.228866 -2.996199 0.592367
95  0.000048 4.518380 -0.000022  0.143172 2.612777 0.693384
96  0.000023 3.598334 0.000025  -0.749302 0.869852 -0.773233
97  4.209922 -0.440344 1.018824  -1.553320 -2.046333 -0.192831
98  4.265506 1.434236 -0.404991  -1.599498 -0.172464 -0.953358
99  9.400239 0.017941 0.083204  -0.005303 -0.047307 -0.217924
100  10.242419 0.033589 0.064484  1.792988 -0.145957 0.069516
101  3.465858 -0.059681 0.016693  0.015174 -0.153587 -0.741386
102  1.655595 -0.000021 0.000021  0.037658 -0.123530 -0.603200
103  0.960772 0.000001 -0.000006  0.022472 -0.062570 -0.580852
104  3.462027 -0.064249 0.939909  0.338653 -0.051411 -0.587316
105  1.497179 -0.000009 0.000020  -0.484971 -0.062472 -0.186803
106  0.793760 0.000003 -0.000002  -0.009351 0.025005 -0.492494
107  0.591666 -0.460695 0.835206  -0.904981 -0.365290 -0.566501
108  1.556141 0.000003 0.000001  -0.188408 0.088995 0.366135
109  1.135909 0.000018 0.000003  0.133872 0.037225 0.542743
110  3.084274 -0.668825 -1.257085  -0.690151 -0.141566 -0.759747
111  1.064203 -0.000004 0.000005  0.013073 0.067697 -0.411092
112  0.640338 0.000008 -0.000009  -0.000036 0.003958 -0.232429
113  3.396827 -0.242143 -0.708689  -0.344014 -0.172476 -0.825841
114  1.532970 0.000008 0.000006  0.012097 -0.005657 -0.568235
115  0.832973 -0.000004 -0.000003  0.005529 0.001649 -0.744827
116  4.209945 -0.440342 -1.019279  1.920393 2.046220 0.135310
117  4.266745 1.424944 0.424939  1.718332 0.091331 -0.965604
118  9.398564 0.011950 -0.082516  0.007920 0.044076 -0.153711
119  10.242435 0.028176 -0.062906  -1.582999 0.031510 0.157565
120  3.465746 -0.067526 0.002267  -0.005845 0.148821 -0.740701
121  1.655557 0.000006 0.000005  -0.037277 0.121241 -0.603277
122  0.960907 0.000003 -0.000000  -0.019410 0.060049 -0.581065
123  3.466852 -0.077780 -0.920909  -0.334503 0.045620 -0.587766
124  1.497264 -0.000035 -0.000022  -0.419774 0.061213 -0.186138
125  0.793787 -0.000007 -0.000000  -0.057464 0.165214 -0.422821
126  0.595079 -0.467151 -0.829176  2.133609 0.374723 -0.383690
127  1.555678 0.000016 -0.000003  0.303940 0.019784 0.376648
128  1.136816 -0.000010 -0.000001  -0.008389 0.161283 0.505392
129  3.075973 -0.667966 1.277700  0.695390 0.134611 -0.758462
130  1.064589 0.000018 0.000013  -0.025227 -0.074931 -0.409787
131  0.640361 -0.000015 -0.000002  0.000081 -0.005196 -0.232464
132  3.392410 -0.245368 0.728376  0.340922 0.163320 -0.826668
133  1.532734 -0.000008 -0.000002  -0.009945 0.007012 -0.568062
134  0.833152 0.000010 0.000005  -0.005742 -0.004029 -0.744748
135  3.590113 -3.090295 1.193972  1.635457 1.210566 1.548541
136  3.589561 -3.089879 -1.196373  -1.505736 1.210473 -1.592853
137  -0.436562 4.719027 -0.001076  -0.000605 -1.570733 1.693068
138  -0.000000 2.775460 -0.000237  -0.135089 0.000001 -0.000000
139  -0.000000 3.189774 0.000008  0.207820 -0.000000 0.000000
140  -0.000000 3.504651 0.000047  -0.261876 0.000000 -0.000000
141  -0.000000 2.863199 -0.000002  -0.051268 0.000000 -0.000000
time 13
0  5.038898 -2.540149 41.230488  1.570796 0.000000 -0.000000
1  0.002636 43.025146 0.734438  0.098979 -0.085686 0.000498
2  3.061857 -4.181012 -0.610804  -1.893599 -0.310065 -1.515721
3  18.476778 0.000160 -0.000001  0.002728 -0.032630 0.429103
4  17.490086 0.000117 0.000003  0.185903 0.165124 -1.209353
5  -3.065329 -4.183575 -0.611480  -1.425493 -0.191719 -1.672275
6  18.474854 -0.000034 -0.000007  -0.001887 0.046942 0.604546
7  17.489584 0.001916 -0.000006  -0.030504 -0.126496 -1.318106
8  -0.000117 -0.048883 -0.576226  1.589054 0.168397 1.588021
9  3.224484 0.767047 0.000496  0.019833 0.006206 0.019318
10  3.223912 0.226399 -0.001944  0.014089 0.000772 0.235811
11  5.187319 -1.262560 -0.001177  0.000012 0.000066 0.194111
12  6.928411 -1.935311 -0.000227  3.136211 -0.025163 0.270215
13  3.236366 1.079618 0.000057  0.022976 0.017762 0.451647
14  0.833772 3.805352 0.692955  -0.040492 0.554885 1.469871
15  0.000040 6.792212 0.000040  0.007991 0.036070 -0.011407
16  -0.000066 7.744813 0.000015  -0.017442 -0.155305 0.068151
17  0.000074 7.809705 0.000017  -0.033636 0.005025 0.006142
18  -0.000025 7.867676 0.000017  -0.073330 -0.127910 0.026376
19  3.494706 -1.749092 -3.006912  0.152543 2.070419 1.936944
20  0.000119 4.478320 0.000018  -0.194660 0.310432 -0.234994
21  0.000048 4.636118 -0.000030  0.035824 0.324593 -0.151767
22  -0.000041 5.008654 0.000013  0.075997 -0.286565 0.276092
23  0.000060 4.781165 0.000009  0.904396 -2.690903 -0.015799
24  2.253040 1.989057 -3.350106  -1.523633 1.324497 0.112398
25  0.000161 6.589468 0.000171  0.206353 -0.002129 -0.080394
26  0.000045 7.491413 0.000041  -0.333511 0.184455 -0.191167
27  0.000023 7.660306 -0.000056  -0.063176 0.127195 -0.062118
28  0.000007 7.256270 0.000019  -0.052938 -0.487829 0.313813
29  -0.791151 2.265118 -1.234655  -0.753900 1.136377 0.824671
30  -0.000257 8.572264 -0.000092  -0.222843 -0.296789 0.176503
31  -0.000093 8.117211 0.000048  0.072256 0.772520 -0.285589
32  -0.000083 8.230028 -0.000070  -0.080492 -0.347232 0.072254
33  0.000061 7.366726 0.000054  -0.015395 -0.663893 0.062742
34  0.224219 0.240127 -3.218158  -0.877385 1.468889 0.577822
35  -0.000100 7.721046 -0.000306  -0.283828 0.060497 -0.167555
36  -0.000030 7.374848 -0.000002  0.007536 -0.195021 0.049539
37  0.000076 6.848102 0.000006  0.005484 0.006496 -0.033649
38  -0.000050 7.777865 0.000009  -0.186096 0.182474 -0.152846
39  -1.514460 2.104649 -1.150167  -0.029091 0.541320 1.555677
40  -0.000169 6.982347 -0.000077  -0.199699 -0.041212 0.153489
41  0.000038 8.382868 -0.000072  0.044865 0.587986 -0.257962
42  0.000012 8.697701 -0.000027  -0.102637 -0.474318 0.290945
43  0.000057 8.921800 -0.000003  -0.076258 0.581004 -0.195605
44  1.196194 2.899154 -2.353086  -0.449719 1.030105 1.287428
45  0.000106 5.476935 0.000007  0.285576 -0.099353 -0.038446
46  -0.000072 6.060439 -0.000088  -0.155024 -0.575031 0.384611
47  0.000018 5.994265 0.000029  0.033942 0.288575 -0.067731
48  -0.000008 6.100487 0.000001  -0.068405 0.299273 -0.162152
49  0.000035 6.916756 0.000010  -0.096318 0.220533 -0.107966
50  0.000148 6.435063 -0.000044  -0.037459 0.171630 -0.116573
51  1.092803 3.649513 -1.738794  -0.148600 0.876612 1.445020
52  -0.000125 6.792196 -0.000102  0.008284 0.107792 -0.048643
53  -0.000090 7.744781 -0.000031  0.057137 -0.256893 0.015458
54  0.000087 9.115015 -0.000037  -0.020393 0.256253 -0.142636
55  3.494525 -1.749102 3.007063  0.118403 1.106974 1.813811
56  0.000014 4.323836 0.000087  -0.229910 -0.770942 0.449225
57  0.000029 4.872889 -0.000018  0.367245 -0.664051 -0.254035
58  0.000003 5.056652 0.000088  -0.511235 0.856587 -0.546322
59  2.292466 1.708614 3.661675  -1.762556 1.789111 -0.218970
60  -0.000172 6.589444 0.000274  -0.007133 -0.169123 0.176909
61  0.000172 7.491493 -0.000149  -0.132413 -0.107097 0.179327
62  -0.000140 8.249665 0.000143  0.041913 -0.058209 0.015814
63  0.000072 8.605236 -0.000028  0.101585 0.501824 -0.079697
64  -0.240481 2.066072 2.349267  -0.357330 2.461715 1.296081
65  -0.000087 7.721103 -0.000003  -0.208231 -0.126223 -0.116495
66  -0.000125 7.374869 -0.000047  -0.111017 0.046939 -0.046464
67  -0.000035 6.848064 -0.000026  0.273531 0.247523 0.299908
68  0.000036 7.777825 -0.000043  0.072921 0.186148 -0.052689
69  -0.000083 8.178050 0.000010  -0.087029 -0.422849 -0.381357
70  1.617609 3.431409 2.399265  -0.249455 2.569515 1.508572
71  -0.000162 5.476946 -0.000029  0.057729 0.074072 0.060286
72  -0.000093 6.060498 -0.000007  -0.015203 0.015650 -0.152065
73  0.000026 5.994251 0.000011  -0.126214 -0.157657 0.153302
74  -0.000077 7.076877 -0.000045  -0.008117 0.010384 0.036401
75  0.000005 7.089863 -0.000069  0.070875 0.098587 -0.025893
76  0.361116 0.886682 3.287745  -0.576373 1.978710 0.939011
77  -0.000069 6.686635 0.000223  -0.146569 0.414164 -0.327707
78  -0.000011 7.638022 0.000013  -0.079523 -0.025947 0.130956
79  -0.000030 7.290239 -0.000023  0.025325 -0.093908 0.023962
80  -0.000034 6.530369 0.000005  -0.261847 -0.300601 0.006734
81  0.000064 7.224875 0.000008  0.036506 0.032481 -0.175823
82  1.071896 3.225796 1.570115  -0.043807 2.859975 1.526247
83  0.000415 6.748893 -0.000066  -0.062702 0.083783 0.022201
84  -0.000045 8.002646 0.000027  -0.067496 -0.117208 -0.115600
85  0.000012 8.580568 -0.000096  0.088213 -0.007187 0.334605
86  0.000171 8.689825 -0.000041  0.065327 -0.412430 -0.134517
87  -1.514530 2.104639 0.318055  -0.024895 3.094491 1.569496
88  0.000191 6.982283 0.000012  -0.107589 -0.057625 -0.215716
89  -0.000009 8.382873 -0.000068  0.135032 -0.099914 0.287073
90  -0.000062 8.697666 0.000024  -0.148090 -0.510100 0.044839
91  -0.000136 8.921824 0.000079  -0.236827 -0.892635 0.098805
92  3.553617 -3.478046 2.409277  0.000820 0.762046 1.535309
93  -0.000001 4.476903 -0.000008  -0.151004 -0.588330 0.377260
94  0.000032 4.514125 -0.000024  -0.228866 -2.996199 0.592367
95  0.000046 4.518390 -0.000021  0.143172 2.612777 0.693384
96  0.000023 3.598330 0.000023  -0.749303 0.869852 -0.773233
97  4.209917 -0.440340 1.018824  -1.555676 -2.046614 -0.190736
98  4.265506 1.434231 -0.404992  -1.596702 -0.169618 -0.953876
99  9.400232 0.017941 0.083204  -0.004874 -0.047729 -0.225863
100  10.242419 0.033590 0.064481  1.789669 -0.145582 0.066735
101  3.465851 -0.059681 0.016694  0.015174 -0.153587 -0.741386
102  1.655599 -0.000023 0.000021  0.037658 -0.123530 -0.603200
103  0.960771 -0.000003 -0.000008  0.022472 -0.062570 -0.580852
104  3.462024 -0.064248 0.939909  0.338653 -0.051411 -0.587316
105  1.497179 -0.000009 0.000022  -0.484971 -0.062472 -0.186803
106  0.793755 0.000002 -0.000002  -0.009351 0.025005 -0.492494
107  0.591660 -0.460695 0.835206  -0.904981 -0.365290 -0.566501
108  1.556141 -0.000001 0.000001  -0.188408 0.088995 0.366135
109  1.135899 0.000017 0.000005  0.133872 0.037225 0.542743
110  3.084262 -0.668822 -1.257085  -0.690151 -0.141566 -0.759747
111  1.064201 -0.000003 0.000005  0.013073 0.067697 -0.411092
112  0.640335 0.000001 -0.000009  -0.000036 0.003958 -0.232428
113  3.396820 -0.242140 -0.708689  -0.344014 -0.172476 -0.825841
114  1.532974 0.000012 0.000006  0.012097 -0.005657 -0.568235
115  0.832976 -0.000002 -0.000003  0.005529 0.001649 -0.744827
116  4.209939 -0.440337 -1.019279  1.926884 2.045004 0.141463
117  4.266744 1.424940 0.424938  1.727574 0.096740 -0.967999
118  9.398570 0.011950 -0.082516  0.007723 0.044307 -0.157621
119  10.242440 0.028177 -0.062908  -1.592972 0.032519 0.155765
120  3.465750 -0.067526 0.002267  -0.005844 0.148821 -0.740701
121  1.655558 0.000004 0.000005  -0.037277 0.121241 -0.603277
122  0.960906 0.000002 0.000001  -0.019410 0.060049 -0.581065
123  3.466856 -0.077779 -0.920910  -0.334503 0.045620 -0.587766
124  1.497263 -0.000032 -0.000022  -0.419774 0.061213 -0.186138
125  0.793788 -0.000009 -0.000000  -0.057464 0.165214 -0.422821
126  0.595083 -0.467149 -0.829177  2.133609 0.374723 -0.383691
127  1.555675 0.000016 -0.000004  0.303940 0.019784 0.376648
128  1.136813 -0.000008 -0.000002  -0.008389 0.161283 0.505392
129  3.075973 -0.667965 1.277700  0.695390 0.134611 -0.758462
130  1.064593 0.000020 0.000010  -0.025227 -0.074931 -0.409787
131  0.640360 -0.000014 -0.000003  0.000081 -0.005196 -0.232464
132  3.392411 -0.245367 0.728376  0.340922 0.163320 -0.826668
133  1.532737 -0.000009 -0.000001  -0.009945 0.007012 -0.568062
134  0.833156 0.000013 0.000005  -0.005742 -0.004029 -0.744748
135  3.590109 -3.090295 1.193972  1.635457 1.210566 1.548541
136  3.589560 -3.089881 -1.196373  -1.505736 1.210473 -1.592853
137  -0.436560 4.719025 -0.001076  -0.000591 -1.570733 1.692965
138  0.000000 2.775454 -0.000236  -0.135089 0.000001 -0.000000
139  0.000000 3.189773 0.000008  0.207820 -0.000000 0.000000
140  -0.000000 3.504653 0.000045  -0.261876 0.000000 -0.000000
141  0.000000 2.863201 -0.000002  -0.051268 0.000000 -0.000000
time 14
0  5.297951 -2.898081 41.216228  1.570796 0.000000 -0.000000
1  0.002636 43.025146 0.734438  0.089680 -0.067706 -0.002161
2  3.061857 -4.181011 -0.610804  -1.872502 -0.296758 -1.525261
3  18.476774 0.000158 -0.000001  0.002739 -0.033092 0.434740
4  17.490084 0.000117 0.000004  0.189851 0.160029 -1.219621
5  -3.065329 -4.183574 -0.611480  -1.426631 -0.226143 -1.674175
6  18.474855 -0.000034 -0.000007  -0.000782 0.052770 0.676996
7  17.489586 0.001916 -0.000006  -0.019330 -0.128339 -1.326269
8  -0.000117 -0.048887 -0.576226  1.586629 0.165333 1.588835
9  3.224489 0.767047 0.000496  0.017311 0.006389 0.023490
10  3.223913 0.226399 -0.001944  0.012453 0.001312 0.238655
11  5.187320 -1.262560 -0.001177  0.000012 0.000066 0.194111
12  6.928404 -1.935316 -0.000227  3.133626 -0.023235 0.271118
13  3.236369 1.079612 0.000057  0.017563 0.016306 0.449697
14  0.833756 3.805353 0.692955  -0.040492 0.554885 1.469871
15  0.000040 6.792201 0.000040  0.007991 0.036070 -0.011407
16  -0.000066 7.744817 0.000016  -0.017442 -0.155305 0.068151
17  0.000072 7.809703 0.000018  -0.033636 0.005025 0.006142
18  -0.000026 7.867673 0.000017  -0.073330 -0.127909 0.026376
19  3.494699 -1.749093 -3.006912  0.152543 2.070419 1.936944
20  0.000118 4.478324 0.000018  -0.194660 0.310432 -0.234994
21  0.000048 4.636111 -0.000031  0.035824 0.324593 -0.151767
22  -0.000044 5.008660 0.000013  0.075997 -0.286565 0.276092
23  0.000063 4.781158 0.000010  0.904396 -2.690903 -0.015799
24  2.253034 1.989059 -3.350106  -1.523633 1.324497 0.112398
25  0.000161 6.589464 0.000170  0.206353 -0.002129 -0.080394
26  0.000039 7.491412 0.000048  -0.333511 0.184455 -0.191167
27  0.000026 7.660306 -0.000055  -0.063176 0.127195 -0.062118
28  0.000008 7.256268 0.000020  -0.052938 -0.487829 0.313813
29  -0.791167 2.265117 -1.234655  -0.753900 1.136377 0.824671
30  -0.000259 8.572263 -0.000090  -0.222843 -0.296789 0.176503
31  -0.000095 8.117216 0.000049  0.072256 0.772520 -0.285589
32  -0.000081 8.230034 -0.000070  -0.080492 -0.347232 0.072254
33  0.000058 7.366726 0.000054  -0.015395 -0.663893 0.062742
34  0.224209 0.240125 -3.218158  -0.877385 1.468889 0.577822
35  -0.000102 7.721052 -0.000309  -0.283828 0.060497 -0.167555
36  -0.000029 7.374853 -0.000002  0.007536 -0.195021 0.049539
37  0.000075 6.848100 0.000006  0.005484 0.006496 -0.033649
38  -0.000052 7.777868 0.000009  -0.186096 0.182474 -0.152846
39  -1.514464 2.104650 -1.150167  -0.029091 0.541320 1.555677
40  -0.000168 6.982349 -0.000076  -0.199699 -0.041212 0.153489
41  0.000038 8.382866 -0.000073  0.044865 0.587986 -0.257962
42  0.000013 8.697705 -0.000027  -0.102637 -0.474318 0.290945
43  0.000056 8.921802 -0.000003  -0.076258 0.581004 -0.195605
44  1.196185 2.899154 -2.353086  -0.449719 1.030105 1.287428
45  0.000107 5.476944 0.000007  0.285576 -0.099353 -0.038446
46  -0.000073 6.060432 -0.000090  -0.155024 -0.575031 0.384611
47  0.000019 5.994264 0.000029  0.033942 0.288575 -0.067731
48  -0.000007 6.100484 0.000002  -0.068405 0.299273 -0.162152
49  0.000035 6.916760 0.000010  -0.096318 0.220533 -0.107966
50  0.000149 6.435057 -0.000045  -0.037459 0.171630 -0.116573
51  1.092795 3.649514 -1.738794  -0.148600 0.876612 1.445020
52  -0.000127 6.792193 -0.000102  0.008284 0.107792 -0.048643
53  -0.000088 7.744774 -0.000030  0.057137 -0.256893 0.015458
54  0.000087 9.115022 -0.000038  -0.020393 0.256253 -0.142636
55  3.494513 -1.749103 3.007064  0.118403 1.106974 1.813811
56  0.000015 4.323841 0.000086  -0.229910 -0.770942 0.449225
57  0.000027 4.872894 -0.000021  0.367245 -0.664051 -0.254035
58  0.000003 5.056648 0.000087  -0.511235 0.856587 -0.546321
59  2.292461 1.708615 3.661676  -1.762556 1.789111 -0.218970
60  -0.000172 6.589447 0.000274  -0.007133 -0.169123 0.176909
61  0.000173 7.491496 -0.000152  -0.132413 -0.107097 0.179327
62  -0.000138 8.249658 0.000140  0.041913 -0.058209 0.015814
63  0.000073 8.605235 -0.000028  0.101585 0.501824 -0.079697
64  -0.240488 2.066073 2.349267  -0.357330 2.461715 1.296081
65  -0.000084 7.721108 -0.000003  -0.208231 -0.126223 -0.116495
66  -0.000126 7.374867 -0.000049  -0.111017 0.046939 -0.046464
67  -0.000035 6.848064 -0.000024  0.273531 0.247523 0.299908
68  0.000035 7.777827 -0.000043  0.072921 0.186148 -0.052689
69  -0.000084 8.178057 0.000011  -0.087029 -0.422849 -0.381357
70  1.617601 3.431410 2.399265  -0.249455 2.569515 1.508572
71  -0.000163 5.476943 -0.000028  0.057729 0.074072 0.060286
72  -0.000093 6.060496 -0.000007  -0.015203 0.015650 -0.152065
73  0.000027 5.994246 0.000013  -0.126214 -0.157657 0.153302
74  -0.000079 7.076876 -0.000046  -0.008117 0.010384 0.036401
75  0.000005 7.089866 -0.000070  0.070875 0.098587 -0.025893
76  0.361100 0.886681 3.287746  -0.576373 1.978710 0.939011
77  -0.000070 6.686636 0.000225  -0.146569 0.414164 -0.327707
78  -0.000012 7.638018 0.000013  -0.079523 -0.025948 0.130956
79  -0.000033 7.290234 -0.000022  0.025325 -0.093908 0.023962
80  -0.000036 6.530372 0.000005  -0.261847 -0.300601 0.006735
81  0.000063 7.224876 0.000008  0.036506 0.032481 -0.175823
82  1.071899 3.225797 1.570115  -0.043807 2.859975 1.526247
83  0.000414 6.748904 -0.000066  -0.062702 0.083783 0.022201
84  -0.000048 8.002646 0.000025  -0.067496 -0.117208 -0.115600
85  0.000011 8.580575 -0.000099  0.088213 -0.007187 0.334605
86  0.000169 8.689829 -0.000040  0.065327 -0.412430 -0.134517
87  -1.514532 2.104640 0.318056  -0.024895 3.094491 1.569496
88  0.000193 6.982282 0.000012  -0.107589 -0.057625 -0.215716
89  -0.000009 8.382877 -0.000069  0.135032 -0.099914 0.287073
90  -0.000062 8.697673 0.000023  -0.148090 -0.510100 0.044839
91  -0.000137 8.921824 0.000080  -0.236827 -0.892636 0.098805
92  3.553619 -3.478043 2.409277  0.000820 0.762046 1.535309
93  0.000000 4.476904 -0.000008  -0.151004 -0.588330 0.377260
94  0.000031 4.514119 -0.000024  -0.228866 -2.996199 0.592367
95  0.000043 4.518387 -0.000023  0.143172 2.612777 0.693384
96  0.000022 3.598334 0.000026  -0.749302 0.869852 -0.773233
97  4.209909 -0.440346 1.018823  -1.559241 -2.046798 -0.187566
98  4.265505 1.434228 -0.404992  -1.596180 -0.163606 -0.952080
99  9.400236 0.017941 0.083203  -0.004614 -0.047983 -0.230663
100  10.242417 0.033591 0.064479  1.791736 -0.146064 0.063446
101  3.465852 -0.059680 0.016693  0.015174 -0.153587 -0.741386
102  1.655597 -0.000020 0.000021  0.037658 -0.123530 -0.603200
103  0.960769 -0.000002 -0.000007  0.022472 -0.062570 -0.580852
104  3.462023 -0.064246 0.939908  0.338653 -0.051411 -0.587316
105  1.497179 -0.000008 0.000021  -0.484972 -0.062472 -0.186803
106  0.793763 0.000004 -0.000002  -0.009351 0.025005 -0.492494
107  0.591659 -0.460692 0.835206  -0.904981 -0.365290 -0.566501
108  1.556140 -0.000003 -0.000000  -0.188408 0.088995 0.366135
109  1.135907 0.000017 0.000004  0.133872 0.037225 0.542743
110  3.084266 -0.668822 -1.257085  -0.690151 -0.141566 -0.759747
111  1.064199 -0.000004 0.000006  0.013073 0.067697 -0.411093
112  0.640336 0.000004 -0.000008  -0.000036 0.003958 -0.232429
113  3.396818 -0.242138 -0.708690  -0.344014 -0.172476 -0.825842
114  1.532966 0.000008 0.000007  0.012097 -0.005657 -0.568235
115  0.832975 -0.000004 -0.000002  0.005529 0.001649 -0.744827
116  4.209935 -0.440345 -1.019279  1.934488 2.044354 0.148569
117  4.266746 1.424938 0.424938  1.727492 0.102179 -0.968964
118  9.398566 0.011949 -0.082515  0.007643 0.044398 -0.159165
119  10.242442 0.028176 -0.062906  -1.597107 0.029758 0.154664
120  3.465749 -0.067530 0.002268  -0.005844 0.148821 -0.740701
121  1.655559 0.000005 0.000006  -0.037276 0.121241 -0.603277
122  0.960906 0.000006 -0.000000  -0.019410 0.060049 -0.581065
123  3.466858 -0.077783 -0.920909  -0.334503 0.045620 -0.587765
124  1.497260 -0.000034 -0.000022  -0.419774 0.061213 -0.186138
125  0.793788 -0.000006 -0.000001  -0.057464 0.165214 -0.422821
126  0.595080 -0.467154 -0.829175  2.133609 0.374723 -0.383690
127  1.555674 0.000017 -0.000003  0.303940 0.019784 0.376648
128  1.136807 -0.000008 -0.000001  -0.008389 0.161283 0.505392
129  3.075976 -0.667969 1.277701  0.695390 0.134611 -0.758462
130  1.064587 0.000018 0.000012  -0.025227 -0.074931 -0.409787
131  0.640361 -0.000017 -0.000004  0.000081 -0.005196 -0.232464
132  3.392416 -0.245372 0.728376  0.340922 0.163320 -0.826668
133  1.532738 -0.000008 -0.000002  -0.009945 0.007012 -0.568062
134  0.833153 0.000008 0.000005  -0.005742 -0.004029 -0.744748
135  3.590107 -3.090295 1.193972  1.635457 1.210566 1.548541
136  3.589557 -3.089880 -1.196372  -1.505736 1.210473 -1.592853
137  -0.436563 4.719026 -0.001076  -0.000606 -1.570733 1.692975
138  0.000000 2.775453 -0.000235  -0.135089 0.000001 -0.000000
139  -0.000000 3.189763 0.000008  0.207820 -0.000000 0.000000
140  -0.000000 3.504656 0.000042  -0.261876 0.000000 -0.000000
141  0.000000 2.863195 -0.000002  -0.051268 0.000000 -0.000000
time 15
0  5.513566 -3.275478 41.200905  1.570796 0.000000 -0.000000
1  0.002636 43.025146 0.734438  0.078517 -0.043632 -0.005250
2  3.061857 -4.181015 -0.610804  -1.848092 -0.281367 -1.533579
3  18.476778 0.000159 -0.000001  0.002746 -0.033556 0.440397
4  17.490086 0.000117 0.000003  0.194582 0.158126 -1.229652
5  -3.065330 -4.183576 -0.611480  -1.422397 -0.268155 -1.673909
6  18.474855 -0.000033 -0.000007  0.000861 0.058882 0.754324
7  17.489584 0.001916 -0.000006  -0.014507 -0.135533 -1.340568
8  -0.000117 -0.048882 -0.576226  1.583219 0.162121 1.589076
9  3.224486 0.767047 0.000496  0.013608 0.005720 0.027830
10  3.223896 0.226399 -0.001944  0.009900 0.001478 0.241617
11  5.187320 -1.262561 -0.001177  0.000012 0.000066 0.194111
12  6.928412 -1.935312 -0.000228  3.130268 -0.019635 0.273262
13  3.236367 1.079606 0.000057  0.009845 0.012677 0.445109
14  0.833761 3.805352 0.692956  -0.040492 0.554885 1.469871
15  0.000040 6.792205 0.000041  0.007991 0.036071 -0.011407
16  -0.000067 7.744815 0.000017  -0.017442 -0.155305 0.068151
17  0.000072 7.809703 0.000017  -0.033636 0.005025 0.006142
18  -0.000026 7.867672 0.000017  -0.073330 -0.127909 0.026377
19  3.494701 -1.749092 -3.006912  0.152543 2.070419 1.936944
20  0.000120 4.478322 0.000018  -0.194660 0.310432 -0.234994
21  0.000050 4.636117 -0.000029  0.035824 0.324593 -0.151767
22  -0.000046 5.008650 0.000013  0.075997 -0.286565 0.276092
23  0.000065 4.781160 0.000010  0.904395 -2.690903 -0.015799
24  2.253041 1.989060 -3.350106  -1.523633 1.324497 0.112398
25  0.000159 6.589468 0.000170  0.206353 -0.002129 -0.080394
26  0.000039 7.491418 0.000040  -0.333511 0.184455 -0.191167
27  0.000025 7.660309 -0.000057  -0.063176 0.127195 -0.062118
28  0.000007 7.256274 0.000020  -0.052938 -0.487829 0.313813
29  -0.791154 2.265121 -1.234655  -0.753900 1.136377 0.824671
30  -0.000257 8.572262 -0.000093  -0.222843 -0.296789 0.176503
31  -0.000095 8.117215 0.000048  0.072256 0.772520 -0.285589
32  -0.000082 8.230032 -0.000069  -0.080492 -0.347232 0.072254
33  0.000060 7.366720 0.000054  -0.015395 -0.663893 0.062742
34  0.224214 0.240127 -3.218158  -0.877385 1.468889 0.577822
35  -0.000100 7.721053 -0.000308  -0.283828 0.060497 -0.167555
36  -0.000030 7.374848 -0.000002  0.007536 -0.195021 0.049539
37  0.000075 6.848105 0.000006  0.005484 0.006496 -0.033649
38  -0.000050 7.777863 0.000009  -0.186096 0.182474 -0.152846
39  -1.514472 2.104649 -1.150167  -0.029091 0.541320 1.555677
40  -0.000167 6.982344 -0.000075  -0.199699 -0.041212 0.153489
41  0.000038 8.382866 -0.000072  0.044865 0.587986 -0.257962
42  0.000011 8.697708 -0.000026  -0.102637 -0.474318 0.290945
43  0.000056 8.921805 -0.000004  -0.076258 0.581004 -0.195605
44  1.196190 2.899156 -2.353086  -0.449719 1.030105 1.287428
45  0.000106 5.476954 0.000007  0.285576 -0.099353 -0.038446
46  -0.000073 6.060435 -0.000088  -0.155024 -0.575031 0.384611
47  0.000019 5.994256 0.000029  0.033942 0.288575 -0.067731
48  -0.000008 6.100485 0.000001  -0.068405 0.299273 -0.162152
49  0.000035 6.916763 0.000009  -0.096318 0.220533 -0.107966
50  0.000150 6.435063 -0.000043  -0.037459 0.171630 -0.116573
51  1.092792 3.649514 -1.738794  -0.148600 0.876612 1.445020
52  -0.000127 6.792203 -0.000102  0.008284 0.107792 -0.048643
53  -0.000088 7.744776 -0.000029  0.057137 -0.256893 0.015458
54  0.000087 9.115022 -0.000037  -0.020393 0.256253 -0.142636
55  3.494508 -1.749103 3.007064  0.118403 1.106974 1.813811
56  0.000014 4.323832 0.000086  -0.229910 -0.770942 0.449225
57  0.000028 4.872897 -0.000019  0.367245 -0.664051 -0.254035
58  0.000004 5.056651 0.000089  -0.511235 0.856587 -0.546321
59  2.292467 1.708616 3.661675  -1.762556 1.789111 -0.218970
60  -0.000173 6.589430 0.000276  -0.007133 -0.169123 0.176909
61  0.000171 7.491490 -0.000149  -0.132413 -0.107097 0.179327
62  -0.000140 8.249657 0.000143  0.041913 -0.058209 0.015814
63  0.000075 8.605238 -0.000023  0.101585 0.501824 -0.079697
64  -0.240494 2.066072 2.349267  -0.357330 2.461714 1.296081
65  -0.000085 7.721110 -0.000004  -0.208231 -0.126223 -0.116495
66  -0.000126 7.374854 -0.000048  -0.111017 0.046939 -0.046464
67  -0.000035 6.848063 -0.000028  0.273531 0.247523 0.299908
68  0.000034 7.777828 -0.000042  0.072921 0.186148 -0.052689
69  -0.000084 8.178059 0.000014  -0.087029 -0.422849 -0.381357
70  1.617608 3.431412 2.399266  -0.249455 2.569515 1.508572
71  -0.000163 5.476942 -0.000029  0.057729 0.074072 0.060286
72  -0.000092 6.060500 -0.000007  -0.015203 0.015650 -0.152065
73  0.000025 5.994248 0.000012  -0.126214 -0.157657 0.153302
74  -0.000077 7.076876 -0.000046  -0.008117 0.010384 0.036401
75  0.000005 7.089871 -0.000070  0.070875 0.098587 -0.025893
76  0.361106 0.886682 3.287746  -0.576373 1.978710 0.939011
77  -0.000067 6.686641 0.000225  -0.146569 0.414164 -0.327707
78  -0.000011 7.638016 0.000013  -0.079523 -0.025948 0.130956
79  -0.000032 7.290225 -0.000022  0.025325 -0.093908 0.023962
80  -0.000036 6.530366 0.000005  -0.261847 -0.300601 0.006735
81  0.000062 7.224876 0.000010  0.036506 0.032481 -0.175823
82  1.071898 3.225797 1.570115  -0.043807 2.859975 1.526247
83  0.000416 6.748907 -0.000067  -0.062702 0.083783 0.022201
84  -0.000047 8.002646 0.000026  -0.067496 -0.117208 -0.115600
85  0.000013 8.580568 -0.000097  0.088213 -0.007187 0.334605
86  0.000170 8.689832 -0.000041  0.065327 -0.412430 -0.134517
87  -1.514534 2.104640 0.318056  -0.024895 3.094491 1.569496
88  0.000192 6.982282 0.000011  -0.107589 -0.057625 -0.215716
89  -0.000009 8.382875 -0.000067  0.135032 -0.099914 0.287073
90  -0.000061 8.697675 0.000024  -0.148090 -0.510100 0.044839
91  -0.000137 8.921818 0.000078  -0.236827 -0.892635 0.098805
92  3.553617 -3.478045 2.409277  0.000820 0.762046 1.535309
93  -0.000000 4.476907 -0.000008  -0.151004 -0.588330 0.377260
94  0.000032 4.514122 -0.000022  -0.228866 -2.996199 0.592367
95  0.000043 4.518389 -0.000023  0.143172 2.612777 0.693384
96  0.000024 3.598333 0.000023  -0.749303 0.869852 -0.773233
97  4.209921 -0.440345 1.018823  -1.563557 -2.047098 -0.183729
98  4.265509 1.434229 -0.404992  -1.597442 -0.155484 -0.948583
99  9.400233 0.017941 0.083201  -0.004503 -0.048091 -0.232702
100  10.242418 0.033590 0.064481  1.797400 -0.146950 0.060043
101  3.465851 -0.059679 0.016693  0.015174 -0.153587 -0.741386
102  1.655591 -0.000023 0.000021  0.037658 -0.123530 -0.603199
103  0.960770 -0.000004 -0.000007  0.022472 -0.062570 -0.580852
104  3.462029 -0.064246 0.939908  0.338653 -0.051411 -0.587316
105  1.497176 -0.000008 0.000022  -0.484972 -0.062472 -0.186803
106  0.793755 0.000001 -0.000001  -0.009351 0.025005 -0.492494
107  0.591660 -0.460691 0.835206  -0.904981 -0.365290 -0.566501
108  1.556138 0.000001 0.000000  -0.188408 0.088995 0.366135
109  1.135900 0.000017 0.000004  0.133872 0.037225 0.542743
110  3.084268 -0.668821 -1.257085  -0.690151 -0.141566 -0.759747
111  1.064206 -0.000003 0.000005  0.013073 0.067697 -0.411093
112  0.640340 0.000008 -0.000007  -0.000036 0.003958 -0.232428
113  3.396819 -0.242138 -0.708689  -0.344014 -0.172476 -0.825842
114  1.532970 0.000007 0.000006  0.012097 -0.005657 -0.568235
115  0.832976 -0.000001 -0.000003  0.005529 0.001649 -0.744827
116  4.209944 -0.440343 -1.019279  1.942484 2.043716 0.156052
117  4.266745 1.424939 0.424939  1.723190 0.107404 -0.970991
118  9.398562 0.011949 -0.082517  0.007593 0.044456 -0.160151
119  10.242441 0.028177 -0.062907  -1.599876 0.026012 0.153712
120  3.465749 -0.067526 0.002268  -0.005844 0.148821 -0.740701
121  1.655555 0.000006 0.000006  -0.037276 0.121241 -0.603277
122  0.960905 0.000002 -0.000001  -0.019410 0.060049 -0.581064
123  3.466853 -0.077780 -0.920909  -0.334503 0.045620 -0.587766
124  1.497257 -0.000033 -0.000023  -0.419774 0.061213 -0.186138
125  0.793786 -0.000006 -0.000001  -0.057464 0.165214 -0.422821
126  0.595079 -0.467151 -0.829176  2.133609 0.374723 -0.383691
127  1.555674 0.000016 -0.000003  0.303940 0.019784 0.376648
128  1.136816 -0.000009 -0.000002  -0.008389 0.161283 0.505392
129  3.075973 -0.667967 1.277701  0.695390 0.134611 -0.758462
130  1.064592 0.000020 0.000012  -0.025227 -0.074931 -0.409787
131  0.640360 -0.000016 -0.000003  0.000082 -0.005196 -0.232464
132  3.392411 -0.245369 0.728376  0.340922 0.163320 -0.826668
133  1.532736 -0.000007 -0.000002  -0.009945 0.007012 -0.568062
134  0.833152 0.000008 0.000006  -0.005742 -0.004029 -0.744748
135  3.590106 -3.090295 1.193972  1.635457 1.210566 1.548541
136  3.589553 -3.089880 -1.196373  -1.505736 1.210473 -1.592853
137  -0.436566 4.719024 -0.001076  -0.000609 -1.570733 1.693046
138  0.000000 2.775453 -0.000236  -0.135089 0.000001 -0.000000
139  -0.000000 3.189769 0.000007  0.207820 -0.000000 0.000000
140  -0.000000 3.504660 0.000044  -0.261876 0.000000 -0.000000
141  -0.000000 2.863204 -0.000002  -0.051268 0.000000 -0.000000
time 16
0  5.679536 -3.640914 41.186005  1.570796 0.000000 -0.000000
1  0.002636 43.025146 0.734438  0.069912 -0.016133 -0.008241
2  3.061857 -4.181015 -0.610804  -1.821167 -0.268603 -1.540776
3  18.476772 0.000159 -0.000001  0.002749 -0.033961 0.445339
4  17.490086 0.000117 0.000004  0.198855 0.157640 -1.238961
5  -3.065329 -4.183576 -0.611480  -1.419929 -0.312858 -1.672642
6  18.474857 -0.000033 -0.000007  0.002562 0.063795 0.817874
7  17.489584 0.001916 -0.000007  -0.012420 -0.141669 -1.353204
8  -0.000117 -0.048881 -0.576226  1.580703 0.160084 1.589059
9  3.224482 0.767046 0.000496  0.011005 0.004627 0.030563
10  3.223907 0.226399 -0.001944  0.008005 0.001180 0.243483
11  5.187321 -1.262561 -0.001177  0.000012 0.000066 0.194111
12  6.928406 -1.935311 -0.000227  3.125675 -0.013966 0.275317
13  3.236362 1.079611 0.000057  -0.001665 0.006408 0.440539
14  0.833769 3.805351 0.692955  -0.040492 0.554885 1.469871
15  0.000038 6.792207 0.000039  0.007991 0.036070 -0.011407
16  -0.000067 7.744817 0.000015  -0.017442 -0.155305 0.068151
17  0.000074 7.809707 0.000017  -0.033636 0.005025 0.006142
18  -0.000025 7.867674 0.000017  -0.073330 -0.127909 0.026377
19  3.494709 -1.749094 -3.006912  0.152543 2.070420 1.936944
20  0.000119 4.478330 0.000018  -0.194660 0.310432 -0.234994
21  0.000049 4.636118 -0.000030  0.035824 0.324593 -0.151767
22  -0.000045 5.008651 0.000013  0.075997 -0.286565 0.276092
23  0.000065 4.781161 0.000010  0.904395 -2.690903 -0.015799
24  2.253045 1.989057 -3.350106  -1.523633 1.324497 0.112398
25  0.000159 6.589465 0.000171  0.206353 -0.002129 -0.080394
26  0.000040 7.491414 0.000042  -0.333511 0.184455 -0.191167
27  0.000028 7.660303 -0.000055  -0.063176 0.127195 -0.062118
28  0.000007 7.256265 0.000019  -0.052938 -0.487829 0.313813
29  -0.791157 2.265117 -1.234655  -0.753900 1.136377 0.824671
30  -0.000258 8.572265 -0.000090  -0.222843 -0.296789 0.176503
31  -0.000094 8.117216 0.000049  0.072256 0.772520 -0.285589
32  -0.000082 8.230039 -0.000071  -0.080492 -0.347232 0.072254
33  0.000059 7.366728 0.000054  -0.015396 -0.663892 0.062742
34  0.224217 0.240125 -3.218157  -0.877385 1.468889 0.577822
35  -0.000101 7.721051 -0.000308  -0.283828 0.060497 -0.167555
36  -0.000031 7.374853 -0.000002  0.007536 -0.195021 0.049539
37  0.000076 6.848098 0.000006  0.005484 0.006496 -0.033649
38  -0.000050 7.777861 0.000008  -0.186096 0.182474 -0.152846
39  -1.514464 2.104647 -1.150167  -0.029091 0.541320 1.555677
40  -0.000166 6.982345 -0.000077  -0.199699 -0.041212 0.153489
41  0.000039 8.382855 -0.000072  0.044865 0.587986 -0.257962
42  0.000011 8.697704 -0.000026  -0.102637 -0.474318 0.290945
43  0.000057 8.921805 -0.000003  -0.076258 0.581004 -0.195605
44  1.196194 2.899153 -2.353086  -0.449719 1.030105 1.287428
45  0.000107 5.476942 0.000006  0.285576 -0.099353 -0.038446
46  -0.000072 6.060438 -0.000091  -0.155024 -0.575031 0.384611
47  0.000020 5.994258 0.000029  0.033942 0.288575 -0.067731
48  -0.000008 6.100488 0.000001  -0.068405 0.299273 -0.162152
49  0.000035 6.916755 0.000007  -0.096318 0.220533 -0.107966
50  0.000149 6.435062 -0.000045  -0.037459 0.171630 -0.116573
51  1.092803 3.649513 -1.738794  -0.148600 0.876612 1.445020
52  -0.000128 6.792208 -0.000104  0.008284 0.107792 -0.048643
53  -0.000087 7.744775 -0.000030  0.057137 -0.256893 0.015458
54  0.000087 9.115017 -0.000038  -0.020393 0.256253 -0.142636
55  3.494520 -1.749104 3.007063  0.118403 1.106974 1.813811
56  0.000014 4.323839 0.000087  -0.229910 -0.770942 0.449225
57  0.000025 4.872901 -0.000021  0.367245 -0.664051 -0.254035
58  0.000004 5.056647 0.000096  -0.511235 0.856587 -0.546321
59  2.292475 1.708614 3.661675  -1.762556 1.789111 -0.218970
60  -0.000175 6.589442 0.000274  -0.007133 -0.169122 0.176909
61  0.000174 7.491493 -0.000149  -0.132413 -0.107097 0.179327
62  -0.000137 8.249659 0.000142  0.041913 -0.058209 0.015814
63  0.000075 8.605243 -0.000024  0.101585 0.501824 -0.079697
64  -0.240482 2.066071 2.349267  -0.357330 2.461715 1.296081
65  -0.000091 7.721098 -0.000005  -0.208231 -0.126223 -0.116495
66  -0.000122 7.374859 -0.000048  -0.111017 0.046939 -0.046464
67  -0.000037 6.848061 -0.000027  0.273531 0.247522 0.299908
68  0.000030 7.777823 -0.000045  0.072921 0.186148 -0.052689
69  -0.000083 8.178053 0.000012  -0.087029 -0.422849 -0.381357
70  1.617607 3.431408 2.399265  -0.249454 2.569515 1.508572
71  -0.000162 5.476950 -0.000028  0.057729 0.074072 0.060286
72  -0.000092 6.060488 -0.000007  -0.015203 0.015650 -0.152065
73  0.000025 5.994247 0.000011  -0.126214 -0.157657 0.153302
74  -0.000077 7.076870 -0.000045  -0.008117 0.010384 0.036401
75  0.000003 7.089869 -0.000071  0.070875 0.098587 -0.025893
76  0.361118 0.886682 3.287746  -0.576373 1.978710 0.939011
77  -0.000066 6.686644 0.000223  -0.146569 0.414164 -0.327707
78  -0.000012 7.638023 0.000012  -0.079523 -0.025948 0.130956
79  -0.000032 7.290235 -0.000022  0.025325 -0.093908 0.023962
80  -0.000034 6.530368 0.000005  -0.261847 -0.300601 0.006734
81  0.000063 7.224880 0.000008  0.036506 0.032481 -0.175823
82  1.071901 3.225795 1.570115  -0.043807 2.859975 1.526247
83  0.000416 6.748907 -0.000066  -0.062702 0.083783 0.022201
84  -0.000051 8.002639 0.000026  -0.067496 -0.117208 -0.115600
85  0.000012 8.580567 -0.000097  0.088213 -0.007187 0.334605
86  0.000171 8.689831 -0.000041  0.065327 -0.412430 -0.134517
87  -1.514528 2.104639 0.318056  -0.024895 3.094491 1.569496
88  0.000192 6.982287 0.000011  -0.107589 -0.057625 -0.215716
89  -0.000009 8.382874 -0.000067  0.135032 -0.099914 0.287073
90  -0.000060 8.697671 0.000024  -0.148090 -0.510100 0.044839
91  -0.000135 8.921821 0.000079  -0.236827 -0.892636 0.098805
92  3.553620 -3.478045 2.409277  0.000820 0.762046 1.535309
93  0.000000 4.476907 -0.000009  -0.151004 -0.588330 0.377260
94  0.000031 4.514121 -0.000024  -0.228866 -2.996199 0.592367
95  0.000045 4.518387 -0.000022  0.143172 2.612777 0.693384
96  0.000023 3.598326 0.000023  -0.749302 0.869852 -0.773233
97  4.209917 -0.440344 1.018824  -1.567888 -2.047740 -0.179881
98  4.265507 1.434238 -0.404992  -1.599989 -0.147599 -0.944886
99  9.400230 0.017941 0.083203  -0.004496 -0.048097 -0.232830
100  10.242417 0.033592 0.064482  1.801446 -0.146623 0.056800
101  3.465856 -0.059678 0.016694  0.015174 -0.153587 -0.741386
102  1.655597 -0.000021 0.000022  0.037658 -0.123530 -0.603199
103  0.960766 -0.000006 -0.000004  0.022472 -0.062570 -0.580852
104  3.462027 -0.064246 0.939909  0.338653 -0.051411 -0.587316
105  1.497176 -0.000007 0.000021  -0.484972 -0.062472 -0.186803
106  0.793759 0.000002 -0.000001  -0.009351 0.025005 -0.492494
107  0.591662 -0.460692 0.835207  -0.904981 -0.365290 -0.566501
108  1.556144 0.000003 0.000001  -0.188408 0.088995 0.366135
109  1.135901 0.000017 0.000003  0.133872 0.037225 0.542743
110  3.084273 -0.668822 -1.257085  -0.690151 -0.141566 -0.759747
111  1.064202 -0.000005 0.000005  0.013073 0.067697 -0.411093
112  0.640337 0.000004 -0.000007  -0.000036 0.003958 -0.232429
113  3.396825 -0.242138 -0.708689  -0.344014 -0.172476 -0.825841
114  1.532966 0.000009 0.000005  0.012097 -0.005657 -0.568235
115  0.832975 -0.000001 -0.000004  0.005529 0.001649 -0.744827
116  4.209938 -0.440341 -1.019279  1.950773 2.043132 0.163806
117  4.266746 1.424944 0.424938  1.719889 0.107629 -0.972910
118  9.398569 0.011950 -0.082517  0.007567 0.044485 -0.160644
119  10.242435 0.028177 -0.062908  -1.601469 0.021462 0.152952
120  3.465747 -0.067529 0.002267  -0.005844 0.148821 -0.740701
121  1.655560 0.000006 0.000005  -0.037276 0.121241 -0.603277
122  0.960909 0.000004 -0.000000  -0.019410 0.060049 -0.581065
123  3.466855 -0.077782 -0.920910  -0.334503 0.045620 -0.587765
124  1.497258 -0.000035 -0.000023  -0.419774 0.061213 -0.186138
125  0.793790 -0.000007 -0.000000  -0.057464 0.165214 -0.422821
126  0.595079 -0.467152 -0.829176  2.133609 0.374723 -0.383690
127  1.555673 0.000016 -0.000004  0.303940 0.019784 0.376648
128  1.136814 -0.000009 -0.000002  -0.008389 0.161283 0.505392
129  3.075972 -0.667967 1.277700  0.695390 0.134611 -0.758462
130  1.064594 0.000018 0.000012  -0.025227 -0.074931 -0.409787
131  0.640362 -0.000015 -0.000002  0.000081 -0.005196 -0.232464
132  3.392409 -0.245370 0.728376  0.340922 0.163320 -0.826668
133  1.532738 -0.000009 -0.000001  -0.009945 0.007012 -0.568062
134  0.833150 0.000007 0.000005  -0.005742 -0.004029 -0.744748
135  3.590110 -3.090295 1.193972  1.635457 1.210566 1.548541
136  3.589558 -3.089881 -1.196373  -1.505736 1.210473 -1.592853
137  -0.436559 4.719024 -0.001076  -0.000602 -1.570733 1.692994
138  0.000000 2.775456 -0.000237  -0.135089 0.000001 -0.000000
139  -0.000000 3.189767 0.000008  0.207820 -0.000000 0.000000
140  0.000000 3.504656 0.000046  -0.261876 0.000000 -0.000000
141  -0.000000 2.863201 -0.000003  -0.051268 0.000000 -0.000000
time 17
0  5.796261 -3.978791 41.168324  1.570796 0.000000 -0.000000
1  0.002636 43.025146 0.734438  0.066267 0.013859 -0.010532
2  3.061857 -4.181011 -0.610804  -1.792137 -0.261564 -1.547331
3  18.476770 0.000158 -0.000001  0.002751 -0.034357 0.450175
4  17.490088 0.000117 0.000003  0.202415 0.158060 -1.247479
5  -3.065329 -4.183578 -0.611479  -1.426625 -0.353450 -1.670758
6  18.474852 -0.000036 -0.000008  0.003646 0.066486 0.853344
7  17.489586 0.001915 -0.000006  -0.008210 -0.139741 -1.362129
8  -0.000117 -0.048882 -0.576226  1.580077 0.160167 1.588724
9  3.224481 0.767046 0.000496  0.010755 0.003002 0.030417
10  3.223914 0.226400 -0.001944  0.007578 0.000146 0.243387
11  5.187319 -1.262559 -0.001177  0.000012 0.000066 0.194111
12  6.928409 -1.935309 -0.000227  3.119617 -0.005738 0.277075
13  3.236367 1.079616 0.000057  -0.017653 -0.003210 0.436310
14  0.833762 3.805355 0.692955  -0.040492 0.554885 1.469872
15  0.000039 6.792202 0.000040  0.007991 0.036070 -0.011407
16  -0.000066 7.744813 0.000017  -0.017442 -0.155305 0.068151
17  0.000073 7.809699 0.000018  -0.033636 0.005025 0.006142
18  -0.000026 7.867672 0.000017  -0.073330 -0.127909 0.026376
19  3.494702 -1.749091 -3.006912  0.152543 2.070419 1.936944
20  0.000119 4.478319 0.000018  -0.194660 0.310432 -0.234994
21  0.000047 4.636115 -0.000030  0.035824 0.324593 -0.151767
22  -0.000041 5.008651 0.000013  0.075997 -0.286565 0.276092
23  0.000063 4.781161 0.000010  0.904395 -2.690903 -0.015799
24  2.253035 1.989059 -3.350106  -1.523633 1.324497 0.112398
25  0.000160 6.589466 0.000170  0.206353 -0.002129 -0.080394
26  0.000041 7.491414 0.000043  -0.333511 0.184455 -0.191167
27  0.000027 7.660305 -0.000056  -0.063176 0.127195 -0.062118
28  0.000009 7.256269 0.000018  -0.052938 -0.487829 0.313813
29  -0.791158 2.265120 -1.234655  -0.753900 1.136377 0.824671
30  -0.000256 8.572263 -0.000090  -0.222843 -0.296789 0.176503
31  -0.000095 8.117217 0.000048  0.072256 0.772520 -0.285589
32  -0.000084 8.230035 -0.000070  -0.080492 -0.347232 0.072254
33  0.000057 7.366728 0.000055  -0.015396 -0.663893 0.062742
34  0.224217 0.240128 -3.218157  -0.877385 1.468889 0.577822
35  -0.000101 7.721051 -0.000307  -0.283828 0.060497 -0.167555
36  -0.000030 7.374854 -0.000001  0.007536 -0.195021 0.049539
37  0.000078 6.848103 0.000007  0.005484 0.006496 -0.033649
38  -0.000050 7.777866 0.000008  -0.186096 0.182474 -0.152846
39  -1.514471 2.104649 -1.150167  -0.029091 0.541320 1.555677
40  -0.000169 6.982354 -0.000077  -0.199699 -0.041212 0.153489
41  0.000038 8.382865 -0.000073  0.044865 0.587986 -0.257962
42  0.000012 8.697704 -0.000026  -0.102637 -0.474318 0.290945
43  0.000057 8.921800 -0.000003  -0.076258 0.581004 -0.195605
44  1.196191 2.899155 -2.353086  -0.449719 1.030105 1.287428
45  0.000105 5.476948 0.000007  0.285576 -0.099353 -0.038446
46  -0.000073 6.060440 -0.000092  -0.155024 -0.575031 0.384611
47  0.000019 5.994262 0.000029  0.033942 0.288575 -0.067731
48  -0.000008 6.100487 0.000000  -0.068405 0.299273 -0.162152
49  0.000035 6.916763 0.000008  -0.096318 0.220533 -0.107966
50  0.000149 6.435056 -0.000044  -0.037459 0.171630 -0.116573
51  1.092798 3.649515 -1.738794  -0.148600 0.876612 1.445020
52  -0.000128 6.792203 -0.000103  0.008285 0.107792 -0.048643
53  -0.000090 7.744776 -0.000030  0.057137 -0.256893 0.015458
54  0.000086 9.115021 -0.000040  -0.020393 0.256253 -0.142636
55  3.494515 -1.749101 3.007064  0.118403 1.106974 1.813811
56  0.000014 4.323834 0.000087  -0.229910 -0.770942 0.449225
57  0.000028 4.872890 -0.000022  0.367245 -0.664051 -0.254035
58  0.000004 5.056648 0.000093  -0.511235 0.856587 -0.546321
59  2.292462 1.708616 3.661675  -1.762556 1.789111 -0.218970
60  -0.000174 6.589437 0.000274  -0.007133 -0.169123 0.176909
61  0.000173 7.491494 -0.000149  -0.132413 -0.107098 0.179327
62  -0.000143 8.249656 0.000143  0.041913 -0.058209 0.015814
63  0.000071 8.605237 -0.000026  0.101585 0.501824 -0.079697
64  -0.240488 2.066073 2.349267  -0.357330 2.461715 1.296081
65  -0.000085 7.721104 -0.000003  -0.208231 -0.126223 -0.116495
66  -0.000122 7.374865 -0.000044  -0.111017 0.046939 -0.046464
67  -0.000037 6.848065 -0.000025  0.273531 0.247523 0.299908
68  0.000032 7.777819 -0.000044  0.072921 0.186148 -0.052689
69  -0.000082 8.178055 0.000013  -0.087029 -0.422849 -0.381357
70  1.617611 3.431412 2.399266  -0.249455 2.569515 1.508572
71  -0.000164 5.476947 -0.000029  0.057729 0.074072 0.060286
72  -0.000089 6.060497 -0.000006  -0.015203 0.015650 -0.152065
73  0.000025 5.994247 0.000012  -0.126214 -0.157657 0.153302
74  -0.000075 7.076881 -0.000046  -0.008117 0.010385 0.036401
75  0.000007 7.089863 -0.000071  0.070875 0.098587 -0.025893
76  0.361107 0.886683 3.287746  -0.576373 1.978710 0.939011
77  -0.000066 6.686641 0.000224  -0.146569 0.414164 -0.327707
78  -0.000010 7.638021 0.000012  -0.079523 -0.025948 0.130956
79  -0.000030 7.290233 -0.000022  0.025325 -0.093908 0.023962
80  -0.000033 6.530367 0.000004  -0.261847 -0.300601 0.006735
81  0.000063 7.224879 0.000008  0.036506 0.032481 -0.175823
82  1.071897 3.225798 1.570115  -0.043807 2.859975 1.526247
83  0.000414 6.748903 -0.000066  -0.062702 0.083783 0.022201
84  -0.000047 8.002640 0.000027  -0.067496 -0.117208 -0.115600
85  0.000011 8.580570 -0.000097  0.088213 -0.007187 0.334605
86  0.000170 8.689836 -0.000041  0.065327 -0.412430 -0.134517
87  -1.514536 2.104639 0.318055  -0.024895 3.094491 1.569496
88  0.000193 6.982277 0.000012  -0.107589 -0.057625 -0.215716
89  -0.000009 8.382874 -0.000067  0.135032 -0.099914 0.287073
90  -0.000060 8.697672 0.000023  -0.148090 -0.510100 0.044839
91  -0.000135 8.921821 0.000080  -0.236827 -0.892635 0.098805
92  3.553613 -3.478045 2.409277  0.000820 0.762046 1.535309
93  0.000000 4.476908 -0.000006  -0.151004 -0.588330 0.377260
94  0.000031 4.514123 -0.000024  -0.228866 -2.996199 0.592367
95  0.000047 4.518381 -0.000023  0.143172 2.612777 0.693384
96  0.000023 3.598328 0.000023  -0.749302 0.869852 -0.773233
97  4.209925 -0.440344 1.018824  -1.571687 -2.049035 -0.176507
98  4.265510 1.434228 -0.404992  -1.604354 -0.140973 -0.941306
99  9.400232 0.017941 0.083202  -0.004662 -0.047936 -0.229771
100  10.242423 0.033590 0.064481  1.801681 -0.144171 0.054096
101  3.465855 -0.059679 0.016693  0.015174 -0.153587 -0.741386
102  1.655597 -0.000020 0.000022  0.037658 -0.123530 -0.603200
103  0.960772 -0.000001 -0.000008  0.022472 -0.062570 -0.580853
104  3.462029 -0.064246 0.939908  0.338653 -0.051411 -0.587316
105  1.497170 -0.000007 0.000021  -0.484972 -0.062472 -0.186803
106  0.793764 0.000003 -0.000001  -0.009351 0.025005 -0.492494
107  0.591663 -0.460692 0.835206  -0.904981 -0.365290 -0.566501
108  1.556141 0.000002 0.000000  -0.188408 0.088995 0.366135
109  1.135904 0.000017 0.000004  0.133872 0.037225 0.542743
110  3.084269 -0.668820 -1.257085  -0.690151 -0.141566 -0.759747
111  1.064201 -0.000004 0.000006  0.013073 0.067697 -0.411093
112  0.640338 0.000004 -0.000008  -0.000036 0.003958 -0.232428
113  3.396823 -0.242138 -0.708689  -0.344014 -0.172476 -0.825842
114  1.532966 0.000008 0.000006  0.012097 -0.005657 -0.568235
115  0.832977 -0.000006 -0.000003  0.005529 0.001649 -0.744827
116  4.209942 -0.440340 -1.019279  1.959267 2.042649 0.171748
117  4.266745 1.424937 0.424937  1.720174 0.099615 -0.974652
118  9.398566 0.011950 -0.082516  0.007561 0.044492 -0.160776
119  10.242437 0.028177 -0.062908  -1.602228 0.016255 0.152254
120  3.465751 -0.067529 0.002268  -0.005844 0.148821 -0.740701
121  1.655560 0.000003 0.000005  -0.037276 0.121241 -0.603277
122  0.960909 0.000006 0.000001  -0.019410 0.060049 -0.581065
123  3.466858 -0.077781 -0.920909  -0.334503 0.045620 -0.587765
124  1.497255 -0.000035 -0.000023  -0.419774 0.061214 -0.186138
125  0.793785 -0.000010 0.000000  -0.057464 0.165214 -0.422821
126  0.595077 -0.467152 -0.829175  2.133609 0.374723 -0.383691
127  1.555676 0.000015 -0.000002  0.303940 0.019784 0.376648
128  1.136813 -0.000008 -0.000002  -0.008389 0.161283 0.505392
129  3.075978 -0.667969 1.277701  0.695390 0.134611 -0.758462
130  1.064590 0.000018 0.000011  -0.025227 -0.074931 -0.409787
131  0.640360 -0.000019 -0.000003  0.000082 -0.005196 -0.232464
132  3.392414 -0.245369 0.728377  0.340922 0.163320 -0.826668
133  1.532735 -0.000008 -0.000002  -0.009945 0.007012 -0.568062
134  0.833150 0.000006 0.000005  -0.005742 -0.004029 -0.744748
135  3.590108 -3.090294 1.193972  1.635457 1.210566 1.548541
136  3.589558 -3.089879 -1.196372  -1.505736 1.210473 -1.592853
137  -0.436562 4.719026 -0.001076  -0.000576 -1.570733 1.692985
138  -0.000000 2.775456 -0.000235  -0.135089 0.000001 -0.000000
139  0.000000 3.189770 0.000007  0.207820 -0.000000 0.000000
140  0.000000 3.504650 0.000044  -0.261876 0.000000 -0.000000
141  -0.000000 2.863203 -0.000003  -0.051268 0.000000 -0.000000
time 18
0  5.863342 -4.304705 41.151058  1.570796 0.000000 -0.000000
1  0.002636 43.025146 0.734438  0.065196 0.047345 -0.012491
2  3.061858 -4.181019 -0.610804  -1.761116 -0.258240 -1.552707
3  18.476776 0.000158 -0.000001  0.002751 -0.034823 0.455860
4  17.490086 0.000117 0.000003  0.205606 0.160504 -1.254310
5  -3.065330 -4.183579 -0.611480  -1.450783 -0.383442 -1.666480
6  18.474859 -0.000032 -0.000008  0.003600 0.066377 0.851889
7  17.489584 0.001915 -0.000006  0.002176 -0.119176 -1.371147
8  -0.000117 -0.048890 -0.576226  1.580330 0.161436 1.588117
9  3.224484 0.767047 0.000496  0.011610 0.000938 0.028661
10  3.223907 0.226399 -0.001944  0.007810 -0.001358 0.242196
11  5.187321 -1.262560 -0.001177  0.000012 0.000066 0.194111
12  6.928407 -1.935315 -0.000227  3.112334 0.004564 0.278681
13  3.236363 1.079614 0.000057  -0.037408 -0.015354 0.432176
14  0.833755 3.805351 0.692956  -0.040492 0.554885 1.469871
15  0.000042 6.792210 0.000039  0.007991 0.036070 -0.011407
16  -0.000066 7.744813 0.000017  -0.017442 -0.155305 0.068151
17  0.000073 7.809702 0.000018  -0.033636 0.005025 0.006142
18  -0.000025 7.867673 0.000017  -0.073330 -0.127909 0.026376
19  3.494695 -1.749094 -3.006912  0.152543 2.070420 1.936944
20  0.000120 4.478319 0.000018  -0.194660 0.310432 -0.234994
21  0.000048 4.636113 -0.000030  0.035824 0.324593 -0.151767
22  -0.000041 5.008646 0.000014  0.075997 -0.286565 0.276092
23  0.000066 4.781165 0.000011  0.904395 -2.690903 -0.015799
24  2.253031 1.989056 -3.350106  -1.523633 1.324497 0.112398
25  0.000161 6.589468 0.000169  0.206353 -0.002129 -0.080394
26  0.000044 7.491408 0.000040  -0.333511 0.184455 -0.191167
27  0.000024 7.660303 -0.000055  -0.063176 0.127195 -0.062118
28  0.000007 7.256276 0.000019  -0.052938 -0.487829 0.313813
29  -0.791169 2.265116 -1.234655  -0.753900 1.136377 0.824671
30  -0.000259 8.572267 -0.000090  -0.222843 -0.296789 0.176503
31  -0.000095 8.117208 0.000049  0.072256 0.772520 -0.285589
32  -0.000081 8.230035 -0.000073  -0.080492 -0.347232 0.072254
33  0.000060 7.366725 0.000054  -0.015395 -0.663893 0.062742
34  0.224208 0.240125 -3.218158  -0.877385 1.468889 0.577822
35  -0.000100 7.721050 -0.000308  -0.283828 0.060497 -0.167555
36  -0.000030 7.374849 -0.000002  0.007536 -0.195021 0.049539
37  0.000075 6.848103 0.000006  0.005484 0.006496 -0.033649
38  -0.000052 7.777862 0.000009  -0.186096 0.182474 -0.152846
39  -1.514470 2.104648 -1.150167  -0.029091 0.541320 1.555677
40  -0.000167 6.982343 -0.000076  -0.199699 -0.041212 0.153489
41  0.000038 8.382864 -0.000072  0.044865 0.587986 -0.257962
42  0.000014 8.697702 -0.000027  -0.102637 -0.474318 0.290945
43  0.000056 8.921807 -0.000004  -0.076258 0.581004 -0.195605
44  1.196187 2.899153 -2.353086  -0.449719 1.030105 1.287428
45  0.000107 5.476940 0.000007  0.285576 -0.099353 -0.038446
46  -0.000074 6.060437 -0.000091  -0.155024 -0.575031 0.384611
47  0.000018 5.994258 0.000029  0.033942 0.288575 -0.067731
48  -0.000007 6.100490 0.000001  -0.068405 0.299273 -0.162152
49  0.000033 6.916754 0.000010  -0.096318 0.220533 -0.107966
50  0.000150 6.435053 -0.000044  -0.037459 0.171630 -0.116573
51  1.092783 3.649512 -1.738794  -0.148600 0.876612 1.445020
52  -0.000129 6.792208 -0.000103  0.008284 0.107792 -0.048643
53  -0.000087 7.744772 -0.000032  0.057137 -0.256893 0.015458
54  0.000087 9.115018 -0.000037  -0.020393 0.256253 -0.142636
55  3.494505 -1.749105 3.007064  0.118403 1.106974 1.813811
56  0.000015 4.323827 0.000087  -0.229910 -0.770942 0.449225
57  0.000028 4.872897 -0.000023  0.367245 -0.664051 -0.254035
58  0.000003 5.056645 0.000094  -0.511235 0.856587 -0.546321
59  2.292459 1.708613 3.661675  -1.762556 1.789111 -0.218970
60  -0.000174 6.589439 0.000274  -0.007133 -0.169123 0.176909
61  0.000175 7.491495 -0.000148  -0.132413 -0.107098 0.179327
62  -0.000139 8.249662 0.000142  0.041913 -0.058209 0.015814
63  0.000074 8.605239 -0.000026  0.101585 0.501824 -0.079697
64  -0.240494 2.066071 2.349267  -0.357330 2.461715 1.296081
65  -0.000084 7.721112 -0.000004  -0.208231 -0.126223 -0.116495
66  -0.000122 7.374865 -0.000047  -0.111017 0.046939 -0.046464
67  -0.000036 6.848069 -0.000026  0.273531 0.247523 0.299908
68  0.000033 7.777826 -0.000044  0.072921 0.186148 -0.052689
69  -0.000085 8.178049 0.000008  -0.087029 -0.422849 -0.381357
70  1.617600 3.431409 2.399266  -0.249455 2.569515 1.508572
71  -0.000163 5.476945 -0.000031  0.057730 0.074072 0.060286
72  -0.000091 6.060493 -0.000006  -0.015203 0.015650 -0.152065
73  0.000025 5.994251 0.000011  -0.126214 -0.157657 0.153302
74  -0.000077 7.076874 -0.000047  -0.008117 0.010384 0.036401
75  0.000005 7.089871 -0.000073  0.070875 0.098587 -0.025893
76  0.361109 0.886682 3.287746  -0.576373 1.978710 0.939011
77  -0.000066 6.686639 0.000223  -0.146569 0.414164 -0.327707
78  -0.000011 7.638016 0.000013  -0.079523 -0.025948 0.130956
79  -0.000033 7.290227 -0.000023  0.025325 -0.093908 0.023962
80  -0.000035 6.530368 0.000005  -0.261847 -0.300601 0.006735
81  0.000063 7.224874 0.000009  0.036506 0.032481 -0.175823
82  1.071888 3.225795 1.570115  -0.043807 2.859975 1.526247
83  0.000414 6.748902 -0.000066  -0.062702 0.083783 0.022201
84  -0.000048 8.002642 0.000026  -0.067496 -0.117208 -0.115600
85  0.000011 8.580562 -0.000098  0.088213 -0.007187 0.334605
86  0.000167 8.689833 -0.000042  0.065327 -0.412429 -0.134517
87  -1.514544 2.104638 0.318056  -0.024895 3.094491 1.569496
88  0.000191 6.982279 0.000012  -0.107589 -0.057625 -0.215716
89  -0.000009 8.382875 -0.000068  0.135032 -0.099914 0.287073
90  -0.000060 8.697673 0.000023  -0.148090 -0.510100 0.044839
91  -0.000136 8.921823 0.000080  -0.236827 -0.892635 0.098805
92  3.553605 -3.478047 2.409277  0.000820 0.762046 1.535309
93  0.000000 4.476902 -0.000009  -0.151004 -0.588330 0.377260
94  0.000031 4.514118 -0.000023  -0.228866 -2.996199 0.592367
95  0.000041 4.518385 -0.000023  0.143172 2.612778 0.693384
96  0.000023 3.598325 0.000026  -0.749303 0.869852 -0.773233
97  4.209916 -0.440345 1.018823  -1.575487 -2.050669 -0.173136
98  4.265504 1.434226 -0.404991  -1.609990 -0.134669 -0.937392
99  9.400237 0.017941 0.083201  -0.004929 -0.047675 -0.224844
100  10.242418 0.033590 0.064480  1.800289 -0.140578 0.051575
101  3.465858 -0.059678 0.016693  0.015174 -0.153587 -0.741386
102  1.655595 -0.000023 0.000023  0.037658 -0.123530 -0.603200
103  0.960768 -0.000004 -0.000007  0.022472 -0.062570 -0.580853
104  3.462027 -0.064243 0.939909  0.338653 -0.051411 -0.587316
105  1.497176 -0.000007 0.000021  -0.484972 -0.062472 -0.186803
106  0.793762 0.000006 -0.000002  -0.009351 0.025005 -0.492494
107  0.591666 -0.460691 0.835206  -0.904981 -0.365290 -0.566501
108  1.556143 0.000001 -0.000002  -0.188408 0.088995 0.366135
109  1.135906 0.000018 0.000005  0.133872 0.037225 0.542743
110  3.084268 -0.668819 -1.257085  -0.690151 -0.141566 -0.759747
111  1.064204 -0.000004 0.000005  0.013073 0.067697 -0.411093
112  0.640337 0.000005 -0.000006  -0.000036 0.003958 -0.232428
113  3.396824 -0.242138 -0.708689  -0.344014 -0.172476 -0.825842
114  1.532968 0.000004 0.000006  0.012097 -0.005657 -0.568235
115  0.832977 -0.000005 -0.000003  0.005529 0.001649 -0.744827
116  4.209940 -0.440343 -1.019279  1.967887 2.042313 0.179798
117  4.266746 1.424938 0.424938  1.721603 0.087228 -0.976581
118  9.398565 0.011949 -0.082516  0.007571 0.044481 -0.160579
119  10.242441 0.028176 -0.062909  -1.602341 0.010568 0.151633
120  3.465742 -0.067524 0.002268  -0.005845 0.148821 -0.740701
121  1.655561 0.000003 0.000006  -0.037276 0.121241 -0.603277
122  0.960907 0.000001 0.000000  -0.019410 0.060049 -0.581065
123  3.466854 -0.077778 -0.920910  -0.334503 0.045620 -0.587765
124  1.497259 -0.000032 -0.000022  -0.419774 0.061213 -0.186138
125  0.793790 -0.000008 -0.000000  -0.057464 0.165214 -0.422821
126  0.595072 -0.467147 -0.829176  2.133609 0.374723 -0.383691
127  1.555673 0.000016 -0.000005  0.303940 0.019784 0.376648
128  1.136810 -0.000009 -0.000002  -0.008389 0.161283 0.505392
129  3.075971 -0.667964 1.277700  0.695390 0.134611 -0.758462
130  1.064592 0.000017 0.000010  -0.025227 -0.074931 -0.409787
131  0.640359 -0.000016 -0.000004  0.000082 -0.005196 -0.232464
132  3.392411 -0.245365 0.728376  0.340922 0.163320 -0.826668
133  1.532737 -0.000007 -0.000000  -0.009945 0.007012 -0.568062
134  0.833152 0.000013 0.000005  -0.005742 -0.004029 -0.744748
135  3.590114 -3.090295 1.193972  1.635457 1.210566 1.548541
136  3.589557 -3.089880 -1.196373  -1.505736 1.210473 -1.592853
137  -0.436558 4.719026 -0.001076  -0.000576 -1.570733 1.692988
138  -0.000000 2.775456 -0.000235  -0.135089 0.000001 -0.000000
139  -0.000000 3.189767 0.000008  0.207820 -0.000000 0.000000
140  -0.000000 3.504652 0.000044  -0.261876 0.000000 -0.000000
141  0.000000 2.863198 -0.000002  -0.051268 0.000000 -0.000000
time 19
0  5.873405 -4.634012 41.145275  1.570796 0.000000 -0.000000
1  0.002636 43.025146 0.734438  0.063927 0.084580 -0.014941
2  3.061857 -4.181014 -0.610804  -1.728176 -0.253284 -1.556078
3  18.476778 0.000159 -0.000001  0.002757 -0.035030 0.458380
4  17.490086 0.000117 0.000004  0.208546 0.165373 -1.260703
5  -3.065330 -4.183575 -0.611480  -1.487307 -0.400420 -1.661112
6  18.474857 -0.000034 -0.000007  0.002522 0.063689 0.816500
7  17.489588 0.001914 -0.000006  0.013460 -0.085505 -1.377971
8  -0.000117 -0.048883 -0.576226  1.580322 0.162396 1.587697
9  3.224483 0.767047 0.000496  0.012108 -0.000850 0.027328
10  3.223900 0.226399 -0.001944  0.007851 -0.002622 0.241293
11  5.187321 -1.262560 -0.001177  0.000012 0.000066 0.194111
12  6.928414 -1.935314 -0.000227  3.104049 0.015860 0.279330
13  3.236365 1.079609 0.000057  -0.059649 -0.028458 0.429883
14  0.833759 3.805353 0.692956  -0.040492 0.554885 1.469871
15  0.000039 6.792204 0.000039  0.007991 0.036070 -0.011407
16  -0.000066 7.744819 0.000015  -0.017442 -0.155305 0.068151
17  0.000071 7.809702 0.000017  -0.033636 0.005025 0.006142
18  -0.000027 7.867673 0.000017  -0.073330 -0.127909 0.026376
19  3.494699 -1.749093 -3.006912  0.152543 2.070420 1.936944
20  0.000120 4.478325 0.000018  -0.194660 0.310432 -0.234994
21  0.000046 4.636112 -0.000029  0.035824 0.324593 -0.151767
22  -0.000040 5.008645 0.000014  0.075997 -0.286565 0.276092
23  0.000063 4.781165 0.000010  0.904395 -2.690903 -0.015799
24  2.253035 1.989060 -3.350106  -1.523633 1.324497 0.112398
25  0.000161 6.589471 0.000170  0.206353 -0.002129 -0.080394
26  0.000041 7.491411 0.000044  -0.333511 0.184455 -0.191167
27  0.000025 7.660308 -0.000057  -0.063176 0.127195 -0.062118
28  0.000005 7.256275 0.000019  -0.052938 -0.487829 0.313813
29  -0.791162 2.265120 -1.234655  -0.753900 1.136377 0.824671
30  -0.000260 8.572262 -0.000091  -0.222843 -0.296789 0.176503
31  -0.000095 8.117221 0.000049  0.072256 0.772520 -0.285589
32  -0.000084 8.230037 -0.000073  -0.080492 -0.347232 0.072254
33  0.000059 7.366728 0.000054  -0.015395 -0.663893 0.062742
34  0.224210 0.240127 -3.218158  -0.877385 1.468889 0.577822
35  -0.000102 7.721059 -0.000307  -0.283828 0.060497 -0.167555
36  -0.000030 7.374855 -0.000002  0.007536 -0.195021 0.049539
37  0.000076 6.848096 0.000006  0.005484 0.006496 -0.033649
38  -0.000051 7.777865 0.000008  -0.186096 0.182474 -0.152846
39  -1.514471 2.104649 -1.150167  -0.029091 0.541320 1.555677
40  -0.000167 6.982347 -0.000077  -0.199699 -0.041212 0.153489
41  0.000039 8.382856 -0.000072  0.044865 0.587986 -0.257962
42  0.000011 8.697700 -0.000026  -0.102637 -0.474318 0.290945
43  0.000057 8.921803 -0.000004  -0.076258 0.581004 -0.195605
44  1.196192 2.899155 -2.353086  -0.449719 1.030105 1.287428
45  0.000107 5.476937 0.000007  0.285576 -0.099353 -0.038446
46  -0.000070 6.060435 -0.000090  -0.155024 -0.575031 0.384611
47  0.000018 5.994262 0.000029  0.033942 0.288575 -0.067731
48  -0.000006 6.100484 0.000001  -0.068405 0.299273 -0.162152
49  0.000035 6.916759 0.000010  -0.096318 0.220533 -0.107966
50  0.000148 6.435058 -0.000045  -0.037459 0.171630 -0.116573
51  1.092789 3.649514 -1.738794  -0.148600 0.876612 1.445020
52  -0.000127 6.792199 -0.000103  0.008284 0.107792 -0.048643
53  -0.000089 7.744779 -0.000030  0.057137 -0.256893 0.015458
54  0.000087 9.115022 -0.000038  -0.020393 0.256253 -0.142636
55  3.494516 -1.749101 3.007064  0.118403 1.106974 1.813811
56  0.000014 4.323838 0.000087  -0.229910 -0.770942 0.449225
57  0.000030 4.872891 -0.000022  0.367245 -0.664051 -0.254035
58  0.000004 5.056657 0.000094  -0.511235 0.856587 -0.546321
59  2.292460 1.708616 3.661675  -1.762556 1.789111 -0.218970
60  -0.000173 6.589448 0.000276  -0.007133 -0.169123 0.176909
61  0.000175 7.491501 -0.000151  -0.132413 -0.107098 0.179327
62  -0.000139 8.249653 0.000143  0.041913 -0.058209 0.015814
63  0.000072 8.605236 -0.000026  0.101585 0.501824 -0.079697
64  -0.240493 2.066072 2.349267  -0.357330 2.461715 1.296081
65  -0.000087 7.721104 -0.000003  -0.208231 -0.126223 -0.116495
66  -0.000122 7.374869 -0.000046  -0.111017 0.046939 -0.046464
67  -0.000035 6.848063 -0.000026  0.273531 0.247523 0.299908
68  0.000034 7.777825 -0.000044  0.072921 0.186148 -0.052689
69  -0.000085 8.178050 0.000010  -0.087029 -0.422849 -0.381357
70  1.617601 3.431411 2.399266  -0.249455 2.569515 1.508572
71  -0.000160 5.476953 -0.000029  0.057729 0.074072 0.060286
72  -0.000091 6.060492 -0.000007  -0.015203 0.015650 -0.152065
73  0.000026 5.994252 0.000011  -0.126214 -0.157657 0.153302
74  -0.000080 7.076875 -0.000046  -0.008117 0.010384 0.036401
75  0.000005 7.089868 -0.000068  0.070875 0.098587 -0.025893
76  0.361111 0.886683 3.287746  -0.576373 1.978710 0.939011
77  -0.000066 6.686644 0.000222  -0.146569 0.414164 -0.327707
78  -0.000012 7.638019 0.000012  -0.079523 -0.025948 0.130956
79  -0.000030 7.290228 -0.000023  0.025325 -0.093908 0.023962
80  -0.000035 6.530363 0.000005  -0.261847 -0.300601 0.006735
81  0.000064 7.224878 0.000009  0.036506 0.032481 -0.175823
82  1.071892 3.225797 1.570115  -0.043807 2.859975 1.526247
83  0.000414 6.748904 -0.000066  -0.062702 0.083783 0.022201
84  -0.000048 8.002642 0.000026  -0.067496 -0.117208 -0.115600
85  0.000012 8.580570 -0.000097  0.088213 -0.007187 0.334605
86  0.000169 8.689831 -0.000042  0.065327 -0.412430 -0.134517
87  -1.514538 2.104640 0.318056  -0.024895 3.094491 1.569496
88  0.000192 6.982279 0.000012  -0.107589 -0.057625 -0.215716
89  -0.000009 8.382874 -0.000067  0.135032 -0.099914 0.287073
90  -0.000061 8.697679 0.000023  -0.148090 -0.510100 0.044839
91  -0.000134 8.921822 0.000078  -0.236827 -0.892635 0.098805
92  3.553607 -3.478046 2.409277  0.000820 0.762046 1.535309
93  -0.000000 4.476903 -0.000006  -0.151004 -0.588330 0.377260
94  0.000031 4.514128 -0.000023  -0.228866 -2.996199 0.592367
95  0.000044 4.518386 -0.000023  0.143172 2.612777 0.693384
96  0.000023 3.598330 0.000021  -0.749302 0.869852 -0.773233
97  4.209922 -0.440347 1.018824  -1.580172 -2.051920 -0.168984
98  4.265503 1.434233 -0.404994  -1.614755 -0.128137 -0.933411
99  9.400231 0.017941 0.083201  -0.005042 -0.047565 -0.222763
100  10.242424 0.033591 0.064480  1.798663 -0.136946 0.048450
101  3.465853 -0.059679 0.016694  0.015174 -0.153587 -0.741386
102  1.655592 -0.000022 0.000022  0.037658 -0.123530 -0.603200
103  0.960766 -0.000007 -0.000007  0.022472 -0.062570 -0.580852
104  3.462027 -0.064246 0.939909  0.338653 -0.051411 -0.587316
105  1.497171 -0.000009 0.000023  -0.484972 -0.062472 -0.186803
106  0.793761 0.000004 -0.000002  -0.009351 0.025005 -0.492494
107  0.591662 -0.460692 0.835206  -0.904981 -0.365290 -0.566501
108  1.556142 0.000000 -0.000000  -0.188408 0.088995 0.366135
109  1.135900 0.000018 0.000005  0.133872 0.037225 0.542743
110  3.084267 -0.668821 -1.257085  -0.690151 -0.141566 -0.759747
111  1.064202 -0.000004 0.000006  0.013073 0.067697 -0.411093
112  0.640337 0.000004 -0.000008  -0.000036 0.003958 -0.232428
113  3.396821 -0.242139 -0.708689  -0.344014 -0.172476 -0.825842
114  1.532967 0.000007 0.000006  0.012097 -0.005657 -0.568235
115  0.832974 -0.000005 -0.000003  0.005529 0.001649 -0.744827
116  4.209947 -0.440343 -1.019279  1.976531 2.042163 0.187856
117  4.266747 1.424936 0.424937  1.721893 0.076372 -0.978134
118  9.398562 0.011949 -0.082519  0.007593 0.044456 -0.160151
119  10.242436 0.028176 -0.062908  -1.602146 0.004585 0.151029
120  3.465754 -0.067525 0.002268  -0.005844 0.148821 -0.740701
121  1.655563 0.000005 0.000006  -0.037276 0.121241 -0.603277
122  0.960910 0.000004 -0.000000  -0.019410 0.060049 -0.581064
123  3.466857 -0.077779 -0.920909  -0.334503 0.045620 -0.587765
124  1.497259 -0.000034 -0.000022  -0.419774 0.061213 -0.186138
125  0.793789 -0.000008 -0.000001  -0.057464 0.165214 -0.422821
126  0.595084 -0.467150 -0.829176  2.133609 0.374723 -0.383691
127  1.555674 0.000016 -0.000005  0.303940 0.019784 0.376648
128  1.136814 -0.000010 -0.000001  -0.008389 0.161283 0.505392
129  3.075980 -0.667966 1.277701  0.695390 0.134611 -0.758462
130  1.064587 0.000018 0.000012  -0.025227 -0.074931 -0.409787
131  0.640360 -0.000013 -0.000005  0.000082 -0.005196 -0.232464
132  3.392415 -0.245367 0.728376  0.340922 0.163320 -0.826668
133  1.532734 -0.000010 -0.000000  -0.009945 0.007012 -0.568062
134  0.833153 0.000008 0.000006  -0.005742 -0.004029 -0.744748
135  3.590105 -3.090294 1.193972  1.635457 1.210566 1.548541
136  3.589554 -3.089879 -1.196372  -1.505736 1.210473 -1.592853
137  -0.436561 4.719025 -0.001076  -0.000583 -1.570733 1.693005
138  -0.000000 2.775457 -0.000235  -0.135089 0.000001 -0.000000
139  -0.000000 3.189772 0.000008  0.207820 -0.000000 0.000000
140  -0.000000 3.504647 0.000045  -0.261876 0.000000 -0.000000
141  0.000000 2.863201 -0.000002  -0.051268 0.000000 -0.000000
time 20
0  5.826963 -4.960801 41.158745  1.570796 0.000000 -0.000000
1  0.002636 43.025146 0.734438  0.061323 0.126410 -0.018448
2  3.061857 -4.181014 -0.610804  -1.693790 -0.247016 -1.556460
3  18.476774 0.000159 -0.000001  0.002758 -0.035047 0.458596
4  17.490086 0.000117 0.000003  0.211706 0.173811 -1.263447
5  -3.065330 -4.183575 -0.611480  -1.523054 -0.405892 -1.658647
6  18.474855 -0.000035 -0.000007  0.000943 0.059139 0.757644
7  17.489584 0.001916 -0.000006  0.019467 -0.054809 -1.362465
8  -0.000117 -0.048882 -0.576226  1.579619 0.162186 1.587841
9  3.224481 0.767048 0.000496  0.011656 -0.001812 0.027598
10  3.223904 0.226399 -0.001944  0.007397 -0.003183 0.241480
11  5.187323 -1.262561 -0.001177  0.000012 0.000066 0.194111
12  6.928409 -1.935314 -0.000227  3.094337 0.027939 0.277726
13  3.236365 1.079616 0.000057  -0.085030 -0.041946 0.431800
14  0.833760 3.805351 0.692955  -0.040492 0.554885 1.469871
15  0.000043 6.792210 0.000040  0.007991 0.036070 -0.011407
16  -0.000064 7.744810 0.000015  -0.017442 -0.155305 0.068151
17  0.000073 7.809705 0.000017  -0.033636 0.005025 0.006142
18  -0.000025 7.867669 0.000017  -0.073330 -0.127910 0.026377
19  3.494704 -1.749094 -3.006912  0.152543 2.070420 1.936944
20  0.000118 4.478321 0.000018  -0.194660 0.310432 -0.234994
21  0.000050 4.636110 -0.000029  0.035824 0.324593 -0.151767
22  -0.000043 5.008660 0.000013  0.075997 -0.286565 0.276092
23  0.000063 4.781169 0.000010  0.904395 -2.690903 -0.015799
24  2.253033 1.989056 -3.350106  -1.523633 1.324497 0.112398
25  0.000162 6.589465 0.000171  0.206353 -0.002129 -0.080394
26  0.000044 7.491413 0.000044  -0.333511 0.184455 -0.191167
27  0.000023 7.660306 -0.000057  -0.063176 0.127195 -0.062118
28  0.000009 7.256275 0.000021  -0.052938 -0.487829 0.313813
29  -0.791160 2.265117 -1.234655  -0.753900 1.136377 0.824671
30  -0.000258 8.572264 -0.000090  -0.222843 -0.296789 0.176503
31  -0.000095 8.117220 0.000049  0.072256 0.772520 -0.285589
32  -0.000081 8.230036 -0.000073  -0.080492 -0.347232 0.072254
33  0.000060 7.366722 0.000053  -0.015395 -0.663893 0.062742
34  0.224210 0.240125 -3.218158  -0.877385 1.468889 0.577822
35  -0.000101 7.721053 -0.000308  -0.283828 0.060497 -0.167555
36  -0.000031 7.374857 -0.000002  0.007536 -0.195021 0.049539
37  0.000075 6.848104 0.000007  0.005484 0.006496 -0.033649
38  -0.000051 7.777866 0.000008  -0.186096 0.182474 -0.152846
39  -1.514464 2.104648 -1.150167  -0.029091 0.541320 1.555677
40  -0.000169 6.982353 -0.000077  -0.199699 -0.041212 0.153489
41  0.000039 8.382864 -0.000072  0.044865 0.587986 -0.257962
42  0.000011 8.697705 -0.000026  -0.102637 -0.474318 0.290945
43  0.000057 8.921808 -0.000003  -0.076258 0.581004 -0.195605
44  1.196191 2.899153 -2.353086  -0.449719 1.030105 1.287428
45  0.000106 5.476937 0.000006  0.285576 -0.099353 -0.038446
46  -0.000072 6.060434 -0.000092  -0.155024 -0.575031 0.384611
47  0.000019 5.994257 0.000029  0.033942 0.288575 -0.067731
48  -0.000006 6.100486 0.000001  -0.068405 0.299273 -0.162152
49  0.000034 6.916759 0.000010  -0.096318 0.220533 -0.107966
50  0.000149 6.435061 -0.000044  -0.037459 0.171630 -0.116573
51  1.092793 3.649512 -1.738794  -0.148600 0.876612 1.445020
52  -0.000127 6.792191 -0.000102  0.008284 0.107792 -0.048643
53  -0.000087 7.744778 -0.000032  0.057137 -0.256893 0.015458
54  0.000085 9.115020 -0.000035  -0.020393 0.256253 -0.142636
55  3.494510 -1.749104 3.007064  0.118403 1.106974 1.813811
56  0.000014 4.323842 0.000087  -0.229910 -0.770942 0.449225
57  0.000028 4.872901 -0.000020  0.367245 -0.664052 -0.254035
58  0.000003 5.056653 0.000094  -0.511235 0.856587 -0.546321
59  2.292468 1.708614 3.661675  -1.762556 1.789111 -0.218970
60  -0.000174 6.589435 0.000275  -0.007133 -0.169123 0.176909
61  0.000175 7.491491 -0.000149  -0.132413 -0.107097 0.179327
62  -0.000139 8.249660 0.000143  0.041913 -0.058209 0.015814
63  0.000074 8.605240 -0.000029  0.101585 0.501824 -0.079697
64  -0.240488 2.066071 2.349267  -0.357330 2.461715 1.296081
65  -0.000085 7.721110 -0.000004  -0.208231 -0.126223 -0.116495
66  -0.000123 7.374867 -0.000047  -0.111017 0.046939 -0.046464
67  -0.000037 6.848059 -0.000030  0.273531 0.247522 0.299908
68  0.000033 7.777818 -0.000044  0.072921 0.186148 -0.052689
69  -0.000086 8.178050 0.000011  -0.087029 -0.422849 -0.381357
70  1.617599 3.431408 2.399265  -0.249454 2.569515 1.508572
71  -0.000160 5.476951 -0.000029  0.057729 0.074072 0.060286
72  -0.000092 6.060496 -0.000006  -0.015203 0.015650 -0.152065
73  0.000025 5.994249 0.000011  -0.126214 -0.157657 0.153302
74  -0.000079 7.076875 -0.000047  -0.008117 0.010384 0.036401
75  0.000004 7.089868 -0.000069  0.070875 0.098587 -0.025893
76  0.361107 0.886680 3.287746  -0.576373 1.978710 0.939011
77  -0.000065 6.686643 0.000223  -0.146569 0.414164 -0.327707
78  -0.000012 7.638016 0.000013  -0.079523 -0.025948 0.130956
79  -0.000031 7.290233 -0.000022  0.025325 -0.093908 0.023962
80  -0.000034 6.530371 0.000005  -0.261847 -0.300601 0.006735
81  0.000064 7.224883 0.000009  0.036506 0.032481 -0.175823
82  1.071888 3.225794 1.570115  -0.043807 2.859975 1.526247
83  0.000415 6.748906 -0.000066  -0.062702 0.083783 0.022201
84  -0.000051 8.002643 0.000026  -0.067496 -0.117208 -0.115600
85  0.000012 8.580573 -0.000098  0.088213 -0.007187 0.334605
86  0.000170 8.689829 -0.000040  0.065327 -0.412430 -0.134517
87  -1.514534 2.104638 0.318055  -0.024895 3.094491 1.569496
88  0.000194 6.982282 0.000012  -0.107589 -0.057625 -0.215716
89  -0.000009 8.382877 -0.000068  0.135032 -0.099914 0.287073
90  -0.000062 8.697668 0.000023  -0.148090 -0.510100 0.044839
91  -0.000135 8.921828 0.000079  -0.236827 -0.892635 0.098805
92  3.553619 -3.478046 2.409277  0.000820 0.762046 1.535309
93  -0.000001 4.476900 -0.000009  -0.151004 -0.588330 0.377260
94  0.000031 4.514128 -0.000024  -0.228866 -2.996199 0.592367
95  0.000038 4.518392 -0.000022  0.143172 2.612777 0.693384
96  0.000023 3.598325 0.000025  -0.749303 0.869852 -0.773233
97  4.209920 -0.440346 1.018824  -1.585936 -2.052561 -0.163879
98  4.265506 1.434229 -0.404991  -1.616929 -0.121857 -0.930405
99  9.400232 0.017941 0.083201  -0.004833 -0.047770 -0.226628
100  10.242426 0.033591 0.064481  1.797112 -0.133648 0.044298
101  3.465854 -0.059678 0.016693  0.015174 -0.153587 -0.741386
102  1.655596 -0.000021 0.000022  0.037658 -0.123530 -0.603200
103  0.960768 -0.000006 -0.000006  0.022472 -0.062570 -0.580852
104  3.462023 -0.064244 0.939908  0.338653 -0.051411 -0.587316
105  1.497177 -0.000008 0.000021  -0.484972 -0.062472 -0.186803
106  0.793764 0.000004 -0.000002  -0.009351 0.025005 -0.492494
107  0.591654 -0.460689 0.835206  -0.904981 -0.365290 -0.566502
108  1.556142 0.000001 0.000002  -0.188408 0.088995 0.366135
109  1.135905 0.000018 0.000004  0.133872 0.037225 0.542743
110  3.084265 -0.668819 -1.257085  -0.690151 -0.141566 -0.759747
111  1.064196 -0.000005 0.000005  0.013073 0.067697 -0.411093
112  0.640335 0.000005 -0.000008  -0.000036 0.003958 -0.232428
113  3.396817 -0.242136 -0.708690  -0.344014 -0.172476 -0.825841
114  1.532969 0.000008 0.000006  0.012097 -0.005657 -0.568235
115  0.832973 -0.000002 -0.000003  0.005529 0.001649 -0.744827
116  4.209944 -0.440343 -1.019279  1.985102 2.042240 0.195819
117  4.266745 1.424945 0.424938  1.720513 0.070521 -0.978866
118  9.398569 0.011949 -0.082518  0.007620 0.044425 -0.159626
119  10.242433 0.028177 -0.062908  -1.601881 -0.001569 0.150402
120  3.465749 -0.067525 0.002268  -0.005845 0.148821 -0.740701
121  1.655555 0.000004 0.000005  -0.037276 0.121241 -0.603277
122  0.960906 0.000000 -0.000000  -0.019410 0.060049 -0.581065
123  3.466856 -0.077779 -0.920909  -0.334503 0.045620 -0.587766
124  1.497263 -0.000034 -0.000023  -0.419774 0.061214 -0.186138
125  0.793791 -0.000007 0.000000  -0.057464 0.165214 -0.422821
126  0.595081 -0.467150 -0.829176  2.133609 0.374723 -0.383691
127  1.555671 0.000015 -0.000003  0.303940 0.019784 0.376648
128  1.136814 -0.000009 -0.000002  -0.008389 0.161283 0.505392
129  3.075974 -0.667965 1.277701  0.695390 0.134611 -0.758462
130  1.064592 0.000017 0.000009  -0.025226 -0.074931 -0.409787
131  0.640360 -0.000015 -0.000005  0.000082 -0.005196 -0.232464
132  3.392414 -0.245367 0.728376  0.340922 0.163320 -0.826668
133  1.532739 -0.000003 -0.000002  -0.009945 0.007012 -0.568062
134  0.833151 0.000010 0.000004  -0.005742 -0.004029 -0.744748
135  3.590107 -3.090296 1.193972  1.635457 1.210566 1.548541
136  3.589560 -3.089882 -1.196372  -1.505736 1.210473 -1.592853
137  -0.436561 4.719026 -0.001076  -0.000650 -1.570733 1.693053
138  -0.000000 2.775455 -0.000236  -0.135089 0.000001 -0.000000
139  0.000000 3.189772 0.000007  0.207820 -0.000000 0.000000
140  -0.000000 3.504650 0.000044  -0.261876 0.000000 -0.000000
141  -0.000000 2.863206 -0.000002  -0.051268 -0.000000 -0.000000
time 21
0  5.723499 -5.290992 41.183697  1.570796 0.000000 -0.000000
1  0.002636 43.025146 0.734438  0.058273 0.171972 -0.022560
2  3.061857 -4.181013 -0.610804  -1.658326 -0.239785 -1.554200
3  18.476776 0.000158 -0.000001  0.002752 -0.034842 0.456094
4  17.490086 0.000117 0.000004  0.214700 0.185286 -1.265631
5  -3.065329 -4.183577 -0.611479  -1.544834 -0.401256 -1.662274
6  18.474854 -0.000034 -0.000007  -0.000568 0.053680 0.688435
7  17.489584 0.001916 -0.000007  0.019887 -0.045710 -1.335882
8  -0.000117 -0.048884 -0.576226  1.578660 0.161663 1.588172
9  3.224489 0.767047 0.000496  0.010843 -0.002499 0.028295
10  3.223911 0.226399 -0.001944  0.006749 -0.003504 0.241956
11  5.187321 -1.262559 -0.001177  0.000012 0.000066 0.194111
12  6.928406 -1.935314 -0.000227  3.083570 0.040973 0.275099
13  3.236363 1.079609 0.000057  -0.112930 -0.056384 0.435664
14  0.833763 3.805353 0.692955  -0.040492 0.554885 1.469871
15  0.000042 6.792203 0.000041  0.007991 0.036070 -0.011407
16  -0.000065 7.744815 0.000017  -0.017442 -0.155305 0.068151
17  0.000072 7.809710 0.000018  -0.033636 0.005025 0.006142
18  -0.000028 7.867678 0.000017  -0.073330 -0.127909 0.026377
19  3.494703 -1.749094 -3.006912  0.152543 2.070420 1.936944
20  0.000119 4.478315 0.000018  -0.194660 0.310432 -0.234994
21  0.000049 4.636117 -0.000031  0.035824 0.324593 -0.151767
22  -0.000042 5.008659 0.000013  0.075997 -0.286565 0.276092
23  0.000063 4.781167 0.000012  0.904395 -2.690903 -0.015799
24  2.253042 1.989058 -3.350106  -1.523633 1.324497 0.112398
25  0.000159 6.589465 0.000170  0.206353 -0.002129 -0.080394
26  0.000046 7.491409 0.000041  -0.333511 0.184455 -0.191167
27  0.000025 7.660309 -0.000056  -0.063176 0.127195 -0.062118
28  0.000007 7.256271 0.000019  -0.052938 -0.487829 0.313813
29  -0.791151 2.265119 -1.234655  -0.753900 1.136377 0.824671
30  -0.000258 8.572263 -0.000091  -0.222843 -0.296789 0.176503
31  -0.000093 8.117220 0.000049  0.072256 0.772520 -0.285589
32  -0.000089 8.230035 -0.000071  -0.080492 -0.347232 0.072254
33  0.000061 7.366728 0.000054  -0.015395 -0.663893 0.062742
34  0.224221 0.240127 -3.218158  -0.877385 1.468889 0.577822
35  -0.000101 7.721050 -0.000310  -0.283828 0.060497 -0.167555
36  -0.000030 7.374857 -0.000002  0.007536 -0.195021 0.049539
37  0.000075 6.848105 0.000006  0.005484 0.006496 -0.033649
38  -0.000049 7.777865 0.000009  -0.186096 0.182474 -0.152846
39  -1.514462 2.104649 -1.150167  -0.029091 0.541320 1.555677
40  -0.000168 6.982348 -0.000076  -0.199699 -0.041212 0.153489
41  0.000038 8.382860 -0.000071  0.044865 0.587986 -0.257962
42  0.000013 8.697703 -0.000026  -0.102637 -0.474318 0.290945
43  0.000055 8.921806 -0.000003  -0.076258 0.581004 -0.195605
44  1.196203 2.899156 -2.353086  -0.449719 1.030105 1.287428
45  0.000107 5.476941 0.000007  0.285576 -0.099353 -0.038446
46  -0.000074 6.060436 -0.000090  -0.155024 -0.575031 0.384611
47  0.000018 5.994265 0.000030  0.033942 0.288575 -0.067731
48  -0.000007 6.100490 0.000002  -0.068405 0.299273 -0.162152
49  0.000036 6.916755 0.000009  -0.096318 0.220533 -0.107966
50  0.000149 6.435059 -0.000044  -0.037459 0.171630 -0.116573
51  1.092799 3.649513 -1.738794  -0.148600 0.876612 1.445020
52  -0.000128 6.792190 -0.000101  0.008284 0.107792 -0.048643
53  -0.000088 7.744780 -0.000032  0.057137 -0.256893 0.015458
54  0.000086 9.115013 -0.000037  -0.020393 0.256253 -0.142636
55  3.494522 -1.749103 3.007064  0.118403 1.106974 1.813811
56  0.000014 4.323835 0.000087  -0.229910 -0.770942 0.449225
57  0.000028 4.872904 -0.000021  0.367245 -0.664051 -0.254035
58  0.000005 5.056648 0.000089  -0.511235 0.856587 -0.546321
59  2.292466 1.708613 3.661675  -1.762556 1.789111 -0.218970
60  -0.000176 6.589430 0.000276  -0.007133 -0.169123 0.176909
61  0.000175 7.491493 -0.000148  -0.132413 -0.107097 0.179327
62  -0.000139 8.249664 0.000141  0.041913 -0.058209 0.015814
63  0.000072 8.605237 -0.000026  0.101585 0.501824 -0.079697
64  -0.240482 2.066072 2.349267  -0.357330 2.461715 1.296081
65  -0.000088 7.721100 -0.000003  -0.208231 -0.126223 -0.116495
66  -0.000123 7.374867 -0.000047  -0.111017 0.046939 -0.046464
67  -0.000037 6.848066 -0.000026  0.273531 0.247523 0.299908
68  0.000033 7.777814 -0.000046  0.072921 0.186148 -0.052689
69  -0.000084 8.178052 0.000011  -0.087029 -0.422849 -0.381357
70  1.617610 3.431409 2.399265  -0.249454 2.569515 1.508572
71  -0.000162 5.476935 -0.000028  0.057729 0.074072 0.060286
72  -0.000093 6.060496 -0.000006  -0.015203 0.015650 -0.152065
73  0.000025 5.994248 0.000010  -0.126214 -0.157657 0.153302
74  -0.000079 7.076869 -0.000047  -0.008117 0.010384 0.036401
75  0.000004 7.089862 -0.000071  0.070875 0.098587 -0.025893
76  0.361118 0.886683 3.287746  -0.576373 1.978710 0.939011
77  -0.000065 6.686650 0.000223  -0.146569 0.414164 -0.327707
78  -0.000011 7.638021 0.000013  -0.079523 -0.025948 0.130956
79  -0.000031 7.290227 -0.000022  0.025325 -0.093908 0.023962
80  -0.000034 6.530371 0.000004  -0.261847 -0.300601 0.006735
81  0.000064 7.224883 0.000009  0.036506 0.032481 -0.175823
82  1.071906 3.225797 1.570115  -0.043807 2.859975 1.526247
83  0.000415 6.748902 -0.000066  -0.062702 0.083783 0.022201
84  -0.000045 8.002643 0.000027  -0.067496 -0.117208 -0.115600
85  0.000012 8.580578 -0.000098  0.088213 -0.007187 0.334605
86  0.000171 8.689833 -0.000041  0.065327 -0.412429 -0.134517
87  -1.514529 2.104639 0.318056  -0.024895 3.094491 1.569496
88  0.000193 6.982281 0.000011  -0.107589 -0.057625 -0.215716
89  -0.000009 8.382873 -0.000068  0.135032 -0.099914 0.287073
90  -0.000063 8.697665 0.000023  -0.148090 -0.510100 0.044839
91  -0.000135 8.921826 0.000079  -0.236827 -0.892636 0.098805
92  3.553620 -3.478046 2.409277  0.000820 0.762046 1.535309
93  -0.000000 4.476906 -0.000006  -0.151004 -0.588330 0.377260
94  0.000029 4.514116 -0.000023  -0.228866 -2.996199 0.592367
95  0.000038 4.518388 -0.000022  0.143172 2.612778 0.693384
96  0.000024 3.598326 0.000025  -0.749302 0.869852 -0.773233
97  4.209915 -0.440346 1.018823  -1.592609 -2.052831 -0.157964
98  4.265502 1.434234 -0.404991  -1.618234 -0.115316 -0.927360
99  9.400239 0.017941 0.083201  -0.004466 -0.048126 -0.233382
100  10.242421 0.033591 0.064480  1.795312 -0.130365 0.039565
101  3.465855 -0.059679 0.016693  0.015174 -0.153587 -0.741386
102  1.655599 -0.000022 0.000022  0.037658 -0.123530 -0.603199
103  0.960767 -0.000005 -0.000006  0.022472 -0.062570 -0.580852
104  3.462029 -0.064245 0.939908  0.338653 -0.051411 -0.587316
105  1.497179 -0.000007 0.000022  -0.484972 -0.062472 -0.186803
106  0.793757 0.000002 -0.000001  -0.009351 0.025005 -0.492494
107  0.591661 -0.460691 0.835206  -0.904981 -0.365290 -0.566501
108  1.556133 -0.000000 0.000000  -0.188408 0.088995 0.366135
109  1.135899 0.000018 0.000005  0.133872 0.037225 0.542743
110  3.084270 -0.668821 -1.257085  -0.690151 -0.141566 -0.759747
111  1.064204 -0.000005 0.000004  0.013073 0.067697 -0.411092
112  0.640340 0.000006 -0.000008  -0.000036 0.003958 -0.232428
113  3.396826 -0.242139 -0.708690  -0.344014 -0.172476 -0.825841
114  1.532964 0.000007 0.000006  0.012097 -0.005657 -0.568235
115  0.832976 0.000001 -0.000003  0.005529 0.001649 -0.744827
116  4.209937 -0.440342 -1.019279  1.993497 2.042584 0.203587
117  4.266746 1.424941 0.424936  1.718262 0.066870 -0.979641
118  9.398565 0.011949 -0.082517  0.007650 0.044390 -0.159034
119  10.242439 0.028176 -0.062907  -1.601891 -0.007708 0.149697
120  3.465749 -0.067527 0.002267  -0.005845 0.148821 -0.740701
121  1.655558 0.000006 0.000006  -0.037276 0.121241 -0.603277
122  0.960908 0.000007 0.000001  -0.019410 0.060049 -0.581065
123  3.466855 -0.077780 -0.920910  -0.334503 0.045620 -0.587765
124  1.497265 -0.000033 -0.000022  -0.419774 0.061213 -0.186138
125  0.793788 -0.000007 0.000001  -0.057464 0.165214 -0.422821
126  0.595078 -0.467151 -0.829176  2.133609 0.374723 -0.383690
127  1.555676 0.000014 -0.000002  0.303940 0.019784 0.376648
128  1.136816 -0.000009 -0.000002  -0.008389 0.161283 0.505392
129  3.075969 -0.667966 1.277701  0.695390 0.134611 -0.758462
130  1.064589 0.000019 0.000010  -0.025227 -0.074931 -0.409787
131  0.640363 -0.000017 -0.000005  0.000082 -0.005196 -0.232464
132  3.392408 -0.245367 0.728376  0.340922 0.163320 -0.826668
133  1.532735 -0.000005 -0.000002  -0.009945 0.007012 -0.568062
134  0.833151 0.000007 0.000006  -0.005742 -0.004029 -0.744748
135  3.590111 -3.090294 1.193972  1.635457 1.210566 1.548541
136  3.589560 -3.089880 -1.196372  -1.505736 1.210473 -1.592853
137  -0.436558 4.719028 -0.001076  -0.000502 -1.570733 1.692917
138  0.000000 2.775451 -0.000236  -0.135089 0.000001 -0.000000
139  0.000000 3.189773 0.000008  0.207820 -0.000000 0.000000
140  -0.000000 3.504650 0.000044  -0.261876 0.000000 -0.000000
141  0.000000 2.863197 -0.000002  -0.051268 -0.000000 -0.000000
time 22
0  5.554075 -5.657681 41.207939  1.570796 0.000000 -0.000000
1  0.002636 43.025146 0.734438  0.055046 0.218952 -0.026693
2  3.061858 -4.181019 -0.610803  -1.622267 -0.233061 -1.549332
3  18.476780 0.000158 -0.000001  0.002753 -0.034711 0.454493
4  17.490086 0.000117 0.000004  0.215827 0.198493 -1.268046
5  -3.065329 -4.183578 -0.611480  -1.541544 -0.388278 -1.674140
6  18.474855 -0.000032 -0.000008  -0.001789 0.047572 0.612353
7  17.489586 0.001916 -0.000005  0.010168 -0.085598 -1.311140
8  -0.000117 -0.048888 -0.576226  1.577614 0.161906 1.588017
9  3.224483 0.767047 0.000496  0.009972 -0.003852 0.027927
10  3.223905 0.226399 -0.001944  0.005954 -0.004257 0.241710
11  5.187312 -1.262560 -0.001177  0.000012 0.000066 0.194111
12  6.928409 -1.935313 -0.000227  3.073216 0.054498 0.274475
13  3.236362 1.079619 0.000057  -0.140504 -0.071772 0.436056
14  0.833763 3.805353 0.692956  -0.040492 0.554885 1.469871
15  0.000038 6.792212 0.000040  0.007991 0.036070 -0.011407
16  -0.000065 7.744815 0.000016  -0.017442 -0.155305 0.068151
17  0.000071 7.809702 0.000017  -0.033636 0.005025 0.006142
18  -0.000027 7.867676 0.000017  -0.073330 -0.127910 0.026376
19  3.494697 -1.749094 -3.006912  0.152543 2.070420 1.936944
20  0.000119 4.478327 0.000018  -0.194660 0.310432 -0.234994
21  0.000048 4.636125 -0.000030  0.035824 0.324593 -0.151767
22  -0.000044 5.008650 0.000012  0.075997 -0.286565 0.276092
23  0.000064 4.781162 0.000010  0.904395 -2.690903 -0.015799
24  2.253038 1.989058 -3.350106  -1.523633 1.324497 0.112398
25  0.000161 6.589463 0.000170  0.206353 -0.002129 -0.080394
26  0.000043 7.491411 0.000041  -0.333511 0.184455 -0.191167
27  0.000026 7.660304 -0.000057  -0.063176 0.127195 -0.062118
28  0.000006 7.256268 0.000016  -0.052938 -0.487829 0.313813
29  -0.791158 2.265119 -1.234655  -0.753900 1.136377 0.824671
30  -0.000259 8.572264 -0.000090  -0.222843 -0.296789 0.176503
31  -0.000095 8.117208 0.000047  0.072256 0.772520 -0.285589
32  -0.000082 8.230037 -0.000071  -0.080492 -0.347232 0.072254
33  0.000058 7.366731 0.000055  -0.015395 -0.663893 0.062742
34  0.224213 0.240127 -3.218157  -0.877385 1.468889 0.577822
35  -0.000102 7.721055 -0.000313  -0.283828 0.060497 -0.167555
36  -0.000029 7.374849 -0.000002  0.007536 -0.195021 0.049539
37  0.000077 6.848103 0.000006  0.005484 0.006496 -0.033649
38  -0.000050 7.777865 0.000008  -0.186096 0.182474 -0.152846
39  -1.514458 2.104650 -1.150167  -0.029091 0.541320 1.555677
40  -0.000169 6.982348 -0.000077  -0.199699 -0.041212 0.153489
41  0.000038 8.382858 -0.000073  0.044865 0.587986 -0.257962
42  0.000010 8.697709 -0.000027  -0.102637 -0.474318 0.290945
43  0.000057 8.921808 -0.000003  -0.076258 0.581004 -0.195605
44  1.196194 2.899154 -2.353086  -0.449719 1.030105 1.287428
45  0.000108 5.476945 0.000007  0.285576 -0.099353 -0.038446
46  -0.000072 6.060434 -0.000088  -0.155024 -0.575031 0.384611
47  0.000019 5.994266 0.000029  0.033942 0.288575 -0.067731
48  -0.000007 6.100483 0.000002  -0.068405 0.299273 -0.162152
49  0.000033 6.916758 0.000009  -0.096318 0.220533 -0.107966
50  0.000150 6.435059 -0.000044  -0.037459 0.171630 -0.116573
51  1.092800 3.649513 -1.738794  -0.148600 0.876612 1.445020
52  -0.000127 6.792202 -0.000102  0.008284 0.107792 -0.048643
53  -0.000087 7.744773 -0.000030  0.057137 -0.256893 0.015458
54  0.000085 9.115020 -0.000039  -0.020393 0.256253 -0.142636
55  3.494514 -1.749103 3.007064  0.118403 1.106974 1.813811
56  0.000014 4.323836 0.000087  -0.229910 -0.770942 0.449225
57  0.000027 4.872901 -0.000021  0.367245 -0.664051 -0.254035
58  0.000003 5.056651 0.000092  -0.511235 0.856587 -0.546321
59  2.292467 1.708615 3.661675  -1.762556 1.789111 -0.218970
60  -0.000172 6.589443 0.000275  -0.007133 -0.169122 0.176909
61  0.000174 7.491492 -0.000151  -0.132413 -0.107098 0.179327
62  -0.000139 8.249660 0.000143  0.041913 -0.058209 0.015814
63  0.000072 8.605236 -0.000025  0.101585 0.501824 -0.079697
64  -0.240480 2.066073 2.349267  -0.357330 2.461715 1.296081
65  -0.000088 7.721100 -0.000004  -0.208231 -0.126223 -0.116495
66  -0.000123 7.374855 -0.000046  -0.111017 0.046939 -0.046464
67  -0.000036 6.848064 -0.000027  0.273531 0.247523 0.299908
68  0.000033 7.777825 -0.000044  0.072921 0.186148 -0.052689
69  -0.000084 8.178047 0.000009  -0.087029 -0.422849 -0.381357
70  1.617606 3.431411 2.399265  -0.249454 2.569515 1.508572
71  -0.000162 5.476941 -0.000030  0.057730 0.074072 0.060286
72  -0.000093 6.060496 -0.000006  -0.015203 0.015650 -0.152065
73  0.000026 5.994251 0.000011  -0.126214 -0.157657 0.153302
74  -0.000080 7.076876 -0.000048  -0.008117 0.010384 0.036401
75  0.000003 7.089866 -0.000070  0.070875 0.098587 -0.025893
76  0.361111 0.886681 3.287746  -0.576373 1.978710 0.939011
77  -0.000066 6.686647 0.000223  -0.146569 0.414164 -0.327707
78  -0.000011 7.638019 0.000013  -0.079523 -0.025947 0.130956
79  -0.000030 7.290228 -0.000022  0.025325 -0.093908 0.023962
80  -0.000033 6.530369 0.000006  -0.261847 -0.300601 0.006735
81  0.000062 7.224883 0.000009  0.036506 0.032481 -0.175823
82  1.071894 3.225795 1.570115  -0.043807 2.859975 1.526247
83  0.000414 6.748900 -0.000066  -0.062702 0.083783 0.022201
84  -0.000047 8.002640 0.000027  -0.067496 -0.117208 -0.115600
85  0.000012 8.580583 -0.000097  0.088213 -0.007187 0.334605
86  0.000170 8.689829 -0.000041  0.065327 -0.412429 -0.134517
87  -1.514535 2.104639 0.318056  -0.024895 3.094491 1.569496
88  0.000191 6.982279 0.000012  -0.107589 -0.057625 -0.215716
89  -0.000009 8.382870 -0.000067  0.135032 -0.099914 0.287073
90  -0.000061 8.697672 0.000024  -0.148090 -0.510100 0.044839
91  -0.000134 8.921826 0.000078  -0.236827 -0.892636 0.098805
92  3.553618 -3.478045 2.409277  0.000820 0.762046 1.535309
93  0.000000 4.476904 -0.000008  -0.151004 -0.588330 0.377260
94  0.000031 4.514120 -0.000022  -0.228866 -2.996199 0.592367
95  0.000045 4.518388 -0.000023  0.143172 2.612777 0.693384
96  0.000024 3.598327 0.000025  -0.749303 0.869852 -0.773233
97  4.209918 -0.440345 1.018824  -1.600490 -2.052714 -0.150972
98  4.265505 1.434235 -0.404992  -1.621657 -0.106456 -0.921535
99  9.400232 0.017941 0.083201  -0.004170 -0.048409 -0.238779
100  10.242420 0.033590 0.064480  1.793732 -0.127420 0.034978
101  3.465852 -0.059678 0.016694  0.015174 -0.153587 -0.741386
102  1.655594 -0.000023 0.000022  0.037658 -0.123530 -0.603199
103  0.960772 -0.000000 -0.000007  0.022472 -0.062570 -0.580852
104  3.462023 -0.064247 0.939909  0.338653 -0.051411 -0.587316
105  1.497175 -0.000009 0.000022  -0.484972 -0.062472 -0.186803
106  0.793760 0.000004 -0.000001  -0.009351 0.025005 -0.492494
107  0.591661 -0.460693 0.835206  -0.904981 -0.365290 -0.566502
108  1.556134 0.000001 0.000000  -0.188408 0.088995 0.366135
109  1.135904 0.000018 0.000005  0.133872 0.037225 0.542743
110  3.084269 -0.668823 -1.257085  -0.690151 -0.141566 -0.759747
111  1.064201 -0.000001 0.000005  0.013073 0.067697 -0.411093
112  0.640336 0.000005 -0.000008  -0.000036 0.003958 -0.232429
113  3.396817 -0.242138 -0.708689  -0.344014 -0.172476 -0.825842
114  1.532966 0.000003 0.000005  0.012097 -0.005657 -0.568235
115  0.832975 -0.000002 -0.000003  0.005529 0.001649 -0.744827
116  4.209940 -0.440342 -1.019279  2.001616 2.043233 0.211056
117  4.266744 1.424943 0.424940  1.714885 0.061907 -0.981808
118  9.398565 0.011950 -0.082518  0.007677 0.044359 -0.158508
119  10.242449 0.028176 -0.062908  -1.602368 -0.013663 0.148911
120  3.465743 -0.067525 0.002268  -0.005844 0.148821 -0.740701
121  1.655561 0.000005 0.000005  -0.037276 0.121241 -0.603277
122  0.960906 0.000007 0.000000  -0.019410 0.060049 -0.581065
123  3.466851 -0.077780 -0.920909  -0.334503 0.045620 -0.587765
124  1.497257 -0.000035 -0.000022  -0.419774 0.061213 -0.186138
125  0.793788 -0.000006 -0.000000  -0.057464 0.165214 -0.422821
126  0.595079 -0.467151 -0.829176  2.133609 0.374723 -0.383690
127  1.555673 0.000016 -0.000004  0.303940 0.019784 0.376648
128  1.136811 -0.000009 -0.000003  -0.008389 0.161283 0.505392
129  3.075967 -0.667966 1.277701  0.695390 0.134611 -0.758462
130  1.064593 0.000020 0.000011  -0.025227 -0.074931 -0.409787
131  0.640362 -0.000017 -0.000003  0.000081 -0.005196 -0.232464
132  3.392410 -0.245369 0.728376  0.340922 0.163320 -0.826668
133  1.532739 -0.000009 -0.000001  -0.009945 0.007012 -0.568062
134  0.833150 0.000009 0.000005  -0.005742 -0.004029 -0.744748
135  3.590105 -3.090295 1.193972  1.635457 1.210566 1.548541
136  3.589558 -3.089880 -1.196373  -1.505736 1.210473 -1.592853
137  -0.436562 4.719027 -0.001076  -0.000532 -1.570733 1.693051
138  0.000000 2.775451 -0.000236  -0.135089 0.000001 -0.000000
139  -0.000000 3.189767 0.000008  0.207820 -0.000000 0.000000
140  0.000000 3.504656 0.000046  -0.261876 0.000000 -0.000000
141  -0.000000 2.863195 -0.000002  -0.051268 -0.000000 -0.000000
time 23
0  5.311947 -6.077231 41.225269  1.570796 0.000000 -0.000000
1  0.002636 43.025146 0.734438  0.052046 0.268971 -0.030038
2  3.061857 -4.181012 -0.610803  -1.585969 -0.227093 -1.542162
3  18.476778 0.000159 -0.000001  0.002755 -0.034646 0.453699
4  17.490084 0.000116 0.000004  0.215773 0.215213 -1.271381
5  -3.065330 -4.183574 -0.611480  -1.522068 -0.364727 -1.690478
6  18.474861 -0.000035 -0.000008  -0.002622 0.040316 0.523160
7  17.489586 0.001916 -0.000006  -0.005402 -0.156415 -1.277122
8  -0.000117 -0.048883 -0.576226  1.576449 0.163647 1.586783
9  3.224480 0.767047 0.000496  0.009060 -0.006689 0.025477
10  3.223918 0.226399 -0.001944  0.004889 -0.005986 0.240050
11  5.187319 -1.262559 -0.001177  0.000012 0.000066 0.194111
12  6.928416 -1.935313 -0.000227  3.063619 0.069332 0.277774
13  3.236362 1.079608 0.000057  -0.167749 -0.089310 0.429349
14  0.833768 3.805352 0.692955  -0.040492 0.554885 1.469871
15  0.000040 6.792214 0.000039  0.007991 0.036070 -0.011407
16  -0.000067 7.744816 0.000015  -0.017442 -0.155305 0.068151
17  0.000070 7.809702 0.000018  -0.033636 0.005025 0.006142
18  -0.000025 7.867672 0.000018  -0.073330 -0.127909 0.026376
19  3.494709 -1.749094 -3.006912  0.152543 2.070420 1.936944
20  0.000119 4.478323 0.000019  -0.194660 0.310432 -0.234994
21  0.000045 4.636121 -0.000028  0.035824 0.324593 -0.151767
22  -0.000044 5.008651 0.000014  0.075997 -0.286565 0.276092
23  0.000063 4.781171 0.000008  0.904395 -2.690903 -0.015799
24  2.253048 1.989058 -3.350106  -1.523633 1.324497 0.112398
25  0.000161 6.589466 0.000170  0.206353 -0.002129 -0.080394
26  0.000042 7.491406 0.000041  -0.333511 0.184455 -0.191167
27  0.000026 7.660303 -0.000055  -0.063176 0.127195 -0.062118
28  0.000005 7.256269 0.000017  -0.052938 -0.487829 0.313813
29  -0.791150 2.265118 -1.234655  -0.753900 1.136377 0.824671
30  -0.000260 8.572252 -0.000091  -0.222843 -0.296789 0.176503
31  -0.000097 8.117220 0.000049  0.072256 0.772520 -0.285589
32  -0.000083 8.230037 -0.000071  -0.080492 -0.347232 0.072254
33  0.000061 7.366722 0.000053  -0.015396 -0.663892 0.062742
34  0.224221 0.240126 -3.218157  -0.877385 1.468889 0.577822
35  -0.000101 7.721052 -0.000307  -0.283828 0.060497 -0.167555
36  -0.000031 7.374854 -0.000002  0.007536 -0.195021 0.049539
37  0.000076 6.848098 0.000006  0.005484 0.006496 -0.033649
38  -0.000052 7.777868 0.000008  -0.186096 0.182474 -0.152846
39  -1.514456 2.104649 -1.150167  -0.029091 0.541320 1.555677
40  -0.000169 6.982356 -0.000077  -0.199699 -0.041212 0.153489
41  0.000038 8.382855 -0.000072  0.044865 0.587986 -0.257962
42  0.000012 8.697704 -0.000027  -0.102637 -0.474318 0.290945
43  0.000056 8.921802 -0.000003  -0.076258 0.581004 -0.195605
44  1.196201 2.899154 -2.353086  -0.449719 1.030105 1.287428
45  0.000109 5.476947 0.000007  0.285576 -0.099353 -0.038446
46  -0.000070 6.060437 -0.000091  -0.155024 -0.575031 0.384611
47  0.000019 5.994266 0.000029  0.033942 0.288575 -0.067731
48  -0.000007 6.100491 0.000001  -0.068405 0.299273 -0.162152
49  0.000035 6.916759 0.000010  -0.096318 0.220533 -0.107966
50  0.000149 6.435061 -0.000045  -0.037459 0.171630 -0.116573
51  1.092800 3.649512 -1.738794  -0.148600 0.876612 1.445020
52  -0.000128 6.792189 -0.000102  0.008284 0.107792 -0.048643
53  -0.000087 7.744776 -0.000031  0.057137 -0.256893 0.015458
54  0.000086 9.115019 -0.000038  -0.020393 0.256253 -0.142636
55  3.494521 -1.749103 3.007064  0.118403 1.106974 1.813811
56  0.000015 4.323841 0.000086  -0.229910 -0.770942 0.449225
57  0.000028 4.872896 -0.000023  0.367245 -0.664051 -0.254035
58  0.000004 5.056648 0.000091  -0.511235 0.856587 -0.546321
59  2.292473 1.708613 3.661675  -1.762556 1.789111 -0.218970
60  -0.000173 6.589444 0.000273  -0.007133 -0.169123 0.176909
61  0.000172 7.491493 -0.000149  -0.132413 -0.107097 0.179327
62  -0.000138 8.249657 0.000143  0.041913 -0.058209 0.015814
63  0.000073 8.605236 -0.000027  0.101585 0.501824 -0.079697
64  -0.240477 2.066071 2.349267  -0.357330 2.461715 1.296081
65  -0.000086 7.721103 -0.000004  -0.208231 -0.126223 -0.116495
66  -0.000123 7.374858 -0.000046  -0.111017 0.046939 -0.046464
67  -0.000038 6.848062 -0.000027  0.273531 0.247523 0.299908
68  0.000033 7.777822 -0.000045  0.072921 0.186148 -0.052689
69  -0.000084 8.178057 0.000010  -0.087029 -0.422849 -0.381357
70  1.617611 3.431409 2.399265  -0.249454 2.569515 1.508572
71  -0.000163 5.476949 -0.000028  0.057729 0.074072 0.060286
72  -0.000092 6.060495 -0.000006  -0.015203 0.015650 -0.152065
73  0.000026 5.994250 0.000012  -0.126214 -0.157657 0.153302
74  -0.000078 7.076878 -0.000048  -0.008117 0.010385 0.036401
75  0.000006 7.089872 -0.000070  0.070875 0.098587 -0.025893
76  0.361120 0.886682 3.287746  -0.576373 1.978710 0.939011
77  -0.000068 6.686645 0.000224  -0.146569 0.414164 -0.327707
78  -0.000012 7.638018 0.000012  -0.079523 -0.025948 0.130956
79  -0.000030 7.290238 -0.000022  0.025325 -0.093908 0.023962
80  -0.000034 6.530361 0.000005  -0.261847 -0.300601 0.006734
81  0.000062 7.224874 0.000009  0.036506 0.032481 -0.175823
82  1.071898 3.225794 1.570115  -0.043807 2.859975 1.526247
83  0.000417 6.748898 -0.000066  -0.062702 0.083783 0.022201
84  -0.000048 8.002644 0.000026  -0.067496 -0.117208 -0.115600
85  0.000012 8.580572 -0.000097  0.088213 -0.007187 0.334605
86  0.000167 8.689826 -0.000040  0.065327 -0.412430 -0.134517
87  -1.514527 2.104638 0.318056  -0.024895 3.094491 1.569496
88  0.000193 6.982291 0.000012  -0.107589 -0.057625 -0.215716
89  -0.000009 8.382873 -0.000068  0.135032 -0.099914 0.287073
90  -0.000059 8.697680 0.000023  -0.148090 -0.510100 0.044839
91  -0.000135 8.921825 0.000079  -0.236827 -0.892636 0.098805
92  3.553620 -3.478046 2.409277  0.000820 0.762046 1.535309
93  -0.000002 4.476905 -0.000006  -0.151004 -0.588330 0.377260
94  0.000030 4.514120 -0.000023  -0.228866 -2.996199 0.592367
95  0.000045 4.518380 -0.000024  0.143172 2.612777 0.693384
96  0.000024 3.598325 0.000024  -0.749303 0.869852 -0.773233
97  4.209927 -0.440346 1.018824  -1.610083 -2.052137 -0.142449
98  4.265507 1.434228 -0.404991  -1.628559 -0.094182 -0.910979
99  9.400231 0.017941 0.083201  -0.004017 -0.048556 -0.241583
100  10.242417 0.033590 0.064479  1.792579 -0.124916 0.030666
101  3.465851 -0.059678 0.016694  0.015174 -0.153587 -0.741386
102  1.655598 -0.000022 0.000021  0.037658 -0.123530 -0.603199
103  0.960768 -0.000000 -0.000006  0.022472 -0.062570 -0.580852
104  3.462025 -0.064245 0.939909  0.338653 -0.051411 -0.587316
105  1.497177 -0.000008 0.000021  -0.484971 -0.062472 -0.186803
106  0.793756 0.000003 -0.000002  -0.009351 0.025005 -0.492494
107  0.591659 -0.460691 0.835206  -0.904981 -0.365290 -0.566501
108  1.556142 0.000000 -0.000001  -0.188408 0.088995 0.366135
109  1.135902 0.000017 0.000005  0.133872 0.037225 0.542743
110  3.084266 -0.668819 -1.257085  -0.690151 -0.141566 -0.759747
111  1.064204 -0.000004 0.000006  0.013073 0.067697 -0.411092
112  0.640339 0.000007 -0.000009  -0.000036 0.003958 -0.232428
113  3.396819 -0.242137 -0.708690  -0.344014 -0.172476 -0.825841
114  1.532966 0.000006 0.000007  0.012097 -0.005657 -0.568235
115  0.832973 -0.000006 -0.000003  0.005529 0.001649 -0.744827
116  4.209946 -0.440341 -1.019279  2.008741 2.045664 0.217303
117  4.266745 1.424941 0.424938  1.704822 0.057294 -0.986521
118  9.398562 0.011950 -0.082515  0.007761 0.044262 -0.156866
119  10.242437 0.028177 -0.062910  -1.601159 -0.021723 0.147643
120  3.465748 -0.067526 0.002268  -0.005844 0.148821 -0.740701
121  1.655557 0.000005 0.000005  -0.037276 0.121241 -0.603277
122  0.960907 0.000004 -0.000001  -0.019410 0.060049 -0.581065
123  3.466857 -0.077782 -0.920909  -0.334503 0.045620 -0.587765
124  1.497260 -0.000036 -0.000023  -0.419774 0.061214 -0.186138
125  0.793793 -0.000006 0.000003  -0.057464 0.165214 -0.422821
126  0.595077 -0.467150 -0.829176  2.133609 0.374722 -0.383691
127  1.555671 0.000016 -0.000002  0.303940 0.019784 0.376648
128  1.136814 -0.000006 -0.000002  -0.008389 0.161283 0.505392
129  3.075971 -0.667967 1.277701  0.695390 0.134611 -0.758462
130  1.064595 0.000019 0.000011  -0.025227 -0.074931 -0.409787
131  0.640360 -0.000015 -0.000002  0.000081 -0.005196 -0.232464
132  3.392412 -0.245368 0.728376  0.340922 0.163320 -0.826668
133  1.532739 -0.000009 -0.000002  -0.009945 0.007012 -0.568062
134  0.833151 0.000007 0.000006  -0.005742 -0.004029 -0.744748
135  3.590113 -3.090294 1.193972  1.635457 1.210566 1.548541
136  3.589556 -3.089879 -1.196373  -1.505736 1.210473 -1.592853
137  -0.436561 4.719026 -0.001076  -0.000739 -1.570733 1.693054
138  0.000000 2.775451 -0.000234  -0.135089 0.000001 -0.000000
139  0.000000 3.189766 0.000008  0.207820 -0.000000 0.000000
140  -0.000000 3.504656 0.000046  -0.261876 0.000000 -0.000000
141  0.000000 2.863204 -0.000002  -0.051268 0.000000 -0.000000
time 24
0  5.003850 -6.533285 41.241886  1.570796 0.000000 -0.000000
1  0.002636 43.025146 0.734438  0.048908 0.320417 -0.033425
2  3.061857 -4.181013 -0.610804  -1.549755 -0.220934 -1.532012
3  18.476776 0.000159 -0.000001  0.002757 -0.034442 0.451202
4  17.490086 0.000117 0.000004  0.213941 0.234143 -1.275651
5  -3.065329 -4.183578 -0.611479  -1.502908 -0.329945 -1.701595
6  18.474857 -0.000034 -0.000007  -0.002795 0.032588 0.428793
7  17.489586 0.001915 -0.000006  -0.021441 -0.213988 -1.224301
8  -0.000117 -0.048883 -0.576226  1.575182 0.166151 1.585057
9  3.224481 0.767047 0.000496  0.008103 -0.010197 0.021963
10  3.223911 0.226400 -0.001944  0.003681 -0.008149 0.237670
11  5.187322 -1.262559 -0.001177  0.000012 0.000066 0.194111
12  6.928410 -1.935313 -0.000228  3.054549 0.084735 0.283085
13  3.236365 1.079615 0.000056  -0.194640 -0.107602 0.418967
14  0.833763 3.805350 0.692956  -0.040492 0.554885 1.469871
15  0.000037 6.792210 0.000039  0.007991 0.036070 -0.011407
16  -0.000067 7.744816 0.000015  -0.017442 -0.155305 0.068151
17  0.000071 7.809708 0.000017  -0.033636 0.005025 0.006142
18  -0.000027 7.867676 0.000018  -0.073330 -0.127910 0.026376
19  3.494701 -1.749095 -3.006912  0.152543 2.070420 1.936944
20  0.000120 4.478326 0.000018  -0.194660 0.310432 -0.234994
21  0.000049 4.636122 -0.000029  0.035824 0.324593 -0.151767
22  -0.000042 5.008659 0.000012  0.075997 -0.286565 0.276092
23  0.000062 4.781165 0.000009  0.904395 -2.690903 -0.015799
24  2.253043 1.989058 -3.350106  -1.523633 1.324497 0.112398
25  0.000160 6.589464 0.000170  0.206353 -0.002129 -0.080394
26  0.000045 7.491413 0.000043  -0.333511 0.184455 -0.191167
27  0.000026 7.660305 -0.000057  -0.063176 0.127195 -0.062118
28  0.000005 7.256271 0.000019  -0.052938 -0.487829 0.313813
29  -0.791156 2.265117 -1.234655  -0.753900 1.136377 0.824671
30  -0.000256 8.572262 -0.000091  -0.222843 -0.296789 0.176503
31  -0.000092 8.117216 0.000047  0.072256 0.772520 -0.285589
32  -0.000081 8.230036 -0.000071  -0.080492 -0.347232 0.072254
33  0.000060 7.366721 0.000054  -0.015395 -0.663893 0.062742
34  0.224222 0.240126 -3.218158  -0.877385 1.468889 0.577822
35  -0.000101 7.721051 -0.000309  -0.283828 0.060497 -0.167555
36  -0.000028 7.374855 -0.000002  0.007536 -0.195021 0.049539
37  0.000076 6.848103 0.000006  0.005484 0.006496 -0.033649
38  -0.000050 7.777863 0.000008  -0.186096 0.182474 -0.152846
39  -1.514464 2.104648 -1.150167  -0.029091 0.541320 1.555677
40  -0.000169 6.982347 -0.000077  -0.199699 -0.041212 0.153489
41  0.000038 8.382860 -0.000072  0.044865 0.587986 -0.257962
42  0.000013 8.697702 -0.000025  -0.102637 -0.474318 0.290945
43  0.000056 8.921806 -0.000004  -0.076258 0.581004 -0.195605
44  1.196188 2.899153 -2.353085  -0.449719 1.030105 1.287427
45  0.000106 5.476942 0.000006  0.285576 -0.099353 -0.038446
46  -0.000073 6.060441 -0.000093  -0.155024 -0.575031 0.384611
47  0.000018 5.994266 0.000029  0.033942 0.288575 -0.067731
48  -0.000008 6.100492 0.000001  -0.068405 0.299273 -0.162152
49  0.000036 6.916755 0.000009  -0.096318 0.220533 -0.107966
50  0.000148 6.435060 -0.000045  -0.037459 0.171630 -0.116573
51  1.092799 3.649512 -1.738794  -0.148600 0.876612 1.445020
52  -0.000126 6.792198 -0.000102  0.008284 0.107792 -0.048643
53  -0.000087 7.744773 -0.000031  0.057137 -0.256893 0.015458
54  0.000087 9.115018 -0.000037  -0.020393 0.256253 -0.142636
55  3.494518 -1.749104 3.007064  0.118403 1.106974 1.813811
56  0.000014 4.323830 0.000087  -0.229910 -0.770942 0.449225
57  0.000030 4.872899 -0.000023  0.367245 -0.664051 -0.254035
58  0.000004 5.056643 0.000093  -0.511235 0.856587 -0.546321
59  2.292469 1.708614 3.661675  -1.762556 1.789111 -0.218970
60  -0.000172 6.589447 0.000274  -0.007133 -0.169122 0.176909
61  0.000172 7.491490 -0.000149  -0.132413 -0.107097 0.179327
62  -0.000137 8.249660 0.000142  0.041913 -0.058209 0.015814
63  0.000073 8.605236 -0.000027  0.101585 0.501824 -0.079697
64  -0.240481 2.066071 2.349267  -0.357330 2.461715 1.296081
65  -0.000087 7.721106 -0.000002  -0.208231 -0.126223 -0.116495
66  -0.000125 7.374870 -0.000047  -0.111017 0.046939 -0.046464
67  -0.000037 6.848062 -0.000027  0.273531 0.247522 0.299908
68  0.000035 7.777823 -0.000044  0.072921 0.186148 -0.052689
69  -0.000085 8.178049 0.000010  -0.087029 -0.422849 -0.381357
70  1.617607 3.431408 2.399266  -0.249454 2.569515 1.508572
71  -0.000162 5.476945 -0.000028  0.057729 0.074072 0.060286
72  -0.000092 6.060499 -0.000006  -0.015203 0.015650 -0.152065
73  0.000026 5.994243 0.000011  -0.126214 -0.157657 0.153302
74  -0.000079 7.076879 -0.000048  -0.008117 0.010384 0.036401
75  0.000001 7.089863 -0.000070  0.070875 0.098587 -0.025893
76  0.361114 0.886681 3.287746  -0.576373 1.978710 0.939011
77  -0.000068 6.686640 0.000223  -0.146569 0.414164 -0.327707
78  -0.000010 7.638023 0.000012  -0.079523 -0.025947 0.130956
79  -0.000032 7.290232 -0.000022  0.025325 -0.093908 0.023962
80  -0.000034 6.530367 0.000004  -0.261847 -0.300601 0.006734
81  0.000063 7.224878 0.000010  0.036506 0.032481 -0.175823
82  1.071904 3.225796 1.570115  -0.043807 2.859975 1.526247
83  0.000417 6.748910 -0.000067  -0.062702 0.083783 0.022201
84  -0.000045 8.002642 0.000027  -0.067496 -0.117208 -0.115600
85  0.000013 8.580573 -0.000097  0.088213 -0.007187 0.334605
86  0.000167 8.689826 -0.000041  0.065327 -0.412430 -0.134517
87  -1.514531 2.104637 0.318055  -0.024895 3.094491 1.569496
88  0.000194 6.982289 0.000012  -0.107589 -0.057625 -0.215716
89  -0.000009 8.382869 -0.000068  0.135032 -0.099914 0.287073
90  -0.000059 8.697675 0.000024  -0.148090 -0.510100 0.044839
91  -0.000134 8.921826 0.000079  -0.236828 -0.892636 0.098805
92  3.553613 -3.478048 2.409277  0.000820 0.762046 1.535309
93  -0.000000 4.476898 -0.000008  -0.151004 -0.588330 0.377260
94  0.000031 4.514120 -0.000023  -0.228866 -2.996199 0.592367
95  0.000044 4.518382 -0.000021  0.143172 2.612777 0.693384
96  0.000023 3.598329 0.000026  -0.749302 0.869851 -0.773233
97  4.209919 -0.440345 1.018823  -1.620940 -2.051203 -0.132787
98  4.265508 1.434236 -0.404993  -1.637368 -0.079605 -0.897638
99  9.400236 0.017941 0.083202  -0.003936 -0.048633 -0.243055
100  10.242423 0.033591 0.064480  1.791637 -0.122759 0.026546
101  3.465854 -0.059678 0.016693  0.015174 -0.153587 -0.741386
102  1.655593 -0.000022 0.000022  0.037658 -0.123530 -0.603200
103  0.960770 -0.000002 -0.000007  0.022472 -0.062570 -0.580852
104  3.462024 -0.064246 0.939909  0.338653 -0.051411 -0.587316
105  1.497174 -0.000011 0.000021  -0.484971 -0.062472 -0.186803
106  0.793760 0.000002 -0.000001  -0.009351 0.025005 -0.492494
107  0.591654 -0.460690 0.835207  -0.904981 -0.365290 -0.566501
108  1.556138 -0.000001 -0.000000  -0.188408 0.088995 0.366135
109  1.135905 0.000017 0.000003  0.133872 0.037225 0.542743
110  3.084262 -0.668819 -1.257085  -0.690151 -0.141566 -0.759747
111  1.064196 -0.000004 0.000004  0.013073 0.067697 -0.411093
112  0.640340 0.000006 -0.000008  -0.000036 0.003959 -0.232429
113  3.396817 -0.242136 -0.708689  -0.344014 -0.172476 -0.825841
114  1.532969 0.000007 0.000006  0.012097 -0.005657 -0.568235
115  0.832976 -0.000005 -0.000003  0.005529 0.001649 -0.744827
116  4.209939 -0.440342 -1.019280  2.015013 2.049853 0.222442
117  4.266743 1.424942 0.424937  1.690464 0.056201 -0.992521
118  9.398568 0.011949 -0.082517  0.007904 0.044098 -0.154080
119  10.242437 0.028176 -0.062910  -1.599613 -0.031106 0.146164
120  3.465749 -0.067526 0.002267  -0.005844 0.148821 -0.740701
121  1.655560 0.000006 0.000006  -0.037276 0.121241 -0.603277
122  0.960909 0.000002 0.000000  -0.019410 0.060049 -0.581065
123  3.466853 -0.077779 -0.920910  -0.334503 0.045620 -0.587765
124  1.497264 -0.000032 -0.000022  -0.419774 0.061214 -0.186138
125  0.793786 -0.000008 -0.000000  -0.057464 0.165214 -0.422821
126  0.595079 -0.467151 -0.829176  2.133608 0.374723 -0.383691
127  1.555672 0.000015 -0.000003  0.303940 0.019784 0.376648
128  1.136811 -0.000010 -0.000001  -0.008389 0.161283 0.505392
129  3.075972 -0.667965 1.277700  0.695390 0.134611 -0.758462
130  1.064594 0.000017 0.000012  -0.025227 -0.074931 -0.409787
131  0.640362 -0.000017 -0.000003  0.000081 -0.005196 -0.232464
132  3.392412 -0.245369 0.728376  0.340922 0.163320 -0.826668
133  1.532740 -0.000011 0.000000  -0.009945 0.007012 -0.568062
134  0.833150 0.000005 0.000005  -0.005742 -0.004029 -0.744748
135  3.590115 -3.090295 1.193972  1.635457 1.210566 1.548541
136  3.589557 -3.089879 -1.196372  -1.505736 1.210473 -1.592853
137  -0.436561 4.719026 -0.001076  -0.000827 -1.570733 1.692974
138  -0.000000 2.775456 -0.000237  -0.135089 0.000001 -0.000000
139  0.000000 3.189769 0.000009  0.207820 0.000000 0.000000
140  0.000000 3.504654 0.000045  -0.261876 0.000000 -0.000000
141  0.000000 2.863196 -0.000002  -0.051268 0.000000 -0.000000
time 25
0  4.641045 -7.009902 41.264194  1.570796 0.000000 -0.000000
1  0.002636 43.025146 0.734438  0.044639 0.366096 -0.038742
2  3.061857 -4.181003 -0.610804  -1.514050 -0.214182 -1.518067
3  18.476778 0.000158 -0.000001  0.002757 -0.034091 0.446922
4  17.490084 0.000117 0.000004  0.207325 0.249060 -1.279980
5  -3.065330 -4.183568 -0.611479  -1.484978 -0.290838 -1.698075
6  18.474857 -0.000033 -0.000008  -0.002439 0.026724 0.357104
7  17.489584 0.001916 -0.000006  -0.050918 -0.244657 -1.126749
8  -0.000117 -0.048878 -0.576226  1.574051 0.168297 1.583931
9  3.224488 0.767047 0.000495  0.007359 -0.012863 0.018956
10  3.223912 0.226399 -0.001944  0.002750 -0.009790 0.235632
11  5.187315 -1.262560 -0.001176  0.000012 0.000066 0.194111
12  6.928414 -1.935314 -0.000227  3.046599 0.097914 0.287771
13  3.236371 1.079617 0.000056  -0.218084 -0.122753 0.409970
14  0.833757 3.805352 0.692956  -0.040492 0.554885 1.469872
15  0.000038 6.792215 0.000039  0.007991 0.036070 -0.011407
16  -0.000066 7.744814 0.000015  -0.017442 -0.155305 0.068151
17  0.000074 7.809703 0.000018  -0.033636 0.005026 0.006142
18  -0.000025 7.867670 0.000017  -0.073330 -0.127909 0.026376
19  3.494687 -1.749096 -3.006912  0.152543 2.070419 1.936944
20  0.000120 4.478327 0.000018  -0.194660 0.310432 -0.234994
21  0.000048 4.636116 -0.000029  0.035824 0.324593 -0.151767
22  -0.000046 5.008652 0.000015  0.075997 -0.286565 0.276092
23  0.000062 4.781165 0.000010  0.904395 -2.690903 -0.015799
24  2.253038 1.989059 -3.350107  -1.523633 1.324497 0.112398
25  0.000162 6.589462 0.000169  0.206353 -0.002129 -0.080394
26  0.000042 7.491412 0.000042  -0.333511 0.184455 -0.191167
27  0.000025 7.660302 -0.000054  -0.063176 0.127195 -0.062118
28  0.000004 7.256270 0.000017  -0.052938 -0.487829 0.313813
29  -0.791173 2.265117 -1.234655  -0.753900 1.136377 0.824671
30  -0.000255 8.572265 -0.000092  -0.222843 -0.296789 0.176503
31  -0.000095 8.117218 0.000048  0.072256 0.772520 -0.285589
32  -0.000084 8.230034 -0.000068  -0.080492 -0.347232 0.072254
33  0.000060 7.366725 0.000054  -0.015395 -0.663893 0.062742
34  0.224207 0.240126 -3.218158  -0.877385 1.468889 0.577822
35  -0.000102 7.721057 -0.000309  -0.283828 0.060497 -0.167555
36  -0.000031 7.374857 -0.000002  0.007536 -0.195021 0.049539
37  0.000075 6.848104 0.000006  0.005484 0.006496 -0.033649
38  -0.000050 7.777864 0.000008  -0.186096 0.182474 -0.152846
39  -1.514480 2.104647 -1.150167  -0.029091 0.541320 1.555677
40  -0.000170 6.982347 -0.000077  -0.199699 -0.041212 0.153489
41  0.000038 8.382865 -0.000072  0.044865 0.587986 -0.257962
42  0.000014 8.697701 -0.000026  -0.102637 -0.474318 0.290945
43  0.000056 8.921803 -0.000003  -0.076258 0.581004 -0.195605
44  1.196187 2.899155 -2.353086  -0.449719 1.030105 1.287428
45  0.000105 5.476939 0.000007  0.285576 -0.099353 -0.038446
46  -0.000074 6.060441 -0.000093  -0.155024 -0.575031 0.384611
47  0.000019 5.994269 0.000029  0.033942 0.288575 -0.067731
48  -0.000005 6.100478 0.000002  -0.068405 0.299273 -0.162152
49  0.000033 6.916760 0.000009  -0.096318 0.220533 -0.107966
50  0.000152 6.435059 -0.000046  -0.037459 0.171630 -0.116573
51  1.092788 3.649513 -1.738794  -0.148600 0.876612 1.445020
52  -0.000129 6.792201 -0.000103  0.008284 0.107792 -0.048643
53  -0.000087 7.744779 -0.000029  0.057137 -0.256893 0.015458
54  0.000085 9.115023 -0.000038  -0.020393 0.256253 -0.142636
55  3.494516 -1.749102 3.007064  0.118403 1.106974 1.813811
56  0.000015 4.323846 0.000087  -0.229910 -0.770942 0.449225
57  0.000029 4.872901 -0.000023  0.367245 -0.664051 -0.254035
58  0.000004 5.056655 0.000089  -0.511235 0.856587 -0.546321
59  2.292458 1.708614 3.661675  -1.762556 1.789111 -0.218970
60  -0.000174 6.589442 0.000274  -0.007133 -0.169123 0.176909
61  0.000174 7.491494 -0.000151  -0.132413 -0.107098 0.179327
62  -0.000141 8.249660 0.000142  0.041913 -0.058209 0.015814
63  0.000072 8.605236 -0.000024  0.101585 0.501824 -0.079697
64  -0.240488 2.066073 2.349267  -0.357330 2.461715 1.296081
65  -0.000086 7.721099 -0.000004  -0.208231 -0.126224 -0.116495
66  -0.000123 7.374868 -0.000047  -0.111017 0.046939 -0.046464
67  -0.000037 6.848062 -0.000026  0.273531 0.247523 0.299908
68  0.000035 7.777823 -0.000043  0.072921 0.186148 -0.052689
69  -0.000084 8.178050 0.000011  -0.087029 -0.422849 -0.381357
70  1.617590 3.431408 2.399266  -0.249454 2.569515 1.508572
71  -0.000161 5.476947 -0.000029  0.057729 0.074072 0.060286
72  -0.000092 6.060503 -0.000007  -0.015203 0.015650 -0.152065
73  0.000026 5.994251 0.000011  -0.126214 -0.157657 0.153302
74  -0.000077 7.076880 -0.000049  -0.008117 0.010384 0.036401
75  0.000004 7.089873 -0.000070  0.070875 0.098587 -0.025893
76  0.361095 0.886680 3.287747  -0.576373 1.978710 0.939011
77  -0.000068 6.686646 0.000223  -0.146569 0.414164 -0.327707
78  -0.000011 7.638018 0.000013  -0.079523 -0.025947 0.130956
79  -0.000033 7.290227 -0.000022  0.025325 -0.093908 0.023962
80  -0.000033 6.530369 0.000005  -0.261847 -0.300601 0.006734
81  0.000064 7.224878 0.000008  0.036506 0.032481 -0.175823
82  1.071881 3.225795 1.570116  -0.043807 2.859975 1.526247
83  0.000415 6.748901 -0.000066  -0.062702 0.083783 0.022201
84  -0.000044 8.002649 0.000027  -0.067496 -0.117208 -0.115600
85  0.000013 8.580566 -0.000097  0.088213 -0.007187 0.334605
86  0.000170 8.689832 -0.000041  0.065327 -0.412429 -0.134517
87  -1.514542 2.104638 0.318056  -0.024895 3.094491 1.569496
88  0.000192 6.982279 0.000011  -0.107589 -0.057625 -0.215716
89  -0.000009 8.382869 -0.000067  0.135032 -0.099914 0.287073
90  -0.000062 8.697664 0.000024  -0.148090 -0.510100 0.044839
91  -0.000135 8.921829 0.000079  -0.236827 -0.892635 0.098805
92  3.553605 -3.478047 2.409278  0.000820 0.762046 1.535309
93  0.000001 4.476905 -0.000009  -0.151004 -0.588330 0.377260
94  0.000031 4.514123 -0.000023  -0.228866 -2.996199 0.592367
95  0.000046 4.518379 -0.000022  0.143172 2.612778 0.693384
96  0.000023 3.598324 0.000024  -0.749303 0.869852 -0.773233
97  4.209922 -0.440346 1.018824  -1.631929 -2.050150 -0.122986
98  4.265503 1.434231 -0.404991  -1.646736 -0.063983 -0.884653
99  9.400236 0.017940 0.083201  -0.003937 -0.048631 -0.243031
100  10.242413 0.033589 0.064481  1.790718 -0.120869 0.022913
101  3.465852 -0.059678 0.016694  0.015174 -0.153587 -0.741386
102  1.655596 -0.000021 0.000022  0.037658 -0.123530 -0.603200
103  0.960769 0.000001 -0.000008  0.022472 -0.062570 -0.580853
104  3.462024 -0.064246 0.939909  0.338653 -0.051411 -0.587316
105  1.497177 -0.000006 0.000022  -0.484972 -0.062472 -0.186803
106  0.793759 0.000005 -0.000001  -0.009351 0.025005 -0.492494
107  0.591663 -0.460691 0.835207  -0.904981 -0.365290 -0.566501
108  1.556143 0.000003 -0.000000  -0.188408 0.088995 0.366135
109  1.135905 0.000018 0.000004  0.133872 0.037225 0.542743
110  3.084270 -0.668821 -1.257085  -0.690151 -0.141566 -0.759747
111  1.064201 -0.000003 0.000005  0.013073 0.067697 -0.411093
112  0.640339 0.000008 -0.000008  -0.000036 0.003959 -0.232428
113  3.396821 -0.242137 -0.708689  -0.344014 -0.172476 -0.825841
114  1.532971 0.000008 0.000005  0.012097 -0.005657 -0.568235
115  0.832976 -0.000003 -0.000003  0.005529 0.001649 -0.744827
116  4.209948 -0.440344 -1.019279  2.021707 2.053612 0.228047
117  4.266746 1.424936 0.424938  1.683372 0.057488 -0.997364
118  9.398563 0.011949 -0.082517  0.008015 0.043970 -0.151914
119  10.242442 0.028177 -0.062909  -1.602799 -0.037176 0.145445
120  3.465747 -0.067527 0.002267  -0.005844 0.148821 -0.740701
121  1.655560 0.000008 0.000006  -0.037276 0.121241 -0.603277
122  0.960910 0.000008 0.000000  -0.019410 0.060049 -0.581065
123  3.466852 -0.077782 -0.920909  -0.334503 0.045620 -0.587765
124  1.497254 -0.000035 -0.000023  -0.419774 0.061214 -0.186138
125  0.793789 -0.000008 0.000001  -0.057464 0.165215 -0.422821
126  0.595073 -0.467152 -0.829176  2.133608 0.374723 -0.383691
127  1.555672 0.000015 -0.000002  0.303940 0.019784 0.376648
128  1.136811 -0.000007 -0.000001  -0.008389 0.161283 0.505392
129  3.075972 -0.667969 1.277700  0.695390 0.134611 -0.758462
130  1.064590 0.000018 0.000011  -0.025226 -0.074931 -0.409787
131  0.640358 -0.000019 -0.000003  0.000081 -0.005196 -0.232464
132  3.392406 -0.245369 0.728376  0.340922 0.163320 -0.826668
133  1.532738 -0.000008 -0.000001  -0.009945 0.007012 -0.568062
134  0.833151 0.000008 0.000006  -0.005742 -0.004029 -0.744748
135  3.590107 -3.090295 1.193973  1.635457 1.210566 1.548541
136  3.589552 -3.089880 -1.196372  -1.505736 1.210473 -1.592853
137  -0.436563 4.719027 -0.001076  -0.000413 -1.570733 1.692990
138  -0.000001 2.775453 -0.000236  -0.135089 0.000001 -0.000000
139  -0.000000 3.189771 0.000008  0.207820 -0.000000 0.000000
140  -0.000000 3.504649 0.000044  -0.261876 0.000000 -0.000000
141  -0.000000 2.863198 -0.000003  -0.051268 -0.000000 -0.000000
time 26
0  4.216708 -7.519728 41.299267  1.570796 0.000000 -0.000000
1  0.002636 43.025146 0.734438  0.037843 0.403416 -0.046894
2  3.061857 -4.181008 -0.610804  -1.479376 -0.203846 -1.498890
3  18.476772 0.000159 -0.000001  0.002752 -0.033368 0.438100
4  17.490086 0.000117 0.000004  0.194771 0.258096 -1.284196
5  -3.065330 -4.183571 -0.611480  -1.472014 -0.250170 -1.679824
6  18.474859 -0.000034 -0.000007  -0.001908 0.022434 0.304367
7  17.489584 0.001916 -0.000006  -0.077355 -0.247691 -1.045485
8  -0.000117 -0.048877 -0.576226  1.573447 0.169562 1.583807
9  3.224488 0.767048 0.000496  0.007308 -0.014151 0.017172
10  3.223908 0.226399 -0.001944  0.002501 -0.010633 0.234422
11  5.187323 -1.262560 -0.001177  0.000012 0.000066 0.194111
12  6.928409 -1.935312 -0.000227  3.039870 0.107724 0.291139
13  3.236362 1.079612 0.000057  -0.237032 -0.133196 0.403768
14  0.833751 3.805351 0.692955  -0.040492 0.554885 1.469871
15  0.000040 6.792212 0.000038  0.007991 0.036070 -0.011407
16  -0.000068 7.744818 0.000013  -0.017442 -0.155305 0.068151
17  0.000073 7.809701 0.000018  -0.033636 0.005026 0.006142
18  -0.000025 7.867667 0.000017  -0.073330 -0.127909 0.026376
19  3.494699 -1.749094 -3.006912  0.152543 2.070420 1.936944
20  0.000119 4.478323 0.000018  -0.194660 0.310432 -0.234994
21  0.000046 4.636112 -0.000029  0.035824 0.324593 -0.151767
22  -0.000037 5.008654 0.000013  0.075997 -0.286565 0.276092
23  0.000065 4.781165 0.000009  0.904395 -2.690903 -0.015799
24  2.253040 1.989058 -3.350106  -1.523633 1.324497 0.112398
25  0.000163 6.589454 0.000171  0.206353 -0.002129 -0.080394
26  0.000043 7.491417 0.000044  -0.333511 0.184455 -0.191167
27  0.000028 7.660300 -0.000055  -0.063176 0.127195 -0.062118
28  0.000007 7.256271 0.000017  -0.052938 -0.487829 0.313813
29  -0.791167 2.265117 -1.234655  -0.753900 1.136377 0.824671
30  -0.000256 8.572264 -0.000091  -0.222843 -0.296789 0.176503
31  -0.000094 8.117213 0.000048  0.072256 0.772520 -0.285589
32  -0.000082 8.230036 -0.000070  -0.080492 -0.347232 0.072254
33  0.000060 7.366726 0.000054  -0.015395 -0.663893 0.062742
34  0.224213 0.240127 -3.218158  -0.877385 1.468889 0.577821
35  -0.000103 7.721055 -0.000310  -0.283828 0.060497 -0.167555
36  -0.000027 7.374850 -0.000002  0.007536 -0.195021 0.049539
37  0.000074 6.848104 0.000007  0.005484 0.006496 -0.033649
38  -0.000052 7.777870 0.000008  -0.186096 0.182474 -0.152846
39  -1.514471 2.104649 -1.150167  -0.029091 0.541320 1.555677
40  -0.000170 6.982350 -0.000077  -0.199699 -0.041212 0.153489
41  0.000038 8.382852 -0.000073  0.044865 0.587986 -0.257962
42  0.000014 8.697700 -0.000025  -0.102637 -0.474318 0.290945
43  0.000056 8.921806 -0.000003  -0.076258 0.581004 -0.195605
44  1.196181 2.899153 -2.353086  -0.449719 1.030105 1.287428
45  0.000106 5.476943 0.000006  0.285576 -0.099353 -0.038446
46  -0.000072 6.060432 -0.000087  -0.155024 -0.575031 0.384611
47  0.000019 5.994267 0.000029  0.033942 0.288575 -0.067731
48  -0.000007 6.100491 0.000002  -0.068405 0.299273 -0.162152
49  0.000034 6.916760 0.000010  -0.096318 0.220533 -0.107966
50  0.000151 6.435059 -0.000044  -0.037459 0.171630 -0.116573
51  1.092786 3.649512 -1.738794  -0.148600 0.876612 1.445020
52  -0.000128 6.792191 -0.000103  0.008284 0.107792 -0.048643
53  -0.000087 7.744775 -0.000031  0.057137 -0.256893 0.015458
54  0.000084 9.115025 -0.000037  -0.020393 0.256253 -0.142636
55  3.494506 -1.749104 3.007064  0.118403 1.106974 1.813811
56  0.000014 4.323839 0.000086  -0.229910 -0.770942 0.449225
57  0.000028 4.872899 -0.000022  0.367245 -0.664052 -0.254035
58  0.000003 5.056649 0.000092  -0.511235 0.856587 -0.546321
59  2.292454 1.708613 3.661675  -1.762556 1.789111 -0.218970
60  -0.000172 6.589443 0.000273  -0.007133 -0.169123 0.176909
61  0.000173 7.491496 -0.000149  -0.132413 -0.107097 0.179327
62  -0.000140 8.249655 0.000143  0.041913 -0.058209 0.015814
63  0.000069 8.605231 -0.000027  0.101585 0.501824 -0.079697
64  -0.240493 2.066071 2.349267  -0.357330 2.461715 1.296081
65  -0.000083 7.721106 -0.000003  -0.208231 -0.126224 -0.116495
66  -0.000124 7.374864 -0.000047  -0.111017 0.046939 -0.046464
67  -0.000036 6.848061 -0.000028  0.273531 0.247522 0.299908
68  0.000036 7.777824 -0.000043  0.072921 0.186148 -0.052689
69  -0.000083 8.178053 0.000012  -0.087029 -0.422849 -0.381357
70  1.617592 3.431408 2.399265  -0.249454 2.569515 1.508572
71  -0.000165 5.476946 -0.000028  0.057730 0.074072 0.060286
72  -0.000091 6.060495 -0.000007  -0.015203 0.015650 -0.152065
73  0.000026 5.994251 0.000012  -0.126214 -0.157657 0.153302
74  -0.000078 7.076881 -0.000046  -0.008117 0.010384 0.036401
75  0.000003 7.089867 -0.000071  0.070875 0.098587 -0.025893
76  0.361098 0.886679 3.287746  -0.576373 1.978710 0.939011
77  -0.000065 6.686652 0.000223  -0.146569 0.414164 -0.327707
78  -0.000010 7.638021 0.000012  -0.079523 -0.025947 0.130956
79  -0.000032 7.290227 -0.000022  0.025325 -0.093908 0.023962
80  -0.000034 6.530369 0.000004  -0.261847 -0.300601 0.006735
81  0.000063 7.224881 0.000009  0.036506 0.032481 -0.175823
82  1.071889 3.225796 1.570115  -0.043807 2.859975 1.526247
83  0.000415 6.748899 -0.000067  -0.062702 0.083783 0.022201
84  -0.000044 8.002649 0.000027  -0.067496 -0.117208 -0.115600
85  0.000014 8.580569 -0.000097  0.088213 -0.007187 0.334605
86  0.000171 8.689833 -0.000040  0.065327 -0.412430 -0.134517
87  -1.514538 2.104639 0.318055  -0.024895 3.094491 1.569496
88  0.000194 6.982288 0.000012  -0.107589 -0.057625 -0.215716
89  -0.000009 8.382874 -0.000067  0.135032 -0.099914 0.287073
90  -0.000063 8.697672 0.000023  -0.148090 -0.510100 0.044839
91  -0.000137 8.921824 0.000080  -0.236827 -0.892635 0.098805
92  3.553613 -3.478045 2.409277  0.000820 0.762046 1.535309
93  0.000000 4.476899 -0.000007  -0.151004 -0.588330 0.377260
94  0.000031 4.514120 -0.000023  -0.228866 -2.996199 0.592367
95  0.000044 4.518381 -0.000022  0.143172 2.612778 0.693384
96  0.000023 3.598330 0.000023  -0.749303 0.869852 -0.773233
97  4.209923 -0.440346 1.018823  -1.643165 -2.048697 -0.112940
98  4.265504 1.434226 -0.404993  -1.656916 -0.047140 -0.872426
99  9.400229 0.017940 0.083203  -0.004058 -0.048517 -0.240836
100  10.242422 0.033590 0.064482  1.789790 -0.119604 0.019946
101  3.465855 -0.059677 0.016694  0.015174 -0.153587 -0.741386
102  1.655594 -0.000021 0.000022  0.037658 -0.123530 -0.603200
103  0.960772 -0.000001 -0.000006  0.022472 -0.062570 -0.580852
104  3.462029 -0.064244 0.939909  0.338653 -0.051411 -0.587316
105  1.497175 -0.000009 0.000021  -0.484972 -0.062472 -0.186803
106  0.793758 0.000004 -0.000002  -0.009351 0.025005 -0.492494
107  0.591661 -0.460690 0.835206  -0.904981 -0.365290 -0.566501
108  1.556141 0.000004 -0.000000  -0.188408 0.088995 0.366135
109  1.135907 0.000018 0.000003  0.133872 0.037225 0.542743
110  3.084271 -0.668820 -1.257085  -0.690151 -0.141566 -0.759747
111  1.064203 -0.000004 0.000005  0.013073 0.067697 -0.411093
112  0.640340 0.000005 -0.000008  -0.000036 0.003959 -0.232428
113  3.396826 -0.242137 -0.708689  -0.344014 -0.172476 -0.825841
114  1.532971 0.000011 0.000006  0.012098 -0.005657 -0.568235
115  0.832973 -0.000002 -0.000002  0.005529 0.001649 -0.744827
116  4.209945 -0.440343 -1.019279  2.029327 2.056144 0.234714
117  4.266747 1.424938 0.424938  1.688940 0.061736 -0.999467
118  9.398567 0.011949 -0.082516  0.008086 0.043887 -0.150521
119  10.242444 0.028176 -0.062907  -1.614005 -0.037767 0.146411
120  3.465750 -0.067527 0.002267  -0.005844 0.148821 -0.740701
121  1.655560 0.000003 0.000005  -0.037276 0.121241 -0.603277
122  0.960906 0.000004 0.000000  -0.019410 0.060049 -0.581065
123  3.466855 -0.077781 -0.920910  -0.334503 0.045620 -0.587765
124  1.497261 -0.000034 -0.000022  -0.419774 0.061214 -0.186138
125  0.793786 -0.000008 -0.000001  -0.057464 0.165214 -0.422821
126  0.595078 -0.467150 -0.829176  2.133608 0.374723 -0.383690
127  1.555678 0.000015 -0.000002  0.303940 0.019784 0.376648
128  1.136815 -0.000007 -0.000002  -0.008389 0.161283 0.505392
129  3.075976 -0.667967 1.277700  0.695390 0.134611 -0.758462
130  1.064589 0.000017 0.000012  -0.025226 -0.074931 -0.409787
131  0.640363 -0.000017 -0.000004  0.000082 -0.005196 -0.232464
132  3.392418 -0.245370 0.728376  0.340922 0.163320 -0.826668
133  1.532738 -0.000007 -0.000002  -0.009945 0.007012 -0.568062
134  0.833152 0.000002 0.000006  -0.005742 -0.004029 -0.744748
135  3.590114 -3.090296 1.193972  1.635457 1.210566 1.548541
136  3.589560 -3.089880 -1.196372  -1.505736 1.210473 -1.592853
137  -0.436557 4.719025 -0.001076  -0.000591 -1.570733 1.693006
138  0.000001 2.775456 -0.000236  -0.135089 0.000001 -0.000000
139  -0.000000 3.189772 0.000008  0.207820 -0.000000 0.000000
140  -0.000000 3.504651 0.000045  -0.261876 0.000000 -0.000000
141  -0.000000 2.863204 -0.000002  -0.051268 0.000000 -0.000000
time 27
0  3.737661 -8.050113 41.340034  1.570796 0.000000 -0.000000
1  0.002636 43.025146 0.734438  0.029580 0.434880 -0.057145
2  3.061857 -4.181015 -0.610804  -1.446079 -0.192475 -1.475616
3  18.476772 0.000159 -0.000000  0.002735 -0.032413 0.426439
4  17.490088 0.000117 0.000003  0.178374 0.263353 -1.286440
5  -3.065329 -4.183579 -0.611479  -1.472420 -0.215369 -1.653659
6  18.474854 -0.000033 -0.000007  -0.001467 0.019796 0.271741
7  17.489588 0.001916 -0.000007  -0.076621 -0.219737 -1.052553
8  -0.000117 -0.048887 -0.576226  1.572982 0.170470 1.584287
9  3.224484 0.767046 0.000496  0.007458 -0.014595 0.015891
10  3.223909 0.226399 -0.001944  0.002524 -0.010950 0.233552
11  5.187318 -1.262559 -0.001177  0.000012 0.000066 0.194111
12  6.928411 -1.935313 -0.000227  3.034209 0.115278 0.293974
13  3.236364 1.079610 0.000057  -0.252486 -0.140652 0.398828
14  0.833756 3.805352 0.692955  -0.040492 0.554885 1.469871
15  0.000041 6.792212 0.000040  0.007991 0.036070 -0.011407
16  -0.000066 7.744818 0.000015  -0.017442 -0.155305 0.068151
17  0.000074 7.809704 0.000018  -0.033636 0.005025 0.006142
18  -0.000029 7.867676 0.000016  -0.073330 -0.127909 0.026377
19  3.494698 -1.749094 -3.006912  0.152543 2.070419 1.936944
20  0.000120 4.478322 0.000018  -0.194660 0.310432 -0.234994
21  0.000048 4.636113 -0.000030  0.035824 0.324593 -0.151767
22  -0.000043 5.008652 0.000012  0.075997 -0.286565 0.276092
23  0.000063 4.781158 0.000010  0.904395 -2.690903 -0.015799
24  2.253033 1.989057 -3.350106  -1.523633 1.324497 0.112398
25  0.000162 6.589463 0.000171  0.206353 -0.002129 -0.080394
26  0.000041 7.491416 0.000042  -0.333511 0.184455 -0.191167
27  0.000027 7.660303 -0.000055  -0.063176 0.127195 -0.062118
28  0.000007 7.256269 0.000018  -0.052938 -0.487829 0.313813
29  -0.791169 2.265116 -1.234655  -0.753900 1.136377 0.824671
30  -0.000256 8.572262 -0.000091  -0.222843 -0.296789 0.176504
31  -0.000094 8.117218 0.000049  0.072256 0.772520 -0.285589
32  -0.000082 8.230032 -0.000070  -0.080492 -0.347232 0.072254
33  0.000059 7.366725 0.000053  -0.015395 -0.663893 0.062742
34  0.224214 0.240126 -3.218157  -0.877385 1.468889 0.577822
35  -0.000100 7.721054 -0.000312  -0.283828 0.060497 -0.167555
36  -0.000028 7.374857 -0.000002  0.007536 -0.195021 0.049539
37  0.000077 6.848104 0.000005  0.005484 0.006496 -0.033649
38  -0.000051 7.777867 0.000008  -0.186096 0.182474 -0.152846
39  -1.514472 2.104647 -1.150166  -0.029091 0.541320 1.555677
40  -0.000169 6.982352 -0.000077  -0.199699 -0.041212 0.153489
41  0.000039 8.382861 -0.000072  0.044865 0.587986 -0.257962
42  0.000010 8.697702 -0.000026  -0.102637 -0.474318 0.290945
43  0.000056 8.921804 -0.000004  -0.076258 0.581004 -0.195605
44  1.196188 2.899153 -2.353086  -0.449719 1.030105 1.287428
45  0.000106 5.476940 0.000006  0.285576 -0.099353 -0.038446
46  -0.000073 6.060435 -0.000091  -0.155024 -0.575031 0.384611
47  0.000018 5.994267 0.000029  0.033942 0.288575 -0.067731
48  -0.000006 6.100490 0.000002  -0.068405 0.299273 -0.162152
49  0.000032 6.916759 0.000009  -0.096318 0.220533 -0.107966
50  0.000150 6.435058 -0.000044  -0.037459 0.171630 -0.116573
51  1.092798 3.649514 -1.738794  -0.148600 0.876612 1.445020
52  -0.000126 6.792199 -0.000102  0.008285 0.107792 -0.048643
53  -0.000090 7.744779 -0.000031  0.057137 -0.256893 0.015458
54  0.000086 9.115022 -0.000036  -0.020393 0.256253 -0.142636
55  3.494509 -1.749105 3.007064  0.118403 1.106974 1.813811
56  0.000014 4.323840 0.000086  -0.229910 -0.770942 0.449225
57  0.000030 4.872896 -0.000021  0.367245 -0.664051 -0.254035
58  0.000003 5.056645 0.000091  -0.511235 0.856586 -0.546321
59  2.292460 1.708615 3.661675  -1.762556 1.789111 -0.218970
60  -0.000172 6.589441 0.000275  -0.007133 -0.169122 0.176909
61  0.000173 7.491496 -0.000150  -0.132413 -0.107098 0.179327
62  -0.000139 8.249660 0.000141  0.041913 -0.058209 0.015814
63  0.000071 8.605236 -0.000027  0.101585 0.501824 -0.079697
64  -0.240493 2.066071 2.349267  -0.357330 2.461715 1.296081
65  -0.000088 7.721105 -0.000003  -0.208231 -0.126223 -0.116495
66  -0.000122 7.374857 -0.000046  -0.111017 0.046939 -0.046464
67  -0.000036 6.848063 -0.000027  0.273531 0.247522 0.299908
68  0.000038 7.777830 -0.000042  0.072921 0.186148 -0.052689
69  -0.000083 8.178051 0.000009  -0.087029 -0.422849 -0.381357
70  1.617608 3.431411 2.399265  -0.249455 2.569515 1.508572
71  -0.000164 5.476944 -0.000029  0.057729 0.074072 0.060286
72  -0.000090 6.060494 -0.000005  -0.015203 0.015650 -0.152065
73  0.000027 5.994248 0.000011  -0.126214 -0.157657 0.153302
74  -0.000079 7.076876 -0.000046  -0.008117 0.010384 0.036401
75  0.000003 7.089866 -0.000069  0.070875 0.098587 -0.025893
76  0.361108 0.886681 3.287746  -0.576373 1.978710 0.939011
77  -0.000068 6.686648 0.000221  -0.146569 0.414164 -0.327707
78  -0.000011 7.638018 0.000012  -0.079523 -0.025948 0.130956
79  -0.000032 7.290233 -0.000022  0.025325 -0.093908 0.023962
80  -0.000035 6.530370 0.000004  -0.261847 -0.300601 0.006734
81  0.000064 7.224884 0.000009  0.036506 0.032481 -0.175823
82  1.071893 3.225796 1.570115  -0.043807 2.859975 1.526247
83  0.000415 6.748904 -0.000067  -0.062702 0.083783 0.022201
84  -0.000045 8.002644 0.000026  -0.067496 -0.117208 -0.115600
85  0.000013 8.580574 -0.000097  0.088213 -0.007187 0.334605
86  0.000168 8.689829 -0.000041  0.065327 -0.412430 -0.134517
87  -1.514543 2.104637 0.318056  -0.024895 3.094491 1.569496
88  0.000193 6.982284 0.000012  -0.107589 -0.057625 -0.215716
89  -0.000009 8.382875 -0.000068  0.135032 -0.099914 0.287073
90  -0.000062 8.697669 0.000023  -0.148090 -0.510100 0.044839
91  -0.000136 8.921824 0.000079  -0.236827 -0.892636 0.098805
92  3.553614 -3.478047 2.409277  0.000820 0.762046 1.535309
93  0.000000 4.476899 -0.000007  -0.151004 -0.588330 0.377260
94  0.000031 4.514121 -0.000023  -0.228866 -2.996199 0.592367
95  0.000045 4.518388 -0.000022  0.143172 2.612777 0.693384
96  0.000024 3.598325 0.000022  -0.749302 0.869852 -0.773233
97  4.209924 -0.440347 1.018823  -1.654562 -2.047128 -0.102724
98  4.265503 1.434229 -0.404993  -1.667722 -0.029281 -0.860636
99  9.400230 0.017943 0.083201  -0.004262 -0.048323 -0.237121
100  10.242414 0.033592 0.064480  1.788897 -0.118604 0.017466
101  3.465854 -0.059681 0.016694  0.015174 -0.153587 -0.741386
102  1.655597 -0.000022 0.000021  0.037658 -0.123530 -0.603200
103  0.960768 -0.000006 -0.000006  0.022472 -0.062570 -0.580853
104  3.462024 -0.064247 0.939909  0.338653 -0.051411 -0.587316
105  1.497171 -0.000008 0.000022  -0.484972 -0.062472 -0.186803
106  0.793756 0.000002 -0.000001  -0.009351 0.025005 -0.492494
107  0.591657 -0.460692 0.835206  -0.904981 -0.365290 -0.566501
108  1.556138 0.000002 0.000001  -0.188408 0.088995 0.366135
109  1.135903 0.000019 0.000002  0.133872 0.037225 0.542743
110  3.084266 -0.668822 -1.257085  -0.690151 -0.141566 -0.759747
111  1.064201 -0.000004 0.000006  0.013073 0.067697 -0.411093
112  0.640341 0.000008 -0.000006  -0.000036 0.003958 -0.232429
113  3.396816 -0.242137 -0.708689  -0.344014 -0.172476 -0.825841
114  1.532967 0.000007 0.000005  0.012097 -0.005657 -0.568235
115  0.832974 -0.000003 -0.000004  0.005529 0.001649 -0.744827
116  4.209941 -0.440343 -1.019279  2.037401 2.058259 0.241888
117  4.266744 1.424940 0.424938  1.701771 0.068366 -1.000251
118  9.398571 0.011950 -0.082515  0.008127 0.043839 -0.149709
119  10.242431 0.028176 -0.062909  -1.629980 -0.035033 0.148073
120  3.465753 -0.067527 0.002267  -0.005844 0.148821 -0.740701
121  1.655559 0.000005 0.000006  -0.037276 0.121241 -0.603277
122  0.960905 0.000001 0.000000  -0.019410 0.060049 -0.581065
123  3.466860 -0.077780 -0.920910  -0.334503 0.045620 -0.587765
124  1.497259 -0.000036 -0.000023  -0.419774 0.061214 -0.186138
125  0.793789 -0.000006 0.000002  -0.057464 0.165214 -0.422821
126  0.595084 -0.467151 -0.829176  2.133608 0.374722 -0.383690
127  1.555679 0.000018 -0.000001  0.303940 0.019784 0.376648
128  1.136816 -0.000008 -0.000002  -0.008389 0.161283 0.505392
129  3.075976 -0.667968 1.277700  0.695390 0.134611 -0.758462
130  1.064592 0.000018 0.000012  -0.025226 -0.074931 -0.409787
131  0.640359 -0.000016 -0.000004  0.000082 -0.005196 -0.232464
132  3.392416 -0.245371 0.728375  0.340922 0.163320 -0.826668
133  1.532740 -0.000011 -0.000002  -0.009945 0.007012 -0.568062
134  0.833149 0.000007 0.000005  -0.005742 -0.004029 -0.744748
135  3.590107 -3.090294 1.193972  1.635457 1.210566 1.548541
136  3.589553 -3.089879 -1.196373  -1.505736 1.210473 -1.592853
137  -0.436563 4.719026 -0.001076  -0.000295 -1.570733 1.692758
138  -0.000000 2.775455 -0.000235  -0.135089 0.000001 -0.000000
139  -0.000000 3.189774 0.000008  0.207820 -0.000000 0.000000
140  -0.000000 3.504651 0.000045  -0.261876 0.000000 -0.000000
141  0.000000 2.863203 -0.000003  -0.051268 -0.000000 -0.000000
time 28
0  3.235588 -8.547139 41.371685  1.570796 0.000000 -0.000000
1  0.002636 43.025146 0.734438  0.022530 0.460990 -0.068808
2  3.061858 -4.181015 -0.610804  -1.414417 -0.184900 -1.450669
3  18.476776 0.000159 -0.000000  0.002708 -0.031517 0.415503
4  17.490084 0.000118 0.000004  0.159493 0.264432 -1.288186
5  -3.065330 -4.183575 -0.611480  -1.476866 -0.188027 -1.623272
6  18.474863 -0.000033 -0.000008  -0.001138 0.018119 0.250895
7  17.489584 0.001916 -0.000007  -0.070862 -0.179531 -1.087932
8  -0.000117 -0.048888 -0.576226  1.571732 0.171458 1.585267
9  3.224485 0.767047 0.000495  0.006602 -0.014285 0.014516
10  3.223914 0.226399 -0.001944  0.002006 -0.010604 0.232615
11  5.187325 -1.262560 -0.001177  0.000012 0.000066 0.194111
12  6.928405 -1.935312 -0.000227  3.029759 0.121123 0.295886
13  3.236364 1.079612 0.000057  -0.264617 -0.146205 0.395617
14  0.833756 3.805351 0.692955  -0.040492 0.554885 1.469871
15  0.000040 6.792205 0.000040  0.007991 0.036070 -0.011407
16  -0.000067 7.744812 0.000016  -0.017442 -0.155305 0.068151
17  0.000071 7.809700 0.000019  -0.033636 0.005025 0.006142
18  -0.000026 7.867671 0.000017  -0.073330 -0.127909 0.026376
19  3.494692 -1.749095 -3.006912  0.152543 2.070420 1.936944
20  0.000120 4.478335 0.000018  -0.194660 0.310432 -0.234994
21  0.000046 4.636121 -0.000029  0.035824 0.324593 -0.151767
22  -0.000042 5.008652 0.000013  0.075997 -0.286565 0.276092
23  0.000064 4.781163 0.000010  0.904395 -2.690903 -0.015799
24  2.253035 1.989057 -3.350106  -1.523633 1.324497 0.112398
25  0.000162 6.589460 0.000170  0.206353 -0.002129 -0.080394
26  0.000045 7.491414 0.000045  -0.333511 0.184455 -0.191167
27  0.000025 7.660304 -0.000057  -0.063176 0.127195 -0.062118
28  0.000004 7.256270 0.000018  -0.052938 -0.487829 0.313813
29  -0.791173 2.265115 -1.234655  -0.753900 1.136377 0.824671
30  -0.000258 8.572264 -0.000090  -0.222843 -0.296789 0.176504
31  -0.000091 8.117210 0.000047  0.072256 0.772520 -0.285589
32  -0.000083 8.230035 -0.000072  -0.080492 -0.347232 0.072254
33  0.000060 7.366727 0.000055  -0.015396 -0.663893 0.062742
34  0.224211 0.240124 -3.218158  -0.877385 1.468889 0.577822
35  -0.000102 7.721055 -0.000309  -0.283828 0.060497 -0.167555
36  -0.000031 7.374855 -0.000002  0.007536 -0.195021 0.049539
37  0.000075 6.848099 0.000006  0.005484 0.006496 -0.033649
38  -0.000050 7.777871 0.000009  -0.186096 0.182474 -0.152846
39  -1.514473 2.104646 -1.150167  -0.029091 0.541320 1.555677
40  -0.000167 6.982347 -0.000077  -0.199699 -0.041212 0.153489
41  0.000038 8.382854 -0.000073  0.044865 0.587986 -0.257962
42  0.000013 8.697700 -0.000026  -0.102637 -0.474318 0.290945
43  0.000056 8.921811 -0.000004  -0.076258 0.581004 -0.195605
44  1.196183 2.899152 -2.353086  -0.449719 1.030105 1.287428
45  0.000106 5.476944 0.000007  0.285576 -0.099353 -0.038446
46  -0.000070 6.060432 -0.000090  -0.155024 -0.575031 0.384611
47  0.000019 5.994265 0.000029  0.033942 0.288575 -0.067731
48  -0.000005 6.100483 0.000001  -0.068405 0.299273 -0.162152
49  0.000032 6.916758 0.000007  -0.096318 0.220533 -0.107966
50  0.000147 6.435061 -0.000044  -0.037459 0.171630 -0.116573
51  1.092787 3.649509 -1.738794  -0.148600 0.876612 1.445020
52  -0.000126 6.792201 -0.000102  0.008284 0.107792 -0.048643
53  -0.000088 7.744773 -0.000031  0.057137 -0.256893 0.015458
54  0.000085 9.115024 -0.000038  -0.020393 0.256253 -0.142636
55  3.494508 -1.749104 3.007064  0.118403 1.106974 1.813811
56  0.000014 4.323841 0.000087  -0.229910 -0.770942 0.449225
57  0.000030 4.872904 -0.000020  0.367245 -0.664051 -0.254035
58  0.000003 5.056653 0.000092  -0.511235 0.856587 -0.546321
59  2.292455 1.708611 3.661675  -1.762556 1.789111 -0.218970
60  -0.000173 6.589442 0.000278  -0.007133 -0.169123 0.176909
61  0.000173 7.491493 -0.000150  -0.132413 -0.107098 0.179327
62  -0.000139 8.249660 0.000143  0.041913 -0.058209 0.015814
63  0.000070 8.605234 -0.000026  0.101585 0.501824 -0.079697
64  -0.240496 2.066070 2.349267  -0.357330 2.461715 1.296081
65  -0.000084 7.721106 -0.000003  -0.208231 -0.126223 -0.116495
66  -0.000123 7.374863 -0.000048  -0.111017 0.046939 -0.046464
67  -0.000036 6.848060 -0.000026  0.273531 0.247523 0.299908
68  0.000036 7.777832 -0.000043  0.072921 0.186148 -0.052689
69  -0.000086 8.178055 0.000010  -0.087029 -0.422849 -0.381357
70  1.617589 3.431406 2.399265  -0.249454 2.569515 1.508572
71  -0.000161 5.476952 -0.000028  0.057729 0.074072 0.060286
72  -0.000090 6.060498 -0.000006  -0.015203 0.015650 -0.152065
73  0.000025 5.994249 0.000012  -0.126214 -0.157657 0.153302
74  -0.000081 7.076872 -0.000047  -0.008117 0.010384 0.036401
75  0.000004 7.089867 -0.000070  0.070875 0.098587 -0.025893
76  0.361105 0.886680 3.287745  -0.576373 1.978710 0.939011
77  -0.000066 6.686645 0.000221  -0.146569 0.414164 -0.327707
78  -0.000011 7.638016 0.000012  -0.079523 -0.025947 0.130956
79  -0.000032 7.290231 -0.000022  0.025325 -0.093908 0.023962
80  -0.000034 6.530366 0.000006  -0.261847 -0.300601 0.006734
81  0.000063 7.224880 0.000009  0.036506 0.032481 -0.175823
82  1.071889 3.225794 1.570115  -0.043807 2.859975 1.526247
83  0.000414 6.748898 -0.000067  -0.062702 0.083783 0.022201
84  -0.000045 8.002647 0.000026  -0.067496 -0.117208 -0.115600
85  0.000012 8.580567 -0.000097  0.088213 -0.007187 0.334605
86  0.000170 8.689831 -0.000040  0.065327 -0.412430 -0.134517
87  -1.514544 2.104635 0.318056  -0.024895 3.094491 1.569496
88  0.000190 6.982277 0.000012  -0.107589 -0.057625 -0.215716
89  -0.000009 8.382877 -0.000068  0.135032 -0.099914 0.287073
90  -0.000061 8.697666 0.000023  -0.148090 -0.510100 0.044839
91  -0.000136 8.921821 0.000079  -0.236827 -0.892636 0.098805
92  3.553603 -3.478049 2.409277  0.000820 0.762046 1.535309
93  0.000000 4.476897 -0.000008  -0.151004 -0.588330 0.377260
94  0.000031 4.514121 -0.000023  -0.228866 -2.996199 0.592367
95  0.000045 4.518392 -0.000023  0.143172 2.612778 0.693384
96  0.000023 3.598323 0.000024  -0.749302 0.869852 -0.773233
97  4.209921 -0.440347 1.018824  -1.664568 -2.046492 -0.093766
98  4.265503 1.434232 -0.404993  -1.677321 -0.012167 -0.851355
99  9.400230 0.017942 0.083201  -0.004439 -0.048152 -0.233866
100  10.242420 0.033590 0.064481  1.788057 -0.116631 0.015345
101  3.465858 -0.059684 0.016694  0.015174 -0.153587 -0.741386
102  1.655594 -0.000020 0.000022  0.037658 -0.123530 -0.603200
103  0.960768 -0.000005 -0.000007  0.022472 -0.062570 -0.580852
104  3.462029 -0.064251 0.939908  0.338653 -0.051411 -0.587316
105  1.497174 -0.000009 0.000021  -0.484972 -0.062472 -0.186803
106  0.793760 0.000002 -0.000002  -0.009351 0.025005 -0.492494
107  0.591665 -0.460696 0.835206  -0.904981 -0.365290 -0.566501
108  1.556141 0.000002 0.000001  -0.188408 0.088995 0.366135
109  1.135900 0.000018 0.000003  0.133873 0.037225 0.542743
110  3.084270 -0.668824 -1.257085  -0.690151 -0.141566 -0.759747
111  1.064208 -0.000005 0.000007  0.013073 0.067697 -0.411093
112  0.640342 0.000006 -0.000007  -0.000036 0.003958 -0.232429
113  3.396822 -0.242141 -0.708689  -0.344014 -0.172476 -0.825841
114  1.532967 0.000011 0.000006  0.012097 -0.005657 -0.568235
115  0.832976 -0.000002 -0.000003  0.005529 0.001649 -0.744827
116  4.209942 -0.440343 -1.019279  2.045658 2.060151 0.249272
117  4.266747 1.424943 0.424937  1.717138 0.074684 -1.001643
118  9.398561 0.011949 -0.082516  0.008083 0.043889 -0.150560
119  10.242435 0.028175 -0.062908  -1.647324 -0.030786 0.148694
120  3.465748 -0.067527 0.002268  -0.005845 0.148821 -0.740701
121  1.655559 0.000006 0.000005  -0.037276 0.121241 -0.603277
122  0.960908 0.000004 0.000001  -0.019410 0.060049 -0.581065
123  3.466853 -0.077781 -0.920910  -0.334503 0.045620 -0.587765
124  1.497259 -0.000033 -0.000023  -0.419774 0.061214 -0.186138
125  0.793792 -0.000008 -0.000000  -0.057464 0.165214 -0.422821
126  0.595083 -0.467151 -0.829176  2.133608 0.374722 -0.383690
127  1.555673 0.000018 -0.000005  0.303940 0.019784 0.376648
128  1.136811 -0.000008 -0.000001  -0.008389 0.161283 0.505392
129  3.075972 -0.667967 1.277701  0.695390 0.134611 -0.758462
130  1.064591 0.000020 0.000012  -0.025227 -0.074931 -0.409787
131  0.640359 -0.000016 -0.000003  0.000081 -0.005196 -0.232464
132  3.392414 -0.245368 0.728376  0.340922 0.163320 -0.826668
133  1.532733 -0.000010 0.000000  -0.009945 0.007012 -0.568062
134  0.833152 0.000010 0.000006  -0.005742 -0.004029 -0.744748
135  3.590116 -3.090296 1.193972  1.635457 1.210566 1.548541
136  3.589566 -3.089881 -1.196373  -1.505736 1.210473 -1.592853
137  -0.436559 4.719026 -0.001076  -0.000472 -1.570733 1.693102
138  -0.000000 2.775450 -0.000235  -0.135089 0.000001 -0.000000
139  -0.000000 3.189770 0.000007  0.207820 -0.000000 0.000000
140  0.000001 3.504652 0.000046  -0.261876 -0.000000 -0.000000
141  0.000000 2.863202 -0.000003  -0.051268 -0.000000 -0.000000
time 29
0  2.705829 -8.997916 41.389233  1.570796 0.000000 -0.000000
1  0.002636 43.025146 0.734438  0.018132 0.481271 -0.082578
2  3.061857 -4.181015 -0.610803  -1.384746 -0.182875 -1.423584
3  18.476768 0.000158 -0.000001  0.002678 -0.030768 0.406353
4  17.490086 0.000117 0.000004  0.137404 0.260946 -1.292013
5  -3.065330 -4.183577 -0.611480  -1.478164 -0.171213 -1.591031
6  18.474861 -0.000033 -0.000008  -0.000822 0.016656 0.232654
7  17.489584 0.001916 -0.000006  -0.074269 -0.147061 -1.107518
8  -0.000117 -0.048886 -0.576226  1.569044 0.172862 1.586873
9  3.224488 0.767048 0.000496  0.003949 -0.013002 0.012559
10  3.223911 0.226399 -0.001944  0.000462 -0.009321 0.231278
11  5.187316 -1.262560 -0.001177  0.000012 0.000066 0.194111
12  6.928415 -1.935315 -0.000228  3.026837 0.125264 0.296591
13  3.236366 1.079614 0.000057  -0.273035 -0.150066 0.394628
14  0.833754 3.805351 0.692956  -0.040492 0.554885 1.469871
15  0.000039 6.792204 0.000038  0.007991 0.036070 -0.011407
16  -0.000068 7.744815 0.000016  -0.017442 -0.155305 0.068151
17  0.000073 7.809698 0.000018  -0.033636 0.005025 0.006142
18  -0.000027 7.867671 0.000017  -0.073330 -0.127910 0.026377
19  3.494688 -1.749094 -3.006913  0.152543 2.070420 1.936944
20  0.000119 4.478331 0.000017  -0.194660 0.310432 -0.234994
21  0.000045 4.636120 -0.000029  0.035824 0.324593 -0.151767
22  -0.000043 5.008660 0.000013  0.075997 -0.286565 0.276092
23  0.000064 4.781169 0.000010  0.904395 -2.690903 -0.015799
24  2.253027 1.989058 -3.350106  -1.523633 1.324497 0.112398
25  0.000161 6.589451 0.000171  0.206353 -0.002129 -0.080394
26  0.000040 7.491417 0.000041  -0.333511 0.184455 -0.191167
27  0.000026 7.660297 -0.000056  -0.063176 0.127195 -0.062118
28  0.000005 7.256268 0.000020  -0.052938 -0.487829 0.313813
29  -0.791171 2.265117 -1.234655  -0.753900 1.136377 0.824671
30  -0.000256 8.572266 -0.000091  -0.222843 -0.296789 0.176504
31  -0.000093 8.117217 0.000050  0.072256 0.772520 -0.285589
32  -0.000086 8.230036 -0.000071  -0.080492 -0.347232 0.072254
33  0.000060 7.366723 0.000054  -0.015395 -0.663892 0.062742
34  0.224213 0.240128 -3.218158  -0.877385 1.468889 0.577822
35  -0.000102 7.721056 -0.000307  -0.283828 0.060497 -0.167555
36  -0.000030 7.374859 -0.000002  0.007536 -0.195021 0.049539
37  0.000075 6.848103 0.000006  0.005484 0.006496 -0.033649
38  -0.000049 7.777870 0.000009  -0.186096 0.182474 -0.152846
39  -1.514474 2.104648 -1.150167  -0.029091 0.541320 1.555677
40  -0.000167 6.982350 -0.000077  -0.199699 -0.041212 0.153489
41  0.000038 8.382864 -0.000073  0.044865 0.587986 -0.257962
42  0.000013 8.697704 -0.000027  -0.102637 -0.474318 0.290945
43  0.000057 8.921801 -0.000003  -0.076258 0.581004 -0.195605
44  1.196182 2.899155 -2.353086  -0.449719 1.030105 1.287428
45  0.000107 5.476933 0.000007  0.285576 -0.099353 -0.038446
46  -0.000072 6.060438 -0.000089  -0.155024 -0.575031 0.384611
47  0.000018 5.994262 0.000029  0.033942 0.288575 -0.067731
48  -0.000007 6.100485 0.000002  -0.068405 0.299273 -0.162152
49  0.000034 6.916766 0.000009  -0.096318 0.220533 -0.107966
50  0.000150 6.435064 -0.000044  -0.037459 0.171630 -0.116573
51  1.092785 3.649512 -1.738794  -0.148600 0.876612 1.445020
52  -0.000127 6.792205 -0.000101  0.008284 0.107792 -0.048643
53  -0.000085 7.744772 -0.000029  0.057137 -0.256893 0.015458
54  0.000084 9.115022 -0.000038  -0.020393 0.256253 -0.142636
55  3.494506 -1.749104 3.007064  0.118403 1.106974 1.813811
56  0.000014 4.323843 0.000086  -0.229910 -0.770942 0.449225
57  0.000030 4.872898 -0.000021  0.367245 -0.664051 -0.254035
58  0.000004 5.056653 0.000096  -0.511235 0.856587 -0.546321
59  2.292464 1.708616 3.661675  -1.762556 1.789111 -0.218970
60  -0.000175 6.589435 0.000276  -0.007133 -0.169123 0.176909
61  0.000172 7.491497 -0.000149  -0.132413 -0.107098 0.179327
62  -0.000138 8.249662 0.000142  0.041913 -0.058209 0.015814
63  0.000072 8.605239 -0.000027  0.101585 0.501824 -0.079697
64  -0.240497 2.066071 2.349267  -0.357330 2.461715 1.296081
65  -0.000087 7.721107 -0.000003  -0.208231 -0.126223 -0.116495
66  -0.000124 7.374869 -0.000047  -0.111017 0.046939 -0.046464
67  -0.000037 6.848062 -0.000028  0.273531 0.247523 0.299908
68  0.000031 7.777822 -0.000043  0.072921 0.186148 -0.052689
69  -0.000084 8.178051 0.000012  -0.087029 -0.422849 -0.381357
70  1.617597 3.431411 2.399265  -0.249455 2.569515 1.508572
71  -0.000163 5.476943 -0.000028  0.057729 0.074072 0.060286
72  -0.000094 6.060484 -0.000006  -0.015203 0.015650 -0.152065
73  0.000027 5.994249 0.000011  -0.126214 -0.157657 0.153302
74  -0.000080 7.076866 -0.000047  -0.008117 0.010384 0.036401
75  0.000004 7.089866 -0.000070  0.070875 0.098587 -0.025893
76  0.361103 0.886682 3.287746  -0.576373 1.978710 0.939011
77  -0.000066 6.686645 0.000221  -0.146569 0.414164 -0.327707
78  -0.000011 7.638017 0.000013  -0.079523 -0.025948 0.130956
79  -0.000031 7.290229 -0.000022  0.025325 -0.093908 0.023962
80  -0.000035 6.530365 0.000004  -0.261847 -0.300601 0.006734
81  0.000063 7.224876 0.000009  0.036506 0.032481 -0.175823
82  1.071889 3.225795 1.570115  -0.043807 2.859975 1.526247
83  0.000417 6.748914 -0.000067  -0.062702 0.083783 0.022201
84  -0.000044 8.002645 0.000026  -0.067496 -0.117208 -0.115600
85  0.000013 8.580568 -0.000096  0.088213 -0.007187 0.334605
86  0.000170 8.689829 -0.000040  0.065327 -0.412429 -0.134517
87  -1.514537 2.104639 0.318055  -0.024895 3.094491 1.569496
88  0.000190 6.982279 0.000011  -0.107589 -0.057625 -0.215716
89  -0.000009 8.382867 -0.000068  0.135032 -0.099914 0.287073
90  -0.000061 8.697676 0.000024  -0.148090 -0.510100 0.044839
91  -0.000136 8.921820 0.000079  -0.236827 -0.892636 0.098805
92  3.553608 -3.478045 2.409277  0.000820 0.762046 1.535309
93  -0.000001 4.476907 -0.000008  -0.151004 -0.588330 0.377260
94  0.000031 4.514120 -0.000023  -0.228866 -2.996199 0.592367
95  0.000047 4.518385 -0.000024  0.143172 2.612778 0.693384
96  0.000022 3.598330 0.000024  -0.749303 0.869852 -0.773233
97  4.209924 -0.440347 1.018823  -1.672750 -2.047272 -0.086494
98  4.265508 1.434231 -0.404991  -1.684952 0.004969 -0.845215
99  9.400234 0.017942 0.083204  -0.004565 -0.048030 -0.231551
100  10.242420 0.033592 0.064478  1.786345 -0.112060 0.013839
101  3.465857 -0.059680 0.016694  0.015174 -0.153587 -0.741386
102  1.655596 -0.000021 0.000021  0.037658 -0.123530 -0.603200
103  0.960771 -0.000006 -0.000007  0.022472 -0.062570 -0.580852
104  3.462032 -0.064246 0.939908  0.338653 -0.051411 -0.587316
105  1.497173 -0.000009 0.000021  -0.484972 -0.062472 -0.186803
106  0.793757 0.000004 -0.000001  -0.009351 0.025005 -0.492494
107  0.591665 -0.460692 0.835206  -0.904981 -0.365290 -0.566501
108  1.556140 0.000002 0.000001  -0.188408 0.088995 0.366135
109  1.135905 0.000018 0.000004  0.133873 0.037225 0.542743
110  3.084270 -0.668821 -1.257085  -0.690151 -0.141566 -0.759747
111  1.064204 -0.000001 0.000005  0.013073 0.067697 -0.411092
112  0.640338 0.000004 -0.000006  -0.000036 0.003958 -0.232429
113  3.396822 -0.242137 -0.708689  -0.344014 -0.172476 -0.825842
114  1.532970 0.000006 0.000006  0.012097 -0.005657 -0.568235
115  0.832978 -0.000004 -0.000003  0.005529 0.001649 -0.744827
116  4.209944 -0.440344 -1.019279  2.054401 2.061772 0.257168
117  4.266745 1.424943 0.424939  1.737053 0.080122 -1.004512
118  9.398557 0.011950 -0.082515  0.007896 0.044105 -0.154196
119  10.242441 0.028177 -0.062908  -1.667161 -0.024070 0.147177
120  3.465755 -0.067529 0.002267  -0.005844 0.148821 -0.740701
121  1.655562 0.000007 0.000006  -0.037276 0.121241 -0.603277
122  0.960909 0.000006 0.000003  -0.019410 0.060049 -0.581065
123  3.466862 -0.077782 -0.920909  -0.334503 0.045620 -0.587765
124  1.497258 -0.000036 -0.000023  -0.419774 0.061214 -0.186138
125  0.793791 -0.000006 0.000001  -0.057464 0.165214 -0.422821
126  0.595083 -0.467152 -0.829176  2.133608 0.374723 -0.383690
127  1.555671 0.000014 -0.000003  0.303940 0.019784 0.376648
128  1.136815 -0.000009 -0.000002  -0.008389 0.161283 0.505392
129  3.075978 -0.667970 1.277701  0.695390 0.134611 -0.758462
130  1.064588 0.000018 0.000011  -0.025226 -0.074931 -0.409787
131  0.640362 -0.000013 -0.000004  0.000081 -0.005196 -0.232464
132  3.392418 -0.245371 0.728376  0.340923 0.163320 -0.826668
133  1.532736 -0.000009 -0.000001  -0.009945 0.007012 -0.568062
134  0.833150 0.000006 0.000005  -0.005742 -0.004029 -0.744748
135  3.590107 -3.090294 1.193972  1.635457 1.210566 1.548541
136  3.589556 -3.089880 -1.196373  -1.505736 1.210473 -1.592853
137  -0.436564 4.719026 -0.001076  -0.000236 -1.570733 1.692824
138  0.000000 2.775458 -0.000235  -0.135089 0.000001 -0.000000
139  0.000000 3.189765 0.000008  0.207820 -0.000000 0.000000
140  0.000000 3.504654 0.000044  -0.261876 0.000000 -0.000000
141  -0.000000 2.863201 -0.000002  -0.051268 -0.000000 -0.000000
time 30
0  2.153045 -9.415340 41.397667  1.570796 0.000000 -0.000000
1  0.002636 43.025146 0.734438  0.015251 0.496336 -0.097467
2  3.061858 -4.181014 -0.610804  -1.357637 -0.183811 -1.395114
3  18.476772 0.000158 -0.000001  0.002643 -0.030056 0.397655
4  17.490086 0.000118 0.000003  0.113120 0.253736 -1.295386
5  -3.065329 -4.183578 -0.611480  -1.475535 -0.161114 -1.559000
6  18.474857 -0.000033 -0.000007  -0.000441 0.015051 0.212537
7  17.489584 0.001916 -0.000007  -0.086821 -0.127306 -1.103489
8  -0.000117 -0.048882 -0.576226  1.565562 0.174316 1.588974
9  3.224480 0.767047 0.000496  0.000285 -0.010973 0.010502
10  3.223913 0.226399 -0.001944  -0.001626 -0.007377 0.229869
11  5.187320 -1.262560 -0.001176  0.000012 0.000066 0.194111
12  6.928412 -1.935313 -0.000227  3.025108 0.127680 0.296409
13  3.236367 1.079614 0.000057  -0.278138 -0.151961 0.395349
14  0.833768 3.805351 0.692955  -0.040492 0.554885 1.469872
15  0.000042 6.792206 0.000039  0.007991 0.036070 -0.011407
16  -0.000063 7.744812 0.000016  -0.017442 -0.155305 0.068151
17  0.000073 7.809701 0.000018  -0.033636 0.005025 0.006142
18  -0.000024 7.867670 0.000017  -0.073330 -0.127909 0.026376
19  3.494701 -1.749095 -3.006912  0.152543 2.070420 1.936944
20  0.000119 4.478330 0.000018  -0.194660 0.310432 -0.234994
21  0.000049 4.636116 -0.000029  0.035824 0.324593 -0.151767
22  -0.000040 5.008650 0.000014  0.075997 -0.286565 0.276092
23  0.000062 4.781164 0.000008  0.904395 -2.690903 -0.015799
24  2.253035 1.989056 -3.350106  -1.523633 1.324497 0.112398
25  0.000165 6.589462 0.000172  0.206353 -0.002129 -0.080394
26  0.000042 7.491410 0.000043  -0.333511 0.184455 -0.191167
27  0.000027 7.660309 -0.000056  -0.063176 0.127195 -0.062118
28  0.000006 7.256267 0.000019  -0.052938 -0.487829 0.313813
29  -0.791160 2.265117 -1.234655  -0.753900 1.136377 0.824671
30  -0.000258 8.572265 -0.000091  -0.222843 -0.296789 0.176503
31  -0.000097 8.117216 0.000047  0.072256 0.772520 -0.285589
32  -0.000082 8.230034 -0.000069  -0.080492 -0.347232 0.072254
33  0.000061 7.366722 0.000056  -0.015395 -0.663893 0.062742
34  0.224219 0.240126 -3.218158  -0.877385 1.468889 0.577821
35  -0.000101 7.721051 -0.000310  -0.283828 0.060497 -0.167555
36  -0.000029 7.374850 -0.000002  0.007536 -0.195021 0.049539
37  0.000074 6.848109 0.000006  0.005484 0.006496 -0.033649
38  -0.000050 7.777864 0.000009  -0.186096 0.182474 -0.152846
39  -1.514459 2.104649 -1.150167  -0.029091 0.541320 1.555677
40  -0.000170 6.982351 -0.000077  -0.199699 -0.041212 0.153489
41  0.000039 8.382856 -0.000072  0.044865 0.587986 -0.257962
42  0.000011 8.697701 -0.000024  -0.102637 -0.474318 0.290945
43  0.000057 8.921808 -0.000003  -0.076258 0.581004 -0.195605
44  1.196198 2.899153 -2.353086  -0.449719 1.030105 1.287428
45  0.000107 5.476944 0.000006  0.285576 -0.099353 -0.038446
46  -0.000076 6.060444 -0.000092  -0.155024 -0.575031 0.384611
47  0.000019 5.994267 0.000029  0.033942 0.288575 -0.067731
48  -0.000006 6.100484 0.000001  -0.068405 0.299273 -0.162152
49  0.000032 6.916759 0.000008  -0.096318 0.220533 -0.107966
50  0.000150 6.435062 -0.000046  -0.037459 0.171630 -0.116573
51  1.092791 3.649510 -1.738794  -0.148600 0.876612 1.445020
52  -0.000127 6.792200 -0.000101  0.008285 0.107792 -0.048643
53  -0.000086 7.744774 -0.000029  0.057137 -0.256893 0.015458
54  0.000088 9.115019 -0.000037  -0.020393 0.256253 -0.142636
55  3.494528 -1.749102 3.007063  0.118403 1.106974 1.813811
56  0.000014 4.323837 0.000087  -0.229910 -0.770942 0.449225
57  0.000029 4.872905 -0.000020  0.367245 -0.664051 -0.254035
58  0.000004 5.056646 0.000093  -0.511235 0.856587 -0.546321
59  2.292471 1.708614 3.661675  -1.762556 1.789111 -0.218970
60  -0.000174 6.589430 0.000272  -0.007133 -0.169123 0.176909
61  0.000173 7.491498 -0.000151  -0.132413 -0.107098 0.179327
62  -0.000139 8.249661 0.000141  0.041913 -0.058209 0.015814
63  0.000071 8.605232 -0.000023  0.101585 0.501824 -0.079697
64  -0.240483 2.066070 2.349267  -0.357330 2.461715 1.296081
65  -0.000089 7.721105 -0.000003  -0.208231 -0.126223 -0.116495
66  -0.000124 7.374863 -0.000048  -0.111017 0.046939 -0.046464
67  -0.000036 6.848060 -0.000026  0.273531 0.247522 0.299908
68  0.000032 7.777821 -0.000044  0.072921 0.186148 -0.052689
69  -0.000084 8.178049 0.000012  -0.087029 -0.422849 -0.381357
70  1.617612 3.431409 2.399265  -0.249454 2.569515 1.508572
71  -0.000163 5.476948 -0.000030  0.057729 0.074072 0.060286
72  -0.000094 6.060499 -0.000006  -0.015203 0.015650 -0.152065
73  0.000025 5.994250 0.000011  -0.126214 -0.157657 0.153302
74  -0.000077 7.076878 -0.000045  -0.008117 0.010384 0.036401
75  0.000006 7.089869 -0.000071  0.070875 0.098587 -0.025893
76  0.361111 0.886680 3.287746  -0.576373 1.978710 0.939011
77  -0.000069 6.686642 0.000221  -0.146569 0.414164 -0.327707
78  -0.000011 7.638025 0.000012  -0.079523 -0.025947 0.130956
79  -0.000033 7.290235 -0.000022  0.025325 -0.093908 0.023962
80  -0.000035 6.530365 0.000005  -0.261847 -0.300601 0.006734
81  0.000064 7.224885 0.000009  0.036506 0.032481 -0.175823
82  1.071900 3.225795 1.570115  -0.043807 2.859975 1.526247
83  0.000418 6.748908 -0.000067  -0.062702 0.083783 0.022201
84  -0.000046 8.002647 0.000027  -0.067496 -0.117208 -0.115600
85  0.000012 8.580570 -0.000098  0.088213 -0.007187 0.334605
86  0.000170 8.689825 -0.000041  0.065327 -0.412430 -0.134517
87  -1.514526 2.104639 0.318055  -0.024895 3.094491 1.569496
88  0.000194 6.982286 0.000011  -0.107589 -0.057625 -0.215716
89  -0.000009 8.382878 -0.000067  0.135032 -0.099914 0.287073
90  -0.000061 8.697673 0.000023  -0.148090 -0.510100 0.044839
91  -0.000136 8.921824 0.000080  -0.236827 -0.892636 0.098805
92  3.553620 -3.478046 2.409277  0.000820 0.762046 1.535309
93  -0.000000 4.476904 -0.000007  -0.151004 -0.588330 0.377260
94  0.000031 4.514122 -0.000023  -0.228866 -2.996199 0.592367
95  0.000041 4.518393 -0.000024  0.143172 2.612778 0.693384
96  0.000024 3.598325 0.000024  -0.749303 0.869852 -0.773233
97  4.209920 -0.440344 1.018824  -1.679433 -2.048949 -0.080602
98  4.265507 1.434228 -0.404992  -1.691467 0.021455 -0.841625
99  9.400234 0.017943 0.083202  -0.004668 -0.047931 -0.229671
100  10.242420 0.033590 0.064481  1.784674 -0.106461 0.012633
101  3.465856 -0.059679 0.016693  0.015174 -0.153587 -0.741386
102  1.655592 -0.000022 0.000023  0.037658 -0.123530 -0.603200
103  0.960771 0.000000 -0.000008  0.022472 -0.062570 -0.580852
104  3.462029 -0.064248 0.939908  0.338653 -0.051411 -0.587316
105  1.497175 -0.000008 0.000021  -0.484972 -0.062472 -0.186803
106  0.793761 0.000003 -0.000003  -0.009351 0.025005 -0.492494
107  0.591661 -0.460693 0.835206  -0.904981 -0.365290 -0.566501
108  1.556137 0.000001 -0.000000  -0.188408 0.088995 0.366135
109  1.135906 0.000018 0.000003  0.133873 0.037225 0.542743
110  3.084271 -0.668824 -1.257086  -0.690151 -0.141566 -0.759747
111  1.064201 -0.000004 0.000005  0.013073 0.067697 -0.411093
112  0.640339 0.000004 -0.000007  -0.000036 0.003958 -0.232429
113  3.396822 -0.242139 -0.708690  -0.344014 -0.172476 -0.825842
114  1.532967 0.000006 0.000007  0.012097 -0.005657 -0.568235
115  0.832975 -0.000005 -0.000002  0.005529 0.001649 -0.744827
116  4.209940 -0.440342 -1.019278  2.063350 2.063178 0.265305
117  4.266747 1.424942 0.424937  1.759490 0.085217 -1.007940
118  9.398568 0.011949 -0.082516  0.007630 0.044415 -0.159459
119  10.242445 0.028177 -0.062908  -1.688268 -0.015929 0.144447
120  3.465750 -0.067529 0.002267  -0.005844 0.148821 -0.740701
121  1.655560 0.000007 0.000006  -0.037276 0.121241 -0.603277
122  0.960908 0.000008 0.000000  -0.019410 0.060049 -0.581064
123  3.466853 -0.077783 -0.920909  -0.334503 0.045620 -0.587765
124  1.497265 -0.000035 -0.000022  -0.419774 0.061214 -0.186138
125  0.793786 -0.000007 -0.000001  -0.057464 0.165214 -0.422821
126  0.595080 -0.467152 -0.829176  2.133608 0.374723 -0.383690
127  1.555678 0.000015 -0.000003  0.303940 0.019784 0.376648
128  1.136810 -0.000009 0.000000  -0.008389 0.161283 0.505392
129  3.075975 -0.667968 1.277701  0.695390 0.134611 -0.758462
130  1.064594 0.000020 0.000011  -0.025226 -0.074931 -0.409787
131  0.640362 -0.000014 -0.000003  0.000081 -0.005196 -0.232464
132  3.392414 -0.245371 0.728376  0.340923 0.163320 -0.826668
133  1.532740 -0.000008 -0.000001  -0.009945 0.007012 -0.568062
134  0.833150 0.000007 0.000006  -0.005742 -0.004029 -0.744748
135  3.590109 -3.090295 1.193973  1.635457 1.210566 1.548541
136  3.589555 -3.089879 -1.196372  -1.505736 1.210473 -1.592853
137  -0.436560 4.719026 -0.001076  -0.000590 -1.570733 1.693235
138  -0.000001 2.775451 -0.000235  -0.135089 0.000001 -0.000000
139  -0.000000 3.189762 0.000008  0.207820 -0.000000 0.000000
140  0.000000 3.504645 0.000046  -0.261876 0.000000 -0.000000
141  0.000000 2.863198 -0.000002  -0.051268 -0.000000 -0.000000
time 31
0  1.622884 -9.784259 41.397125  1.570796 0.000000 -0.000000
1  0.002636 43.025146 0.734438  0.012901 0.508348 -0.110161
2  3.061858 -4.181011 -0.610804  -1.333679 -0.184404 -1.369136
3  18.476774 0.000158 -0.000001  0.002593 -0.029221 0.387457
4  17.490088 0.000116 0.000004  0.089535 0.244810 -1.296532
5  -3.065329 -4.183574 -0.611480  -1.472641 -0.152645 -1.530096
6  18.474857 -0.000034 -0.000007  -0.000032 0.013476 0.192711
7  17.489582 0.001916 -0.000007  -0.100342 -0.111182 -1.097618
8  -0.000117 -0.048879 -0.576226  1.562316 0.175209 1.591090
9  3.224479 0.767047 0.000496  -0.003228 -0.008958 0.009209
10  3.223907 0.226399 -0.001944  -0.003614 -0.005467 0.228982
11  5.187317 -1.262560 -0.001178  0.000012 0.000066 0.194111
12  6.928409 -1.935316 -0.000227  3.023746 0.128875 0.295842
13  3.236369 1.079616 0.000057  -0.281816 -0.152043 0.396728
14  0.833762 3.805352 0.692955  -0.040492 0.554885 1.469872
15  0.000045 6.792204 0.000039  0.007991 0.036070 -0.011407
16  -0.000065 7.744808 0.000015  -0.017442 -0.155305 0.068151
17  0.000075 7.809708 0.000019  -0.033636 0.005025 0.006142
18  -0.000027 7.867679 0.000018  -0.073330 -0.127910 0.026377
19  3.494700 -1.749093 -3.006912  0.152543 2.070420 1.936944
20  0.000119 4.478320 0.000018  -0.194660 0.310432 -0.234994
21  0.000047 4.636121 -0.000028  0.035824 0.324593 -0.151767
22  -0.000043 5.008657 0.000013  0.075997 -0.286565 0.276092
23  0.000063 4.781167 0.000010  0.904395 -2.690903 -0.015799
24  2.253036 1.989058 -3.350106  -1.523633 1.324497 0.112398
25  0.000162 6.589461 0.000171  0.206353 -0.002129 -0.080394
26  0.000038 7.491415 0.000042  -0.333511 0.184455 -0.191167
27  0.000026 7.660306 -0.000055  -0.063176 0.127195 -0.062118
28  0.000007 7.256264 0.000020  -0.052938 -0.487829 0.313813
29  -0.791158 2.265118 -1.234655  -0.753900 1.136377 0.824671
30  -0.000255 8.572261 -0.000090  -0.222843 -0.296789 0.176503
31  -0.000095 8.117219 0.000048  0.072256 0.772520 -0.285589
32  -0.000083 8.230033 -0.000070  -0.080492 -0.347232 0.072254
33  0.000056 7.366724 0.000055  -0.015395 -0.663893 0.062742
34  0.224216 0.240127 -3.218158  -0.877385 1.468889 0.577821
35  -0.000100 7.721052 -0.000308  -0.283828 0.060497 -0.167555
36  -0.000033 7.374855 -0.000002  0.007536 -0.195021 0.049539
37  0.000075 6.848102 0.000006  0.005484 0.006496 -0.033649
38  -0.000050 7.777865 0.000008  -0.186096 0.182474 -0.152846
39  -1.514469 2.104648 -1.150167  -0.029091 0.541320 1.555677
40  -0.000170 6.982348 -0.000076  -0.199699 -0.041212 0.153489
41  0.000040 8.382867 -0.000073  0.044865 0.587986 -0.257962
42  0.000010 8.697699 -0.000026  -0.102637 -0.474318 0.290945
43  0.000056 8.921807 -0.000004  -0.076258 0.581004 -0.195605
44  1.196199 2.899156 -2.353086  -0.449719 1.030105 1.287428
45  0.000108 5.476943 0.000006  0.285576 -0.099353 -0.038446
46  -0.000074 6.060439 -0.000090  -0.155024 -0.575031 0.384611
47  0.000020 5.994262 0.000029  0.033942 0.288575 -0.067731
48  -0.000006 6.100489 0.000001  -0.068405 0.299273 -0.162152
49  0.000034 6.916760 0.000008  -0.096318 0.220533 -0.107966
50  0.000150 6.435057 -0.000043  -0.037459 0.171630 -0.116573
51  1.092799 3.649513 -1.738794  -0.148600 0.876612 1.445020
52  -0.000126 6.792192 -0.000103  0.008284 0.107792 -0.048643
53  -0.000089 7.744786 -0.000031  0.057137 -0.256893 0.015458
54  0.000085 9.115019 -0.000036  -0.020393 0.256253 -0.142636
55  3.494513 -1.749103 3.007064  0.118403 1.106974 1.813811
56  0.000014 4.323838 0.000086  -0.229910 -0.770942 0.449225
57  0.000028 4.872899 -0.000021  0.367245 -0.664051 -0.254035
58  0.000003 5.056651 0.000095  -0.511235 0.856587 -0.546322
59  2.292468 1.708615 3.661675  -1.762556 1.789111 -0.218970
60  -0.000169 6.589452 0.000276  -0.007133 -0.169122 0.176909
61  0.000176 7.491500 -0.000151  -0.132413 -0.107098 0.179327
62  -0.000139 8.249660 0.000143  0.041913 -0.058209 0.015814
63  0.000073 8.605240 -0.000026  0.101585 0.501824 -0.079697
64  -0.240483 2.066072 2.349267  -0.357330 2.461715 1.296081
65  -0.000082 7.721104 -0.000003  -0.208231 -0.126223 -0.116495
66  -0.000121 7.374864 -0.000047  -0.111017 0.046939 -0.046464
67  -0.000036 6.848056 -0.000026  0.273531 0.247523 0.299908
68  0.000033 7.777820 -0.000044  0.072921 0.186148 -0.052689
69  -0.000085 8.178055 0.000012  -0.087029 -0.422849 -0.381357
70  1.617601 3.431409 2.399265  -0.249454 2.569515 1.508572
71  -0.000163 5.476939 -0.000028  0.057729 0.074072 0.060286
72  -0.000094 6.060499 -0.000006  -0.015203 0.015650 -0.152065
73  0.000026 5.994246 0.000011  -0.126214 -0.157657 0.153302
74  -0.000078 7.076880 -0.000046  -0.008117 0.010384 0.036401
75  0.000006 7.089864 -0.000070  0.070875 0.098587 -0.025893
76  0.361113 0.886682 3.287745  -0.576373 1.978710 0.939011
77  -0.000068 6.686639 0.000224  -0.146569 0.414164 -0.327707
78  -0.000012 7.638022 0.000013  -0.079523 -0.025947 0.130956
79  -0.000032 7.290232 -0.000023  0.025325 -0.093908 0.023962
80  -0.000034 6.530372 0.000005  -0.261847 -0.300601 0.006734
81  0.000063 7.224875 0.000008  0.036506 0.032481 -0.175823
82  1.071893 3.225796 1.570115  -0.043807 2.859975 1.526247
83  0.000415 6.748901 -0.000067  -0.062702 0.083783 0.022201
84  -0.000047 8.002649 0.000026  -0.067496 -0.117208 -0.115600
85  0.000013 8.580567 -0.000098  0.088213 -0.007187 0.334605
86  0.000170 8.689837 -0.000042  0.065327 -0.412429 -0.134517
87  -1.514538 2.104638 0.318056  -0.024895 3.094491 1.569496
88  0.000192 6.982277 0.000012  -0.107589 -0.057625 -0.215716
89  -0.000009 8.382874 -0.000068  0.135032 -0.099914 0.287073
90  -0.000059 8.697682 0.000023  -0.148090 -0.510100 0.044839
91  -0.000136 8.921824 0.000079  -0.236828 -0.892635 0.098805
92  3.553619 -3.478045 2.409277  0.000820 0.762046 1.535309
93  -0.000001 4.476905 -0.000008  -0.151004 -0.588330 0.377260
94  0.000032 4.514119 -0.000023  -0.228866 -2.996199 0.592367
95  0.000044 4.518387 -0.000022  0.143172 2.612778 0.693384
96  0.000022 3.598327 0.000023  -0.749302 0.869851 -0.773233
97  4.209922 -0.440348 1.018824  -1.684090 -2.051044 -0.076546
98  4.265506 1.434225 -0.404994  -1.697491 0.033384 -0.840737
99  9.400242 0.017941 0.083200  -0.004724 -0.047876 -0.228635
100  10.242426 0.033591 0.064478  1.785988 -0.103531 0.011073
101  3.465856 -0.059680 0.016693  0.015174 -0.153587 -0.741386
102  1.655592 -0.000021 0.000022  0.037658 -0.123530 -0.603200
103  0.960769 -0.000003 -0.000007  0.022472 -0.062570 -0.580852
104  3.462028 -0.064245 0.939908  0.338653 -0.051411 -0.587316
105  1.497179 -0.000008 0.000021  -0.484972 -0.062472 -0.186803
106  0.793761 0.000003 -0.000001  -0.009351 0.025005 -0.492494
107  0.591661 -0.460692 0.835205  -0.904981 -0.365290 -0.566501
108  1.556134 0.000002 0.000001  -0.188408 0.088995 0.366135
109  1.135901 0.000018 0.000005  0.133873 0.037225 0.542743
110  3.084268 -0.668821 -1.257086  -0.690151 -0.141566 -0.759747
111  1.064203 -0.000003 0.000005  0.013073 0.067697 -0.411093
112  0.640340 0.000002 -0.000007  -0.000036 0.003958 -0.232429
113  3.396824 -0.242138 -0.708690  -0.344014 -0.172476 -0.825842
114  1.532972 0.000006 0.000006  0.012097 -0.005657 -0.568235
115  0.832975 -0.000003 -0.000003  0.005529 0.001649 -0.744827
116  4.209947 -0.440346 -1.019279  2.071363 2.064698 0.272545
117  4.266744 1.424937 0.424938  1.773576 0.089106 -1.011476
118  9.398568 0.011950 -0.082515  0.007405 0.044672 -0.163833
119  10.242435 0.028177 -0.062906  -1.704064 -0.011310 0.141892
120  3.465748 -0.067524 0.002268  -0.005844 0.148821 -0.740701
121  1.655564 0.000008 0.000006  -0.037276 0.121241 -0.603277
122  0.960909 0.000005 0.000000  -0.019410 0.060049 -0.581064
123  3.466855 -0.077778 -0.920909  -0.334503 0.045620 -0.587765
124  1.497260 -0.000034 -0.000022  -0.419774 0.061214 -0.186138
125  0.793792 -0.000008 0.000001  -0.057464 0.165214 -0.422821
126  0.595078 -0.467147 -0.829176  2.133608 0.374723 -0.383691
127  1.555680 0.000019 -0.000003  0.303940 0.019784 0.376648
128  1.136814 -0.000008 -0.000002  -0.008389 0.161283 0.505392
129  3.075971 -0.667964 1.277701  0.695390 0.134611 -0.758462
130  1.064596 0.000020 0.000010  -0.025226 -0.074931 -0.409787
131  0.640361 -0.000013 -0.000004  0.000082 -0.005196 -0.232464
132  3.392410 -0.245365 0.728376  0.340923 0.163320 -0.826668
133  1.532739 -0.000006 -0.000001  -0.009945 0.007012 -0.568062
134  0.833150 0.000007 0.000005  -0.005742 -0.004029 -0.744748
135  3.590106 -3.090295 1.193972  1.635457 1.210566 1.548541
136  3.589551 -3.089880 -1.196373  -1.505736 1.210473 -1.592853
137  -0.436566 4.719027 -0.001076  -0.000709 -1.570733 1.693073
138  0.000001 2.775452 -0.000235  -0.135089 0.000001 -0.000000
139  -0.000001 3.189770 0.000008  0.207820 0.000000 0.000000
140  -0.000001 3.504656 0.000045  -0.261876 0.000000 -0.000000
141  0.000000 2.863197 -0.000002  -0.051268 0.000000 -0.000000
time 32
0  1.120676 -10.094979 41.383640  1.570796 0.000000 -0.000000
1  0.002636 43.025146 0.734438  0.010343 0.517616 -0.119467
2  3.061858 -4.181015 -0.610804  -1.313326 -0.184102 -1.347084
3  18.476774 0.000159 0.000000  0.002536 -0.028423 0.377711
4  17.490089 0.000117 0.000004  0.067197 0.235090 -1.295845
5  -3.065329 -4.183575 -0.611480  -1.469450 -0.146945 -1.505665
6  18.474857 -0.000034 -0.000008  0.000262 0.012424 0.179402
7  17.489580 0.001916 -0.000006  -0.113995 -0.098284 -1.094758
8  -0.000117 -0.048882 -0.576226  1.559648 0.174852 1.593052
9  3.224487 0.767047 0.000495  -0.006268 -0.007235 0.009690
10  3.223906 0.226399 -0.001944  -0.005335 -0.003826 0.229303
11  5.187325 -1.262561 -0.001177  0.000012 0.000066 0.194111
12  6.928409 -1.935310 -0.000227  3.022559 0.128912 0.294552
13  3.236372 1.079614 0.000056  -0.284232 -0.150293 0.399451
14  0.833764 3.805354 0.692955  -0.040492 0.554885 1.469871
15  0.000039 6.792201 0.000039  0.007991 0.036070 -0.011407
16  -0.000069 7.744817 0.000017  -0.017442 -0.155305 0.068151
17  0.000072 7.809707 0.000017  -0.033636 0.005025 0.006142
18  -0.000026 7.867675 0.000016  -0.073330 -0.127909 0.026377
19  3.494703 -1.749092 -3.006912  0.152543 2.070420 1.936944
20  0.000120 4.478317 0.000018  -0.194660 0.310432 -0.234994
21  0.000047 4.636121 -0.000030  0.035824 0.324593 -0.151767
22  -0.000044 5.008654 0.000013  0.075997 -0.286565 0.276092
23  0.000062 4.781168 0.000011  0.904395 -2.690903 -0.015799
24  2.253041 1.989059 -3.350106  -1.523633 1.324497 0.112398
25  0.000162 6.589465 0.000172  0.206353 -0.002129 -0.080394
26  0.000043 7.491409 0.000041  -0.333511 0.184455 -0.191167
27  0.000029 7.660304 -0.000055  -0.063176 0.127195 -0.062118
28  0.000006 7.256262 0.000018  -0.052938 -0.487829 0.313813
29  -0.791161 2.265118 -1.234656  -0.753900 1.136377 0.824671
30  -0.000257 8.572265 -0.000091  -0.222843 -0.296789 0.176504
31  -0.000093 8.117214 0.000048  0.072256 0.772520 -0.285589
32  -0.000082 8.230036 -0.000071  -0.080492 -0.347232 0.072254
33  0.000059 7.366718 0.000053  -0.015395 -0.663893 0.062742
34  0.224219 0.240128 -3.218158  -0.877385 1.468889 0.577821
35  -0.000101 7.721055 -0.000310  -0.283828 0.060497 -0.167555
36  -0.000031 7.374851 -0.000002  0.007536 -0.195021 0.049539
37  0.000075 6.848102 0.000007  0.005484 0.006496 -0.033649
38  -0.000051 7.777862 0.000008  -0.186096 0.182474 -0.152846
39  -1.514462 2.104650 -1.150167  -0.029091 0.541320 1.555677
40  -0.000168 6.982348 -0.000077  -0.199699 -0.041212 0.153489
41  0.000038 8.382858 -0.000073  0.044865 0.587986 -0.257962
42  0.000013 8.697704 -0.000027  -0.102637 -0.474318 0.290945
43  0.000057 8.921807 -0.000004  -0.076258 0.581004 -0.195605
44  1.196193 2.899155 -2.353085  -0.449719 1.030105 1.287428
45  0.000106 5.476949 0.000005  0.285576 -0.099353 -0.038446
46  -0.000076 6.060443 -0.000090  -0.155024 -0.575031 0.384611
47  0.000018 5.994262 0.000029  0.033942 0.288575 -0.067731
48  -0.000007 6.100485 0.000001  -0.068405 0.299273 -0.162152
49  0.000032 6.916758 0.000008  -0.096318 0.220533 -0.107966
50  0.000150 6.435056 -0.000045  -0.037459 0.171630 -0.116573
51  1.092793 3.649513 -1.738794  -0.148600 0.876612 1.445020
52  -0.000126 6.792193 -0.000100  0.008284 0.107792 -0.048643
53  -0.000086 7.744775 -0.000030  0.057137 -0.256893 0.015458
54  0.000083 9.115027 -0.000038  -0.020393 0.256253 -0.142636
55  3.494509 -1.749103 3.007064  0.118403 1.106974 1.813811
56  0.000015 4.323834 0.000086  -0.229910 -0.770942 0.449225
57  0.000030 4.872900 -0.000022  0.367245 -0.664051 -0.254035
58  0.000005 5.056651 0.000091  -0.511235 0.856587 -0.546321
59  2.292467 1.708615 3.661675  -1.762556 1.789111 -0.218970
60  -0.000172 6.589442 0.000272  -0.007133 -0.169122 0.176909
61  0.000175 7.491491 -0.000151  -0.132413 -0.107098 0.179327
62  -0.000141 8.249654 0.000142  0.041913 -0.058209 0.015814
63  0.000074 8.605236 -0.000024  0.101585 0.501824 -0.079697
64  -0.240485 2.066073 2.349267  -0.357330 2.461715 1.296081
65  -0.000087 7.721107 -0.000003  -0.208231 -0.126224 -0.116495
66  -0.000121 7.374864 -0.000046  -0.111017 0.046939 -0.046464
67  -0.000037 6.848057 -0.000026  0.273531 0.247522 0.299908
68  0.000034 7.777820 -0.000045  0.072921 0.186148 -0.052689
69  -0.000084 8.178049 0.000010  -0.087029 -0.422849 -0.381357
70  1.617604 3.431411 2.399265  -0.249454 2.569515 1.508572
71  -0.000163 5.476942 -0.000030  0.057729 0.074072 0.060286
72  -0.000087 6.060497 -0.000006  -0.015203 0.015650 -0.152065
73  0.000024 5.994251 0.000012  -0.126214 -0.157657 0.153302
74  -0.000079 7.076878 -0.000048  -0.008117 0.010384 0.036401
75  0.000002 7.089869 -0.000071  0.070875 0.098587 -0.025893
76  0.361113 0.886683 3.287746  -0.576373 1.978710 0.939011
77  -0.000064 6.686644 0.000223  -0.146569 0.414164 -0.327707
78  -0.000011 7.638022 0.000012  -0.079523 -0.025947 0.130956
79  -0.000031 7.290227 -0.000022  0.025325 -0.093908 0.023962
80  -0.000035 6.530365 0.000005  -0.261847 -0.300601 0.006734
81  0.000063 7.224874 0.000009  0.036506 0.032481 -0.175823
82  1.071897 3.225797 1.570115  -0.043807 2.859975 1.526247
83  0.000417 6.748904 -0.000066  -0.062702 0.083783 0.022201
84  -0.000047 8.002645 0.000027  -0.067496 -0.117208 -0.115600
85  0.000012 8.580571 -0.000098  0.088213 -0.007187 0.334605
86  0.000167 8.689831 -0.000042  0.065327 -0.412430 -0.134517
87  -1.514536 2.104640 0.318055  -0.024895 3.094491 1.569496
88  0.000195 6.982283 0.000011  -0.107589 -0.057625 -0.215716
89  -0.000008 8.382874 -0.000068  0.135032 -0.099914 0.287073
90  -0.000058 8.697674 0.000023  -0.148090 -0.510100 0.044839
91  -0.000136 8.921820 0.000080  -0.236827 -0.892636 0.098805
92  3.553610 -3.478045 2.409277  0.000820 0.762046 1.535309
93  -0.000000 4.476901 -0.000009  -0.151004 -0.588330 0.377260
94  0.000031 4.514120 -0.000023  -0.228866 -2.996199 0.592367
95  0.000042 4.518383 -0.000023  0.143172 2.612778 0.693384
96  0.000022 3.598322 0.000024  -0.749302 0.869852 -0.773233
97  4.209922 -0.440345 1.018824  -1.685515 -2.053659 -0.075413
98  4.265508 1.434230 -0.404993  -1.704299 0.037989 -0.844021
99  9.400237 0.017940 0.083201  -0.004751 -0.047849 -0.228128
100  10.242424 0.033591 0.064481  1.793362 -0.106296 0.008630
101  3.465855 -0.059677 0.016694  0.015174 -0.153587 -0.741386
102  1.655594 -0.000023 0.000022  0.037658 -0.123530 -0.603199
103  0.960768 -0.000005 -0.000006  0.022472 -0.062570 -0.580853
104  3.462030 -0.064243 0.939909  0.338653 -0.051411 -0.587316
105  1.497177 -0.000007 0.000021  -0.484972 -0.062472 -0.186803
106  0.793756 0.000005 -0.000002  -0.009351 0.025005 -0.492494
107  0.591665 -0.460688 0.835207  -0.904981 -0.365290 -0.566501
108  1.556141 0.000002 0.000002  -0.188408 0.088995 0.366135
109  1.135904 0.000018 0.000004  0.133873 0.037225 0.542743
110  3.084272 -0.668818 -1.257085  -0.690151 -0.141566 -0.759747
111  1.064203 -0.000003 0.000005  0.013073 0.067697 -0.411093
112  0.640338 0.000003 -0.000008  -0.000036 0.003958 -0.232428
113  3.396824 -0.242136 -0.708689  -0.344014 -0.172476 -0.825841
114  1.532969 0.000009 0.000005  0.012097 -0.005657 -0.568235
115  0.832975 -0.000004 -0.000002  0.005529 0.001649 -0.744827
116  4.209941 -0.440341 -1.019279  2.077780 2.066343 0.278263
117  4.266742 1.424940 0.424939  1.773784 0.091723 -1.015839
118  9.398560 0.011950 -0.082518  0.007251 0.044846 -0.166814
119  10.242441 0.028175 -0.062907  -1.711538 -0.012741 0.139992
120  3.465747 -0.067528 0.002268  -0.005844 0.148821 -0.740701
121  1.655559 0.000005 0.000006  -0.037276 0.121241 -0.603277
122  0.960908 0.000005 -0.000001  -0.019410 0.060049 -0.581064
123  3.466852 -0.077782 -0.920909  -0.334503 0.045620 -0.587765
124  1.497256 -0.000035 -0.000023  -0.419774 0.061214 -0.186138
125  0.793793 -0.000008 0.000000  -0.057464 0.165214 -0.422821
126  0.595081 -0.467152 -0.829175  2.133608 0.374722 -0.383690
127  1.555676 0.000016 -0.000002  0.303940 0.019784 0.376648
128  1.136811 -0.000009 -0.000001  -0.008389 0.161283 0.505392
129  3.075972 -0.667967 1.277701  0.695390 0.134611 -0.758462
130  1.064594 0.000019 0.000011  -0.025226 -0.074931 -0.409787
131  0.640359 -0.000017 -0.000003  0.000081 -0.005196 -0.232464
132  3.392410 -0.245369 0.728376  0.340923 0.163320 -0.826668
133  1.532738 -0.000006 -0.000001  -0.009945 0.007012 -0.568062
134  0.833151 0.000003 0.000005  -0.005742 -0.004029 -0.744748
135  3.590110 -3.090295 1.193972  1.635457 1.210566 1.548541
136  3.589558 -3.089880 -1.196373  -1.505736 1.210473 -1.592853
137  -0.436561 4.719025 -0.001076  -0.000473 -1.570733 1.692845
138  0.000001 2.775458 -0.000236  -0.135089 0.000001 -0.000000
139  -0.000000 3.189770 0.000008  0.207820 -0.000000 0.000000
140  0.000000 3.504653 0.000048  -0.261876 0.000000 -0.000000
141  -0.000000 2.863194 -0.000002  -0.051268 -0.000000 0.000000
time 33
0  0.641087 -10.357192 41.361160  1.570796 0.000000 -0.000000
1  0.002636 43.025146 0.734438  0.008693 0.523823 -0.126439
2  3.061858 -4.181009 -0.610804  -1.323813 -0.183368 -1.323114
3  18.476774 0.000159 -0.000001  0.002465 -0.027533 0.366823
4  17.490086 0.000117 0.000003  0.047444 0.234111 -1.293871
5  -3.065329 -4.183568 -0.611480  -1.465924 -0.146703 -1.484571
6  18.474850 -0.000034 -0.000008  0.000365 0.012079 0.175037
7  17.489588 0.001916 -0.000006  -0.128074 -0.088820 -1.093820
8  -0.000117 -0.048877 -0.576226  1.557234 0.173962 1.595039
9  3.224486 0.767047 0.000495  -0.009150 -0.005515 0.010937
10  3.223911 0.226400 -0.001944  -0.006951 -0.002213 0.230146
11  5.187319 -1.262560 -0.001177  0.000012 0.000066 0.194111
12  6.928406 -1.935311 -0.000228  3.021743 0.127729 0.292883
13  3.236362 1.079611 0.000056  -0.285090 -0.146854 0.402922
14  0.833757 3.805351 0.692956  -0.040492 0.554885 1.469872
15  0.000040 6.792206 0.000039  0.007991 0.036071 -0.011407
16  -0.000065 7.744812 0.000015  -0.017442 -0.155305 0.068151
17  0.000071 7.809707 0.000018  -0.033636 0.005025 0.006142
18  -0.000024 7.867675 0.000018  -0.073330 -0.127910 0.026377
19  3.494704 -1.749094 -3.006912  0.152543 2.070420 1.936944
20  0.000119 4.478327 0.000018  -0.194660 0.310432 -0.234994
21  0.000049 4.636115 -0.000029  0.035824 0.324593 -0.151767
22  -0.000041 5.008655 0.000013  0.075997 -0.286565 0.276092
23  0.000064 4.781168 0.000010  0.904395 -2.690903 -0.015799
24  2.253045 1.989059 -3.350106  -1.523633 1.324497 0.112398
25  0.000164 6.589458 0.000171  0.206353 -0.002129 -0.080394
26  0.000043 7.491415 0.000041  -0.333511 0.184455 -0.191167
27  0.000028 7.660307 -0.000057  -0.063176 0.127195 -0.062118
28  0.000006 7.256269 0.000020  -0.052938 -0.487829 0.313813
29  -0.791151 2.265119 -1.234655  -0.753900 1.136377 0.824671
30  -0.000257 8.572262 -0.000092  -0.222843 -0.296789 0.176504
31  -0.000095 8.117215 0.000048  0.072256 0.772520 -0.285589
32  -0.000083 8.230032 -0.000070  -0.080492 -0.347232 0.072254
33  0.000057 7.366727 0.000053  -0.015395 -0.663893 0.062742
34  0.224222 0.240128 -3.218158  -0.877385 1.468889 0.577821
35  -0.000101 7.721052 -0.000308  -0.283828 0.060497 -0.167555
36  -0.000033 7.374859 -0.000002  0.007536 -0.195021 0.049539
37  0.000073 6.848103 0.000006  0.005484 0.006496 -0.033649
38  -0.000051 7.777869 0.000008  -0.186096 0.182474 -0.152846
39  -1.514464 2.104648 -1.150167  -0.029091 0.541320 1.555677
40  -0.000169 6.982352 -0.000077  -0.199699 -0.041212 0.153489
41  0.000038 8.382868 -0.000072  0.044865 0.587986 -0.257962
42  0.000012 8.697701 -0.000026  -0.102637 -0.474318 0.290945
43  0.000056 8.921809 -0.000004  -0.076258 0.581004 -0.195605
44  1.196196 2.899153 -2.353086  -0.449719 1.030105 1.287428
45  0.000105 5.476949 0.000006  0.285576 -0.099353 -0.038446
46  -0.000075 6.060437 -0.000089  -0.155024 -0.575031 0.384611
47  0.000019 5.994258 0.000029  0.033942 0.288575 -0.067731
48  -0.000007 6.100485 0.000000  -0.068405 0.299273 -0.162152
49  0.000035 6.916757 0.000009  -0.096318 0.220533 -0.107966
50  0.000150 6.435058 -0.000042  -0.037459 0.171630 -0.116573
51  1.092808 3.649514 -1.738794  -0.148600 0.876612 1.445020
52  -0.000130 6.792208 -0.000102  0.008285 0.107792 -0.048643
53  -0.000088 7.744777 -0.000030  0.057137 -0.256893 0.015458
54  0.000083 9.115028 -0.000037  -0.020393 0.256253 -0.142636
55  3.494521 -1.749103 3.007064  0.118403 1.106974 1.813811
56  0.000015 4.323836 0.000086  -0.229910 -0.770942 0.449225
57  0.000028 4.872893 -0.000021  0.367245 -0.664051 -0.254035
58  0.000004 5.056645 0.000093  -0.511235 0.856587 -0.546321
59  2.292471 1.708616 3.661675  -1.762556 1.789111 -0.218970
60  -0.000173 6.589445 0.000272  -0.007133 -0.169123 0.176909
61  0.000174 7.491489 -0.000152  -0.132413 -0.107098 0.179327
62  -0.000141 8.249658 0.000142  0.041913 -0.058209 0.015814
63  0.000069 8.605232 -0.000026  0.101585 0.501824 -0.079697
64  -0.240482 2.066072 2.349267  -0.357330 2.461715 1.296081
65  -0.000085 7.721107 -0.000003  -0.208231 -0.126223 -0.116495
66  -0.000125 7.374866 -0.000047  -0.111017 0.046939 -0.046464
67  -0.000036 6.848064 -0.000025  0.273531 0.247523 0.299908
68  0.000034 7.777821 -0.000043  0.072921 0.186148 -0.052689
69  -0.000083 8.178052 0.000009  -0.087029 -0.422849 -0.381357
70  1.617603 3.431410 2.399265  -0.249454 2.569515 1.508572
71  -0.000161 5.476950 -0.000029  0.057730 0.074072 0.060286
72  -0.000093 6.060496 -0.000006  -0.015203 0.015650 -0.152065
73  0.000026 5.994255 0.000011  -0.126214 -0.157657 0.153302
74  -0.000080 7.076870 -0.000047  -0.008117 0.010384 0.036401
75  0.000003 7.089867 -0.000070  0.070875 0.098587 -0.025893
76  0.361115 0.886682 3.287746  -0.576373 1.978710 0.939011
77  -0.000068 6.686642 0.000223  -0.146569 0.414164 -0.327707
78  -0.000011 7.638020 0.000014  -0.079523 -0.025947 0.130956
79  -0.000032 7.290223 -0.000023  0.025325 -0.093908 0.023962
80  -0.000034 6.530368 0.000004  -0.261847 -0.300601 0.006734
81  0.000064 7.224880 0.000010  0.036506 0.032481 -0.175823
82  1.071894 3.225795 1.570115  -0.043807 2.859975 1.526247
83  0.000411 6.748897 -0.000066  -0.062702 0.083783 0.022201
84  -0.000048 8.002641 0.000027  -0.067496 -0.117208 -0.115600
85  0.000011 8.580571 -0.000097  0.088213 -0.007187 0.334605
86  0.000168 8.689829 -0.000040  0.065327 -0.412429 -0.134517
87  -1.514528 2.104640 0.318056  -0.024895 3.094491 1.569496
88  0.000193 6.982282 0.000012  -0.107589 -0.057625 -0.215716
89  -0.000009 8.382877 -0.000068  0.135032 -0.099914 0.287073
90  -0.000057 8.697675 0.000023  -0.148090 -0.510100 0.044839
91  -0.000136 8.921824 0.000079  -0.236827 -0.892636 0.098805
92  3.553617 -3.478046 2.409277  0.000820 0.762046 1.535309
93  0.000000 4.476904 -0.000008  -0.151004 -0.588330 0.377260
94  0.000031 4.514122 -0.000023  -0.228866 -2.996199 0.592367
95  0.000038 4.518380 -0.000025  0.143172 2.612778 0.693384
96  0.000024 3.598323 0.000020  -0.749302 0.869852 -0.773233
97  4.209919 -0.440345 1.018823  -1.684971 -2.056675 -0.076055
98  4.265505 1.434230 -0.404991  -1.710625 0.037917 -0.849893
99  9.400240 0.017939 0.083201  -0.004732 -0.047868 -0.228490
100  10.242421 0.033590 0.064481  1.803754 -0.111688 0.005797
101  3.465855 -0.059680 0.016694  0.015174 -0.153587 -0.741386
102  1.655591 -0.000022 0.000022  0.037658 -0.123530 -0.603200
103  0.960770 -0.000007 -0.000005  0.022472 -0.062570 -0.580853
104  3.462026 -0.064247 0.939909  0.338653 -0.051411 -0.587316
105  1.497179 -0.000009 0.000021  -0.484971 -0.062472 -0.186803
106  0.793757 0.000001 -0.000000  -0.009351 0.025005 -0.492494
107  0.591663 -0.460693 0.835207  -0.904981 -0.365290 -0.566501
108  1.556142 0.000002 0.000002  -0.188408 0.088995 0.366135
109  1.135901 0.000018 0.000003  0.133873 0.037225 0.542743
110  3.084270 -0.668823 -1.257084  -0.690151 -0.141566 -0.759747
111  1.064200 -0.000002 0.000007  0.013073 0.067697 -0.411093
112  0.640339 0.000005 -0.000007  -0.000036 0.003958 -0.232429
113  3.396826 -0.242141 -0.708688  -0.344014 -0.172476 -0.825841
114  1.532968 0.000004 0.000006  0.012097 -0.005657 -0.568235
115  0.832976 0.000000 -0.000002  0.005529 0.001649 -0.744827
116  4.209942 -0.440343 -1.019280  2.083277 2.068081 0.283100
117  4.266742 1.424946 0.424938  1.765538 0.093199 -1.020475
118  9.398562 0.011950 -0.082519  0.007143 0.044968 -0.168905
119  10.242437 0.028176 -0.062907  -1.713469 -0.017626 0.138471
120  3.465742 -0.067523 0.002268  -0.005844 0.148821 -0.740701
121  1.655558 0.000008 0.000006  -0.037276 0.121241 -0.603277
122  0.960908 0.000007 -0.000001  -0.019410 0.060049 -0.581065
123  3.466854 -0.077779 -0.920910  -0.334503 0.045620 -0.587765
124  1.497259 -0.000033 -0.000022  -0.419774 0.061214 -0.186138
125  0.793787 -0.000007 0.000000  -0.057464 0.165214 -0.422821
126  0.595076 -0.467149 -0.829176  2.133608 0.374722 -0.383690
127  1.555673 0.000014 -0.000002  0.303940 0.019784 0.376648
128  1.136812 -0.000008 -0.000001  -0.008389 0.161283 0.505392
129  3.075972 -0.667966 1.277701  0.695390 0.134611 -0.758462
130  1.064591 0.000017 0.000012  -0.025226 -0.074931 -0.409787
131  0.640362 -0.000014 -0.000004  0.000081 -0.005196 -0.232464
132  3.392411 -0.245368 0.728376  0.340923 0.163320 -0.826668
133  1.532734 -0.000008 -0.000000  -0.009945 0.007012 -0.568062
134  0.833152 0.000003 0.000005  -0.005742 -0.004029 -0.744748
135  3.590109 -3.090294 1.193972  1.635457 1.210566 1.548541
136  3.589555 -3.089879 -1.196373  -1.505736 1.210473 -1.592853
137  -0.436559 4.719027 -0.001076  -0.000354 -1.570733 1.692913
138  0.000000 2.775453 -0.000234  -0.135089 0.000001 -0.000000
139  0.000000 3.189770 0.000007  0.207820 -0.000000 0.000000
140  -0.000000 3.504654 0.000046  -0.261876 -0.000000 -0.000000
141  0.000000 2.863201 -0.000002  -0.051268 -0.000000 -0.000000
time 34
0  0.213772 -10.584727 41.341778  1.570796 0.000000 -0.000000
1  0.002636 43.025146 0.734438  0.009708 0.528154 -0.131167
2  3.061857 -4.181007 -0.610804  -1.372799 -0.180569 -1.296100
3  18.476774 0.000159 -0.000002  0.002333 -0.026154 0.349935
4  17.490084 0.000117 0.000003  0.032021 0.246109 -1.289333
5  -3.065330 -4.183569 -0.611480  -1.462332 -0.146415 -1.467017
6  18.474855 -0.000034 -0.000008  0.000555 0.011440 0.166932
7  17.489586 0.001915 -0.000006  -0.142088 -0.082043 -1.091204
8  -0.000117 -0.048884 -0.576226  1.555116 0.174069 1.597092
9  3.224485 0.767046 0.000496  -0.011670 -0.003709 0.010800
10  3.223910 0.226399 -0.001944  -0.008316 -0.000602 0.230049
11  5.187316 -1.262559 -0.001176  0.000012 0.000066 0.194111
12  6.928409 -1.935315 -0.000227  3.021044 0.125649 0.292346
13  3.236364 1.079615 0.000057  -0.284966 -0.141931 0.404292
14  0.833769 3.805353 0.692955  -0.040492 0.554885 1.469871
15  0.000042 6.792204 0.000039  0.007991 0.036070 -0.011407
16  -0.000064 7.744815 0.000017  -0.017442 -0.155305 0.068151
17  0.000072 7.809708 0.000018  -0.033636 0.005026 0.006142
18  -0.000026 7.867671 0.000016  -0.073330 -0.127910 0.026377
19  3.494704 -1.749094 -3.006912  0.152543 2.070420 1.936944
20  0.000118 4.478317 0.000017  -0.194660 0.310432 -0.234994
21  0.000047 4.636119 -0.000029  0.035824 0.324593 -0.151767
22  -0.000043 5.008658 0.000010  0.075997 -0.286565 0.276092
23  0.000064 4.781158 0.000010  0.904395 -2.690903 -0.015799
24  2.253034 1.989056 -3.350106  -1.523633 1.324497 0.112398
25  0.000163 6.589455 0.000172  0.206353 -0.002129 -0.080394
26  0.000042 7.491405 0.000043  -0.333511 0.184455 -0.191167
27  0.000023 7.660306 -0.000056  -0.063176 0.127195 -0.062118
28  0.000010 7.256268 0.000018  -0.052938 -0.487829 0.313813
29  -0.791158 2.265118 -1.234655  -0.753900 1.136377 0.824671
30  -0.000259 8.572265 -0.000089  -0.222843 -0.296789 0.176504
31  -0.000094 8.117212 0.000048  0.072256 0.772520 -0.285589
32  -0.000084 8.230032 -0.000072  -0.080492 -0.347232 0.072254
33  0.000059 7.366728 0.000053  -0.015395 -0.663893 0.062742
34  0.224213 0.240125 -3.218157  -0.877385 1.468889 0.577821
35  -0.000102 7.721053 -0.000308  -0.283828 0.060497 -0.167555
36  -0.000030 7.374855 -0.000002  0.007536 -0.195021 0.049539
37  0.000075 6.848099 0.000006  0.005484 0.006496 -0.033649
38  -0.000051 7.777863 0.000008  -0.186096 0.182474 -0.152846
39  -1.514464 2.104648 -1.150167  -0.029091 0.541320 1.555677
40  -0.000167 6.982343 -0.000076  -0.199699 -0.041212 0.153489
41  0.000038 8.382867 -0.000072  0.044865 0.587986 -0.257962
42  0.000013 8.697699 -0.000026  -0.102637 -0.474318 0.290945
43  0.000056 8.921808 -0.000004  -0.076258 0.581004 -0.195605
44  1.196195 2.899153 -2.353086  -0.449719 1.030105 1.287428
45  0.000107 5.476937 0.000007  0.285576 -0.099353 -0.038446
46  -0.000072 6.060443 -0.000089  -0.155024 -0.575031 0.384611
47  0.000018 5.994258 0.000029  0.033942 0.288575 -0.067731
48  -0.000007 6.100491 0.000000  -0.068405 0.299273 -0.162152
49  0.000033 6.916759 0.000009  -0.096318 0.220533 -0.107966
50  0.000148 6.435061 -0.000043  -0.037459 0.171630 -0.116573
51  1.092795 3.649511 -1.738794  -0.148600 0.876612 1.445020
52  -0.000128 6.792208 -0.000103  0.008284 0.107792 -0.048643
53  -0.000088 7.744789 -0.000031  0.057137 -0.256893 0.015458
54  0.000086 9.115022 -0.000038  -0.020393 0.256253 -0.142636
55  3.494515 -1.749104 3.007064  0.118403 1.106974 1.813811
56  0.000014 4.323844 0.000086  -0.229910 -0.770942 0.449225
57  0.000029 4.872899 -0.000022  0.367245 -0.664051 -0.254035
58  0.000004 5.056650 0.000093  -0.511235 0.856587 -0.546321
59  2.292469 1.708615 3.661675  -1.762556 1.789111 -0.218970
60  -0.000174 6.589434 0.000273  -0.007133 -0.169123 0.176909
61  0.000176 7.491494 -0.000150  -0.132413 -0.107098 0.179327
62  -0.000139 8.249660 0.000141  0.041913 -0.058209 0.015814
63  0.000072 8.605238 -0.000027  0.101585 0.501824 -0.079697
64  -0.240479 2.066073 2.349267  -0.357330 2.461715 1.296081
65  -0.000086 7.721100 -0.000004  -0.208231 -0.126223 -0.116495
66  -0.000122 7.374864 -0.000047  -0.111017 0.046939 -0.046464
67  -0.000034 6.848061 -0.000027  0.273531 0.247523 0.299908
68  0.000031 7.777815 -0.000043  0.072921 0.186148 -0.052689
69  -0.000085 8.178049 0.000010  -0.087029 -0.422849 -0.381357
70  1.617601 3.431407 2.399265  -0.249454 2.569515 1.508572
71  -0.000165 5.476943 -0.000029  0.057729 0.074072 0.060286
72  -0.000089 6.060498 -0.000007  -0.015203 0.015650 -0.152065
73  0.000026 5.994250 0.000011  -0.126214 -0.157657 0.153302
74  -0.000078 7.076873 -0.000046  -0.008117 0.010384 0.036401
75  0.000003 7.089869 -0.000071  0.070875 0.098587 -0.025893
76  0.361117 0.886682 3.287746  -0.576373 1.978710 0.939011
77  -0.000066 6.686636 0.000222  -0.146569 0.414164 -0.327707
78  -0.000011 7.638021 0.000013  -0.079523 -0.025947 0.130956
79  -0.000031 7.290230 -0.000022  0.025325 -0.093908 0.023962
80  -0.000035 6.530369 0.000005  -0.261847 -0.300601 0.006734
81  0.000063 7.224876 0.000008  0.036506 0.032481 -0.175823
82  1.071898 3.225796 1.570115  -0.043807 2.859975 1.526247
83  0.000416 6.748904 -0.000066  -0.062702 0.083783 0.022201
84  -0.000048 8.002645 0.000027  -0.067496 -0.117208 -0.115600
85  0.000013 8.580568 -0.000097  0.088213 -0.007187 0.334605
86  0.000167 8.689831 -0.000041  0.065327 -0.412429 -0.134517
87  -1.514528 2.104640 0.318055  -0.024895 3.094491 1.569496
88  0.000192 6.982277 0.000012  -0.107589 -0.057625 -0.215716
89  -0.000009 8.382875 -0.000067  0.135032 -0.099914 0.287073
90  -0.000062 8.697670 0.000023  -0.148090 -0.510100 0.044839
91  -0.000136 8.921827 0.000079  -0.236827 -0.892635 0.098805
92  3.553618 -3.478046 2.409277  0.000820 0.762046 1.535309
93  -0.000001 4.476894 -0.000009  -0.151004 -0.588330 0.377260
94  0.000031 4.514130 -0.000024  -0.228866 -2.996199 0.592367
95  0.000046 4.518388 -0.000022  0.143172 2.612778 0.693384
96  0.000023 3.598330 0.000024  -0.749303 0.869852 -0.773233
97  4.209919 -0.440347 1.018824  -1.685566 -2.059275 -0.075665
98  4.265507 1.434229 -0.404992  -1.713313 0.037470 -0.853880
99  9.400236 0.017941 0.083203  -0.004600 -0.047997 -0.230924
100  10.242421 0.033592 0.064479  1.810942 -0.113574 0.003002
101  3.465853 -0.059681 0.016694  0.015174 -0.153587 -0.741386
102  1.655596 -0.000021 0.000021  0.037658 -0.123530 -0.603200
103  0.960769 -0.000004 -0.000006  0.022472 -0.062570 -0.580852
104  3.462028 -0.064250 0.939909  0.338653 -0.051411 -0.587316
105  1.497176 -0.000010 0.000021  -0.484972 -0.062472 -0.186803
106  0.793759 0.000002 -0.000002  -0.009351 0.025005 -0.492494
107  0.591661 -0.460694 0.835206  -0.904981 -0.365290 -0.566501
108  1.556136 0.000002 0.000001  -0.188408 0.088995 0.366135
109  1.135903 0.000018 0.000004  0.133873 0.037225 0.542743
110  3.084269 -0.668824 -1.257084  -0.690151 -0.141566 -0.759747
111  1.064203 -0.000001 0.000006  0.013073 0.067697 -0.411093
112  0.640337 0.000004 -0.000008  -0.000036 0.003958 -0.232429
113  3.396819 -0.242140 -0.708688  -0.344014 -0.172476 -0.825841
114  1.532973 0.000009 0.000004  0.012097 -0.005657 -0.568235
115  0.832977 -0.000005 -0.000003  0.005529 0.001649 -0.744827
116  4.209940 -0.440344 -1.019279  2.088696 2.070155 0.287794
117  4.266746 1.424951 0.424938  1.754437 0.093092 -1.023147
118  9.398561 0.011950 -0.082517  0.007123 0.044991 -0.169292
119  10.242440 0.028177 -0.062909  -1.712328 -0.023131 0.137495
120  3.465745 -0.067526 0.002267  -0.005844 0.148821 -0.740701
121  1.655561 0.000007 0.000005  -0.037276 0.121241 -0.603277
122  0.960905 0.000002 0.000000  -0.019410 0.060049 -0.581065
123  3.466857 -0.077781 -0.920910  -0.334503 0.045620 -0.587765
124  1.497255 -0.000033 -0.000021  -0.419774 0.061214 -0.186138
125  0.793789 -0.000008 0.000001  -0.057464 0.165214 -0.422821
126  0.595075 -0.467151 -0.829176  2.133608 0.374722 -0.383690
127  1.555675 0.000015 -0.000002  0.303940 0.019784 0.376648
128  1.136814 -0.000008 -0.000000  -0.008389 0.161283 0.505392
129  3.075974 -0.667968 1.277701  0.695390 0.134611 -0.758462
130  1.064588 0.000022 0.000011  -0.025226 -0.074931 -0.409787
131  0.640361 -0.000016 -0.000003  0.000081 -0.005196 -0.232464
132  3.392414 -0.245371 0.728376  0.340922 0.163320 -0.826668
133  1.532740 -0.000010 -0.000001  -0.009945 0.007012 -0.568062
134  0.833152 0.000016 0.000006  -0.005742 -0.004029 -0.744748
135  3.590103 -3.090294 1.193973  1.635457 1.210566 1.548541
136  3.589555 -3.089879 -1.196372  -1.505736 1.210473 -1.592853
137  -0.436564 4.719026 -0.001075  -0.000472 -1.570733 1.693022
138  0.000000 2.775454 -0.000235  -0.135089 0.000001 -0.000000
139  0.000001 3.189768 0.000008  0.207820 -0.000000 0.000000
140  0.000000 3.504653 0.000046  -0.261876 0.000000 -0.000000
141  -0.000000 2.863200 -0.000002  -0.051268 0.000000 -0.000000
time 35
0  -0.157271 -10.783726 41.331467  1.570796 0.000000 -0.000000
1  0.002636 43.025146 0.734438  0.015146 0.530802 -0.133175
2  3.061858 -4.181012 -0.610804  -1.431226 -0.178794 -1.272701
3  18.476774 0.000159 -0.000001  0.002159 -0.024615 0.331041
4  17.490086 0.000117 0.000002  0.021814 0.261048 -1.278825
5  -3.065329 -4.183577 -0.611480  -1.458616 -0.149317 -1.453531
6  18.474855 -0.000034 -0.000008  0.000755 0.010785 0.158583
7  17.489584 0.001916 -0.000007  -0.155692 -0.078162 -1.086200
8  -0.000117 -0.048879 -0.576227  1.553236 0.176137 1.599277
9  3.224481 0.767047 0.000495  -0.013803 -0.001739 0.007941
10  3.223909 0.226399 -0.001943  -0.009396 0.001057 0.228105
11  5.187313 -1.262560 -0.001177  0.000012 0.000066 0.194111
12  6.928413 -1.935310 -0.000226  3.020340 0.122458 0.294016
13  3.236364 1.079612 0.000057  -0.283896 -0.134948 0.401504
14  0.833758 3.805352 0.692956  -0.040492 0.554885 1.469872
15  0.000042 6.792202 0.000039  0.007991 0.036070 -0.011407
16  -0.000064 7.744814 0.000017  -0.017442 -0.155305 0.068151
17  0.000072 7.809709 0.000017  -0.033636 0.005025 0.006142
18  -0.000027 7.867678 0.000019  -0.073330 -0.127910 0.026377
19  3.494704 -1.749093 -3.006912  0.152543 2.070420 1.936944
20  0.000120 4.478324 0.000018  -0.194660 0.310432 -0.234994
21  0.000049 4.636117 -0.000030  0.035824 0.324593 -0.151767
22  -0.000043 5.008653 0.000013  0.075997 -0.286565 0.276092
23  0.000064 4.781165 0.000008  0.904395 -2.690903 -0.015799
24  2.253040 1.989057 -3.350106  -1.523633 1.324497 0.112398
25  0.000160 6.589463 0.000171  0.206353 -0.002129 -0.080394
26  0.000041 7.491415 0.000044  -0.333511 0.184455 -0.191167
27  0.000028 7.660305 -0.000055  -0.063176 0.127195 -0.062118
28  0.000007 7.256275 0.000018  -0.052938 -0.487829 0.313813
29  -0.791164 2.265117 -1.234655  -0.753900 1.136377 0.824671
30  -0.000258 8.572262 -0.000092  -0.222843 -0.296789 0.176504
31  -0.000093 8.117216 0.000049  0.072256 0.772520 -0.285589
32  -0.000080 8.230032 -0.000071  -0.080492 -0.347232 0.072254
33  0.000059 7.366724 0.000053  -0.015395 -0.663893 0.062742
34  0.224216 0.240127 -3.218158  -0.877385 1.468889 0.577821
35  -0.000101 7.721056 -0.000309  -0.283828 0.060497 -0.167555
36  -0.000031 7.374856 -0.000002  0.007536 -0.195021 0.049539
37  0.000075 6.848101 0.000006  0.005484 0.006496 -0.033649
38  -0.000051 7.777867 0.000009  -0.186096 0.182474 -0.152846
39  -1.514460 2.104649 -1.150167  -0.029091 0.541320 1.555677
40  -0.000168 6.982348 -0.000077  -0.199699 -0.041212 0.153489
41  0.000037 8.382864 -0.000072  0.044865 0.587986 -0.257962
42  0.000014 8.697708 -0.000025  -0.102637 -0.474318 0.290945
43  0.000055 8.921809 -0.000004  -0.076258 0.581004 -0.195605
44  1.196195 2.899155 -2.353086  -0.449719 1.030105 1.287428
45  0.000108 5.476939 0.000007  0.285576 -0.099353 -0.038446
46  -0.000071 6.060443 -0.000091  -0.155024 -0.575031 0.384611
47  0.000020 5.994256 0.000029  0.033942 0.288575 -0.067731
48  -0.000007 6.100489 0.000002  -0.068405 0.299273 -0.162152
49  0.000034 6.916766 0.000009  -0.096318 0.220533 -0.107966
50  0.000147 6.435061 -0.000045  -0.037459 0.171630 -0.116573
51  1.092797 3.649513 -1.738794  -0.148600 0.876612 1.445020
52  -0.000130 6.792198 -0.000102  0.008284 0.107792 -0.048643
53  -0.000087 7.744780 -0.000031  0.057137 -0.256893 0.015458
54  0.000085 9.115023 -0.000038  -0.020393 0.256253 -0.142636
55  3.494524 -1.749102 3.007064  0.118403 1.106974 1.813811
56  0.000014 4.323833 0.000086  -0.229910 -0.770942 0.449225
57  0.000029 4.872896 -0.000021  0.367245 -0.664051 -0.254035
58  0.000004 5.056650 0.000092  -0.511235 0.856587 -0.546321
59  2.292465 1.708613 3.661675  -1.762556 1.789111 -0.218970
60  -0.000174 6.589446 0.000273  -0.007133 -0.169123 0.176909
61  0.000172 7.491496 -0.000150  -0.132413 -0.107098 0.179327
62  -0.000141 8.249664 0.000144  0.041913 -0.058209 0.015814
63  0.000074 8.605241 -0.000026  0.101585 0.501824 -0.079697
64  -0.240490 2.066071 2.349267  -0.357330 2.461715 1.296081
65  -0.000088 7.721112 -0.000004  -0.208231 -0.126223 -0.116495
66  -0.000122 7.374864 -0.000046  -0.111017 0.046939 -0.046464
67  -0.000036 6.848057 -0.000027  0.273531 0.247522 0.299908
68  0.000035 7.777827 -0.000043  0.072921 0.186148 -0.052689
69  -0.000085 8.178051 0.000010  -0.087029 -0.422849 -0.381357
70  1.617605 3.431410 2.399265  -0.249454 2.569515 1.508572
71  -0.000162 5.476952 -0.000029  0.057729 0.074072 0.060286
72  -0.000091 6.060497 -0.000007  -0.015203 0.015650 -0.152065
73  0.000025 5.994247 0.000011  -0.126214 -0.157657 0.153302
74  -0.000078 7.076876 -0.000047  -0.008117 0.010384 0.036401
75  0.000005 7.089872 -0.000069  0.070875 0.098587 -0.025893
76  0.361112 0.886681 3.287746  -0.576373 1.978710 0.939011
77  -0.000066 6.686636 0.000223  -0.146569 0.414164 -0.327707
78  -0.000011 7.638018 0.000013  -0.079523 -0.025947 0.130956
79  -0.000030 7.290233 -0.000022  0.025325 -0.093908 0.023962
80  -0.000034 6.530369 0.000005  -0.261847 -0.300601 0.006734
81  0.000063 7.224879 0.000009  0.036505 0.032481 -0.175823
82  1.071896 3.225796 1.570115  -0.043807 2.859975 1.526247
83  0.000416 6.748896 -0.000066  -0.062702 0.083783 0.022201
84  -0.000045 8.002649 0.000026  -0.067496 -0.117208 -0.115600
85  0.000011 8.580570 -0.000097  0.088213 -0.007187 0.334605
86  0.000170 8.689835 -0.000041  0.065327 -0.412430 -0.134517
87  -1.514529 2.104639 0.318055  -0.024895 3.094491 1.569496
88  0.000194 6.982282 0.000012  -0.107589 -0.057625 -0.215716
89  -0.000009 8.382869 -0.000067  0.135032 -0.099914 0.287073
90  -0.000060 8.697676 0.000024  -0.148090 -0.510100 0.044839
91  -0.000136 8.921824 0.000079  -0.236828 -0.892636 0.098805
92  3.553615 -3.478045 2.409277  0.000820 0.762046 1.535309
93  -0.000001 4.476900 -0.000009  -0.151004 -0.588330 0.377260
94  0.000030 4.514125 -0.000022  -0.228866 -2.996199 0.592367
95  0.000039 4.518386 -0.000022  0.143172 2.612778 0.693384
96  0.000024 3.598325 0.000024  -0.749302 0.869852 -0.773233
97  4.209920 -0.440343 1.018824  -1.688945 -2.061128 -0.072758
98  4.265508 1.434234 -0.404993  -1.709396 0.038165 -0.853362
99  9.400233 0.017941 0.083204  -0.004264 -0.048320 -0.237073
100  10.242417 0.033592 0.064480  1.811577 -0.108468 0.000526
101  3.465859 -0.059681 0.016692  0.015174 -0.153587 -0.741386
102  1.655593 -0.000023 0.000023  0.037658 -0.123530 -0.603199
103  0.960768 0.000000 -0.000006  0.022472 -0.062570 -0.580853
104  3.462032 -0.064247 0.939907  0.338653 -0.051411 -0.587316
105  1.497177 -0.000007 0.000021  -0.484972 -0.062472 -0.186803
106  0.793761 0.000002 -0.000001  -0.009351 0.025005 -0.492494
107  0.591666 -0.460693 0.835205  -0.904981 -0.365290 -0.566501
108  1.556133 0.000002 0.000002  -0.188408 0.088995 0.366135
109  1.135905 0.000018 0.000004  0.133873 0.037225 0.542743
110  3.084272 -0.668822 -1.257086  -0.690151 -0.141566 -0.759747
111  1.064200 -0.000005 0.000004  0.013073 0.067697 -0.411092
112  0.640340 0.000004 -0.000008  -0.000036 0.003958 -0.232428
113  3.396826 -0.242139 -0.708691  -0.344014 -0.172476 -0.825842
114  1.532969 0.000008 0.000005  0.012097 -0.005657 -0.568235
115  0.832976 -0.000004 -0.000003  0.005529 0.001649 -0.744827
116  4.209949 -0.440342 -1.019279  2.094378 2.072902 0.292602
117  4.266746 1.424943 0.424938  1.740315 0.090590 -1.022331
118  9.398567 0.011949 -0.082516  0.007244 0.044853 -0.166930
119  10.242436 0.028176 -0.062907  -1.707331 -0.028967 0.137505
120  3.465752 -0.067527 0.002267  -0.005845 0.148821 -0.740701
121  1.655561 0.000006 0.000005  -0.037276 0.121241 -0.603277
122  0.960907 0.000006 0.000000  -0.019410 0.060049 -0.581064
123  3.466855 -0.077780 -0.920910  -0.334503 0.045620 -0.587765
124  1.497261 -0.000033 -0.000022  -0.419774 0.061214 -0.186138
125  0.793789 -0.000008 0.000000  -0.057464 0.165214 -0.422821
126  0.595079 -0.467150 -0.829176  2.133608 0.374722 -0.383691
127  1.555675 0.000018 -0.000004  0.303940 0.019784 0.376648
128  1.136812 -0.000009 -0.000001  -0.008389 0.161283 0.505392
129  3.075975 -0.667967 1.277701  0.695390 0.134611 -0.758462
130  1.064594 0.000017 0.000010  -0.025226 -0.074931 -0.409787
131  0.640359 -0.000013 -0.000004  0.000081 -0.005196 -0.232464
132  3.392413 -0.245368 0.728376  0.340922 0.163320 -0.826668
133  1.532736 -0.000006 -0.000001  -0.009945 0.007012 -0.568062
134  0.833152 0.000010 0.000006  -0.005742 -0.004029 -0.744748
135  3.590105 -3.090294 1.193973  1.635457 1.210566 1.548541
136  3.589549 -3.089880 -1.196372  -1.505736 1.210473 -1.592853
137  -0.436567 4.719027 -0.001076  -0.000354 -1.570733 1.693016
138  0.000000 2.775452 -0.000235  -0.135089 0.000001 -0.000000
139  0.000000 3.189765 0.000007  0.207820 -0.000000 0.000000
140  -0.000000 3.504649 0.000047  -0.261876 -0.000000 -0.000000
141  0.000001 2.863203 -0.000002  -0.051268 -0.000000 -0.000000
time 36
0  -0.476043 -10.948053 41.324245  1.570796 0.000000 -0.000000
1  0.002636 43.025146 0.734438  0.023345 0.531570 -0.132894
2  3.061858 -4.181017 -0.610804  -1.470268 -0.178603 -1.256956
3  18.476776 0.000158 0.000000  0.001969 -0.023166 0.313229
4  17.490088 0.000117 0.000004  0.016102 0.269735 -1.265720
5  -3.065329 -4.183579 -0.611480  -1.454855 -0.152934 -1.443536
6  18.474857 -0.000034 -0.000008  0.000997 0.010013 0.148727
7  17.489586 0.001916 -0.000007  -0.169231 -0.076853 -1.081355
8  -0.000117 -0.048884 -0.576226  1.551654 0.179214 1.601521
9  3.224489 0.767047 0.000496  -0.015585 0.000305 0.003700
10  3.223909 0.226399 -0.001944  -0.010230 0.002711 0.225221
11  5.187319 -1.262561 -0.001176  0.000012 0.000066 0.194111
12  6.928418 -1.935314 -0.000227  3.019740 0.118375 0.296819
13  3.236364 1.079613 0.000057  -0.281846 -0.126509 0.396647
14  0.833765 3.805353 0.692955  -0.040492 0.554885 1.469872
15  0.000043 6.792206 0.000038  0.007991 0.036070 -0.011407
16  -0.000066 7.744818 0.000015  -0.017442 -0.155305 0.068151
17  0.000072 7.809700 0.000018  -0.033636 0.005025 0.006142
18  -0.000026 7.867669 0.000017  -0.073330 -0.127909 0.026376
19  3.494700 -1.749092 -3.006912  0.152543 2.070420 1.936944
20  0.000120 4.478329 0.000018  -0.194660 0.310432 -0.234994
21  0.000050 4.636117 -0.000029  0.035824 0.324593 -0.151767
22  -0.000043 5.008650 0.000015  0.075997 -0.286565 0.276092
23  0.000064 4.781166 0.000010  0.904395 -2.690903 -0.015799
24  2.253039 1.989058 -3.350106  -1.523633 1.324497 0.112398
25  0.000163 6.589465 0.000169  0.206353 -0.002129 -0.080394
26  0.000041 7.491416 0.000043  -0.333511 0.184455 -0.191167
27  0.000026 7.660306 -0.000056  -0.063176 0.127195 -0.062118
28  0.000008 7.256269 0.000018  -0.052938 -0.487829 0.313813
29  -0.791160 2.265118 -1.234655  -0.753900 1.136377 0.824671
30  -0.000255 8.572267 -0.000091  -0.222843 -0.296789 0.176504
31  -0.000094 8.117213 0.000049  0.072256 0.772520 -0.285589
32  -0.000081 8.230037 -0.000073  -0.080492 -0.347232 0.072254
33  0.000059 7.366726 0.000053  -0.015395 -0.663893 0.062742
34  0.224224 0.240128 -3.218158  -0.877385 1.468889 0.577821
35  -0.000100 7.721051 -0.000308  -0.283828 0.060497 -0.167555
36  -0.000033 7.374858 -0.000002  0.007536 -0.195021 0.049539
37  0.000076 6.848100 0.000006  0.005484 0.006496 -0.033649
38  -0.000051 7.777864 0.000009  -0.186096 0.182474 -0.152846
39  -1.514466 2.104649 -1.150167  -0.029091 0.541320 1.555677
40  -0.000167 6.982343 -0.000077  -0.199699 -0.041212 0.153489
41  0.000039 8.382859 -0.000073  0.044865 0.587986 -0.257962
42  0.000012 8.697700 -0.000025  -0.102637 -0.474318 0.290945
43  0.000056 8.921808 -0.000003  -0.076258 0.581004 -0.195605
44  1.196195 2.899154 -2.353086  -0.449719 1.030106 1.287428
45  0.000108 5.476944 0.000007  0.285576 -0.099353 -0.038446
46  -0.000072 6.060443 -0.000091  -0.155024 -0.575031 0.384611
47  0.000018 5.994259 0.000029  0.033942 0.288575 -0.067731
48  -0.000006 6.100490 0.000001  -0.068405 0.299273 -0.162152
49  0.000033 6.916766 0.000010  -0.096318 0.220533 -0.107966
50  0.000149 6.435061 -0.000044  -0.037459 0.171630 -0.116573
51  1.092790 3.649511 -1.738794  -0.148600 0.876612 1.445020
52  -0.000131 6.792207 -0.000103  0.008284 0.107792 -0.048643
53  -0.000086 7.744775 -0.000032  0.057137 -0.256893 0.015458
54  0.000086 9.115021 -0.000039  -0.020393 0.256253 -0.142636
55  3.494516 -1.749103 3.007064  0.118403 1.106974 1.813811
56  0.000014 4.323836 0.000087  -0.229910 -0.770942 0.449225
57  0.000028 4.872897 -0.000021  0.367245 -0.664051 -0.254035
58  0.000002 5.056650 0.000095  -0.511235 0.856587 -0.546322
59  2.292469 1.708616 3.661675  -1.762556 1.789111 -0.218970
60  -0.000173 6.589440 0.000275  -0.007133 -0.169123 0.176909
61  0.000172 7.491490 -0.000149  -0.132413 -0.107098 0.179327
62  -0.000137 8.249662 0.000142  0.041913 -0.058209 0.015814
63  0.000072 8.605231 -0.000024  0.101585 0.501824 -0.079697
64  -0.240481 2.066073 2.349267  -0.357330 2.461715 1.296081
65  -0.000087 7.721101 -0.000003  -0.208231 -0.126223 -0.116495
66  -0.000123 7.374866 -0.000048  -0.111017 0.046939 -0.046464
67  -0.000036 6.848062 -0.000025  0.273531 0.247523 0.299908
68  0.000037 7.777828 -0.000043  0.072921 0.186148 -0.052689
69  -0.000083 8.178049 0.000012  -0.087029 -0.422849 -0.381357
70  1.617603 3.431409 2.399265  -0.249454 2.569515 1.508572
71  -0.000163 5.476952 -0.000029  0.057730 0.074072 0.060286
72  -0.000089 6.060500 -0.000006  -0.015203 0.015650 -0.152065
73  0.000025 5.994252 0.000010  -0.126214 -0.157657 0.153302
74  -0.000077 7.076872 -0.000048  -0.008117 0.010384 0.036401
75  0.000002 7.089866 -0.000070  0.070875 0.098587 -0.025893
76  0.361113 0.886682 3.287746  -0.576373 1.978710 0.939011
77  -0.000068 6.686642 0.000224  -0.146569 0.414164 -0.327707
78  -0.000011 7.638023 0.000013  -0.079523 -0.025947 0.130956
79  -0.000031 7.290229 -0.000023  0.025325 -0.093908 0.023962
80  -0.000033 6.530368 0.000005  -0.261847 -0.300601 0.006734
81  0.000063 7.224878 0.000009  0.036505 0.032481 -0.175823
82  1.071892 3.225796 1.570115  -0.043807 2.859975 1.526247
83  0.000415 6.748899 -0.000066  -0.062702 0.083783 0.022201
84  -0.000047 8.002645 0.000027  -0.067496 -0.117208 -0.115600
85  0.000014 8.580570 -0.000098  0.088213 -0.007187 0.334605
86  0.000167 8.689827 -0.000041  0.065327 -0.412429 -0.134517
87  -1.514534 2.104639 0.318055  -0.024895 3.094491 1.569496
88  0.000192 6.982283 0.000012  -0.107589 -0.057625 -0.215716
89  -0.000009 8.382875 -0.000069  0.135032 -0.099914 0.287073
90  -0.000060 8.697671 0.000023  -0.148090 -0.510100 0.044839
91  -0.000136 8.921824 0.000080  -0.236828 -0.892635 0.098805
92  3.553621 -3.478045 2.409277  0.000820 0.762046 1.535309
93  -0.000001 4.476903 -0.000008  -0.151004 -0.588330 0.377260
94  0.000031 4.514122 -0.000024  -0.228866 -2.996199 0.592367
95  0.000038 4.518385 -0.000023  0.143172 2.612778 0.693384
96  0.000023 3.598327 0.000021  -0.749303 0.869852 -0.773233
97  4.209929 -0.440345 1.018823  -1.693426 -2.062573 -0.068859
98  4.265504 1.434234 -0.404992  -1.701841 0.038525 -0.850999
99  9.400240 0.017940 0.083202  -0.003813 -0.048749 -0.245299
100  10.242418 0.033591 0.064480  1.808937 -0.099957 -0.001834
101  3.465856 -0.059680 0.016693  0.015174 -0.153587 -0.741386
102  1.655595 -0.000021 0.000022  0.037658 -0.123530 -0.603200
103  0.960771 -0.000002 -0.000007  0.022472 -0.062570 -0.580853
104  3.462033 -0.064247 0.939908  0.338653 -0.051411 -0.587316
105  1.497172 -0.000008 0.000022  -0.484972 -0.062472 -0.186803
106  0.793760 0.000005 -0.000001  -0.009351 0.025005 -0.492494
107  0.591666 -0.460692 0.835206  -0.904981 -0.365290 -0.566501
108  1.556143 0.000003 0.000001  -0.188408 0.088995 0.366135
109  1.135908 0.000018 0.000004  0.133873 0.037225 0.542743
110  3.084271 -0.668822 -1.257085  -0.690151 -0.141566 -0.759747
111  1.064204 -0.000003 0.000005  0.013073 0.067697 -0.411093
112  0.640336 0.000003 -0.000007  -0.000036 0.003959 -0.232428
113  3.396826 -0.242140 -0.708689  -0.344014 -0.172476 -0.825842
114  1.532969 0.000007 0.000008  0.012098 -0.005657 -0.568235
115  0.832974 -0.000004 -0.000004  0.005529 0.001649 -0.744827
116  4.209949 -0.440343 -1.019279  2.099959 2.075985 0.297241
117  4.266745 1.424944 0.424938  1.723387 0.086523 -1.019547
118  9.398561 0.011950 -0.082516  0.007455 0.044613 -0.162826
119  10.242440 0.028177 -0.062909  -1.699235 -0.035400 0.138032
120  3.465749 -0.067526 0.002267  -0.005844 0.148821 -0.740701
121  1.655553 0.000002 0.000006  -0.037276 0.121241 -0.603277
122  0.960906 0.000003 -0.000001  -0.019410 0.060049 -0.581065
123  3.466851 -0.077779 -0.920910  -0.334503 0.045620 -0.587765
124  1.497254 -0.000037 -0.000021  -0.419774 0.061214 -0.186138
125  0.793793 -0.000007 0.000001  -0.057464 0.165214 -0.422821
126  0.595077 -0.467149 -0.829176  2.133608 0.374722 -0.383690
127  1.555678 0.000014 -0.000004  0.303940 0.019784 0.376648
128  1.136812 -0.000008 -0.000000  -0.008389 0.161283 0.505392
129  3.075972 -0.667966 1.277700  0.695390 0.134611 -0.758462
130  1.064589 0.000018 0.000012  -0.025226 -0.074931 -0.409787
131  0.640358 -0.000017 -0.000003  0.000081 -0.005196 -0.232464
132  3.392408 -0.245369 0.728376  0.340922 0.163320 -0.826668
133  1.532733 -0.000008 -0.000001  -0.009945 0.007012 -0.568062
134  0.833152 0.000008 0.000005  -0.005742 -0.004029 -0.744748
135  3.590115 -3.090297 1.193972  1.635457 1.210566 1.548541
136  3.589560 -3.089881 -1.196372  -1.505736 1.210473 -1.592853
137  -0.436559 4.719024 -0.001075  -0.000354 -1.570733 1.692955
138  0.000000 2.775458 -0.000235  -0.135089 0.000001 -0.000000
139  0.000001 3.189775 0.000008  0.207820 -0.000000 0.000000
140  -0.000000 3.504650 0.000046  -0.261876 0.000000 -0.000000
141  -0.000000 2.863199 -0.000002  -0.051268 -0.000000 -0.000000
time 37
0  -0.724893 -11.073188 41.314205  1.570796 0.000000 -0.000000
1  0.002636 43.025146 0.734438  0.030861 0.531081 -0.131810
2  3.061857 -4.181012 -0.610804  -1.489289 -0.178329 -1.247483
3  18.476776 0.000158 -0.000001  0.001792 -0.021973 0.298520
4  17.490088 0.000115 0.000004  0.013745 0.272364 -1.255756
5  -3.065330 -4.183573 -0.611480  -1.450729 -0.160373 -1.436680
6  18.474857 -0.000034 -0.000008  0.000988 0.010038 0.149046
7  17.489588 0.001915 -0.000007  -0.180907 -0.077927 -1.080056
8  -0.000118 -0.048882 -0.576226  1.550569 0.181951 1.603659
9  3.224487 0.767047 0.000495  -0.016897 0.002265 -0.000064
10  3.223902 0.226399 -0.001944  -0.010766 0.004231 0.222663
11  5.187320 -1.262560 -0.001177  0.000012 0.000066 0.194111
12  6.928409 -1.935311 -0.000228  3.019352 0.114377 0.299041
13  3.236370 1.079617 0.000058  -0.279460 -0.118477 0.392852
14  0.833762 3.805352 0.692955  -0.040492 0.554885 1.469871
15  0.000041 6.792205 0.000039  0.007991 0.036070 -0.011407
16  -0.000069 7.744814 0.000015  -0.017442 -0.155305 0.068151
17  0.000072 7.809709 0.000018  -0.033636 0.005025 0.006142
18  -0.000026 7.867674 0.000017  -0.073330 -0.127909 0.026377
19  3.494703 -1.749093 -3.006912  0.152543 2.070420 1.936944
20  0.000118 4.478328 0.000017  -0.194660 0.310432 -0.234994
21  0.000046 4.636120 -0.000029  0.035824 0.324593 -0.151767
22  -0.000042 5.008649 0.000014  0.075997 -0.286565 0.276092
23  0.000063 4.781162 0.000010  0.904395 -2.690903 -0.015799
24  2.253037 1.989057 -3.350106  -1.523633 1.324497 0.112398
25  0.000162 6.589447 0.000170  0.206353 -0.002129 -0.080394
26  0.000042 7.491414 0.000044  -0.333511 0.184455 -0.191167
27  0.000025 7.660302 -0.000056  -0.063176 0.127195 -0.062118
28  0.000007 7.256273 0.000018  -0.052938 -0.487829 0.313813
29  -0.791166 2.265117 -1.234656  -0.753900 1.136377 0.824671
30  -0.000253 8.572260 -0.000088  -0.222843 -0.296789 0.176504
31  -0.000093 8.117216 0.000049  0.072256 0.772520 -0.285589
32  -0.000085 8.230030 -0.000072  -0.080492 -0.347232 0.072254
33  0.000059 7.366724 0.000055  -0.015395 -0.663893 0.062742
34  0.224217 0.240126 -3.218158  -0.877385 1.468889 0.577821
35  -0.000100 7.721052 -0.000308  -0.283828 0.060497 -0.167555
36  -0.000030 7.374857 -0.000002  0.007536 -0.195021 0.049539
37  0.000072 6.848106 0.000007  0.005484 0.006496 -0.033649
38  -0.000051 7.777864 0.000008  -0.186096 0.182474 -0.152846
39  -1.514469 2.104648 -1.150167  -0.029091 0.541320 1.555677
40  -0.000169 6.982347 -0.000078  -0.199699 -0.041212 0.153489
41  0.000038 8.382856 -0.000073  0.044865 0.587986 -0.257962
42  0.000014 8.697704 -0.000024  -0.102637 -0.474318 0.290945
43  0.000057 8.921803 -0.000003  -0.076258 0.581004 -0.195605
44  1.196193 2.899154 -2.353086  -0.449719 1.030105 1.287428
45  0.000108 5.476942 0.000007  0.285576 -0.099353 -0.038446
46  -0.000073 6.060435 -0.000092  -0.155024 -0.575031 0.384611
47  0.000019 5.994257 0.000030  0.033942 0.288575 -0.067731
48  -0.000006 6.100485 0.000001  -0.068405 0.299273 -0.162152
49  0.000035 6.916763 0.000009  -0.096318 0.220533 -0.107966
50  0.000150 6.435059 -0.000044  -0.037459 0.171630 -0.116573
51  1.092798 3.649512 -1.738794  -0.148600 0.876612 1.445020
52  -0.000130 6.792209 -0.000100  0.008284 0.107792 -0.048643
53  -0.000089 7.744777 -0.000030  0.057137 -0.256893 0.015458
54  0.000083 9.115031 -0.000037  -0.020393 0.256253 -0.142636
55  3.494517 -1.749103 3.007064  0.118403 1.106974 1.813811
56  0.000014 4.323847 0.000086  -0.229910 -0.770942 0.449225
57  0.000028 4.872898 -0.000020  0.367245 -0.664051 -0.254035
58  0.000003 5.056653 0.000093  -0.511235 0.856587 -0.546322
59  2.292472 1.708615 3.661675  -1.762556 1.789111 -0.218970
60  -0.000172 6.589439 0.000276  -0.007133 -0.169122 0.176909
61  0.000175 7.491497 -0.000152  -0.132413 -0.107098 0.179327
62  -0.000140 8.249662 0.000143  0.041913 -0.058209 0.015814
63  0.000071 8.605231 -0.000026  0.101585 0.501824 -0.079697
64  -0.240481 2.066073 2.349267  -0.357330 2.461715 1.296081
65  -0.000085 7.721107 -0.000004  -0.208231 -0.126224 -0.116495
66  -0.000123 7.374860 -0.000047  -0.111017 0.046939 -0.046464
67  -0.000035 6.848056 -0.000023  0.273531 0.247523 0.299908
68  0.000033 7.777820 -0.000043  0.072921 0.186148 -0.052689
69  -0.000084 8.178049 0.000011  -0.087029 -0.422849 -0.381357
70  1.617604 3.431409 2.399265  -0.249454 2.569515 1.508572
71  -0.000161 5.476942 -0.000029  0.057729 0.074072 0.060286
72  -0.000091 6.060495 -0.000006  -0.015203 0.015650 -0.152065
73  0.000025 5.994251 0.000010  -0.126214 -0.157657 0.153302
74  -0.000081 7.076866 -0.000048  -0.008117 0.010384 0.036401
75  0.000005 7.089869 -0.000071  0.070875 0.098587 -0.025893
76  0.361116 0.886682 3.287746  -0.576373 1.978710 0.939011
77  -0.000068 6.686645 0.000222  -0.146569 0.414164 -0.327707
78  -0.000010 7.638018 0.000013  -0.079523 -0.025947 0.130956
79  -0.000032 7.290231 -0.000023  0.025325 -0.093908 0.023962
80  -0.000032 6.530370 0.000005  -0.261847 -0.300601 0.006734
81  0.000064 7.224880 0.000009  0.036506 0.032481 -0.175823
82  1.071894 3.225796 1.570115  -0.043807 2.859975 1.526247
83  0.000414 6.748896 -0.000066  -0.062702 0.083783 0.022201
84  -0.000047 8.002645 0.000027  -0.067496 -0.117208 -0.115600
85  0.000013 8.580574 -0.000098  0.088213 -0.007187 0.334605
86  0.000170 8.689836 -0.000041  0.065327 -0.412430 -0.134517
87  -1.514538 2.104639 0.318055  -0.024895 3.094491 1.569496
88  0.000193 6.982284 0.000012  -0.107589 -0.057625 -0.215716
89  -0.000009 8.382871 -0.000068  0.135032 -0.099914 0.287073
90  -0.000059 8.697676 0.000023  -0.148090 -0.510100 0.044839
91  -0.000135 8.921826 0.000078  -0.236828 -0.892636 0.098805
92  3.553612 -3.478046 2.409277  0.000820 0.762046 1.535309
93  -0.000000 4.476901 -0.000007  -0.151004 -0.588330 0.377260
94  0.000031 4.514123 -0.000023  -0.228866 -2.996199 0.592367
95  0.000047 4.518383 -0.000022  0.143172 2.612778 0.693384
96  0.000023 3.598330 0.000022  -0.749303 0.869852 -0.773233
97  4.209923 -0.440346 1.018822  -1.697209 -2.063802 -0.065570
98  4.265511 1.434229 -0.404992  -1.696499 0.038558 -0.850232
99  9.400236 0.017941 0.083202  -0.003440 -0.049096 -0.252010
100  10.242421 0.033591 0.064481  1.806692 -0.092769 -0.003998
101  3.465862 -0.059677 0.016693  0.015174 -0.153587 -0.741386
102  1.655595 -0.000022 0.000022  0.037658 -0.123529 -0.603199
103  0.960768 -0.000005 -0.000006  0.022472 -0.062570 -0.580853
104  3.462031 -0.064245 0.939908  0.338653 -0.051411 -0.587316
105  1.497175 -0.000007 0.000022  -0.484972 -0.062472 -0.186803
106  0.793759 0.000003 -0.000001  -0.009351 0.025005 -0.492494
107  0.591666 -0.460690 0.835206  -0.904981 -0.365290 -0.566501
108  1.556137 0.000003 0.000001  -0.188408 0.088995 0.366135
109  1.135908 0.000018 0.000005  0.133873 0.037225 0.542743
110  3.084277 -0.668820 -1.257085  -0.690151 -0.141566 -0.759747
111  1.064202 -0.000005 0.000005  0.013073 0.067697 -0.411093
112  0.640338 0.000006 -0.000009  -0.000036 0.003959 -0.232428
113  3.396826 -0.242136 -0.708690  -0.344014 -0.172476 -0.825841
114  1.532970 0.000008 0.000006  0.012097 -0.005657 -0.568235
115  0.832975 -0.000005 -0.000003  0.005529 0.001649 -0.744827
116  4.209941 -0.440342 -1.019280  2.105281 2.078655 0.301711
117  4.266745 1.424937 0.424937  1.709866 0.083022 -1.017170
118  9.398573 0.011950 -0.082516  0.007630 0.044413 -0.159420
119  10.242438 0.028176 -0.062908  -1.692319 -0.040608 0.138123
120  3.465747 -0.067527 0.002267  -0.005844 0.148821 -0.740701
121  1.655561 0.000005 0.000005  -0.037276 0.121241 -0.603277
122  0.960908 0.000007 0.000001  -0.019410 0.060049 -0.581065
123  3.466857 -0.077781 -0.920910  -0.334503 0.045620 -0.587765
124  1.497256 -0.000034 -0.000024  -0.419774 0.061214 -0.186138
125  0.793788 -0.000006 0.000000  -0.057464 0.165214 -0.422821
126  0.595082 -0.467153 -0.829177  2.133608 0.374722 -0.383690
127  1.555678 0.000016 -0.000004  0.303940 0.019784 0.376648
128  1.136810 -0.000008 -0.000001  -0.008389 0.161283 0.505392
129  3.075974 -0.667967 1.277701  0.695390 0.134611 -0.758462
130  1.064591 0.000019 0.000011  -0.025226 -0.074931 -0.409787
131  0.640360 -0.000020 -0.000005  0.000082 -0.005196 -0.232464
132  3.392416 -0.245371 0.728376  0.340922 0.163320 -0.826668
133  1.532739 -0.000010 -0.000001  -0.009945 0.007012 -0.568062
134  0.833151 0.000010 0.000006  -0.005742 -0.004029 -0.744748
135  3.590112 -3.090294 1.193972  1.635457 1.210566 1.548541
136  3.589560 -3.089880 -1.196373  -1.505736 1.210473 -1.592853
137  -0.436560 4.719026 -0.001076  -0.000236 -1.570733 1.693164
138  0.000001 2.775455 -0.000236  -0.135089 0.000001 -0.000000
139  -0.000000 3.189767 0.000008  0.207820 -0.000000 0.000000
140  0.000000 3.504653 0.000046  -0.261876 0.000000 -0.000000
141  0.000000 2.863199 -0.000002  -0.051268 -0.000000 -0.000000
time 38
0  -0.903438 -11.161057 41.298634  1.570796 0.000000 -0.000000
1  0.002636 43.025146 0.734438  0.036816 0.529710 -0.130257
2  3.061857 -4.181010 -0.610803  -1.506681 -0.179004 -1.241593
3  18.476778 0.000159 -0.000001  0.001693 -0.021353 0.290864
4  17.490086 0.000117 0.000004  0.014601 0.274114 -1.249582
5  -3.065330 -4.183571 -0.611479  -1.446187 -0.171314 -1.432740
6  18.474861 -0.000034 -0.000008  0.000702 0.010954 0.160745
7  17.489582 0.001916 -0.000006  -0.190508 -0.080819 -1.084323
8  -0.000118 -0.048874 -0.576226  1.549997 0.183980 1.605624
9  3.224483 0.767047 0.000496  -0.017759 0.004075 -0.002850
10  3.223905 0.226399 -0.001944  -0.011028 0.005576 0.220773
11  5.187314 -1.262559 -0.001177  0.000012 0.000066 0.194111
12  6.928407 -1.935314 -0.000227  3.019170 0.110659 0.300149
13  3.236364 1.079619 0.000058  -0.276925 -0.111313 0.391104
14  0.833760 3.805352 0.692956  -0.040492 0.554885 1.469872
15  0.000043 6.792200 0.000039  0.007991 0.036070 -0.011407
16  -0.000065 7.744818 0.000014  -0.017442 -0.155305 0.068151
17  0.000075 7.809701 0.000018  -0.033636 0.005026 0.006142
18  -0.000027 7.867673 0.000017  -0.073330 -0.127910 0.026377
19  3.494697 -1.749094 -3.006912  0.152543 2.070420 1.936944
20  0.000119 4.478324 0.000017  -0.194660 0.310432 -0.234994
21  0.000048 4.636120 -0.000031  0.035823 0.324593 -0.151767
22  -0.000042 5.008651 0.000013  0.075997 -0.286565 0.276092
23  0.000063 4.781164 0.000008  0.904395 -2.690903 -0.015799
24  2.253041 1.989058 -3.350106  -1.523633 1.324497 0.112398
25  0.000160 6.589472 0.000171  0.206353 -0.002129 -0.080394
26  0.000045 7.491414 0.000043  -0.333511 0.184455 -0.191167
27  0.000027 7.660303 -0.000054  -0.063176 0.127195 -0.062118
28  0.000006 7.256270 0.000018  -0.052938 -0.487829 0.313813
29  -0.791158 2.265119 -1.234655  -0.753900 1.136377 0.824671
30  -0.000255 8.572261 -0.000091  -0.222843 -0.296789 0.176504
31  -0.000092 8.117219 0.000048  0.072256 0.772520 -0.285589
32  -0.000083 8.230037 -0.000070  -0.080492 -0.347232 0.072254
33  0.000064 7.366723 0.000055  -0.015395 -0.663893 0.062742
34  0.224219 0.240128 -3.218158  -0.877386 1.468889 0.577821
35  -0.000101 7.721056 -0.000310  -0.283828 0.060497 -0.167555
36  -0.000030 7.374854 -0.000002  0.007536 -0.195021 0.049539
37  0.000076 6.848104 0.000006  0.005484 0.006496 -0.033649
38  -0.000051 7.777864 0.000008  -0.186096 0.182474 -0.152846
39  -1.514462 2.104650 -1.150167  -0.029091 0.541320 1.555677
40  -0.000168 6.982354 -0.000078  -0.199699 -0.041212 0.153489
41  0.000039 8.382858 -0.000073  0.044865 0.587986 -0.257962
42  0.000013 8.697700 -0.000026  -0.102637 -0.474318 0.290945
43  0.000057 8.921802 -0.000003  -0.076258 0.581004 -0.195605
44  1.196201 2.899157 -2.353086  -0.449719 1.030106 1.287428
45  0.000108 5.476945 0.000007  0.285576 -0.099353 -0.038446
46  -0.000072 6.060446 -0.000090  -0.155024 -0.575031 0.384611
47  0.000019 5.994257 0.000029  0.033942 0.288575 -0.067731
48  -0.000007 6.100491 0.000001  -0.068405 0.299273 -0.162152
49  0.000034 6.916758 0.000008  -0.096318 0.220533 -0.107966
50  0.000149 6.435059 -0.000046  -0.037459 0.171630 -0.116573
51  1.092795 3.649513 -1.738794  -0.148600 0.876612 1.445020
52  -0.000129 6.792203 -0.000102  0.008284 0.107792 -0.048643
53  -0.000087 7.744772 -0.000031  0.057137 -0.256893 0.015458
54  0.000083 9.115026 -0.000037  -0.020393 0.256253 -0.142636
55  3.494523 -1.749101 3.007064  0.118403 1.106974 1.813811
56  0.000015 4.323845 0.000086  -0.229910 -0.770942 0.449225
57  0.000030 4.872899 -0.000023  0.367245 -0.664051 -0.254035
58  0.000004 5.056648 0.000090  -0.511235 0.856587 -0.546321
59  2.292465 1.708615 3.661675  -1.762556 1.789111 -0.218970
60  -0.000171 6.589437 0.000274  -0.007133 -0.169123 0.176909
61  0.000174 7.491501 -0.000152  -0.132413 -0.107098 0.179327
62  -0.000140 8.249660 0.000145  0.041913 -0.058209 0.015814
63  0.000071 8.605235 -0.000028  0.101585 0.501824 -0.079697
64  -0.240483 2.066073 2.349267  -0.357330 2.461715 1.296081
65  -0.000090 7.721097 -0.000003  -0.208231 -0.126223 -0.116495
66  -0.000124 7.374862 -0.000046  -0.111017 0.046939 -0.046464
67  -0.000036 6.848066 -0.000026  0.273531 0.247522 0.299908
68  0.000033 7.777820 -0.000044  0.072921 0.186148 -0.052689
69  -0.000085 8.178053 0.000011  -0.087029 -0.422849 -0.381357
70  1.617610 3.431411 2.399266  -0.249454 2.569515 1.508572
71  -0.000160 5.476945 -0.000029  0.057730 0.074072 0.060286
72  -0.000093 6.060492 -0.000006  -0.015203 0.015650 -0.152065
73  0.000026 5.994241 0.000011  -0.126214 -0.157657 0.153302
74  -0.000080 7.076871 -0.000049  -0.008117 0.010384 0.036401
75  0.000003 7.089865 -0.000068  0.070875 0.098587 -0.025893
76  0.361109 0.886682 3.287746  -0.576373 1.978710 0.939011
77  -0.000069 6.686645 0.000223  -0.146569 0.414164 -0.327707
78  -0.000011 7.638020 0.000013  -0.079523 -0.025947 0.130956
79  -0.000033 7.290232 -0.000023  0.025325 -0.093908 0.023962
80  -0.000034 6.530363 0.000005  -0.261847 -0.300601 0.006734
81  0.000063 7.224879 0.000009  0.036505 0.032481 -0.175823
82  1.071899 3.225799 1.570115  -0.043807 2.859975 1.526247
83  0.000414 6.748899 -0.000067  -0.062702 0.083783 0.022201
84  -0.000047 8.002643 0.000026  -0.067496 -0.117208 -0.115600
85  0.000012 8.580571 -0.000098  0.088213 -0.007187 0.334605
86  0.000168 8.689831 -0.000040  0.065327 -0.412430 -0.134517
87  -1.514537 2.104639 0.318056  -0.024895 3.094491 1.569496
88  0.000193 6.982285 0.000012  -0.107589 -0.057625 -0.215716
89  -0.000009 8.382867 -0.000068  0.135032 -0.099914 0.287073
90  -0.000060 8.697668 0.000023  -0.148090 -0.510100 0.044839
91  -0.000135 8.921824 0.000079  -0.236828 -0.892636 0.098805
92  3.553615 -3.478044 2.409277  0.000820 0.762046 1.535309
93  -0.000001 4.476902 -0.000007  -0.151004 -0.588330 0.377260
94  0.000030 4.514123 -0.000023  -0.228866 -2.996199 0.592367
95  0.000040 4.518392 -0.000021  0.143172 2.612778 0.693384
96  0.000024 3.598329 0.000022  -0.749302 0.869851 -0.773233
97  4.209918 -0.440347 1.018824  -1.699637 -2.064889 -0.063486
98  4.265506 1.434226 -0.404992  -1.695362 0.038289 -0.852261
99  9.400230 0.017941 0.083203  -0.003218 -0.049303 -0.256018
100  10.242422 0.033590 0.064482  1.806128 -0.088465 -0.005989
101  3.465852 -0.059679 0.016693  0.015174 -0.153587 -0.741386
102  1.655592 -0.000024 0.000022  0.037658 -0.123530 -0.603199
103  0.960768 0.000000 -0.000006  0.022472 -0.062570 -0.580853
104  3.462021 -0.064246 0.939908  0.338653 -0.051411 -0.587316
105  1.497181 -0.000007 0.000021  -0.484972 -0.062472 -0.186803
106  0.793760 0.000002 -0.000002  -0.009351 0.025005 -0.492494
107  0.591657 -0.460692 0.835207  -0.904981 -0.365290 -0.566501
108  1.556136 0.000003 -0.000000  -0.188408 0.088995 0.366135
109  1.135908 0.000018 0.000004  0.133873 0.037225 0.542743
110  3.084263 -0.668821 -1.257086  -0.690151 -0.141566 -0.759747
111  1.064200 -0.000002 0.000006  0.013073 0.067697 -0.411093
112  0.640342 0.000007 -0.000008  -0.000036 0.003958 -0.232429
113  3.396820 -0.242139 -0.708690  -0.344014 -0.172476 -0.825842
114  1.532969 0.000007 0.000005  0.012097 -0.005657 -0.568235
115  0.832974 -0.000005 -0.000003  0.005529 0.001649 -0.744827
116  4.209937 -0.440343 -1.019279  2.110401 2.080648 0.306136
117  4.266747 1.424942 0.424938  1.701195 0.080717 -1.015820
118  9.398566 0.011949 -0.082518  0.007745 0.044280 -0.157176
119  10.242437 0.028176 -0.062907  -1.687493 -0.043998 0.137593
120  3.465744 -0.067527 0.002267  -0.005844 0.148821 -0.740701
121  1.655559 0.000006 0.000006  -0.037276 0.121241 -0.603277
122  0.960909 0.000007 0.000000  -0.019410 0.060049 -0.581065
123  3.466857 -0.077783 -0.920910  -0.334503 0.045620 -0.587765
124  1.497260 -0.000034 -0.000022  -0.419774 0.061214 -0.186138
125  0.793791 -0.000008 0.000001  -0.057464 0.165214 -0.422821
126  0.595079 -0.467152 -0.829176  2.133608 0.374723 -0.383691
127  1.555676 0.000018 -0.000003  0.303940 0.019784 0.376648
128  1.136814 -0.000008 -0.000001  -0.008389 0.161283 0.505392
129  3.075974 -0.667968 1.277700  0.695389 0.134611 -0.758462
130  1.064589 0.000019 0.000011  -0.025226 -0.074931 -0.409787
131  0.640360 -0.000016 -0.000004  0.000081 -0.005196 -0.232464
132  3.392409 -0.245369 0.728376  0.340922 0.163320 -0.826668
133  1.532738 -0.000006 -0.000001  -0.009945 0.007012 -0.568062
134  0.833150 0.000012 0.000006  -0.005742 -0.004029 -0.744748
135  3.590107 -3.090295 1.193972  1.635457 1.210566 1.548541
136  3.589555 -3.089880 -1.196373  -1.505736 1.210473 -1.592853
137  -0.436559 4.719026 -0.001076  -0.000708 -1.570733 1.693097
138  0.000000 2.775452 -0.000235  -0.135089 0.000001 -0.000000
139  -0.000000 3.189770 0.000008  0.207820 -0.000000 0.000000
140  -0.000000 3.504647 0.000045  -0.261876 0.000000 -0.000000
141  0.000000 2.863204 -0.000003  -0.051268 0.000000 -0.000000
time 39
0  -1.036124 -11.223432 41.280556  1.570796 0.000000 -0.000000
1  0.002636 43.025146 0.734438  0.042452 0.527540 -0.128046
2  3.061858 -4.181013 -0.610804  -1.522293 -0.180014 -1.238236
3  18.476768 0.000159 -0.000002  0.001630 -0.020975 0.286201
4  17.490086 0.000117 0.000005  0.017185 0.275021 -1.246031
5  -3.065330 -4.183574 -0.611480  -1.441480 -0.182512 -1.430861
6  18.474855 -0.000034 -0.000008  0.000372 0.012071 0.174945
7  17.489584 0.001916 -0.000006  -0.199360 -0.084861 -1.091039
8  -0.000117 -0.048880 -0.576226  1.549749 0.185823 1.607507
9  3.224480 0.767047 0.000495  -0.018328 0.005818 -0.005376
10  3.223908 0.226399 -0.001945  -0.011109 0.006828 0.219060
11  5.187317 -1.262560 -0.001177  0.000012 0.000066 0.194111
12  6.928414 -1.935314 -0.000228  3.019109 0.106913 0.300870
13  3.236372 1.079614 0.000056  -0.274192 -0.104296 0.390046
14  0.833768 3.805354 0.692956  -0.040492 0.554885 1.469871
15  0.000041 6.792215 0.000040  0.007991 0.036070 -0.011407
16  -0.000068 7.744812 0.000016  -0.017442 -0.155305 0.068151
17  0.000071 7.809704 0.000018  -0.033636 0.005026 0.006142
18  -0.000026 7.867679 0.000017  -0.073330 -0.127910 0.026377
19  3.494702 -1.749093 -3.006912  0.152543 2.070420 1.936944
20  0.000119 4.478317 0.000017  -0.194660 0.310432 -0.234994
21  0.000049 4.636118 -0.000029  0.035824 0.324593 -0.151767
22  -0.000043 5.008657 0.000012  0.075997 -0.286565 0.276092
23  0.000063 4.781160 0.000010  0.904395 -2.690903 -0.015799
24  2.253040 1.989058 -3.350106  -1.523633 1.324497 0.112398
25  0.000161 6.589465 0.000169  0.206353 -0.002129 -0.080394
26  0.000045 7.491415 0.000045  -0.333511 0.184455 -0.191167
27  0.000026 7.660304 -0.000057  -0.063176 0.127195 -0.062118
28  0.000007 7.256272 0.000019  -0.052938 -0.487829 0.313813
29  -0.791158 2.265119 -1.234655  -0.753900 1.136377 0.824671
30  -0.000257 8.572258 -0.000089  -0.222843 -0.296789 0.176503
31  -0.000095 8.117213 0.000048  0.072256 0.772520 -0.285589
32  -0.000082 8.230036 -0.000072  -0.080492 -0.347232 0.072254
33  0.000059 7.366724 0.000054  -0.015395 -0.663893 0.062742
34  0.224213 0.240127 -3.218158  -0.877386 1.468889 0.577821
35  -0.000101 7.721054 -0.000307  -0.283828 0.060497 -0.167555
36  -0.000031 7.374854 -0.000002  0.007536 -0.195021 0.049539
37  0.000073 6.848104 0.000007  0.005484 0.006496 -0.033649
38  -0.000052 7.777863 0.000009  -0.186096 0.182474 -0.152846
39  -1.514472 2.104648 -1.150167  -0.029091 0.541320 1.555677
40  -0.000167 6.982348 -0.000076  -0.199699 -0.041212 0.153489
41  0.000039 8.382857 -0.000073  0.044865 0.587986 -0.257962
42  0.000012 8.697695 -0.000026  -0.102637 -0.474318 0.290945
43  0.000057 8.921808 -0.000003  -0.076258 0.581004 -0.195605
44  1.196186 2.899154 -2.353086  -0.449719 1.030105 1.287428
45  0.000105 5.476939 0.000006  0.285576 -0.099353 -0.038446
46  -0.000076 6.060440 -0.000088  -0.155024 -0.575031 0.384611
47  0.000018 5.994254 0.000029  0.033942 0.288575 -0.067731
48  -0.000007 6.100482 0.000001  -0.068405 0.299273 -0.162152
49  0.000035 6.916757 0.000008  -0.096318 0.220533 -0.107966
50  0.000147 6.435058 -0.000046  -0.037459 0.171630 -0.116573
51  1.092793 3.649513 -1.738794  -0.148600 0.876612 1.445020
52  -0.000129 6.792200 -0.000101  0.008285 0.107792 -0.048643
53  -0.000088 7.744773 -0.000029  0.057137 -0.256893 0.015458
54  0.000084 9.115025 -0.000038  -0.020393 0.256253 -0.142636
55  3.494522 -1.749102 3.007064  0.118403 1.106974 1.813811
56  0.000014 4.323841 0.000086  -0.229910 -0.770942 0.449225
57  0.000029 4.872893 -0.000021  0.367245 -0.664051 -0.254035
58  0.000003 5.056651 0.000092  -0.511235 0.856587 -0.546321
59  2.292462 1.708613 3.661675  -1.762556 1.789111 -0.218970
60  -0.000172 6.589443 0.000276  -0.007133 -0.169122 0.176909
61  0.000174 7.491499 -0.000149  -0.132413 -0.107098 0.179327
62  -0.000138 8.249658 0.000141  0.041913 -0.058209 0.015814
63  0.000073 8.605237 -0.000029  0.101585 0.501824 -0.079697
64  -0.240480 2.066074 2.349267  -0.357330 2.461715 1.296081
65  -0.000085 7.721111 -0.000003  -0.208231 -0.126223 -0.116495
66  -0.000122 7.374868 -0.000047  -0.111017 0.046939 -0.046464
67  -0.000035 6.848063 -0.000026  0.273531 0.247523 0.299908
68  0.000033 7.777821 -0.000043  0.072921 0.186148 -0.052689
69  -0.000085 8.178050 0.000009  -0.087029 -0.422849 -0.381357
70  1.617608 3.431410 2.399266  -0.249454 2.569515 1.508572
71  -0.000163 5.476946 -0.000028  0.057729 0.074072 0.060286
72  -0.000092 6.060493 -0.000005  -0.015203 0.015650 -0.152065
73  0.000026 5.994250 0.000010  -0.126214 -0.157657 0.153302
74  -0.000079 7.076871 -0.000048  -0.008117 0.010384 0.036401
75  0.000003 7.089863 -0.000072  0.070875 0.098587 -0.025893
76  0.361107 0.886682 3.287746  -0.576373 1.978710 0.939011
77  -0.000068 6.686638 0.000224  -0.146569 0.414164 -0.327707
78  -0.000012 7.638015 0.000013  -0.079523 -0.025947 0.130956
79  -0.000031 7.290234 -0.000022  0.025325 -0.093908 0.023962
80  -0.000032 6.530371 0.000006  -0.261847 -0.300601 0.006734
81  0.000063 7.224878 0.000010  0.036506 0.032481 -0.175823
82  1.071897 3.225797 1.570115  -0.043807 2.859975 1.526247
83  0.000416 6.748898 -0.000066  -0.062702 0.083783 0.022201
84  -0.000045 8.002639 0.000026  -0.067496 -0.117208 -0.115600
85  0.000012 8.580568 -0.000098  0.088213 -0.007187 0.334605
86  0.000170 8.689833 -0.000041  0.065327 -0.412430 -0.134517
87  -1.514541 2.104638 0.318056  -0.024895 3.094491 1.569496
88  0.000193 6.982282 0.000012  -0.107589 -0.057625 -0.215716
89  -0.000009 8.382874 -0.000068  0.135032 -0.099914 0.287073
90  -0.000063 8.697667 0.000024  -0.148090 -0.510100 0.044839
91  -0.000135 8.921822 0.000080  -0.236828 -0.892636 0.098805
92  3.553617 -3.478045 2.409277  0.000820 0.762046 1.535309
93  0.000002 4.476902 -0.000007  -0.151004 -0.588330 0.377260
94  0.000031 4.514121 -0.000023  -0.228866 -2.996199 0.592367
95  0.000045 4.518387 -0.000019  0.143172 2.612778 0.693384
96  0.000023 3.598321 0.000024  -0.749302 0.869852 -0.773233
97  4.209924 -0.440346 1.018823  -1.701581 -2.065831 -0.061813
98  4.265504 1.434238 -0.404992  -1.695841 0.037813 -0.855448
99  9.400234 0.017942 0.083203  -0.003054 -0.049452 -0.258941
100  10.242412 0.033590 0.064480  1.805920 -0.085059 -0.007867
101  3.465852 -0.059677 0.016693  0.015174 -0.153587 -0.741386
102  1.655596 -0.000023 0.000021  0.037658 -0.123530 -0.603200
103  0.960770 -0.000006 -0.000007  0.022472 -0.062570 -0.580852
104  3.462024 -0.064245 0.939908  0.338653 -0.051411 -0.587316
105  1.497181 -0.000007 0.000022  -0.484971 -0.062472 -0.186803
106  0.793760 0.000005 -0.000003  -0.009351 0.025005 -0.492494
107  0.591662 -0.460691 0.835206  -0.904981 -0.365290 -0.566501
108  1.556139 0.000002 0.000001  -0.188408 0.088995 0.366135
109  1.135901 0.000018 0.000005  0.133873 0.037225 0.542743
110  3.084263 -0.668819 -1.257085  -0.690151 -0.141566 -0.759747
111  1.064207 -0.000002 0.000006  0.013073 0.067697 -0.411093
112  0.640339 0.000005 -0.000008  -0.000036 0.003958 -0.232428
113  3.396821 -0.242137 -0.708689  -0.344014 -0.172476 -0.825841
114  1.532973 0.000009 0.000006  0.012097 -0.005657 -0.568235
115  0.832976 -0.000002 -0.000002  0.005529 0.001649 -0.744827
116  4.209941 -0.440341 -1.019279  2.115405 2.082339 0.310510
117  4.266745 1.424951 0.424938  1.694513 0.078777 -1.014648
118  9.398563 0.011949 -0.082517  0.007845 0.044164 -0.155202
119  10.242447 0.028176 -0.062906  -1.683106 -0.046591 0.136792
120  3.465746 -0.067527 0.002267  -0.005844 0.148821 -0.740701
121  1.655557 0.000004 0.000005  -0.037276 0.121241 -0.603277
122  0.960910 0.000008 0.000001  -0.019410 0.060049 -0.581065
123  3.466853 -0.077782 -0.920910  -0.334503 0.045620 -0.587765
124  1.497258 -0.000032 -0.000022  -0.419774 0.061214 -0.186138
125  0.793790 -0.000007 0.000001  -0.057464 0.165214 -0.422821
126  0.595080 -0.467152 -0.829176  2.133608 0.374722 -0.383690
127  1.555669 0.000015 -0.000003  0.303940 0.019784 0.376648
128  1.136812 -0.000009 -0.000000  -0.008389 0.161283 0.505392
129  3.075972 -0.667968 1.277701  0.695389 0.134611 -0.758462
130  1.064588 0.000018 0.000012  -0.025226 -0.074931 -0.409787
131  0.640362 -0.000016 -0.000002  0.000081 -0.005196 -0.232464
132  3.392416 -0.245370 0.728376  0.340922 0.163320 -0.826668
133  1.532734 -0.000011 -0.000001  -0.009945 0.007012 -0.568062
134  0.833153 0.000012 0.000005  -0.005742 -0.004029 -0.744748
135  3.590106 -3.090295 1.193971  1.635457 1.210566 1.548541
136  3.589554 -3.089880 -1.196373  -1.505736 1.210473 -1.592853
137  -0.436559 4.719025 -0.001077  -0.000532 -1.570733 1.692903
138  0.000000 2.775460 -0.000237  -0.135089 0.000001 -0.000000
139  -0.000000 3.189772 0.000008  0.207820 -0.000000 0.000000
140  -0.000001 3.504646 0.000045  -0.261876 -0.000000 -0.000000
141  0.000000 2.863195 -0.000002  -0.051268 -0.000000 -0.000000
time 40
0  -1.142539 -11.270641 41.262707  1.570796 0.000000 -0.000000
1  0.002636 43.025146 0.734438  0.047515 0.524800 -0.125863
2  3.061857 -4.181017 -0.610803  -1.535992 -0.181684 -1.236179
3  18.476774 0.000159 -0.000001  0.001607 -0.020840 0.284529
4  17.490086 0.000117 0.000004  0.021047 0.275181 -1.243538
5  -3.065330 -4.183576 -0.611479  -1.436759 -0.191999 -1.429754
6  18.474861 -0.000034 -0.000008  0.000104 0.013028 0.187066
7  17.489584 0.001915 -0.000007  -0.208038 -0.089558 -1.097551
8  -0.000117 -0.048885 -0.576226  1.549700 0.187458 1.609381
9  3.224485 0.767047 0.000496  -0.018687 0.007563 -0.007612
10  3.223914 0.226399 -0.001944  -0.011049 0.008045 0.217544
11  5.187325 -1.262560 -0.001177  0.000012 0.000066 0.194111
12  6.928412 -1.935315 -0.000226  3.019174 0.103363 0.301382
13  3.236364 1.079615 0.000057  -0.271343 -0.097734 0.389360
14  0.833754 3.805351 0.692956  -0.040491 0.554885 1.469871
15  0.000039 6.792204 0.000038  0.007991 0.036070 -0.011407
16  -0.000067 7.744809 0.000015  -0.017442 -0.155305 0.068151
17  0.000075 7.809700 0.000018  -0.033636 0.005025 0.006142
18  -0.000026 7.867679 0.000017  -0.073330 -0.127909 0.026377
19  3.494690 -1.749096 -3.006912  0.152543 2.070420 1.936944
20  0.000119 4.478319 0.000018  -0.194660 0.310432 -0.234994
21  0.000046 4.636111 -0.000028  0.035824 0.324593 -0.151767
22  -0.000043 5.008653 0.000014  0.075997 -0.286565 0.276092
23  0.000063 4.781162 0.000009  0.904395 -2.690903 -0.015799
24  2.253034 1.989056 -3.350107  -1.523633 1.324497 0.112398
25  0.000163 6.589465 0.000170  0.206353 -0.002129 -0.080394
26  0.000040 7.491414 0.000043  -0.333511 0.184455 -0.191167
27  0.000025 7.660306 -0.000055  -0.063176 0.127195 -0.062118
28  0.000010 7.256268 0.000021  -0.052938 -0.487829 0.313813
29  -0.791165 2.265117 -1.234655  -0.753900 1.136377 0.824671
30  -0.000256 8.572260 -0.000091  -0.222843 -0.296789 0.176504
31  -0.000096 8.117216 0.000046  0.072256 0.772520 -0.285589
32  -0.000082 8.230038 -0.000071  -0.080492 -0.347232 0.072254
33  0.000058 7.366724 0.000055  -0.015395 -0.663893 0.062742
34  0.224210 0.240125 -3.218158  -0.877386 1.468889 0.577821
35  -0.000100 7.721058 -0.000308  -0.283828 0.060497 -0.167555
36  -0.000032 7.374860 -0.000002  0.007536 -0.195021 0.049539
37  0.000075 6.848101 0.000006  0.005484 0.006496 -0.033649
38  -0.000049 7.777860 0.000008  -0.186096 0.182474 -0.152846
39  -1.514468 2.104648 -1.150167  -0.029091 0.541320 1.555677
40  -0.000167 6.982343 -0.000077  -0.199699 -0.041212 0.153489
41  0.000039 8.382859 -0.000072  0.044865 0.587986 -0.257962
42  0.000014 8.697701 -0.000027  -0.102637 -0.474318 0.290945
43  0.000056 8.921803 -0.000004  -0.076258 0.581004 -0.195605
44  1.196183 2.899152 -2.353086  -0.449719 1.030106 1.287428
45  0.000106 5.476946 0.000007  0.285576 -0.099353 -0.038446
46  -0.000072 6.060436 -0.000088  -0.155024 -0.575031 0.384611
47  0.000018 5.994259 0.000029  0.033942 0.288575 -0.067731
48  -0.000008 6.100483 0.000001  -0.068405 0.299273 -0.162152
49  0.000036 6.916763 0.000008  -0.096318 0.220533 -0.107966
50  0.000150 6.435062 -0.000045  -0.037459 0.171630 -0.116573
51  1.092783 3.649510 -1.738794  -0.148600 0.876612 1.445020
52  -0.000127 6.792206 -0.000101  0.008284 0.107792 -0.048643
53  -0.000087 7.744779 -0.000031  0.057137 -0.256893 0.015458
54  0.000086 9.115018 -0.000037  -0.020393 0.256253 -0.142636
55  3.494509 -1.749104 3.007064  0.118403 1.106974 1.813811
56  0.000014 4.323839 0.000086  -0.229910 -0.770942 0.449225
57  0.000028 4.872897 -0.000022  0.367245 -0.664051 -0.254035
58  0.000005 5.056643 0.000091  -0.511235 0.856587 -0.546321
59  2.292465 1.708615 3.661676  -1.762556 1.789111 -0.218970
60  -0.000171 6.589441 0.000277  -0.007133 -0.169122 0.176909
61  0.000174 7.491496 -0.000154  -0.132413 -0.107098 0.179327
62  -0.000139 8.249652 0.000143  0.041913 -0.058209 0.015814
63  0.000069 8.605231 -0.000025  0.101585 0.501824 -0.079697
64  -0.240488 2.066071 2.349267  -0.357330 2.461715 1.296081
65  -0.000087 7.721103 -0.000003  -0.208231 -0.126223 -0.116495
66  -0.000121 7.374870 -0.000046  -0.111017 0.046939 -0.046464
67  -0.000036 6.848065 -0.000026  0.273531 0.247522 0.299908
68  0.000031 7.777821 -0.000045  0.072921 0.186148 -0.052689
69  -0.000086 8.178051 0.000010  -0.087029 -0.422849 -0.381357
70  1.617594 3.431408 2.399265  -0.249454 2.569515 1.508572
71  -0.000161 5.476947 -0.000029  0.057730 0.074072 0.060286
72  -0.000091 6.060495 -0.000005  -0.015203 0.015650 -0.152065
73  0.000026 5.994254 0.000012  -0.126214 -0.157657 0.153302
74  -0.000079 7.076870 -0.000048  -0.008117 0.010384 0.036401
75  0.000008 7.089870 -0.000070  0.070875 0.098587 -0.025893
76  0.361105 0.886680 3.287746  -0.576373 1.978710 0.939011
77  -0.000067 6.686647 0.000221  -0.146569 0.414164 -0.327707
78  -0.000010 7.638019 0.000013  -0.079523 -0.025947 0.130956
79  -0.000031 7.290231 -0.000022  0.025325 -0.093908 0.023962
80  -0.000034 6.530365 0.000005  -0.261847 -0.300601 0.006734
81  0.000063 7.224881 0.000009  0.036505 0.032481 -0.175823
82  1.071892 3.225795 1.570115  -0.043807 2.859975 1.526247
83  0.000415 6.748904 -0.000066  -0.062702 0.083783 0.022201
84  -0.000050 8.002637 0.000027  -0.067496 -0.117208 -0.115600
85  0.000014 8.580566 -0.000099  0.088213 -0.007187 0.334605
86  0.000175 8.689831 -0.000041  0.065327 -0.412430 -0.134517
87  -1.514541 2.104637 0.318055  -0.024895 3.094491 1.569496
88  0.000192 6.982282 0.000012  -0.107589 -0.057625 -0.215716
89  -0.000009 8.382877 -0.000067  0.135032 -0.099914 0.287073
90  -0.000059 8.697676 0.000024  -0.148090 -0.510100 0.044839
91  -0.000135 8.921824 0.000077  -0.236828 -0.892636 0.098805
92  3.553603 -3.478049 2.409277  0.000820 0.762046 1.535309
93  -0.000001 4.476910 -0.000009  -0.151004 -0.588330 0.377260
94  0.000031 4.514124 -0.000023  -0.228866 -2.996199 0.592367
95  0.000045 4.518377 -0.000024  0.143172 2.612778 0.693384
96  0.000023 3.598329 0.000025  -0.749303 0.869851 -0.773233
97  4.209922 -0.440348 1.018825  -1.703361 -2.066689 -0.060288
98  4.265503 1.434233 -0.404990  -1.696926 0.037333 -0.858905
99  9.400239 0.017941 0.083200  -0.002912 -0.049582 -0.261478
100  10.242420 0.033592 0.064481  1.805681 -0.082006 -0.009675
101  3.465858 -0.059678 0.016693  0.015174 -0.153587 -0.741386
102  1.655593 -0.000023 0.000022  0.037658 -0.123530 -0.603200
103  0.960766 -0.000005 -0.000005  0.022472 -0.062570 -0.580853
104  3.462029 -0.064246 0.939908  0.338653 -0.051411 -0.587316
105  1.497179 -0.000007 0.000022  -0.484971 -0.062472 -0.186803
106  0.793759 0.000005 -0.000002  -0.009351 0.025005 -0.492494
107  0.591660 -0.460691 0.835205  -0.904981 -0.365290 -0.566501
108  1.556139 0.000000 0.000002  -0.188408 0.088995 0.366135
109  1.135910 0.000019 0.000004  0.133873 0.037225 0.542743
110  3.084273 -0.668822 -1.257086  -0.690151 -0.141566 -0.759747
111  1.064201 -0.000003 0.000005  0.013073 0.067697 -0.411092
112  0.640338 0.000005 -0.000008  -0.000036 0.003958 -0.232428
113  3.396824 -0.242138 -0.708690  -0.344014 -0.172476 -0.825841
114  1.532968 0.000008 0.000006  0.012098 -0.005657 -0.568235
115  0.832974 -0.000003 -0.000003  0.005529 0.001649 -0.744827
116  4.209945 -0.440344 -1.019278  2.120209 2.083945 0.314710
117  4.266749 1.424939 0.424937  1.689582 0.077151 -1.013800
118  9.398566 0.011950 -0.082516  0.007920 0.044077 -0.153732
119  10.242439 0.028177 -0.062910  -1.679819 -0.048637 0.135824
120  3.465748 -0.067528 0.002268  -0.005844 0.148821 -0.740701
121  1.655560 0.000006 0.000005  -0.037276 0.121241 -0.603277
122  0.960906 0.000007 0.000000  -0.019410 0.060049 -0.581065
123  3.466856 -0.077782 -0.920910  -0.334503 0.045620 -0.587765
124  1.497264 -0.000035 -0.000021  -0.419774 0.061214 -0.186138
125  0.793787 -0.000007 -0.000001  -0.057464 0.165214 -0.422821
126  0.595079 -0.467152 -0.829176  2.133608 0.374722 -0.383691
127  1.555677 0.000014 -0.000001  0.303940 0.019784 0.376648
128  1.136811 -0.000008 -0.000000  -0.008389 0.161283 0.505392
129  3.075969 -0.667969 1.277701  0.695390 0.134611 -0.758462
130  1.064592 0.000017 0.000011  -0.025226 -0.074931 -0.409787
131  0.640361 -0.000016 -0.000004  0.000081 -0.005196 -0.232464
132  3.392414 -0.245371 0.728376  0.340922 0.163320 -0.826668
133  1.532736 -0.000011 -0.000001  -0.009945 0.007012 -0.568062
134  0.833150 0.000010 0.000006  -0.005742 -0.004029 -0.744748
135  3.590113 -3.090295 1.193972  1.635457 1.210566 1.548541
136  3.589564 -3.089881 -1.196372  -1.505736 1.210473 -1.592853
137  -0.436555 4.719025 -0.001076  -0.000414 -1.570733 1.693103
138  0.000000 2.775455 -0.000234  -0.135089 0.000001 -0.000000
139  0.000000 3.189765 0.000008  0.207820 -0.000000 0.000000
140  -0.000000 3.504652 0.000045  -0.261876 0.000000 -0.000000
141  0.000000 2.863202 -0.000002  -0.051268 -0.000000 -0.000000
time 41
0  -1.242277 -11.312977 41.247841  1.570796 0.000000 -0.000000
1  0.002636 43.025146 0.734438  0.051758 0.521731 -0.124385
2  3.061857 -4.181012 -0.610803  -1.547618 -0.182203 -1.233847
3  18.476778 0.000159 -0.000001  0.001568 -0.020613 0.281715
4  17.490086 0.000117 0.000003  0.024632 0.275126 -1.241725
5  -3.065329 -4.183575 -0.611479  -1.432102 -0.199629 -1.428272
6  18.474857 -0.000034 -0.000007  -0.000088 0.013732 0.195960
7  17.489586 0.001916 -0.000007  -0.216606 -0.094762 -1.100999
8  -0.000117 -0.048883 -0.576226  1.549726 0.188865 1.611314
9  3.224483 0.767046 0.000496  -0.018921 0.009379 -0.009530
10  3.223908 0.226399 -0.001944  -0.010894 0.009287 0.216246
11  5.187318 -1.262561 -0.001177  0.000012 0.000066 0.194111
12  6.928415 -1.935316 -0.000227  3.019367 0.100232 0.301863
13  3.236368 1.079616 0.000058  -0.268579 -0.092018 0.388723
14  0.833761 3.805351 0.692956  -0.040491 0.554885 1.469871
15  0.000040 6.792209 0.000040  0.007991 0.036070 -0.011407
16  -0.000068 7.744819 0.000016  -0.017442 -0.155305 0.068151
17  0.000071 7.809700 0.000017  -0.033636 0.005026 0.006142
18  -0.000029 7.867677 0.000016  -0.073330 -0.127909 0.026377
19  3.494704 -1.749094 -3.006912  0.152543 2.070420 1.936944
20  0.000119 4.478327 0.000018  -0.194660 0.310432 -0.234994
21  0.000048 4.636113 -0.000028  0.035823 0.324593 -0.151767
22  -0.000043 5.008651 0.000012  0.075997 -0.286565 0.276092
23  0.000065 4.781162 0.000008  0.904395 -2.690903 -0.015799
24  2.253037 1.989055 -3.350106  -1.523633 1.324497 0.112398
25  0.000162 6.589466 0.000172  0.206353 -0.002129 -0.080394
26  0.000041 7.491416 0.000043  -0.333511 0.184455 -0.191167
27  0.000024 7.660303 -0.000057  -0.063176 0.127195 -0.062118
28  0.000009 7.256268 0.000021  -0.052938 -0.487829 0.313813
29  -0.791160 2.265118 -1.234655  -0.753900 1.136377 0.824671
30  -0.000253 8.572263 -0.000091  -0.222843 -0.296789 0.176504
31  -0.000095 8.117217 0.000049  0.072256 0.772520 -0.285589
32  -0.000080 8.230036 -0.000071  -0.080492 -0.347232 0.072254
33  0.000061 7.366723 0.000054  -0.015395 -0.663893 0.062742
34  0.224215 0.240126 -3.218158  -0.877386 1.468889 0.577821
35  -0.000102 7.721060 -0.000307  -0.283828 0.060497 -0.167555
36  -0.000029 7.374857 -0.000001  0.007536 -0.195021 0.049539
37  0.000075 6.848105 0.000006  0.005484 0.006496 -0.033649
38  -0.000052 7.777865 0.000009  -0.186096 0.182474 -0.152846
39  -1.514463 2.104649 -1.150167  -0.029091 0.541320 1.555677
40  -0.000167 6.982349 -0.000075  -0.199699 -0.041212 0.153489
41  0.000038 8.382862 -0.000072  0.044865 0.587986 -0.257962
42  0.000014 8.697698 -0.000026  -0.102637 -0.474318 0.290945
43  0.000056 8.921806 -0.000003  -0.076258 0.581004 -0.195605
44  1.196191 2.899154 -2.353086  -0.449719 1.030105 1.287428
45  0.000108 5.476945 0.000008  0.285576 -0.099353 -0.038446
46  -0.000073 6.060437 -0.000090  -0.155024 -0.575031 0.384611
47  0.000018 5.994269 0.000030  0.033943 0.288574 -0.067731
48  -0.000008 6.100492 0.000001  -0.068405 0.299273 -0.162152
49  0.000034 6.916762 0.000009  -0.096318 0.220533 -0.107966
50  0.000148 6.435058 -0.000045  -0.037459 0.171630 -0.116573
51  1.092799 3.649511 -1.738794  -0.148600 0.876612 1.445020
52  -0.000129 6.792200 -0.000104  0.008284 0.107792 -0.048643
53  -0.000085 7.744776 -0.000030  0.057137 -0.256893 0.015458
54  0.000084 9.115026 -0.000038  -0.020393 0.256253 -0.142636
55  3.494514 -1.749104 3.007064  0.118403 1.106974 1.813811
56  0.000014 4.323843 0.000086  -0.229910 -0.770942 0.449225
57  0.000028 4.872897 -0.000021  0.367245 -0.664051 -0.254035
58  0.000003 5.056650 0.000091  -0.511235 0.856587 -0.546321
59  2.292457 1.708613 3.661675  -1.762556 1.789111 -0.218970
60  -0.000174 6.589436 0.000273  -0.007133 -0.169123 0.176909
61  0.000176 7.491497 -0.000150  -0.132413 -0.107098 0.179327
62  -0.000139 8.249659 0.000145  0.041913 -0.058209 0.015814
63  0.000073 8.605231 -0.000027  0.101585 0.501824 -0.079697
64  -0.240490 2.066070 2.349267  -0.357330 2.461715 1.296081
65  -0.000085 7.721107 -0.000005  -0.208231 -0.126223 -0.116495
66  -0.000122 7.374865 -0.000046  -0.111017 0.046939 -0.046464
67  -0.000036 6.848059 -0.000027  0.273531 0.247522 0.299908
68  0.000033 7.777822 -0.000043  0.072921 0.186148 -0.052689
69  -0.000085 8.178050 0.000008  -0.087029 -0.422849 -0.381357
70  1.617611 3.431410 2.399266  -0.249454 2.569515 1.508572
71  -0.000165 5.476947 -0.000028  0.057730 0.074072 0.060286
72  -0.000093 6.060492 -0.000006  -0.015203 0.015650 -0.152065
73  0.000024 5.994254 0.000011  -0.126214 -0.157657 0.153302
74  -0.000078 7.076869 -0.000047  -0.008117 0.010384 0.036401
75  0.000004 7.089866 -0.000073  0.070875 0.098587 -0.025893
76  0.361114 0.886682 3.287746  -0.576373 1.978710 0.939011
77  -0.000065 6.686638 0.000221  -0.146569 0.414164 -0.327707
78  -0.000012 7.638027 0.000012  -0.079523 -0.025947 0.130956
79  -0.000030 7.290228 -0.000022  0.025325 -0.093908 0.023962
80  -0.000034 6.530355 0.000005  -0.261847 -0.300601 0.006734
81  0.000064 7.224876 0.000009  0.036506 0.032481 -0.175823
82  1.071897 3.225796 1.570115  -0.043807 2.859975 1.526247
83  0.000416 6.748906 -0.000066  -0.062702 0.083783 0.022201
84  -0.000048 8.002639 0.000026  -0.067496 -0.117208 -0.115600
85  0.000012 8.580564 -0.000097  0.088213 -0.007187 0.334605
86  0.000173 8.689837 -0.000041  0.065327 -0.412430 -0.134517
87  -1.514528 2.104640 0.318056  -0.024895 3.094491 1.569496
88  0.000195 6.982287 0.000011  -0.107589 -0.057625 -0.215716
89  -0.000008 8.382872 -0.000068  0.135032 -0.099914 0.287073
90  -0.000059 8.697675 0.000023  -0.148090 -0.510100 0.044839
91  -0.000133 8.921824 0.000079  -0.236828 -0.892636 0.098805
92  3.553615 -3.478047 2.409277  0.000820 0.762046 1.535309
93  -0.000001 4.476907 -0.000008  -0.151004 -0.588330 0.377260
94  0.000032 4.514120 -0.000023  -0.228866 -2.996199 0.592367
95  0.000047 4.518388 -0.000021  0.143172 2.612778 0.693384
96  0.000022 3.598332 0.000023  -0.749303 0.869852 -0.773233
97  4.209921 -0.440347 1.018824  -1.705321 -2.067526 -0.058605
98  4.265504 1.434232 -0.404991  -1.697600 0.037045 -0.861749
99  9.400235 0.017942 0.083202  -0.002758 -0.049722 -0.264233
100  10.242419 0.033590 0.064481  1.805014 -0.078762 -0.011460
101  3.465858 -0.059682 0.016693  0.015174 -0.153587 -0.741386
102  1.655597 -0.000022 0.000021  0.037658 -0.123529 -0.603200
103  0.960768 -0.000005 -0.000006  0.022472 -0.062570 -0.580853
104  3.462029 -0.064249 0.939909  0.338653 -0.051411 -0.587316
105  1.497176 -0.000008 0.000021  -0.484972 -0.062472 -0.186803
106  0.793757 0.000003 -0.000001  -0.009351 0.025005 -0.492494
107  0.591664 -0.460694 0.835206  -0.904981 -0.365290 -0.566501
108  1.556135 0.000001 0.000002  -0.188408 0.088995 0.366135
109  1.135898 0.000018 0.000003  0.133873 0.037225 0.542743
110  3.084268 -0.668823 -1.257085  -0.690151 -0.141566 -0.759747
111  1.064197 -0.000002 0.000005  0.013073 0.067697 -0.411093
112  0.640336 0.000004 -0.000008  -0.000036 0.003958 -0.232428
113  3.396825 -0.242141 -0.708690  -0.344014 -0.172476 -0.825842
114  1.532967 0.000006 0.000006  0.012097 -0.005657 -0.568235
115  0.832976 -0.000004 -0.000004  0.005529 0.001649 -0.744827
116  4.209948 -0.440345 -1.019279  2.124754 2.085690 0.318641
117  4.266748 1.424937 0.424938  1.686161 0.075781 -1.013426
118  9.398569 0.011949 -0.082515  0.007954 0.044038 -0.153074
119  10.242431 0.028176 -0.062908  -1.678289 -0.050496 0.134736
120  3.465751 -0.067528 0.002267  -0.005844 0.148821 -0.740701
121  1.655561 0.000006 0.000005  -0.037276 0.121241 -0.603277
122  0.960907 0.000005 0.000000  -0.019410 0.060049 -0.581065
123  3.466860 -0.077783 -0.920910  -0.334503 0.045620 -0.587765
124  1.497257 -0.000035 -0.000022  -0.419774 0.061214 -0.186138
125  0.793793 -0.000007 0.000002  -0.057464 0.165214 -0.422821
126  0.595083 -0.467153 -0.829177  2.133608 0.374722 -0.383691
127  1.555678 0.000017 -0.000005  0.303940 0.019784 0.376648
128  1.136815 -0.000008 -0.000000  -0.008389 0.161283 0.505392
129  3.075975 -0.667969 1.277701  0.695390 0.134611 -0.758462
130  1.064596 0.000017 0.000011  -0.025226 -0.074931 -0.409787
131  0.640360 -0.000018 -0.000004  0.000081 -0.005196 -0.232464
132  3.392414 -0.245369 0.728376  0.340923 0.163320 -0.826668
133  1.532735 -0.000009 -0.000001  -0.009945 0.007012 -0.568062
134  0.833152 0.000008 0.000005  -0.005742 -0.004029 -0.744748
135  3.590107 -3.090296 1.193972  1.635457 1.210566 1.548541
136  3.589557 -3.089881 -1.196373  -1.505736 1.210473 -1.592853
137  -0.436565 4.719026 -0.001076  -0.000591 -1.570733 1.693142
138  0.000000 2.775459 -0.000237  -0.135089 0.000001 -0.000000
139  0.000001 3.189774 0.000007  0.207820 -0.000000 0.000000
140  -0.000001 3.504644 0.000046  -0.261876 -0.000000 -0.000000
141  -0.000000 2.863196 -0.000002  -0.051268 0.000000 -0.000000
time 42
0  -1.336458 -11.349744 41.236858  1.570796 0.000000 -0.000000
1  0.002636 43.025146 0.734438  0.054969 0.518085 -0.123892
2  3.061856 -4.181015 -0.610803  -1.557021 -0.182016 -1.231057
3  18.476776 0.000158 0.000000  0.001526 -0.020371 0.278726
4  17.490086 0.000117 0.000003  0.027653 0.274345 -1.239799
5  -3.065330 -4.183577 -0.611480  -1.427578 -0.204507 -1.426049
6  18.474857 -0.000033 -0.000008  -0.000172 0.014055 0.200032
7  17.489586 0.001916 -0.000007  -0.225427 -0.100505 -1.101411
8  -0.000118 -0.048884 -0.576226  1.549854 0.189987 1.613407
9  3.224479 0.767046 0.000496  -0.018978 0.011368 -0.011051
10  3.223909 0.226399 -0.001944  -0.010593 0.010614 0.215219
11  5.187322 -1.262560 -0.001177  0.000012 0.000066 0.194111
12  6.928409 -1.935314 -0.000227  3.019756 0.097603 0.302322
13  3.236362 1.079607 0.000057  -0.265891 -0.087284 0.388195
14  0.833765 3.805355 0.692955  -0.040491 0.554885 1.469871
15  0.000039 6.792205 0.000039  0.007991 0.036070 -0.011407
16  -0.000063 7.744812 0.000016  -0.017442 -0.155305 0.068151
17  0.000072 7.809704 0.000017  -0.033636 0.005026 0.006142
18  -0.000027 7.867676 0.000017  -0.073330 -0.127909 0.026377
19  3.494709 -1.749090 -3.006912  0.152543 2.070420 1.936944
20  0.000120 4.478320 0.000018  -0.194660 0.310432 -0.234994
21  0.000047 4.636117 -0.000031  0.035824 0.324593 -0.151767
22  -0.000043 5.008658 0.000013  0.075997 -0.286565 0.276092
23  0.000064 4.781168 0.000009  0.904395 -2.690903 -0.015799
24  2.253044 1.989061 -3.350107  -1.523633 1.324497 0.112398
25  0.000163 6.589468 0.000168  0.206353 -0.002129 -0.080394
26  0.000045 7.491412 0.000039  -0.333511 0.184455 -0.191167
27  0.000025 7.660311 -0.000056  -0.063176 0.127195 -0.062118
28  0.000009 7.256271 0.000020  -0.052938 -0.487829 0.313813
29  -0.791154 2.265120 -1.234656  -0.753900 1.136377 0.824671
30  -0.000254 8.572260 -0.000090  -0.222843 -0.296789 0.176504
31  -0.000095 8.117212 0.000048  0.072256 0.772520 -0.285589
32  -0.000083 8.230030 -0.000070  -0.080492 -0.347232 0.072254
33  0.000057 7.366726 0.000055  -0.015395 -0.663893 0.062742
34  0.224220 0.240128 -3.218158  -0.877386 1.468889 0.577821
35  -0.000102 7.721059 -0.000308  -0.283828 0.060497 -0.167555
36  -0.000030 7.374855 -0.000002  0.007536 -0.195021 0.049539
37  0.000076 6.848102 0.000007  0.005484 0.006496 -0.033649
38  -0.000052 7.777863 0.000009  -0.186096 0.182474 -0.152846
39  -1.514459 2.104651 -1.150167  -0.029091 0.541320 1.555677
40  -0.000167 6.982347 -0.000077  -0.199699 -0.041212 0.153489
41  0.000039 8.382864 -0.000073  0.044865 0.587986 -0.257962
42  0.000012 8.697701 -0.000028  -0.102637 -0.474318 0.290945
43  0.000056 8.921804 -0.000003  -0.076258 0.581004 -0.195606
44  1.196204 2.899158 -2.353086  -0.449719 1.030105 1.287428
45  0.000106 5.476939 0.000008  0.285576 -0.099353 -0.038446
46  -0.000072 6.060437 -0.000091  -0.155024 -0.575031 0.384611
47  0.000018 5.994257 0.000030  0.033943 0.288575 -0.067731
48  -0.000008 6.100488 0.000001  -0.068405 0.299273 -0.162152
49  0.000035 6.916758 0.000009  -0.096318 0.220533 -0.107966
50  0.000148 6.435056 -0.000043  -0.037459 0.171630 -0.116573
51  1.092796 3.649513 -1.738794  -0.148600 0.876612 1.445020
52  -0.000126 6.792197 -0.000101  0.008285 0.107792 -0.048643
53  -0.000087 7.744779 -0.000031  0.057137 -0.256893 0.015458
54  0.000085 9.115026 -0.000037  -0.020393 0.256253 -0.142636
55  3.494522 -1.749102 3.007064  0.118403 1.106974 1.813811
56  0.000014 4.323836 0.000086  -0.229910 -0.770942 0.449225
57  0.000028 4.872897 -0.000019  0.367245 -0.664051 -0.254035
58  0.000004 5.056648 0.000095  -0.511235 0.856587 -0.546321
59  2.292473 1.708618 3.661676  -1.762556 1.789111 -0.218970
60  -0.000173 6.589433 0.000273  -0.007133 -0.169123 0.176909
61  0.000174 7.491492 -0.000149  -0.132413 -0.107098 0.179327
62  -0.000142 8.249658 0.000144  0.041913 -0.058209 0.015814
63  0.000069 8.605236 -0.000027  0.101585 0.501824 -0.079697
64  -0.240481 2.066074 2.349267  -0.357330 2.461715 1.296081
65  -0.000088 7.721106 -0.000003  -0.208231 -0.126223 -0.116495
66  -0.000121 7.374863 -0.000047  -0.111017 0.046939 -0.046464
67  -0.000035 6.848062 -0.000026  0.273531 0.247523 0.299908
68  0.000034 7.777822 -0.000045  0.072921 0.186148 -0.052689
69  -0.000085 8.178047 0.000011  -0.087029 -0.422849 -0.381357
70  1.617612 3.431413 2.399266  -0.249454 2.569515 1.508572
71  -0.000162 5.476944 -0.000029  0.057729 0.074072 0.060286
72  -0.000092 6.060496 -0.000006  -0.015203 0.015650 -0.152065
73  0.000026 5.994246 0.000011  -0.126214 -0.157657 0.153302
74  -0.000078 7.076874 -0.000048  -0.008117 0.010384 0.036401
75  0.000004 7.089864 -0.000069  0.070875 0.098587 -0.025893
76  0.361118 0.886684 3.287746  -0.576373 1.978710 0.939011
77  -0.000066 6.686643 0.000222  -0.146569 0.414164 -0.327707
78  -0.000011 7.638022 0.000013  -0.079523 -0.025947 0.130956
79  -0.000032 7.290232 -0.000022  0.025325 -0.093908 0.023962
80  -0.000035 6.530369 0.000005  -0.261847 -0.300601 0.006734
81  0.000064 7.224881 0.000008  0.036505 0.032481 -0.175823
82  1.071902 3.225798 1.570115  -0.043807 2.859975 1.526247
83  0.000416 6.748898 -0.000067  -0.062702 0.083783 0.022201
84  -0.000048 8.002640 0.000026  -0.067496 -0.117208 -0.115600
85  0.000010 8.580567 -0.000098  0.088213 -0.007187 0.334605
86  0.000169 8.689837 -0.000042  0.065327 -0.412430 -0.134517
87  -1.514522 2.104642 0.318056  -0.024895 3.094491 1.569496
88  0.000192 6.982285 0.000012  -0.107589 -0.057625 -0.215716
89  -0.000009 8.382878 -0.000067  0.135032 -0.099914 0.287073
90  -0.000062 8.697668 0.000023  -0.148090 -0.510100 0.044839
91  -0.000135 8.921821 0.000078  -0.236828 -0.892636 0.098805
92  3.553618 -3.478045 2.409277  0.000820 0.762046 1.535309
93  -0.000000 4.476896 -0.000008  -0.151004 -0.588330 0.377260
94  0.000031 4.514125 -0.000024  -0.228866 -2.996199 0.592367
95  0.000045 4.518384 -0.000023  0.143172 2.612778 0.693384
96  0.000023 3.598331 0.000025  -0.749303 0.869851 -0.773233
97  4.209918 -0.440346 1.018824  -1.707667 -2.068367 -0.056574
98  4.265504 1.434230 -0.404991  -1.697635 0.037022 -0.863779
99  9.400230 0.017942 0.083202  -0.002574 -0.049888 -0.267496
100  10.242419 0.033591 0.064481  1.803684 -0.075168 -0.013248
101  3.465849 -0.059678 0.016694  0.015174 -0.153587 -0.741386
102  1.655597 -0.000022 0.000022  0.037658 -0.123529 -0.603199
103  0.960767 -0.000003 -0.000007  0.022472 -0.062570 -0.580853
104  3.462026 -0.064246 0.939909  0.338653 -0.051411 -0.587316
105  1.497182 -0.000007 0.000021  -0.484972 -0.062472 -0.186803
106  0.793761 0.000005 -0.000003  -0.009351 0.025005 -0.492495
107  0.591660 -0.460692 0.835206  -0.904981 -0.365290 -0.566501
108  1.556133 -0.000000 0.000000  -0.188408 0.088995 0.366135
109  1.135904 0.000018 0.000005  0.133873 0.037225 0.542743
110  3.084266 -0.668820 -1.257085  -0.690151 -0.141566 -0.759747
111  1.064200 -0.000002 0.000005  0.013073 0.067697 -0.411093
112  0.640338 0.000004 -0.000007  -0.000036 0.003958 -0.232429
113  3.396817 -0.242137 -0.708689  -0.344014 -0.172476 -0.825842
114  1.532973 0.000007 0.000005  0.012097 -0.005657 -0.568235
115  0.832973 -0.000008 -0.000003  0.005529 0.001649 -0.744827
116  4.209943 -0.440344 -1.019279  2.129085 2.087700 0.322311
117  4.266746 1.424940 0.424938  1.684826 0.074751 -1.013738
118  9.398560 0.011949 -0.082516  0.007933 0.044064 -0.153500
119  10.242444 0.028177 -0.062910  -1.679512 -0.052094 0.133441
120  3.465745 -0.067525 0.002267  -0.005845 0.148821 -0.740701
121  1.655557 0.000006 0.000005  -0.037276 0.121241 -0.603277
122  0.960909 0.000004 0.000001  -0.019410 0.060049 -0.581065
123  3.466853 -0.077779 -0.920910  -0.334503 0.045620 -0.587765
124  1.497259 -0.000033 -0.000022  -0.419774 0.061214 -0.186138
125  0.793781 -0.000008 0.000000  -0.057464 0.165214 -0.422821
126  0.595076 -0.467150 -0.829176  2.133608 0.374722 -0.383691
127  1.555669 0.000016 -0.000002  0.303940 0.019784 0.376648
128  1.136816 -0.000009 -0.000003  -0.008389 0.161283 0.505392
129  3.075972 -0.667967 1.277701  0.695390 0.134611 -0.758462
130  1.064590 0.000017 0.000012  -0.025226 -0.074931 -0.409787
131  0.640359 -0.000015 -0.000002  0.000081 -0.005196 -0.232464
132  3.392409 -0.245366 0.728376  0.340922 0.163320 -0.826668
133  1.532734 -0.000007 -0.000001  -0.009945 0.007012 -0.568062
134  0.833150 0.000007 0.000006  -0.005742 -0.004029 -0.744748
135  3.590113 -3.090295 1.193972  1.635457 1.210566 1.548541
136  3.589562 -3.089880 -1.196373  -1.505736 1.210473 -1.592853
137  -0.436558 4.719026 -0.001076  -0.000473 -1.570733 1.692847
138  0.000001 2.775452 -0.000236  -0.135089 0.000001 -0.000000
139  0.000000 3.189767 0.000008  0.207820 -0.000000 0.000000
140  0.000000 3.504651 0.000045  -0.261876 -0.000000 -0.000000
141  -0.000000 2.863197 -0.000002  -0.051268 0.000000 -0.000000
time 43
0  -1.416002 -11.376590 41.228249  1.570796 0.000000 -0.000000
1  0.002636 43.025146 0.734438  0.057335 0.513851 -0.123985
2  3.061857 -4.181012 -0.610803  -1.564054 -0.182166 -1.228531
3  18.476776 0.000159 -0.000001  0.001510 -0.020286 0.277671
4  17.490088 0.000116 0.000002  0.029631 0.272564 -1.238997
5  -3.065330 -4.183575 -0.611479  -1.423093 -0.208324 -1.423828
6  18.474863 -0.000034 -0.000008  -0.000231 0.014278 0.202843
7  17.489584 0.001916 -0.000007  -0.234002 -0.107018 -1.100503
8  -0.000117 -0.048886 -0.576225  1.550127 0.190852 1.615595
9  3.224489 0.767047 0.000495  -0.018836 0.013468 -0.012213
10  3.223910 0.226399 -0.001944  -0.010141 0.011979 0.214438
11  5.187318 -1.262560 -0.001177  0.000012 0.000066 0.194111
12  6.928414 -1.935314 -0.000228  3.020318 0.095350 0.302676
13  3.236366 1.079607 0.000055  -0.263235 -0.083298 0.387859
14  0.833768 3.805354 0.692956  -0.040491 0.554885 1.469872
15  0.000043 6.792209 0.000041  0.007991 0.036070 -0.011407
16  -0.000065 7.744822 0.000017  -0.017442 -0.155305 0.068151
17  0.000072 7.809703 0.000018  -0.033636 0.005025 0.006142
18  -0.000027 7.867671 0.000016  -0.073330 -0.127909 0.026377
19  3.494702 -1.749092 -3.006912  0.152543 2.070420 1.936944
20  0.000120 4.478320 0.000018  -0.194660 0.310432 -0.234994
21  0.000048 4.636114 -0.000030  0.035824 0.324593 -0.151767
22  -0.000041 5.008653 0.000013  0.075997 -0.286565 0.276092
23  0.000064 4.781164 0.000010  0.904395 -2.690903 -0.015799
24  2.253036 1.989058 -3.350106  -1.523633 1.324497 0.112398
25  0.000161 6.589462 0.000171  0.206353 -0.002129 -0.080394
26  0.000039 7.491408 0.000044  -0.333511 0.184455 -0.191167
27  0.000025 7.660304 -0.000056  -0.063176 0.127195 -0.062118
28  0.000007 7.256270 0.000019  -0.052938 -0.487829 0.313813
29  -0.791157 2.265119 -1.234655  -0.753900 1.136377 0.824671
30  -0.000255 8.572262 -0.000090  -0.222843 -0.296789 0.176504
31  -0.000095 8.117213 0.000048  0.072256 0.772520 -0.285589
32  -0.000081 8.230034 -0.000070  -0.080492 -0.347232 0.072254
33  0.000060 7.366720 0.000052  -0.015395 -0.663893 0.062742
34  0.224219 0.240128 -3.218158  -0.877386 1.468889 0.577821
35  -0.000102 7.721053 -0.000308  -0.283828 0.060497 -0.167555
36  -0.000030 7.374846 -0.000002  0.007536 -0.195021 0.049539
37  0.000075 6.848102 0.000006  0.005484 0.006496 -0.033649
38  -0.000051 7.777860 0.000009  -0.186096 0.182474 -0.152846
39  -1.514461 2.104650 -1.150167  -0.029091 0.541320 1.555677
40  -0.000168 6.982346 -0.000076  -0.199699 -0.041212 0.153489
41  0.000039 8.382860 -0.000073  0.044865 0.587986 -0.257962
42  0.000011 8.697703 -0.000027  -0.102637 -0.474318 0.290945
43  0.000056 8.921805 -0.000004  -0.076258 0.581004 -0.195605
44  1.196199 2.899157 -2.353086  -0.449719 1.030105 1.287428
45  0.000107 5.476946 0.000007  0.285576 -0.099353 -0.038446
46  -0.000072 6.060432 -0.000091  -0.155024 -0.575031 0.384611
47  0.000018 5.994263 0.000030  0.033943 0.288574 -0.067731
48  -0.000008 6.100484 0.000001  -0.068405 0.299273 -0.162152
49  0.000035 6.916759 0.000010  -0.096318 0.220533 -0.107966
50  0.000148 6.435060 -0.000044  -0.037459 0.171630 -0.116573
51  1.092801 3.649515 -1.738794  -0.148600 0.876612 1.445020
52  -0.000129 6.792208 -0.000102  0.008284 0.107792 -0.048643
53  -0.000085 7.744774 -0.000028  0.057137 -0.256893 0.015458
54  0.000086 9.115023 -0.000036  -0.020393 0.256253 -0.142636
55  3.494517 -1.749104 3.007064  0.118403 1.106974 1.813811
56  0.000015 4.323850 0.000086  -0.229910 -0.770942 0.449225
57  0.000029 4.872902 -0.000022  0.367245 -0.664051 -0.254035
58  0.000004 5.056650 0.000095  -0.511235 0.856587 -0.546322
59  2.292470 1.708614 3.661675  -1.762556 1.789111 -0.218970
60  -0.000172 6.589441 0.000274  -0.007133 -0.169123 0.176909
61  0.000171 7.491499 -0.000149  -0.132413 -0.107098 0.179327
62  -0.000144 8.249655 0.000143  0.041913 -0.058209 0.015814
63  0.000068 8.605235 -0.000028  0.101585 0.501824 -0.079697
64  -0.240486 2.066072 2.349267  -0.357330 2.461715 1.296081
65  -0.000087 7.721108 -0.000004  -0.208231 -0.126223 -0.116495
66  -0.000123 7.374868 -0.000045  -0.111017 0.046939 -0.046464
67  -0.000035 6.848062 -0.000027  0.273531 0.247522 0.299908
68  0.000033 7.777818 -0.000042  0.072921 0.186148 -0.052689
69  -0.000084 8.178052 0.000010  -0.087029 -0.422849 -0.381357
70  1.617609 3.431412 2.399266  -0.249454 2.569515 1.508572
71  -0.000162 5.476946 -0.000029  0.057729 0.074072 0.060286
72  -0.000089 6.060494 -0.000005  -0.015203 0.015650 -0.152065
73  0.000026 5.994249 0.000011  -0.126214 -0.157657 0.153302
74  -0.000077 7.076873 -0.000046  -0.008117 0.010384 0.036401
75  0.000005 7.089866 -0.000071  0.070875 0.098587 -0.025893
76  0.361110 0.886682 3.287746  -0.576373 1.978710 0.939011
77  -0.000066 6.686637 0.000221  -0.146569 0.414164 -0.327707
78  -0.000010 7.638024 0.000012  -0.079523 -0.025947 0.130956
79  -0.000031 7.290229 -0.000022  0.025325 -0.093908 0.023962
80  -0.000032 6.530367 0.000005  -0.261847 -0.300601 0.006734
81  0.000064 7.224877 0.000009  0.036505 0.032481 -0.175823
82  1.071900 3.225798 1.570115  -0.043807 2.859975 1.526247
83  0.000411 6.748896 -0.000066  -0.062702 0.083783 0.022201
84  -0.000046 8.002649 0.000026  -0.067496 -0.117208 -0.115600
85  0.000013 8.580571 -0.000098  0.088213 -0.007187 0.334605
86  0.000167 8.689830 -0.000040  0.065327 -0.412430 -0.134517
87  -1.514531 2.104640 0.318056  -0.024895 3.094491 1.569496
88  0.000192 6.982281 0.000011  -0.107589 -0.057625 -0.215716
89  -0.000009 8.382873 -0.000067  0.135032 -0.099914 0.287073
90  -0.000062 8.697668 0.000024  -0.148090 -0.510100 0.044839
91  -0.000136 8.921824 0.000078  -0.236828 -0.892636 0.098805
92  3.553613 -3.478044 2.409277  0.000820 0.762046 1.535309
93  0.000002 4.476900 -0.000008  -0.151004 -0.588330 0.377260
94  0.000031 4.514122 -0.000024  -0.228866 -2.996199 0.592367
95  0.000042 4.518384 -0.000020  0.143172 2.612778 0.693384
96  0.000022 3.598332 0.000024  -0.749303 0.869852 -0.773233
97  4.209925 -0.440347 1.018823  -1.710147 -2.069175 -0.054431
98  4.265504 1.434229 -0.404992  -1.697543 0.037149 -0.865458
99  9.400243 0.017940 0.083202  -0.002384 -0.050059 -0.270880
100  10.242426 0.033591 0.064477  1.801951 -0.071444 -0.015082
101  3.465853 -0.059677 0.016693  0.015174 -0.153587 -0.741386
102  1.655589 -0.000023 0.000022  0.037658 -0.123530 -0.603199
103  0.960767 -0.000005 -0.000007  0.022472 -0.062570 -0.580853
104  3.462023 -0.064243 0.939908  0.338653 -0.051411 -0.587316
105  1.497185 -0.000007 0.000022  -0.484972 -0.062472 -0.186803
106  0.793760 0.000002 -0.000001  -0.009351 0.025005 -0.492494
107  0.591662 -0.460691 0.835206  -0.904981 -0.365290 -0.566501
108  1.556137 0.000001 0.000001  -0.188408 0.088995 0.366135
109  1.135907 0.000019 0.000002  0.133873 0.037225 0.542743
110  3.084267 -0.668819 -1.257085  -0.690151 -0.141566 -0.759747
111  1.064200 -0.000002 0.000005  0.013073 0.067697 -0.411093
112  0.640340 0.000004 -0.000008  -0.000036 0.003959 -0.232428
113  3.396820 -0.242136 -0.708690  -0.344014 -0.172476 -0.825842
114  1.532969 0.000010 0.000006  0.012097 -0.005657 -0.568235
115  0.832975 -0.000003 -0.000003  0.005529 0.001649 -0.744827
116  4.209944 -0.440343 -1.019280  2.133215 2.089832 0.325760
117  4.266746 1.424939 0.424938  1.685495 0.074081 -1.014606
118  9.398570 0.011949 -0.082517  0.007865 0.044141 -0.154815
119  10.242435 0.028176 -0.062909  -1.682829 -0.053290 0.131998
120  3.465752 -0.067526 0.002268  -0.005845 0.148821 -0.740701
121  1.655560 0.000005 0.000006  -0.037276 0.121241 -0.603277
122  0.960907 0.000005 -0.000001  -0.019410 0.060049 -0.581064
123  3.466860 -0.077781 -0.920910  -0.334503 0.045620 -0.587765
124  1.497256 -0.000035 -0.000021  -0.419774 0.061214 -0.186138
125  0.793789 -0.000008 0.000001  -0.057464 0.165214 -0.422821
126  0.595084 -0.467150 -0.829176  2.133608 0.374722 -0.383690
127  1.555676 0.000015 -0.000003  0.303940 0.019784 0.376648
128  1.136812 -0.000008 -0.000001  -0.008389 0.161283 0.505392
129  3.075977 -0.667966 1.277701  0.695389 0.134611 -0.758462
130  1.064593 0.000017 0.000012  -0.025227 -0.074931 -0.409787
131  0.640362 -0.000017 -0.000003  0.000081 -0.005196 -0.232464
132  3.392419 -0.245369 0.728376  0.340922 0.163320 -0.826668
133  1.532737 -0.000009 -0.000001  -0.009945 0.007012 -0.568062
134  0.833152 0.000012 0.000005  -0.005742 -0.004029 -0.744748
135  3.590109 -3.090295 1.193972  1.635457 1.210566 1.548541
136  3.589558 -3.089880 -1.196373  -1.505736 1.210473 -1.592853
137  -0.436561 4.719026 -0.001076  -0.000354 -1.570733 1.693003
138  -0.000001 2.775457 -0.000236  -0.135089 0.000001 -0.000000
139  0.000000 3.189770 0.000008  0.207820 -0.000000 0.000000
140  0.000000 3.504657 0.000046  -0.261876 -0.000000 -0.000000
141  0.000000 2.863200 -0.000002  -0.051268 -0.000000 -0.000000
time 44
0  -1.485195 -11.398340 41.221077  1.570796 0.000000 -0.000000
1  0.002636 43.025146 0.734438  0.059226 0.509620 -0.124317
2  3.061857 -4.181012 -0.610804  -1.568559 -0.182003 -1.226194
3  18.476772 0.000159 -0.000001  0.001494 -0.020194 0.276527
4  17.490088 0.000116 0.000004  0.030028 0.270258 -1.238273
5  -3.065329 -4.183576 -0.611480  -1.418787 -0.209405 -1.421481
6  18.474859 -0.000034 -0.000007  -0.000199 0.014155 0.201292
7  17.489588 0.001916 -0.000006  -0.242643 -0.113358 -1.098899
8  -0.000117 -0.048882 -0.576226  1.550433 0.191564 1.617700
9  3.224486 0.767047 0.000496  -0.018624 0.015494 -0.013163
10  3.223912 0.226399 -0.001944  -0.009655 0.013283 0.213801
11  5.187315 -1.262561 -0.001177  0.000012 0.000066 0.194111
12  6.928411 -1.935313 -0.000227  3.020919 0.093377 0.302966
13  3.236369 1.079615 0.000056  -0.260734 -0.079859 0.387642
14  0.833760 3.805352 0.692955  -0.040491 0.554885 1.469872
15  0.000040 6.792205 0.000039  0.007991 0.036070 -0.011407
16  -0.000067 7.744812 0.000016  -0.017442 -0.155305 0.068151
17  0.000076 7.809701 0.000018  -0.033636 0.005026 0.006142
18  -0.000024 7.867679 0.000018  -0.073330 -0.127910 0.026377
19  3.494699 -1.749093 -3.006912  0.152543 2.070420 1.936944
20  0.000120 4.478318 0.000018  -0.194660 0.310432 -0.234994
21  0.000044 4.636112 -0.000029  0.035824 0.324593 -0.151767
22  -0.000042 5.008655 0.000011  0.075997 -0.286565 0.276092
23  0.000064 4.781169 0.000010  0.904395 -2.690903 -0.015799
24  2.253042 1.989058 -3.350106  -1.523633 1.324497 0.112398
25  0.000161 6.589462 0.000170  0.206353 -0.002129 -0.080394
26  0.000044 7.491418 0.000040  -0.333511 0.184455 -0.191167
27  0.000026 7.660306 -0.000057  -0.063176 0.127195 -0.062118
28  0.000007 7.256269 0.000020  -0.052938 -0.487829 0.313813
29  -0.791151 2.265120 -1.234655  -0.753900 1.136377 0.824671
30  -0.000259 8.572266 -0.000091  -0.222843 -0.296789 0.176504
31  -0.000095 8.117217 0.000048  0.072256 0.772520 -0.285589
32  -0.000083 8.230029 -0.000068  -0.080492 -0.347232 0.072254
33  0.000061 7.366724 0.000054  -0.015395 -0.663893 0.062742
34  0.224220 0.240127 -3.218158  -0.877386 1.468889 0.577821
35  -0.000100 7.721049 -0.000307  -0.283828 0.060497 -0.167555
36  -0.000032 7.374858 -0.000001  0.007536 -0.195021 0.049539
37  0.000074 6.848104 0.000006  0.005484 0.006496 -0.033649
38  -0.000052 7.777865 0.000008  -0.186096 0.182474 -0.152846
39  -1.514459 2.104651 -1.150167  -0.029091 0.541320 1.555677
40  -0.000167 6.982355 -0.000077  -0.199699 -0.041212 0.153489
41  0.000039 8.382863 -0.000072  0.044865 0.587986 -0.257962
42  0.000011 8.697709 -0.000026  -0.102637 -0.474318 0.290945
43  0.000056 8.921804 -0.000003  -0.076258 0.581004 -0.195605
44  1.196190 2.899155 -2.353086  -0.449719 1.030105 1.287428
45  0.000107 5.476946 0.000007  0.285576 -0.099353 -0.038446
46  -0.000075 6.060432 -0.000091  -0.155024 -0.575031 0.384611
47  0.000020 5.994263 0.000029  0.033943 0.288575 -0.067731
48  -0.000007 6.100482 0.000001  -0.068405 0.299273 -0.162152
49  0.000035 6.916759 0.000008  -0.096318 0.220533 -0.107966
50  0.000149 6.435062 -0.000045  -0.037459 0.171630 -0.116573
51  1.092800 3.649513 -1.738794  -0.148600 0.876612 1.445020
52  -0.000128 6.792199 -0.000104  0.008284 0.107792 -0.048643
53  -0.000088 7.744781 -0.000029  0.057137 -0.256893 0.015458
54  0.000085 9.115018 -0.000039  -0.020393 0.256253 -0.142636
55  3.494518 -1.749102 3.007064  0.118403 1.106974 1.813811
56  0.000015 4.323834 0.000086  -0.229910 -0.770942 0.449225
57  0.000029 4.872893 -0.000021  0.367245 -0.664051 -0.254035
58  0.000005 5.056652 0.000092  -0.511235 0.856587 -0.546321
59  2.292468 1.708614 3.661675  -1.762556 1.789111 -0.218970
60  -0.000173 6.589437 0.000274  -0.007133 -0.169123 0.176909
61  0.000171 7.491488 -0.000153  -0.132413 -0.107098 0.179327
62  -0.000143 8.249657 0.000144  0.041913 -0.058209 0.015814
63  0.000072 8.605236 -0.000029  0.101585 0.501824 -0.079697
64  -0.240489 2.066071 2.349267  -0.357330 2.461715 1.296081
65  -0.000088 7.721108 -0.000002  -0.208231 -0.126223 -0.116495
66  -0.000123 7.374868 -0.000047  -0.111017 0.046939 -0.046464
67  -0.000037 6.848062 -0.000025  0.273531 0.247523 0.299908
68  0.000034 7.777826 -0.000042  0.072921 0.186148 -0.052689
69  -0.000084 8.178053 0.000012  -0.087029 -0.422849 -0.381357
70  1.617608 3.431411 2.399265  -0.249454 2.569515 1.508572
71  -0.000163 5.476941 -0.000028  0.057730 0.074072 0.060286
72  -0.000092 6.060496 -0.000006  -0.015203 0.015650 -0.152065
73  0.000026 5.994250 0.000011  -0.126214 -0.157657 0.153302
74  -0.000080 7.076872 -0.000048  -0.008117 0.010384 0.036401
75  0.000007 7.089868 -0.000070  0.070875 0.098587 -0.025893
76  0.361115 0.886682 3.287745  -0.576373 1.978710 0.939011
77  -0.000066 6.686646 0.000223  -0.146569 0.414164 -0.327707
78  -0.000011 7.638015 0.000012  -0.079523 -0.025947 0.130956
79  -0.000033 7.290231 -0.000021  0.025325 -0.093908 0.023962
80  -0.000035 6.530368 0.000005  -0.261847 -0.300601 0.006734
81  0.000063 7.224878 0.000010  0.036505 0.032481 -0.175823
82  1.071905 3.225799 1.570115  -0.043807 2.859975 1.526247
83  0.000413 6.748898 -0.000066  -0.062702 0.083783 0.022201
84  -0.000049 8.002640 0.000027  -0.067496 -0.117208 -0.115600
85  0.000013 8.580564 -0.000098  0.088213 -0.007187 0.334605
86  0.000171 8.689834 -0.000041  0.065327 -0.412430 -0.134517
87  -1.514522 2.104641 0.318055  -0.024895 3.094491 1.569496
88  0.000192 6.982284 0.000012  -0.107589 -0.057625 -0.215716
89  -0.000009 8.382876 -0.000067  0.135032 -0.099914 0.287073
90  -0.000061 8.697671 0.000024  -0.148090 -0.510100 0.044839
91  -0.000137 8.921829 0.000080  -0.236828 -0.892636 0.098805
92  3.553622 -3.478044 2.409277  0.000820 0.762046 1.535309
93  0.000000 4.476897 -0.000007  -0.151004 -0.588330 0.377260
94  0.000031 4.514114 -0.000023  -0.228866 -2.996199 0.592367
95  0.000042 4.518386 -0.000021  0.143172 2.612778 0.693384
96  0.000023 3.598325 0.000022  -0.749303 0.869852 -0.773233
97  4.209918 -0.440344 1.018824  -1.712559 -2.069926 -0.052341
98  4.265504 1.434230 -0.404991  -1.697405 0.037339 -0.866897
99  9.400237 0.017940 0.083201  -0.002200 -0.050223 -0.274121
100  10.242426 0.033591 0.064482  1.800155 -0.067904 -0.016775
101  3.465860 -0.059679 0.016693  0.015174 -0.153587 -0.741386
102  1.655596 -0.000022 0.000023  0.037658 -0.123529 -0.603200
103  0.960770 0.000002 -0.000008  0.022472 -0.062570 -0.580853
104  3.462029 -0.064246 0.939907  0.338653 -0.051411 -0.587317
105  1.497178 -0.000007 0.000021  -0.484972 -0.062472 -0.186803
106  0.793757 0.000001 -0.000002  -0.009351 0.025005 -0.492495
107  0.591661 -0.460691 0.835206  -0.904981 -0.365290 -0.566501
108  1.556138 -0.000000 0.000001  -0.188408 0.088995 0.366135
109  1.135906 0.000018 0.000005  0.133873 0.037225 0.542743
110  3.084272 -0.668822 -1.257087  -0.690151 -0.141566 -0.759747
111  1.064204 -0.000002 0.000005  0.013073 0.067697 -0.411093
112  0.640336 0.000004 -0.000009  -0.000036 0.003958 -0.232428
113  3.396824 -0.242138 -0.708690  -0.344014 -0.172476 -0.825842
114  1.532968 0.000007 0.000005  0.012097 -0.005657 -0.568235
115  0.832977 -0.000002 -0.000002  0.005529 0.001649 -0.744827
116  4.209945 -0.440342 -1.019279  2.137019 2.091897 0.328913
117  4.266744 1.424939 0.424939  1.686937 0.073615 -1.015647
118  9.398561 0.011950 -0.082517  0.007784 0.044235 -0.156402
119  10.242438 0.028177 -0.062907  -1.686689 -0.054277 0.130536
120  3.465749 -0.067526 0.002268  -0.005845 0.148821 -0.740701
121  1.655561 0.000009 0.000005  -0.037276 0.121241 -0.603277
122  0.960909 0.000006 -0.000000  -0.019410 0.060049 -0.581065
123  3.466856 -0.077781 -0.920909  -0.334503 0.045620 -0.587765
124  1.497261 -0.000035 -0.000023  -0.419774 0.061214 -0.186138
125  0.793792 -0.000008 0.000001  -0.057464 0.165214 -0.422821
126  0.595081 -0.467151 -0.829176  2.133608 0.374722 -0.383690
127  1.555669 0.000016 -0.000003  0.303940 0.019784 0.376648
128  1.136808 -0.000007 -0.000002  -0.008389 0.161283 0.505392
129  3.075972 -0.667966 1.277701  0.695389 0.134611 -0.758462
130  1.064595 0.000018 0.000013  -0.025226 -0.074931 -0.409787
131  0.640361 -0.000016 -0.000003  0.000081 -0.005196 -0.232464
132  3.392410 -0.245368 0.728377  0.340922 0.163320 -0.826669
133  1.532736 -0.000015 -0.000001  -0.009945 0.007012 -0.568062
134  0.833150 0.000010 0.000005  -0.005742 -0.004029 -0.744748
135  3.590106 -3.090296 1.193972  1.635457 1.210566 1.548541
136  3.589554 -3.089881 -1.196372  -1.505736 1.210473 -1.592853
137  -0.436564 4.719025 -0.001075  -0.000502 -1.570733 1.693062
138  -0.000001 2.775459 -0.000236  -0.135089 0.000001 -0.000000
139  -0.000000 3.189768 0.000008  0.207820 -0.000000 0.000000
140  -0.000001 3.504651 0.000046  -0.261876 0.000000 -0.000000
141  -0.000000 2.863202 -0.000002  -0.051268 -0.000000 -0.000000
time 45
0  -1.548326 -11.419815 41.214432  1.570796 0.000000 -0.000000
1  0.002636 43.025146 0.734438  0.061003 0.505981 -0.124542
2  3.061858 -4.181019 -0.610803  -1.570392 -0.181614 -1.224117
3  18.476778 0.000159 -0.000001  0.001466 -0.020038 0.274593
4  17.490086 0.000117 0.000004  0.028411 0.267787 -1.237330
5  -3.065329 -4.183586 -0.611479  -1.414524 -0.210876 -1.419485
6  18.474857 -0.000034 -0.000008  -0.000191 0.014120 0.200843
7  17.489584 0.001916 -0.000006  -0.250531 -0.119339 -1.097674
8  -0.000117 -0.048892 -0.576226  1.550704 0.192226 1.619545
9  3.224484 0.767047 0.000495  -0.018466 0.017262 -0.014049
10  3.223913 0.226399 -0.001944  -0.009249 0.014425 0.213206
11  5.187317 -1.262560 -0.001177  0.000012 0.000066 0.194111
12  6.928405 -1.935312 -0.000228  3.021423 0.091588 0.303235
13  3.236365 1.079607 0.000056  -0.258575 -0.076706 0.387370
14  0.833765 3.805354 0.692955  -0.040491 0.554885 1.469872
15  0.000040 6.792206 0.000039  0.007991 0.036070 -0.011407
16  -0.000066 7.744810 0.000015  -0.017442 -0.155305 0.068151
17  0.000074 7.809697 0.000019  -0.033636 0.005026 0.006142
18  -0.000024 7.867673 0.000018  -0.073330 -0.127909 0.026377
19  3.494706 -1.749091 -3.006912  0.152543 2.070420 1.936944
20  0.000120 4.478330 0.000018  -0.194660 0.310432 -0.234994
21  0.000048 4.636115 -0.000028  0.035823 0.324593 -0.151767
22  -0.000042 5.008654 0.000012  0.075997 -0.286565 0.276092
23  0.000065 4.781165 0.000010  0.904395 -2.690903 -0.015799
24  2.253039 1.989060 -3.350106  -1.523633 1.324497 0.112398
25  0.000163 6.589455 0.000172  0.206353 -0.002129 -0.080394
26  0.000043 7.491417 0.000044  -0.333511 0.184455 -0.191167
27  0.000027 7.660303 -0.000056  -0.063176 0.127195 -0.062118
28  0.000008 7.256267 0.000021  -0.052938 -0.487829 0.313813
29  -0.791158 2.265120 -1.234655  -0.753900 1.136377 0.824671
30  -0.000256 8.572256 -0.000090  -0.222843 -0.296789 0.176504
31  -0.000093 8.117210 0.000047  0.072256 0.772520 -0.285589
32  -0.000082 8.230028 -0.000070  -0.080492 -0.347232 0.072254
33  0.000061 7.366719 0.000054  -0.015395 -0.663893 0.062742
34  0.224214 0.240127 -3.218158  -0.877386 1.468889 0.577821
35  -0.000100 7.721054 -0.000309  -0.283828 0.060497 -0.167555
36  -0.000031 7.374857 -0.000001  0.007536 -0.195021 0.049539
37  0.000077 6.848095 0.000007  0.005484 0.006496 -0.033649
38  -0.000051 7.777869 0.000009  -0.186096 0.182474 -0.152846
39  -1.514468 2.104649 -1.150167  -0.029091 0.541320 1.555677
40  -0.000168 6.982342 -0.000077  -0.199699 -0.041212 0.153489
41  0.000039 8.382862 -0.000072  0.044865 0.587986 -0.257962
42  0.000011 8.697700 -0.000026  -0.102637 -0.474318 0.290945
43  0.000056 8.921803 -0.000003  -0.076258 0.581004 -0.195605
44  1.196203 2.899158 -2.353086  -0.449719 1.030105 1.287428
45  0.000108 5.476942 0.000005  0.285576 -0.099353 -0.038446
46  -0.000075 6.060437 -0.000089  -0.155024 -0.575031 0.384611
47  0.000018 5.994258 0.000030  0.033943 0.288575 -0.067731
48  -0.000006 6.100490 0.000000  -0.068405 0.299273 -0.162152
49  0.000036 6.916763 0.000009  -0.096318 0.220533 -0.107966
50  0.000149 6.435058 -0.000045  -0.037459 0.171630 -0.116573
51  1.092800 3.649514 -1.738794  -0.148600 0.876612 1.445020
52  -0.000128 6.792195 -0.000102  0.008284 0.107792 -0.048643
53  -0.000087 7.744775 -0.000031  0.057137 -0.256893 0.015458
54  0.000084 9.115026 -0.000037  -0.020393 0.256253 -0.142636
55  3.494524 -1.749099 3.007064  0.118403 1.106974 1.813811
56  0.000015 4.323835 0.000087  -0.229910 -0.770942 0.449225
57  0.000029 4.872896 -0.000022  0.367245 -0.664051 -0.254035
58  0.000004 5.056649 0.000092  -0.511235 0.856587 -0.546321
59  2.292461 1.708615 3.661675  -1.762556 1.789111 -0.218970
60  -0.000173 6.589431 0.000276  -0.007133 -0.169123 0.176909
61  0.000175 7.491497 -0.000149  -0.132413 -0.107098 0.179327
62  -0.000141 8.249659 0.000141  0.041913 -0.058209 0.015814
63  0.000072 8.605240 -0.000026  0.101585 0.501824 -0.079697
64  -0.240488 2.066073 2.349267  -0.357330 2.461715 1.296081
65  -0.000086 7.721107 -0.000002  -0.208231 -0.126223 -0.116495
66  -0.000120 7.374871 -0.000046  -0.111017 0.046939 -0.046464
67  -0.000038 6.848059 -0.000027  0.273531 0.247523 0.299908
68  0.000034 7.777819 -0.000043  0.072921 0.186148 -0.052689
69  -0.000086 8.178048 0.000010  -0.087029 -0.422849 -0.381357
70  1.617609 3.431413 2.399265  -0.249454 2.569515 1.508572
71  -0.000164 5.476943 -0.000028  0.057729 0.074072 0.060286
72  -0.000091 6.060496 -0.000005  -0.015203 0.015650 -0.152065
73  0.000024 5.994249 0.000010  -0.126214 -0.157657 0.153302
74  -0.000078 7.076874 -0.000048  -0.008117 0.010384 0.036401
75  0.000004 7.089866 -0.000070  0.070875 0.098587 -0.025893
76  0.361119 0.886685 3.287746  -0.576373 1.978710 0.939011
77  -0.000064 6.686642 0.000223  -0.146569 0.414164 -0.327707
78  -0.000011 7.638017 0.000012  -0.079523 -0.025947 0.130956
79  -0.000032 7.290234 -0.000022  0.025325 -0.093908 0.023962
80  -0.000035 6.530366 0.000003  -0.261847 -0.300601 0.006734
81  0.000064 7.224878 0.000009  0.036505 0.032481 -0.175823
82  1.071898 3.225797 1.570115  -0.043807 2.859975 1.526247
83  0.000411 6.748896 -0.000066  -0.062702 0.083783 0.022201
84  -0.000047 8.002645 0.000027  -0.067496 -0.117208 -0.115600
85  0.000012 8.580570 -0.000098  0.088213 -0.007187 0.334605
86  0.000173 8.689831 -0.000041  0.065327 -0.412430 -0.134517
87  -1.514540 2.104639 0.318055  -0.024895 3.094491 1.569496
88  0.000194 6.982284 0.000011  -0.107589 -0.057625 -0.215716
89  -0.000008 8.382873 -0.000067  0.135032 -0.099914 0.287073
90  -0.000059 8.697671 0.000024  -0.148090 -0.510100 0.044839
91  -0.000137 8.921826 0.000080  -0.236828 -0.892636 0.098805
92  3.553616 -3.478044 2.409277  0.000820 0.762046 1.535309
93  0.000001 4.476904 -0.000007  -0.151004 -0.588330 0.377260
94  0.000031 4.514127 -0.000024  -0.228866 -2.996199 0.592367
95  0.000043 4.518380 -0.000022  0.143172 2.612778 0.693384
96  0.000023 3.598336 0.000023  -0.749303 0.869852 -0.773233
97  4.209912 -0.440346 1.018823  -1.714641 -2.070593 -0.050541
98  4.265505 1.434231 -0.404991  -1.697303 0.037496 -0.868208
99  9.400238 0.017939 0.083201  -0.002040 -0.050365 -0.276951
100  10.242414 0.033590 0.064480  1.798614 -0.064805 -0.018303
101  3.465855 -0.059678 0.016694  0.015174 -0.153587 -0.741386
102  1.655592 -0.000019 0.000022  0.037658 -0.123530 -0.603200
103  0.960774 0.000001 -0.000006  0.022472 -0.062570 -0.580853
104  3.462023 -0.064244 0.939908  0.338653 -0.051411 -0.587316
105  1.497177 -0.000008 0.000021  -0.484971 -0.062472 -0.186803
106  0.793762 0.000005 -0.000002  -0.009351 0.025005 -0.492495
107  0.591658 -0.460689 0.835206  -0.904981 -0.365290 -0.566501
108  1.556139 0.000004 0.000002  -0.188408 0.088995 0.366135
109  1.135907 0.000018 0.000004  0.133873 0.037225 0.542743
110  3.084268 -0.668819 -1.257085  -0.690151 -0.141566 -0.759747
111  1.064201 -0.000002 0.000007  0.013073 0.067697 -0.411093
112  0.640338 0.000008 -0.000006  -0.000036 0.003958 -0.232428
113  3.396822 -0.242137 -0.708690  -0.344014 -0.172476 -0.825841
114  1.532971 0.000005 0.000005  0.012097 -0.005657 -0.568235
115  0.832977 -0.000002 -0.000002  0.005529 0.001649 -0.744827
116  4.209932 -0.440340 -1.019280  2.140370 2.093703 0.331692
117  4.266744 1.424942 0.424939  1.687936 0.073172 -1.016480
118  9.398561 0.011950 -0.082516  0.007720 0.044310 -0.157679
119  10.242436 0.028176 -0.062907  -1.689880 -0.055225 0.129282
120  3.465748 -0.067527 0.002268  -0.005845 0.148821 -0.740701
121  1.655560 0.000004 0.000006  -0.037276 0.121241 -0.603276
122  0.960906 0.000000 -0.000001  -0.019410 0.060049 -0.581065
123  3.466853 -0.077781 -0.920909  -0.334503 0.045620 -0.587765
124  1.497263 -0.000036 -0.000023  -0.419774 0.061214 -0.186138
125  0.793787 -0.000008 -0.000001  -0.057464 0.165214 -0.422821
126  0.595078 -0.467151 -0.829176  2.133608 0.374722 -0.383690
127  1.555681 0.000016 -0.000004  0.303940 0.019784 0.376648
128  1.136811 -0.000008 -0.000002  -0.008389 0.161283 0.505392
129  3.075971 -0.667967 1.277701  0.695389 0.134611 -0.758462
130  1.064591 0.000017 0.000013  -0.025226 -0.074931 -0.409787
131  0.640360 -0.000018 -0.000005  0.000081 -0.005196 -0.232464
132  3.392411 -0.245369 0.728376  0.340922 0.163320 -0.826668
133  1.532742 -0.000006 -0.000001  -0.009945 0.007012 -0.568062
134  0.833150 0.000005 0.000006  -0.005742 -0.004029 -0.744748
135  3.590105 -3.090295 1.193972  1.635457 1.210566 1.548541
136  3.589556 -3.089880 -1.196373  -1.505736 1.210473 -1.592853
137  -0.436560 4.719024 -0.001076  -0.000384 -1.570733 1.692930
138  0.000001 2.775455 -0.000235  -0.135089 0.000001 -0.000000
139  0.000000 3.189769 0.000008  0.207820 -0.000000 0.000000
140  0.000000 3.504651 0.000046  -0.261876 0.000000 -0.000000
141  0.000000 2.863204 -0.000002  -0.051268 -0.000000 -0.000000
end
