version 1
nodes
0 "ValveBiped.Bip01" -1
1 "ValveBiped.Bip01_Pelvis" 0
2 "ValveBiped.Bip01_L_Thigh" 1
3 "ValveBiped.Bip01_L_Calf" 2
4 "ValveBiped.Bip01_L_Foot" 3
5 "ValveBiped.Bip01_R_Thigh" 1
6 "ValveBiped.Bip01_R_Calf" 5
7 "ValveBiped.Bip01_R_Foot" 6
8 "ValveBiped.Bip01_Spine" 1
9 "ValveBiped.Bip01_Spine1" 8
10 "ValveBiped.Bip01_Spine2" 9
11 "ValveBiped.Bip01_Spine4" 10
12 "ValveBiped.Bip01_Neck1" 11
13 "ValveBiped.Bip01_Head1" 12
14 "HBN_CK01" 13
15 "HBN_CK02" 14
16 "HBN_CK03" 15
17 "HBN_CK04" 16
18 "HBN_CK05" 17
19 "HBn_LF01" 13
20 "HBn_LF02" 19
21 "HBn_LF03" 20
22 "HBn_LF04" 21
23 "HBn_LF05" 22
24 "HBN_LMA01" 13
25 "HBN_LMA02" 24
26 "HBN_LMA03" 25
27 "HBN_LMA04" 26
28 "HBN_LMA05" 27
29 "HBN_LMB01" 13
30 "HBN_LMB02" 29
31 "HBN_LMB03" 30
32 "HBN_LMB04" 31
33 "HBN_LMB05" 32
34 "HBN_LMC01" 13
35 "HBN_LMC02" 34
36 "HBN_LMC03" 35
37 "HBN_LMC04" 36
38 "HBN_LMC05" 37
39 "HBN_LMD01" 13
40 "HBN_LMD02" 39
41 "HBN_LMD03" 40
42 "HBN_LMD04" 41
43 "HBN_LMD05" 42
44 "HBN_LME01" 13
45 "HBN_LME02" 44
46 "HBN_LME03" 45
47 "HBN_LME04" 46
48 "HBN_LME05" 47
49 "HBN_LME06" 48
50 "HBN_LME07" 49
51 "HBN_LMF01" 13
52 "HBN_LMF02" 51
53 "HBN_LMF03" 52
54 "HBN_LMF04" 53
55 "HBn_RF01" 13
56 "HBn_RF02" 55
57 "HBn_RF03" 56
58 "HBn_RF04" 57
59 "HBN_RMA01" 13
60 "HBN_RMA02" 59
61 "HBN_RMA03" 60
62 "HBN_RMA04" 61
63 "HBN_RMA05" 62
64 "HBN_RMB01" 13
65 "HBN_RMB02" 64
66 "HBN_RMB03" 65
67 "HBN_RMB04" 66
68 "HBN_RMB05" 67
69 "HBN_RMB06" 68
70 "HBN_RMC01" 13
71 "HBN_RMC02" 70
72 "HBN_RMC03" 71
73 "HBN_RMC04" 72
74 "HBN_RMC05" 73
75 "HBN_RMC06" 74
76 "HBN_RMD01" 13
77 "HBN_RMD02" 76
78 "HBN_RMD03" 77
79 "HBN_RMD04" 78
80 "HBN_RMD05" 79
81 "HBN_RMD06" 80
82 "HBN_RME01" 13
83 "HBN_RME02" 82
84 "HBN_RME03" 83
85 "HBN_RME04" 84
86 "HBN_RME05" 85
87 "HBN_RMF01" 13
88 "HBN_RMF02" 87
89 "HBN_RMF03" 88
90 "HBN_RMF04" 89
91 "HBN_RMF05" 90
92 "HBn_RFF01" 13
93 "HBn_RFF02" 92
94 "HBn_RFF03" 93
95 "HBn_RFF04" 94
96 "HBn_RFF05" 95
97 "ValveBiped.Bip01_L_Clavicle" 11
98 "ValveBiped.Bip01_L_UpperArm" 97
99 "ValveBiped.Bip01_L_Forearm" 98
100 "ValveBiped.Bip01_L_Hand" 99
101 "ValveBiped.Bip01_L_Finger2" 100
102 "ValveBiped.Bip01_L_Finger21" 101
103 "ValveBiped.Bip01_L_Finger22" 102
104 "ValveBiped.Bip01_L_Finger1" 100
105 "ValveBiped.Bip01_L_Finger11" 104
106 "ValveBiped.Bip01_L_Finger12" 105
107 "ValveBiped.Bip01_L_Finger0" 100
108 "ValveBiped.Bip01_L_Finger01" 107
109 "ValveBiped.Bip01_L_Finger02" 108
110 "ValveBiped.Bip01_L_Finger4" 100
111 "ValveBiped.Bip01_L_Finger41" 110
112 "ValveBiped.Bip01_L_Finger42" 111
113 "ValveBiped.Bip01_L_Finger3" 100
114 "ValveBiped.Bip01_L_Finger31" 113
115 "ValveBiped.Bip01_L_Finger32" 114
116 "ValveBiped.Bip01_R_Clavicle" 11
117 "ValveBiped.Bip01_R_UpperArm" 116
118 "ValveBiped.Bip01_R_Forearm" 117
119 "ValveBiped.Bip01_R_Hand" 118
120 "ValveBiped.Bip01_R_Finger2" 119
121 "ValveBiped.Bip01_R_Finger21" 120
122 "ValveBiped.Bip01_R_Finger22" 121
123 "ValveBiped.Bip01_R_Finger1" 119
124 "ValveBiped.Bip01_R_Finger11" 123
125 "ValveBiped.Bip01_R_Finger12" 124
126 "ValveBiped.Bip01_R_Finger0" 119
127 "ValveBiped.Bip01_R_Finger01" 126
128 "ValveBiped.Bip01_R_Finger02" 127
129 "ValveBiped.Bip01_R_Finger4" 119
130 "ValveBiped.Bip01_R_Finger41" 129
131 "ValveBiped.Bip01_R_Finger42" 130
132 "ValveBiped.Bip01_R_Finger3" 119
133 "ValveBiped.Bip01_R_Finger31" 132
134 "ValveBiped.Bip01_R_Finger32" 133
135 "lPectoral" 10
136 "rPectoral" 10
137 "Front Cloth" 10
138 "Front Cloth.001" 137
139 "Front Cloth.002" 138
140 "Front Cloth.003" 139
141 "Front Cloth.004" 140
end
skeleton
time 0
0  0.876694 0.620540 23.481569  1.570862 0.000000 -0.000000
1  0.002636 43.025146 0.734438  0.868735 -1.077085 -0.245336
2  3.061858 -4.181012 -0.610804  -2.637972 -0.353247 -1.095595
3  18.476772 0.000159 -0.000000  -0.053322 -0.112098 1.702785
4  17.490086 0.000118 0.000005  -0.143535 -0.030831 -2.379945
5  -3.065330 -4.183575 -0.611482  1.966604 -1.020344 0.897267
6  18.474857 -0.000034 -0.000007  -0.002059 0.045704 0.589322
7  17.489586 0.001917 -0.000005  0.010787 -0.083352 -0.004595
8  -0.000117 -0.048880 -0.576227  1.494950 -0.074387 1.385560
9  3.224486 0.767048 0.000495  -0.144962 -0.245518 0.365382
10  3.223907 0.226396 -0.001945  -0.100745 -0.165900 0.292061
11  5.187319 -1.262557 -0.001176  0.000012 0.000066 0.194111
12  6.928406 -1.935311 -0.000226  -2.912490 -0.193381 -0.001930
13  3.236365 1.079615 0.000058  0.306014 -0.434168 0.865226
14  0.833761 3.805344 0.692956  -0.040492 0.554885 1.469865
15  0.000040 6.792211 0.000039  0.007991 0.036071 -0.011407
16  -0.000068 7.744816 0.000015  -0.017442 -0.155305 0.068153
17  0.000073 7.809706 0.000016  -0.033637 0.005026 0.006142
18  -0.000025 7.867671 0.000017  -0.073329 -0.127910 0.026376
19  3.494700 -1.749096 -3.006911  0.152547 2.070420 1.936938
20  0.000119 4.478323 0.000015  -0.194658 0.310431 -0.234996
21  0.000048 4.636118 -0.000029  0.035819 0.324592 -0.151767
22  -0.000045 5.008657 0.000010  0.076000 -0.286564 0.276091
23  0.000065 4.781168 0.000010  0.904405 -2.690903 -0.015801
24  2.253041 1.989052 -3.350105  -1.523632 1.324495 0.112393
25  0.000159 6.589466 0.000176  0.206356 -0.002128 -0.080395
26  0.000038 7.491415 0.000039  -0.333516 0.184455 -0.191163
27  0.000026 7.660304 -0.000061  -0.063173 0.127195 -0.062119
28  0.000004 7.256272 0.000016  -0.052939 -0.487829 0.313813
29  -0.791160 2.265115 -1.234655  -0.753900 1.136376 0.824664
30  -0.000253 8.572263 -0.000095  -0.222844 -0.296789 0.176505
31  -0.000095 8.117212 0.000049  0.072258 0.772520 -0.285586
32  -0.000082 8.230034 -0.000069  -0.080496 -0.347232 0.072252
33  0.000057 7.366727 0.000052  -0.015392 -0.663893 0.062743
34  0.224216 0.240119 -3.218157  -0.877382 1.468889 0.577819
35  -0.000102 7.721052 -0.000313  -0.283829 0.060495 -0.167556
36  -0.000030 7.374854 -0.000001  0.007537 -0.195020 0.049539
37  0.000075 6.848104 0.000003  0.005484 0.006497 -0.033649
38  -0.000052 7.777864 0.000007  -0.186097 0.182474 -0.152847
39  -1.514467 2.104642 -1.150166  -0.029093 0.541320 1.555671
40  -0.000163 6.982343 -0.000078  -0.199699 -0.041214 0.153490
41  0.000040 8.382859 -0.000070  0.044867 0.587987 -0.257958
42  0.000010 8.697702 -0.000028  -0.102637 -0.474319 0.290942
43  0.000058 8.921803 -0.000003  -0.076256 0.581004 -0.195602
44  1.196191 2.899148 -2.353086  -0.449719 1.030105 1.287423
45  0.000106 5.476940 0.000007  0.285574 -0.099353 -0.038446
46  -0.000071 6.060438 -0.000091  -0.155019 -0.575032 0.384609
47  0.000016 5.994261 0.000030  0.033940 0.288574 -0.067730
48  -0.000010 6.100486 0.000001  -0.068407 0.299273 -0.162152
49  0.000034 6.916759 0.000009  -0.096318 0.220533 -0.107966
50  0.000150 6.435055 -0.000043  -0.037456 0.171630 -0.116573
51  1.092795 3.649508 -1.738794  -0.148600 0.876612 1.445020
52  -0.000129 6.792207 -0.000101  0.008284 0.107792 -0.048643
53  -0.000087 7.744776 -0.000031  0.057137 -0.256893 0.015458
54  0.000087 9.115015 -0.000037  -0.020393 0.256253 -0.142636
55  3.494518 -1.749109 3.007066  0.118400 1.106974 1.813803
56  0.000015 4.323833 0.000086  -0.229908 -0.770943 0.449224
57  0.000027 4.872890 -0.000024  0.367245 -0.664052 -0.254033
58  0.000006 5.056651 0.000092  -0.511237 0.856585 -0.546326
59  2.292465 1.708609 3.661674  -1.762559 1.789109 -0.218978
60  -0.000174 6.589445 0.000273  -0.007133 -0.169123 0.176911
61  0.000174 7.491493 -0.000150  -0.132413 -0.107097 0.179327
62  -0.000139 8.249662 0.000144  0.041912 -0.058209 0.015813
63  0.000071 8.605234 -0.000026  0.101585 0.501824 -0.079696
64  -0.240485 2.066069 2.349267  -0.357330 2.461714 1.296076
65  -0.000094 7.721101 -0.000004  -0.208231 -0.126223 -0.116492
66  -0.000124 7.374866 -0.000047  -0.111017 0.046939 -0.046466
67  -0.000035 6.848063 -0.000025  0.273533 0.247522 0.299908
68  0.000033 7.777822 -0.000043  0.072921 0.186148 -0.052689
69  -0.000085 8.178053 0.000011  -0.087031 -0.422849 -0.381357
70  1.617608 3.431409 2.399265  -0.249453 2.569515 1.508568
71  -0.000166 5.476943 -0.000027  0.057729 0.074071 0.060287
72  -0.000093 6.060496 -0.000006  -0.015205 0.015650 -0.152067
73  0.000026 5.994246 0.000010  -0.126211 -0.157657 0.153303
74  -0.000078 7.076873 -0.000047  -0.008118 0.010384 0.036401
75  0.000003 7.089869 -0.000069  0.070875 0.098587 -0.025893
76  0.361111 0.886675 3.287747  -0.576368 1.978708 0.939011
77  -0.000065 6.686636 0.000226  -0.146568 0.414164 -0.327704
78  -0.000014 7.638019 0.000014  -0.079524 -0.025948 0.130953
79  -0.000035 7.290225 -0.000020  0.025325 -0.093908 0.023965
80  -0.000034 6.530364 0.000005  -0.261847 -0.300601 0.006734
81  0.000064 7.224883 0.000008  0.036506 0.032481 -0.175823
82  1.071898 3.225796 1.570117  -0.043804 2.859975 1.526244
83  0.000414 6.748901 -0.000067  -0.062703 0.083783 0.022203
84  -0.000050 8.002646 0.000026  -0.067497 -0.117209 -0.115600
85  0.000012 8.580573 -0.000098  0.088214 -0.007187 0.334606
86  0.000170 8.689830 -0.000040  0.065325 -0.412430 -0.134518
87  -1.514536 2.104634 0.318057  -0.024895 3.094491 1.569491
88  0.000196 6.982284 0.000011  -0.107588 -0.057624 -0.215715
89  -0.000011 8.382872 -0.000068  0.135030 -0.099914 0.287073
90  -0.000057 8.697671 0.000024  -0.148089 -0.510100 0.044838
91  -0.000136 8.921822 0.000080  -0.236828 -0.892635 0.098804
92  3.553617 -3.478052 2.409277  0.000821 0.762046 1.535304
93  -0.000005 4.476900 -0.000007  -0.151004 -0.588330 0.377259
94  0.000029 4.514123 -0.000023  -0.228868 -2.996200 0.592367
95  0.000041 4.518376 -0.000024  0.143171 2.612777 0.693383
96  0.000021 3.598327 0.000023  -0.749303 0.869852 -0.773233
97  4.209917 -0.440341 1.018824  -0.777703 -1.956794 -0.928861
98  4.265507 1.434230 -0.404992  -2.118635 -0.051805 -0.201655
99  9.400237 0.017940 0.083202  0.012684 -0.060545 -0.513829
100  10.242415 0.033591 0.064480  2.684039 -0.184871 -0.283104
101  3.465854 -0.059678 0.016693  -0.011007 -0.118829 -0.554772
102  1.655594 -0.000021 0.000020  -0.005161 -0.059973 -0.010578
103  0.960766 -0.000002 -0.000006  0.083403 0.083491 0.214825
104  3.462025 -0.064246 0.939907  0.354665 -0.254315 -0.481251
105  1.497179 -0.000008 0.000019  -0.482949 0.068672 0.068331
106  0.793761 0.000003 -0.000002  -0.012942 0.000316 -0.006482
107  0.591661 -0.460692 0.835207  -0.538566 -0.799914 -1.059487
108  1.556138 0.000004 0.000000  -0.371254 0.061860 0.269848
109  1.135906 0.000019 0.000003  0.072310 -0.141081 -0.034266
110  3.084267 -0.668821 -1.257085  -0.727973 0.323959 -0.835658
111  1.064203 -0.000002 0.000008  0.028224 0.085942 -0.363671
112  0.640338 0.000007 -0.000007  -0.087412 -0.029551 -0.207877
113  3.396820 -0.242138 -0.708690  -0.394207 0.087159 -0.711102
114  1.532967 0.000008 0.000005  0.034414 0.016772 -0.044916
115  0.832976 -0.000002 -0.000004  -0.056226 0.010210 0.060311
116  4.209939 -0.440339 -1.019277  -0.676940 1.201777 -2.460048
117  4.266748 1.424939 0.424936  1.395123 -0.530597 -0.908450
118  9.398564 0.011947 -0.082514  -0.047900 0.071292 -0.977170
119  10.242438 0.028175 -0.062912  -1.205315 0.311676 -0.416291
120  3.465750 -0.067521 0.002265  -0.248455 0.249273 -1.717372
121  1.655555 0.000004 0.000005  -0.141497 0.179353 -1.034958
122  0.960908 0.000005 -0.000001  0.011268 0.147563 -0.728914
123  3.466857 -0.077774 -0.920910  -0.490109 0.119614 -1.703998
124  1.497260 -0.000033 -0.000024  -0.549111 0.298050 -0.924744
125  0.793784 -0.000006 -0.000001  -0.173244 0.329684 -0.678278
126  0.595080 -0.467145 -0.829178  2.468103 0.674862 -0.728931
127  1.555676 0.000018 -0.000003  0.631203 0.516503 1.162741
128  1.136814 -0.000008 0.000003  0.578731 0.458677 1.086535
129  3.075975 -0.667963 1.277699  0.591235 0.297943 -1.442578
130  1.064592 0.000018 0.000011  0.029553 -0.119380 -0.869036
131  0.640361 -0.000012 -0.000004  -0.107949 -0.026355 -0.513083
132  3.392413 -0.245363 0.728375  0.123644 0.327585 -1.770026
133  1.532741 -0.000009 -0.000002  0.008519 0.016005 -0.780535
134  0.833150 0.000007 0.000005  -0.080172 -0.067563 -1.007779
135  3.590109 -3.090295 1.193972  1.635457 1.210566 1.548541
136  3.589557 -3.089876 -1.196370  -1.505736 1.210473 -1.592853
137  -0.436561 4.719027 -0.001074  0.001181 -1.570733 1.693274
138  0.000000 2.775456 -0.000239  -0.135089 0.000001 -0.000000
139  -0.000002 3.189769 0.000009  0.207820 -0.000000 -0.000000
140  0.000004 3.504651 0.000044  -0.261876 0.000000 -0.000000
141  -0.000001 2.863199 -0.000001  -0.051268 -0.000000 0.000000
time 1
0  -1.660216 1.564772 23.602770  1.570862 0.000000 -0.000000
1  0.002636 43.025146 0.734438  0.858817 -0.956592 -0.275867
2  3.061859 -4.181014 -0.610801  -2.457535 -0.353896 -0.993574
3  18.476776 0.000159 -0.000001  -0.050519 -0.111116 1.666446
4  17.490086 0.000115 0.000002  -0.287764 -0.068745 -2.355160
5  -3.065329 -4.183572 -0.611480  1.955719 -0.986291 0.914802
6  18.474855 -0.000036 -0.000010  0.000935 0.059100 0.757170
7  17.489586 0.001916 -0.000009  0.054986 -0.049246 -0.154811
8  -0.000116 -0.048883 -0.576224  1.490006 -0.083837 1.393824
9  3.224482 0.767047 0.000494  -0.148645 -0.236488 0.377098
10  3.223908 0.226402 -0.001946  -0.102695 -0.156652 0.299260
11  5.187321 -1.262561 -0.001177  0.000012 0.000066 0.194111
12  6.928409 -1.935317 -0.000226  -2.926219 -0.182337 -0.009846
13  3.236366 1.079611 0.000056  0.301303 -0.393874 0.847960
14  0.833762 3.805356 0.692954  -0.040492 0.554885 1.469865
15  0.000039 6.792208 0.000037  0.007991 0.036071 -0.011407
16  -0.000073 7.744814 0.000013  -0.017442 -0.155305 0.068153
17  0.000075 7.809703 0.000017  -0.033637 0.005026 0.006142
18  -0.000026 7.867672 0.000016  -0.073329 -0.127910 0.026375
19  3.494700 -1.749093 -3.006913  0.152547 2.070420 1.936938
20  0.000116 4.478318 0.000017  -0.194658 0.310431 -0.234996
21  0.000045 4.636117 -0.000031  0.035819 0.324592 -0.151767
22  -0.000040 5.008650 0.000014  0.076000 -0.286564 0.276091
23  0.000063 4.781168 0.000007  0.904405 -2.690904 -0.015801
24  2.253042 1.989057 -3.350109  -1.523632 1.324495 0.112393
25  0.000162 6.589468 0.000170  0.206356 -0.002128 -0.080395
26  0.000039 7.491416 0.000041  -0.333516 0.184455 -0.191163
27  0.000026 7.660302 -0.000058  -0.063173 0.127194 -0.062119
28  0.000007 7.256271 0.000015  -0.052939 -0.487829 0.313813
29  -0.791158 2.265120 -1.234657  -0.753899 1.136376 0.824665
30  -0.000257 8.572266 -0.000089  -0.222844 -0.296789 0.176505
31  -0.000093 8.117216 0.000048  0.072258 0.772520 -0.285587
32  -0.000082 8.230038 -0.000073  -0.080496 -0.347232 0.072252
33  0.000060 7.366724 0.000057  -0.015392 -0.663893 0.062743
34  0.224216 0.240128 -3.218158  -0.877381 1.468889 0.577819
35  -0.000099 7.721048 -0.000306  -0.283829 0.060495 -0.167556
36  -0.000031 7.374851 0.000001  0.007537 -0.195020 0.049540
37  0.000072 6.848101 0.000006  0.005484 0.006497 -0.033650
38  -0.000050 7.777865 0.000004  -0.186097 0.182474 -0.152847
39  -1.514465 2.104652 -1.150168  -0.029093 0.541320 1.555671
40  -0.000170 6.982346 -0.000077  -0.199699 -0.041214 0.153490
41  0.000039 8.382860 -0.000074  0.044867 0.587987 -0.257958
42  0.000013 8.697701 -0.000023  -0.102637 -0.474319 0.290942
43  0.000058 8.921803 -0.000003  -0.076256 0.581004 -0.195602
44  1.196193 2.899156 -2.353087  -0.449719 1.030105 1.287423
45  0.000106 5.476941 0.000010  0.285574 -0.099353 -0.038446
46  -0.000075 6.060435 -0.000090  -0.155019 -0.575032 0.384609
47  0.000019 5.994264 0.000029  0.033940 0.288574 -0.067730
48  -0.000006 6.100488 0.000003  -0.068407 0.299273 -0.162152
49  0.000036 6.916759 0.000009  -0.096318 0.220533 -0.107966
50  0.000149 6.435059 -0.000043  -0.037456 0.171630 -0.116573
51  1.092797 3.649513 -1.738795  -0.148600 0.876612 1.445020
52  -0.000130 6.792194 -0.000101  0.008285 0.107792 -0.048643
53  -0.000089 7.744778 -0.000032  0.057137 -0.256893 0.015458
54  0.000083 9.115017 -0.000040  -0.020393 0.256253 -0.142636
55  3.494516 -1.749101 3.007063  0.118400 1.106974 1.813803
56  0.000015 4.323838 0.000086  -0.229908 -0.770943 0.449223
57  0.000028 4.872895 -0.000020  0.367245 -0.664052 -0.254033
58  0.000001 5.056653 0.000091  -0.511237 0.856585 -0.546326
59  2.292468 1.708617 3.661673  -1.762559 1.789109 -0.218978
60  -0.000174 6.589447 0.000277  -0.007132 -0.169123 0.176911
61  0.000175 7.491495 -0.000155  -0.132413 -0.107097 0.179327
62  -0.000139 8.249662 0.000146  0.041912 -0.058209 0.015813
63  0.000073 8.605235 -0.000023  0.101585 0.501824 -0.079696
64  -0.240483 2.066076 2.349266  -0.357331 2.461714 1.296076
65  -0.000089 7.721105 -0.000001  -0.208231 -0.126223 -0.116492
66  -0.000123 7.374863 -0.000045  -0.111017 0.046939 -0.046466
67  -0.000039 6.848064 -0.000027  0.273533 0.247522 0.299908
68  0.000033 7.777823 -0.000045  0.072921 0.186148 -0.052689
69  -0.000084 8.178049 0.000011  -0.087031 -0.422849 -0.381357
70  1.617604 3.431411 2.399264  -0.249453 2.569515 1.508568
71  -0.000168 5.476942 -0.000030  0.057729 0.074071 0.060287
72  -0.000099 6.060491 -0.000005  -0.015205 0.015650 -0.152067
73  0.000021 5.994252 0.000012  -0.126211 -0.157657 0.153303
74  -0.000077 7.076872 -0.000047  -0.008118 0.010384 0.036401
75  -0.000001 7.089862 -0.000070  0.070875 0.098587 -0.025893
76  0.361114 0.886683 3.287745  -0.576369 1.978708 0.939011
77  -0.000065 6.686641 0.000221  -0.146568 0.414164 -0.327704
78  -0.000012 7.638016 0.000016  -0.079523 -0.025948 0.130953
79  -0.000028 7.290231 -0.000023  0.025325 -0.093908 0.023965
80  -0.000036 6.530367 0.000004  -0.261847 -0.300601 0.006734
81  0.000062 7.224881 0.000009  0.036505 0.032480 -0.175823
82  1.071898 3.225798 1.570115  -0.043805 2.859975 1.526244
83  0.000417 6.748900 -0.000065  -0.062703 0.083783 0.022203
84  -0.000048 8.002645 0.000026  -0.067497 -0.117209 -0.115600
85  0.000009 8.580572 -0.000097  0.088214 -0.007187 0.334606
86  0.000168 8.689831 -0.000042  0.065325 -0.412430 -0.134518
87  -1.514532 2.104640 0.318055  -0.024895 3.094491 1.569491
88  0.000195 6.982286 0.000011  -0.107588 -0.057624 -0.215716
89  -0.000008 8.382877 -0.000068  0.135030 -0.099914 0.287073
90  -0.000058 8.697676 0.000023  -0.148089 -0.510100 0.044838
91  -0.000136 8.921820 0.000078  -0.236828 -0.892635 0.098804
92  3.553616 -3.478045 2.409276  0.000821 0.762046 1.535304
93  -0.000002 4.476904 -0.000005  -0.151004 -0.588330 0.377259
94  0.000032 4.514122 -0.000023  -0.228868 -2.996199 0.592367
95  0.000042 4.518394 -0.000022  0.143171 2.612777 0.693382
96  0.000021 3.598329 0.000024  -0.749303 0.869852 -0.773233
97  4.209920 -0.440347 1.018825  -0.765293 -1.962449 -0.939784
98  4.265506 1.434230 -0.404991  -2.036297 -0.078966 -0.148270
99  9.400230 0.017943 0.083202  0.007344 -0.057436 -0.432215
100  10.242416 0.033590 0.064481  2.586610 -0.246942 -0.259170
101  3.465854 -0.059678 0.016694  -0.010806 -0.119220 -0.556090
102  1.655594 -0.000022 0.000023  -0.005174 -0.059652 -0.008618
103  0.960769 -0.000002 -0.000005  0.083642 0.083683 0.217037
104  3.462027 -0.064245 0.939909  0.354958 -0.254654 -0.483769
105  1.497179 -0.000008 0.000020  -0.482793 0.069812 0.070971
106  0.793761 0.000004 -0.000003  -0.012957 0.000007 -0.003067
107  0.591663 -0.460691 0.835206  -0.537862 -0.799992 -1.060350
108  1.556141 0.000003 0.000001  -0.371507 0.061831 0.269733
109  1.135904 0.000018 0.000005  0.072498 -0.140818 -0.033219
110  3.084269 -0.668820 -1.257085  -0.728209 0.324178 -0.835782
111  1.064202 -0.000003 0.000006  0.027683 0.086877 -0.373810
112  0.640338 0.000004 -0.000007  -0.088241 -0.030478 -0.219542
113  3.396823 -0.242137 -0.708689  -0.394374 0.086843 -0.711847
114  1.532968 0.000007 0.000006  0.034561 0.016872 -0.037893
115  0.832976 -0.000001 -0.000002  -0.055965 0.010942 0.067598
116  4.209942 -0.440346 -1.019279  -0.597883 1.207337 -2.378962
117  4.266748 1.424943 0.424938  1.436814 -0.477818 -0.981870
118  9.398562 0.011947 -0.082518  -0.041299 0.070730 -0.891729
119  10.242440 0.028175 -0.062910  -1.177252 0.300815 -0.329732
120  3.465748 -0.067520 0.002269  -0.248337 0.249286 -1.716848
121  1.655554 0.000005 0.000005  -0.141735 0.179421 -1.036368
122  0.960904 0.000003 -0.000001  0.010990 0.147878 -0.730523
123  3.466855 -0.077777 -0.920910  -0.490103 0.119620 -1.703946
124  1.497262 -0.000033 -0.000023  -0.549438 0.298318 -0.925808
125  0.793791 -0.000008 0.000000  -0.173725 0.330294 -0.679194
126  0.595079 -0.467147 -0.829177  2.468116 0.674856 -0.728880
127  1.555679 0.000017 -0.000001  0.631265 0.516540 1.162830
128  1.136812 -0.000008 -0.000005  0.578726 0.458676 1.086529
129  3.075974 -0.667964 1.277699  0.591374 0.297317 -1.441841
130  1.064600 0.000018 0.000010  0.029525 -0.119363 -0.868659
131  0.640357 -0.000014 -0.000004  -0.107913 -0.026329 -0.512670
132  3.392412 -0.245365 0.728376  0.123671 0.327564 -1.769949
133  1.532740 -0.000007 -0.000001  0.008506 0.016009 -0.780855
134  0.833151 0.000006 0.000005  -0.080198 -0.067585 -1.008110
135  3.590111 -3.090294 1.193971  1.635457 1.210566 1.548541
136  3.589559 -3.089879 -1.196372  -1.505736 1.210473 -1.592853
137  -0.436560 4.719025 -0.001076  0.000296 -1.570733 1.693255
138  -0.000001 2.775455 -0.000238  -0.135089 0.000001 -0.000000
139  -0.000002 3.189769 0.000009  0.207820 0.000000 0.000000
140  0.000000 3.504653 0.000052  -0.261876 0.000000 -0.000000
141  -0.000001 2.863200 -0.000002  -0.051268 0.000000 -0.000000
time 2
0  -4.195094 2.416874 23.724857  1.570862 0.000000 -0.000000
1  0.002636 43.025146 0.734438  0.840484 -0.837664 -0.297062
2  3.061857 -4.181009 -0.610803  -2.302855 -0.342001 -0.890984
3  18.476776 0.000159 -0.000001  -0.046086 -0.109324 1.607929
4  17.490086 0.000115 0.000007  -0.427983 -0.088692 -2.315014
5  -3.065331 -4.183574 -0.611480  1.960478 -0.969782 0.915262
6  18.474855 -0.000039 -0.000009  0.004395 0.068190 0.876111
7  17.489582 0.001916 -0.000008  0.092356 -0.002305 -0.272404
8  -0.000118 -0.048883 -0.576225  1.485237 -0.092593 1.402555
9  3.224483 0.767044 0.000494  -0.151388 -0.227202 0.387715
10  3.223912 0.226394 -0.001946  -0.104124 -0.146945 0.305821
11  5.187321 -1.262558 -0.001176  0.000012 0.000066 0.194111
12  6.928408 -1.935313 -0.000227  -2.939585 -0.172195 -0.015435
13  3.236365 1.079609 0.000056  0.297842 -0.352752 0.826569
14  0.833765 3.805354 0.692955  -0.040492 0.554885 1.469865
15  0.000037 6.792206 0.000037  0.007991 0.036071 -0.011407
16  -0.000068 7.744814 0.000018  -0.017442 -0.155305 0.068153
17  0.000074 7.809702 0.000019  -0.033637 0.005026 0.006142
18  -0.000027 7.867671 0.000019  -0.073329 -0.127910 0.026376
19  3.494701 -1.749095 -3.006912  0.152547 2.070420 1.936938
20  0.000119 4.478320 0.000017  -0.194658 0.310431 -0.234996
21  0.000047 4.636122 -0.000031  0.035819 0.324592 -0.151767
22  -0.000041 5.008651 0.000011  0.076000 -0.286564 0.276091
23  0.000067 4.781165 0.000009  0.904405 -2.690904 -0.015801
24  2.253040 1.989057 -3.350106  -1.523632 1.324495 0.112393
25  0.000163 6.589467 0.000171  0.206356 -0.002128 -0.080395
26  0.000042 7.491409 0.000047  -0.333516 0.184455 -0.191163
27  0.000023 7.660305 -0.000056  -0.063173 0.127194 -0.062119
28  0.000005 7.256269 0.000018  -0.052939 -0.487829 0.313813
29  -0.791160 2.265117 -1.234655  -0.753900 1.136376 0.824665
30  -0.000255 8.572263 -0.000092  -0.222844 -0.296789 0.176505
31  -0.000095 8.117207 0.000049  0.072258 0.772520 -0.285587
32  -0.000082 8.230033 -0.000070  -0.080496 -0.347232 0.072252
33  0.000057 7.366727 0.000052  -0.015392 -0.663893 0.062743
34  0.224218 0.240129 -3.218157  -0.877382 1.468889 0.577819
35  -0.000101 7.721052 -0.000303  -0.283829 0.060495 -0.167556
36  -0.000029 7.374848 -0.000002  0.007537 -0.195020 0.049540
37  0.000074 6.848104 0.000005  0.005484 0.006497 -0.033649
38  -0.000051 7.777862 0.000011  -0.186097 0.182474 -0.152847
39  -1.514461 2.104651 -1.150167  -0.029093 0.541320 1.555671
40  -0.000166 6.982352 -0.000076  -0.199699 -0.041214 0.153490
41  0.000038 8.382857 -0.000072  0.044867 0.587987 -0.257958
42  0.000013 8.697701 -0.000026  -0.102637 -0.474319 0.290942
43  0.000055 8.921802 -0.000003  -0.076256 0.581004 -0.195602
44  1.196197 2.899158 -2.353085  -0.449719 1.030105 1.287423
45  0.000104 5.476938 0.000004  0.285574 -0.099353 -0.038446
46  -0.000074 6.060432 -0.000090  -0.155019 -0.575032 0.384609
47  0.000022 5.994261 0.000032  0.033940 0.288574 -0.067730
48  -0.000007 6.100489 -0.000001  -0.068407 0.299273 -0.162152
49  0.000034 6.916758 0.000010  -0.096318 0.220533 -0.107966
50  0.000151 6.435057 -0.000044  -0.037456 0.171630 -0.116573
51  1.092798 3.649512 -1.738794  -0.148600 0.876612 1.445020
52  -0.000127 6.792198 -0.000101  0.008285 0.107792 -0.048643
53  -0.000091 7.744781 -0.000032  0.057137 -0.256893 0.015458
54  0.000086 9.115025 -0.000039  -0.020393 0.256253 -0.142636
55  3.494520 -1.749099 3.007064  0.118400 1.106974 1.813803
56  0.000016 4.323837 0.000092  -0.229908 -0.770943 0.449223
57  0.000031 4.872893 -0.000020  0.367245 -0.664052 -0.254032
58  0.000004 5.056655 0.000094  -0.511237 0.856585 -0.546325
59  2.292469 1.708614 3.661675  -1.762559 1.789109 -0.218978
60  -0.000174 6.589438 0.000276  -0.007132 -0.169123 0.176911
61  0.000172 7.491493 -0.000150  -0.132413 -0.107097 0.179327
62  -0.000140 8.249659 0.000149  0.041912 -0.058209 0.015813
63  0.000072 8.605236 -0.000028  0.101585 0.501824 -0.079696
64  -0.240484 2.066072 2.349267  -0.357331 2.461714 1.296076
65  -0.000089 7.721109 -0.000002  -0.208231 -0.126223 -0.116492
66  -0.000121 7.374868 -0.000045  -0.111017 0.046939 -0.046466
67  -0.000036 6.848060 -0.000025  0.273533 0.247522 0.299909
68  0.000035 7.777824 -0.000044  0.072921 0.186148 -0.052689
69  -0.000084 8.178050 0.000010  -0.087031 -0.422849 -0.381357
70  1.617608 3.431412 2.399266  -0.249453 2.569515 1.508568
71  -0.000164 5.476943 -0.000028  0.057729 0.074071 0.060287
72  -0.000094 6.060498 -0.000006  -0.015205 0.015650 -0.152066
73  0.000027 5.994245 0.000011  -0.126211 -0.157657 0.153303
74  -0.000079 7.076872 -0.000048  -0.008118 0.010384 0.036402
75  0.000004 7.089871 -0.000071  0.070875 0.098587 -0.025893
76  0.361114 0.886687 3.287747  -0.576369 1.978708 0.939011
77  -0.000065 6.686644 0.000226  -0.146568 0.414164 -0.327704
78  -0.000017 7.638011 0.000014  -0.079523 -0.025948 0.130953
79  -0.000032 7.290229 -0.000022  0.025325 -0.093908 0.023965
80  -0.000038 6.530367 0.000007  -0.261847 -0.300601 0.006734
81  0.000064 7.224879 0.000009  0.036505 0.032480 -0.175823
82  1.071900 3.225798 1.570114  -0.043804 2.859975 1.526244
83  0.000419 6.748903 -0.000066  -0.062703 0.083783 0.022203
84  -0.000051 8.002650 0.000026  -0.067497 -0.117209 -0.115600
85  0.000012 8.580571 -0.000097  0.088214 -0.007187 0.334605
86  0.000171 8.689832 -0.000041  0.065325 -0.412430 -0.134518
87  -1.514531 2.104644 0.318056  -0.024895 3.094491 1.569491
88  0.000189 6.982285 0.000011  -0.107588 -0.057625 -0.215716
89  -0.000007 8.382874 -0.000067  0.135030 -0.099914 0.287073
90  -0.000058 8.697669 0.000023  -0.148089 -0.510100 0.044839
91  -0.000136 8.921823 0.000080  -0.236828 -0.892635 0.098804
92  3.553616 -3.478045 2.409278  0.000821 0.762046 1.535304
93  0.000003 4.476896 -0.000006  -0.151004 -0.588330 0.377259
94  0.000032 4.514121 -0.000023  -0.228868 -2.996199 0.592367
95  0.000044 4.518376 -0.000025  0.143171 2.612777 0.693383
96  0.000024 3.598332 0.000024  -0.749303 0.869851 -0.773233
97  4.209918 -0.440345 1.018824  -0.753005 -1.968186 -0.950604
98  4.265509 1.434231 -0.404992  -1.953348 -0.110240 -0.095978
99  9.400232 0.017942 0.083202  0.002135 -0.053796 -0.348307
100  10.242416 0.033591 0.064480  2.485379 -0.306746 -0.228166
101  3.465855 -0.059677 0.016692  -0.010606 -0.119611 -0.557409
102  1.655597 -0.000021 0.000021  -0.005186 -0.059331 -0.006658
103  0.960768 -0.000002 -0.000006  0.083881 0.083875 0.219249
104  3.462028 -0.064245 0.939909  0.355249 -0.254993 -0.486287
105  1.497177 -0.000008 0.000021  -0.482566 0.070997 0.073727
106  0.793760 0.000003 -0.000001  -0.012914 -0.000238 0.000353
107  0.591663 -0.460690 0.835205  -0.537160 -0.800072 -1.061212
108  1.556139 0.000001 0.000001  -0.371764 0.061765 0.269565
109  1.135904 0.000017 0.000004  0.072683 -0.140629 -0.032217
110  3.084268 -0.668818 -1.257086  -0.728447 0.324396 -0.835907
111  1.064202 -0.000003 0.000006  0.027132 0.087805 -0.383949
112  0.640338 0.000004 -0.000007  -0.089055 -0.031478 -0.231158
113  3.396822 -0.242137 -0.708690  -0.394542 0.086527 -0.712592
114  1.532969 0.000007 0.000007  0.034780 0.016920 -0.030564
115  0.832973 -0.000004 -0.000004  -0.055682 0.011563 0.075141
116  4.209942 -0.440342 -1.019278  -0.543962 1.212570 -2.323238
117  4.266747 1.424941 0.424938  1.457920 -0.418346 -1.035314
118  9.398565 0.011946 -0.082516  -0.035506 0.069764 -0.815993
119  10.242439 0.028171 -0.062907  -1.143603 0.278645 -0.251655
120  3.465748 -0.067529 0.002268  -0.248220 0.249300 -1.716324
121  1.655559 0.000006 0.000006  -0.141972 0.179491 -1.037779
122  0.960910 0.000008 0.000002  0.010711 0.148192 -0.732133
123  3.466854 -0.077785 -0.920909  -0.490099 0.119627 -1.703894
124  1.497252 -0.000034 -0.000022  -0.549763 0.298587 -0.926871
125  0.793787 -0.000004 -0.000001  -0.174208 0.330904 -0.680110
126  0.595079 -0.467150 -0.829175  2.468128 0.674851 -0.728828
127  1.555676 0.000013 -0.000001  0.631327 0.516577 1.162920
128  1.136807 -0.000010 -0.000000  0.578721 0.458675 1.086525
129  3.075974 -0.667969 1.277702  0.591515 0.296690 -1.441104
130  1.064591 0.000020 0.000011  0.029495 -0.119347 -0.868283
131  0.640361 -0.000014 -0.000003  -0.107877 -0.026303 -0.512257
132  3.392411 -0.245375 0.728377  0.123698 0.327543 -1.769874
133  1.532740 -0.000008 -0.000001  0.008495 0.016013 -0.781175
134  0.833155 0.000007 0.000006  -0.080223 -0.067607 -1.008439
135  3.590109 -3.090296 1.193973  1.635456 1.210566 1.548541
136  3.589558 -3.089881 -1.196370  -1.505736 1.210473 -1.592853
137  -0.436561 4.719028 -0.001073  -0.000473 -1.570733 1.692501
138  0.000003 2.775455 -0.000239  -0.135089 0.000001 -0.000000
139  -0.000001 3.189769 0.000007  0.207820 -0.000000 0.000000
140  0.000003 3.504653 0.000045  -0.261876 0.000000 -0.000000
141  0.000003 2.863200 0.000001  -0.051268 -0.000000 -0.000000
time 3
0  -6.922745 3.020262 23.843512  1.570862 0.000000 -0.000000
1  0.002636 43.025146 0.734438  0.817759 -0.726073 -0.311742
2  3.061858 -4.181012 -0.610805  -2.240575 -0.282727 -0.752256
3  18.476770 0.000159 -0.000002  -0.038857 -0.105719 1.509032
4  17.490086 0.000118 0.000003  -0.555494 -0.019217 -2.260111
5  -3.065330 -4.183576 -0.611480  1.977278 -0.951980 0.905863
6  18.474855 -0.000032 -0.000010  0.008761 0.076550 0.991525
7  17.489584 0.001914 -0.000006  0.118720 0.056892 -0.381662
8  -0.000117 -0.048881 -0.576226  1.482378 -0.099628 1.411956
9  3.224483 0.767049 0.000493  -0.150166 -0.217571 0.395696
10  3.223909 0.226398 -0.001947  -0.103109 -0.136646 0.310620
11  5.187320 -1.262559 -0.001182  0.000012 0.000066 0.194111
12  6.928409 -1.935315 -0.000225  -2.953853 -0.163140 -0.012566
13  3.236365 1.079615 0.000055  0.294731 -0.306771 0.790005
14  0.833761 3.805356 0.692955  -0.040492 0.554885 1.469865
15  0.000042 6.792209 0.000041  0.007991 0.036071 -0.011407
16  -0.000067 7.744820 0.000016  -0.017442 -0.155305 0.068153
17  0.000068 7.809705 0.000014  -0.033637 0.005026 0.006142
18  -0.000026 7.867674 0.000018  -0.073329 -0.127910 0.026375
19  3.494703 -1.749090 -3.006912  0.152547 2.070419 1.936938
20  0.000120 4.478315 0.000022  -0.194658 0.310431 -0.234996
21  0.000048 4.636115 -0.000030  0.035819 0.324592 -0.151767
22  -0.000043 5.008649 0.000013  0.076000 -0.286564 0.276091
23  0.000063 4.781162 0.000008  0.904405 -2.690904 -0.015802
24  2.253037 1.989058 -3.350106  -1.523633 1.324495 0.112393
25  0.000163 6.589458 0.000168  0.206356 -0.002129 -0.080395
26  0.000043 7.491415 0.000042  -0.333516 0.184455 -0.191163
27  0.000024 7.660305 -0.000056  -0.063173 0.127195 -0.062119
28  0.000006 7.256269 0.000020  -0.052939 -0.487829 0.313813
29  -0.791159 2.265119 -1.234656  -0.753899 1.136376 0.824664
30  -0.000255 8.572261 -0.000091  -0.222844 -0.296789 0.176505
31  -0.000094 8.117212 0.000051  0.072258 0.772520 -0.285587
32  -0.000083 8.230035 -0.000074  -0.080496 -0.347232 0.072252
33  0.000060 7.366723 0.000053  -0.015392 -0.663893 0.062743
34  0.224218 0.240127 -3.218159  -0.877382 1.468889 0.577819
35  -0.000102 7.721054 -0.000307  -0.283829 0.060495 -0.167556
36  -0.000030 7.374852 -0.000000  0.007537 -0.195020 0.049540
37  0.000076 6.848104 0.000004  0.005484 0.006497 -0.033650
38  -0.000051 7.777860 0.000010  -0.186097 0.182474 -0.152847
39  -1.514464 2.104651 -1.150168  -0.029093 0.541320 1.555671
40  -0.000167 6.982343 -0.000074  -0.199699 -0.041214 0.153490
41  0.000038 8.382860 -0.000073  0.044867 0.587987 -0.257958
42  0.000013 8.697698 -0.000027  -0.102637 -0.474319 0.290942
43  0.000056 8.921802 -0.000003  -0.076256 0.581004 -0.195602
44  1.196191 2.899158 -2.353086  -0.449719 1.030105 1.287423
45  0.000108 5.476941 0.000005  0.285574 -0.099353 -0.038446
46  -0.000073 6.060437 -0.000091  -0.155019 -0.575032 0.384609
47  0.000018 5.994261 0.000031  0.033940 0.288574 -0.067730
48  -0.000008 6.100487 0.000001  -0.068407 0.299273 -0.162152
49  0.000035 6.916758 0.000012  -0.096318 0.220533 -0.107966
50  0.000149 6.435057 -0.000047  -0.037456 0.171630 -0.116573
51  1.092796 3.649516 -1.738794  -0.148600 0.876612 1.445020
52  -0.000133 6.792200 -0.000105  0.008285 0.107792 -0.048643
53  -0.000089 7.744772 -0.000034  0.057137 -0.256893 0.015458
54  0.000082 9.115018 -0.000037  -0.020393 0.256253 -0.142636
55  3.494516 -1.749100 3.007063  0.118400 1.106974 1.813803
56  0.000014 4.323840 0.000088  -0.229908 -0.770943 0.449224
57  0.000032 4.872897 -0.000019  0.367245 -0.664052 -0.254033
58  0.000004 5.056651 0.000091  -0.511238 0.856585 -0.546326
59  2.292464 1.708614 3.661675  -1.762559 1.789109 -0.218978
60  -0.000172 6.589437 0.000274  -0.007132 -0.169123 0.176911
61  0.000173 7.491495 -0.000159  -0.132413 -0.107097 0.179327
62  -0.000139 8.249658 0.000143  0.041912 -0.058209 0.015813
63  0.000072 8.605235 -0.000027  0.101585 0.501824 -0.079696
64  -0.240485 2.066074 2.349267  -0.357330 2.461714 1.296076
65  -0.000083 7.721105 -0.000003  -0.208231 -0.126223 -0.116492
66  -0.000123 7.374865 -0.000045  -0.111017 0.046939 -0.046466
67  -0.000037 6.848061 -0.000025  0.273533 0.247522 0.299909
68  0.000035 7.777822 -0.000044  0.072921 0.186148 -0.052689
69  -0.000082 8.178053 0.000010  -0.087031 -0.422849 -0.381357
70  1.617606 3.431413 2.399265  -0.249453 2.569515 1.508568
71  -0.000158 5.476946 -0.000030  0.057729 0.074071 0.060287
72  -0.000087 6.060491 -0.000005  -0.015205 0.015650 -0.152067
73  0.000026 5.994249 0.000013  -0.126211 -0.157657 0.153303
74  -0.000074 7.076874 -0.000047  -0.008118 0.010384 0.036402
75  0.000007 7.089867 -0.000069  0.070875 0.098587 -0.025893
76  0.361112 0.886686 3.287745  -0.576369 1.978708 0.939011
77  -0.000068 6.686644 0.000231  -0.146568 0.414164 -0.327704
78  -0.000015 7.638015 0.000011  -0.079523 -0.025948 0.130953
79  -0.000033 7.290224 -0.000020  0.025325 -0.093908 0.023965
80  -0.000032 6.530366 0.000003  -0.261847 -0.300601 0.006734
81  0.000065 7.224884 0.000009  0.036506 0.032481 -0.175823
82  1.071898 3.225797 1.570115  -0.043805 2.859975 1.526244
83  0.000420 6.748906 -0.000066  -0.062703 0.083783 0.022203
84  -0.000044 8.002647 0.000027  -0.067497 -0.117209 -0.115600
85  0.000015 8.580572 -0.000098  0.088214 -0.007187 0.334606
86  0.000170 8.689831 -0.000041  0.065325 -0.412430 -0.134518
87  -1.514532 2.104640 0.318055  -0.024895 3.094491 1.569491
88  0.000195 6.982285 0.000012  -0.107588 -0.057625 -0.215715
89  -0.000010 8.382873 -0.000067  0.135030 -0.099914 0.287073
90  -0.000058 8.697673 0.000024  -0.148089 -0.510100 0.044838
91  -0.000136 8.921824 0.000080  -0.236828 -0.892635 0.098804
92  3.553617 -3.478040 2.409276  0.000821 0.762046 1.535304
93  0.000002 4.476902 -0.000008  -0.151004 -0.588330 0.377259
94  0.000031 4.514120 -0.000022  -0.228868 -2.996200 0.592367
95  0.000043 4.518387 -0.000022  0.143171 2.612777 0.693383
96  0.000024 3.598330 0.000024  -0.749303 0.869852 -0.773233
97  4.209919 -0.440351 1.018823  -0.741259 -1.973910 -0.960798
98  4.265500 1.434228 -0.404997  -1.866955 -0.147894 -0.047756
99  9.400234 0.017942 0.083202  -0.002479 -0.049975 -0.269184
100  10.242421 0.033591 0.064480  2.381226 -0.362516 -0.191218
101  3.465856 -0.059677 0.016692  -0.010403 -0.120001 -0.558727
102  1.655598 -0.000021 0.000021  -0.005167 -0.059012 -0.004730
103  0.960770 -0.000003 -0.000005  0.084121 0.084067 0.221461
104  3.462028 -0.064245 0.939907  0.355468 -0.255288 -0.488799
105  1.497177 -0.000008 0.000023  -0.482404 0.072192 0.076344
106  0.793760 0.000004 -0.000002  -0.012933 -0.000536 0.003647
107  0.591663 -0.460690 0.835204  -0.536434 -0.800081 -1.062110
108  1.556140 0.000003 0.000000  -0.372014 0.061753 0.269585
109  1.135905 0.000019 0.000005  0.072872 -0.140367 -0.031171
110  3.084270 -0.668821 -1.257087  -0.728683 0.324614 -0.836031
111  1.064202 -0.000003 0.000004  0.026544 0.088721 -0.394073
112  0.640339 0.000005 -0.000004  -0.089926 -0.032432 -0.242906
113  3.396823 -0.242137 -0.708691  -0.394709 0.086210 -0.713338
114  1.532968 0.000006 0.000004  0.034935 0.016957 -0.023908
115  0.832975 -0.000003 0.000000  -0.055471 0.012266 0.082127
116  4.209941 -0.440344 -1.019278  -0.569066 1.222803 -2.347645
117  4.266750 1.424941 0.424937  1.433968 -0.347090 -1.040557
118  9.398568 0.011946 -0.082515  -0.031833 0.068913 -0.767378
119  10.242440 0.028180 -0.062911  -1.085500 0.226239 -0.192729
120  3.465747 -0.067532 0.002268  -0.248096 0.249314 -1.715800
121  1.655558 0.000005 0.000006  -0.142213 0.179554 -1.039191
122  0.960908 0.000006 0.000001  0.010433 0.148506 -0.733743
123  3.466854 -0.077781 -0.920908  -0.490092 0.119633 -1.703842
124  1.497260 -0.000034 -0.000021  -0.550091 0.298854 -0.927935
125  0.793789 -0.000012 -0.000001  -0.174691 0.331515 -0.681027
126  0.595078 -0.467156 -0.829176  2.468141 0.674845 -0.728777
127  1.555675 0.000011 -0.000003  0.631388 0.516614 1.163010
128  1.136818 -0.000007 -0.000003  0.578717 0.458673 1.086520
129  3.075973 -0.667967 1.277702  0.591654 0.296064 -1.440367
130  1.064591 0.000017 0.000010  0.029467 -0.119330 -0.867908
131  0.640362 -0.000015 -0.000004  -0.107841 -0.026277 -0.511843
132  3.392411 -0.245372 0.728377  0.123726 0.327522 -1.769797
133  1.532738 -0.000008 -0.000000  0.008482 0.016016 -0.781496
134  0.833149 0.000009 0.000006  -0.080249 -0.067629 -1.008768
135  3.590110 -3.090292 1.193968  1.635457 1.210566 1.548541
136  3.589558 -3.089879 -1.196378  -1.505736 1.210473 -1.592853
137  -0.436561 4.719030 -0.001077  0.000118 -1.570733 1.692727
138  -0.000003 2.775455 -0.000238  -0.135089 0.000001 -0.000000
139  0.000003 3.189769 0.000004  0.207820 -0.000000 0.000000
140  0.000000 3.504653 0.000046  -0.261876 -0.000000 -0.000000
141  -0.000002 2.863201 -0.000005  -0.051268 -0.000000 -0.000000
time 4
0  -9.250621 3.476141 23.975269  1.570862 0.000000 -0.000000
1  0.002636 43.025146 0.734438  0.788394 -0.620607 -0.314891
2  3.061858 -4.181012 -0.610804  -2.219069 -0.240619 -0.619832
3  18.476776 0.000158 -0.000001  -0.031882 -0.101323 1.408081
4  17.490086 0.000116 0.000002  -0.672430 0.046981 -2.163727
5  -3.065330 -4.183576 -0.611481  1.986208 -0.954534 0.901543
6  18.474855 -0.000033 -0.000008  0.012156 0.081762 1.067643
7  17.489584 0.001916 -0.000006  0.126973 0.111727 -0.462400
8  -0.000117 -0.048883 -0.576225  1.477550 -0.105495 1.422576
9  3.224481 0.767047 0.000496  -0.150714 -0.206341 0.401890
10  3.223912 0.226401 -0.001946  -0.103314 -0.125022 0.314271
11  5.187321 -1.262557 -0.001181  0.000012 0.000066 0.194111
12  6.928411 -1.935313 -0.000232  -2.963207 -0.157424 -0.009296
13  3.236365 1.079610 0.000061  0.300173 -0.260758 0.748221
14  0.833757 3.805351 0.692955  -0.040492 0.554885 1.469865
15  0.000041 6.792203 0.000043  0.007991 0.036071 -0.011407
16  -0.000064 7.744812 0.000017  -0.017442 -0.155305 0.068153
17  0.000072 7.809703 0.000017  -0.033637 0.005026 0.006142
18  -0.000025 7.867671 0.000019  -0.073329 -0.127910 0.026375
19  3.494699 -1.749096 -3.006912  0.152547 2.070420 1.936938
20  0.000120 4.478327 0.000018  -0.194658 0.310431 -0.234996
21  0.000047 4.636113 -0.000029  0.035819 0.324592 -0.151767
22  -0.000045 5.008651 0.000014  0.076000 -0.286564 0.276091
23  0.000067 4.781164 0.000012  0.904405 -2.690904 -0.015802
24  2.253035 1.989056 -3.350105  -1.523632 1.324495 0.112393
25  0.000161 6.589466 0.000175  0.206356 -0.002128 -0.080395
26  0.000040 7.491416 0.000044  -0.333516 0.184455 -0.191163
27  0.000026 7.660305 -0.000056  -0.063173 0.127194 -0.062119
28  0.000006 7.256271 0.000018  -0.052939 -0.487829 0.313813
29  -0.791162 2.265115 -1.234655  -0.753900 1.136376 0.824664
30  -0.000257 8.572260 -0.000094  -0.222844 -0.296788 0.176505
31  -0.000094 8.117208 0.000052  0.072258 0.772520 -0.285587
32  -0.000081 8.230036 -0.000070  -0.080496 -0.347232 0.072252
33  0.000059 7.366727 0.000051  -0.015392 -0.663893 0.062743
34  0.224214 0.240122 -3.218158  -0.877382 1.468889 0.577819
35  -0.000102 7.721054 -0.000310  -0.283829 0.060496 -0.167556
36  -0.000031 7.374851 -0.000002  0.007537 -0.195020 0.049540
37  0.000075 6.848101 0.000006  0.005484 0.006497 -0.033650
38  -0.000052 7.777863 0.000010  -0.186097 0.182474 -0.152847
39  -1.514469 2.104647 -1.150167  -0.029093 0.541320 1.555671
40  -0.000167 6.982346 -0.000072  -0.199699 -0.041214 0.153490
41  0.000041 8.382862 -0.000072  0.044867 0.587987 -0.257958
42  0.000015 8.697701 -0.000026  -0.102637 -0.474319 0.290942
43  0.000058 8.921803 -0.000000  -0.076256 0.581004 -0.195602
44  1.196191 2.899152 -2.353086  -0.449719 1.030105 1.287423
45  0.000107 5.476940 0.000006  0.285574 -0.099353 -0.038446
46  -0.000067 6.060435 -0.000084  -0.155019 -0.575032 0.384609
47  0.000015 5.994265 0.000027  0.033940 0.288574 -0.067730
48  -0.000009 6.100486 0.000001  -0.068407 0.299273 -0.162152
49  0.000036 6.916759 0.000008  -0.096318 0.220533 -0.107966
50  0.000150 6.435061 -0.000041  -0.037456 0.171630 -0.116573
51  1.092790 3.649509 -1.738794  -0.148600 0.876612 1.445020
52  -0.000130 6.792205 -0.000098  0.008284 0.107792 -0.048643
53  -0.000086 7.744775 -0.000032  0.057137 -0.256893 0.015458
54  0.000087 9.115021 -0.000040  -0.020393 0.256253 -0.142636
55  3.494516 -1.749102 3.007064  0.118400 1.106974 1.813803
56  0.000014 4.323837 0.000089  -0.229908 -0.770943 0.449224
57  0.000026 4.872900 -0.000024  0.367245 -0.664052 -0.254033
58  0.000005 5.056646 0.000091  -0.511238 0.856585 -0.546326
59  2.292464 1.708612 3.661675  -1.762559 1.789109 -0.218978
60  -0.000173 6.589437 0.000276  -0.007132 -0.169123 0.176911
61  0.000174 7.491497 -0.000155  -0.132413 -0.107097 0.179327
62  -0.000140 8.249657 0.000140  0.041912 -0.058209 0.015813
63  0.000072 8.605237 -0.000026  0.101585 0.501824 -0.079696
64  -0.240491 2.066069 2.349267  -0.357330 2.461714 1.296076
65  -0.000089 7.721107 -0.000002  -0.208231 -0.126223 -0.116492
66  -0.000124 7.374863 -0.000045  -0.111017 0.046939 -0.046466
67  -0.000035 6.848064 -0.000028  0.273533 0.247522 0.299909
68  0.000037 7.777822 -0.000043  0.072921 0.186148 -0.052689
69  -0.000087 8.178053 0.000010  -0.087031 -0.422849 -0.381357
70  1.617602 3.431407 2.399266  -0.249453 2.569515 1.508568
71  -0.000160 5.476945 -0.000029  0.057729 0.074071 0.060287
72  -0.000093 6.060493 -0.000005  -0.015205 0.015650 -0.152067
73  0.000025 5.994248 0.000012  -0.126211 -0.157657 0.153303
74  -0.000074 7.076876 -0.000046  -0.008118 0.010384 0.036401
75  0.000003 7.089869 -0.000069  0.070875 0.098587 -0.025893
76  0.361110 0.886683 3.287746  -0.576369 1.978708 0.939011
77  -0.000066 6.686646 0.000220  -0.146568 0.414164 -0.327704
78  -0.000005 7.638023 0.000012  -0.079523 -0.025948 0.130953
79  -0.000034 7.290229 -0.000018  0.025325 -0.093908 0.023965
80  -0.000036 6.530364 0.000009  -0.261847 -0.300601 0.006734
81  0.000063 7.224881 0.000009  0.036505 0.032481 -0.175823
82  1.071896 3.225797 1.570116  -0.043805 2.859975 1.526244
83  0.000413 6.748898 -0.000066  -0.062703 0.083783 0.022203
84  -0.000045 8.002643 0.000026  -0.067497 -0.117209 -0.115600
85  0.000013 8.580569 -0.000097  0.088214 -0.007187 0.334606
86  0.000167 8.689829 -0.000041  0.065325 -0.412430 -0.134518
87  -1.514537 2.104636 0.318056  -0.024895 3.094491 1.569491
88  0.000187 6.982280 0.000011  -0.107588 -0.057624 -0.215715
89  -0.000009 8.382874 -0.000067  0.135030 -0.099914 0.287073
90  -0.000063 8.697672 0.000023  -0.148089 -0.510100 0.044838
91  -0.000140 8.921822 0.000080  -0.236828 -0.892635 0.098804
92  3.553612 -3.478048 2.409277  0.000821 0.762046 1.535304
93  -0.000002 4.476899 -0.000012  -0.151004 -0.588330 0.377259
94  0.000034 4.514123 -0.000021  -0.228868 -2.996200 0.592367
95  0.000044 4.518380 -0.000020  0.143171 2.612777 0.693383
96  0.000029 3.598327 0.000025  -0.749303 0.869851 -0.773233
97  4.209920 -0.440347 1.018819  -0.730914 -1.979537 -0.969699
98  4.265502 1.434231 -0.404991  -1.789585 -0.182903 -0.007788
99  9.400236 0.017941 0.083202  -0.006159 -0.046443 -0.201873
100  10.242422 0.033591 0.064482  2.275544 -0.412604 -0.150065
101  3.465857 -0.059678 0.016694  -0.010201 -0.120391 -0.560045
102  1.655595 -0.000022 0.000022  -0.005205 -0.058713 -0.002859
103  0.960767 -0.000000 -0.000006  0.084355 0.084300 0.223543
104  3.462029 -0.064246 0.939909  0.355795 -0.255646 -0.491572
105  1.497177 -0.000009 0.000021  -0.482190 0.073238 0.078760
106  0.793759 0.000005 -0.000003  -0.012897 -0.000749 0.006702
107  0.591663 -0.460691 0.835207  -0.535742 -0.799890 -1.063059
108  1.556142 0.000002 0.000001  -0.372233 0.061943 0.269842
109  1.135901 0.000017 0.000005  0.073059 -0.140072 -0.029753
110  3.084270 -0.668820 -1.257084  -0.728930 0.324850 -0.836166
111  1.064202 -0.000002 0.000003  0.025943 0.089619 -0.404367
112  0.640336 0.000005 -0.000010  -0.090718 -0.033445 -0.254731
113  3.396821 -0.242137 -0.708689  -0.394876 0.085894 -0.714082
114  1.532969 0.000006 0.000004  0.035076 0.017050 -0.018595
115  0.832975 -0.000004 -0.000003  -0.055349 0.012755 0.087648
116  4.209943 -0.440341 -1.019283  -0.629615 1.234170 -2.407872
117  4.266745 1.424940 0.424937  1.389711 -0.266966 -1.018050
118  9.398566 0.011950 -0.082515  -0.029201 0.068187 -0.732171
119  10.242439 0.028181 -0.062908  -1.036553 0.163778 -0.159117
120  3.465748 -0.067527 0.002268  -0.247985 0.249327 -1.715277
121  1.655561 0.000006 0.000006  -0.142448 0.179627 -1.040600
122  0.960907 0.000003 0.000001  0.010153 0.148819 -0.735353
123  3.466855 -0.077785 -0.920910  -0.490087 0.119640 -1.703789
124  1.497263 -0.000033 -0.000022  -0.550417 0.299122 -0.928999
125  0.793791 -0.000008 0.000003  -0.175175 0.332124 -0.681944
126  0.595079 -0.467155 -0.829175  2.468154 0.674839 -0.728726
127  1.555675 0.000014 -0.000003  0.631450 0.516652 1.163099
128  1.136816 -0.000008 -0.000003  0.578712 0.458672 1.086515
129  3.075973 -0.667970 1.277700  0.591792 0.295438 -1.439630
130  1.064597 0.000019 0.000010  0.029438 -0.119314 -0.867531
131  0.640358 -0.000007 -0.000004  -0.107805 -0.026251 -0.511430
132  3.392412 -0.245369 0.728377  0.123750 0.327501 -1.769721
133  1.532735 -0.000010 -0.000001  0.008472 0.016022 -0.781815
134  0.833151 0.000012 0.000005  -0.080274 -0.067651 -1.009098
135  3.590111 -3.090291 1.193972  1.635457 1.210566 1.548541
136  3.589558 -3.089874 -1.196370  -1.505736 1.210473 -1.592853
137  -0.436560 4.719030 -0.001076  -0.000472 -1.570733 1.692890
138  -0.000001 2.775455 -0.000239  -0.135089 0.000001 -0.000000
139  0.000004 3.189769 0.000003  0.207820 -0.000000 0.000000
140  0.000006 3.504650 0.000040  -0.261876 -0.000000 -0.000000
141  -0.000000 2.863201 -0.000001  -0.051268 0.000000 -0.000000
time 5
0  -10.471863 3.830945 24.131670  1.570862 0.000000 -0.000000
1  0.002636 43.025146 0.734438  0.752568 -0.525338 -0.302761
2  3.061859 -4.181012 -0.610801  -2.209467 -0.256124 -0.527624
3  18.476772 0.000158 0.000001  -0.028646 -0.098925 1.358780
4  17.490086 0.000119 0.000003  -0.792364 0.039721 -1.997923
5  -3.065329 -4.183575 -0.611475  1.954063 -0.998424 0.927461
6  18.474855 -0.000037 -0.000009  0.013156 0.083144 1.088518
7  17.489584 0.001914 -0.000006  0.109446 0.136927 -0.513218
8  -0.000116 -0.048881 -0.576223  1.465676 -0.110298 1.435394
9  3.224483 0.767045 0.000495  -0.159908 -0.191596 0.406643
10  3.223911 0.226398 -0.001945  -0.109497 -0.110863 0.316787
11  5.187321 -1.262558 -0.001180  0.000012 0.000066 0.194111
12  6.928410 -1.935318 -0.000227  -2.959581 -0.159664 -0.013239
13  3.236362 1.079619 0.000059  0.331972 -0.217499 0.706908
14  0.833760 3.805356 0.692955  -0.040492 0.554885 1.469865
15  0.000036 6.792209 0.000042  0.007991 0.036071 -0.011407
16  -0.000064 7.744817 0.000019  -0.017442 -0.155305 0.068153
17  0.000071 7.809706 0.000019  -0.033637 0.005026 0.006142
18  -0.000029 7.867672 0.000017  -0.073329 -0.127910 0.026375
19  3.494698 -1.749089 -3.006912  0.152547 2.070420 1.936938
20  0.000120 4.478318 0.000020  -0.194658 0.310431 -0.234996
21  0.000050 4.636116 -0.000029  0.035819 0.324592 -0.151767
22  -0.000043 5.008654 0.000013  0.076000 -0.286564 0.276091
23  0.000064 4.781165 0.000007  0.904405 -2.690904 -0.015802
24  2.253040 1.989063 -3.350106  -1.523632 1.324495 0.112393
25  0.000163 6.589468 0.000163  0.206356 -0.002128 -0.080395
26  0.000043 7.491414 0.000044  -0.333516 0.184455 -0.191163
27  0.000026 7.660303 -0.000056  -0.063173 0.127194 -0.062119
28  0.000005 7.256270 0.000020  -0.052939 -0.487829 0.313813
29  -0.791159 2.265122 -1.234656  -0.753899 1.136376 0.824664
30  -0.000257 8.572260 -0.000092  -0.222844 -0.296789 0.176505
31  -0.000092 8.117210 0.000048  0.072258 0.772520 -0.285586
32  -0.000084 8.230032 -0.000069  -0.080496 -0.347232 0.072252
33  0.000057 7.366724 0.000056  -0.015393 -0.663893 0.062743
34  0.224214 0.240130 -3.218158  -0.877382 1.468889 0.577819
35  -0.000101 7.721051 -0.000301  -0.283829 0.060496 -0.167556
36  -0.000030 7.374849 -0.000000  0.007537 -0.195020 0.049540
37  0.000076 6.848101 0.000005  0.005484 0.006497 -0.033650
38  -0.000051 7.777860 0.000009  -0.186097 0.182474 -0.152847
39  -1.514468 2.104653 -1.150167  -0.029093 0.541320 1.555671
40  -0.000167 6.982350 -0.000075  -0.199699 -0.041214 0.153490
41  0.000038 8.382866 -0.000073  0.044867 0.587987 -0.257958
42  0.000015 8.697703 -0.000028  -0.102637 -0.474319 0.290942
43  0.000056 8.921804 -0.000005  -0.076256 0.581004 -0.195602
44  1.196192 2.899157 -2.353087  -0.449719 1.030105 1.287423
45  0.000105 5.476951 0.000003  0.285574 -0.099353 -0.038446
46  -0.000073 6.060435 -0.000096  -0.155019 -0.575032 0.384609
47  0.000024 5.994258 0.000030  0.033940 0.288574 -0.067730
48  -0.000007 6.100484 0.000003  -0.068407 0.299273 -0.162152
49  0.000035 6.916755 0.000008  -0.096318 0.220533 -0.107966
50  0.000148 6.435058 -0.000046  -0.037456 0.171630 -0.116573
51  1.092795 3.649516 -1.738795  -0.148600 0.876612 1.445020
52  -0.000127 6.792202 -0.000103  0.008285 0.107792 -0.048643
53  -0.000088 7.744779 -0.000036  0.057137 -0.256893 0.015458
54  0.000085 9.115023 -0.000038  -0.020393 0.256253 -0.142636
55  3.494514 -1.749096 3.007064  0.118400 1.106974 1.813803
56  0.000014 4.323834 0.000086  -0.229908 -0.770943 0.449224
57  0.000027 4.872899 -0.000022  0.367245 -0.664052 -0.254033
58  0.000006 5.056649 0.000095  -0.511238 0.856585 -0.546326
59  2.292468 1.708621 3.661675  -1.762559 1.789109 -0.218978
60  -0.000174 6.589437 0.000278  -0.007133 -0.169123 0.176911
61  0.000173 7.491496 -0.000151  -0.132413 -0.107097 0.179327
62  -0.000139 8.249663 0.000144  0.041912 -0.058209 0.015813
63  0.000071 8.605236 -0.000026  0.101585 0.501824 -0.079696
64  -0.240485 2.066079 2.349267  -0.357331 2.461714 1.296076
65  -0.000087 7.721102 -0.000003  -0.208231 -0.126223 -0.116492
66  -0.000124 7.374864 -0.000042  -0.111017 0.046940 -0.046466
67  -0.000032 6.848062 -0.000024  0.273533 0.247522 0.299908
68  0.000031 7.777823 -0.000044  0.072921 0.186148 -0.052689
69  -0.000078 8.178052 0.000010  -0.087031 -0.422849 -0.381357
70  1.617606 3.431414 2.399266  -0.249453 2.569515 1.508568
71  -0.000163 5.476942 -0.000028  0.057729 0.074071 0.060287
72  -0.000095 6.060494 -0.000004  -0.015205 0.015650 -0.152067
73  0.000030 5.994251 0.000011  -0.126211 -0.157657 0.153303
74  -0.000081 7.076872 -0.000047  -0.008118 0.010384 0.036401
75  0.000001 7.089866 -0.000070  0.070875 0.098587 -0.025893
76  0.361110 0.886689 3.287746  -0.576369 1.978708 0.939011
77  -0.000068 6.686643 0.000222  -0.146568 0.414164 -0.327704
78  -0.000012 7.638019 0.000012  -0.079523 -0.025948 0.130953
79  -0.000029 7.290229 -0.000024  0.025325 -0.093908 0.023965
80  -0.000037 6.530365 0.000007  -0.261847 -0.300601 0.006734
81  0.000064 7.224879 0.000009  0.036505 0.032480 -0.175823
82  1.071895 3.225799 1.570115  -0.043805 2.859975 1.526244
83  0.000420 6.748899 -0.000067  -0.062703 0.083783 0.022203
84  -0.000048 8.002645 0.000027  -0.067497 -0.117209 -0.115600
85  0.000014 8.580575 -0.000097  0.088214 -0.007187 0.334606
86  0.000167 8.689831 -0.000041  0.065325 -0.412430 -0.134518
87  -1.514537 2.104640 0.318055  -0.024895 3.094491 1.569491
88  0.000190 6.982283 0.000012  -0.107588 -0.057625 -0.215715
89  -0.000014 8.382872 -0.000068  0.135030 -0.099914 0.287073
90  -0.000062 8.697672 0.000023  -0.148089 -0.510100 0.044838
91  -0.000139 8.921822 0.000079  -0.236828 -0.892635 0.098804
92  3.553614 -3.478042 2.409276  0.000821 0.762046 1.535304
93  0.000002 4.476901 -0.000008  -0.151004 -0.588330 0.377259
94  0.000035 4.514117 -0.000023  -0.228868 -2.996200 0.592367
95  0.000044 4.518389 -0.000020  0.143171 2.612777 0.693383
96  0.000023 3.598330 0.000024  -0.749303 0.869851 -0.773233
97  4.209920 -0.440351 1.018822  -0.721112 -1.985064 -0.978029
98  4.265512 1.434231 -0.404994  -1.727340 -0.206135 0.019291
99  9.400231 0.017941 0.083202  -0.009466 -0.042819 -0.137117
100  10.242422 0.033592 0.064479  2.167391 -0.457027 -0.103076
101  3.465859 -0.059678 0.016695  -0.009950 -0.120861 -0.561622
102  1.655592 -0.000022 0.000021  -0.005180 -0.058429 -0.001111
103  0.960770 -0.000003 -0.000006  0.084580 0.084447 0.225451
104  3.462033 -0.064246 0.939910  0.356072 -0.256025 -0.494400
105  1.497179 -0.000008 0.000022  -0.482051 0.074192 0.080948
106  0.793757 0.000005 -0.000002  -0.012923 -0.001009 0.009570
107  0.591666 -0.460691 0.835208  -0.535052 -0.799698 -1.064007
108  1.556138 -0.000000 0.000000  -0.372459 0.062082 0.270130
109  1.135904 0.000019 0.000004  0.073246 -0.139777 -0.028335
110  3.084273 -0.668820 -1.257084  -0.729177 0.325086 -0.836301
111  1.064201 -0.000003 0.000005  0.025333 0.090511 -0.414662
112  0.640337 0.000004 -0.000009  -0.091569 -0.034448 -0.266572
113  3.396825 -0.242137 -0.708689  -0.395063 0.085593 -0.714932
114  1.532969 0.000008 0.000005  0.035221 0.017079 -0.013954
115  0.832976 -0.000003 -0.000004  -0.055334 0.013130 0.092496
116  4.209941 -0.440347 -1.019277  -0.689447 1.243455 -2.467147
117  4.266746 1.424942 0.424939  1.331647 -0.170155 -0.977101
118  9.398567 0.011945 -0.082524  -0.026898 0.067469 -0.701081
119  10.242439 0.028177 -0.062912  -1.024522 0.111146 -0.160764
120  3.465748 -0.067521 0.002267  -0.247866 0.249340 -1.714753
121  1.655556 0.000004 0.000005  -0.142686 0.179694 -1.042011
122  0.960906 0.000012 -0.000001  0.009873 0.149131 -0.736963
123  3.466855 -0.077778 -0.920910  -0.490082 0.119646 -1.703737
124  1.497263 -0.000031 -0.000024  -0.550745 0.299389 -0.930064
125  0.793789 -0.000006 -0.000003  -0.175659 0.332733 -0.682862
126  0.595079 -0.467149 -0.829177  2.468167 0.674834 -0.728675
127  1.555682 0.000016 -0.000004  0.631512 0.516688 1.163189
128  1.136815 -0.000007 0.000003  0.578708 0.458670 1.086510
129  3.075973 -0.667962 1.277700  0.591926 0.294811 -1.438894
130  1.064591 0.000019 0.000011  0.029411 -0.119295 -0.867155
131  0.640358 -0.000013 -0.000005  -0.107769 -0.026226 -0.511017
132  3.392412 -0.245366 0.728376  0.123778 0.327480 -1.769646
133  1.532727 -0.000008 -0.000003  0.008460 0.016025 -0.782135
134  0.833149 -0.000001 0.000006  -0.080300 -0.067673 -1.009427
135  3.590110 -3.090295 1.193970  1.635457 1.210566 1.548541
136  3.589558 -3.089878 -1.196373  -1.505736 1.210473 -1.592853
137  -0.436561 4.719026 -0.001077  -0.000177 -1.570733 1.692881
138  0.000001 2.775454 -0.000235  -0.135089 0.000001 -0.000000
139  0.000001 3.189769 0.000006  0.207820 0.000000 0.000000
140  0.000003 3.504651 0.000040  -0.261876 -0.000000 -0.000000
141  0.000001 2.863201 0.000000  -0.051268 -0.000000 -0.000000
time 6
0  -11.124239 4.092379 24.323446  1.570862 0.000000 -0.000000
1  0.002636 43.025146 0.734438  0.713449 -0.434342 -0.280622
2  3.061857 -4.181011 -0.610802  -2.215664 -0.297593 -0.453440
3  18.476776 0.000159 -0.000000  -0.027006 -0.097612 1.333069
4  17.490084 0.000118 0.000001  -0.894046 0.029993 -1.809354
5  -3.065330 -4.183577 -0.611479  1.887784 -1.063931 0.981720
6  18.474854 -0.000031 -0.000009  0.013314 0.083357 1.091763
7  17.489586 0.001915 -0.000008  0.077679 0.142365 -0.554539
8  -0.000117 -0.048884 -0.576224  1.451770 -0.113903 1.449582
9  3.224484 0.767045 0.000494  -0.171060 -0.174996 0.409682
10  3.223908 0.226398 -0.001946  -0.117040 -0.095343 0.318046
11  5.187320 -1.262559 -0.001177  0.000012 0.000066 0.194111
12  6.928410 -1.935308 -0.000229  -2.951860 -0.162942 -0.018620
13  3.236364 1.079613 0.000057  0.367888 -0.175202 0.665538
14  0.833768 3.805352 0.692956  -0.040492 0.554885 1.469865
15  0.000044 6.792208 0.000038  0.007991 0.036071 -0.011407
16  -0.000066 7.744816 0.000009  -0.017442 -0.155305 0.068153
17  0.000073 7.809705 0.000016  -0.033637 0.005026 0.006142
18  -0.000022 7.867672 0.000019  -0.073329 -0.127910 0.026375
19  3.494707 -1.749093 -3.006912  0.152547 2.070420 1.936938
20  0.000120 4.478317 0.000019  -0.194658 0.310431 -0.234996
21  0.000053 4.636123 -0.000028  0.035819 0.324592 -0.151767
22  -0.000043 5.008654 0.000013  0.076000 -0.286564 0.276091
23  0.000066 4.781164 0.000008  0.904405 -2.690904 -0.015802
24  2.253047 1.989058 -3.350105  -1.523632 1.324495 0.112393
25  0.000161 6.589466 0.000170  0.206356 -0.002128 -0.080395
26  0.000042 7.491415 0.000046  -0.333516 0.184455 -0.191163
27  0.000026 7.660307 -0.000056  -0.063173 0.127195 -0.062119
28  0.000006 7.256268 0.000020  -0.052939 -0.487829 0.313813
29  -0.791154 2.265117 -1.234655  -0.753899 1.136376 0.824664
30  -0.000257 8.572259 -0.000093  -0.222844 -0.296789 0.176505
31  -0.000096 8.117213 0.000049  0.072258 0.772520 -0.285587
32  -0.000083 8.230037 -0.000069  -0.080496 -0.347232 0.072252
33  0.000060 7.366727 0.000056  -0.015393 -0.663893 0.062743
34  0.224222 0.240128 -3.218157  -0.877382 1.468889 0.577820
35  -0.000102 7.721050 -0.000307  -0.283829 0.060495 -0.167556
36  -0.000032 7.374857 -0.000000  0.007537 -0.195020 0.049540
37  0.000076 6.848100 0.000007  0.005484 0.006497 -0.033649
38  -0.000051 7.777862 0.000008  -0.186097 0.182474 -0.152847
39  -1.514459 2.104646 -1.150167  -0.029093 0.541320 1.555671
40  -0.000165 6.982351 -0.000079  -0.199699 -0.041214 0.153490
41  0.000041 8.382858 -0.000072  0.044867 0.587987 -0.257958
42  0.000011 8.697701 -0.000025  -0.102637 -0.474319 0.290942
43  0.000055 8.921803 -0.000000  -0.076256 0.581004 -0.195602
44  1.196198 2.899156 -2.353086  -0.449719 1.030105 1.287423
45  0.000105 5.476940 0.000006  0.285574 -0.099353 -0.038446
46  -0.000071 6.060437 -0.000092  -0.155019 -0.575032 0.384609
47  0.000021 5.994259 0.000032  0.033940 0.288574 -0.067730
48  -0.000008 6.100484 -0.000003  -0.068407 0.299273 -0.162152
49  0.000037 6.916757 0.000012  -0.096318 0.220533 -0.107966
50  0.000148 6.435059 -0.000045  -0.037456 0.171630 -0.116573
51  1.092801 3.649510 -1.738793  -0.148600 0.876612 1.445020
52  -0.000126 6.792197 -0.000094  0.008284 0.107792 -0.048643
53  -0.000089 7.744777 -0.000031  0.057137 -0.256893 0.015458
54  0.000084 9.115024 -0.000037  -0.020393 0.256253 -0.142636
55  3.494521 -1.749107 3.007064  0.118400 1.106974 1.813803
56  0.000013 4.323835 0.000085  -0.229908 -0.770943 0.449223
57  0.000029 4.872895 -0.000020  0.367245 -0.664052 -0.254033
58  0.000005 5.056653 0.000092  -0.511238 0.856585 -0.546326
59  2.292470 1.708614 3.661676  -1.762559 1.789109 -0.218978
60  -0.000174 6.589438 0.000274  -0.007132 -0.169123 0.176911
61  0.000176 7.491497 -0.000158  -0.132413 -0.107097 0.179327
62  -0.000139 8.249660 0.000148  0.041912 -0.058209 0.015813
63  0.000072 8.605235 -0.000028  0.101585 0.501824 -0.079696
64  -0.240481 2.066073 2.349268  -0.357330 2.461714 1.296076
65  -0.000084 7.721102 -0.000003  -0.208231 -0.126223 -0.116492
66  -0.000117 7.374866 -0.000047  -0.111017 0.046939 -0.046466
67  -0.000035 6.848064 -0.000027  0.273533 0.247522 0.299908
68  0.000034 7.777822 -0.000043  0.072921 0.186148 -0.052689
69  -0.000085 8.178051 0.000010  -0.087031 -0.422849 -0.381357
70  1.617611 3.431411 2.399266  -0.249453 2.569515 1.508568
71  -0.000166 5.476942 -0.000029  0.057729 0.074071 0.060287
72  -0.000089 6.060493 -0.000005  -0.015205 0.015650 -0.152067
73  0.000027 5.994247 0.000012  -0.126211 -0.157657 0.153303
74  -0.000085 7.076874 -0.000047  -0.008118 0.010384 0.036401
75  0.000002 7.089866 -0.000070  0.070875 0.098587 -0.025893
76  0.361119 0.886682 3.287746  -0.576369 1.978708 0.939011
77  -0.000069 6.686647 0.000228  -0.146568 0.414164 -0.327704
78  -0.000009 7.638020 0.000013  -0.079523 -0.025948 0.130953
79  -0.000029 7.290230 -0.000024  0.025325 -0.093908 0.023965
80  -0.000032 6.530366 0.000009  -0.261847 -0.300601 0.006734
81  0.000067 7.224883 0.000005  0.036505 0.032481 -0.175823
82  1.071902 3.225796 1.570116  -0.043805 2.859975 1.526244
83  0.000414 6.748903 -0.000066  -0.062703 0.083783 0.022203
84  -0.000044 8.002645 0.000026  -0.067497 -0.117209 -0.115600
85  0.000013 8.580570 -0.000097  0.088214 -0.007187 0.334606
86  0.000166 8.689831 -0.000041  0.065325 -0.412430 -0.134518
87  -1.514529 2.104640 0.318056  -0.024895 3.094491 1.569491
88  0.000192 6.982282 0.000011  -0.107588 -0.057625 -0.215715
89  -0.000012 8.382871 -0.000069  0.135030 -0.099914 0.287073
90  -0.000066 8.697669 0.000024  -0.148089 -0.510100 0.044838
91  -0.000134 8.921826 0.000077  -0.236828 -0.892635 0.098804
92  3.553621 -3.478045 2.409278  0.000821 0.762046 1.535303
93  0.000002 4.476896 -0.000010  -0.151004 -0.588330 0.377259
94  0.000029 4.514124 -0.000025  -0.228868 -2.996200 0.592367
95  0.000041 4.518387 -0.000021  0.143171 2.612777 0.693383
96  0.000020 3.598330 0.000022  -0.749303 0.869851 -0.773233
97  4.209920 -0.440339 1.018822  -0.711905 -1.990502 -0.985765
98  4.265504 1.434230 -0.404993  -1.669430 -0.227575 0.038999
99  9.400231 0.017943 0.083202  -0.012418 -0.039140 -0.074884
100  10.242421 0.033590 0.064481  2.056184 -0.495650 -0.050705
101  3.465856 -0.059678 0.016695  -0.009748 -0.121371 -0.563316
102  1.655595 -0.000020 0.000023  -0.005211 -0.058187 0.000460
103  0.960770 -0.000001 -0.000007  0.084802 0.084585 0.227299
104  3.462030 -0.064245 0.939910  0.356366 -0.256414 -0.497356
105  1.497176 -0.000008 0.000019  -0.481918 0.075100 0.083023
106  0.793760 0.000003 -0.000001  -0.012892 -0.001194 0.012321
107  0.591663 -0.460692 0.835208  -0.534362 -0.799507 -1.064954
108  1.556142 0.000002 -0.000000  -0.372736 0.062291 0.270522
109  1.135902 0.000018 0.000005  0.073438 -0.139409 -0.026873
110  3.084269 -0.668821 -1.257083  -0.729424 0.325321 -0.836437
111  1.064202 -0.000001 0.000004  0.024709 0.091425 -0.424939
112  0.640340 0.000005 -0.000008  -0.092407 -0.035460 -0.278413
113  3.396822 -0.242138 -0.708687  -0.395168 0.085261 -0.715764
114  1.532970 0.000008 0.000005  0.035304 0.017099 -0.009802
115  0.832973 -0.000003 -0.000005  -0.055315 0.013481 0.096855
116  4.209941 -0.440336 -1.019281  -0.766784 1.251495 -2.543690
117  4.266743 1.424942 0.424940  1.281784 -0.082235 -0.924538
118  9.398567 0.011953 -0.082514  -0.025252 0.066907 -0.678652
119  10.242439 0.028175 -0.062907  -1.030477 0.059828 -0.176521
120  3.465747 -0.067529 0.002267  -0.247749 0.249354 -1.714229
121  1.655563 0.000006 0.000007  -0.142925 0.179762 -1.043422
122  0.960908 -0.000004 0.000001  0.009592 0.149444 -0.738573
123  3.466855 -0.077782 -0.920910  -0.490076 0.119653 -1.703685
124  1.497262 -0.000037 -0.000022  -0.551073 0.299656 -0.931128
125  0.793789 -0.000006 -0.000001  -0.176145 0.333341 -0.683780
126  0.595079 -0.467152 -0.829178  2.468179 0.674828 -0.728624
127  1.555672 0.000015 -0.000004  0.631574 0.516725 1.163279
128  1.136811 -0.000008 0.000000  0.578703 0.458669 1.086505
129  3.075974 -0.667970 1.277699  0.592070 0.294184 -1.438158
130  1.064592 0.000020 0.000011  0.029379 -0.119283 -0.866778
131  0.640360 -0.000012 -0.000003  -0.107733 -0.026198 -0.510603
132  3.392412 -0.245371 0.728375  0.123805 0.327459 -1.769570
133  1.532736 -0.000009 0.000000  0.008448 0.016029 -0.782455
134  0.833153 0.000012 0.000006  -0.080325 -0.067695 -1.009757
135  3.590109 -3.090295 1.193974  1.635457 1.210566 1.548541
136  3.589558 -3.089880 -1.196371  -1.505736 1.210473 -1.592853
137  -0.436562 4.719026 -0.001074  -0.000532 -1.570733 1.693031
138  0.000001 2.775454 -0.000237  -0.135089 0.000001 -0.000000
139  0.000002 3.189770 0.000007  0.207820 -0.000000 0.000000
140  -0.000001 3.504652 0.000046  -0.261876 0.000000 -0.000000
141  0.000003 2.863201 -0.000005  -0.051268 -0.000000 -0.000000
time 7
0  -11.513755 4.276216 24.565630  1.570862 0.000000 -0.000000
1  0.002636 43.025146 0.734438  0.672141 -0.342400 -0.250194
2  3.061858 -4.181011 -0.610802  -2.231092 -0.354921 -0.392289
3  18.476772 0.000159 -0.000003  -0.025787 -0.096590 1.313609
4  17.490086 0.000115 0.000002  -0.954523 0.033874 -1.626841
5  -3.065329 -4.183578 -0.611477  1.784930 -1.130266 1.079178
6  18.474857 -0.000035 -0.000006  0.013775 0.083971 1.101163
7  17.489584 0.001915 -0.000007  0.032537 0.120408 -0.573019
8  -0.000117 -0.048882 -0.576225  1.438850 -0.115891 1.464065
9  3.224481 0.767046 0.000497  -0.180448 -0.158177 0.410393
10  3.223911 0.226398 -0.001942  -0.123475 -0.079738 0.317854
11  5.187322 -1.262557 -0.001177  0.000012 0.000066 0.194111
12  6.928412 -1.935310 -0.000226  -2.945674 -0.160420 -0.022702
13  3.236365 1.079609 0.000054  0.391943 -0.138099 0.625806
14  0.833763 3.805347 0.692956  -0.040492 0.554885 1.469865
15  0.000036 6.792211 0.000037  0.007991 0.036071 -0.011407
16  -0.000070 7.744814 0.000013  -0.017442 -0.155305 0.068153
17  0.000072 7.809706 0.000015  -0.033637 0.005026 0.006142
18  -0.000030 7.867674 0.000014  -0.073329 -0.127910 0.026376
19  3.494707 -1.749092 -3.006910  0.152547 2.070420 1.936938
20  0.000119 4.478323 0.000017  -0.194658 0.310431 -0.234996
21  0.000050 4.636115 -0.000031  0.035819 0.324592 -0.151767
22  -0.000039 5.008652 0.000013  0.076000 -0.286564 0.276091
23  0.000067 4.781166 0.000009  0.904405 -2.690904 -0.015802
24  2.253045 1.989061 -3.350105  -1.523632 1.324495 0.112393
25  0.000162 6.589463 0.000170  0.206356 -0.002128 -0.080395
26  0.000041 7.491413 0.000043  -0.333516 0.184455 -0.191163
27  0.000025 7.660305 -0.000062  -0.063173 0.127195 -0.062119
28  0.000008 7.256269 0.000018  -0.052939 -0.487829 0.313813
29  -0.791157 2.265120 -1.234654  -0.753899 1.136376 0.824664
30  -0.000258 8.572256 -0.000094  -0.222844 -0.296789 0.176505
31  -0.000095 8.117214 0.000049  0.072258 0.772520 -0.285587
32  -0.000082 8.230033 -0.000079  -0.080496 -0.347232 0.072252
33  0.000059 7.366724 0.000058  -0.015392 -0.663893 0.062743
34  0.224221 0.240126 -3.218156  -0.877382 1.468889 0.577819
35  -0.000101 7.721052 -0.000305  -0.283829 0.060495 -0.167556
36  -0.000031 7.374853 -0.000000  0.007537 -0.195020 0.049540
37  0.000076 6.848103 0.000007  0.005484 0.006497 -0.033650
38  -0.000051 7.777861 0.000009  -0.186097 0.182474 -0.152847
39  -1.514464 2.104648 -1.150165  -0.029093 0.541320 1.555671
40  -0.000168 6.982346 -0.000077  -0.199699 -0.041214 0.153490
41  0.000039 8.382858 -0.000072  0.044867 0.587987 -0.257958
42  0.000012 8.697700 -0.000024  -0.102637 -0.474319 0.290942
43  0.000058 8.921802 -0.000001  -0.076256 0.581004 -0.195602
44  1.196198 2.899158 -2.353084  -0.449719 1.030105 1.287423
45  0.000106 5.476937 0.000005  0.285574 -0.099353 -0.038446
46  -0.000075 6.060436 -0.000093  -0.155019 -0.575032 0.384609
47  0.000017 5.994263 0.000027  0.033940 0.288574 -0.067730
48  -0.000007 6.100486 -0.000002  -0.068407 0.299273 -0.162152
49  0.000035 6.916760 0.000011  -0.096318 0.220533 -0.107966
50  0.000148 6.435058 -0.000042  -0.037456 0.171630 -0.116573
51  1.092797 3.649512 -1.738793  -0.148600 0.876612 1.445020
52  -0.000126 6.792197 -0.000100  0.008284 0.107792 -0.048643
53  -0.000089 7.744777 -0.000035  0.057137 -0.256893 0.015458
54  0.000083 9.115025 -0.000039  -0.020393 0.256253 -0.142636
55  3.494520 -1.749106 3.007065  0.118400 1.106974 1.813803
56  0.000014 4.323833 0.000088  -0.229908 -0.770943 0.449224
57  0.000031 4.872900 -0.000018  0.367245 -0.664052 -0.254033
58  0.000003 5.056651 0.000091  -0.511238 0.856585 -0.546325
59  2.292470 1.708615 3.661676  -1.762559 1.789109 -0.218978
60  -0.000171 6.589446 0.000275  -0.007132 -0.169123 0.176911
61  0.000174 7.491492 -0.000146  -0.132413 -0.107097 0.179327
62  -0.000138 8.249659 0.000140  0.041912 -0.058209 0.015813
63  0.000071 8.605234 -0.000027  0.101585 0.501824 -0.079696
64  -0.240484 2.066071 2.349268  -0.357331 2.461714 1.296076
65  -0.000088 7.721103 -0.000002  -0.208231 -0.126223 -0.116492
66  -0.000123 7.374866 -0.000047  -0.111017 0.046939 -0.046466
67  -0.000036 6.848062 -0.000028  0.273533 0.247522 0.299908
68  0.000037 7.777824 -0.000043  0.072921 0.186148 -0.052689
69  -0.000084 8.178049 0.000013  -0.087031 -0.422849 -0.381357
70  1.617607 3.431410 2.399266  -0.249453 2.569515 1.508568
71  -0.000164 5.476941 -0.000030  0.057729 0.074071 0.060287
72  -0.000100 6.060493 -0.000005  -0.015205 0.015650 -0.152067
73  0.000024 5.994247 0.000012  -0.126210 -0.157657 0.153303
74  -0.000073 7.076875 -0.000048  -0.008118 0.010384 0.036401
75  0.000004 7.089867 -0.000068  0.070875 0.098587 -0.025893
76  0.361114 0.886679 3.287747  -0.576369 1.978708 0.939011
77  -0.000063 6.686641 0.000219  -0.146568 0.414164 -0.327704
78  -0.000015 7.638017 0.000017  -0.079523 -0.025948 0.130953
79  -0.000029 7.290232 -0.000023  0.025325 -0.093908 0.023965
80  -0.000031 6.530365 0.000005  -0.261847 -0.300601 0.006734
81  0.000065 7.224880 0.000008  0.036505 0.032481 -0.175823
82  1.071900 3.225795 1.570116  -0.043805 2.859975 1.526244
83  0.000416 6.748904 -0.000066  -0.062703 0.083783 0.022203
84  -0.000049 8.002645 0.000027  -0.067497 -0.117209 -0.115600
85  0.000013 8.580570 -0.000097  0.088214 -0.007187 0.334606
86  0.000170 8.689830 -0.000041  0.065325 -0.412430 -0.134518
87  -1.514530 2.104638 0.318057  -0.024895 3.094491 1.569491
88  0.000187 6.982279 0.000011  -0.107588 -0.057625 -0.215715
89  -0.000004 8.382872 -0.000069  0.135030 -0.099914 0.287073
90  -0.000065 8.697671 0.000024  -0.148089 -0.510100 0.044839
91  -0.000135 8.921823 0.000080  -0.236828 -0.892635 0.098804
92  3.553619 -3.478047 2.409278  0.000821 0.762046 1.535304
93  -0.000002 4.476900 -0.000011  -0.151004 -0.588330 0.377259
94  0.000034 4.514119 -0.000022  -0.228868 -2.996200 0.592367
95  0.000045 4.518385 -0.000024  0.143171 2.612777 0.693383
96  0.000024 3.598329 0.000022  -0.749303 0.869851 -0.773233
97  4.209921 -0.440344 1.018826  -0.704212 -1.995816 -0.992029
98  4.265504 1.434231 -0.404992  -1.615929 -0.246839 0.053912
99  9.400230 0.017942 0.083204  -0.014144 -0.036751 -0.036010
100  10.242420 0.033589 0.064481  1.945349 -0.528029 0.001255
101  3.465855 -0.059679 0.016695  -0.009504 -0.121821 -0.564771
102  1.655598 -0.000021 0.000022  -0.005236 -0.057982 0.002163
103  0.960767 -0.000004 -0.000007  0.085022 0.084662 0.229156
104  3.462028 -0.064246 0.939911  0.356697 -0.256823 -0.500567
105  1.497178 -0.000009 0.000019  -0.481744 0.075925 0.084735
106  0.793759 0.000004 -0.000001  -0.012926 -0.001405 0.014640
107  0.591663 -0.460692 0.835208  -0.533870 -0.798919 -1.065887
108  1.556137 0.000002 -0.000001  -0.372899 0.062816 0.271586
109  1.135905 0.000019 0.000003  0.073692 -0.138936 -0.024751
110  3.084270 -0.668822 -1.257082  -0.729719 0.325608 -0.836587
111  1.064201 -0.000000 0.000004  0.024075 0.092301 -0.435479
112  0.640337 0.000006 -0.000009  -0.093226 -0.036503 -0.290585
113  3.396821 -0.242138 -0.708687  -0.395329 0.084922 -0.716536
114  1.532968 0.000008 0.000005  0.035381 0.017050 -0.008092
115  0.832972 -0.000004 -0.000003  -0.055506 0.013546 0.098636
116  4.209943 -0.440343 -1.019276  2.268778 1.884797 0.493094
117  4.266745 1.424941 0.424937  1.260382 -0.028060 -0.863174
118  9.398569 0.011946 -0.082517  -0.024434 0.066612 -0.667441
119  10.242439 0.028176 -0.062907  -1.049538 0.006539 -0.193055
120  3.465748 -0.067531 0.002268  -0.247633 0.249367 -1.713705
121  1.655560 0.000002 0.000007  -0.143162 0.179831 -1.044833
122  0.960909 0.000009 0.000001  0.009311 0.149756 -0.740184
123  3.466856 -0.077781 -0.920907  -0.490072 0.119659 -1.703633
124  1.497258 -0.000035 -0.000021  -0.551400 0.299924 -0.932192
125  0.793788 -0.000007 0.000000  -0.176631 0.333950 -0.684699
126  0.595079 -0.467151 -0.829175  2.468192 0.674822 -0.728572
127  1.555673 0.000017 -0.000004  0.631636 0.516763 1.163368
128  1.136808 -0.000010 -0.000006  0.578699 0.458668 1.086501
129  3.075974 -0.667970 1.277702  0.592204 0.293557 -1.437421
130  1.064592 0.000019 0.000010  0.029352 -0.119264 -0.866403
131  0.640358 -0.000016 -0.000003  -0.107697 -0.026170 -0.510190
132  3.392414 -0.245372 0.728376  0.123831 0.327439 -1.769494
133  1.532741 -0.000008 0.000000  0.008437 0.016034 -0.782776
134  0.833152 0.000004 0.000005  -0.080350 -0.067716 -1.010086
135  3.590110 -3.090291 1.193973  1.635457 1.210566 1.548541
136  3.589559 -3.089878 -1.196372  -1.505736 1.210473 -1.592853
137  -0.436561 4.719028 -0.001076  -0.000620 -1.570733 1.692892
138  0.000000 2.775455 -0.000234  -0.135089 0.000001 -0.000000
139  0.000004 3.189770 0.000006  0.207820 0.000000 0.000000
140  -0.000003 3.504651 0.000050  -0.261876 -0.000000 0.000000
141  0.000001 2.863200 0.000002  -0.051268 0.000000 -0.000000
time 8
0  -11.628877 4.404646 24.856937  1.570862 0.000000 -0.000000
1  0.002636 43.025146 0.734438  0.630502 -0.249437 -0.214382
2  3.061857 -4.181015 -0.610803  -2.252379 -0.425592 -0.345485
3  18.476774 0.000160 -0.000003  -0.025107 -0.096003 1.302608
4  17.490086 0.000118 0.000006  -0.966596 0.042462 -1.479557
5  -3.065330 -4.183579 -0.611480  1.623054 -1.195044 1.239891
6  18.474854 -0.000038 -0.000009  0.014244 0.084583 1.110588
7  17.489580 0.001914 -0.000006  -0.024957 0.075422 -0.570820
8  -0.000117 -0.048888 -0.576224  1.428612 -0.117443 1.480103
9  3.224486 0.767046 0.000495  -0.185852 -0.139607 0.410332
10  3.223910 0.226402 -0.001944  -0.127056 -0.063045 0.317333
11  5.187320 -1.262559 -0.001180  0.000012 0.000066 0.194111
12  6.928409 -1.935310 -0.000223  -2.942957 -0.156509 -0.024007
13  3.236365 1.079611 0.000058  0.404102 -0.099210 0.586129
14  0.833766 3.805346 0.692955  -0.040492 0.554885 1.469865
15  0.000039 6.792207 0.000038  0.007991 0.036071 -0.011407
16  -0.000067 7.744812 0.000017  -0.017442 -0.155305 0.068153
17  0.000074 7.809704 0.000016  -0.033637 0.005026 0.006142
18  -0.000024 7.867671 0.000017  -0.073329 -0.127910 0.026376
19  3.494706 -1.749097 -3.006912  0.152547 2.070420 1.936938
20  0.000118 4.478321 0.000020  -0.194658 0.310431 -0.234996
21  0.000046 4.636114 -0.000028  0.035819 0.324592 -0.151767
22  -0.000043 5.008646 0.000013  0.076000 -0.286564 0.276092
23  0.000064 4.781168 0.000009  0.904405 -2.690904 -0.015802
24  2.253042 1.989050 -3.350107  -1.523632 1.324495 0.112393
25  0.000162 6.589465 0.000168  0.206356 -0.002128 -0.080395
26  0.000042 7.491414 0.000043  -0.333516 0.184455 -0.191163
27  0.000026 7.660304 -0.000063  -0.063173 0.127195 -0.062119
28  0.000008 7.256270 0.000021  -0.052939 -0.487829 0.313813
29  -0.791156 2.265115 -1.234656  -0.753899 1.136376 0.824664
30  -0.000255 8.572262 -0.000090  -0.222844 -0.296789 0.176505
31  -0.000094 8.117213 0.000043  0.072258 0.772520 -0.285587
32  -0.000082 8.230031 -0.000070  -0.080496 -0.347232 0.072252
33  0.000058 7.366722 0.000054  -0.015393 -0.663893 0.062743
34  0.224219 0.240121 -3.218158  -0.877382 1.468889 0.577819
35  -0.000101 7.721057 -0.000310  -0.283829 0.060495 -0.167556
36  -0.000030 7.374851 -0.000000  0.007537 -0.195020 0.049540
37  0.000075 6.848102 0.000006  0.005484 0.006497 -0.033649
38  -0.000052 7.777864 0.000006  -0.186097 0.182474 -0.152847
39  -1.514463 2.104647 -1.150167  -0.029093 0.541320 1.555671
40  -0.000173 6.982346 -0.000077  -0.199699 -0.041214 0.153490
41  0.000036 8.382863 -0.000075  0.044867 0.587987 -0.257958
42  0.000012 8.697701 -0.000027  -0.102637 -0.474319 0.290942
43  0.000060 8.921804 -0.000003  -0.076256 0.581004 -0.195602
44  1.196195 2.899148 -2.353087  -0.449719 1.030105 1.287423
45  0.000105 5.476943 -0.000003  0.285574 -0.099353 -0.038446
46  -0.000074 6.060438 -0.000091  -0.155019 -0.575032 0.384609
47  0.000021 5.994261 0.000029  0.033940 0.288574 -0.067730
48  -0.000005 6.100486 -0.000003  -0.068407 0.299273 -0.162152
49  0.000035 6.916759 0.000008  -0.096318 0.220533 -0.107966
50  0.000149 6.435059 -0.000051  -0.037456 0.171630 -0.116573
51  1.092800 3.649507 -1.738795  -0.148600 0.876612 1.445020
52  -0.000126 6.792201 -0.000099  0.008284 0.107792 -0.048643
53  -0.000087 7.744777 -0.000037  0.057137 -0.256893 0.015458
54  0.000084 9.115025 -0.000040  -0.020393 0.256253 -0.142636
55  3.494520 -1.749110 3.007064  0.118400 1.106974 1.813803
56  0.000014 4.323833 0.000087  -0.229908 -0.770943 0.449224
57  0.000031 4.872898 -0.000023  0.367245 -0.664051 -0.254033
58  0.000005 5.056650 0.000093  -0.511238 0.856585 -0.546325
59  2.292470 1.708609 3.661675  -1.762559 1.789109 -0.218978
60  -0.000171 6.589448 0.000269  -0.007132 -0.169123 0.176911
61  0.000175 7.491497 -0.000148  -0.132413 -0.107097 0.179327
62  -0.000140 8.249661 0.000145  0.041912 -0.058209 0.015813
63  0.000071 8.605235 -0.000031  0.101585 0.501824 -0.079696
64  -0.240482 2.066067 2.349267  -0.357331 2.461714 1.296076
65  -0.000091 7.721104 -0.000003  -0.208231 -0.126223 -0.116492
66  -0.000122 7.374865 -0.000047  -0.111017 0.046939 -0.046466
67  -0.000032 6.848061 -0.000027  0.273533 0.247522 0.299908
68  0.000034 7.777822 -0.000043  0.072921 0.186148 -0.052689
69  -0.000081 8.178053 0.000011  -0.087031 -0.422849 -0.381357
70  1.617609 3.431406 2.399265  -0.249453 2.569515 1.508568
71  -0.000167 5.476944 -0.000028  0.057729 0.074071 0.060287
72  -0.000088 6.060492 -0.000005  -0.015205 0.015650 -0.152067
73  0.000029 5.994251 0.000011  -0.126210 -0.157657 0.153303
74  -0.000085 7.076874 -0.000046  -0.008118 0.010385 0.036401
75  0.000008 7.089869 -0.000069  0.070875 0.098587 -0.025893
76  0.361114 0.886672 3.287745  -0.576369 1.978708 0.939011
77  -0.000066 6.686647 0.000226  -0.146568 0.414164 -0.327704
78  -0.000015 7.638017 0.000015  -0.079523 -0.025948 0.130953
79  -0.000037 7.290229 -0.000022  0.025325 -0.093908 0.023965
80  -0.000030 6.530367 0.000004  -0.261847 -0.300601 0.006734
81  0.000065 7.224883 0.000007  0.036506 0.032481 -0.175823
82  1.071902 3.225790 1.570115  -0.043805 2.859975 1.526244
83  0.000416 6.748907 -0.000067  -0.062703 0.083783 0.022203
84  -0.000046 8.002645 0.000027  -0.067497 -0.117209 -0.115600
85  0.000013 8.580570 -0.000097  0.088214 -0.007187 0.334606
86  0.000171 8.689830 -0.000041  0.065325 -0.412430 -0.134518
87  -1.514530 2.104636 0.318055  -0.024895 3.094491 1.569491
88  0.000195 6.982282 0.000011  -0.107588 -0.057625 -0.215715
89  -0.000012 8.382871 -0.000068  0.135030 -0.099914 0.287073
90  -0.000057 8.697669 0.000024  -0.148089 -0.510100 0.044838
91  -0.000134 8.921823 0.000078  -0.236828 -0.892635 0.098804
92  3.553620 -3.478051 2.409277  0.000821 0.762046 1.535304
93  0.000002 4.476902 -0.000010  -0.151004 -0.588330 0.377259
94  0.000030 4.514122 -0.000024  -0.228868 -2.996200 0.592367
95  0.000041 4.518386 -0.000019  0.143171 2.612777 0.693383
96  0.000027 3.598328 0.000023  -0.749303 0.869851 -0.773233
97  4.209918 -0.440342 1.018826  -0.699219 -2.001092 -0.995534
98  4.265495 1.434232 -0.404990  -1.575184 -0.265735 0.065428
99  9.400238 0.017940 0.083200  -0.013914 -0.037082 -0.041317
100  10.242418 0.033591 0.064480  1.838891 -0.555147 0.046463
101  3.465858 -0.059679 0.016695  -0.009321 -0.122123 -0.565677
102  1.655597 -0.000023 0.000022  -0.005213 -0.057675 0.004030
103  0.960769 -0.000001 -0.000008  0.085261 0.084842 0.231309
104  3.462030 -0.064246 0.939910  0.357022 -0.257234 -0.504342
105  1.497179 -0.000010 0.000022  -0.481665 0.076464 0.085903
106  0.793761 0.000002 -0.000002  -0.012907 -0.001503 0.016415
107  0.591663 -0.460693 0.835207  -0.533692 -0.797598 -1.066804
108  1.556140 0.000002 0.000001  -0.373023 0.063966 0.273935
109  1.135905 0.000018 0.000005  0.073956 -0.138115 -0.021262
110  3.084270 -0.668821 -1.257082  -0.730014 0.325896 -0.836738
111  1.064201 -0.000001 0.000004  0.023435 0.093312 -0.446703
112  0.640337 0.000005 -0.000010  -0.094072 -0.037597 -0.303522
113  3.396821 -0.242138 -0.708689  -0.395568 0.084664 -0.717142
114  1.532971 0.000008 0.000006  0.035252 0.016967 -0.010840
115  0.832975 -0.000003 -0.000001  -0.056053 0.013024 0.096004
116  4.209939 -0.440341 -1.019277  2.149687 1.882435 0.376123
117  4.266748 1.424938 0.424936  1.271099 -0.003606 -0.795367
118  9.398563 0.011948 -0.082515  -0.024202 0.066527 -0.664252
119  10.242435 0.028176 -0.062912  -1.077990 -0.050459 -0.203162
120  3.465748 -0.067522 0.002268  -0.247515 0.249380 -1.713181
121  1.655557 0.000006 0.000004  -0.143401 0.179897 -1.046244
122  0.960907 0.000006 -0.000001  0.009029 0.150067 -0.741795
123  3.466855 -0.077778 -0.920908  -0.490066 0.119666 -1.703581
124  1.497258 -0.000036 -0.000023  -0.551729 0.300190 -0.933258
125  0.793790 -0.000010 0.000000  -0.177117 0.334557 -0.685618
126  0.595078 -0.467146 -0.829176  2.468204 0.674816 -0.728521
127  1.555679 0.000019 -0.000003  0.631698 0.516799 1.163458
128  1.136808 -0.000008 0.000001  0.578695 0.458666 1.086496
129  3.075972 -0.667963 1.277702  0.592342 0.292931 -1.436685
130  1.064593 0.000018 0.000010  0.029323 -0.119249 -0.866027
131  0.640363 -0.000019 -0.000004  -0.107661 -0.026143 -0.509777
132  3.392409 -0.245363 0.728378  0.123858 0.327417 -1.769418
133  1.532735 -0.000012 -0.000001  0.008425 0.016038 -0.783096
134  0.833152 0.000008 0.000006  -0.080376 -0.067739 -1.010416
135  3.590110 -3.090293 1.193973  1.635457 1.210566 1.548541
136  3.589558 -3.089880 -1.196375  -1.505736 1.210473 -1.592853
137  -0.436560 4.719025 -0.001078  -0.000657 -1.570733 1.693009
138  -0.000002 2.775454 -0.000240  -0.135089 0.000001 -0.000000
139  -0.000004 3.189769 0.000005  0.207820 0.000000 0.000000
140  -0.000007 3.504652 0.000047  -0.261876 -0.000000 -0.000000
141  0.000001 2.863201 -0.000002  -0.051268 -0.000000 -0.000000
time 9
0  -11.561790 4.494514 25.214855  1.570862 0.000000 -0.000000
1  0.002636 43.025146 0.734438  0.590021 -0.153293 -0.173568
2  3.061857 -4.181018 -0.610800  -2.269724 -0.508386 -0.316852
3  18.476774 0.000158 -0.000001  -0.024898 -0.095819 1.299203
4  17.490088 0.000117 0.000005  -0.914820 0.065851 -1.425649
5  -3.065329 -4.183579 -0.611476  1.359951 -1.255499 1.497580
6  18.474855 -0.000038 -0.000009  0.014322 0.084684 1.112150
7  17.489582 0.001916 -0.000007  -0.091320 0.024704 -0.563723
8  -0.000117 -0.048886 -0.576224  1.424097 -0.120042 1.498723
9  3.224487 0.767047 0.000496  -0.183019 -0.117918 0.411445
10  3.223909 0.226404 -0.001943  -0.124837 -0.044597 0.317896
11  5.187322 -1.262557 -0.001176  0.000012 0.000066 0.194111
12  6.928411 -1.935310 -0.000228  -2.948932 -0.154184 -0.019049
13  3.236364 1.079615 0.000058  0.394821 -0.050415 0.545878
14  0.833758 3.805353 0.692957  -0.040492 0.554885 1.469865
15  0.000042 6.792205 0.000039  0.007991 0.036071 -0.011407
16  -0.000065 7.744816 0.000015  -0.017442 -0.155305 0.068153
17  0.000073 7.809701 0.000018  -0.033637 0.005026 0.006142
18  -0.000025 7.867672 0.000021  -0.073329 -0.127910 0.026375
19  3.494696 -1.749094 -3.006911  0.152547 2.070420 1.936938
20  0.000118 4.478318 0.000017  -0.194658 0.310431 -0.234996
21  0.000048 4.636120 -0.000031  0.035819 0.324592 -0.151767
22  -0.000037 5.008651 0.000014  0.076000 -0.286564 0.276091
23  0.000064 4.781165 0.000006  0.904405 -2.690904 -0.015802
24  2.253035 1.989055 -3.350106  -1.523632 1.324495 0.112393
25  0.000162 6.589464 0.000166  0.206356 -0.002128 -0.080395
26  0.000042 7.491410 0.000038  -0.333516 0.184455 -0.191163
27  0.000027 7.660303 -0.000057  -0.063173 0.127194 -0.062119
28  0.000005 7.256269 0.000021  -0.052939 -0.487829 0.313813
29  -0.791162 2.265118 -1.234654  -0.753899 1.136376 0.824664
30  -0.000259 8.572268 -0.000089  -0.222844 -0.296789 0.176505
31  -0.000094 8.117214 0.000050  0.072258 0.772520 -0.285587
32  -0.000084 8.230035 -0.000068  -0.080496 -0.347232 0.072252
33  0.000056 7.366722 0.000051  -0.015393 -0.663893 0.062743
34  0.224212 0.240127 -3.218157  -0.877382 1.468889 0.577819
35  -0.000101 7.721058 -0.000308  -0.283829 0.060495 -0.167556
36  -0.000031 7.374856 -0.000001  0.007537 -0.195020 0.049540
37  0.000075 6.848103 0.000003  0.005484 0.006497 -0.033649
38  -0.000051 7.777865 0.000013  -0.186097 0.182474 -0.152847
39  -1.514471 2.104650 -1.150166  -0.029093 0.541320 1.555671
40  -0.000168 6.982351 -0.000075  -0.199699 -0.041214 0.153490
41  0.000029 8.382868 -0.000072  0.044867 0.587987 -0.257958
42  0.000014 8.697700 -0.000024  -0.102637 -0.474319 0.290942
43  0.000054 8.921805 -0.000002  -0.076256 0.581004 -0.195602
44  1.196190 2.899158 -2.353085  -0.449719 1.030105 1.287423
45  0.000107 5.476943 0.000008  0.285574 -0.099353 -0.038446
46  -0.000073 6.060438 -0.000089  -0.155019 -0.575032 0.384609
47  0.000021 5.994260 0.000029  0.033940 0.288574 -0.067730
48  -0.000007 6.100484 0.000003  -0.068407 0.299273 -0.162152
49  0.000034 6.916759 0.000010  -0.096318 0.220533 -0.107966
50  0.000150 6.435057 -0.000045  -0.037456 0.171630 -0.116573
51  1.092792 3.649513 -1.738793  -0.148600 0.876612 1.445020
52  -0.000126 6.792199 -0.000100  0.008284 0.107792 -0.048643
53  -0.000088 7.744773 -0.000035  0.057137 -0.256893 0.015458
54  0.000084 9.115022 -0.000037  -0.020393 0.256253 -0.142636
55  3.494515 -1.749100 3.007065  0.118400 1.106974 1.813803
56  0.000016 4.323837 0.000087  -0.229908 -0.770943 0.449224
57  0.000030 4.872895 -0.000019  0.367245 -0.664052 -0.254033
58  0.000008 5.056649 0.000092  -0.511238 0.856585 -0.546325
59  2.292461 1.708615 3.661676  -1.762559 1.789109 -0.218978
60  -0.000172 6.589435 0.000276  -0.007132 -0.169123 0.176911
61  0.000174 7.491495 -0.000153  -0.132413 -0.107097 0.179327
62  -0.000141 8.249657 0.000143  0.041912 -0.058209 0.015813
63  0.000072 8.605233 -0.000028  0.101585 0.501824 -0.079696
64  -0.240490 2.066075 2.349268  -0.357330 2.461714 1.296076
65  -0.000091 7.721104 -0.000003  -0.208231 -0.126223 -0.116492
66  -0.000123 7.374864 -0.000044  -0.111017 0.046939 -0.046466
67  -0.000030 6.848062 -0.000029  0.273533 0.247522 0.299909
68  0.000037 7.777823 -0.000046  0.072921 0.186148 -0.052689
69  -0.000079 8.178051 0.000012  -0.087031 -0.422849 -0.381357
70  1.617603 3.431412 2.399267  -0.249453 2.569515 1.508568
71  -0.000158 5.476944 -0.000030  0.057729 0.074071 0.060287
72  -0.000096 6.060497 -0.000004  -0.015205 0.015650 -0.152066
73  0.000027 5.994246 0.000009  -0.126210 -0.157657 0.153303
74  -0.000077 7.076872 -0.000045  -0.008118 0.010385 0.036402
75  -0.000001 7.089866 -0.000070  0.070875 0.098587 -0.025893
76  0.361108 0.886681 3.287747  -0.576369 1.978708 0.939011
77  -0.000070 6.686646 0.000221  -0.146567 0.414164 -0.327704
78  -0.000013 7.638016 0.000012  -0.079523 -0.025948 0.130953
79  -0.000030 7.290228 -0.000021  0.025325 -0.093908 0.023965
80  -0.000035 6.530364 0.000006  -0.261847 -0.300601 0.006734
81  0.000061 7.224877 0.000010  0.036505 0.032480 -0.175823
82  1.071894 3.225799 1.570116  -0.043805 2.859975 1.526244
83  0.000417 6.748902 -0.000066  -0.062703 0.083783 0.022203
84  -0.000048 8.002646 0.000026  -0.067497 -0.117209 -0.115600
85  0.000015 8.580570 -0.000096  0.088214 -0.007187 0.334606
86  0.000172 8.689833 -0.000041  0.065325 -0.412430 -0.134518
87  -1.514537 2.104640 0.318057  -0.024895 3.094491 1.569491
88  0.000187 6.982282 0.000012  -0.107588 -0.057625 -0.215715
89  -0.000007 8.382874 -0.000067  0.135030 -0.099914 0.287073
90  -0.000059 8.697671 0.000024  -0.148089 -0.510100 0.044838
91  -0.000134 8.921823 0.000079  -0.236828 -0.892635 0.098804
92  3.553612 -3.478044 2.409278  0.000821 0.762046 1.535304
93  -0.000002 4.476903 -0.000009  -0.151004 -0.588330 0.377259
94  0.000027 4.514119 -0.000023  -0.228868 -2.996200 0.592367
95  0.000044 4.518385 -0.000026  0.143171 2.612777 0.693382
96  0.000024 3.598329 0.000021  -0.749303 0.869851 -0.773233
97  4.209921 -0.440344 1.018821  -0.697203 -2.006468 -0.996054
98  4.265508 1.434231 -0.404991  -1.551283 -0.289766 0.078872
99  9.400237 0.017942 0.083202  -0.010936 -0.041045 -0.106715
100  10.242423 0.033592 0.064481  1.737160 -0.580488 0.080820
101  3.465857 -0.059678 0.016692  -0.009355 -0.122244 -0.565216
102  1.655596 -0.000024 0.000023  -0.005204 -0.057240 0.006558
103  0.960768 -0.000004 -0.000008  0.085598 0.085116 0.234134
104  3.462027 -0.064245 0.939908  0.357444 -0.257749 -0.508689
105  1.497180 -0.000008 0.000019  -0.481561 0.076795 0.086562
106  0.793759 0.000005 -0.000002  -0.012895 -0.001557 0.017702
107  0.591664 -0.460690 0.835206  -0.533966 -0.795315 -1.067692
108  1.556141 -0.000001 0.000002  -0.373004 0.065964 0.278081
109  1.135901 0.000019 0.000004  0.074304 -0.136724 -0.015780
110  3.084270 -0.668820 -1.257087  -0.730325 0.326282 -0.836798
111  1.064206 -0.000006 0.000004  0.022622 0.094324 -0.458884
112  0.640336 0.000006 -0.000009  -0.095044 -0.038811 -0.317602
113  3.396825 -0.242136 -0.708690  -0.395824 0.084561 -0.717401
114  1.532968 0.000006 0.000005  0.035036 0.016859 -0.018900
115  0.832971 -0.000001 -0.000003  -0.057074 0.011895 0.087851
116  4.209942 -0.440343 -1.019281  2.023272 1.880068 0.253072
117  4.266747 1.424938 0.424935  1.329355 -0.020493 -0.727354
118  9.398567 0.011956 -0.082518  -0.024425 0.066609 -0.667311
119  10.242437 0.028178 -0.062911  -1.109853 -0.116286 -0.195994
120  3.465749 -0.067531 0.002265  -0.247398 0.249394 -1.712658
121  1.655556 0.000000 0.000006  -0.143639 0.179964 -1.047655
122  0.960908 0.000008 0.000001  0.008747 0.150378 -0.743406
123  3.466857 -0.077786 -0.920913  -0.490061 0.119672 -1.703528
124  1.497258 -0.000031 -0.000024  -0.552058 0.300457 -0.934323
125  0.793789 -0.000005 0.000001  -0.177604 0.335165 -0.686538
126  0.595078 -0.467155 -0.829177  2.468216 0.674811 -0.728470
127  1.555674 0.000017 -0.000003  0.631759 0.516836 1.163547
128  1.136805 -0.000008 0.000001  0.578691 0.458665 1.086492
129  3.075974 -0.667971 1.277699  0.592477 0.292304 -1.435950
130  1.064593 0.000019 0.000011  0.029295 -0.119232 -0.865651
131  0.640359 -0.000015 -0.000003  -0.107625 -0.026115 -0.509363
132  3.392413 -0.245373 0.728375  0.123884 0.327397 -1.769342
133  1.532735 -0.000011 -0.000000  0.008413 0.016042 -0.783416
134  0.833153 0.000015 0.000005  -0.080401 -0.067761 -1.010746
135  3.590111 -3.090289 1.193974  1.635457 1.210566 1.548541
136  3.589560 -3.089880 -1.196374  -1.505736 1.210473 -1.592853
137  -0.436560 4.719026 -0.001077  -0.000590 -1.570733 1.692685
138  0.000001 2.775455 -0.000236  -0.135089 0.000001 -0.000000
139  -0.000000 3.189768 0.000009  0.207820 -0.000000 0.000000
140  0.000002 3.504651 0.000047  -0.261876 0.000000 -0.000000
141  0.000002 2.863200 0.000002  -0.051268 0.000000 -0.000000
time 10
0  -11.307306 4.577653 25.598122  1.570862 0.000000 -0.000000
1  0.002636 43.025146 0.734438  0.549733 -0.055938 -0.136069
2  3.061858 -4.181012 -0.610804  -2.287255 -0.593304 -0.297719
3  18.476774 0.000158 -0.000002  -0.025210 -0.096093 1.304275
4  17.490086 0.000117 0.000004  -0.834000 0.102588 -1.419480
5  -3.065330 -4.183579 -0.611478  0.978626 -1.292939 1.873931
6  18.474854 -0.000038 -0.000007  0.013997 0.084262 1.105624
7  17.489582 0.001917 -0.000006  -0.160963 -0.033869 -0.546093
8  -0.000117 -0.048882 -0.576227  1.424170 -0.122760 1.519199
9  3.224480 0.767048 0.000496  -0.173704 -0.094040 0.412672
10  3.223910 0.226403 -0.001944  -0.118085 -0.025004 0.318792
11  5.187320 -1.262557 -0.001176  0.000012 0.000066 0.194111
12  6.928407 -1.935315 -0.000224  -2.958997 -0.150388 -0.011993
13  3.236366 1.079613 0.000058  0.370588 -0.003381 0.506796
14  0.833759 3.805347 0.692955  -0.040492 0.554885 1.469865
15  0.000049 6.792203 0.000043  0.007991 0.036071 -0.011407
16  -0.000067 7.744817 0.000013  -0.017442 -0.155305 0.068153
17  0.000078 7.809703 0.000017  -0.033637 0.005026 0.006142
18  -0.000030 7.867671 0.000016  -0.073329 -0.127910 0.026375
19  3.494702 -1.749101 -3.006912  0.152547 2.070420 1.936938
20  0.000119 4.478322 0.000015  -0.194658 0.310431 -0.234996
21  0.000050 4.636109 -0.000026  0.035819 0.324592 -0.151767
22  -0.000041 5.008651 0.000013  0.076000 -0.286564 0.276091
23  0.000066 4.781168 0.000009  0.904405 -2.690904 -0.015802
24  2.253039 1.989049 -3.350106  -1.523632 1.324495 0.112393
25  0.000163 6.589468 0.000174  0.206356 -0.002128 -0.080395
26  0.000043 7.491416 0.000041  -0.333516 0.184455 -0.191163
27  0.000026 7.660302 -0.000051  -0.063173 0.127194 -0.062119
28  0.000005 7.256269 0.000016  -0.052939 -0.487829 0.313813
29  -0.791157 2.265114 -1.234655  -0.753899 1.136376 0.824664
30  -0.000258 8.572260 -0.000090  -0.222844 -0.296789 0.176505
31  -0.000097 8.117213 0.000046  0.072258 0.772520 -0.285587
32  -0.000084 8.230036 -0.000065  -0.080496 -0.347232 0.072252
33  0.000059 7.366724 0.000046  -0.015393 -0.663893 0.062743
34  0.224217 0.240120 -3.218158  -0.877382 1.468889 0.577819
35  -0.000101 7.721054 -0.000308  -0.283829 0.060495 -0.167556
36  -0.000030 7.374851 0.000002  0.007537 -0.195020 0.049540
37  0.000075 6.848105 0.000000  0.005484 0.006497 -0.033649
38  -0.000052 7.777864 0.000004  -0.186097 0.182474 -0.152847
39  -1.514468 2.104641 -1.150167  -0.029093 0.541320 1.555671
40  -0.000169 6.982346 -0.000075  -0.199699 -0.041214 0.153490
41  0.000044 8.382858 -0.000074  0.044867 0.587987 -0.257958
42  0.000012 8.697700 -0.000034  -0.102637 -0.474319 0.290942
43  0.000057 8.921801 -0.000003  -0.076256 0.581004 -0.195602
44  1.196190 2.899144 -2.353086  -0.449719 1.030105 1.287423
45  0.000108 5.476941 0.000012  0.285574 -0.099353 -0.038446
46  -0.000069 6.060437 -0.000092  -0.155019 -0.575032 0.384609
47  0.000022 5.994257 0.000029  0.033940 0.288574 -0.067730
48  -0.000013 6.100489 -0.000001  -0.068407 0.299273 -0.162152
49  0.000036 6.916758 0.000009  -0.096318 0.220533 -0.107966
50  0.000147 6.435060 -0.000045  -0.037456 0.171630 -0.116573
51  1.092796 3.649507 -1.738794  -0.148600 0.876612 1.445020
52  -0.000129 6.792201 -0.000101  0.008284 0.107792 -0.048643
53  -0.000092 7.744779 -0.000032  0.057137 -0.256893 0.015458
54  0.000087 9.115023 -0.000036  -0.020393 0.256253 -0.142636
55  3.494515 -1.749112 3.007064  0.118400 1.106974 1.813803
56  0.000013 4.323840 0.000083  -0.229908 -0.770943 0.449223
57  0.000029 4.872896 -0.000023  0.367245 -0.664052 -0.254033
58  0.000005 5.056648 0.000091  -0.511237 0.856585 -0.546326
59  2.292464 1.708605 3.661675  -1.762559 1.789109 -0.218978
60  -0.000173 6.589440 0.000269  -0.007132 -0.169123 0.176911
61  0.000173 7.491497 -0.000149  -0.132413 -0.107097 0.179327
62  -0.000140 8.249660 0.000140  0.041912 -0.058209 0.015813
63  0.000073 8.605235 -0.000024  0.101585 0.501824 -0.079696
64  -0.240488 2.066067 2.349267  -0.357331 2.461714 1.296076
65  -0.000087 7.721105 -0.000004  -0.208231 -0.126223 -0.116492
66  -0.000127 7.374863 -0.000046  -0.111017 0.046940 -0.046466
67  -0.000032 6.848061 -0.000026  0.273533 0.247522 0.299909
68  0.000037 7.777824 -0.000042  0.072921 0.186148 -0.052689
69  -0.000082 8.178054 0.000011  -0.087031 -0.422849 -0.381357
70  1.617607 3.431404 2.399266  -0.249453 2.569515 1.508568
71  -0.000164 5.476943 -0.000031  0.057729 0.074071 0.060287
72  -0.000093 6.060495 -0.000009  -0.015205 0.015650 -0.152066
73  0.000025 5.994252 0.000009  -0.126210 -0.157657 0.153303
74  -0.000078 7.076874 -0.000046  -0.008118 0.010384 0.036401
75  -0.000001 7.089867 -0.000072  0.070875 0.098587 -0.025893
76  0.361112 0.886678 3.287746  -0.576369 1.978708 0.939011
77  -0.000066 6.686645 0.000219  -0.146568 0.414164 -0.327704
78  -0.000015 7.638021 0.000010  -0.079523 -0.025948 0.130953
79  -0.000036 7.290232 -0.000026  0.025325 -0.093908 0.023965
80  -0.000032 6.530369 0.000005  -0.261847 -0.300601 0.006734
81  0.000063 7.224882 0.000012  0.036505 0.032481 -0.175823
82  1.071895 3.225789 1.570115  -0.043805 2.859975 1.526244
83  0.000417 6.748903 -0.000067  -0.062703 0.083783 0.022203
84  -0.000042 8.002645 0.000027  -0.067497 -0.117209 -0.115600
85  0.000014 8.580572 -0.000098  0.088214 -0.007187 0.334606
86  0.000168 8.689831 -0.000041  0.065326 -0.412430 -0.134518
87  -1.514535 2.104631 0.318055  -0.024895 3.094491 1.569491
88  0.000193 6.982284 0.000011  -0.107588 -0.057625 -0.215715
89  -0.000012 8.382871 -0.000068  0.135030 -0.099914 0.287073
90  -0.000065 8.697670 0.000024  -0.148089 -0.510100 0.044838
91  -0.000136 8.921824 0.000079  -0.236828 -0.892635 0.098804
92  3.553617 -3.478049 2.409277  0.000821 0.762046 1.535304
93  -0.000001 4.476902 -0.000007  -0.151004 -0.588330 0.377259
94  0.000033 4.514119 -0.000024  -0.228868 -2.996200 0.592367
95  0.000043 4.518383 -0.000023  0.143171 2.612777 0.693383
96  0.000021 3.598331 0.000024  -0.749303 0.869851 -0.773233
97  4.209919 -0.440345 1.018827  -0.697359 -2.011924 -0.994382
98  4.265507 1.434231 -0.404989  -1.539496 -0.317109 0.093184
99  9.400237 0.017939 0.083203  -0.005314 -0.047298 -0.217732
100  10.242418 0.033590 0.064481  1.639524 -0.604837 0.107056
101  3.465858 -0.059679 0.016695  -0.009410 -0.122159 -0.563965
102  1.655592 -0.000022 0.000021  -0.005195 -0.056796 0.009457
103  0.960769 -0.000005 -0.000008  0.085966 0.085519 0.237439
104  3.462030 -0.064246 0.939909  0.357861 -0.258267 -0.513602
105  1.497176 -0.000005 0.000021  -0.481539 0.076967 0.086823
106  0.793760 0.000004 -0.000002  -0.012886 -0.001573 0.018562
107  0.591666 -0.460693 0.835207  -0.534563 -0.792246 -1.068489
108  1.556139 0.000001 -0.000001  -0.372856 0.068673 0.283677
109  1.135903 0.000018 0.000005  0.074793 -0.135010 -0.008757
110  3.084270 -0.668821 -1.257085  -0.730727 0.326697 -0.836898
111  1.064204 -0.000005 0.000003  0.021810 0.095416 -0.471823
112  0.640338 0.000007 -0.000008  -0.095977 -0.040070 -0.332517
113  3.396824 -0.242138 -0.708688  -0.396215 0.084531 -0.717434
114  1.532969 0.000008 0.000005  0.034634 0.016592 -0.031175
115  0.832975 -0.000001 -0.000002  -0.058365 0.010124 0.075546
116  4.209941 -0.440342 -1.019276  1.907442 1.882892 0.140830
117  4.266742 1.424940 0.424939  1.420201 -0.059737 -0.664794
118  9.398565 0.011950 -0.082516  -0.025004 0.066819 -0.675260
119  10.242439 0.028174 -0.062911  -1.153844 -0.181152 -0.170811
120  3.465751 -0.067526 0.002267  -0.247280 0.249407 -1.712134
121  1.655557 0.000004 0.000006  -0.143878 0.180031 -1.049066
122  0.960907 0.000002 -0.000000  0.008465 0.150689 -0.745017
123  3.466855 -0.077782 -0.920908  -0.490056 0.119679 -1.703476
124  1.497256 -0.000039 -0.000024  -0.552387 0.300722 -0.935388
125  0.793789 -0.000008 -0.000002  -0.178092 0.335772 -0.687458
126  0.595079 -0.467155 -0.829177  2.468228 0.674805 -0.728419
127  1.555674 0.000016 -0.000003  0.631822 0.516872 1.163637
128  1.136811 -0.000011 -0.000006  0.578687 0.458664 1.086487
129  3.075975 -0.667972 1.277699  0.592612 0.291677 -1.435215
130  1.064594 0.000020 0.000013  0.029266 -0.119215 -0.865274
131  0.640362 -0.000011 -0.000009  -0.107589 -0.026087 -0.508950
132  3.392414 -0.245372 0.728376  0.123911 0.327376 -1.769266
133  1.532738 -0.000005 -0.000003  0.008401 0.016046 -0.783736
134  0.833150 0.000001 0.000007  -0.080427 -0.067783 -1.011075
135  3.590110 -3.090292 1.193972  1.635457 1.210566 1.548541
136  3.589558 -3.089879 -1.196372  -1.505736 1.210473 -1.592853
137  -0.436561 4.719030 -0.001074  -0.000769 -1.570733 1.692895
138  0.000003 2.775454 -0.000239  -0.135089 0.000001 -0.000000
139  -0.000002 3.189768 0.000010  0.207820 -0.000000 0.000000
140  -0.000000 3.504651 0.000042  -0.261876 -0.000000 -0.000000
141  -0.000001 2.863200 -0.000002  -0.051268 -0.000000 -0.000000
time 11
0  -10.880527 4.682969 25.946449  1.570862 0.000000 -0.000000
1  0.002636 43.025146 0.734438  0.505291 0.038809 -0.110388
2  3.061857 -4.181010 -0.610801  -2.306985 -0.668258 -0.278101
3  18.476772 0.000159 -0.000002  -0.026090 -0.096849 1.318482
4  17.490086 0.000117 -0.000001  -0.748987 0.154950 -1.430717
5  -3.065330 -4.183573 -0.611478  0.532059 -1.294473 2.319085
6  18.474855 -0.000030 -0.000008  0.013180 0.083177 1.089013
7  17.489582 0.001914 -0.000008  -0.229854 -0.098196 -0.518015
8  -0.000117 -0.048882 -0.576223  1.429345 -0.125908 1.541658
9  3.224478 0.767048 0.000496  -0.157228 -0.067686 0.414489
10  3.223909 0.226402 -0.001946  -0.106132 -0.004095 0.320220
11  5.187319 -1.262561 -0.001177  0.000012 0.000066 0.194111
12  6.928409 -1.935320 -0.000224  -2.969320 -0.145010 -0.006117
13  3.236363 1.079611 0.000057  0.339490 0.037340 0.470080
14  0.833759 3.805350 0.692955  -0.040492 0.554885 1.469865
15  0.000043 6.792209 0.000040  0.007991 0.036071 -0.011407
16  -0.000070 7.744816 0.000016  -0.017442 -0.155305 0.068153
17  0.000074 7.809704 0.000019  -0.033637 0.005026 0.006142
18  -0.000027 7.867672 0.000017  -0.073329 -0.127910 0.026376
19  3.494699 -1.749092 -3.006912  0.152547 2.070420 1.936938
20  0.000120 4.478326 0.000021  -0.194658 0.310431 -0.234996
21  0.000045 4.636115 -0.000029  0.035819 0.324592 -0.151767
22  -0.000044 5.008652 0.000013  0.076000 -0.286565 0.276091
23  0.000064 4.781165 0.000007  0.904405 -2.690904 -0.015802
24  2.253042 1.989055 -3.350106  -1.523632 1.324495 0.112393
25  0.000162 6.589469 0.000175  0.206356 -0.002128 -0.080395
26  0.000042 7.491412 0.000041  -0.333516 0.184455 -0.191163
27  0.000026 7.660307 -0.000062  -0.063173 0.127194 -0.062119
28  0.000006 7.256267 0.000019  -0.052939 -0.487829 0.313813
29  -0.791161 2.265116 -1.234656  -0.753899 1.136376 0.824664
30  -0.000257 8.572261 -0.000085  -0.222844 -0.296789 0.176505
31  -0.000096 8.117211 0.000050  0.072258 0.772520 -0.285587
32  -0.000082 8.230036 -0.000071  -0.080496 -0.347232 0.072252
33  0.000059 7.366724 0.000054  -0.015393 -0.663893 0.062743
34  0.224214 0.240122 -3.218158  -0.877382 1.468889 0.577819
35  -0.000102 7.721054 -0.000313  -0.283829 0.060495 -0.167556
36  -0.000030 7.374856 -0.000002  0.007537 -0.195020 0.049540
37  0.000076 6.848103 0.000005  0.005484 0.006497 -0.033649
38  -0.000051 7.777865 0.000006  -0.186096 0.182474 -0.152847
39  -1.514468 2.104647 -1.150167  -0.029093 0.541320 1.555671
40  -0.000168 6.982343 -0.000079  -0.199699 -0.041214 0.153490
41  0.000035 8.382863 -0.000071  0.044867 0.587987 -0.257958
42  0.000012 8.697701 -0.000027  -0.102637 -0.474319 0.290942
43  0.000058 8.921803 -0.000004  -0.076256 0.581004 -0.195602
44  1.196193 2.899154 -2.353086  -0.449719 1.030105 1.287423
45  0.000108 5.476940 0.000005  0.285574 -0.099353 -0.038446
46  -0.000070 6.060435 -0.000089  -0.155019 -0.575032 0.384609
47  0.000016 5.994261 0.000030  0.033940 0.288574 -0.067730
48  -0.000012 6.100488 0.000003  -0.068407 0.299273 -0.162152
49  0.000038 6.916757 0.000006  -0.096318 0.220533 -0.107966
50  0.000151 6.435059 -0.000047  -0.037456 0.171630 -0.116573
51  1.092796 3.649509 -1.738795  -0.148600 0.876612 1.445020
52  -0.000128 6.792199 -0.000101  0.008284 0.107792 -0.048643
53  -0.000088 7.744778 -0.000035  0.057137 -0.256893 0.015458
54  0.000086 9.115017 -0.000036  -0.020393 0.256253 -0.142636
55  3.494515 -1.749107 3.007064  0.118400 1.106974 1.813803
56  0.000015 4.323833 0.000085  -0.229908 -0.770943 0.449223
57  0.000028 4.872897 -0.000022  0.367245 -0.664052 -0.254033
58  0.000003 5.056651 0.000091  -0.511237 0.856585 -0.546326
59  2.292465 1.708611 3.661675  -1.762559 1.789109 -0.218978
60  -0.000174 6.589439 0.000276  -0.007132 -0.169123 0.176911
61  0.000174 7.491494 -0.000148  -0.132413 -0.107097 0.179327
62  -0.000139 8.249660 0.000147  0.041912 -0.058209 0.015813
63  0.000071 8.605233 -0.000027  0.101585 0.501824 -0.079696
64  -0.240486 2.066068 2.349268  -0.357331 2.461714 1.296076
65  -0.000096 7.721107 -0.000002  -0.208231 -0.126223 -0.116492
66  -0.000122 7.374864 -0.000046  -0.111017 0.046939 -0.046466
67  -0.000029 6.848062 -0.000026  0.273533 0.247522 0.299908
68  0.000035 7.777823 -0.000043  0.072921 0.186148 -0.052689
69  -0.000083 8.178055 0.000011  -0.087031 -0.422849 -0.381357
70  1.617603 3.431407 2.399265  -0.249453 2.569515 1.508568
71  -0.000162 5.476938 -0.000031  0.057729 0.074071 0.060287
72  -0.000091 6.060500 -0.000005  -0.015205 0.015650 -0.152067
73  0.000018 5.994250 0.000011  -0.126210 -0.157657 0.153303
74  -0.000075 7.076875 -0.000048  -0.008118 0.010384 0.036401
75  0.000003 7.089867 -0.000067  0.070875 0.098587 -0.025893
76  0.361110 0.886681 3.287746  -0.576369 1.978708 0.939011
77  -0.000067 6.686647 0.000222  -0.146567 0.414164 -0.327704
78  -0.000015 7.638015 0.000011  -0.079523 -0.025948 0.130953
79  -0.000034 7.290232 -0.000022  0.025325 -0.093908 0.023965
80  -0.000033 6.530367 0.000002  -0.261847 -0.300601 0.006734
81  0.000062 7.224875 0.000008  0.036505 0.032481 -0.175823
82  1.071894 3.225792 1.570115  -0.043805 2.859975 1.526244
83  0.000422 6.748905 -0.000066  -0.062703 0.083783 0.022203
84  -0.000047 8.002645 0.000026  -0.067497 -0.117209 -0.115600
85  0.000012 8.580571 -0.000097  0.088214 -0.007187 0.334606
86  0.000170 8.689831 -0.000040  0.065326 -0.412430 -0.134518
87  -1.514536 2.104634 0.318055  -0.024895 3.094491 1.569491
88  0.000197 6.982287 0.000011  -0.107588 -0.057624 -0.215715
89  -0.000005 8.382876 -0.000067  0.135030 -0.099914 0.287073
90  -0.000061 8.697672 0.000022  -0.148089 -0.510100 0.044838
91  -0.000135 8.921825 0.000082  -0.236828 -0.892635 0.098804
92  3.553616 -3.478051 2.409277  0.000821 0.762046 1.535304
93  0.000005 4.476905 -0.000007  -0.151004 -0.588330 0.377259
94  0.000031 4.514118 -0.000023  -0.228868 -2.996200 0.592367
95  0.000044 4.518387 -0.000023  0.143171 2.612777 0.693383
96  0.000022 3.598329 0.000023  -0.749303 0.869852 -0.773233
97  4.209918 -0.440352 1.018826  -0.699256 -2.016963 -0.990992
98  4.265503 1.434232 -0.404989  -1.535969 -0.356710 0.106486
99  9.400237 0.017940 0.083201  0.002211 -0.053853 -0.349550
100  10.242418 0.033591 0.064479  1.548645 -0.625735 0.129085
101  3.465856 -0.059678 0.016693  -0.009485 -0.122190 -0.562949
102  1.655594 -0.000021 0.000022  -0.005246 -0.056357 0.012048
103  0.960766 0.000000 -0.000006  0.086313 0.085808 0.240387
104  3.462030 -0.064246 0.939909  0.358286 -0.258885 -0.518825
105  1.497175 -0.000006 0.000022  -0.481563 0.076885 0.086459
106  0.793758 0.000006 -0.000002  -0.012887 -0.001523 0.018690
107  0.591664 -0.460692 0.835206  -0.535192 -0.788901 -1.069413
108  1.556141 0.000002 0.000001  -0.372714 0.071621 0.289787
109  1.135906 0.000016 0.000003  0.075239 -0.133174 -0.001255
110  3.084270 -0.668820 -1.257085  -0.731098 0.327061 -0.836966
111  1.064200 -0.000002 0.000007  0.020978 0.096507 -0.484843
112  0.640337 0.000005 -0.000009  -0.096942 -0.041411 -0.347583
113  3.396825 -0.242137 -0.708690  -0.396550 0.084509 -0.717528
114  1.532969 0.000007 0.000005  0.034154 0.016362 -0.046383
115  0.832976 -0.000008 -0.000005  -0.059891 0.008003 0.060130
116  4.209940 -0.440351 -1.019278  1.832695 1.891504 0.068568
117  4.266747 1.424941 0.424941  1.537479 -0.099912 -0.609897
118  9.398565 0.011947 -0.082516  -0.025821 0.067106 -0.686422
119  10.242437 0.028178 -0.062909  -1.216737 -0.237070 -0.120142
120  3.465749 -0.067529 0.002268  -0.247162 0.249420 -1.711610
121  1.655558 0.000008 0.000006  -0.144116 0.180096 -1.050477
122  0.960905 0.000008 0.000000  0.008181 0.150998 -0.746628
123  3.466857 -0.077782 -0.920909  -0.490051 0.119685 -1.703424
124  1.497257 -0.000035 -0.000021  -0.552716 0.300988 -0.936454
125  0.793788 -0.000007 -0.000002  -0.178581 0.336378 -0.688379
126  0.595081 -0.467155 -0.829177  2.468243 0.674800 -0.728367
127  1.555678 0.000017 -0.000002  0.631883 0.516910 1.163726
128  1.136810 -0.000010 -0.000004  0.578683 0.458662 1.086483
129  3.075976 -0.667973 1.277700  0.592753 0.291054 -1.434471
130  1.064600 0.000021 0.000014  0.029238 -0.119199 -0.864899
131  0.640364 -0.000010 -0.000003  -0.107553 -0.026060 -0.508537
132  3.392413 -0.245370 0.728377  0.123938 0.327355 -1.769189
133  1.532737 -0.000008 -0.000002  0.008389 0.016050 -0.784056
134  0.833154 0.000004 0.000005  -0.080452 -0.067805 -1.011405
135  3.590109 -3.090298 1.193973  1.635457 1.210566 1.548541
136  3.589556 -3.089881 -1.196371  -1.505736 1.210473 -1.592853
137  -0.436562 4.719026 -0.001073  -0.000472 -1.570733 1.693127
138  -0.000001 2.775455 -0.000231  -0.135089 0.000001 -0.000000
139  -0.000002 3.189769 0.000011  0.207820 -0.000000 0.000000
140  -0.000003 3.504651 0.000049  -0.261876 0.000000 -0.000000
141  -0.000002 2.863199 -0.000001  -0.051268 -0.000000 0.000000
time 12
0  -10.312792 4.836052 26.334356  1.570862 0.000000 -0.000000
1  0.002636 43.025146 0.734438  0.460907 0.136672 -0.095239
2  3.061857 -4.181013 -0.610802  -2.331444 -0.742956 -0.256245
3  18.476774 0.000157 0.000003  -0.027267 -0.097827 1.337212
4  17.490082 0.000118 0.000005  -0.655068 0.219005 -1.451748
5  -3.065330 -4.183572 -0.611479  0.113409 -1.250439 2.737706
6  18.474855 -0.000038 -0.000009  0.011646 0.081032 1.056730
7  17.489586 0.001913 -0.000008  -0.290594 -0.164630 -0.481698
8  -0.000117 -0.048884 -0.576224  1.437740 -0.127970 1.564449
9  3.224481 0.767047 0.000495  -0.136665 -0.040980 0.414924
10  3.223911 0.226397 -0.001944  -0.091226 0.016509 0.320783
11  5.187320 -1.262561 -0.001178  0.000012 0.000066 0.194111
12  6.928410 -1.935315 -0.000226  -2.982408 -0.132397 -0.000568
13  3.236365 1.079613 0.000057  0.295671 0.061150 0.438220
14  0.833763 3.805349 0.692954  -0.040492 0.554885 1.469865
15  0.000034 6.792210 0.000040  0.007991 0.036071 -0.011407
16  -0.000073 7.744817 0.000019  -0.017442 -0.155305 0.068153
17  0.000072 7.809703 0.000017  -0.033637 0.005026 0.006142
18  -0.000024 7.867671 0.000018  -0.073329 -0.127910 0.026375
19  3.494704 -1.749095 -3.006913  0.152547 2.070420 1.936938
20  0.000118 4.478323 0.000013  -0.194658 0.310431 -0.234996
21  0.000050 4.636117 -0.000030  0.035819 0.324592 -0.151767
22  -0.000038 5.008658 0.000011  0.076000 -0.286564 0.276091
23  0.000063 4.781161 0.000010  0.904405 -2.690904 -0.015802
24  2.253040 1.989056 -3.350108  -1.523632 1.324495 0.112393
25  0.000162 6.589462 0.000168  0.206356 -0.002128 -0.080395
26  0.000043 7.491413 0.000043  -0.333516 0.184455 -0.191163
27  0.000025 7.660305 -0.000055  -0.063173 0.127194 -0.062119
28  0.000008 7.256268 0.000016  -0.052939 -0.487829 0.313813
29  -0.791159 2.265115 -1.234657  -0.753899 1.136376 0.824664
30  -0.000257 8.572258 -0.000093  -0.222844 -0.296789 0.176505
31  -0.000092 8.117209 0.000050  0.072258 0.772520 -0.285587
32  -0.000083 8.230035 -0.000071  -0.080496 -0.347232 0.072252
33  0.000054 7.366725 0.000052  -0.015392 -0.663893 0.062743
34  0.224218 0.240124 -3.218159  -0.877381 1.468889 0.577819
35  -0.000101 7.721057 -0.000308  -0.283829 0.060495 -0.167556
36  -0.000031 7.374847 -0.000002  0.007537 -0.195020 0.049540
37  0.000075 6.848105 0.000004  0.005484 0.006497 -0.033649
38  -0.000050 7.777864 0.000013  -0.186097 0.182474 -0.152847
39  -1.514464 2.104644 -1.150168  -0.029093 0.541320 1.555671
40  -0.000169 6.982342 -0.000078  -0.199699 -0.041214 0.153490
41  0.000043 8.382860 -0.000073  0.044867 0.587987 -0.257958
42  0.000013 8.697701 -0.000030  -0.102637 -0.474319 0.290942
43  0.000056 8.921802 -0.000002  -0.076256 0.581004 -0.195602
44  1.196196 2.899154 -2.353087  -0.449719 1.030105 1.287423
45  0.000110 5.476934 0.000006  0.285574 -0.099353 -0.038446
46  -0.000074 6.060435 -0.000095  -0.155019 -0.575032 0.384609
47  0.000013 5.994262 0.000030  0.033940 0.288574 -0.067730
48  -0.000002 6.100483 0.000003  -0.068407 0.299273 -0.162152
49  0.000034 6.916759 0.000009  -0.096318 0.220533 -0.107966
50  0.000153 6.435056 -0.000046  -0.037456 0.171630 -0.116573
51  1.092798 3.649510 -1.738795  -0.148600 0.876612 1.445020
52  -0.000124 6.792202 -0.000097  0.008284 0.107792 -0.048643
53  -0.000086 7.744776 -0.000032  0.057137 -0.256893 0.015458
54  0.000084 9.115019 -0.000041  -0.020393 0.256253 -0.142636
55  3.494518 -1.749108 3.007062  0.118400 1.106974 1.813803
56  0.000015 4.323833 0.000085  -0.229908 -0.770943 0.449223
57  0.000025 4.872896 -0.000021  0.367245 -0.664052 -0.254033
58  0.000004 5.056651 0.000092  -0.511238 0.856585 -0.546325
59  2.292467 1.708610 3.661674  -1.762559 1.789109 -0.218978
60  -0.000172 6.589441 0.000273  -0.007133 -0.169123 0.176911
61  0.000172 7.491494 -0.000152  -0.132413 -0.107097 0.179327
62  -0.000141 8.249659 0.000139  0.041912 -0.058209 0.015813
63  0.000072 8.605236 -0.000025  0.101585 0.501824 -0.079696
64  -0.240486 2.066065 2.349267  -0.357330 2.461714 1.296076
65  -0.000089 7.721104 -0.000004  -0.208231 -0.126223 -0.116492
66  -0.000121 7.374866 -0.000046  -0.111017 0.046939 -0.046466
67  -0.000033 6.848058 -0.000029  0.273533 0.247522 0.299909
68  0.000033 7.777823 -0.000045  0.072921 0.186148 -0.052689
69  -0.000086 8.178052 0.000010  -0.087031 -0.422849 -0.381357
70  1.617606 3.431406 2.399264  -0.249453 2.569515 1.508568
71  -0.000165 5.476947 -0.000027  0.057729 0.074071 0.060287
72  -0.000089 6.060488 -0.000007  -0.015205 0.015650 -0.152066
73  0.000024 5.994255 0.000012  -0.126210 -0.157657 0.153303
74  -0.000082 7.076874 -0.000046  -0.008118 0.010384 0.036401
75  0.000001 7.089867 -0.000068  0.070875 0.098587 -0.025893
76  0.361111 0.886676 3.287744  -0.576369 1.978708 0.939011
77  -0.000068 6.686644 0.000223  -0.146568 0.414164 -0.327704
78  -0.000008 7.638020 0.000011  -0.079523 -0.025948 0.130953
79  -0.000029 7.290227 -0.000023  0.025325 -0.093908 0.023965
80  -0.000033 6.530368 0.000008  -0.261847 -0.300601 0.006734
81  0.000063 7.224875 0.000008  0.036505 0.032480 -0.175823
82  1.071898 3.225796 1.570114  -0.043805 2.859975 1.526244
83  0.000415 6.748903 -0.000066  -0.062703 0.083783 0.022203
84  -0.000051 8.002646 0.000027  -0.067497 -0.117209 -0.115600
85  0.000009 8.580569 -0.000097  0.088214 -0.007187 0.334606
86  0.000168 8.689831 -0.000043  0.065325 -0.412430 -0.134518
87  -1.514534 2.104636 0.318054  -0.024895 3.094491 1.569491
88  0.000193 6.982286 0.000012  -0.107588 -0.057625 -0.215715
89  -0.000012 8.382875 -0.000068  0.135030 -0.099914 0.287073
90  -0.000067 8.697671 0.000023  -0.148089 -0.510100 0.044838
91  -0.000136 8.921824 0.000080  -0.236828 -0.892635 0.098804
92  3.553616 -3.478049 2.409275  0.000821 0.762046 1.535304
93  0.000001 4.476908 -0.000008  -0.151004 -0.588330 0.377259
94  0.000035 4.514121 -0.000025  -0.228868 -2.996200 0.592367
95  0.000044 4.518390 -0.000023  0.143171 2.612777 0.693383
96  0.000022 3.598328 0.000025  -0.749303 0.869851 -0.773233
97  4.209919 -0.440347 1.018824  -0.702207 -2.021077 -0.986870
98  4.265509 1.434232 -0.404991  -1.532608 -0.407255 0.114058
99  9.400233 0.017943 0.083202  0.010259 -0.059205 -0.477235
100  10.242421 0.033591 0.064480  1.467719 -0.640018 0.149870
101  3.465852 -0.059677 0.016693  -0.009365 -0.122519 -0.563533
102  1.655596 -0.000023 0.000021  -0.005207 -0.056156 0.013686
103  0.960769 -0.000005 -0.000006  0.086595 0.085872 0.242186
104  3.462027 -0.064243 0.939909  0.358754 -0.259478 -0.524498
105  1.497178 -0.000009 0.000022  -0.481638 0.076482 0.085302
106  0.793760 0.000008 -0.000002  -0.012896 -0.001407 0.018085
107  0.591660 -0.460688 0.835205  -0.535834 -0.785746 -1.070362
108  1.556140 0.000004 -0.000000  -0.372593 0.074352 0.295527
109  1.135906 0.000019 0.000003  0.075750 -0.131514 0.005584
110  3.084267 -0.668817 -1.257086  -0.731530 0.327527 -0.837099
111  1.064203 -0.000005 0.000003  0.020141 0.097612 -0.497503
112  0.640338 0.000004 -0.000009  -0.097924 -0.042665 -0.362231
113  3.396818 -0.242136 -0.708690  -0.396787 0.084284 -0.718012
114  1.532966 0.000009 0.000006  0.033681 0.016059 -0.063244
115  0.832976 -0.000003 -0.000002  -0.061541 0.005675 0.043018
116  4.209942 -0.440341 -1.019278  1.777723 1.905532 0.015351
117  4.266747 1.424943 0.424941  1.676567 -0.146663 -0.570817
118  9.398566 0.011944 -0.082517  -0.026855 0.067455 -0.700491
119  10.242438 0.028176 -0.062910  -1.299498 -0.277846 -0.052482
120  3.465746 -0.067523 0.002270  -0.247045 0.249433 -1.711086
121  1.655557 0.000001 0.000004  -0.144354 0.180162 -1.051888
122  0.960906 0.000011 -0.000002  0.007897 0.151308 -0.748239
123  3.466854 -0.077778 -0.920907  -0.490046 0.119692 -1.703372
124  1.497256 -0.000035 -0.000022  -0.553046 0.301253 -0.937519
125  0.793789 -0.000006 -0.000002  -0.179071 0.336984 -0.689301
126  0.595080 -0.467152 -0.829174  2.468255 0.674794 -0.728316
127  1.555675 0.000014 -0.000004  0.631945 0.516948 1.163816
128  1.136812 -0.000010 -0.000001  0.578679 0.458661 1.086479
129  3.075973 -0.667964 1.277703  0.592892 0.290432 -1.433729
130  1.064594 0.000018 0.000007  0.029209 -0.119182 -0.864522
131  0.640362 -0.000013 -0.000005  -0.107524 -0.026033 -0.508116
132  3.392414 -0.245368 0.728377  0.123963 0.327332 -1.769109
133  1.532742 -0.000008 -0.000002  0.008378 0.016055 -0.784376
134  0.833151 0.000006 0.000006  -0.080478 -0.067827 -1.011734
135  3.590109 -3.090296 1.193970  1.635457 1.210566 1.548541
136  3.589558 -3.089879 -1.196373  -1.505736 1.210473 -1.592853
137  -0.436561 4.719025 -0.001077  -0.000565 -1.570733 1.693016
138  -0.000001 2.775455 -0.000232  -0.135089 0.000001 -0.000000
139  0.000001 3.189769 0.000013  0.207820 -0.000000 0.000000
140  0.000001 3.504651 0.000050  -0.261876 0.000000 -0.000000
141  -0.000000 2.863200 -0.000002  -0.051268 0.000000 -0.000000
time 13
0  -9.652366 5.063939 26.806816  1.570862 0.000000 -0.000000
1  0.002636 43.025146 0.734438  0.419001 0.245273 -0.092247
2  3.061858 -4.181014 -0.610805  -2.366753 -0.825253 -0.225002
3  18.476776 0.000157 -0.000000  -0.028416 -0.098747 1.355228
4  17.490086 0.000119 -0.000001  -0.549786 0.290027 -1.467556
5  -3.065329 -4.183580 -0.611479  -0.213116 -1.165995 3.063732
6  18.474857 -0.000032 -0.000006  0.009318 0.077469 1.004653
7  17.489586 0.001914 -0.000007  -0.329969 -0.231144 -0.442248
8  -0.000116 -0.048887 -0.576225  1.447390 -0.127794 1.586228
9  3.224483 0.767049 0.000495  -0.115412 -0.015319 0.412456
10  3.223912 0.226398 -0.001945  -0.075490 0.035772 0.319229
11  5.187320 -1.262562 -0.001174  0.000012 0.000066 0.194111
12  6.928408 -1.935318 -0.000228  -3.000281 -0.105488 0.004340
13  3.236367 1.079615 0.000056  0.234493 0.057694 0.420377
14  0.833762 3.805362 0.692955  -0.040492 0.554885 1.469865
15  0.000041 6.792209 0.000036  0.007991 0.036071 -0.011407
16  -0.000062 7.744814 0.000016  -0.017442 -0.155305 0.068153
17  0.000074 7.809701 0.000020  -0.033637 0.005026 0.006142
18  -0.000023 7.867671 0.000018  -0.073329 -0.127910 0.026376
19  3.494700 -1.749088 -3.006912  0.152547 2.070420 1.936938
20  0.000118 4.478321 0.000014  -0.194658 0.310431 -0.234996
21  0.000048 4.636120 -0.000029  0.035819 0.324592 -0.151767
22  -0.000041 5.008650 0.000011  0.076000 -0.286565 0.276092
23  0.000062 4.781164 0.000010  0.904405 -2.690904 -0.015802
24  2.253040 1.989063 -3.350106  -1.523632 1.324495 0.112393
25  0.000163 6.589466 0.000165  0.206356 -0.002128 -0.080395
26  0.000039 7.491415 0.000036  -0.333516 0.184455 -0.191163
27  0.000025 7.660307 -0.000048  -0.063173 0.127194 -0.062119
28  0.000006 7.256269 0.000013  -0.052939 -0.487829 0.313813
29  -0.791160 2.265125 -1.234655  -0.753899 1.136376 0.824664
30  -0.000258 8.572266 -0.000094  -0.222844 -0.296789 0.176505
31  -0.000092 8.117214 0.000045  0.072258 0.772520 -0.285587
32  -0.000083 8.230034 -0.000074  -0.080496 -0.347232 0.072252
33  0.000060 7.366723 0.000058  -0.015393 -0.663893 0.062743
34  0.224215 0.240133 -3.218158  -0.877381 1.468889 0.577819
35  -0.000101 7.721050 -0.000314  -0.283829 0.060495 -0.167556
36  -0.000032 7.374856 -0.000003  0.007537 -0.195020 0.049540
37  0.000075 6.848102 0.000007  0.005484 0.006497 -0.033649
38  -0.000051 7.777860 0.000005  -0.186096 0.182474 -0.152847
39  -1.514465 2.104659 -1.150167  -0.029093 0.541320 1.555671
40  -0.000171 6.982347 -0.000075  -0.199699 -0.041214 0.153490
41  0.000037 8.382860 -0.000075  0.044867 0.587987 -0.257958
42  0.000013 8.697701 -0.000023  -0.102637 -0.474319 0.290942
43  0.000060 8.921803 -0.000004  -0.076256 0.581004 -0.195602
44  1.196190 2.899162 -2.353086  -0.449719 1.030105 1.287423
45  0.000105 5.476939 0.000010  0.285574 -0.099353 -0.038446
46  -0.000069 6.060438 -0.000093  -0.155019 -0.575032 0.384609
47  0.000019 5.994263 0.000030  0.033940 0.288574 -0.067730
48  -0.000008 6.100487 0.000004  -0.068407 0.299273 -0.162152
49  0.000036 6.916759 0.000013  -0.096318 0.220533 -0.107966
50  0.000150 6.435058 -0.000046  -0.037456 0.171630 -0.116573
51  1.092795 3.649519 -1.738794  -0.148600 0.876612 1.445020
52  -0.000128 6.792203 -0.000100  0.008284 0.107792 -0.048643
53  -0.000086 7.744775 -0.000030  0.057137 -0.256893 0.015458
54  0.000078 9.115023 -0.000039  -0.020393 0.256253 -0.142636
55  3.494517 -1.749094 3.007064  0.118400 1.106974 1.813803
56  0.000012 4.323833 0.000084  -0.229908 -0.770943 0.449224
57  0.000032 4.872899 -0.000021  0.367245 -0.664052 -0.254033
58  0.000011 5.056646 0.000093  -0.511238 0.856585 -0.546325
59  2.292464 1.708620 3.661675  -1.762559 1.789109 -0.218978
60  -0.000175 6.589437 0.000272  -0.007132 -0.169123 0.176911
61  0.000174 7.491497 -0.000149  -0.132413 -0.107097 0.179327
62  -0.000139 8.249658 0.000145  0.041913 -0.058209 0.015813
63  0.000071 8.605237 -0.000021  0.101585 0.501824 -0.079696
64  -0.240486 2.066079 2.349267  -0.357330 2.461714 1.296076
65  -0.000087 7.721102 -0.000006  -0.208231 -0.126223 -0.116492
66  -0.000119 7.374866 -0.000049  -0.111017 0.046939 -0.046466
67  -0.000030 6.848063 -0.000028  0.273533 0.247522 0.299909
68  0.000036 7.777824 -0.000042  0.072921 0.186148 -0.052689
69  -0.000080 8.178055 0.000011  -0.087031 -0.422849 -0.381357
70  1.617604 3.431414 2.399265  -0.249453 2.569515 1.508568
71  -0.000165 5.476944 -0.000027  0.057729 0.074071 0.060287
72  -0.000085 6.060490 -0.000005  -0.015205 0.015650 -0.152066
73  0.000025 5.994251 0.000012  -0.126210 -0.157657 0.153303
74  -0.000079 7.076872 -0.000046  -0.008118 0.010384 0.036402
75  -0.000001 7.089867 -0.000070  0.070875 0.098587 -0.025893
76  0.361112 0.886692 3.287746  -0.576369 1.978708 0.939011
77  -0.000066 6.686642 0.000222  -0.146568 0.414164 -0.327704
78  -0.000014 7.638016 0.000012  -0.079524 -0.025948 0.130953
79  -0.000031 7.290231 -0.000021  0.025325 -0.093908 0.023965
80  -0.000035 6.530368 0.000011  -0.261847 -0.300601 0.006734
81  0.000061 7.224882 0.000007  0.036506 0.032480 -0.175823
82  1.071898 3.225806 1.570115  -0.043805 2.859975 1.526244
83  0.000417 6.748896 -0.000066  -0.062703 0.083783 0.022203
84  -0.000046 8.002647 0.000029  -0.067497 -0.117209 -0.115600
85  0.000011 8.580574 -0.000097  0.088214 -0.007187 0.334606
86  0.000170 8.689831 -0.000041  0.065325 -0.412430 -0.134518
87  -1.514534 2.104643 0.318056  -0.024895 3.094491 1.569491
88  0.000193 6.982284 0.000010  -0.107588 -0.057624 -0.215716
89  -0.000003 8.382873 -0.000068  0.135030 -0.099914 0.287073
90  -0.000063 8.697672 0.000023  -0.148089 -0.510100 0.044839
91  -0.000138 8.921818 0.000080  -0.236828 -0.892635 0.098805
92  3.553616 -3.478038 2.409277  0.000821 0.762046 1.535304
93  -0.000003 4.476902 -0.000007  -0.151004 -0.588330 0.377259
94  0.000032 4.514119 -0.000021  -0.228868 -2.996200 0.592367
95  0.000046 4.518381 -0.000022  0.143171 2.612777 0.693383
96  0.000023 3.598328 0.000025  -0.749303 0.869851 -0.773233
97  4.209919 -0.440350 1.018824  -0.709131 -2.022946 -0.979387
98  4.265510 1.434231 -0.404988  -1.536021 -0.459381 0.100793
99  9.400235 0.017941 0.083203  0.019338 -0.063661 -0.610905
100  10.242420 0.033590 0.064484  1.420253 -0.641802 0.156985
101  3.465854 -0.059677 0.016693  -0.008720 -0.123609 -0.567744
102  1.655594 -0.000021 0.000020  -0.005169 -0.056472 0.012689
103  0.960768 0.000000 -0.000007  0.086708 0.085403 0.241078
104  3.462028 -0.064244 0.939908  0.359200 -0.260260 -0.531165
105  1.497176 -0.000009 0.000021  -0.481856 0.075125 0.081956
106  0.793758 0.000005 -0.000002  -0.012936 -0.001012 0.015045
107  0.591663 -0.460688 0.835207  -0.535872 -0.782765 -1.071803
108  1.556141 0.000003 -0.000003  -0.372547 0.076957 0.300916
109  1.135902 0.000018 0.000003  0.076258 -0.130116 0.011414
110  3.084270 -0.668819 -1.257086  -0.731932 0.327921 -0.837474
111  1.064202 -0.000003 0.000004  0.019366 0.098559 -0.509251
112  0.640337 0.000004 -0.000008  -0.098804 -0.043886 -0.375960
113  3.396821 -0.242134 -0.708690  -0.396936 0.083673 -0.719556
114  1.532970 0.000006 0.000006  0.033079 0.015645 -0.086160
115  0.832975 -0.000004 -0.000003  -0.063632 0.002574 0.019760
116  4.209941 -0.440346 -1.019279  1.729838 1.927337 -0.030930
117  4.266744 1.424940 0.424932  1.840537 -0.195491 -0.553950
118  9.398566 0.011952 -0.082523  -0.028121 0.067860 -0.717620
119  10.242443 0.028176 -0.062912  -1.409825 -0.289155 0.024202
120  3.465752 -0.067526 0.002268  -0.246927 0.249446 -1.710562
121  1.655560 0.000005 0.000008  -0.144594 0.180227 -1.053299
122  0.960909 0.000006 -0.000000  0.007614 0.151617 -0.749851
123  3.466857 -0.077777 -0.920907  -0.490040 0.119698 -1.703319
124  1.497254 -0.000037 -0.000023  -0.553376 0.301517 -0.938585
125  0.793788 -0.000008 -0.000000  -0.179560 0.337590 -0.690222
126  0.595081 -0.467148 -0.829175  2.468267 0.674788 -0.728265
127  1.555686 0.000016 -0.000004  0.632007 0.516984 1.163906
128  1.136815 -0.000008 0.000001  0.578676 0.458659 1.086474
129  3.075977 -0.667967 1.277700  0.593032 0.289809 -1.432986
130  1.064593 0.000019 0.000012  0.029180 -0.119165 -0.864146
131  0.640362 -0.000014 -0.000002  -0.107496 -0.026006 -0.507696
132  3.392415 -0.245369 0.728376  0.123989 0.327310 -1.769027
133  1.532737 -0.000008 -0.000002  0.008366 0.016059 -0.784696
134  0.833152 0.000006 0.000007  -0.080503 -0.067849 -1.012064
135  3.590110 -3.090295 1.193975  1.635457 1.210566 1.548541
136  3.589559 -3.089884 -1.196371  -1.505736 1.210473 -1.592853
137  -0.436560 4.719026 -0.001074  -0.000738 -1.570733 1.692962
138  0.000000 2.775454 -0.000233  -0.135089 0.000001 -0.000000
139  0.000001 3.189769 0.000006  0.207820 -0.000000 0.000000
140  0.000001 3.504651 0.000040  -0.261876 0.000000 -0.000000
141  0.000000 2.863200 -0.000007  -0.051268 -0.000000 -0.000000
time 14
0  -8.863588 5.391164 27.392086  1.570862 0.000000 -0.000000
1  0.002636 43.025146 0.734438  0.379341 0.352997 -0.102044
2  3.061858 -4.181012 -0.610803  -2.411279 -0.907169 -0.190909
3  18.476772 0.000157 0.000002  -0.029423 -0.099526 1.370805
4  17.490086 0.000117 0.000004  -0.438679 0.359490 -1.473485
5  -3.065329 -4.183577 -0.611479  -0.451598 -1.055643 -2.976343
6  18.474855 -0.000036 -0.000009  0.005879 0.071307 0.918328
7  17.489584 0.001916 -0.000007  -0.351620 -0.296105 -0.397039
8  -0.000116 -0.048884 -0.576224  1.459409 -0.124306 1.605863
9  3.224478 0.767049 0.000496  -0.092473 0.007559 0.405618
10  3.223907 0.226400 -0.001945  -0.058145 0.052427 0.314559
11  5.187320 -1.262558 -0.001178  0.000012 0.000066 0.194111
12  6.928407 -1.935311 -0.000227  -3.020416 -0.068812 0.008456
13  3.236365 1.079617 0.000056  0.165661 0.032276 0.416877
14  0.833760 3.805356 0.692957  -0.040492 0.554885 1.469865
15  0.000040 6.792209 0.000038  0.007991 0.036071 -0.011407
16  -0.000063 7.744816 0.000013  -0.017442 -0.155305 0.068153
17  0.000073 7.809700 0.000020  -0.033637 0.005026 0.006142
18  -0.000020 7.867670 0.000019  -0.073329 -0.127910 0.026376
19  3.494695 -1.749095 -3.006911  0.152547 2.070420 1.936938
20  0.000121 4.478321 0.000019  -0.194658 0.310431 -0.234996
21  0.000046 4.636117 -0.000029  0.035819 0.324592 -0.151767
22  -0.000043 5.008656 0.000012  0.076000 -0.286564 0.276091
23  0.000064 4.781163 0.000008  0.904405 -2.690904 -0.015802
24  2.253035 1.989056 -3.350106  -1.523632 1.324495 0.112393
25  0.000162 6.589465 0.000175  0.206356 -0.002128 -0.080395
26  0.000042 7.491414 0.000045  -0.333516 0.184455 -0.191163
27  0.000025 7.660306 -0.000057  -0.063173 0.127194 -0.062119
28  0.000007 7.256264 0.000024  -0.052939 -0.487829 0.313813
29  -0.791162 2.265117 -1.234654  -0.753899 1.136376 0.824664
30  -0.000258 8.572266 -0.000087  -0.222844 -0.296789 0.176505
31  -0.000093 8.117210 0.000049  0.072258 0.772520 -0.285587
32  -0.000082 8.230034 -0.000068  -0.080496 -0.347232 0.072252
33  0.000061 7.366723 0.000059  -0.015393 -0.663893 0.062743
34  0.224210 0.240126 -3.218156  -0.877382 1.468889 0.577819
35  -0.000102 7.721051 -0.000304  -0.283829 0.060495 -0.167556
36  -0.000028 7.374852 -0.000005  0.007537 -0.195020 0.049540
37  0.000075 6.848104 0.000002  0.005484 0.006497 -0.033649
38  -0.000050 7.777863 0.000006  -0.186096 0.182474 -0.152847
39  -1.514472 2.104645 -1.150166  -0.029093 0.541320 1.555671
40  -0.000170 6.982347 -0.000079  -0.199699 -0.041214 0.153490
41  0.000036 8.382863 -0.000073  0.044867 0.587987 -0.257958
42  0.000014 8.697701 -0.000027  -0.102637 -0.474319 0.290942
43  0.000057 8.921804 -0.000003  -0.076256 0.581004 -0.195602
44  1.196190 2.899155 -2.353085  -0.449719 1.030105 1.287423
45  0.000109 5.476937 0.000006  0.285574 -0.099353 -0.038446
46  -0.000074 6.060435 -0.000091  -0.155019 -0.575032 0.384609
47  0.000019 5.994259 0.000028  0.033940 0.288574 -0.067730
48  -0.000008 6.100490 -0.000001  -0.068407 0.299273 -0.162152
49  0.000038 6.916759 0.000015  -0.096318 0.220533 -0.107966
50  0.000150 6.435059 -0.000045  -0.037456 0.171630 -0.116573
51  1.092790 3.649511 -1.738794  -0.148600 0.876612 1.445020
52  -0.000127 6.792202 -0.000102  0.008284 0.107792 -0.048643
53  -0.000088 7.744777 -0.000029  0.057137 -0.256893 0.015458
54  0.000080 9.115024 -0.000037  -0.020393 0.256253 -0.142636
55  3.494513 -1.749103 3.007065  0.118400 1.106974 1.813803
56  0.000014 4.323835 0.000087  -0.229908 -0.770943 0.449223
57  0.000024 4.872896 -0.000022  0.367245 -0.664052 -0.254033
58  0.000007 5.056649 0.000093  -0.511237 0.856585 -0.546326
59  2.292460 1.708611 3.661676  -1.762559 1.789109 -0.218978
60  -0.000172 6.589439 0.000271  -0.007132 -0.169123 0.176911
61  0.000175 7.491498 -0.000157  -0.132413 -0.107097 0.179327
62  -0.000140 8.249658 0.000144  0.041912 -0.058209 0.015813
63  0.000070 8.605237 -0.000019  0.101585 0.501824 -0.079696
64  -0.240491 2.066072 2.349268  -0.357330 2.461714 1.296076
65  -0.000086 7.721105 -0.000002  -0.208231 -0.126223 -0.116492
66  -0.000127 7.374867 -0.000048  -0.111017 0.046939 -0.046466
67  -0.000037 6.848063 -0.000025  0.273533 0.247522 0.299908
68  0.000031 7.777822 -0.000044  0.072921 0.186148 -0.052689
69  -0.000084 8.178054 0.000009  -0.087031 -0.422849 -0.381357
70  1.617599 3.431410 2.399266  -0.249453 2.569515 1.508568
71  -0.000162 5.476941 -0.000031  0.057729 0.074071 0.060287
72  -0.000092 6.060491 -0.000004  -0.015205 0.015650 -0.152066
73  0.000023 5.994247 0.000013  -0.126211 -0.157657 0.153303
74  -0.000077 7.076876 -0.000048  -0.008118 0.010384 0.036402
75  0.000005 7.089867 -0.000070  0.070875 0.098587 -0.025893
76  0.361107 0.886680 3.287746  -0.576369 1.978708 0.939011
77  -0.000066 6.686638 0.000219  -0.146568 0.414164 -0.327704
78  -0.000012 7.638016 0.000013  -0.079523 -0.025948 0.130953
79  -0.000033 7.290228 -0.000018  0.025325 -0.093908 0.023965
80  -0.000033 6.530364 0.000007  -0.261847 -0.300601 0.006734
81  0.000060 7.224879 0.000005  0.036506 0.032480 -0.175823
82  1.071892 3.225799 1.570115  -0.043805 2.859975 1.526244
83  0.000410 6.748900 -0.000067  -0.062703 0.083783 0.022203
84  -0.000052 8.002643 0.000025  -0.067497 -0.117209 -0.115600
85  0.000009 8.580574 -0.000094  0.088214 -0.007187 0.334606
86  0.000164 8.689831 -0.000040  0.065326 -0.412430 -0.134518
87  -1.514540 2.104637 0.318056  -0.024895 3.094491 1.569491
88  0.000200 6.982281 0.000011  -0.107588 -0.057625 -0.215715
89  -0.000011 8.382874 -0.000067  0.135030 -0.099914 0.287073
90  -0.000066 8.697670 0.000024  -0.148089 -0.510100 0.044839
91  -0.000136 8.921822 0.000078  -0.236828 -0.892635 0.098804
92  3.553609 -3.478047 2.409278  0.000821 0.762046 1.535303
93  0.000002 4.476904 -0.000006  -0.151004 -0.588330 0.377259
94  0.000030 4.514122 -0.000024  -0.228868 -2.996200 0.592367
95  0.000043 4.518384 -0.000020  0.143171 2.612777 0.693383
96  0.000023 3.598329 0.000023  -0.749303 0.869852 -0.773233
97  4.209919 -0.440347 1.018823  -0.719783 -2.022509 -0.968890
98  4.265506 1.434231 -0.404994  -1.533139 -0.515025 0.063228
99  9.400238 0.017944 0.083202  0.028974 -0.066879 -0.745188
100  10.242424 0.033592 0.064480  1.406048 -0.631374 0.150704
101  3.465856 -0.059680 0.016695  -0.007638 -0.125533 -0.575825
102  1.655591 -0.000024 0.000023  -0.005123 -0.057364 0.009066
103  0.960770 -0.000004 -0.000008  0.086709 0.084373 0.236882
104  3.462031 -0.064246 0.939909  0.359745 -0.261198 -0.538846
105  1.497179 -0.000011 0.000022  -0.482208 0.072926 0.076377
106  0.793760 0.000006 0.000000  -0.012945 -0.000401 0.009625
107  0.591663 -0.460692 0.835206  -0.535713 -0.780162 -1.073506
108  1.556140 0.000004 0.000003  -0.372721 0.079310 0.305820
109  1.135903 0.000017 0.000004  0.076754 -0.129022 0.016057
110  3.084270 -0.668823 -1.257085  -0.732499 0.328273 -0.838021
111  1.064203 -0.000003 0.000007  0.018679 0.099489 -0.520132
112  0.640338 0.000004 -0.000007  -0.099726 -0.044974 -0.388824
113  3.396823 -0.242140 -0.708690  -0.396998 0.082661 -0.722221
114  1.532968 0.000010 0.000003  0.032290 0.015164 -0.114840
115  0.832975 -0.000004 -0.000002  -0.066055 -0.001318 -0.009499
116  4.209941 -0.440343 -1.019281  1.695017 1.955449 -0.064656
117  4.266746 1.424941 0.424938  2.008306 -0.233689 -0.558220
118  9.398566 0.011954 -0.082516  -0.029436 0.068256 -0.735337
119  10.242440 0.028177 -0.062909  -1.519873 -0.287050 0.103588
120  3.465748 -0.067525 0.002263  -0.246810 0.249459 -1.710038
121  1.655557 0.000005 0.000006  -0.144832 0.180292 -1.054710
122  0.960910 0.000001 0.000000  0.007329 0.151926 -0.751462
123  3.466851 -0.077775 -0.920911  -0.490035 0.119705 -1.703267
124  1.497259 -0.000031 -0.000022  -0.553706 0.301782 -0.939651
125  0.793790 -0.000013 -0.000001  -0.180051 0.338195 -0.691145
126  0.595077 -0.467147 -0.829178  2.468280 0.674783 -0.728213
127  1.555681 0.000016 -0.000004  0.632069 0.517021 1.163995
128  1.136814 -0.000006 0.000005  0.578673 0.458659 1.086471
129  3.075971 -0.667962 1.277699  0.593170 0.289187 -1.432244
130  1.064598 0.000019 0.000012  0.029152 -0.119149 -0.863770
131  0.640365 -0.000012 -0.000005  -0.107467 -0.025979 -0.507276
132  3.392409 -0.245366 0.728374  0.124015 0.327288 -1.768947
133  1.532736 -0.000008 0.000001  0.008354 0.016063 -0.785016
134  0.833152 0.000011 0.000007  -0.080528 -0.067871 -1.012394
135  3.590107 -3.090291 1.193972  1.635457 1.210566 1.548541
136  3.589557 -3.089878 -1.196373  -1.505736 1.210473 -1.592853
137  -0.436561 4.719026 -0.001077  -0.000709 -1.570733 1.693048
138  -0.000000 2.775455 -0.000231  -0.135089 0.000001 -0.000000
139  0.000000 3.189770 0.000003  0.207820 -0.000000 0.000000
140  0.000000 3.504651 0.000054  -0.261876 0.000000 -0.000000
141  0.000000 2.863201 -0.000011  -0.051268 0.000000 -0.000000
time 15
0  -7.889035 5.900423 28.175091  1.570862 0.000000 -0.000000
1  0.002636 43.025146 0.734438  0.345460 0.460210 -0.127124
2  3.061857 -4.181005 -0.610804  -2.474273 -0.991785 -0.147791
3  18.476774 0.000154 -0.000000  -0.030048 -0.099997 1.380385
4  17.490086 0.000116 0.000005  -0.318129 0.415240 -1.459691
5  -3.065330 -4.183570 -0.611479  -0.648954 -0.909036 -2.760676
6  18.474859 -0.000029 -0.000008  0.000544 0.057821 0.740810
7  17.489582 0.001916 -0.000005  -0.358505 -0.360763 -0.316260
8  -0.000117 -0.048880 -0.576225  1.474036 -0.115205 1.621819
9  3.224485 0.767044 0.000496  -0.068651 0.025579 0.391113
10  3.223911 0.226400 -0.001944  -0.039782 0.065126 0.304543
11  5.187317 -1.262562 -0.001177  0.000012 0.000066 0.194111
12  6.928406 -1.935307 -0.000227  -3.041443 -0.022131 0.011478
13  3.236364 1.079612 0.000057  0.092124 -0.016736 0.429385
14  0.833758 3.805348 0.692954  -0.040492 0.554885 1.469865
15  0.000038 6.792212 0.000040  0.007991 0.036071 -0.011407
16  -0.000062 7.744814 0.000013  -0.017442 -0.155305 0.068153
17  0.000075 7.809703 0.000020  -0.033637 0.005026 0.006142
18  -0.000026 7.867675 0.000014  -0.073329 -0.127910 0.026376
19  3.494697 -1.749097 -3.006914  0.152547 2.070420 1.936938
20  0.000118 4.478324 0.000019  -0.194658 0.310431 -0.234996
21  0.000047 4.636117 -0.000029  0.035819 0.324592 -0.151767
22  -0.000041 5.008644 0.000011  0.076000 -0.286565 0.276091
23  0.000064 4.781160 0.000013  0.904405 -2.690904 -0.015802
24  2.253034 1.989053 -3.350108  -1.523632 1.324495 0.112393
25  0.000161 6.589466 0.000168  0.206356 -0.002128 -0.080395
26  0.000043 7.491411 0.000039  -0.333516 0.184455 -0.191163
27  0.000024 7.660305 -0.000060  -0.063173 0.127194 -0.062119
28  0.000006 7.256268 0.000020  -0.052939 -0.487829 0.313813
29  -0.791163 2.265115 -1.234657  -0.753900 1.136376 0.824664
30  -0.000255 8.572265 -0.000090  -0.222844 -0.296789 0.176505
31  -0.000095 8.117213 0.000047  0.072258 0.772520 -0.285587
32  -0.000084 8.230038 -0.000069  -0.080496 -0.347232 0.072252
33  0.000058 7.366722 0.000053  -0.015392 -0.663893 0.062743
34  0.224216 0.240124 -3.218158  -0.877381 1.468889 0.577819
35  -0.000100 7.721049 -0.000305  -0.283829 0.060496 -0.167556
36  -0.000030 7.374857 -0.000001  0.007537 -0.195020 0.049540
37  0.000075 6.848104 0.000009  0.005484 0.006497 -0.033649
38  -0.000054 7.777864 0.000005  -0.186097 0.182474 -0.152847
39  -1.514467 2.104646 -1.150168  -0.029093 0.541320 1.555671
40  -0.000175 6.982348 -0.000078  -0.199699 -0.041214 0.153490
41  0.000036 8.382860 -0.000072  0.044867 0.587987 -0.257958
42  0.000009 8.697702 -0.000029  -0.102637 -0.474319 0.290942
43  0.000051 8.921806 -0.000003  -0.076256 0.581004 -0.195602
44  1.196190 2.899152 -2.353087  -0.449719 1.030105 1.287423
45  0.000105 5.476949 0.000004  0.285574 -0.099353 -0.038446
46  -0.000071 6.060434 -0.000092  -0.155019 -0.575032 0.384609
47  0.000017 5.994259 0.000031  0.033940 0.288574 -0.067730
48  -0.000011 6.100489 -0.000000  -0.068407 0.299273 -0.162152
49  0.000036 6.916757 0.000006  -0.096318 0.220533 -0.107966
50  0.000149 6.435061 -0.000046  -0.037456 0.171630 -0.116573
51  1.092792 3.649513 -1.738796  -0.148600 0.876612 1.445020
52  -0.000131 6.792204 -0.000100  0.008284 0.107792 -0.048643
53  -0.000087 7.744775 -0.000033  0.057137 -0.256893 0.015458
54  0.000086 9.115023 -0.000036  -0.020393 0.256253 -0.142636
55  3.494513 -1.749108 3.007062  0.118400 1.106974 1.813803
56  0.000015 4.323836 0.000080  -0.229908 -0.770943 0.449224
57  0.000029 4.872899 -0.000021  0.367245 -0.664052 -0.254033
58  0.000003 5.056654 0.000091  -0.511238 0.856585 -0.546326
59  2.292464 1.708613 3.661674  -1.762559 1.789109 -0.218978
60  -0.000172 6.589444 0.000269  -0.007133 -0.169123 0.176911
61  0.000172 7.491496 -0.000153  -0.132413 -0.107097 0.179327
62  -0.000139 8.249662 0.000145  0.041912 -0.058209 0.015813
63  0.000072 8.605236 -0.000017  0.101585 0.501824 -0.079696
64  -0.240488 2.066070 2.349266  -0.357331 2.461714 1.296076
65  -0.000088 7.721105 -0.000002  -0.208231 -0.126223 -0.116492
66  -0.000123 7.374867 -0.000047  -0.111017 0.046940 -0.046466
67  -0.000031 6.848065 -0.000028  0.273533 0.247522 0.299908
68  0.000033 7.777827 -0.000046  0.072921 0.186148 -0.052689
69  -0.000085 8.178052 0.000011  -0.087031 -0.422849 -0.381357
70  1.617604 3.431406 2.399264  -0.249453 2.569515 1.508568
71  -0.000165 5.476946 -0.000028  0.057729 0.074071 0.060287
72  -0.000099 6.060492 -0.000002  -0.015205 0.015650 -0.152066
73  0.000024 5.994246 0.000009  -0.126211 -0.157657 0.153303
74  -0.000076 7.076870 -0.000047  -0.008118 0.010384 0.036402
75  0.000007 7.089866 -0.000070  0.070875 0.098587 -0.025893
76  0.361106 0.886675 3.287745  -0.576369 1.978708 0.939011
77  -0.000068 6.686646 0.000221  -0.146568 0.414164 -0.327704
78  -0.000009 7.638023 0.000013  -0.079523 -0.025948 0.130953
79  -0.000031 7.290224 -0.000022  0.025325 -0.093908 0.023965
80  -0.000032 6.530365 0.000004  -0.261847 -0.300601 0.006734
81  0.000063 7.224883 0.000009  0.036506 0.032480 -0.175823
82  1.071892 3.225791 1.570113  -0.043805 2.859975 1.526244
83  0.000414 6.748902 -0.000067  -0.062703 0.083783 0.022203
84  -0.000045 8.002649 0.000024  -0.067497 -0.117209 -0.115600
85  0.000020 8.580569 -0.000097  0.088214 -0.007187 0.334606
86  0.000171 8.689833 -0.000041  0.065325 -0.412430 -0.134518
87  -1.514536 2.104635 0.318054  -0.024895 3.094491 1.569491
88  0.000194 6.982285 0.000011  -0.107588 -0.057625 -0.215716
89  -0.000007 8.382874 -0.000068  0.135030 -0.099914 0.287073
90  -0.000065 8.697673 0.000025  -0.148089 -0.510100 0.044838
91  -0.000135 8.921827 0.000077  -0.236828 -0.892635 0.098804
92  3.553614 -3.478049 2.409276  0.000821 0.762046 1.535304
93  -0.000002 4.476903 -0.000009  -0.151004 -0.588330 0.377259
94  0.000033 4.514122 -0.000021  -0.228868 -2.996200 0.592367
95  0.000043 4.518383 -0.000024  0.143171 2.612777 0.693383
96  0.000023 3.598328 0.000022  -0.749303 0.869851 -0.773233
97  4.209917 -0.440340 1.018823  -0.732074 -2.020352 -0.957273
98  4.265507 1.434232 -0.404996  -1.498366 -0.575746 -0.001524
99  9.400229 0.017944 0.083199  0.036954 -0.068509 -0.852811
100  10.242421 0.033592 0.064481  1.411862 -0.610013 0.141741
101  3.465857 -0.059678 0.016693  -0.006103 -0.128118 -0.587245
102  1.655593 -0.000021 0.000023  -0.005072 -0.058763 0.003178
103  0.960771 0.000000 -0.000005  0.086577 0.082869 0.230207
104  3.462029 -0.064245 0.939909  0.360240 -0.262157 -0.547092
105  1.497174 -0.000006 0.000020  -0.482632 0.070094 0.069405
106  0.793762 0.000003 0.000000  -0.012980 0.000402 0.002749
107  0.591663 -0.460693 0.835206  -0.534964 -0.778149 -1.075504
108  1.556139 0.000001 -0.000005  -0.373000 0.081080 0.309487
109  1.135905 0.000018 0.000006  0.077224 -0.128396 0.018863
110  3.084269 -0.668820 -1.257084  -0.733003 0.328651 -0.838773
111  1.064203 -0.000001 0.000006  0.018035 0.100379 -0.530021
112  0.640340 0.000003 -0.000008  -0.100552 -0.046027 -0.400636
113  3.396821 -0.242139 -0.708689  -0.396919 0.081188 -0.725788
114  1.532968 0.000006 0.000007  0.031464 0.014583 -0.145444
115  0.832975 -0.000004 -0.000003  -0.068452 -0.005479 -0.040665
116  4.209939 -0.440338 -1.019279  1.674818 1.991681 -0.084684
117  4.266745 1.424939 0.424941  2.164037 -0.249709 -0.584683
118  9.398565 0.011948 -0.082512  -0.030645 0.068598 -0.751530
119  10.242441 0.028174 -0.062905  -1.613270 -0.282552 0.185646
120  3.465748 -0.067523 0.002268  -0.246692 0.249471 -1.709515
121  1.655560 0.000008 0.000005  -0.145071 0.180357 -1.056121
122  0.960906 0.000005 -0.000000  0.007044 0.152234 -0.753074
123  3.466855 -0.077779 -0.920910  -0.490029 0.119711 -1.703215
124  1.497264 -0.000032 -0.000023  -0.554036 0.302046 -0.940717
125  0.793788 -0.000005 0.000000  -0.180542 0.338800 -0.692067
126  0.595079 -0.467149 -0.829176  2.468311 0.674768 -0.728153
127  1.555672 0.000013 -0.000004  0.632133 0.517060 1.164069
128  1.136812 -0.000009 0.000005  0.578670 0.458659 1.086468
129  3.075973 -0.667965 1.277701  0.593309 0.288564 -1.431502
130  1.064597 0.000019 0.000010  0.029123 -0.119132 -0.863394
131  0.640365 -0.000016 -0.000005  -0.107439 -0.025952 -0.506855
132  3.392414 -0.245366 0.728376  0.124040 0.327266 -1.768866
133  1.532739 -0.000007 -0.000001  0.008342 0.016067 -0.785336
134  0.833151 0.000006 0.000006  -0.080553 -0.067893 -1.012723
135  3.590106 -3.090296 1.193971  1.635457 1.210566 1.548541
136  3.589558 -3.089884 -1.196374  -1.505736 1.210473 -1.592853
137  -0.436563 4.719029 -0.001076  -0.000414 -1.570733 1.692953
138  0.000000 2.775455 -0.000241  -0.135089 0.000001 -0.000000
139  0.000000 3.189771 0.000008  0.207820 -0.000000 0.000000
140  -0.000001 3.504651 0.000044  -0.261876 0.000000 -0.000000
141  0.000000 2.863201 0.000002  -0.051268 0.000000 -0.000000
time 16
0  -6.842268 6.444209 29.030857  1.570862 0.000000 -0.000000
1  0.002636 43.025146 0.734438  0.309043 0.538248 -0.160763
2  3.061858 -4.181009 -0.610805  -2.519767 -1.050635 -0.129769
3  18.476772 0.000157 0.000001  -0.030283 -0.100172 1.383977
4  17.490086 0.000115 0.000001  -0.204299 0.448846 -1.440920
5  -3.065330 -4.183575 -0.611480  -0.799376 -0.763350 -2.586212
6  18.474857 -0.000035 -0.000007  -0.002585 0.040733 0.528274
7  17.489586 0.001917 -0.000003  -0.333371 -0.405682 -0.248360
8  -0.000116 -0.048884 -0.576226  1.492588 -0.103068 1.633477
9  3.224485 0.767045 0.000496  -0.041913 0.038201 0.372411
10  3.223909 0.226401 -0.001945  -0.019020 0.073246 0.291538
11  5.187322 -1.262559 -0.001177  0.000012 0.000066 0.194111
12  6.928407 -1.935311 -0.000227  -3.062273 0.027150 0.014220
13  3.236366 1.079610 0.000056  0.015601 -0.073164 0.453591
14  0.833761 3.805348 0.692956  -0.040492 0.554885 1.469865
15  0.000039 6.792212 0.000038  0.007991 0.036071 -0.011407
16  -0.000065 7.744816 0.000014  -0.017442 -0.155305 0.068153
17  0.000068 7.809703 0.000017  -0.033637 0.005026 0.006142
18  -0.000026 7.867673 0.000016  -0.073329 -0.127910 0.026375
19  3.494699 -1.749097 -3.006911  0.152547 2.070420 1.936938
20  0.000120 4.478318 0.000021  -0.194658 0.310431 -0.234996
21  0.000047 4.636113 -0.000029  0.035819 0.324592 -0.151767
22  -0.000040 5.008655 0.000011  0.076000 -0.286565 0.276091
23  0.000067 4.781167 0.000008  0.904405 -2.690904 -0.015802
24  2.253038 1.989055 -3.350107  -1.523632 1.324495 0.112393
25  0.000160 6.589467 0.000175  0.206356 -0.002128 -0.080395
26  0.000040 7.491413 0.000042  -0.333516 0.184455 -0.191163
27  0.000027 7.660300 -0.000056  -0.063173 0.127194 -0.062119
28  0.000006 7.256271 0.000019  -0.052939 -0.487829 0.313813
29  -0.791159 2.265116 -1.234656  -0.753900 1.136376 0.824664
30  -0.000259 8.572267 -0.000095  -0.222844 -0.296789 0.176505
31  -0.000094 8.117208 0.000049  0.072258 0.772520 -0.285587
32  -0.000083 8.230031 -0.000071  -0.080495 -0.347232 0.072252
33  0.000062 7.366726 0.000055  -0.015392 -0.663893 0.062743
34  0.224213 0.240122 -3.218157  -0.877382 1.468889 0.577820
35  -0.000102 7.721053 -0.000317  -0.283829 0.060495 -0.167556
36  -0.000032 7.374851 0.000002  0.007537 -0.195020 0.049540
37  0.000075 6.848106 0.000008  0.005484 0.006497 -0.033649
38  -0.000051 7.777864 0.000008  -0.186097 0.182474 -0.152847
39  -1.514469 2.104644 -1.150167  -0.029093 0.541320 1.555671
40  -0.000165 6.982351 -0.000076  -0.199699 -0.041214 0.153490
41  0.000040 8.382866 -0.000071  0.044867 0.587987 -0.257958
42  0.000014 8.697700 -0.000021  -0.102637 -0.474319 0.290942
43  0.000059 8.921806 -0.000003  -0.076256 0.581004 -0.195602
44  1.196191 2.899151 -2.353085  -0.449719 1.030105 1.287423
45  0.000105 5.476934 0.000003  0.285574 -0.099353 -0.038446
46  -0.000073 6.060441 -0.000087  -0.155019 -0.575032 0.384609
47  0.000020 5.994263 0.000030  0.033940 0.288574 -0.067730
48  -0.000004 6.100485 0.000004  -0.068407 0.299273 -0.162152
49  0.000036 6.916759 0.000009  -0.096318 0.220533 -0.107966
50  0.000146 6.435059 -0.000044  -0.037456 0.171630 -0.116573
51  1.092799 3.649511 -1.738794  -0.148600 0.876612 1.445020
52  -0.000128 6.792206 -0.000101  0.008284 0.107792 -0.048643
53  -0.000091 7.744776 -0.000029  0.057137 -0.256893 0.015458
54  0.000087 9.115024 -0.000039  -0.020393 0.256253 -0.142636
55  3.494516 -1.749106 3.007063  0.118400 1.106974 1.813803
56  0.000014 4.323841 0.000085  -0.229908 -0.770943 0.449224
57  0.000031 4.872900 -0.000022  0.367245 -0.664051 -0.254033
58  0.000004 5.056644 0.000093  -0.511237 0.856585 -0.546326
59  2.292466 1.708611 3.661675  -1.762560 1.789109 -0.218978
60  -0.000171 6.589443 0.000271  -0.007132 -0.169123 0.176911
61  0.000172 7.491497 -0.000145  -0.132413 -0.107097 0.179327
62  -0.000139 8.249659 0.000146  0.041912 -0.058209 0.015813
63  0.000072 8.605237 -0.000025  0.101585 0.501824 -0.079696
64  -0.240485 2.066069 2.349267  -0.357330 2.461714 1.296076
65  -0.000087 7.721104 -0.000004  -0.208231 -0.126223 -0.116492
66  -0.000123 7.374866 -0.000047  -0.111017 0.046939 -0.046466
67  -0.000035 6.848063 -0.000027  0.273533 0.247522 0.299909
68  0.000032 7.777820 -0.000043  0.072921 0.186148 -0.052689
69  -0.000084 8.178053 0.000013  -0.087031 -0.422849 -0.381357
70  1.617603 3.431404 2.399265  -0.249453 2.569515 1.508568
71  -0.000165 5.476941 -0.000032  0.057729 0.074071 0.060287
72  -0.000094 6.060497 -0.000004  -0.015205 0.015650 -0.152067
73  0.000027 5.994253 0.000011  -0.126211 -0.157657 0.153303
74  -0.000074 7.076876 -0.000050  -0.008118 0.010384 0.036401
75  0.000009 7.089873 -0.000070  0.070875 0.098587 -0.025893
76  0.361108 0.886678 3.287746  -0.576369 1.978708 0.939011
77  -0.000064 6.686645 0.000224  -0.146568 0.414164 -0.327704
78  -0.000011 7.638019 0.000015  -0.079523 -0.025948 0.130953
79  -0.000032 7.290236 -0.000025  0.025325 -0.093908 0.023965
80  -0.000037 6.530365 0.000004  -0.261847 -0.300601 0.006734
81  0.000066 7.224885 0.000008  0.036505 0.032480 -0.175823
82  1.071898 3.225794 1.570115  -0.043805 2.859975 1.526244
83  0.000419 6.748904 -0.000064  -0.062703 0.083783 0.022203
84  -0.000044 8.002650 0.000026  -0.067497 -0.117209 -0.115600
85  0.000012 8.580566 -0.000097  0.088214 -0.007187 0.334606
86  0.000165 8.689830 -0.000041  0.065326 -0.412430 -0.134518
87  -1.514534 2.104634 0.318056  -0.024895 3.094491 1.569491
88  0.000192 6.982285 0.000011  -0.107588 -0.057625 -0.215715
89  -0.000008 8.382872 -0.000067  0.135030 -0.099914 0.287073
90  -0.000065 8.697670 0.000025  -0.148089 -0.510100 0.044838
91  -0.000135 8.921823 0.000082  -0.236828 -0.892635 0.098804
92  3.553611 -3.478053 2.409277  0.000821 0.762046 1.535304
93  -0.000004 4.476904 -0.000008  -0.151004 -0.588330 0.377259
94  0.000031 4.514122 -0.000024  -0.228868 -2.996200 0.592367
95  0.000043 4.518385 -0.000023  0.143171 2.612777 0.693383
96  0.000021 3.598325 0.000024  -0.749303 0.869852 -0.773233
97  4.209918 -0.440349 1.018823  -0.746122 -2.016896 -0.944308
98  4.265506 1.434230 -0.404995  -1.435483 -0.635858 -0.085773
99  9.400230 0.017946 0.083203  0.044420 -0.069247 -0.951937
100  10.242426 0.033590 0.064480  1.433422 -0.580533 0.129048
101  3.465855 -0.059679 0.016691  -0.004246 -0.131169 -0.601094
102  1.655594 -0.000021 0.000022  -0.005031 -0.060482 -0.004327
103  0.960766 -0.000003 -0.000007  0.086353 0.081028 0.221598
104  3.462027 -0.064246 0.939906  0.360824 -0.263209 -0.555794
105  1.497179 -0.000007 0.000021  -0.483105 0.066750 0.061189
106  0.793759 0.000005 -0.000002  -0.013040 0.001330 -0.005528
107  0.591662 -0.460691 0.835205  -0.533952 -0.776416 -1.077807
108  1.556140 0.000001 0.000001  -0.373380 0.082631 0.312638
109  1.135905 0.000019 0.000003  0.077741 -0.128018 0.020714
110  3.084269 -0.668820 -1.257089  -0.733547 0.328907 -0.839623
111  1.064203 -0.000002 0.000006  0.017430 0.101156 -0.539427
112  0.640340 0.000004 -0.000006  -0.101348 -0.046980 -0.411892
113  3.396822 -0.242135 -0.708691  -0.396708 0.079508 -0.730072
114  1.532969 0.000008 0.000002  0.030644 0.014026 -0.178782
115  0.832979 -0.000004 -0.000004  -0.070937 -0.010129 -0.074646
116  4.209940 -0.440344 -1.019279  1.661296 2.028892 -0.098450
117  4.266747 1.424940 0.424934  2.286917 -0.253541 -0.612541
118  9.398567 0.011950 -0.082512  -0.031693 0.068878 -0.765519
119  10.242439 0.028176 -0.062915  -1.674586 -0.295298 0.257041
120  3.465751 -0.067522 0.002270  -0.246574 0.249484 -1.708991
121  1.655556 0.000004 0.000005  -0.145311 0.180421 -1.057532
122  0.960906 0.000007 -0.000001  0.006758 0.152542 -0.754686
123  3.466859 -0.077780 -0.920910  -0.490024 0.119718 -1.703163
124  1.497263 -0.000034 -0.000023  -0.554368 0.302309 -0.941783
125  0.793789 -0.000012 -0.000001  -0.181035 0.339404 -0.692991
126  0.595081 -0.467149 -0.829176  2.468342 0.674753 -0.728093
127  1.555674 0.000017 -0.000001  0.632198 0.517098 1.164144
128  1.136811 -0.000007 -0.000005  0.578667 0.458659 1.086465
129  3.075975 -0.667963 1.277704  0.593446 0.287941 -1.430760
130  1.064590 0.000019 0.000010  0.029095 -0.119116 -0.863018
131  0.640363 -0.000019 -0.000002  -0.107411 -0.025925 -0.506435
132  3.392413 -0.245365 0.728378  0.124066 0.327244 -1.768784
133  1.532743 -0.000004 -0.000001  0.008330 0.016070 -0.785656
134  0.833151 0.000003 0.000007  -0.080579 -0.067915 -1.013053
135  3.590109 -3.090291 1.193972  1.635457 1.210566 1.548541
136  3.589559 -3.089877 -1.196373  -1.505736 1.210473 -1.592853
137  -0.436560 4.719028 -0.001076  0.000000 -1.570733 1.693180
138  -0.000000 2.775454 -0.000237  -0.135089 0.000001 -0.000000
139  0.000001 3.189768 0.000005  0.207820 -0.000000 0.000000
140  -0.000000 3.504651 0.000047  -0.261876 0.000000 -0.000000
141  0.000000 2.863200 -0.000001  -0.051268 -0.000000 -0.000000
time 17
0  -5.808521 6.875449 29.861111  1.570862 0.000000 -0.000000
1  0.002636 43.025146 0.734438  0.270783 0.546330 -0.192487
2  3.061856 -4.181007 -0.610803  -2.500461 -1.051840 -0.176900
3  18.476774 0.000158 0.000000  -0.030535 -0.100358 1.387809
4  17.490086 0.000117 0.000005  -0.130544 0.441222 -1.440777
5  -3.065330 -4.183573 -0.611478  -0.897150 -0.721448 -2.487522
6  18.474854 -0.000032 -0.000007  -0.002801 0.036066 0.471245
7  17.489584 0.001916 -0.000006  -0.253422 -0.404778 -0.320461
8  -0.000118 -0.048880 -0.576225  1.518763 -0.087667 1.638053
9  3.224481 0.767046 0.000496  -0.007643 0.041343 0.348982
10  3.223910 0.226402 -0.001945  0.006999 0.074004 0.275221
11  5.187319 -1.262565 -0.001177  0.000012 0.000066 0.194111
12  6.928410 -1.935313 -0.000227  -3.081874 0.074833 0.019650
13  3.236368 1.079613 0.000056  -0.060533 -0.137571 0.477643
14  0.833762 3.805352 0.692954  -0.040492 0.554885 1.469865
15  0.000039 6.792209 0.000039  0.007991 0.036071 -0.011407
16  -0.000072 7.744820 0.000016  -0.017442 -0.155305 0.068153
17  0.000075 7.809706 0.000018  -0.033637 0.005026 0.006142
18  -0.000024 7.867674 0.000017  -0.073329 -0.127910 0.026376
19  3.494702 -1.749092 -3.006914  0.152547 2.070419 1.936938
20  0.000120 4.478321 0.000020  -0.194658 0.310431 -0.234996
21  0.000049 4.636110 -0.000028  0.035819 0.324592 -0.151767
22  -0.000042 5.008653 0.000012  0.076000 -0.286564 0.276091
23  0.000063 4.781167 0.000009  0.904405 -2.690904 -0.015802
24  2.253045 1.989061 -3.350108  -1.523632 1.324495 0.112393
25  0.000159 6.589462 0.000171  0.206356 -0.002128 -0.080395
26  0.000043 7.491413 0.000042  -0.333516 0.184455 -0.191163
27  0.000026 7.660307 -0.000054  -0.063173 0.127194 -0.062119
28  0.000008 7.256267 0.000020  -0.052939 -0.487829 0.313813
29  -0.791156 2.265119 -1.234657  -0.753899 1.136376 0.824664
30  -0.000259 8.572260 -0.000089  -0.222844 -0.296789 0.176505
31  -0.000098 8.117215 0.000048  0.072258 0.772520 -0.285587
32  -0.000084 8.230034 -0.000072  -0.080496 -0.347232 0.072252
33  0.000059 7.366722 0.000057  -0.015392 -0.663893 0.062743
34  0.224216 0.240126 -3.218158  -0.877381 1.468889 0.577820
35  -0.000102 7.721053 -0.000299  -0.283829 0.060495 -0.167556
36  -0.000029 7.374850 -0.000003  0.007537 -0.195020 0.049540
37  0.000076 6.848105 0.000007  0.005484 0.006497 -0.033649
38  -0.000054 7.777868 0.000004  -0.186097 0.182474 -0.152847
39  -1.514462 2.104651 -1.150169  -0.029093 0.541320 1.555671
40  -0.000168 6.982347 -0.000077  -0.199699 -0.041214 0.153490
41  0.000038 8.382864 -0.000073  0.044867 0.587987 -0.257958
42  0.000007 8.697704 -0.000028  -0.102637 -0.474319 0.290942
43  0.000055 8.921806 -0.000003  -0.076256 0.581004 -0.195602
44  1.196195 2.899153 -2.353086  -0.449719 1.030105 1.287423
45  0.000105 5.476936 0.000007  0.285574 -0.099353 -0.038446
46  -0.000072 6.060436 -0.000089  -0.155019 -0.575032 0.384609
47  0.000020 5.994266 0.000030  0.033940 0.288574 -0.067730
48  -0.000008 6.100484 0.000000  -0.068407 0.299273 -0.162152
49  0.000036 6.916758 0.000008  -0.096318 0.220533 -0.107966
50  0.000149 6.435057 -0.000042  -0.037456 0.171630 -0.116573
51  1.092798 3.649513 -1.738796  -0.148600 0.876612 1.445020
52  -0.000134 6.792202 -0.000103  0.008285 0.107792 -0.048643
53  -0.000087 7.744777 -0.000028  0.057137 -0.256893 0.015458
54  0.000084 9.115019 -0.000038  -0.020393 0.256253 -0.142636
55  3.494520 -1.749103 3.007063  0.118400 1.106974 1.813803
56  0.000012 4.323836 0.000085  -0.229908 -0.770943 0.449224
57  0.000030 4.872898 -0.000022  0.367245 -0.664052 -0.254032
58  0.000000 5.056651 0.000092  -0.511237 0.856585 -0.546326
59  2.292469 1.708615 3.661674  -1.762559 1.789109 -0.218978
60  -0.000172 6.589444 0.000276  -0.007132 -0.169123 0.176911
61  0.000173 7.491498 -0.000156  -0.132413 -0.107097 0.179327
62  -0.000141 8.249660 0.000141  0.041912 -0.058209 0.015813
63  0.000072 8.605238 -0.000025  0.101585 0.501824 -0.079696
64  -0.240486 2.066072 2.349266  -0.357330 2.461714 1.296076
65  -0.000085 7.721102 -0.000002  -0.208231 -0.126223 -0.116492
66  -0.000120 7.374869 -0.000045  -0.111017 0.046939 -0.046466
67  -0.000037 6.848065 -0.000027  0.273533 0.247522 0.299909
68  0.000032 7.777820 -0.000044  0.072921 0.186148 -0.052689
69  -0.000085 8.178056 0.000012  -0.087031 -0.422849 -0.381357
70  1.617608 3.431407 2.399264  -0.249453 2.569515 1.508568
71  -0.000160 5.476939 -0.000029  0.057729 0.074071 0.060287
72  -0.000097 6.060499 -0.000010  -0.015205 0.015650 -0.152067
73  0.000023 5.994250 0.000012  -0.126211 -0.157657 0.153303
74  -0.000083 7.076872 -0.000045  -0.008118 0.010384 0.036401
75  0.000004 7.089866 -0.000071  0.070875 0.098587 -0.025893
76  0.361114 0.886681 3.287745  -0.576369 1.978708 0.939011
77  -0.000066 6.686643 0.000226  -0.146568 0.414164 -0.327704
78  -0.000010 7.638015 0.000017  -0.079523 -0.025948 0.130953
79  -0.000028 7.290227 -0.000024  0.025325 -0.093908 0.023965
80  -0.000034 6.530366 0.000006  -0.261847 -0.300601 0.006734
81  0.000062 7.224877 0.000011  0.036505 0.032481 -0.175823
82  1.071900 3.225799 1.570113  -0.043805 2.859975 1.526244
83  0.000413 6.748893 -0.000067  -0.062703 0.083783 0.022203
84  -0.000049 8.002645 0.000027  -0.067497 -0.117209 -0.115600
85  0.000013 8.580571 -0.000097  0.088214 -0.007187 0.334606
86  0.000167 8.689829 -0.000041  0.065326 -0.412430 -0.134518
87  -1.514529 2.104643 0.318054  -0.024895 3.094491 1.569491
88  0.000196 6.982284 0.000011  -0.107588 -0.057625 -0.215716
89  -0.000008 8.382877 -0.000067  0.135030 -0.099914 0.287073
90  -0.000059 8.697669 0.000023  -0.148089 -0.510100 0.044838
91  -0.000137 8.921823 0.000079  -0.236828 -0.892635 0.098804
92  3.553618 -3.478045 2.409276  0.000821 0.762046 1.535304
93  0.000000 4.476902 -0.000008  -0.151004 -0.588330 0.377259
94  0.000032 4.514118 -0.000023  -0.228868 -2.996200 0.592367
95  0.000044 4.518379 -0.000024  0.143171 2.612777 0.693383
96  0.000025 3.598323 0.000024  -0.749303 0.869851 -0.773233
97  4.209920 -0.440343 1.018823  -0.760796 -2.013028 -0.930832
98  4.265507 1.434233 -0.404997  -1.329487 -0.690624 -0.179017
99  9.400229 0.017941 0.083201  0.052170 -0.069230 -1.054346
100  10.242422 0.033592 0.064481  1.457009 -0.548633 0.116413
101  3.465854 -0.059679 0.016695  -0.002207 -0.134374 -0.615463
102  1.655593 -0.000021 0.000022  -0.004989 -0.062121 -0.011414
103  0.960772 -0.000001 -0.000005  0.086159 0.079159 0.213245
104  3.462028 -0.064245 0.939909  0.361355 -0.264375 -0.564744
105  1.497174 -0.000008 0.000020  -0.483531 0.063622 0.053348
106  0.793760 0.000007 -0.000003  -0.013103 0.002231 -0.013498
107  0.591664 -0.460694 0.835206  -0.532482 -0.774864 -1.080575
108  1.556140 0.000003 -0.000002  -0.373786 0.084026 0.315523
109  1.135905 0.000016 0.000005  0.078248 -0.127776 0.022284
110  3.084269 -0.668824 -1.257086  -0.734148 0.329289 -0.840478
111  1.064201 -0.000002 0.000005  0.016841 0.101934 -0.548274
112  0.640337 0.000007 -0.000009  -0.102260 -0.047978 -0.422912
113  3.396823 -0.242139 -0.708689  -0.396492 0.077812 -0.734420
114  1.532969 0.000007 0.000006  0.029754 0.013297 -0.212911
115  0.832970 -0.000004 -0.000001  -0.073378 -0.014958 -0.109626
116  4.209940 -0.440339 -1.019279  1.648924 2.062540 -0.110883
117  4.266747 1.424939 0.424939  2.334314 -0.283066 -0.638817
118  9.398567 0.011950 -0.082520  -0.033080 0.069223 -0.783948
119  10.242439 0.028176 -0.062910  -1.655394 -0.386239 0.297035
120  3.465752 -0.067534 0.002266  -0.246457 0.249497 -1.708467
121  1.655560 0.000008 0.000006  -0.145550 0.180485 -1.058943
122  0.960907 0.000008 -0.000000  0.006472 0.152849 -0.756299
123  3.466859 -0.077785 -0.920912  -0.490019 0.119724 -1.703110
124  1.497256 -0.000036 -0.000023  -0.554699 0.302573 -0.942850
125  0.793789 -0.000013 0.000000  -0.181527 0.340008 -0.693915
126  0.595081 -0.467158 -0.829177  2.468373 0.674738 -0.728032
127  1.555670 0.000017 -0.000004  0.632262 0.517137 1.164217
128  1.136816 -0.000009 -0.000001  0.578665 0.458659 1.086462
129  3.075978 -0.667975 1.277698  0.593584 0.287318 -1.430018
130  1.064590 0.000019 0.000013  0.029066 -0.119099 -0.862642
131  0.640361 -0.000015 -0.000002  -0.107382 -0.025898 -0.506015
132  3.392416 -0.245376 0.728374  0.124091 0.327221 -1.768703
133  1.532738 -0.000009 -0.000001  0.008318 0.016075 -0.785976
134  0.833150 0.000010 0.000004  -0.080599 -0.067943 -1.013387
135  3.590107 -3.090295 1.193972  1.635457 1.210566 1.548541
136  3.589556 -3.089883 -1.196372  -1.505736 1.210473 -1.592853
137  -0.436560 4.719020 -0.001076  -0.001476 -1.570733 1.693532
138  -0.000000 2.775456 -0.000236  -0.135089 0.000001 -0.000000
139  0.000000 3.189767 0.000004  0.207820 -0.000000 0.000000
140  0.000000 3.504652 0.000048  -0.261876 0.000000 -0.000000
141  -0.000000 2.863199 -0.000002  -0.051268 0.000000 -0.000000
time 18
0  -4.815337 7.275497 30.670689  1.570862 0.000000 -0.000000
1  0.002636 43.025146 0.734438  0.229143 0.523458 -0.220133
2  3.061857 -4.181010 -0.610805  -2.454287 -1.022568 -0.252684
3  18.476774 0.000158 -0.000001  -0.030503 -0.100336 1.387339
4  17.490084 0.000116 0.000005  -0.072433 0.416372 -1.447229
5  -3.065330 -4.183571 -0.611481  -0.994788 -0.721251 -2.405697
6  18.474855 -0.000034 -0.000004  -0.002783 0.036857 0.480900
7  17.489586 0.001919 -0.000006  -0.159378 -0.383550 -0.441765
8  -0.000117 -0.048882 -0.576226  1.545813 -0.075329 1.640669
9  3.224487 0.767048 0.000495  0.026755 0.042610 0.329658
10  3.223908 0.226399 -0.001945  0.033343 0.072637 0.261559
11  5.187321 -1.262560 -0.001177  0.000012 0.000066 0.194111
12  6.928408 -1.935313 -0.000228  -3.098022 0.111371 0.023136
13  3.236367 1.079610 0.000057  -0.133728 -0.179533 0.506057
14  0.833757 3.805356 0.692955  -0.040492 0.554885 1.469865
15  0.000038 6.792204 0.000040  0.007991 0.036071 -0.011407
16  -0.000075 7.744822 0.000015  -0.017442 -0.155305 0.068153
17  0.000072 7.809703 0.000018  -0.033637 0.005026 0.006142
18  -0.000025 7.867670 0.000018  -0.073329 -0.127910 0.026375
19  3.494692 -1.749092 -3.006913  0.152547 2.070419 1.936938
20  0.000118 4.478314 0.000015  -0.194658 0.310431 -0.234996
21  0.000049 4.636118 -0.000029  0.035819 0.324592 -0.151767
22  -0.000044 5.008655 0.000010  0.076000 -0.286565 0.276092
23  0.000065 4.781163 0.000010  0.904405 -2.690904 -0.015801
24  2.253035 1.989061 -3.350108  -1.523632 1.324495 0.112393
25  0.000159 6.589468 0.000172  0.206356 -0.002128 -0.080395
26  0.000040 7.491413 0.000042  -0.333516 0.184455 -0.191163
27  0.000028 7.660304 -0.000053  -0.063173 0.127194 -0.062119
28  0.000005 7.256270 0.000020  -0.052939 -0.487829 0.313813
29  -0.791164 2.265121 -1.234656  -0.753900 1.136376 0.824664
30  -0.000255 8.572263 -0.000087  -0.222844 -0.296789 0.176505
31  -0.000095 8.117217 0.000048  0.072258 0.772520 -0.285587
32  -0.000084 8.230033 -0.000072  -0.080496 -0.347232 0.072252
33  0.000060 7.366725 0.000054  -0.015393 -0.663893 0.062743
34  0.224210 0.240131 -3.218159  -0.877381 1.468889 0.577820
35  -0.000102 7.721056 -0.000310  -0.283829 0.060495 -0.167556
36  -0.000029 7.374850 0.000003  0.007537 -0.195020 0.049539
37  0.000076 6.848100 0.000005  0.005484 0.006497 -0.033649
38  -0.000054 7.777865 0.000008  -0.186097 0.182474 -0.152847
39  -1.514471 2.104650 -1.150167  -0.029093 0.541320 1.555671
40  -0.000170 6.982349 -0.000079  -0.199699 -0.041214 0.153490
41  0.000039 8.382859 -0.000073  0.044867 0.587987 -0.257958
42  0.000016 8.697699 -0.000023  -0.102637 -0.474319 0.290942
43  0.000058 8.921799 -0.000003  -0.076256 0.581004 -0.195602
44  1.196189 2.899158 -2.353088  -0.449719 1.030105 1.287423
45  0.000110 5.476936 0.000006  0.285574 -0.099353 -0.038446
46  -0.000076 6.060441 -0.000089  -0.155019 -0.575032 0.384609
47  0.000020 5.994264 0.000029  0.033940 0.288574 -0.067730
48  -0.000004 6.100490 0.000000  -0.068407 0.299273 -0.162152
49  0.000037 6.916760 0.000009  -0.096318 0.220533 -0.107966
50  0.000152 6.435059 -0.000044  -0.037456 0.171630 -0.116573
51  1.092791 3.649517 -1.738795  -0.148600 0.876612 1.445020
52  -0.000134 6.792199 -0.000101  0.008285 0.107792 -0.048643
53  -0.000087 7.744777 -0.000029  0.057137 -0.256893 0.015458
54  0.000085 9.115027 -0.000037  -0.020393 0.256253 -0.142636
55  3.494509 -1.749100 3.007064  0.118400 1.106974 1.813803
56  0.000017 4.323838 0.000088  -0.229908 -0.770943 0.449224
57  0.000026 4.872901 -0.000020  0.367245 -0.664052 -0.254032
58  0.000005 5.056645 0.000092  -0.511237 0.856585 -0.546326
59  2.292460 1.708617 3.661674  -1.762560 1.789109 -0.218979
60  -0.000173 6.589441 0.000273  -0.007132 -0.169123 0.176911
61  0.000173 7.491497 -0.000146  -0.132413 -0.107097 0.179327
62  -0.000140 8.249659 0.000145  0.041912 -0.058209 0.015813
63  0.000073 8.605240 -0.000028  0.101585 0.501824 -0.079696
64  -0.240491 2.066073 2.349267  -0.357331 2.461714 1.296076
65  -0.000087 7.721107 -0.000003  -0.208231 -0.126223 -0.116492
66  -0.000126 7.374863 -0.000047  -0.111017 0.046939 -0.046466
67  -0.000037 6.848057 -0.000029  0.273533 0.247522 0.299908
68  0.000034 7.777822 -0.000044  0.072921 0.186148 -0.052689
69  -0.000086 8.178053 0.000010  -0.087031 -0.422849 -0.381357
70  1.617601 3.431413 2.399265  -0.249453 2.569515 1.508568
71  -0.000164 5.476943 -0.000026  0.057729 0.074071 0.060287
72  -0.000093 6.060490 -0.000005  -0.015205 0.015650 -0.152066
73  0.000025 5.994254 0.000013  -0.126211 -0.157657 0.153303
74  -0.000080 7.076875 -0.000046  -0.008118 0.010384 0.036402
75  0.000003 7.089867 -0.000072  0.070875 0.098587 -0.025893
76  0.361105 0.886685 3.287745  -0.576369 1.978708 0.939011
77  -0.000068 6.686642 0.000223  -0.146568 0.414164 -0.327704
78  -0.000011 7.638021 0.000013  -0.079524 -0.025948 0.130953
79  -0.000032 7.290234 -0.000019  0.025325 -0.093908 0.023965
80  -0.000035 6.530371 0.000002  -0.261847 -0.300601 0.006734
81  0.000063 7.224882 0.000010  0.036505 0.032481 -0.175823
82  1.071890 3.225800 1.570114  -0.043805 2.859975 1.526244
83  0.000419 6.748912 -0.000066  -0.062703 0.083783 0.022203
84  -0.000042 8.002642 0.000027  -0.067497 -0.117209 -0.115600
85  0.000014 8.580576 -0.000096  0.088214 -0.007187 0.334606
86  0.000166 8.689831 -0.000043  0.065326 -0.412430 -0.134518
87  -1.514540 2.104643 0.318055  -0.024895 3.094491 1.569491
88  0.000189 6.982282 0.000011  -0.107588 -0.057625 -0.215715
89  -0.000009 8.382866 -0.000068  0.135030 -0.099914 0.287073
90  -0.000060 8.697672 0.000023  -0.148089 -0.510100 0.044838
91  -0.000135 8.921824 0.000078  -0.236828 -0.892635 0.098804
92  3.553611 -3.478040 2.409276  0.000821 0.762046 1.535304
93  -0.000002 4.476904 -0.000007  -0.151004 -0.588330 0.377259
94  0.000030 4.514123 -0.000023  -0.228868 -2.996200 0.592367
95  0.000046 4.518384 -0.000022  0.143171 2.612777 0.693383
96  0.000021 3.598331 0.000024  -0.749303 0.869851 -0.773233
97  4.209918 -0.440346 1.018823  -0.775761 -2.009061 -0.917105
98  4.265505 1.434233 -0.404993  -1.218942 -0.737284 -0.270333
99  9.400237 0.017941 0.083203  0.059884 -0.068422 -1.156839
100  10.242422 0.033591 0.064481  1.481428 -0.515011 0.104847
101  3.465855 -0.059677 0.016694  -0.000105 -0.137571 -0.630310
102  1.655600 -0.000021 0.000021  -0.004945 -0.063691 -0.018142
103  0.960770 -0.000002 -0.000006  0.085988 0.077247 0.205028
104  3.462027 -0.064245 0.939908  0.361977 -0.265533 -0.573843
105  1.497178 -0.000007 0.000023  -0.483918 0.060549 0.045815
106  0.793760 0.000004 -0.000003  -0.013109 0.003118 -0.021283
107  0.591661 -0.460690 0.835206  -0.530927 -0.773504 -1.083570
108  1.556140 0.000003 -0.000002  -0.374329 0.085329 0.318326
109  1.135904 0.000018 0.000007  0.078817 -0.127556 0.023535
110  3.084268 -0.668820 -1.257085  -0.734720 0.329744 -0.841360
111  1.064202 -0.000002 0.000007  0.016278 0.102661 -0.556628
112  0.640338 0.000004 -0.000010  -0.103157 -0.049060 -0.433572
113  3.396823 -0.242139 -0.708693  -0.396297 0.076120 -0.738972
114  1.532968 0.000008 0.000008  0.028940 0.012614 -0.247166
115  0.832973 -0.000003 -0.000000  -0.075725 -0.019908 -0.144822
116  4.209941 -0.440342 -1.019280  1.634147 2.087468 -0.124866
117  4.266746 1.424943 0.424937  2.359611 -0.284717 -0.656720
118  9.398567 0.011952 -0.082517  -0.033015 0.069208 -0.783082
119  10.242437 0.028176 -0.062899  -1.648479 -0.455652 0.331661
120  3.465743 -0.067523 0.002267  -0.246339 0.249509 -1.707944
121  1.655560 0.000005 0.000006  -0.145789 0.180549 -1.060354
122  0.960910 0.000007 0.000001  0.006184 0.153156 -0.757911
123  3.466850 -0.077776 -0.920911  -0.490014 0.119731 -1.703058
124  1.497255 -0.000034 -0.000023  -0.555031 0.302836 -0.943917
125  0.793788 -0.000006 0.000001  -0.182022 0.340612 -0.694839
126  0.595074 -0.467149 -0.829178  2.468404 0.674723 -0.727972
127  1.555675 0.000016 -0.000003  0.632325 0.517176 1.164291
128  1.136815 -0.000007 -0.000003  0.578662 0.458658 1.086459
129  3.075967 -0.667964 1.277701  0.593720 0.286695 -1.429277
130  1.064595 0.000018 0.000011  0.029038 -0.119082 -0.862266
131  0.640362 -0.000012 -0.000007  -0.107354 -0.025871 -0.505594
132  3.392406 -0.245362 0.728375  0.124117 0.327199 -1.768622
133  1.532736 -0.000005 -0.000002  0.008307 0.016079 -0.786296
134  0.833151 0.000010 0.000005  -0.080620 -0.067971 -1.013721
135  3.590110 -3.090296 1.193973  1.635457 1.210566 1.548541
136  3.589561 -3.089882 -1.196372  -1.505736 1.210473 -1.592853
137  -0.436559 4.719025 -0.001076  -0.000938 -1.570733 1.693512
138  0.000001 2.775457 -0.000237  -0.135089 0.000001 -0.000000
139  0.000000 3.189769 0.000012  0.207820 -0.000000 0.000000
140  -0.000000 3.504652 0.000044  -0.261876 0.000000 -0.000000
141  -0.000001 2.863198 -0.000002  -0.051268 -0.000000 -0.000000
time 19
0  -3.950395 7.699529 31.419056  1.570862 0.000000 -0.000000
1  0.002636 43.025146 0.734438  0.174537 0.497680 -0.243164
2  3.061857 -4.181017 -0.610802  -2.406332 -0.976686 -0.334902
3  18.476772 0.000160 -0.000001  -0.029980 -0.099948 1.379369
4  17.490086 0.000116 0.000005  -0.008582 0.394142 -1.446900
5  -3.065329 -4.183581 -0.611478  -1.106762 -0.738894 -2.313358
6  18.474855 -0.000033 -0.000009  -0.002473 0.042096 0.544965
7  17.489586 0.001916 -0.000004  -0.085965 -0.356620 -0.583211
8  -0.000117 -0.048888 -0.576224  1.567867 -0.075611 1.646410
9  3.224484 0.767047 0.000494  0.055465 0.049275 0.327951
10  3.223917 0.226397 -0.001945  0.055990 0.074180 0.259765
11  5.187319 -1.262562 -0.001176  0.000012 0.000066 0.194111
12  6.928407 -1.935315 -0.000228  -3.108652 0.119689 0.017175
13  3.236363 1.079610 0.000058  -0.188279 -0.161474 0.527466
14  0.833760 3.805358 0.692955  -0.040492 0.554885 1.469865
15  0.000039 6.792207 0.000039  0.007991 0.036071 -0.011407
16  -0.000063 7.744815 0.000017  -0.017442 -0.155305 0.068153
17  0.000073 7.809698 0.000018  -0.033637 0.005026 0.006142
18  -0.000023 7.867670 0.000018  -0.073329 -0.127910 0.026375
19  3.494699 -1.749088 -3.006912  0.152547 2.070420 1.936938
20  0.000120 4.478313 0.000018  -0.194658 0.310431 -0.234996
21  0.000046 4.636121 -0.000030  0.035819 0.324592 -0.151767
22  -0.000041 5.008649 0.000010  0.076000 -0.286564 0.276091
23  0.000067 4.781172 0.000003  0.904405 -2.690904 -0.015802
24  2.253036 1.989065 -3.350106  -1.523632 1.324495 0.112393
25  0.000160 6.589466 0.000169  0.206356 -0.002128 -0.080395
26  0.000040 7.491416 0.000046  -0.333516 0.184455 -0.191163
27  0.000028 7.660298 -0.000053  -0.063173 0.127194 -0.062119
28  0.000009 7.256269 0.000022  -0.052939 -0.487829 0.313813
29  -0.791164 2.265123 -1.234654  -0.753899 1.136376 0.824664
30  -0.000258 8.572260 -0.000082  -0.222844 -0.296789 0.176505
31  -0.000096 8.117214 0.000047  0.072258 0.772520 -0.285587
32  -0.000084 8.230036 -0.000072  -0.080496 -0.347232 0.072252
33  0.000059 7.366727 0.000051  -0.015392 -0.663893 0.062743
34  0.224210 0.240134 -3.218157  -0.877381 1.468889 0.577820
35  -0.000099 7.721053 -0.000306  -0.283829 0.060495 -0.167556
36  -0.000031 7.374854 -0.000003  0.007537 -0.195020 0.049540
37  0.000075 6.848105 0.000007  0.005484 0.006497 -0.033649
38  -0.000054 7.777866 0.000008  -0.186097 0.182474 -0.152847
39  -1.514471 2.104655 -1.150167  -0.029093 0.541320 1.555671
40  -0.000165 6.982347 -0.000078  -0.199699 -0.041214 0.153490
41  0.000039 8.382861 -0.000073  0.044867 0.587987 -0.257958
42  0.000010 8.697700 -0.000026  -0.102637 -0.474319 0.290942
43  0.000055 8.921805 -0.000003  -0.076256 0.581004 -0.195602
44  1.196189 2.899162 -2.353086  -0.449719 1.030105 1.287423
45  0.000106 5.476937 0.000007  0.285574 -0.099353 -0.038446
46  -0.000072 6.060435 -0.000088  -0.155019 -0.575032 0.384609
47  0.000019 5.994258 0.000029  0.033940 0.288574 -0.067730
48  -0.000009 6.100491 0.000000  -0.068407 0.299273 -0.162152
49  0.000033 6.916757 0.000012  -0.096318 0.220533 -0.107966
50  0.000149 6.435058 -0.000041  -0.037456 0.171630 -0.116573
51  1.092794 3.649518 -1.738793  -0.148600 0.876612 1.445020
52  -0.000129 6.792208 -0.000102  0.008285 0.107792 -0.048643
53  -0.000089 7.744783 -0.000031  0.057137 -0.256893 0.015458
54  0.000085 9.115025 -0.000035  -0.020393 0.256253 -0.142636
55  3.494514 -1.749095 3.007064  0.118400 1.106974 1.813803
56  0.000013 4.323832 0.000088  -0.229908 -0.770943 0.449224
57  0.000029 4.872894 -0.000021  0.367245 -0.664052 -0.254033
58  0.000004 5.056658 0.000093  -0.511237 0.856585 -0.546325
59  2.292462 1.708622 3.661676  -1.762560 1.789109 -0.218978
60  -0.000173 6.589439 0.000274  -0.007132 -0.169123 0.176911
61  0.000174 7.491494 -0.000149  -0.132413 -0.107097 0.179327
62  -0.000139 8.249662 0.000143  0.041913 -0.058209 0.015813
63  0.000071 8.605232 -0.000022  0.101585 0.501824 -0.079696
64  -0.240487 2.066078 2.349267  -0.357331 2.461714 1.296076
65  -0.000087 7.721103 -0.000005  -0.208231 -0.126223 -0.116492
66  -0.000123 7.374863 -0.000047  -0.111017 0.046939 -0.046466
67  -0.000035 6.848064 -0.000027  0.273533 0.247522 0.299909
68  0.000039 7.777825 -0.000045  0.072921 0.186148 -0.052689
69  -0.000085 8.178051 0.000011  -0.087031 -0.422849 -0.381357
70  1.617601 3.431417 2.399265  -0.249453 2.569515 1.508568
71  -0.000163 5.476944 -0.000030  0.057729 0.074071 0.060287
72  -0.000090 6.060493 -0.000005  -0.015205 0.015650 -0.152066
73  0.000024 5.994249 0.000011  -0.126210 -0.157658 0.153303
74  -0.000077 7.076877 -0.000048  -0.008118 0.010384 0.036402
75  0.000002 7.089867 -0.000070  0.070875 0.098587 -0.025893
76  0.361107 0.886687 3.287746  -0.576369 1.978708 0.939011
77  -0.000068 6.686641 0.000228  -0.146568 0.414164 -0.327704
78  -0.000010 7.638019 0.000012  -0.079523 -0.025948 0.130953
79  -0.000033 7.290230 -0.000022  0.025325 -0.093908 0.023965
80  -0.000036 6.530359 0.000007  -0.261847 -0.300601 0.006734
81  0.000064 7.224880 0.000010  0.036506 0.032481 -0.175823
82  1.071897 3.225805 1.570116  -0.043805 2.859975 1.526244
83  0.000413 6.748899 -0.000064  -0.062703 0.083783 0.022203
84  -0.000041 8.002645 0.000027  -0.067497 -0.117209 -0.115600
85  0.000011 8.580571 -0.000095  0.088214 -0.007187 0.334606
86  0.000169 8.689831 -0.000040  0.065326 -0.412430 -0.134518
87  -1.514539 2.104645 0.318056  -0.024895 3.094491 1.569491
88  0.000194 6.982285 0.000011  -0.107588 -0.057625 -0.215715
89  -0.000010 8.382871 -0.000067  0.135030 -0.099914 0.287073
90  -0.000060 8.697677 0.000024  -0.148089 -0.510100 0.044838
91  -0.000134 8.921825 0.000079  -0.236828 -0.892635 0.098804
92  3.553612 -3.478038 2.409277  0.000821 0.762046 1.535304
93  -0.000001 4.476906 -0.000008  -0.151004 -0.588330 0.377259
94  0.000034 4.514122 -0.000024  -0.228868 -2.996200 0.592367
95  0.000041 4.518388 -0.000021  0.143171 2.612777 0.693383
96  0.000023 3.598327 0.000024  -0.749303 0.869851 -0.773233
97  4.209918 -0.440349 1.018823  -0.792020 -2.004936 -0.902224
98  4.265503 1.434234 -0.404990  -1.158473 -0.788659 -0.337509
99  9.400230 0.017945 0.083201  0.067368 -0.066859 -1.257858
100  10.242423 0.033589 0.064481  1.508837 -0.479809 0.092843
101  3.465857 -0.059679 0.016696  0.002094 -0.140851 -0.645499
102  1.655593 -0.000023 0.000021  -0.004785 -0.065541 -0.026375
103  0.960770 -0.000004 -0.000007  0.085777 0.075220 0.195590
104  3.462029 -0.064244 0.939914  0.362525 -0.266597 -0.583011
105  1.497178 -0.000009 0.000021  -0.484341 0.056941 0.036981
106  0.793761 0.000007 0.000002  -0.013203 0.004106 -0.030222
107  0.591663 -0.460693 0.835210  -0.529719 -0.771897 -1.086025
108  1.556139 0.000003 -0.000001  -0.374722 0.086760 0.321266
109  1.135904 0.000020 0.000004  0.079329 -0.127271 0.025031
110  3.084270 -0.668822 -1.257081  -0.735307 0.330026 -0.842307
111  1.064201 -0.000006 0.000002  0.015661 0.103415 -0.565941
112  0.640340 0.000005 -0.000009  -0.103930 -0.050047 -0.444814
113  3.396823 -0.242140 -0.708684  -0.396048 0.074288 -0.743612
114  1.532971 0.000009 0.000010  0.028112 0.011824 -0.282978
115  0.832974 -0.000002 -0.000005  -0.077864 -0.025090 -0.181341
116  4.209937 -0.440344 -1.019279  1.608440 2.093043 -0.147453
117  4.266746 1.424940 0.424940  2.401189 -0.189514 -0.637042
118  9.398567 0.011949 -0.082515  -0.028267 0.067905 -0.719593
119  10.242435 0.028177 -0.062907  -1.760358 -0.378727 0.394616
120  3.465753 -0.067526 0.002265  -0.246244 0.249517 -1.707428
121  1.655552 0.000002 0.000006  -0.145983 0.180623 -1.061584
122  0.960908 0.000005 0.000000  0.005946 0.153454 -0.759364
123  3.466859 -0.077776 -0.920910  -0.490061 0.119770 -1.703063
124  1.497261 -0.000032 -0.000023  -0.555314 0.303060 -0.944868
125  0.793789 -0.000010 -0.000000  -0.182477 0.341151 -0.695669
126  0.595084 -0.467149 -0.829178  2.468435 0.674708 -0.727911
127  1.555672 0.000016 -0.000003  0.632390 0.517214 1.164365
128  1.136815 -0.000010 0.000001  0.578660 0.458658 1.086456
129  3.075979 -0.667966 1.277698  0.593796 0.286154 -1.428613
130  1.064599 0.000019 0.000012  0.029007 -0.119063 -0.861934
131  0.640360 -0.000014 -0.000003  -0.107284 -0.025872 -0.505271
132  3.392416 -0.245366 0.728374  0.124142 0.327177 -1.768541
133  1.532741 -0.000007 0.000000  0.008302 0.016085 -0.786561
134  0.833152 0.000008 0.000006  -0.080664 -0.068019 -1.014054
135  3.590110 -3.090295 1.193973  1.635457 1.210566 1.548541
136  3.589557 -3.089883 -1.196372  -1.505736 1.210473 -1.592853
137  -0.436561 4.719025 -0.001075  -0.000931 -1.570733 1.692579
138  -0.000000 2.775451 -0.000232  -0.135089 0.000001 -0.000000
139  -0.000000 3.189768 0.000010  0.207820 -0.000000 0.000000
140  0.000000 3.504653 0.000042  -0.261876 0.000000 -0.000000
141  -0.000001 2.863199 0.000002  -0.051268 0.000000 0.000000
time 20
0  -3.118506 8.079029 32.144104  1.570862 0.000000 -0.000000
1  0.002636 43.025146 0.734438  0.119246 0.460707 -0.258363
2  3.061858 -4.181015 -0.610804  -2.355564 -0.913374 -0.420592
3  18.476774 0.000160 -0.000001  -0.029048 -0.099242 1.365057
4  17.490084 0.000117 0.000003  0.047990 0.371642 -1.451692
5  -3.065329 -4.183580 -0.611479  -1.229652 -0.762042 -2.214669
6  18.474857 -0.000035 -0.000005  -0.001523 0.049111 0.631424
7  17.489584 0.001915 -0.000008  -0.017152 -0.322417 -0.735591
8  -0.000117 -0.048885 -0.576227  1.586497 -0.078657 1.650707
9  3.224484 0.767047 0.000497  0.079072 0.054856 0.330135
10  3.223908 0.226400 -0.001943  0.075047 0.074455 0.260458
11  5.187314 -1.262555 -0.001177  0.000012 0.000066 0.194111
12  6.928410 -1.935311 -0.000226  -3.112504 0.117763 0.014839
13  3.236366 1.079613 0.000056  -0.234226 -0.124900 0.529352
14  0.833764 3.805345 0.692955  -0.040492 0.554885 1.469865
15  0.000038 6.792203 0.000039  0.007991 0.036071 -0.011407
16  -0.000071 7.744816 0.000016  -0.017442 -0.155305 0.068153
17  0.000071 7.809703 0.000018  -0.033637 0.005026 0.006142
18  -0.000028 7.867673 0.000018  -0.073329 -0.127910 0.026375
19  3.494707 -1.749100 -3.006913  0.152547 2.070419 1.936938
20  0.000120 4.478318 0.000018  -0.194658 0.310431 -0.234996
21  0.000048 4.636110 -0.000031  0.035819 0.324592 -0.151767
22  -0.000041 5.008647 0.000010  0.076000 -0.286565 0.276091
23  0.000062 4.781168 0.000010  0.904405 -2.690904 -0.015801
24  2.253046 1.989053 -3.350106  -1.523632 1.324495 0.112393
25  0.000161 6.589460 0.000170  0.206356 -0.002128 -0.080395
26  0.000043 7.491412 0.000042  -0.333516 0.184455 -0.191163
27  0.000027 7.660303 -0.000060  -0.063173 0.127194 -0.062119
28  0.000006 7.256269 0.000022  -0.052939 -0.487829 0.313813
29  -0.791154 2.265111 -1.234656  -0.753899 1.136376 0.824664
30  -0.000260 8.572265 -0.000090  -0.222844 -0.296789 0.176505
31  -0.000096 8.117215 0.000046  0.072258 0.772520 -0.285587
32  -0.000085 8.230032 -0.000068  -0.080496 -0.347232 0.072252
33  0.000065 7.366722 0.000055  -0.015393 -0.663893 0.062743
34  0.224217 0.240121 -3.218157  -0.877382 1.468889 0.577820
35  -0.000100 7.721057 -0.000306  -0.283829 0.060495 -0.167556
36  -0.000029 7.374853 -0.000002  0.007537 -0.195020 0.049540
37  0.000074 6.848101 0.000006  0.005484 0.006497 -0.033649
38  -0.000054 7.777864 0.000011  -0.186097 0.182474 -0.152847
39  -1.514460 2.104644 -1.150167  -0.029093 0.541320 1.555671
40  -0.000170 6.982352 -0.000077  -0.199699 -0.041214 0.153490
41  0.000041 8.382863 -0.000072  0.044867 0.587987 -0.257958
42  0.000014 8.697700 -0.000025  -0.102637 -0.474319 0.290942
43  0.000056 8.921803 -0.000003  -0.076257 0.581004 -0.195602
44  1.196195 2.899148 -2.353086  -0.449719 1.030105 1.287423
45  0.000108 5.476936 0.000006  0.285574 -0.099353 -0.038446
46  -0.000073 6.060439 -0.000090  -0.155019 -0.575032 0.384609
47  0.000018 5.994261 0.000030  0.033940 0.288574 -0.067730
48  -0.000007 6.100488 -0.000000  -0.068407 0.299273 -0.162152
49  0.000036 6.916758 0.000011  -0.096318 0.220533 -0.107966
50  0.000150 6.435060 -0.000043  -0.037456 0.171630 -0.116573
51  1.092800 3.649505 -1.738794  -0.148600 0.876612 1.445020
52  -0.000125 6.792198 -0.000099  0.008285 0.107792 -0.048643
53  -0.000085 7.744778 -0.000029  0.057137 -0.256893 0.015458
54  0.000082 9.115029 -0.000039  -0.020393 0.256253 -0.142636
55  3.494520 -1.749109 3.007064  0.118400 1.106974 1.813803
56  0.000014 4.323840 0.000086  -0.229908 -0.770943 0.449224
57  0.000027 4.872895 -0.000021  0.367245 -0.664052 -0.254033
58  0.000001 5.056653 0.000094  -0.511237 0.856585 -0.546326
59  2.292472 1.708611 3.661675  -1.762560 1.789109 -0.218978
60  -0.000174 6.589435 0.000274  -0.007132 -0.169123 0.176911
61  0.000174 7.491496 -0.000147  -0.132413 -0.107097 0.179327
62  -0.000141 8.249660 0.000142  0.041912 -0.058209 0.015813
63  0.000072 8.605235 -0.000026  0.101585 0.501824 -0.079696
64  -0.240478 2.066068 2.349267  -0.357330 2.461714 1.296076
65  -0.000090 7.721108 -0.000001  -0.208231 -0.126223 -0.116492
66  -0.000125 7.374863 -0.000046  -0.111017 0.046939 -0.046466
67  -0.000036 6.848063 -0.000026  0.273533 0.247522 0.299909
68  0.000031 7.777820 -0.000044  0.072921 0.186148 -0.052689
69  -0.000086 8.178057 0.000010  -0.087031 -0.422849 -0.381357
70  1.617607 3.431404 2.399265  -0.249453 2.569515 1.508568
71  -0.000162 5.476946 -0.000028  0.057729 0.074071 0.060287
72  -0.000092 6.060492 -0.000008  -0.015205 0.015650 -0.152067
73  0.000023 5.994249 0.000010  -0.126211 -0.157657 0.153303
74  -0.000083 7.076871 -0.000044  -0.008118 0.010384 0.036401
75  0.000005 7.089868 -0.000070  0.070875 0.098587 -0.025893
76  0.361116 0.886678 3.287745  -0.576369 1.978708 0.939011
77  -0.000068 6.686641 0.000221  -0.146568 0.414164 -0.327704
78  -0.000009 7.638014 0.000012  -0.079523 -0.025948 0.130953
79  -0.000032 7.290233 -0.000021  0.025325 -0.093908 0.023965
80  -0.000035 6.530364 0.000007  -0.261847 -0.300601 0.006734
81  0.000063 7.224882 0.000010  0.036505 0.032480 -0.175823
82  1.071903 3.225790 1.570115  -0.043805 2.859975 1.526244
83  0.000412 6.748908 -0.000065  -0.062703 0.083783 0.022203
84  -0.000048 8.002643 0.000026  -0.067497 -0.117209 -0.115600
85  0.000010 8.580564 -0.000097  0.088214 -0.007187 0.334606
86  0.000170 8.689831 -0.000040  0.065326 -0.412430 -0.134518
87  -1.514529 2.104634 0.318055  -0.024895 3.094491 1.569491
88  0.000195 6.982287 0.000013  -0.107588 -0.057625 -0.215715
89  -0.000011 8.382869 -0.000067  0.135030 -0.099914 0.287073
90  -0.000061 8.697667 0.000024  -0.148089 -0.510100 0.044839
91  -0.000133 8.921824 0.000080  -0.236828 -0.892635 0.098804
92  3.553624 -3.478050 2.409277  0.000821 0.762046 1.535304
93  0.000004 4.476902 -0.000011  -0.151004 -0.588330 0.377259
94  0.000033 4.514123 -0.000023  -0.228868 -2.996200 0.592367
95  0.000042 4.518391 -0.000021  0.143171 2.612777 0.693383
96  0.000023 3.598326 0.000024  -0.749303 0.869851 -0.773233
97  4.209919 -0.440343 1.018824  -0.809957 -2.000720 -0.885763
98  4.265505 1.434233 -0.404992  -1.112866 -0.829054 -0.399339
99  9.400236 0.017941 0.083200  0.074445 -0.064628 -1.355908
100  10.242423 0.033590 0.064481  1.541045 -0.442991 0.079382
101  3.465855 -0.059682 0.016696  0.004401 -0.144068 -0.660993
102  1.655594 -0.000023 0.000024  -0.004557 -0.068072 -0.037780
103  0.960772 -0.000005 -0.000008  0.085402 0.072860 0.183417
104  3.462027 -0.064248 0.939909  0.363136 -0.267590 -0.592265
105  1.497180 -0.000010 0.000027  -0.484907 0.052216 0.025431
106  0.793760 0.000005 -0.000001  -0.013351 0.005316 -0.041657
107  0.591661 -0.460693 0.835210  -0.529433 -0.769623 -1.087260
108  1.556139 0.000003 -0.000003  -0.374955 0.088674 0.324929
109  1.135905 0.000019 -0.000001  0.079793 -0.126801 0.027245
110  3.084268 -0.668822 -1.257082  -0.735897 0.330011 -0.843472
111  1.064202 -0.000004 0.000005  0.014869 0.104415 -0.577339
112  0.640336 0.000002 -0.000006  -0.104545 -0.050967 -0.457533
113  3.396822 -0.242138 -0.708686  -0.395745 0.072283 -0.748465
114  1.532970 0.000010 0.000004  0.027243 0.011033 -0.321672
115  0.832975 -0.000004 -0.000006  -0.079610 -0.030592 -0.220294
116  4.209940 -0.440340 -1.019279  1.579781 2.091985 -0.172376
117  4.266747 1.424939 0.424938  2.435632 -0.083618 -0.581725
118  9.398569 0.011949 -0.082513  -0.023796 0.066375 -0.658658
119  10.242437 0.028177 -0.062905  -1.873903 -0.259060 0.433986
120  3.465749 -0.067526 0.002266  -0.246111 0.249572 -1.706911
121  1.655556 0.000003 0.000005  -0.146282 0.180682 -1.063181
122  0.960909 0.000002 0.000000  0.005604 0.153778 -0.761154
123  3.466854 -0.077778 -0.920910  -0.490031 0.119796 -1.702977
124  1.497259 -0.000035 -0.000022  -0.555689 0.303387 -0.946025
125  0.793789 -0.000011 -0.000002  -0.183056 0.341833 -0.696721
126  0.595078 -0.467148 -0.829177  2.468349 0.674686 -0.727938
127  1.555675 0.000018 -0.000003  0.632454 0.517253 1.164439
128  1.136812 -0.000010 -0.000002  0.578657 0.458658 1.086453
129  3.075973 -0.667964 1.277701  0.593921 0.285439 -1.427817
130  1.064595 0.000019 0.000010  0.028971 -0.119041 -0.861536
131  0.640361 -0.000017 -0.000005  -0.107216 -0.025848 -0.504758
132  3.392412 -0.245365 0.728375  0.124212 0.327131 -1.768446
133  1.532735 -0.000013 0.000000  0.008296 0.016093 -0.786892
134  0.833152 0.000000 0.000006  -0.080661 -0.068027 -1.014389
135  3.590106 -3.090291 1.193972  1.635457 1.210566 1.548541
136  3.589555 -3.089878 -1.196373  -1.505736 1.210473 -1.592853
137  -0.436566 4.719031 -0.001076  -0.000472 -1.570733 1.692953
138  -0.000001 2.775454 -0.000239  -0.135089 0.000001 -0.000000
139  0.000000 3.189769 0.000005  0.207820 -0.000000 0.000000
140  -0.000000 3.504650 0.000052  -0.261876 0.000000 -0.000000
141  -0.000000 2.863200 -0.000003  -0.051268 -0.000000 -0.000000
time 21
0  -2.253805 8.331488 32.892059  1.570862 0.000000 -0.000000
1  0.002636 43.025146 0.734438  0.068455 0.416608 -0.263019
2  3.061858 -4.181008 -0.610805  -2.316235 -0.832795 -0.505840
3  18.476772 0.000158 -0.000000  -0.027601 -0.098102 1.342509
4  17.490088 0.000117 0.000003  0.099590 0.338096 -1.462103
5  -3.065328 -4.183573 -0.611480  -1.358955 -0.774824 -2.106916
6  18.474855 -0.000032 -0.000008  0.000238 0.056767 0.727408
7  17.489584 0.001916 -0.000008  0.035946 -0.279907 -0.887325
8  -0.000116 -0.048882 -0.576226  1.601947 -0.077333 1.650812
9  3.224483 0.767047 0.000496  0.096575 0.055413 0.326236
10  3.223905 0.226400 -0.001943  0.090023 0.070877 0.256964
11  5.187322 -1.262563 -0.001178  0.000012 0.000066 0.194111
12  6.928408 -1.935306 -0.000229  -3.105882 0.121237 0.029355
13  3.236368 1.079619 0.000057  -0.292672 -0.107079 0.510050
14  0.833758 3.805350 0.692955  -0.040492 0.554885 1.469865
15  0.000042 6.792202 0.000039  0.007991 0.036071 -0.011407
16  -0.000067 7.744819 0.000015  -0.017442 -0.155305 0.068153
17  0.000073 7.809700 0.000018  -0.033637 0.005026 0.006142
18  -0.000024 7.867674 0.000018  -0.073329 -0.127910 0.026375
19  3.494697 -1.749094 -3.006912  0.152547 2.070420 1.936938
20  0.000121 4.478316 0.000021  -0.194658 0.310431 -0.234996
21  0.000048 4.636117 -0.000028  0.035819 0.324592 -0.151767
22  -0.000043 5.008647 0.000015  0.076000 -0.286564 0.276091
23  0.000064 4.781160 0.000013  0.904405 -2.690904 -0.015802
24  2.253039 1.989055 -3.350106  -1.523632 1.324495 0.112393
25  0.000161 6.589471 0.000171  0.206356 -0.002128 -0.080395
26  0.000043 7.491422 0.000046  -0.333516 0.184455 -0.191163
27  0.000029 7.660302 -0.000056  -0.063173 0.127194 -0.062119
28  0.000005 7.256266 0.000016  -0.052939 -0.487829 0.313813
29  -0.791160 2.265115 -1.234656  -0.753899 1.136376 0.824664
30  -0.000252 8.572262 -0.000087  -0.222844 -0.296789 0.176505
31  -0.000094 8.117213 0.000048  0.072258 0.772520 -0.285587
32  -0.000083 8.230035 -0.000071  -0.080496 -0.347232 0.072252
33  0.000056 7.366725 0.000052  -0.015392 -0.663893 0.062743
34  0.224210 0.240123 -3.218157  -0.877381 1.468889 0.577820
35  -0.000103 7.721050 -0.000314  -0.283829 0.060495 -0.167556
36  -0.000032 7.374854 -0.000003  0.007537 -0.195020 0.049539
37  0.000075 6.848101 0.000007  0.005484 0.006497 -0.033650
38  -0.000050 7.777861 0.000008  -0.186097 0.182474 -0.152847
39  -1.514465 2.104649 -1.150167  -0.029093 0.541320 1.555671
40  -0.000162 6.982354 -0.000077  -0.199699 -0.041214 0.153490
41  0.000041 8.382852 -0.000072  0.044867 0.587987 -0.257958
42  0.000013 8.697699 -0.000026  -0.102637 -0.474319 0.290942
43  0.000058 8.921808 -0.000003  -0.076256 0.581004 -0.195602
44  1.196189 2.899152 -2.353085  -0.449719 1.030105 1.287423
45  0.000109 5.476944 0.000009  0.285574 -0.099353 -0.038446
46  -0.000075 6.060435 -0.000093  -0.155019 -0.575032 0.384609
47  0.000019 5.994263 0.000030  0.033940 0.288574 -0.067730
48  -0.000008 6.100485 0.000000  -0.068407 0.299273 -0.162152
49  0.000035 6.916761 0.000012  -0.096318 0.220533 -0.107966
50  0.000148 6.435059 -0.000042  -0.037456 0.171630 -0.116573
51  1.092791 3.649509 -1.738794  -0.148600 0.876612 1.445020
52  -0.000129 6.792197 -0.000100  0.008284 0.107792 -0.048643
53  -0.000090 7.744769 -0.000033  0.057137 -0.256893 0.015458
54  0.000083 9.115018 -0.000036  -0.020393 0.256253 -0.142636
55  3.494514 -1.749103 3.007064  0.118400 1.106974 1.813803
56  0.000013 4.323831 0.000086  -0.229908 -0.770943 0.449224
57  0.000029 4.872898 -0.000022  0.367245 -0.664052 -0.254033
58  0.000004 5.056647 0.000092  -0.511238 0.856585 -0.546326
59  2.292466 1.708615 3.661675  -1.762559 1.789109 -0.218978
60  -0.000172 6.589441 0.000272  -0.007132 -0.169123 0.176911
61  0.000172 7.491489 -0.000153  -0.132413 -0.107097 0.179327
62  -0.000139 8.249664 0.000144  0.041913 -0.058209 0.015813
63  0.000071 8.605232 -0.000028  0.101585 0.501824 -0.079696
64  -0.240489 2.066070 2.349267  -0.357331 2.461714 1.296076
65  -0.000089 7.721103 -0.000002  -0.208231 -0.126223 -0.116492
66  -0.000122 7.374868 -0.000046  -0.111017 0.046939 -0.046466
67  -0.000034 6.848060 -0.000026  0.273533 0.247522 0.299908
68  0.000038 7.777824 -0.000043  0.072921 0.186148 -0.052689
69  -0.000083 8.178051 0.000010  -0.087031 -0.422849 -0.381357
70  1.617601 3.431409 2.399265  -0.249454 2.569515 1.508568
71  -0.000159 5.476945 -0.000029  0.057729 0.074071 0.060287
72  -0.000094 6.060490 -0.000004  -0.015205 0.015650 -0.152067
73  0.000027 5.994239 0.000011  -0.126210 -0.157657 0.153303
74  -0.000080 7.076873 -0.000047  -0.008118 0.010384 0.036402
75  0.000005 7.089868 -0.000070  0.070875 0.098587 -0.025893
76  0.361110 0.886680 3.287746  -0.576369 1.978708 0.939011
77  -0.000066 6.686641 0.000223  -0.146568 0.414164 -0.327704
78  -0.000010 7.638019 0.000011  -0.079523 -0.025948 0.130953
79  -0.000032 7.290230 -0.000022  0.025325 -0.093908 0.023965
80  -0.000035 6.530368 0.000003  -0.261847 -0.300601 0.006734
81  0.000065 7.224879 0.000009  0.036505 0.032480 -0.175823
82  1.071896 3.225793 1.570115  -0.043805 2.859975 1.526244
83  0.000417 6.748909 -0.000065  -0.062703 0.083783 0.022203
84  -0.000050 8.002644 0.000028  -0.067497 -0.117209 -0.115600
85  0.000014 8.580572 -0.000098  0.088214 -0.007187 0.334606
86  0.000170 8.689829 -0.000043  0.065326 -0.412430 -0.134518
87  -1.514539 2.104634 0.318056  -0.024895 3.094491 1.569491
88  0.000191 6.982284 0.000012  -0.107588 -0.057625 -0.215715
89  -0.000010 8.382877 -0.000067  0.135030 -0.099914 0.287073
90  -0.000059 8.697669 0.000023  -0.148089 -0.510100 0.044838
91  -0.000135 8.921826 0.000079  -0.236828 -0.892635 0.098804
92  3.553612 -3.478048 2.409277  0.000821 0.762046 1.535304
93  -0.000000 4.476904 -0.000007  -0.151004 -0.588330 0.377259
94  0.000031 4.514122 -0.000023  -0.228868 -2.996200 0.592367
95  0.000043 4.518383 -0.000021  0.143171 2.612777 0.693383
96  0.000022 3.598328 0.000023  -0.749303 0.869852 -0.773233
97  4.209920 -0.440344 1.018822  -0.829989 -1.996261 -0.867254
98  4.265506 1.434232 -0.404988  -1.058989 -0.841740 -0.468703
99  9.400234 0.017941 0.083203  0.081163 -0.061770 -1.452363
100  10.242419 0.033585 0.064481  1.581417 -0.403855 0.062762
101  3.465853 -0.059680 0.016691  0.007025 -0.147617 -0.678280
102  1.655596 -0.000021 0.000021  -0.004069 -0.071171 -0.052263
103  0.960769 -0.000006 -0.000006  0.084974 0.070128 0.167839
104  3.462026 -0.064245 0.939907  0.364088 -0.268849 -0.603019
105  1.497180 -0.000002 0.000021  -0.485594 0.046184 0.010712
106  0.793756 0.000002 0.000002  -0.013580 0.006840 -0.056618
107  0.591661 -0.460691 0.835205  -0.528962 -0.766540 -1.088762
108  1.556139 0.000003 -0.000001  -0.375267 0.091111 0.329305
109  1.135904 0.000019 0.000001  0.080326 -0.126234 0.030118
110  3.084268 -0.668821 -1.257088  -0.736862 0.329620 -0.845569
111  1.064202 -0.000002 0.000009  0.013773 0.105719 -0.591721
112  0.640338 0.000005 -0.000007  -0.105090 -0.052048 -0.473402
113  3.396819 -0.242139 -0.708690  -0.395525 0.070009 -0.754439
114  1.532970 0.000006 0.000007  0.026398 0.010246 -0.364468
115  0.832976 -0.000004 -0.000003  -0.081082 -0.036650 -0.263463
116  4.209942 -0.440341 -1.019281  1.555949 2.093941 -0.193091
117  4.266744 1.424942 0.424937  2.453770 -0.034998 -0.499947
118  9.398564 0.011951 -0.082516  -0.024396 0.066598 -0.666921
119  10.242437 0.028177 -0.062909  -1.917179 -0.183498 0.435754
120  3.465751 -0.067525 0.002267  -0.245888 0.249549 -1.705957
121  1.655563 0.000006 0.000005  -0.146720 0.180792 -1.065648
122  0.960906 0.000005 0.000001  0.005162 0.154308 -0.764005
123  3.466856 -0.077779 -0.920910  -0.490002 0.119823 -1.702890
124  1.497258 -0.000035 -0.000025  -0.556257 0.303833 -0.947930
125  0.793788 -0.000004 -0.000005  -0.183883 0.342899 -0.698325
126  0.595080 -0.467151 -0.829177  2.468435 0.674681 -0.727810
127  1.555679 0.000014 -0.000002  0.632550 0.517310 1.164601
128  1.136812 -0.000011 -0.000004  0.578654 0.458657 1.086451
129  3.075976 -0.667967 1.277700  0.594190 0.284307 -1.426513
130  1.064595 0.000020 0.000008  0.028965 -0.118977 -0.860877
131  0.640360 -0.000016 -0.000002  -0.107151 -0.025798 -0.504055
132  3.392412 -0.245366 0.728378  0.124253 0.327116 -1.768263
133  1.532734 -0.000006 -0.000001  0.008255 0.016160 -0.787488
134  0.833150 0.000016 0.000005  -0.080741 -0.068035 -1.014990
135  3.590110 -3.090295 1.193971  1.635457 1.210566 1.548541
136  3.589561 -3.089884 -1.196373  -1.505736 1.210473 -1.592853
137  -0.436558 4.719025 -0.001077  -0.000236 -1.570733 1.693025
138  -0.000000 2.775457 -0.000235  -0.135089 0.000001 -0.000000
139  0.000000 3.189766 0.000009  0.207820 -0.000000 0.000000
140  -0.000000 3.504650 0.000044  -0.261876 0.000000 -0.000000
141  -0.000000 2.863201 -0.000001  -0.051268 -0.000000 0.000000
time 22
0  -1.355994 8.553999 33.597321  1.570862 0.000000 -0.000000
1  0.002636 43.025146 0.734438  0.029636 0.358657 -0.259605
2  3.061858 -4.181012 -0.610803  -2.252218 -0.751845 -0.592946
3  18.476774 0.000160 -0.000001  -0.025837 -0.096639 1.314446
4  17.490088 0.000117 0.000004  0.129852 0.338545 -1.483101
5  -3.065329 -4.183577 -0.611479  -1.481750 -0.762119 -1.987018
6  18.474854 -0.000031 -0.000006  0.002624 0.063955 0.819987
7  17.489582 0.001915 -0.000004  0.063432 -0.230675 -1.027040
8  -0.000116 -0.048887 -0.576225  1.612493 -0.072467 1.647528
9  3.224484 0.767048 0.000495  0.107199 0.053298 0.317743
10  3.223912 0.226397 -0.001944  0.098776 0.065012 0.250322
11  5.187320 -1.262561 -0.001177  0.000012 0.000066 0.194111
12  6.928410 -1.935316 -0.000227  -3.093431 0.119615 0.051173
13  3.236367 1.079620 0.000060  -0.328050 -0.079879 0.467645
14  0.833761 3.805353 0.692955  -0.040492 0.554885 1.469865
15  0.000039 6.792208 0.000040  0.007991 0.036071 -0.011407
16  -0.000075 7.744808 0.000014  -0.017442 -0.155305 0.068153
17  0.000072 7.809699 0.000017  -0.033637 0.005026 0.006142
18  -0.000021 7.867669 0.000017  -0.073329 -0.127910 0.026375
19  3.494697 -1.749092 -3.006912  0.152547 2.070420 1.936938
20  0.000117 4.478319 0.000020  -0.194658 0.310431 -0.234996
21  0.000049 4.636114 -0.000031  0.035819 0.324592 -0.151767
22  -0.000042 5.008651 0.000013  0.076000 -0.286565 0.276091
23  0.000065 4.781162 0.000012  0.904405 -2.690904 -0.015801
24  2.253036 1.989057 -3.350107  -1.523632 1.324495 0.112393
25  0.000163 6.589465 0.000167  0.206356 -0.002128 -0.080395
26  0.000043 7.491411 0.000042  -0.333516 0.184455 -0.191163
27  0.000027 7.660303 -0.000053  -0.063173 0.127194 -0.062119
28  0.000006 7.256269 0.000019  -0.052939 -0.487829 0.313813
29  -0.791162 2.265117 -1.234655  -0.753899 1.136376 0.824664
30  -0.000255 8.572263 -0.000089  -0.222844 -0.296789 0.176505
31  -0.000097 8.117209 0.000049  0.072258 0.772520 -0.285587
32  -0.000086 8.230040 -0.000073  -0.080496 -0.347232 0.072252
33  0.000060 7.366724 0.000053  -0.015392 -0.663893 0.062743
34  0.224214 0.240126 -3.218158  -0.877381 1.468889 0.577820
35  -0.000099 7.721048 -0.000309  -0.283829 0.060495 -0.167556
36  -0.000030 7.374849 -0.000005  0.007537 -0.195020 0.049540
37  0.000075 6.848101 0.000005  0.005484 0.006497 -0.033649
38  -0.000050 7.777864 0.000008  -0.186097 0.182474 -0.152847
39  -1.514468 2.104650 -1.150167  -0.029093 0.541320 1.555671
40  -0.000164 6.982342 -0.000077  -0.199699 -0.041214 0.153490
41  0.000037 8.382862 -0.000074  0.044867 0.587987 -0.257958
42  0.000015 8.697701 -0.000024  -0.102637 -0.474319 0.290942
43  0.000054 8.921806 -0.000003  -0.076257 0.581004 -0.195602
44  1.196190 2.899153 -2.353086  -0.449719 1.030105 1.287423
45  0.000104 5.476942 0.000006  0.285574 -0.099353 -0.038446
46  -0.000071 6.060432 -0.000089  -0.155019 -0.575032 0.384609
47  0.000021 5.994255 0.000029  0.033940 0.288574 -0.067730
48  -0.000009 6.100484 0.000000  -0.068407 0.299273 -0.162152
49  0.000036 6.916758 0.000010  -0.096318 0.220533 -0.107966
50  0.000150 6.435060 -0.000046  -0.037456 0.171630 -0.116573
51  1.092798 3.649513 -1.738794  -0.148600 0.876612 1.445020
52  -0.000129 6.792203 -0.000100  0.008284 0.107792 -0.048643
53  -0.000087 7.744770 -0.000029  0.057137 -0.256893 0.015458
54  0.000086 9.115026 -0.000037  -0.020393 0.256253 -0.142636
55  3.494513 -1.749102 3.007064  0.118400 1.106974 1.813803
56  0.000013 4.323836 0.000089  -0.229908 -0.770943 0.449224
57  0.000029 4.872896 -0.000021  0.367245 -0.664052 -0.254033
58  0.000004 5.056652 0.000095  -0.511237 0.856585 -0.546326
59  2.292462 1.708612 3.661675  -1.762559 1.789109 -0.218978
60  -0.000174 6.589437 0.000272  -0.007132 -0.169123 0.176911
61  0.000173 7.491493 -0.000145  -0.132413 -0.107097 0.179327
62  -0.000138 8.249657 0.000142  0.041912 -0.058209 0.015813
63  0.000071 8.605236 -0.000028  0.101585 0.501824 -0.079696
64  -0.240493 2.066070 2.349267  -0.357330 2.461714 1.296076
65  -0.000087 7.721103 -0.000003  -0.208231 -0.126223 -0.116492
66  -0.000122 7.374867 -0.000048  -0.111017 0.046940 -0.046466
67  -0.000036 6.848056 -0.000027  0.273533 0.247522 0.299908
68  0.000034 7.777823 -0.000044  0.072921 0.186148 -0.052689
69  -0.000083 8.178053 0.000011  -0.087031 -0.422849 -0.381357
70  1.617601 3.431410 2.399265  -0.249453 2.569515 1.508568
71  -0.000162 5.476951 -0.000030  0.057729 0.074071 0.060287
72  -0.000096 6.060493 -0.000007  -0.015205 0.015650 -0.152067
73  0.000028 5.994255 0.000011  -0.126211 -0.157658 0.153303
74  -0.000076 7.076884 -0.000048  -0.008118 0.010384 0.036402
75  0.000005 7.089869 -0.000071  0.070875 0.098587 -0.025893
76  0.361111 0.886684 3.287746  -0.576369 1.978708 0.939011
77  -0.000068 6.686646 0.000224  -0.146568 0.414164 -0.327704
78  -0.000010 7.638013 0.000013  -0.079523 -0.025948 0.130953
79  -0.000032 7.290231 -0.000024  0.025325 -0.093908 0.023965
80  -0.000033 6.530371 0.000004  -0.261847 -0.300601 0.006734
81  0.000064 7.224885 0.000010  0.036505 0.032480 -0.175823
82  1.071896 3.225796 1.570115  -0.043805 2.859975 1.526244
83  0.000418 6.748901 -0.000068  -0.062703 0.083783 0.022203
84  -0.000053 8.002643 0.000027  -0.067497 -0.117209 -0.115600
85  0.000015 8.580570 -0.000097  0.088214 -0.007187 0.334606
86  0.000172 8.689834 -0.000042  0.065326 -0.412430 -0.134518
87  -1.514538 2.104638 0.318055  -0.024895 3.094491 1.569491
88  0.000195 6.982285 0.000012  -0.107588 -0.057625 -0.215715
89  -0.000008 8.382867 -0.000068  0.135030 -0.099914 0.287073
90  -0.000063 8.697673 0.000022  -0.148089 -0.510100 0.044838
91  -0.000134 8.921824 0.000081  -0.236828 -0.892635 0.098804
92  3.553615 -3.478045 2.409277  0.000821 0.762046 1.535304
93  -0.000005 4.476908 -0.000007  -0.151004 -0.588330 0.377259
94  0.000029 4.514124 -0.000023  -0.228868 -2.996200 0.592367
95  0.000043 4.518386 -0.000024  0.143171 2.612777 0.693383
96  0.000023 3.598329 0.000024  -0.749303 0.869851 -0.773233
97  4.209917 -0.440344 1.018823  -0.851559 -1.991766 -0.847461
98  4.265501 1.434228 -0.404986  -1.016363 -0.824176 -0.528154
99  9.400240 0.017940 0.083200  0.087484 -0.058332 -1.547419
100  10.242420 0.033591 0.064481  1.627340 -0.362345 0.045054
101  3.465856 -0.059680 0.016695  0.009869 -0.151399 -0.697001
102  1.655596 -0.000020 0.000019  -0.003445 -0.074715 -0.069099
103  0.960771 -0.000002 -0.000004  0.084615 0.067017 0.149670
104  3.462029 -0.064245 0.939916  0.365206 -0.270181 -0.614823
105  1.497177 -0.000012 0.000019  -0.486197 0.039190 -0.006328
106  0.793759 0.000001 -0.000000  -0.013943 0.008523 -0.074134
107  0.591662 -0.460691 0.835212  -0.528675 -0.762900 -1.090292
108  1.556139 0.000000 0.000004  -0.375555 0.093947 0.334101
109  1.135904 0.000019 0.000001  0.080877 -0.125489 0.033449
110  3.084269 -0.668822 -1.257079  -0.738110 0.328969 -0.848341
111  1.064199 -0.000006 0.000008  0.012506 0.107193 -0.608158
112  0.640337 0.000003 -0.000008  -0.105415 -0.053217 -0.491484
113  3.396823 -0.242138 -0.708682  -0.395388 0.067434 -0.761133
114  1.532968 0.000008 0.000004  0.025561 0.009331 -0.410310
115  0.832976 -0.000002 -0.000005  -0.082208 -0.043175 -0.309664
116  4.209941 -0.440343 -1.019278  1.532917 2.095986 -0.213053
117  4.266744 1.424941 0.424940  2.447987 -0.001214 -0.412096
118  9.398571 0.011948 -0.082516  -0.026537 0.067349 -0.696168
119  10.242441 0.028176 -0.062904  -1.941651 -0.117125 0.424350
120  3.465750 -0.067532 0.002266  -0.245644 0.249613 -1.704840
121  1.655552 0.000005 0.000005  -0.147238 0.180931 -1.068624
122  0.960910 0.000008 0.000000  0.004493 0.154933 -0.767457
123  3.466857 -0.077785 -0.920910  -0.489992 0.119848 -1.702783
124  1.497256 -0.000032 -0.000023  -0.556963 0.304415 -0.950189
125  0.793790 -0.000008 -0.000005  -0.184984 0.344190 -0.700323
126  0.595077 -0.467150 -0.829176  2.468466 0.674658 -0.727677
127  1.555673 0.000014 -0.000003  0.632770 0.517409 1.164827
128  1.136815 -0.000009 -0.000001  0.578651 0.458657 1.086447
129  3.075972 -0.667966 1.277699  0.594487 0.283023 -1.424985
130  1.064595 0.000018 0.000009  0.028893 -0.118932 -0.860081
131  0.640363 -0.000015 -0.000004  -0.107089 -0.025724 -0.503163
132  3.392414 -0.245372 0.728374  0.124314 0.327060 -1.768077
133  1.532739 -0.000008 -0.000000  0.008243 0.016175 -0.788151
134  0.833153 0.000002 0.000005  -0.080829 -0.068130 -1.015656
135  3.590105 -3.090295 1.193972  1.635457 1.210566 1.548541
136  3.589557 -3.089881 -1.196373  -1.505736 1.210473 -1.592853
137  -0.436563 4.719023 -0.001076  -0.000532 -1.570733 1.693144
138  0.000000 2.775454 -0.000237  -0.135089 0.000001 -0.000000
139  0.000001 3.189768 0.000003  0.207820 -0.000000 0.000000
140  -0.000001 3.504651 0.000043  -0.261876 0.000000 -0.000000
141  0.000001 2.863199 0.000000  -0.051268 0.000000 0.000000
time 23
0  -0.309846 8.867856 34.183495  1.570862 0.000000 -0.000000
1  0.002636 43.025146 0.734438  0.016966 0.274805 -0.250465
2  3.061859 -4.181009 -0.610803  -2.144480 -0.687572 -0.686315
3  18.476774 0.000158 -0.000001  -0.024365 -0.095352 1.290518
4  17.490086 0.000117 0.000004  0.127286 0.387022 -1.527638
5  -3.065328 -4.183576 -0.611480  -1.588270 -0.723727 -1.845013
6  18.474852 -0.000033 -0.000006  0.006119 0.071791 0.924933
7  17.489584 0.001915 -0.000006  0.032454 -0.195487 -1.161855
8  -0.000116 -0.048881 -0.576226  1.614548 -0.061653 1.639943
9  3.224484 0.767046 0.000495  0.107937 0.048880 0.301805
10  3.223910 0.226399 -0.001944  0.097250 0.057240 0.238248
11  5.187320 -1.262559 -0.001176  0.000012 0.000066 0.194111
12  6.928410 -1.935309 -0.000229  -3.077521 0.107093 0.077900
13  3.236363 1.079618 0.000056  -0.292272 0.005723 0.392817
14  0.833763 3.805354 0.692955  -0.040492 0.554885 1.469865
15  0.000041 6.792204 0.000038  0.007991 0.036071 -0.011407
16  -0.000070 7.744823 0.000014  -0.017442 -0.155305 0.068153
17  0.000073 7.809704 0.000017  -0.033637 0.005026 0.006142
18  -0.000027 7.867671 0.000018  -0.073329 -0.127910 0.026376
19  3.494700 -1.749096 -3.006912  0.152547 2.070420 1.936938
20  0.000118 4.478315 0.000018  -0.194658 0.310431 -0.234996
21  0.000048 4.636118 -0.000030  0.035819 0.324592 -0.151767
22  -0.000044 5.008649 0.000013  0.076000 -0.286564 0.276091
23  0.000062 4.781162 0.000011  0.904405 -2.690904 -0.015801
24  2.253043 1.989059 -3.350107  -1.523632 1.324495 0.112393
25  0.000160 6.589468 0.000169  0.206356 -0.002128 -0.080395
26  0.000042 7.491416 0.000041  -0.333516 0.184455 -0.191163
27  0.000027 7.660311 -0.000054  -0.063173 0.127194 -0.062119
28  0.000006 7.256270 0.000019  -0.052939 -0.487829 0.313813
29  -0.791158 2.265118 -1.234656  -0.753899 1.136376 0.824664
30  -0.000256 8.572257 -0.000092  -0.222844 -0.296789 0.176505
31  -0.000094 8.117203 0.000050  0.072258 0.772520 -0.285587
32  -0.000080 8.230032 -0.000073  -0.080495 -0.347232 0.072252
33  0.000059 7.366727 0.000053  -0.015393 -0.663893 0.062743
34  0.224215 0.240127 -3.218158  -0.877382 1.468889 0.577820
35  -0.000102 7.721056 -0.000305  -0.283829 0.060495 -0.167556
36  -0.000030 7.374858 -0.000002  0.007537 -0.195020 0.049540
37  0.000074 6.848107 0.000009  0.005484 0.006497 -0.033649
38  -0.000052 7.777863 0.000009  -0.186097 0.182474 -0.152847
39  -1.514466 2.104649 -1.150167  -0.029093 0.541320 1.555671
40  -0.000167 6.982347 -0.000078  -0.199699 -0.041214 0.153490
41  0.000038 8.382862 -0.000072  0.044867 0.587987 -0.257958
42  0.000016 8.697700 -0.000028  -0.102637 -0.474319 0.290942
43  0.000060 8.921800 -0.000002  -0.076257 0.581004 -0.195602
44  1.196192 2.899155 -2.353086  -0.449719 1.030105 1.287423
45  0.000106 5.476943 0.000007  0.285574 -0.099353 -0.038446
46  -0.000072 6.060436 -0.000092  -0.155019 -0.575032 0.384609
47  0.000020 5.994261 0.000030  0.033940 0.288574 -0.067730
48  -0.000006 6.100486 0.000003  -0.068407 0.299273 -0.162152
49  0.000035 6.916758 0.000008  -0.096318 0.220533 -0.107966
50  0.000151 6.435060 -0.000045  -0.037456 0.171630 -0.116573
51  1.092799 3.649515 -1.738795  -0.148600 0.876612 1.445020
52  -0.000124 6.792196 -0.000103  0.008285 0.107792 -0.048643
53  -0.000087 7.744779 -0.000034  0.057137 -0.256893 0.015458
54  0.000084 9.115024 -0.000038  -0.020393 0.256253 -0.142636
55  3.494516 -1.749104 3.007063  0.118400 1.106974 1.813803
56  0.000015 4.323838 0.000085  -0.229908 -0.770943 0.449224
57  0.000029 4.872899 -0.000022  0.367245 -0.664052 -0.254033
58  0.000005 5.056649 0.000092  -0.511238 0.856585 -0.546325
59  2.292464 1.708613 3.661675  -1.762559 1.789109 -0.218979
60  -0.000174 6.589441 0.000271  -0.007132 -0.169123 0.176911
61  0.000174 7.491502 -0.000156  -0.132413 -0.107097 0.179327
62  -0.000141 8.249658 0.000146  0.041912 -0.058209 0.015813
63  0.000073 8.605237 -0.000024  0.101585 0.501824 -0.079696
64  -0.240483 2.066073 2.349267  -0.357331 2.461714 1.296076
65  -0.000088 7.721100 -0.000005  -0.208231 -0.126223 -0.116492
66  -0.000124 7.374865 -0.000047  -0.111017 0.046939 -0.046466
67  -0.000037 6.848060 -0.000026  0.273533 0.247522 0.299909
68  0.000031 7.777822 -0.000043  0.072921 0.186148 -0.052689
69  -0.000085 8.178049 0.000010  -0.087031 -0.422849 -0.381357
70  1.617606 3.431409 2.399265  -0.249453 2.569515 1.508568
71  -0.000164 5.476943 -0.000030  0.057729 0.074071 0.060287
72  -0.000092 6.060492 -0.000005  -0.015205 0.015650 -0.152067
73  0.000025 5.994247 0.000011  -0.126210 -0.157657 0.153303
74  -0.000080 7.076875 -0.000047  -0.008118 0.010385 0.036402
75  0.000005 7.089868 -0.000070  0.070875 0.098587 -0.025893
76  0.361111 0.886681 3.287745  -0.576369 1.978708 0.939011
77  -0.000067 6.686646 0.000224  -0.146568 0.414164 -0.327704
78  -0.000011 7.638019 0.000014  -0.079524 -0.025948 0.130953
79  -0.000032 7.290230 -0.000022  0.025325 -0.093908 0.023965
80  -0.000032 6.530370 0.000005  -0.261847 -0.300601 0.006734
81  0.000065 7.224888 0.000008  0.036505 0.032480 -0.175823
82  1.071897 3.225794 1.570114  -0.043805 2.859975 1.526244
83  0.000416 6.748897 -0.000066  -0.062703 0.083783 0.022203
84  -0.000045 8.002645 0.000027  -0.067497 -0.117209 -0.115600
85  0.000009 8.580567 -0.000097  0.088214 -0.007187 0.334606
86  0.000174 8.689835 -0.000040  0.065326 -0.412430 -0.134518
87  -1.514535 2.104637 0.318055  -0.024895 3.094491 1.569491
88  0.000195 6.982284 0.000011  -0.107588 -0.057625 -0.215715
89  -0.000010 8.382873 -0.000068  0.135030 -0.099914 0.287073
90  -0.000060 8.697678 0.000023  -0.148089 -0.510100 0.044838
91  -0.000137 8.921825 0.000078  -0.236828 -0.892635 0.098804
92  3.553618 -3.478045 2.409277  0.000821 0.762046 1.535304
93  0.000001 4.476900 -0.000009  -0.151004 -0.588330 0.377259
94  0.000030 4.514123 -0.000023  -0.228868 -2.996200 0.592367
95  0.000044 4.518389 -0.000021  0.143171 2.612777 0.693383
96  0.000019 3.598334 0.000023  -0.749303 0.869851 -0.773233
97  4.209921 -0.440343 1.018822  -0.875405 -1.987384 -0.825318
98  4.265506 1.434230 -0.404993  -1.004212 -0.764977 -0.559549
99  9.400241 0.017940 0.083203  0.093174 -0.054514 -1.637917
100  10.242420 0.033592 0.064478  1.672338 -0.319204 0.029948
101  3.465856 -0.059681 0.016695  0.012520 -0.154687 -0.713848
102  1.655594 -0.000022 0.000020  -0.002624 -0.078861 -0.089141
103  0.960770 0.000001 -0.000005  0.083956 0.063791 0.129976
104  3.462030 -0.064248 0.939910  0.366063 -0.270931 -0.624861
105  1.497177 -0.000015 0.000026  -0.486848 0.031295 -0.025520
106  0.793759 0.000005 0.000002  -0.014359 0.010292 -0.092680
107  0.591664 -0.460693 0.835210  -0.530502 -0.758860 -1.088683
108  1.556140 0.000003 -0.000006  -0.375333 0.097058 0.339515
109  1.135904 0.000019 -0.000004  0.081198 -0.124560 0.037460
110  3.084271 -0.668822 -1.257082  -0.738763 0.328040 -0.850377
111  1.064202 -0.000002 0.000007  0.011078 0.108723 -0.625654
112  0.640337 0.000007 -0.000005  -0.105546 -0.053994 -0.508642
113  3.396823 -0.242139 -0.708685  -0.395018 0.064927 -0.766906
114  1.532969 0.000009 0.000010  0.024777 0.008378 -0.457319
115  0.832976 -0.000004 0.000000  -0.082800 -0.049469 -0.355847
116  4.209944 -0.440341 -1.019281  1.506895 2.098572 -0.235452
117  4.266747 1.424943 0.424937  2.403593 0.048785 -0.340381
118  9.398571 0.011949 -0.082513  -0.028067 0.067843 -0.716897
119  10.242437 0.028176 -0.062913  -1.971334 -0.048268 0.411238
120  3.465750 -0.067527 0.002267  -0.245358 0.249593 -1.703545
121  1.655560 0.000003 0.000006  -0.147826 0.181095 -1.072038
122  0.960907 0.000000 -0.000002  0.003808 0.155661 -0.771375
123  3.466856 -0.077776 -0.920909  -0.489982 0.119873 -1.702677
124  1.497260 -0.000029 -0.000024  -0.557780 0.305082 -0.952818
125  0.793789 -0.000008 -0.000005  -0.186156 0.345647 -0.702544
126  0.595078 -0.467146 -0.829175  2.468499 0.674634 -0.727545
127  1.555676 0.000017 -0.000003  0.632915 0.517496 1.165020
128  1.136810 -0.000011 -0.000000  0.578647 0.458656 1.086443
129  3.075976 -0.667964 1.277699  0.594776 0.281526 -1.423157
130  1.064601 0.000017 0.000010  0.028807 -0.118879 -0.859153
131  0.640364 -0.000019 -0.000003  -0.107014 -0.025691 -0.502135
132  3.392411 -0.245365 0.728377  0.124375 0.327003 -1.767892
133  1.532736 -0.000014 -0.000003  0.008211 0.016183 -0.788946
134  0.833151 0.000010 0.000006  -0.080868 -0.068190 -1.016459
135  3.590109 -3.090292 1.193973  1.635457 1.210566 1.548541
136  3.589561 -3.089882 -1.196372  -1.505736 1.210473 -1.592853
137  -0.436561 4.719027 -0.001075  -0.000679 -1.570733 1.692939
138  -0.000001 2.775449 -0.000235  -0.135089 0.000001 -0.000000
139  -0.000000 3.189767 0.000007  0.207820 -0.000000 0.000000
140  0.000000 3.504649 0.000046  -0.261876 0.000000 -0.000000
141  -0.000000 2.863203 -0.000004  -0.051268 0.000000 -0.000000
time 24
0  0.605732 9.117929 34.729088  1.570862 0.000000 -0.000000
1  0.002636 43.025146 0.734438  0.016745 0.181864 -0.238984
2  3.061858 -4.181014 -0.610804  -2.034792 -0.622834 -0.773457
3  18.476772 0.000160 0.000001  -0.022205 -0.093345 1.254420
4  17.490088 0.000118 0.000003  0.112951 0.451026 -1.582383
5  -3.065330 -4.183574 -0.611480  -1.676619 -0.666506 -1.697102
6  18.474854 -0.000032 -0.000006  0.010999 0.080092 1.042787
7  17.489584 0.001916 -0.000007  -0.038100 -0.167736 -1.291355
8  -0.000117 -0.048882 -0.576226  1.612769 -0.047779 1.630574
9  3.224478 0.767047 0.000495  0.104503 0.043343 0.282088
10  3.223911 0.226397 -0.001944  0.091470 0.048549 0.224079
11  5.187315 -1.262560 -0.001177  0.000012 0.000066 0.194111
12  6.928408 -1.935313 -0.000227  -3.061691 0.085261 0.101781
13  3.236363 1.079611 0.000057  -0.240893 0.078261 0.318468
14  0.833760 3.805358 0.692956  -0.040492 0.554885 1.469865
15  0.000038 6.792212 0.000040  0.007991 0.036071 -0.011407
16  -0.000067 7.744818 0.000015  -0.017442 -0.155305 0.068153
17  0.000074 7.809710 0.000015  -0.033637 0.005026 0.006142
18  -0.000026 7.867671 0.000017  -0.073329 -0.127910 0.026375
19  3.494701 -1.749088 -3.006912  0.152547 2.070420 1.936938
20  0.000120 4.478325 0.000020  -0.194658 0.310431 -0.234996
21  0.000049 4.636116 -0.000029  0.035819 0.324592 -0.151767
22  -0.000042 5.008652 0.000012  0.076000 -0.286564 0.276091
23  0.000063 4.781160 0.000010  0.904405 -2.690904 -0.015801
24  2.253042 1.989065 -3.350106  -1.523632 1.324495 0.112393
25  0.000163 6.589463 0.000167  0.206356 -0.002128 -0.080395
26  0.000042 7.491415 0.000044  -0.333516 0.184455 -0.191163
27  0.000024 7.660303 -0.000057  -0.063173 0.127194 -0.062119
28  0.000006 7.256264 0.000020  -0.052939 -0.487829 0.313813
29  -0.791163 2.265123 -1.234655  -0.753899 1.136376 0.824664
30  -0.000259 8.572257 -0.000088  -0.222844 -0.296789 0.176505
31  -0.000096 8.117207 0.000047  0.072258 0.772520 -0.285587
32  -0.000084 8.230028 -0.000071  -0.080495 -0.347232 0.072252
33  0.000061 7.366725 0.000054  -0.015393 -0.663893 0.062743
34  0.224214 0.240128 -3.218158  -0.877381 1.468889 0.577820
35  -0.000102 7.721054 -0.000304  -0.283829 0.060495 -0.167556
36  -0.000031 7.374854 -0.000005  0.007537 -0.195020 0.049540
37  0.000075 6.848097 0.000007  0.005484 0.006497 -0.033649
38  -0.000051 7.777863 0.000010  -0.186097 0.182474 -0.152847
39  -1.514468 2.104654 -1.150167  -0.029093 0.541320 1.555671
40  -0.000166 6.982349 -0.000077  -0.199699 -0.041214 0.153490
41  0.000039 8.382865 -0.000072  0.044867 0.587987 -0.257958
42  0.000014 8.697703 -0.000024  -0.102637 -0.474319 0.290942
43  0.000056 8.921807 -0.000004  -0.076257 0.581004 -0.195602
44  1.196190 2.899158 -2.353086  -0.449719 1.030105 1.287423
45  0.000108 5.476940 0.000005  0.285574 -0.099353 -0.038446
46  -0.000073 6.060439 -0.000090  -0.155019 -0.575032 0.384609
47  0.000018 5.994261 0.000031  0.033940 0.288574 -0.067730
48  -0.000009 6.100488 0.000002  -0.068407 0.299273 -0.162152
49  0.000034 6.916763 0.000006  -0.096318 0.220533 -0.107966
50  0.000147 6.435065 -0.000047  -0.037456 0.171630 -0.116573
51  1.092796 3.649516 -1.738794  -0.148600 0.876612 1.445020
52  -0.000128 6.792202 -0.000101  0.008284 0.107792 -0.048643
53  -0.000088 7.744776 -0.000030  0.057137 -0.256893 0.015458
54  0.000083 9.115019 -0.000036  -0.020393 0.256253 -0.142636
55  3.494516 -1.749096 3.007064  0.118400 1.106974 1.813803
56  0.000014 4.323839 0.000087  -0.229908 -0.770943 0.449223
57  0.000029 4.872899 -0.000020  0.367245 -0.664052 -0.254033
58  0.000002 5.056653 0.000093  -0.511238 0.856585 -0.546325
59  2.292461 1.708616 3.661675  -1.762559 1.789109 -0.218978
60  -0.000172 6.589445 0.000275  -0.007132 -0.169123 0.176911
61  0.000173 7.491492 -0.000145  -0.132413 -0.107097 0.179327
62  -0.000139 8.249660 0.000144  0.041913 -0.058209 0.015813
63  0.000073 8.605235 -0.000028  0.101585 0.501824 -0.079696
64  -0.240490 2.066076 2.349267  -0.357331 2.461714 1.296076
65  -0.000087 7.721107 -0.000002  -0.208231 -0.126223 -0.116492
66  -0.000123 7.374864 -0.000047  -0.111017 0.046939 -0.046466
67  -0.000036 6.848066 -0.000026  0.273533 0.247522 0.299909
68  0.000038 7.777825 -0.000044  0.072921 0.186148 -0.052689
69  -0.000085 8.178052 0.000012  -0.087031 -0.422849 -0.381357
70  1.617600 3.431414 2.399265  -0.249454 2.569515 1.508568
71  -0.000168 5.476945 -0.000028  0.057729 0.074071 0.060287
72  -0.000092 6.060497 -0.000006  -0.015205 0.015650 -0.152066
73  0.000029 5.994257 0.000012  -0.126210 -0.157657 0.153303
74  -0.000078 7.076874 -0.000045  -0.008118 0.010385 0.036402
75  0.000003 7.089868 -0.000071  0.070875 0.098587 -0.025893
76  0.361109 0.886683 3.287746  -0.576369 1.978708 0.939011
77  -0.000066 6.686643 0.000223  -0.146568 0.414164 -0.327704
78  -0.000013 7.638017 0.000014  -0.079523 -0.025948 0.130953
79  -0.000034 7.290227 -0.000022  0.025325 -0.093908 0.023965
80  -0.000030 6.530368 0.000005  -0.261847 -0.300601 0.006734
81  0.000064 7.224879 0.000008  0.036505 0.032481 -0.175823
82  1.071897 3.225802 1.570115  -0.043805 2.859975 1.526244
83  0.000407 6.748902 -0.000066  -0.062703 0.083783 0.022203
84  -0.000049 8.002645 0.000026  -0.067497 -0.117209 -0.115600
85  0.000012 8.580575 -0.000096  0.088214 -0.007187 0.334606
86  0.000171 8.689830 -0.000040  0.065326 -0.412430 -0.134518
87  -1.514535 2.104644 0.318055  -0.024895 3.094491 1.569491
88  0.000189 6.982284 0.000012  -0.107588 -0.057625 -0.215715
89  -0.000012 8.382869 -0.000068  0.135030 -0.099914 0.287073
90  -0.000062 8.697672 0.000024  -0.148089 -0.510100 0.044838
91  -0.000137 8.921824 0.000081  -0.236828 -0.892635 0.098804
92  3.553613 -3.478043 2.409277  0.000821 0.762046 1.535304
93  -0.000004 4.476905 -0.000007  -0.151004 -0.588330 0.377259
94  0.000034 4.514121 -0.000024  -0.228868 -2.996200 0.592367
95  0.000046 4.518388 -0.000020  0.143171 2.612777 0.693383
96  0.000022 3.598325 0.000025  -0.749303 0.869851 -0.773233
97  4.209919 -0.440347 1.018824  -0.901268 -1.983599 -0.801153
98  4.265504 1.434235 -0.404991  -1.013155 -0.690461 -0.575391
99  9.400233 0.017943 0.083203  0.098052 -0.050589 -1.720597
100  10.242420 0.033589 0.064481  1.710433 -0.275584 0.020581
101  3.465856 -0.059680 0.016696  0.014455 -0.157089 -0.725558
102  1.655595 -0.000019 0.000024  -0.001727 -0.083692 -0.113311
103  0.960768 -0.000004 -0.000003  0.082978 0.060648 0.109777
104  3.462028 -0.064247 0.939912  0.366048 -0.270322 -0.630410
105  1.497178 -0.000013 0.000018  -0.487233 0.022419 -0.046440
106  0.793760 0.000004 -0.000001  -0.014668 0.011913 -0.110866
107  0.591661 -0.460693 0.835210  -0.536487 -0.754705 -1.080846
108  1.556141 0.000000 -0.000002  -0.374148 0.100499 0.345568
109  1.135904 0.000018 0.000001  0.081016 -0.123117 0.042361
110  3.084269 -0.668823 -1.257083  -0.738139 0.326701 -0.850411
111  1.064202 -0.000004 0.000005  0.009640 0.110175 -0.643203
112  0.640337 0.000004 -0.000010  -0.105219 -0.054058 -0.521911
113  3.396822 -0.242138 -0.708684  -0.394086 0.062791 -0.770158
114  1.532968 0.000007 0.000007  0.024078 0.007481 -0.503394
115  0.832975 -0.000002 -0.000002  -0.082682 -0.054840 -0.398877
116  4.209942 -0.440346 -1.019279  1.481322 2.101683 -0.257414
117  4.266746 1.424941 0.424935  2.347147 0.108018 -0.283327
118  9.398567 0.011950 -0.082516  -0.029746 0.068346 -0.739496
119  10.242435 0.028172 -0.062911  -1.997980 0.016990 0.394345
120  3.465749 -0.067523 0.002267  -0.245083 0.249659 -1.702257
121  1.655559 0.000003 0.000006  -0.148401 0.181218 -1.075603
122  0.960906 0.000009 -0.000001  0.003063 0.156474 -0.775489
123  3.466854 -0.077779 -0.920910  -0.489972 0.119898 -1.702571
124  1.497257 -0.000033 -0.000023  -0.558651 0.305684 -0.955545
125  0.793788 -0.000005 0.000002  -0.187482 0.347185 -0.704940
126  0.595081 -0.467151 -0.829177  2.468532 0.674611 -0.727413
127  1.555670 0.000018 -0.000005  0.633059 0.517582 1.165212
128  1.136814 -0.000011 0.000002  0.578642 0.458652 1.086437
129  3.075974 -0.667963 1.277700  0.595097 0.279877 -1.421283
130  1.064597 0.000018 0.000012  0.028732 -0.118852 -0.858191
131  0.640361 -0.000014 -0.000002  -0.106953 -0.025600 -0.501115
132  3.392414 -0.245368 0.728374  0.124436 0.326946 -1.767706
133  1.532739 -0.000006 -0.000002  0.008178 0.016191 -0.789741
134  0.833151 0.000011 0.000005  -0.080927 -0.068227 -1.017295
135  3.590108 -3.090296 1.193972  1.635457 1.210566 1.548541
136  3.589553 -3.089880 -1.196373  -1.505736 1.210473 -1.592853
137  -0.436564 4.719027 -0.001076  0.000004 -1.570733 1.693519
138  -0.000000 2.775450 -0.000232  -0.135089 0.000001 -0.000000
139  -0.000000 3.189772 0.000009  0.207820 -0.000000 0.000000
140  -0.000001 3.504651 0.000046  -0.261876 0.000000 -0.000000
141  -0.000001 2.863197 -0.000002  -0.051268 -0.000000 0.000000
time 25
0  1.046502 9.154812 35.291145  1.570862 0.000000 -0.000000
1  0.002636 43.025146 0.734438  0.020094 0.093441 -0.227898
2  3.061857 -4.181016 -0.610804  -1.930984 -0.544326 -0.842221
3  18.476776 0.000159 0.000001  -0.018303 -0.089320 1.185817
4  17.490086 0.000117 0.000003  0.073125 0.537010 -1.650415
5  -3.065330 -4.183582 -0.611480  -1.742154 -0.590721 -1.569936
6  18.474855 -0.000034 -0.000008  0.015618 0.086317 1.137670
7  17.489586 0.001916 -0.000007  -0.079650 -0.111522 -1.402292
8  -0.000117 -0.048887 -0.576226  1.611212 -0.032913 1.621660
9  3.224483 0.767046 0.000496  0.102231 0.038306 0.261422
10  3.223914 0.226399 -0.001944  0.086962 0.040347 0.210145
11  5.187321 -1.262561 -0.001177  0.000012 0.000066 0.194111
12  6.928411 -1.935309 -0.000228  -3.049097 0.056516 0.116142
13  3.236365 1.079608 0.000057  -0.207176 0.081811 0.258268
14  0.833765 3.805353 0.692957  -0.040492 0.554885 1.469865
15  0.000041 6.792213 0.000036  0.007991 0.036071 -0.011407
16  -0.000068 7.744817 0.000015  -0.017442 -0.155305 0.068153
17  0.000073 7.809698 0.000019  -0.033637 0.005026 0.006142
18  -0.000025 7.867674 0.000016  -0.073329 -0.127910 0.026375
19  3.494704 -1.749093 -3.006911  0.152547 2.070420 1.936938
20  0.000119 4.478312 0.000019  -0.194658 0.310431 -0.234996
21  0.000047 4.636115 -0.000029  0.035819 0.324592 -0.151767
22  -0.000042 5.008646 0.000013  0.076000 -0.286564 0.276091
23  0.000063 4.781164 0.000010  0.904405 -2.690904 -0.015801
24  2.253040 1.989055 -3.350106  -1.523632 1.324495 0.112393
25  0.000161 6.589466 0.000168  0.206356 -0.002128 -0.080395
26  0.000042 7.491418 0.000040  -0.333516 0.184455 -0.191163
27  0.000025 7.660305 -0.000060  -0.063173 0.127195 -0.062119
28  0.000007 7.256275 0.000019  -0.052939 -0.487829 0.313813
29  -0.791160 2.265115 -1.234655  -0.753899 1.136376 0.824664
30  -0.000256 8.572263 -0.000090  -0.222844 -0.296789 0.176505
31  -0.000096 8.117210 0.000047  0.072258 0.772520 -0.285587
32  -0.000083 8.230031 -0.000072  -0.080496 -0.347232 0.072252
33  0.000058 7.366727 0.000056  -0.015392 -0.663893 0.062743
34  0.224217 0.240123 -3.218157  -0.877381 1.468889 0.577820
35  -0.000101 7.721054 -0.000312  -0.283829 0.060495 -0.167556
36  -0.000031 7.374847 -0.000004  0.007537 -0.195020 0.049539
37  0.000076 6.848102 0.000004  0.005484 0.006497 -0.033649
38  -0.000051 7.777865 0.000008  -0.186097 0.182474 -0.152847
39  -1.514463 2.104646 -1.150167  -0.029093 0.541320 1.555671
40  -0.000170 6.982353 -0.000076  -0.199699 -0.041214 0.153490
41  0.000039 8.382854 -0.000072  0.044867 0.587987 -0.257958
42  0.000010 8.697703 -0.000025  -0.102637 -0.474319 0.290942
43  0.000057 8.921803 -0.000004  -0.076257 0.581004 -0.195602
44  1.196195 2.899150 -2.353086  -0.449719 1.030105 1.287423
45  0.000107 5.476940 0.000007  0.285574 -0.099353 -0.038446
46  -0.000075 6.060436 -0.000085  -0.155019 -0.575032 0.384609
47  0.000016 5.994261 0.000029  0.033940 0.288574 -0.067730
48  -0.000008 6.100486 0.000006  -0.068407 0.299273 -0.162152
49  0.000032 6.916757 0.000008  -0.096318 0.220533 -0.107966
50  0.000150 6.435058 -0.000046  -0.037456 0.171630 -0.116573
51  1.092796 3.649510 -1.738793  -0.148600 0.876612 1.445020
52  -0.000126 6.792192 -0.000103  0.008285 0.107792 -0.048643
53  -0.000086 7.744779 -0.000031  0.057137 -0.256893 0.015458
54  0.000084 9.115021 -0.000038  -0.020393 0.256253 -0.142636
55  3.494514 -1.749108 3.007064  0.118400 1.106974 1.813803
56  0.000014 4.323847 0.000088  -0.229908 -0.770943 0.449224
57  0.000028 4.872895 -0.000020  0.367245 -0.664052 -0.254033
58  0.000004 5.056660 0.000090  -0.511237 0.856585 -0.546325
59  2.292467 1.708612 3.661675  -1.762559 1.789109 -0.218978
60  -0.000173 6.589436 0.000274  -0.007133 -0.169123 0.176911
61  0.000170 7.491502 -0.000150  -0.132413 -0.107097 0.179327
62  -0.000139 8.249662 0.000142  0.041912 -0.058209 0.015813
63  0.000071 8.605238 -0.000033  0.101585 0.501824 -0.079696
64  -0.240483 2.066070 2.349268  -0.357330 2.461714 1.296076
65  -0.000086 7.721108 -0.000004  -0.208231 -0.126223 -0.116492
66  -0.000121 7.374863 -0.000046  -0.111017 0.046939 -0.046466
67  -0.000034 6.848063 -0.000027  0.273533 0.247522 0.299909
68  0.000034 7.777821 -0.000044  0.072921 0.186148 -0.052689
69  -0.000089 8.178051 0.000012  -0.087031 -0.422849 -0.381357
70  1.617601 3.431405 2.399265  -0.249453 2.569515 1.508568
71  -0.000154 5.476950 -0.000027  0.057729 0.074071 0.060287
72  -0.000092 6.060492 -0.000008  -0.015205 0.015650 -0.152067
73  0.000027 5.994251 0.000012  -0.126211 -0.157657 0.153303
74  -0.000077 7.076869 -0.000047  -0.008118 0.010384 0.036402
75  -0.000002 7.089864 -0.000071  0.070875 0.098587 -0.025893
76  0.361109 0.886678 3.287746  -0.576369 1.978708 0.939011
77  -0.000070 6.686641 0.000223  -0.146568 0.414164 -0.327704
78  -0.000011 7.638018 0.000013  -0.079523 -0.025948 0.130953
79  -0.000030 7.290234 -0.000022  0.025325 -0.093908 0.023965
80  -0.000031 6.530366 0.000003  -0.261847 -0.300601 0.006734
81  0.000064 7.224881 0.000010  0.036505 0.032481 -0.175823
82  1.071896 3.225791 1.570115  -0.043805 2.859975 1.526244
83  0.000412 6.748901 -0.000066  -0.062703 0.083783 0.022203
84  -0.000048 8.002643 0.000026  -0.067497 -0.117209 -0.115600
85  0.000015 8.580575 -0.000099  0.088214 -0.007187 0.334606
86  0.000167 8.689829 -0.000041  0.065326 -0.412430 -0.134518
87  -1.514533 2.104634 0.318056  -0.024895 3.094491 1.569491
88  0.000191 6.982282 0.000012  -0.107588 -0.057625 -0.215715
89  -0.000009 8.382868 -0.000068  0.135030 -0.099914 0.287073
90  -0.000062 8.697669 0.000024  -0.148089 -0.510100 0.044838
91  -0.000135 8.921829 0.000080  -0.236828 -0.892635 0.098804
92  3.553616 -3.478048 2.409277  0.000821 0.762046 1.535304
93  -0.000002 4.476910 -0.000009  -0.151004 -0.588330 0.377259
94  0.000033 4.514118 -0.000025  -0.228868 -2.996200 0.592367
95  0.000044 4.518389 -0.000021  0.143171 2.612777 0.693383
96  0.000024 3.598332 0.000025  -0.749303 0.869851 -0.773233
97  4.209923 -0.440342 1.018822  -0.929863 -1.980480 -0.774281
98  4.265504 1.434231 -0.404989  -1.032112 -0.618263 -0.589373
99  9.400234 0.017942 0.083200  0.102095 -0.046779 -1.793931
100  10.242420 0.033592 0.064477  1.740717 -0.230703 0.017666
101  3.465855 -0.059678 0.016691  0.015488 -0.158365 -0.731093
102  1.655594 -0.000024 0.000022  -0.000353 -0.089967 -0.145809
103  0.960769 -0.000003 -0.000006  0.081442 0.057428 0.087298
104  3.462027 -0.064248 0.939907  0.364948 -0.268063 -0.630620
105  1.497178 -0.000006 0.000018  -0.487495 0.011174 -0.072772
106  0.793760 -0.000000 -0.000001  -0.015019 0.013450 -0.130221
107  0.591661 -0.460693 0.835204  -0.547931 -0.749436 -1.064691
108  1.556140 0.000003 0.000000  -0.371786 0.104908 0.353403
109  1.135904 0.000019 0.000007  0.080102 -0.121026 0.049097
110  3.084267 -0.668825 -1.257088  -0.735748 0.325076 -0.847932
111  1.064202 -0.000002 0.000002  0.007875 0.111850 -0.663867
112  0.640340 0.000005 -0.000012  -0.104378 -0.053100 -0.532215
113  3.396821 -0.242139 -0.708693  -0.392378 0.061172 -0.770180
114  1.532970 0.000006 0.000001  0.023416 0.006597 -0.552101
115  0.832975 -0.000003 -0.000007  -0.081957 -0.059284 -0.439923
116  4.209945 -0.440337 -1.019280  1.454664 2.105589 -0.280209
117  4.266747 1.424936 0.424937  2.298394 0.170552 -0.234937
118  9.398569 0.011950 -0.082516  -0.031763 0.068896 -0.766449
119  10.242438 0.028181 -0.062907  -2.024172 0.077488 0.374655
120  3.465750 -0.067530 0.002268  -0.244744 0.249688 -1.700877
121  1.655557 0.000004 0.000004  -0.149014 0.181386 -1.079170
122  0.960907 -0.000001 0.000002  0.002362 0.157210 -0.779484
123  3.466856 -0.077785 -0.920908  -0.489963 0.119923 -1.702465
124  1.497259 -0.000033 -0.000020  -0.559473 0.306348 -0.958181
125  0.793786 -0.000008 0.000005  -0.188685 0.348629 -0.707262
126  0.595081 -0.467154 -0.829176  2.468565 0.674587 -0.727280
127  1.555672 0.000012 -0.000004  0.633204 0.517668 1.165404
128  1.136814 -0.000009 -0.000004  0.578636 0.458648 1.086432
129  3.075971 -0.667968 1.277700  0.595415 0.278335 -1.419476
130  1.064597 0.000019 0.000011  0.028657 -0.118825 -0.857229
131  0.640363 -0.000016 -0.000003  -0.106819 -0.025552 -0.500090
132  3.392412 -0.245374 0.728377  0.124527 0.326894 -1.767520
133  1.532739 -0.000013 -0.000001  0.008146 0.016200 -0.790537
134  0.833151 0.000007 0.000008  -0.080986 -0.068264 -1.018130
135  3.590112 -3.090297 1.193972  1.635457 1.210566 1.548541
136  3.589562 -3.089882 -1.196372  -1.505736 1.210473 -1.592853
137  -0.436557 4.719024 -0.001076  -0.000679 -1.570733 1.693235
138  -0.000000 2.775451 -0.000231  -0.135089 0.000001 0.000000
139  -0.000001 3.189769 0.000008  0.207820 -0.000000 0.000000
140  0.000001 3.504648 0.000046  -0.261876 0.000000 -0.000000
141  -0.000000 2.863198 -0.000001  -0.051268 -0.000000 0.000000
time 26
0  1.323714 9.082664 35.857697  1.570862 0.000000 -0.000000
1  0.002636 43.025146 0.734438  0.027602 0.008057 -0.216897
2  3.061857 -4.181012 -0.610804  -1.843932 -0.466087 -0.899997
3  18.476772 0.000158 -0.000002  -0.014038 -0.084198 1.104250
4  17.490084 0.000117 0.000001  0.036738 0.605963 -1.699739
5  -3.065330 -4.183575 -0.611480  -1.786443 -0.498887 -1.484132
6  18.474861 -0.000034 -0.000007  0.017525 0.088562 1.173731
7  17.489584 0.001914 -0.000007  -0.026229 0.001976 -1.488542
8  -0.000117 -0.048884 -0.576226  1.608559 -0.016772 1.612928
9  3.224485 0.767047 0.000494  0.099079 0.033378 0.239490
10  3.223909 0.226400 -0.001945  0.081765 0.032448 0.196258
11  5.187324 -1.262564 -0.001176  0.000012 0.000066 0.194111
12  6.928404 -1.935314 -0.000228  -3.037449 0.024721 0.127478
13  3.236360 1.079612 0.000056  -0.170348 0.068458 0.201914
14  0.833760 3.805352 0.692956  -0.040492 0.554885 1.469865
15  0.000039 6.792215 0.000039  0.007991 0.036071 -0.011407
16  -0.000066 7.744812 0.000017  -0.017442 -0.155305 0.068153
17  0.000074 7.809699 0.000017  -0.033637 0.005026 0.006142
18  -0.000025 7.867668 0.000014  -0.073329 -0.127910 0.026375
19  3.494699 -1.749093 -3.006912  0.152547 2.070420 1.936938
20  0.000119 4.478316 0.000021  -0.194658 0.310431 -0.234996
21  0.000048 4.636119 -0.000029  0.035819 0.324592 -0.151767
22  -0.000043 5.008658 0.000013  0.076000 -0.286564 0.276091
23  0.000064 4.781164 0.000010  0.904405 -2.690904 -0.015801
24  2.253037 1.989057 -3.350106  -1.523632 1.324495 0.112393
25  0.000161 6.589463 0.000170  0.206356 -0.002128 -0.080395
26  0.000042 7.491413 0.000040  -0.333516 0.184455 -0.191163
27  0.000023 7.660309 -0.000058  -0.063173 0.127194 -0.062119
28  0.000004 7.256268 0.000020  -0.052939 -0.487829 0.313813
29  -0.791163 2.265117 -1.234655  -0.753899 1.136376 0.824665
30  -0.000256 8.572263 -0.000085  -0.222844 -0.296789 0.176505
31  -0.000096 8.117215 0.000047  0.072258 0.772520 -0.285587
32  -0.000084 8.230034 -0.000070  -0.080496 -0.347232 0.072252
33  0.000060 7.366729 0.000054  -0.015392 -0.663893 0.062743
34  0.224213 0.240127 -3.218158  -0.877381 1.468889 0.577820
35  -0.000102 7.721054 -0.000307  -0.283829 0.060495 -0.167556
36  -0.000030 7.374854 -0.000003  0.007537 -0.195020 0.049540
37  0.000076 6.848100 0.000007  0.005484 0.006497 -0.033649
38  -0.000051 7.777869 0.000005  -0.186096 0.182474 -0.152847
39  -1.514470 2.104650 -1.150167  -0.029093 0.541320 1.555671
40  -0.000170 6.982348 -0.000077  -0.199699 -0.041214 0.153490
41  0.000041 8.382860 -0.000073  0.044867 0.587987 -0.257958
42  0.000014 8.697695 -0.000026  -0.102637 -0.474319 0.290942
43  0.000059 8.921802 -0.000002  -0.076257 0.581004 -0.195602
44  1.196187 2.899151 -2.353086  -0.449719 1.030105 1.287423
45  0.000106 5.476943 0.000006  0.285574 -0.099353 -0.038446
46  -0.000072 6.060431 -0.000087  -0.155019 -0.575032 0.384609
47  0.000017 5.994267 0.000030  0.033940 0.288574 -0.067730
48  -0.000009 6.100490 0.000003  -0.068407 0.299273 -0.162152
49  0.000036 6.916757 0.000011  -0.096318 0.220533 -0.107966
50  0.000150 6.435060 -0.000046  -0.037456 0.171630 -0.116573
51  1.092793 3.649513 -1.738794  -0.148600 0.876612 1.445020
52  -0.000129 6.792203 -0.000101  0.008284 0.107792 -0.048643
53  -0.000091 7.744777 -0.000031  0.057137 -0.256893 0.015458
54  0.000083 9.115021 -0.000041  -0.020393 0.256253 -0.142636
55  3.494511 -1.749104 3.007064  0.118400 1.106974 1.813803
56  0.000013 4.323836 0.000082  -0.229908 -0.770943 0.449224
57  0.000029 4.872892 -0.000021  0.367245 -0.664052 -0.254033
58  0.000004 5.056647 0.000091  -0.511237 0.856585 -0.546325
59  2.292464 1.708615 3.661676  -1.762560 1.789109 -0.218979
60  -0.000173 6.589439 0.000277  -0.007132 -0.169123 0.176911
61  0.000177 7.491502 -0.000149  -0.132413 -0.107097 0.179327
62  -0.000141 8.249660 0.000143  0.041912 -0.058209 0.015813
63  0.000072 8.605236 -0.000027  0.101585 0.501824 -0.079696
64  -0.240488 2.066071 2.349267  -0.357331 2.461714 1.296076
65  -0.000084 7.721104 -0.000001  -0.208231 -0.126223 -0.116492
66  -0.000123 7.374868 -0.000045  -0.111017 0.046939 -0.046466
67  -0.000034 6.848069 -0.000026  0.273533 0.247522 0.299909
68  0.000033 7.777824 -0.000042  0.072921 0.186148 -0.052689
69  -0.000090 8.178053 0.000012  -0.087031 -0.422849 -0.381357
70  1.617605 3.431412 2.399266  -0.249453 2.569515 1.508568
71  -0.000164 5.476944 -0.000028  0.057729 0.074071 0.060287
72  -0.000092 6.060493 -0.000004  -0.015205 0.015650 -0.152066
73  0.000026 5.994246 0.000011  -0.126210 -0.157657 0.153303
74  -0.000079 7.076875 -0.000047  -0.008118 0.010384 0.036402
75  0.000000 7.089867 -0.000069  0.070875 0.098587 -0.025893
76  0.361107 0.886679 3.287746  -0.576369 1.978708 0.939011
77  -0.000066 6.686648 0.000224  -0.146568 0.414164 -0.327704
78  -0.000008 7.638020 0.000014  -0.079523 -0.025948 0.130953
79  -0.000031 7.290234 -0.000021  0.025325 -0.093908 0.023965
80  -0.000035 6.530371 0.000006  -0.261847 -0.300601 0.006734
81  0.000068 7.224886 0.000008  0.036505 0.032480 -0.175823
82  1.071894 3.225794 1.570115  -0.043805 2.859975 1.526244
83  0.000412 6.748907 -0.000066  -0.062703 0.083783 0.022203
84  -0.000047 8.002643 0.000026  -0.067497 -0.117209 -0.115600
85  0.000010 8.580570 -0.000097  0.088214 -0.007187 0.334606
86  0.000175 8.689834 -0.000042  0.065326 -0.412430 -0.134518
87  -1.514536 2.104640 0.318056  -0.024895 3.094491 1.569491
88  0.000191 6.982279 0.000012  -0.107588 -0.057625 -0.215715
89  -0.000007 8.382874 -0.000068  0.135030 -0.099914 0.287073
90  -0.000063 8.697674 0.000023  -0.148089 -0.510100 0.044838
91  -0.000134 8.921824 0.000079  -0.236828 -0.892635 0.098804
92  3.553611 -3.478047 2.409277  0.000821 0.762046 1.535304
93  -0.000000 4.476901 -0.000008  -0.151004 -0.588330 0.377259
94  0.000030 4.514121 -0.000024  -0.228868 -2.996200 0.592367
95  0.000044 4.518392 -0.000023  0.143171 2.612777 0.693383
96  0.000023 3.598334 0.000024  -0.749303 0.869851 -0.773233
97  4.209913 -0.440347 1.018823  -0.960853 -1.977963 -0.745064
98  4.265504 1.434230 -0.404991  -1.062599 -0.544909 -0.602587
99  9.400231 0.017942 0.083200  0.105486 -0.043106 -1.859906
100  10.242420 0.033589 0.064476  1.766743 -0.184642 0.019144
101  3.465856 -0.059682 0.016697  0.015834 -0.158906 -0.732261
102  1.655595 -0.000022 0.000023  0.001489 -0.097395 -0.184863
103  0.960768 -0.000005 -0.000003  0.079553 0.054068 0.062614
104  3.462029 -0.064250 0.939911  0.363094 -0.264548 -0.626987
105  1.497177 -0.000011 0.000021  -0.487402 -0.001975 -0.103412
106  0.793760 0.000008 -0.000003  -0.015311 0.015059 -0.150978
107  0.591663 -0.460695 0.835208  -0.563465 -0.743215 -1.042423
108  1.556139 0.000000 -0.000002  -0.368471 0.110021 0.362542
109  1.135904 0.000016 0.000005  0.078701 -0.118409 0.057221
110  3.084270 -0.668825 -1.257080  -0.732026 0.323203 -0.843669
111  1.064203 -0.000003 0.000012  0.005775 0.113608 -0.687113
112  0.640340 0.000004 -0.000009  -0.103204 -0.051516 -0.540647
113  3.396823 -0.242142 -0.708689  -0.390067 0.059857 -0.767988
114  1.532969 0.000005 0.000010  0.022870 0.005698 -0.603012
115  0.832974 -0.000002 -0.000002  -0.080622 -0.063022 -0.479965
116  4.209937 -0.440344 -1.019279  1.436508 2.109489 -0.295619
117  4.266746 1.424935 0.424935  2.251463 0.229326 -0.207923
118  9.398562 0.011948 -0.082513  -0.033659 0.069360 -0.791621
119  10.242439 0.028176 -0.062913  -2.039930 0.130258 0.354888
120  3.465747 -0.067522 0.002267  -0.244523 0.249705 -1.699677
121  1.655562 0.000006 0.000005  -0.149571 0.181532 -1.082378
122  0.960908 0.000000 -0.000002  0.001642 0.157871 -0.783219
123  3.466851 -0.077775 -0.920910  -0.489943 0.119929 -1.702293
124  1.497259 -0.000031 -0.000022  -0.560255 0.306975 -0.960673
125  0.793783 -0.000011 0.000002  -0.189839 0.350044 -0.709438
126  0.595076 -0.467146 -0.829177  2.468597 0.674564 -0.727148
127  1.555673 0.000017 -0.000003  0.633348 0.517754 1.165597
128  1.136811 -0.000010 0.000000  0.578628 0.458645 1.086423
129  3.075971 -0.667963 1.277699  0.595730 0.276901 -1.417735
130  1.064592 0.000020 0.000010  0.028634 -0.118750 -0.856371
131  0.640363 -0.000014 -0.000004  -0.106757 -0.025469 -0.499134
132  3.392410 -0.245364 0.728375  0.124571 0.326878 -1.767336
133  1.532735 -0.000009 -0.000003  0.008133 0.016216 -0.791267
134  0.833149 0.000011 0.000005  -0.081072 -0.068363 -1.018932
135  3.590108 -3.090297 1.193973  1.635457 1.210566 1.548541
136  3.589560 -3.089884 -1.196372  -1.505736 1.210473 -1.592853
137  -0.436560 4.719023 -0.001075  -0.000591 -1.570733 1.693393
138  -0.000000 2.775453 -0.000239  -0.135089 0.000001 -0.000000
139  0.000000 3.189765 0.000006  0.207820 -0.000000 0.000000
140  0.000000 3.504652 0.000048  -0.261876 0.000000 -0.000000
141  0.000000 2.863202 -0.000003  -0.051268 0.000000 -0.000000
time 27
0  1.660072 8.981643 36.460979  1.570862 0.000000 -0.000000
1  0.002636 43.025146 0.734438  0.035503 -0.071465 -0.205378
2  3.061857 -4.181007 -0.610804  -1.780028 -0.395411 -0.954145
3  18.476774 0.000157 -0.000002  -0.010225 -0.078773 1.023124
4  17.490082 0.000118 0.000003  0.021400 0.644414 -1.708663
5  -3.065330 -4.183569 -0.611480  -1.797772 -0.367155 -1.498485
6  18.474855 -0.000034 -0.000008  0.010311 0.079044 1.027442
7  17.489580 0.001916 -0.000007  0.320517 0.286395 -1.439952
8  -0.000118 -0.048875 -0.576226  1.605009 0.000558 1.604729
9  3.224489 0.767047 0.000496  0.094879 0.028881 0.216494
10  3.223906 0.226400 -0.001944  0.075820 0.025319 0.182867
11  5.187323 -1.262560 -0.001177  0.000012 0.000066 0.194111
12  6.928410 -1.935315 -0.000227  -3.026717 -0.008072 0.137258
13  3.236365 1.079616 0.000057  -0.129746 0.051943 0.147716
14  0.833768 3.805356 0.692956  -0.040492 0.554885 1.469865
15  0.000038 6.792207 0.000039  0.007991 0.036071 -0.011407
16  -0.000067 7.744816 0.000016  -0.017442 -0.155305 0.068153
17  0.000075 7.809700 0.000020  -0.033637 0.005026 0.006142
18  -0.000024 7.867673 0.000017  -0.073329 -0.127910 0.026375
19  3.494703 -1.749088 -3.006912  0.152547 2.070420 1.936938
20  0.000119 4.478321 0.000016  -0.194658 0.310431 -0.234996
21  0.000047 4.636121 -0.000030  0.035819 0.324592 -0.151767
22  -0.000042 5.008648 0.000014  0.076000 -0.286564 0.276091
23  0.000064 4.781168 0.000011  0.904405 -2.690904 -0.015801
24  2.253042 1.989060 -3.350107  -1.523632 1.324495 0.112393
25  0.000161 6.589456 0.000172  0.206356 -0.002128 -0.080395
26  0.000043 7.491408 0.000045  -0.333516 0.184455 -0.191163
27  0.000027 7.660305 -0.000059  -0.063173 0.127194 -0.062119
28  0.000005 7.256273 0.000017  -0.052939 -0.487829 0.313813
29  -0.791157 2.265122 -1.234656  -0.753899 1.136376 0.824664
30  -0.000258 8.572265 -0.000092  -0.222844 -0.296789 0.176505
31  -0.000093 8.117208 0.000049  0.072258 0.772520 -0.285587
32  -0.000084 8.230030 -0.000071  -0.080496 -0.347232 0.072252
33  0.000061 7.366720 0.000053  -0.015393 -0.663893 0.062743
34  0.224220 0.240129 -3.218158  -0.877381 1.468889 0.577820
35  -0.000102 7.721051 -0.000314  -0.283829 0.060495 -0.167556
36  -0.000031 7.374846 -0.000003  0.007537 -0.195020 0.049540
37  0.000075 6.848098 0.000006  0.005484 0.006497 -0.033649
38  -0.000051 7.777864 0.000011  -0.186097 0.182474 -0.152847
39  -1.514468 2.104649 -1.150168  -0.029093 0.541320 1.555671
40  -0.000171 6.982349 -0.000079  -0.199699 -0.041214 0.153490
41  0.000039 8.382861 -0.000073  0.044867 0.587987 -0.257958
42  0.000014 8.697703 -0.000027  -0.102637 -0.474319 0.290942
43  0.000057 8.921804 -0.000002  -0.076257 0.581004 -0.195602
44  1.196195 2.899157 -2.353086  -0.449719 1.030105 1.287423
45  0.000103 5.476941 0.000003  0.285574 -0.099353 -0.038446
46  -0.000074 6.060439 -0.000089  -0.155019 -0.575032 0.384609
47  0.000017 5.994259 0.000031  0.033940 0.288574 -0.067730
48  -0.000009 6.100495 -0.000002  -0.068407 0.299273 -0.162152
49  0.000036 6.916757 0.000008  -0.096318 0.220533 -0.107966
50  0.000150 6.435058 -0.000043  -0.037456 0.171630 -0.116573
51  1.092800 3.649520 -1.738794  -0.148600 0.876612 1.445020
52  -0.000129 6.792203 -0.000101  0.008285 0.107792 -0.048643
53  -0.000087 7.744774 -0.000028  0.057137 -0.256893 0.015458
54  0.000085 9.115021 -0.000040  -0.020393 0.256253 -0.142636
55  3.494518 -1.749099 3.007064  0.118400 1.106974 1.813803
56  0.000014 4.323840 0.000083  -0.229908 -0.770943 0.449224
57  0.000030 4.872901 -0.000020  0.367245 -0.664052 -0.254033
58  0.000004 5.056653 0.000093  -0.511238 0.856585 -0.546325
59  2.292466 1.708618 3.661675  -1.762560 1.789109 -0.218978
60  -0.000173 6.589434 0.000278  -0.007132 -0.169123 0.176911
61  0.000174 7.491502 -0.000154  -0.132413 -0.107097 0.179327
62  -0.000138 8.249659 0.000143  0.041912 -0.058209 0.015813
63  0.000073 8.605232 -0.000025  0.101585 0.501824 -0.079696
64  -0.240484 2.066075 2.349267  -0.357331 2.461714 1.296076
65  -0.000083 7.721101 -0.000003  -0.208231 -0.126223 -0.116492
66  -0.000123 7.374861 -0.000045  -0.111017 0.046939 -0.046466
67  -0.000039 6.848061 -0.000027  0.273533 0.247522 0.299909
68  0.000031 7.777821 -0.000042  0.072921 0.186148 -0.052689
69  -0.000087 8.178053 0.000013  -0.087031 -0.422849 -0.381357
70  1.617608 3.431413 2.399265  -0.249454 2.569515 1.508568
71  -0.000167 5.476943 -0.000028  0.057729 0.074071 0.060287
72  -0.000092 6.060497 -0.000006  -0.015205 0.015650 -0.152067
73  0.000024 5.994249 0.000012  -0.126211 -0.157657 0.153303
74  -0.000075 7.076876 -0.000047  -0.008118 0.010384 0.036402
75  0.000003 7.089862 -0.000072  0.070875 0.098587 -0.025893
76  0.361119 0.886689 3.287746  -0.576369 1.978708 0.939011
77  -0.000065 6.686645 0.000218  -0.146568 0.414164 -0.327704
78  -0.000010 7.638013 0.000013  -0.079523 -0.025948 0.130953
79  -0.000032 7.290232 -0.000023  0.025325 -0.093908 0.023965
80  -0.000031 6.530375 0.000005  -0.261847 -0.300601 0.006734
81  0.000064 7.224883 0.000009  0.036505 0.032480 -0.175823
82  1.071902 3.225801 1.570115  -0.043805 2.859975 1.526244
83  0.000413 6.748900 -0.000066  -0.062703 0.083783 0.022203
84  -0.000046 8.002645 0.000027  -0.067497 -0.117209 -0.115600
85  0.000013 8.580565 -0.000098  0.088214 -0.007187 0.334606
86  0.000165 8.689833 -0.000042  0.065326 -0.412430 -0.134518
87  -1.514531 2.104640 0.318055  -0.024895 3.094491 1.569491
88  0.000192 6.982283 0.000012  -0.107588 -0.057625 -0.215716
89  -0.000008 8.382878 -0.000068  0.135030 -0.099914 0.287073
90  -0.000062 8.697674 0.000024  -0.148089 -0.510100 0.044839
91  -0.000137 8.921823 0.000077  -0.236828 -0.892635 0.098804
92  3.553616 -3.478045 2.409276  0.000821 0.762046 1.535304
93  -0.000004 4.476904 -0.000011  -0.151004 -0.588330 0.377259
94  0.000031 4.514125 -0.000024  -0.228868 -2.996200 0.592367
95  0.000043 4.518386 -0.000025  0.143171 2.612777 0.693383
96  0.000022 3.598338 0.000024  -0.749303 0.869851 -0.773233
97  4.209923 -0.440345 1.018824  -0.993287 -1.976064 -0.714410
98  4.265505 1.434239 -0.404989  -1.100912 -0.474387 -0.617043
99  9.400238 0.017941 0.083203  0.108386 -0.039534 -1.920616
100  10.242422 0.033594 0.064481  1.789858 -0.140509 0.022694
101  3.465855 -0.059684 0.016694  0.015612 -0.158765 -0.729954
102  1.655595 -0.000017 0.000020  0.003352 -0.104331 -0.222421
103  0.960768 0.000006 0.000001  0.077424 0.051043 0.039852
104  3.462028 -0.064251 0.939910  0.360792 -0.260245 -0.620492
105  1.497177 -0.000008 0.000022  -0.486964 -0.014053 -0.131167
106  0.793759 0.000007 0.000000  -0.015548 0.016319 -0.169192
107  0.591661 -0.460698 0.835208  -0.580583 -0.737480 -1.017545
108  1.556138 0.000003 -0.000002  -0.364560 0.114516 0.370939
109  1.135904 0.000017 0.000006  0.077087 -0.115668 0.064963
110  3.084269 -0.668827 -1.257081  -0.727722 0.320825 -0.838242
111  1.064199 -0.000004 0.000007  0.004025 0.115009 -0.706330
112  0.640339 0.000003 -0.000009  -0.101710 -0.049336 -0.543982
113  3.396822 -0.242143 -0.708686  -0.387631 0.058663 -0.764240
114  1.532968 0.000010 0.000004  0.022319 0.004736 -0.648721
115  0.832974 -0.000002 -0.000001  -0.079013 -0.065868 -0.515531
116  4.209943 -0.440344 -1.019278  1.427444 2.113001 -0.303177
117  4.266747 1.424939 0.424936  2.204079 0.284065 -0.196136
118  9.398564 0.011949 -0.082522  -0.035211 0.069702 -0.812101
119  10.242442 0.028176 -0.062909  -2.043087 0.177741 0.338180
120  3.465751 -0.067528 0.002266  -0.244247 0.249728 -1.698641
121  1.655561 0.000008 0.000001  -0.150048 0.181647 -1.085078
122  0.960909 0.000003 -0.000001  0.001128 0.158479 -0.786280
123  3.466856 -0.077781 -0.920909  -0.489928 0.119977 -1.702124
124  1.497258 -0.000033 -0.000023  -0.560855 0.307433 -0.962664
125  0.793787 -0.000007 -0.000002  -0.190837 0.351184 -0.711231
126  0.595080 -0.467154 -0.829176  2.468626 0.674553 -0.727072
127  1.555677 0.000022 -0.000004  0.633451 0.517827 1.165751
128  1.136816 -0.000008 0.000000  0.578621 0.458643 1.086415
129  3.075976 -0.667971 1.277700  0.595951 0.275601 -1.416307
130  1.064588 0.000020 0.000009  0.028567 -0.118709 -0.855643
131  0.640359 -0.000014 -0.000005  -0.106694 -0.025403 -0.498305
132  3.392414 -0.245374 0.728375  0.124594 0.326827 -1.767244
133  1.532742 -0.000006 -0.000002  0.008121 0.016230 -0.791863
134  0.833150 0.000014 0.000005  -0.081113 -0.068418 -1.019533
135  3.590106 -3.090293 1.193973  1.635457 1.210566 1.548541
136  3.589557 -3.089880 -1.196373  -1.505736 1.210473 -1.592853
137  -0.436562 4.719028 -0.001076  -0.000709 -1.570733 1.693071
138  0.000000 2.775456 -0.000235  -0.135089 0.000001 -0.000000
139  -0.000000 3.189769 0.000008  0.207820 -0.000000 0.000000
140  -0.000000 3.504649 0.000042  -0.261876 0.000000 -0.000000
141  -0.000000 2.863193 -0.000001  -0.051268 0.000000 -0.000000
time 28
0  1.976969 8.774338 37.025314  1.570862 0.000000 -0.000000
1  0.002636 43.025146 0.734438  0.045327 -0.144611 -0.193792
2  3.061857 -4.181011 -0.610804  -1.744651 -0.348811 -1.004614
3  18.476776 0.000159 -0.000000  -0.008014 -0.075134 0.971040
4  17.490086 0.000118 0.000003  0.054568 0.631414 -1.637314
5  -3.065330 -4.183574 -0.611480  -1.803780 -0.213809 -1.560245
6  18.474855 -0.000033 -0.000007  0.001718 0.061478 0.787758
7  17.489584 0.001915 -0.000006  0.916793 0.601664 -1.124262
8  -0.000117 -0.048882 -0.576226  1.600347 0.018577 1.597372
9  3.224489 0.767047 0.000496  0.089510 0.024558 0.193098
10  3.223908 0.226399 -0.001945  0.069290 0.018910 0.170400
11  5.187324 -1.262560 -0.001178  0.000012 0.000066 0.194111
12  6.928413 -1.935316 -0.000227  -3.016977 -0.039825 0.146932
13  3.236361 1.079610 0.000057  -0.083851 0.043621 0.095988
14  0.833765 3.805351 0.692955  -0.040492 0.554885 1.469865
15  0.000032 6.792211 0.000034  0.007991 0.036071 -0.011407
16  -0.000067 7.744815 0.000016  -0.017442 -0.155305 0.068153
17  0.000075 7.809700 0.000019  -0.033637 0.005026 0.006142
18  -0.000028 7.867678 0.000017  -0.073329 -0.127910 0.026375
19  3.494704 -1.749094 -3.006912  0.152547 2.070420 1.936938
20  0.000119 4.478327 0.000018  -0.194658 0.310431 -0.234996
21  0.000047 4.636118 -0.000030  0.035819 0.324592 -0.151767
22  -0.000042 5.008654 0.000014  0.076000 -0.286565 0.276091
23  0.000065 4.781166 0.000010  0.904405 -2.690904 -0.015801
24  2.253044 1.989058 -3.350106  -1.523632 1.324495 0.112393
25  0.000162 6.589457 0.000166  0.206356 -0.002128 -0.080395
26  0.000042 7.491408 0.000044  -0.333516 0.184455 -0.191163
27  0.000027 7.660306 -0.000057  -0.063173 0.127194 -0.062119
28  0.000005 7.256275 0.000014  -0.052939 -0.487829 0.313813
29  -0.791156 2.265118 -1.234655  -0.753899 1.136376 0.824664
30  -0.000259 8.572268 -0.000094  -0.222844 -0.296789 0.176505
31  -0.000094 8.117215 0.000048  0.072258 0.772520 -0.285587
32  -0.000084 8.230035 -0.000069  -0.080496 -0.347232 0.072252
33  0.000062 7.366722 0.000052  -0.015392 -0.663893 0.062743
34  0.224216 0.240124 -3.218158  -0.877381 1.468889 0.577820
35  -0.000101 7.721046 -0.000306  -0.283829 0.060495 -0.167556
36  -0.000031 7.374855 0.000001  0.007537 -0.195020 0.049540
37  0.000075 6.848109 0.000007  0.005484 0.006497 -0.033649
38  -0.000052 7.777864 0.000008  -0.186097 0.182474 -0.152847
39  -1.514460 2.104649 -1.150167  -0.029093 0.541320 1.555671
40  -0.000168 6.982350 -0.000077  -0.199699 -0.041214 0.153490
41  0.000038 8.382872 -0.000073  0.044867 0.587987 -0.257958
42  0.000015 8.697705 -0.000026  -0.102637 -0.474319 0.290942
43  0.000055 8.921805 -0.000004  -0.076257 0.581004 -0.195602
44  1.196194 2.899153 -2.353086  -0.449719 1.030105 1.287423
45  0.000106 5.476943 0.000004  0.285574 -0.099353 -0.038446
46  -0.000075 6.060437 -0.000090  -0.155019 -0.575032 0.384609
47  0.000019 5.994260 0.000027  0.033940 0.288575 -0.067730
48  -0.000008 6.100484 0.000000  -0.068407 0.299273 -0.162152
49  0.000034 6.916760 0.000009  -0.096318 0.220533 -0.107966
50  0.000150 6.435059 -0.000044  -0.037456 0.171630 -0.116573
51  1.092799 3.649512 -1.738794  -0.148600 0.876612 1.445020
52  -0.000127 6.792192 -0.000102  0.008284 0.107792 -0.048643
53  -0.000087 7.744779 -0.000030  0.057137 -0.256893 0.015458
54  0.000087 9.115024 -0.000039  -0.020393 0.256253 -0.142636
55  3.494516 -1.749104 3.007063  0.118400 1.106974 1.813803
56  0.000014 4.323839 0.000088  -0.229908 -0.770943 0.449224
57  0.000030 4.872900 -0.000018  0.367245 -0.664052 -0.254033
58  0.000007 5.056652 0.000092  -0.511237 0.856585 -0.546325
59  2.292471 1.708616 3.661675  -1.762560 1.789109 -0.218979
60  -0.000173 6.589443 0.000274  -0.007132 -0.169123 0.176911
61  0.000174 7.491494 -0.000153  -0.132413 -0.107097 0.179327
62  -0.000137 8.249660 0.000141  0.041912 -0.058209 0.015813
63  0.000071 8.605240 -0.000027  0.101585 0.501824 -0.079696
64  -0.240488 2.066068 2.349267  -0.357330 2.461714 1.296076
65  -0.000090 7.721101 -0.000001  -0.208231 -0.126223 -0.116492
66  -0.000122 7.374861 -0.000047  -0.111017 0.046939 -0.046466
67  -0.000035 6.848063 -0.000028  0.273533 0.247522 0.299908
68  0.000033 7.777822 -0.000044  0.072921 0.186148 -0.052689
69  -0.000082 8.178053 0.000010  -0.087031 -0.422849 -0.381357
70  1.617606 3.431411 2.399265  -0.249453 2.569515 1.508568
71  -0.000166 5.476942 -0.000028  0.057729 0.074071 0.060287
72  -0.000090 6.060493 -0.000008  -0.015205 0.015650 -0.152066
73  0.000029 5.994257 0.000011  -0.126210 -0.157657 0.153303
74  -0.000081 7.076873 -0.000048  -0.008118 0.010384 0.036402
75  0.000003 7.089864 -0.000070  0.070875 0.098587 -0.025893
76  0.361111 0.886681 3.287745  -0.576369 1.978708 0.939011
77  -0.000060 6.686651 0.000219  -0.146568 0.414164 -0.327704
78  -0.000009 7.638014 0.000014  -0.079523 -0.025948 0.130953
79  -0.000030 7.290235 -0.000021  0.025325 -0.093908 0.023965
80  -0.000033 6.530369 0.000007  -0.261847 -0.300601 0.006734
81  0.000064 7.224882 0.000005  0.036505 0.032480 -0.175823
82  1.071897 3.225791 1.570114  -0.043805 2.859975 1.526244
83  0.000414 6.748906 -0.000066  -0.062703 0.083783 0.022203
84  -0.000051 8.002639 0.000026  -0.067497 -0.117209 -0.115600
85  0.000014 8.580572 -0.000098  0.088214 -0.007187 0.334606
86  0.000167 8.689829 -0.000041  0.065326 -0.412430 -0.134518
87  -1.514532 2.104639 0.318056  -0.024895 3.094491 1.569491
88  0.000196 6.982275 0.000011  -0.107588 -0.057625 -0.215715
89  -0.000007 8.382867 -0.000067  0.135030 -0.099914 0.287073
90  -0.000064 8.697667 0.000023  -0.148089 -0.510100 0.044839
91  -0.000135 8.921822 0.000081  -0.236828 -0.892635 0.098805
92  3.553618 -3.478046 2.409277  0.000821 0.762046 1.535304
93  -0.000003 4.476908 -0.000014  -0.151004 -0.588330 0.377259
94  0.000033 4.514122 -0.000025  -0.228868 -2.996200 0.592367
95  0.000044 4.518375 -0.000023  0.143171 2.612777 0.693383
96  0.000022 3.598331 0.000020  -0.749303 0.869851 -0.773233
97  4.209922 -0.440346 1.018824  -1.026033 -1.974788 -0.683457
98  4.265507 1.434228 -0.404992  -1.144885 -0.409625 -0.630868
99  9.400233 0.017941 0.083201  0.110934 -0.035986 -1.978239
100  10.242419 0.033585 0.064482  1.810953 -0.101258 0.026159
101  3.465856 -0.059680 0.016693  0.015013 -0.157974 -0.725146
102  1.655595 -0.000022 0.000023  0.004410 -0.109082 -0.250340
103  0.960768 0.000000 -0.000009  0.075169 0.048814 0.022832
104  3.462027 -0.064247 0.939911  0.358353 -0.255681 -0.612051
105  1.497178 -0.000003 0.000021  -0.486448 -0.022202 -0.148935
106  0.793760 0.000005 -0.000005  -0.015486 0.016981 -0.181089
107  0.591662 -0.460695 0.835204  -0.597654 -0.733955 -0.993059
108  1.556139 0.000002 0.000003  -0.360249 0.117136 0.376563
109  1.135904 0.000015 0.000004  0.075250 -0.113405 0.070711
110  3.084268 -0.668823 -1.257088  -0.723486 0.317841 -0.832161
111  1.064201 -0.000001 0.000005  0.003132 0.115330 -0.715055
112  0.640340 0.000005 -0.000010  -0.099919 -0.046930 -0.539011
113  3.396821 -0.242141 -0.708692  -0.385300 0.057275 -0.759732
114  1.532969 0.000007 0.000002  0.021846 0.003906 -0.681533
115  0.832973 -0.000004 -0.000005  -0.077403 -0.067550 -0.543044
116  4.209945 -0.440344 -1.019278  1.419757 2.116511 -0.309533
117  4.266745 1.424942 0.424939  2.157121 0.341227 -0.185662
118  9.398561 0.011946 -0.082517  -0.036709 0.070001 -0.831801
119  10.242439 0.028179 -0.062908  -2.043254 0.224417 0.322629
120  3.465747 -0.067524 0.002268  -0.244073 0.249741 -1.697698
121  1.655561 0.000007 0.000007  -0.150453 0.181701 -1.087563
122  0.960907 0.000008 -0.000001  0.000626 0.158961 -0.789088
123  3.466855 -0.077781 -0.920910  -0.489913 0.120026 -1.701954
124  1.497263 -0.000033 -0.000021  -0.561439 0.307906 -0.964496
125  0.793791 -0.000005 0.000002  -0.191712 0.352180 -0.712801
126  0.595079 -0.467153 -0.829176  2.468653 0.674543 -0.726995
127  1.555670 0.000021 -0.000006  0.633555 0.517900 1.165904
128  1.136811 -0.000008 -0.000002  0.578613 0.458640 1.086406
129  3.075972 -0.667965 1.277700  0.596187 0.274493 -1.414926
130  1.064593 0.000015 0.000012  0.028513 -0.118674 -0.855047
131  0.640362 -0.000020 -0.000004  -0.106629 -0.025354 -0.497603
132  3.392412 -0.245366 0.728375  0.124620 0.326776 -1.767151
133  1.532738 -0.000006 0.000002  0.008085 0.016226 -0.792361
134  0.833147 0.000004 0.000006  -0.081131 -0.068455 -1.020069
135  3.590111 -3.090294 1.193972  1.635457 1.210566 1.548541
136  3.589557 -3.089878 -1.196373  -1.505736 1.210473 -1.592853
137  -0.436561 4.719027 -0.001076  -0.000517 -1.570733 1.693006
138  0.000000 2.775458 -0.000237  -0.135089 0.000001 -0.000000
139  0.000000 3.189772 0.000008  0.207820 -0.000000 0.000000
140  -0.000000 3.504651 0.000049  -0.261876 0.000000 -0.000000
141  0.000000 2.863202 -0.000002  -0.051268 0.000000 -0.000000
time 29
0  2.274198 8.414721 37.529041  1.570862 0.000000 -0.000000
1  0.002636 43.025146 0.734438  0.057516 -0.211473 -0.183240
2  3.061857 -4.181008 -0.610804  -1.745188 -0.395626 -1.000474
3  18.476776 0.000159 -0.000000  -0.010339 -0.078949 1.025685
4  17.490084 0.000117 0.000005  -0.004965 0.561814 -1.555682
5  -3.065330 -4.183573 -0.611480  -1.713401 -0.211325 -1.631854
6  18.474854 -0.000034 -0.000008  -0.000106 0.055507 0.711459
7  17.489586 0.001916 -0.000007  0.786479 0.485282 -1.128240
8  -0.000118 -0.048876 -0.576226  1.596099 0.037320 1.591155
9  3.224485 0.767047 0.000496  0.084737 0.020562 0.169395
10  3.223910 0.226400 -0.001945  0.063639 0.013278 0.158988
11  5.187323 -1.262561 -0.001177  0.000012 0.000066 0.194111
12  6.928409 -1.935310 -0.000227  -3.008495 -0.070428 0.156765
13  3.236366 1.079613 0.000057  -0.037394 0.041495 0.046846
14  0.833761 3.805351 0.692956  -0.040492 0.554885 1.469865
15  0.000041 6.792206 0.000038  0.007991 0.036070 -0.011407
16  -0.000065 7.744814 0.000017  -0.017442 -0.155305 0.068153
17  0.000079 7.809699 0.000020  -0.033637 0.005026 0.006142
18  -0.000023 7.867672 0.000018  -0.073329 -0.127910 0.026375
19  3.494700 -1.749094 -3.006912  0.152547 2.070420 1.936938
20  0.000119 4.478323 0.000020  -0.194658 0.310431 -0.234996
21  0.000048 4.636121 -0.000030  0.035819 0.324592 -0.151767
22  -0.000042 5.008651 0.000015  0.076000 -0.286564 0.276091
23  0.000064 4.781169 0.000008  0.904405 -2.690904 -0.015801
24  2.253041 1.989060 -3.350106  -1.523632 1.324495 0.112393
25  0.000161 6.589466 0.000175  0.206356 -0.002128 -0.080395
26  0.000044 7.491416 0.000044  -0.333516 0.184455 -0.191163
27  0.000026 7.660300 -0.000054  -0.063173 0.127194 -0.062119
28  0.000006 7.256269 0.000015  -0.052939 -0.487829 0.313813
29  -0.791157 2.265121 -1.234655  -0.753899 1.136376 0.824664
30  -0.000258 8.572262 -0.000092  -0.222844 -0.296789 0.176505
31  -0.000092 8.117208 0.000050  0.072258 0.772520 -0.285587
32  -0.000084 8.230036 -0.000073  -0.080496 -0.347232 0.072252
33  0.000060 7.366725 0.000055  -0.015392 -0.663893 0.062743
34  0.224212 0.240122 -3.218158  -0.877381 1.468889 0.577820
35  -0.000101 7.721060 -0.000311  -0.283829 0.060495 -0.167556
36  -0.000030 7.374851 -0.000000  0.007537 -0.195020 0.049540
37  0.000076 6.848104 0.000007  0.005484 0.006497 -0.033649
38  -0.000051 7.777865 0.000011  -0.186097 0.182474 -0.152847
39  -1.514464 2.104653 -1.150166  -0.029093 0.541320 1.555671
40  -0.000168 6.982344 -0.000077  -0.199699 -0.041214 0.153490
41  0.000036 8.382869 -0.000071  0.044867 0.587987 -0.257958
42  0.000011 8.697702 -0.000023  -0.102637 -0.474319 0.290942
43  0.000058 8.921801 -0.000002  -0.076257 0.581004 -0.195602
44  1.196195 2.899154 -2.353085  -0.449719 1.030105 1.287423
45  0.000104 5.476943 0.000006  0.285574 -0.099353 -0.038446
46  -0.000077 6.060433 -0.000089  -0.155019 -0.575032 0.384609
47  0.000015 5.994266 0.000029  0.033940 0.288574 -0.067730
48  -0.000008 6.100492 0.000001  -0.068407 0.299273 -0.162152
49  0.000034 6.916761 0.000011  -0.096318 0.220533 -0.107966
50  0.000151 6.435061 -0.000048  -0.037456 0.171630 -0.116573
51  1.092798 3.649513 -1.738793  -0.148600 0.876612 1.445020
52  -0.000131 6.792208 -0.000104  0.008284 0.107792 -0.048643
53  -0.000087 7.744775 -0.000026  0.057137 -0.256893 0.015458
54  0.000086 9.115025 -0.000036  -0.020393 0.256253 -0.142636
55  3.494515 -1.749103 3.007064  0.118400 1.106974 1.813803
56  0.000014 4.323835 0.000090  -0.229908 -0.770943 0.449224
57  0.000030 4.872898 -0.000021  0.367245 -0.664052 -0.254033
58  0.000004 5.056646 0.000094  -0.511237 0.856585 -0.546325
59  2.292465 1.708616 3.661676  -1.762560 1.789109 -0.218979
60  -0.000174 6.589434 0.000285  -0.007133 -0.169123 0.176911
61  0.000173 7.491495 -0.000150  -0.132413 -0.107097 0.179327
62  -0.000137 8.249661 0.000144  0.041913 -0.058209 0.015813
63  0.000073 8.605234 -0.000029  0.101585 0.501824 -0.079696
64  -0.240488 2.066072 2.349267  -0.357331 2.461714 1.296076
65  -0.000087 7.721104 -0.000004  -0.208231 -0.126223 -0.116492
66  -0.000122 7.374859 -0.000046  -0.111017 0.046939 -0.046466
67  -0.000035 6.848068 -0.000026  0.273533 0.247522 0.299908
68  0.000038 7.777826 -0.000044  0.072921 0.186148 -0.052689
69  -0.000088 8.178051 0.000010  -0.087031 -0.422849 -0.381357
70  1.617606 3.431409 2.399266  -0.249454 2.569515 1.508568
71  -0.000156 5.476946 -0.000030  0.057729 0.074071 0.060287
72  -0.000093 6.060494 -0.000006  -0.015205 0.015650 -0.152066
73  0.000030 5.994251 0.000013  -0.126210 -0.157657 0.153303
74  -0.000085 7.076865 -0.000048  -0.008118 0.010384 0.036402
75  0.000005 7.089863 -0.000070  0.070875 0.098587 -0.025893
76  0.361109 0.886683 3.287746  -0.576369 1.978708 0.939011
77  -0.000064 6.686644 0.000228  -0.146568 0.414164 -0.327704
78  -0.000009 7.638017 0.000012  -0.079523 -0.025948 0.130953
79  -0.000030 7.290229 -0.000021  0.025325 -0.093908 0.023965
80  -0.000032 6.530369 0.000007  -0.261847 -0.300601 0.006734
81  0.000060 7.224873 0.000009  0.036505 0.032481 -0.175823
82  1.071895 3.225795 1.570115  -0.043805 2.859975 1.526244
83  0.000417 6.748897 -0.000066  -0.062703 0.083783 0.022203
84  -0.000049 8.002646 0.000026  -0.067497 -0.117209 -0.115600
85  0.000009 8.580570 -0.000097  0.088214 -0.007187 0.334606
86  0.000170 8.689826 -0.000042  0.065326 -0.412430 -0.134518
87  -1.514535 2.104638 0.318056  -0.024895 3.094491 1.569491
88  0.000194 6.982283 0.000012  -0.107588 -0.057625 -0.215715
89  -0.000007 8.382870 -0.000067  0.135030 -0.099914 0.287073
90  -0.000064 8.697676 0.000024  -0.148089 -0.510100 0.044839
91  -0.000139 8.921825 0.000079  -0.236827 -0.892635 0.098804
92  3.553620 -3.478045 2.409278  0.000821 0.762046 1.535304
93  -0.000003 4.476904 -0.000007  -0.151004 -0.588330 0.377259
94  0.000036 4.514115 -0.000023  -0.228868 -2.996200 0.592367
95  0.000047 4.518381 -0.000022  0.143171 2.612777 0.693383
96  0.000027 3.598323 0.000023  -0.749303 0.869851 -0.773233
97  4.209921 -0.440344 1.018824  -1.060262 -1.973570 -0.651168
98  4.265505 1.434229 -0.404991  -1.188829 -0.359947 -0.649024
99  9.400243 0.017940 0.083200  0.112902 -0.032913 -2.026353
100  10.242418 0.033589 0.064480  1.822663 -0.069820 0.031428
101  3.465855 -0.059678 0.016694  0.013344 -0.155610 -0.713186
102  1.655594 -0.000022 0.000023  0.002963 -0.108829 -0.255929
103  0.960769 0.000002 -0.000012  0.072271 0.048702 0.020043
104  3.462028 -0.064244 0.939911  0.355112 -0.249729 -0.598110
105  1.497177 -0.000008 0.000017  -0.486581 -0.020838 -0.142229
106  0.793759 0.000002 0.000000  -0.014674 0.016086 -0.176887
107  0.591662 -0.460693 0.835208  -0.615922 -0.736142 -0.966584
108  1.556139 0.000002 0.000001  -0.354741 0.115370 0.375504
109  1.135905 0.000017 0.000005  0.072683 -0.112105 0.071443
110  3.084269 -0.668819 -1.257083  -0.718753 0.312824 -0.824201
111  1.064202 -0.000004 0.000002  0.004477 0.113261 -0.697553
112  0.640339 0.000006 -0.000010  -0.097368 -0.043618 -0.512334
113  3.396821 -0.242137 -0.708690  -0.383028 0.055379 -0.752858
114  1.532968 0.000010 0.000002  0.021286 0.003123 -0.684647
115  0.832975 -0.000004 -0.000006  -0.075836 -0.066562 -0.551963
116  4.209943 -0.440341 -1.019279  1.420727 2.119447 -0.308512
117  4.266744 1.424943 0.424938  2.111465 0.382961 -0.190668
118  9.398570 0.011950 -0.082523  -0.037997 0.070234 -0.848680
119  10.242439 0.028177 -0.062905  -2.037431 0.265760 0.307360
120  3.465746 -0.067524 0.002267  -0.243781 0.249765 -1.696577
121  1.655562 0.000006 0.000010  -0.150849 0.181841 -1.090045
122  0.960907 -0.000001 -0.000001  0.000074 0.159516 -0.792025
123  3.466851 -0.077780 -0.920911  -0.489932 0.120074 -1.701701
124  1.497259 -0.000034 -0.000021  -0.562042 0.308362 -0.966491
125  0.793791 -0.000005 -0.000002  -0.192627 0.353307 -0.714539
126  0.595078 -0.467153 -0.829175  2.468681 0.674532 -0.726919
127  1.555673 0.000018 -0.000003  0.633658 0.517972 1.166058
128  1.136817 -0.000011 -0.000004  0.578605 0.458638 1.086397
129  3.075970 -0.667968 1.277701  0.596404 0.273301 -1.413564
130  1.064597 0.000020 0.000010  0.028453 -0.118636 -0.854385
131  0.640362 -0.000018 -0.000002  -0.106549 -0.025364 -0.496892
132  3.392410 -0.245367 0.728376  0.124620 0.326776 -1.767150
133  1.532739 -0.000008 -0.000001  0.008050 0.016223 -0.792859
134  0.833154 0.000006 0.000009  -0.081148 -0.068492 -1.020605
135  3.590111 -3.090294 1.193973  1.635457 1.210566 1.548541
136  3.589562 -3.089880 -1.196372  -1.505736 1.210473 -1.592853
137  -0.436559 4.719025 -0.001076  -0.000591 -1.570733 1.692920
138  0.000000 2.775450 -0.000237  -0.135089 0.000001 -0.000000
139  0.000000 3.189772 0.000007  0.207820 -0.000000 0.000000
140  0.000000 3.504652 0.000045  -0.261876 0.000000 -0.000000
141  0.000001 2.863198 -0.000002  -0.051268 0.000000 -0.000000
time 30
0  2.539267 7.888784 37.842228  1.570862 0.000000 -0.000000
1  0.002636 43.025146 0.734438  0.071299 -0.266954 -0.171676
2  3.061857 -4.181010 -0.610804  -1.781290 -0.516365 -0.972821
3  18.476776 0.000161 -0.000001  -0.016204 -0.086906 1.146672
4  17.490086 0.000118 0.000004  -0.108454 0.429794 -1.410288
5  -3.065330 -4.183573 -0.611480  -1.610823 -0.206168 -1.700140
6  18.474854 -0.000035 -0.000007  -0.001245 0.050582 0.649705
7  17.489584 0.001916 -0.000005  0.668326 0.369811 -1.135428
8  -0.000118 -0.048885 -0.576226  1.588088 0.054938 1.586285
9  3.224485 0.767047 0.000496  0.075390 0.016272 0.147872
10  3.223912 0.226399 -0.001945  0.054362 0.008446 0.149878
11  5.187322 -1.262559 -0.001177  0.000012 0.000066 0.194111
12  6.928408 -1.935313 -0.000227  -3.003898 -0.096899 0.164938
13  3.236368 1.079616 0.000057  0.015030 0.046669 0.006733
14  0.833758 3.805350 0.692955  -0.040492 0.554885 1.469865
15  0.000037 6.792211 0.000038  0.007991 0.036071 -0.011407
16  -0.000065 7.744813 0.000017  -0.017443 -0.155305 0.068153
17  0.000070 7.809701 0.000019  -0.033637 0.005026 0.006142
18  -0.000028 7.867673 0.000016  -0.073329 -0.127910 0.026375
19  3.494700 -1.749094 -3.006912  0.152547 2.070419 1.936938
20  0.000118 4.478323 0.000015  -0.194658 0.310431 -0.234996
21  0.000048 4.636120 -0.000029  0.035819 0.324592 -0.151767
22  -0.000043 5.008647 0.000012  0.076000 -0.286564 0.276091
23  0.000066 4.781161 0.000010  0.904405 -2.690904 -0.015801
24  2.253036 1.989056 -3.350106  -1.523632 1.324495 0.112393
25  0.000161 6.589459 0.000175  0.206356 -0.002128 -0.080395
26  0.000042 7.491410 0.000038  -0.333516 0.184455 -0.191163
27  0.000026 7.660311 -0.000057  -0.063173 0.127194 -0.062119
28  0.000006 7.256270 0.000022  -0.052939 -0.487829 0.313813
29  -0.791165 2.265116 -1.234655  -0.753899 1.136376 0.824664
30  -0.000257 8.572263 -0.000094  -0.222844 -0.296789 0.176505
31  -0.000098 8.117217 0.000047  0.072258 0.772520 -0.285587
32  -0.000082 8.230031 -0.000067  -0.080496 -0.347232 0.072252
33  0.000062 7.366724 0.000057  -0.015392 -0.663893 0.062743
34  0.224209 0.240125 -3.218157  -0.877381 1.468889 0.577820
35  -0.000101 7.721054 -0.000299  -0.283829 0.060495 -0.167556
36  -0.000031 7.374856 -0.000002  0.007537 -0.195020 0.049539
37  0.000076 6.848100 0.000006  0.005484 0.006497 -0.033649
38  -0.000051 7.777868 0.000008  -0.186097 0.182474 -0.152847
39  -1.514473 2.104646 -1.150167  -0.029093 0.541320 1.555671
40  -0.000172 6.982343 -0.000073  -0.199699 -0.041214 0.153490
41  0.000040 8.382859 -0.000072  0.044867 0.587987 -0.257958
42  0.000014 8.697703 -0.000024  -0.102637 -0.474319 0.290942
43  0.000058 8.921801 -0.000003  -0.076257 0.581004 -0.195602
44  1.196187 2.899153 -2.353085  -0.449719 1.030105 1.287423
45  0.000106 5.476943 0.000006  0.285574 -0.099353 -0.038446
46  -0.000072 6.060435 -0.000084  -0.155019 -0.575032 0.384609
47  0.000020 5.994257 0.000030  0.033940 0.288574 -0.067730
48  -0.000006 6.100491 -0.000003  -0.068407 0.299273 -0.162152
49  0.000034 6.916758 0.000005  -0.096318 0.220533 -0.107966
50  0.000150 6.435058 -0.000049  -0.037456 0.171630 -0.116573
51  1.092795 3.649512 -1.738794  -0.148600 0.876612 1.445020
52  -0.000128 6.792204 -0.000105  0.008284 0.107792 -0.048643
53  -0.000085 7.744780 -0.000024  0.057137 -0.256893 0.015458
54  0.000087 9.115023 -0.000034  -0.020393 0.256253 -0.142636
55  3.494514 -1.749104 3.007064  0.118400 1.106974 1.813803
56  0.000015 4.323832 0.000084  -0.229908 -0.770943 0.449224
57  0.000028 4.872899 -0.000020  0.367245 -0.664052 -0.254033
58  0.000009 5.056651 0.000096  -0.511237 0.856585 -0.546325
59  2.292459 1.708611 3.661675  -1.762560 1.789109 -0.218979
60  -0.000172 6.589446 0.000277  -0.007132 -0.169123 0.176911
61  0.000173 7.491495 -0.000153  -0.132413 -0.107097 0.179327
62  -0.000139 8.249662 0.000138  0.041912 -0.058209 0.015813
63  0.000070 8.605232 -0.000023  0.101585 0.501824 -0.079696
64  -0.240488 2.066073 2.349267  -0.357331 2.461714 1.296076
65  -0.000090 7.721104 -0.000001  -0.208231 -0.126223 -0.116492
66  -0.000121 7.374857 -0.000048  -0.111017 0.046939 -0.046466
67  -0.000034 6.848063 -0.000028  0.273533 0.247522 0.299909
68  0.000034 7.777824 -0.000043  0.072921 0.186148 -0.052689
69  -0.000085 8.178053 0.000010  -0.087031 -0.422849 -0.381357
70  1.617602 3.431409 2.399265  -0.249453 2.569515 1.508568
71  -0.000162 5.476938 -0.000031  0.057729 0.074071 0.060287
72  -0.000088 6.060498 -0.000006  -0.015205 0.015650 -0.152066
73  0.000022 5.994247 0.000011  -0.126210 -0.157657 0.153303
74  -0.000072 7.076878 -0.000046  -0.008118 0.010384 0.036402
75  0.000002 7.089869 -0.000068  0.070875 0.098587 -0.025893
76  0.361104 0.886678 3.287745  -0.576369 1.978708 0.939011
77  -0.000066 6.686641 0.000225  -0.146568 0.414164 -0.327704
78  -0.000011 7.638015 0.000014  -0.079523 -0.025948 0.130953
79  -0.000031 7.290226 -0.000021  0.025325 -0.093908 0.023965
80  -0.000035 6.530363 0.000003  -0.261847 -0.300601 0.006734
81  0.000064 7.224879 0.000011  0.036505 0.032480 -0.175823
82  1.071893 3.225795 1.570116  -0.043805 2.859975 1.526244
83  0.000412 6.748897 -0.000065  -0.062703 0.083783 0.022203
84  -0.000046 8.002649 0.000027  -0.067497 -0.117209 -0.115600
85  0.000013 8.580571 -0.000098  0.088214 -0.007187 0.334606
86  0.000169 8.689829 -0.000041  0.065326 -0.412430 -0.134518
87  -1.514541 2.104637 0.318055  -0.024895 3.094491 1.569491
88  0.000187 6.982285 0.000012  -0.107588 -0.057625 -0.215715
89  -0.000011 8.382872 -0.000068  0.135030 -0.099914 0.287073
90  -0.000062 8.697673 0.000022  -0.148089 -0.510100 0.044838
91  -0.000137 8.921825 0.000077  -0.236828 -0.892635 0.098804
92  3.553611 -3.478049 2.409277  0.000821 0.762046 1.535304
93  -0.000000 4.476910 -0.000005  -0.151004 -0.588330 0.377259
94  0.000032 4.514123 -0.000024  -0.228868 -2.996200 0.592367
95  0.000042 4.518381 -0.000020  0.143171 2.612777 0.693383
96  0.000024 3.598327 0.000022  -0.749303 0.869851 -0.773233
97  4.209920 -0.440346 1.018824  -1.093797 -1.975160 -0.619149
98  4.265505 1.434231 -0.404990  -1.260127 -0.326197 -0.651152
99  9.400234 0.017941 0.083206  0.114218 -0.030659 -2.060777
100  10.242418 0.033589 0.064483  1.833367 -0.059725 0.028749
101  3.465855 -0.059680 0.016694  0.010192 -0.150779 -0.690960
102  1.655594 -0.000023 0.000024  -0.001135 -0.102904 -0.235644
103  0.960769 -0.000003 -0.000004  0.068612 0.051198 0.033134
104  3.462026 -0.064250 0.939906  0.351218 -0.242937 -0.576183
105  1.497177 -0.000009 0.000022  -0.487206 -0.008778 -0.108383
106  0.793760 0.000004 -0.000005  -0.013149 0.013308 -0.155331
107  0.591662 -0.460692 0.835209  -0.635669 -0.744620 -0.940005
108  1.556139 0.000003 -0.000001  -0.348059 0.108625 0.366371
109  1.135903 0.000016 0.000002  0.069567 -0.111717 0.067245
110  3.084268 -0.668824 -1.257088  -0.714311 0.306879 -0.812942
111  1.064204 -0.000004 0.000009  0.008221 0.108406 -0.650883
112  0.640335 0.000005 -0.000008  -0.093519 -0.039372 -0.460403
113  3.396821 -0.242139 -0.708689  -0.381510 0.053586 -0.742024
114  1.532967 0.000005 0.000006  0.020778 0.002689 -0.646650
115  0.832975 -0.000004 -0.000004  -0.074178 -0.061586 -0.532399
116  4.209941 -0.440343 -1.019279  1.437364 2.120921 -0.294224
117  4.266745 1.424940 0.424937  2.058470 0.403275 -0.215986
118  9.398571 0.011949 -0.082513  -0.038930 0.070389 -0.860876
119  10.242440 0.028173 -0.062912  -2.022346 0.297249 0.291696
120  3.465746 -0.067525 0.002266  -0.243545 0.249782 -1.695294
121  1.655554 0.000004 0.000005  -0.151375 0.181969 -1.093045
122  0.960910 0.000006 0.000001  -0.000551 0.160146 -0.795435
123  3.466854 -0.077774 -0.920912  -0.489835 0.120137 -1.701185
124  1.497262 -0.000035 -0.000022  -0.562819 0.308905 -0.968779
125  0.793787 -0.000011 -0.000005  -0.193758 0.354585 -0.716564
126  0.595078 -0.467148 -0.829178  2.468679 0.674505 -0.726818
127  1.555674 0.000014 -0.000002  0.633810 0.517996 1.166230
128  1.136815 -0.000008 -0.000001  0.578542 0.458618 1.086329
129  3.075972 -0.667965 1.277698  0.596710 0.271760 -1.411772
130  1.064590 0.000017 0.000012  0.028380 -0.118591 -0.853590
131  0.640358 -0.000010 -0.000005  -0.106485 -0.025298 -0.496064
132  3.392412 -0.245368 0.728374  0.124620 0.326776 -1.767150
133  1.532736 -0.000006 -0.000002  0.008038 0.016238 -0.793522
134  0.833150 0.000006 0.000008  -0.081191 -0.068540 -1.021208
135  3.590113 -3.090294 1.193972  1.635457 1.210566 1.548541
136  3.589564 -3.089880 -1.196373  -1.505736 1.210473 -1.592853
137  -0.436559 4.719027 -0.001076  -0.000532 -1.570733 1.693004
138  -0.000001 2.775454 -0.000235  -0.135089 0.000001 -0.000000
139  -0.000000 3.189767 0.000009  0.207820 -0.000000 0.000000
140  0.000000 3.504645 0.000049  -0.261876 0.000000 -0.000000
141  0.000000 2.863202 -0.000002  -0.051268 -0.000000 -0.000000
time 31
0  2.779637 7.137057 37.748505  1.570862 0.000000 -0.000000
1  0.002636 43.025146 0.734438  0.086668 -0.301513 -0.154996
2  3.061857 -4.181011 -0.610804  -1.840169 -0.646150 -0.945364
3  18.476776 0.000159 -0.000002  -0.021838 -0.092990 1.248177
4  17.490088 0.000118 0.000002  -0.203409 0.308284 -1.237813
5  -3.065331 -4.183576 -0.611480  -1.525330 -0.209081 -1.763015
6  18.474854 -0.000033 -0.000008  -0.001415 0.049706 0.638806
7  17.489584 0.001915 -0.000004  0.596292 0.277051 -1.177714
8  -0.000117 -0.048884 -0.576226  1.569949 0.069748 1.582669
9  3.224480 0.767047 0.000497  0.053859 0.010943 0.131977
10  3.223913 0.226398 -0.001945  0.034859 0.004870 0.145154
11  5.187320 -1.262561 -0.001177  0.000012 0.000066 0.194111
12  6.928412 -1.935310 -0.000227  -3.005920 -0.114969 0.169701
13  3.236366 1.079613 0.000056  0.080132 0.074312 -0.016659
14  0.833766 3.805355 0.692956  -0.040492 0.554885 1.469865
15  0.000041 6.792208 0.000037  0.007991 0.036071 -0.011407
16  -0.000066 7.744814 0.000016  -0.017442 -0.155305 0.068153
17  0.000075 7.809703 0.000019  -0.033637 0.005026 0.006142
18  -0.000027 7.867672 0.000017  -0.073329 -0.127910 0.026375
19  3.494702 -1.749091 -3.006911  0.152547 2.070419 1.936938
20  0.000120 4.478319 0.000017  -0.194658 0.310431 -0.234996
21  0.000047 4.636123 -0.000029  0.035819 0.324592 -0.151767
22  -0.000042 5.008648 0.000015  0.076000 -0.286564 0.276091
23  0.000065 4.781164 0.000009  0.904405 -2.690904 -0.015801
24  2.253039 1.989057 -3.350106  -1.523632 1.324495 0.112393
25  0.000162 6.589464 0.000173  0.206356 -0.002128 -0.080395
26  0.000042 7.491414 0.000041  -0.333516 0.184455 -0.191163
27  0.000025 7.660309 -0.000059  -0.063173 0.127194 -0.062119
28  0.000006 7.256267 0.000021  -0.052939 -0.487829 0.313813
29  -0.791160 2.265118 -1.234655  -0.753899 1.136376 0.824664
30  -0.000257 8.572256 -0.000093  -0.222844 -0.296789 0.176505
31  -0.000097 8.117213 0.000044  0.072258 0.772520 -0.285587
32  -0.000082 8.230039 -0.000066  -0.080496 -0.347232 0.072252
33  0.000059 7.366724 0.000054  -0.015392 -0.663893 0.062743
34  0.224217 0.240125 -3.218157  -0.877381 1.468889 0.577820
35  -0.000101 7.721051 -0.000309  -0.283829 0.060495 -0.167556
36  -0.000030 7.374852 -0.000001  0.007537 -0.195020 0.049539
37  0.000076 6.848097 0.000007  0.005484 0.006497 -0.033649
38  -0.000050 7.777862 0.000009  -0.186096 0.182474 -0.152847
39  -1.514466 2.104650 -1.150166  -0.029093 0.541320 1.555671
40  -0.000165 6.982344 -0.000074  -0.199699 -0.041214 0.153490
41  0.000040 8.382862 -0.000073  0.044867 0.587987 -0.257958
42  0.000010 8.697702 -0.000026  -0.102637 -0.474319 0.290942
43  0.000060 8.921806 -0.000001  -0.076257 0.581004 -0.195602
44  1.196190 2.899153 -2.353086  -0.449719 1.030105 1.287423
45  0.000106 5.476940 0.000004  0.285574 -0.099353 -0.038446
46  -0.000073 6.060438 -0.000085  -0.155019 -0.575032 0.384609
47  0.000019 5.994263 0.000031  0.033940 0.288574 -0.067730
48  -0.000006 6.100487 -0.000000  -0.068407 0.299273 -0.162152
49  0.000034 6.916761 0.000010  -0.096318 0.220533 -0.107966
50  0.000149 6.435056 -0.000044  -0.037456 0.171630 -0.116573
51  1.092798 3.649513 -1.738793  -0.148600 0.876612 1.445020
52  -0.000130 6.792204 -0.000108  0.008284 0.107792 -0.048643
53  -0.000092 7.744775 -0.000037  0.057137 -0.256893 0.015458
54  0.000082 9.115020 -0.000037  -0.020393 0.256253 -0.142636
55  3.494518 -1.749102 3.007064  0.118400 1.106974 1.813804
56  0.000014 4.323838 0.000083  -0.229908 -0.770943 0.449224
57  0.000029 4.872899 -0.000021  0.367245 -0.664052 -0.254033
58  0.000000 5.056645 0.000092  -0.511237 0.856585 -0.546326
59  2.292464 1.708616 3.661675  -1.762560 1.789109 -0.218979
60  -0.000176 6.589436 0.000280  -0.007133 -0.169123 0.176911
61  0.000176 7.491499 -0.000152  -0.132413 -0.107097 0.179327
62  -0.000139 8.249662 0.000142  0.041913 -0.058209 0.015813
63  0.000074 8.605236 -0.000030  0.101585 0.501824 -0.079696
64  -0.240488 2.066071 2.349267  -0.357331 2.461714 1.296076
65  -0.000083 7.721101 -0.000003  -0.208231 -0.126223 -0.116492
66  -0.000122 7.374866 -0.000046  -0.111017 0.046939 -0.046466
67  -0.000035 6.848066 -0.000027  0.273533 0.247522 0.299909
68  0.000040 7.777824 -0.000045  0.072921 0.186148 -0.052689
69  -0.000084 8.178055 0.000011  -0.087031 -0.422849 -0.381357
70  1.617606 3.431412 2.399266  -0.249453 2.569515 1.508568
71  -0.000164 5.476938 -0.000027  0.057729 0.074071 0.060287
72  -0.000089 6.060492 -0.000008  -0.015205 0.015650 -0.152066
73  0.000023 5.994250 0.000012  -0.126210 -0.157657 0.153303
74  -0.000072 7.076869 -0.000048  -0.008118 0.010384 0.036402
75  0.000000 7.089867 -0.000070  0.070875 0.098587 -0.025893
76  0.361114 0.886685 3.287747  -0.576369 1.978708 0.939011
77  -0.000064 6.686649 0.000221  -0.146568 0.414164 -0.327704
78  -0.000011 7.638013 0.000014  -0.079523 -0.025948 0.130953
79  -0.000031 7.290225 -0.000021  0.025325 -0.093908 0.023965
80  -0.000035 6.530363 0.000002  -0.261847 -0.300601 0.006734
81  0.000062 7.224882 0.000010  0.036505 0.032480 -0.175823
82  1.071897 3.225796 1.570115  -0.043805 2.859975 1.526244
83  0.000420 6.748903 -0.000066  -0.062703 0.083783 0.022203
84  -0.000047 8.002645 0.000026  -0.067497 -0.117209 -0.115600
85  0.000017 8.580578 -0.000100  0.088214 -0.007187 0.334606
86  0.000170 8.689829 -0.000042  0.065326 -0.412430 -0.134518
87  -1.514530 2.104644 0.318056  -0.024895 3.094491 1.569491
88  0.000192 6.982287 0.000012  -0.107588 -0.057625 -0.215715
89  -0.000008 8.382871 -0.000068  0.135030 -0.099914 0.287073
90  -0.000063 8.697675 0.000023  -0.148089 -0.510100 0.044838
91  -0.000138 8.921824 0.000080  -0.236828 -0.892635 0.098804
92  3.553613 -3.478047 2.409276  0.000821 0.762046 1.535304
93  0.000003 4.476912 -0.000010  -0.151004 -0.588330 0.377259
94  0.000032 4.514122 -0.000022  -0.228868 -2.996200 0.592367
95  0.000043 4.518388 -0.000021  0.143171 2.612777 0.693383
96  0.000022 3.598322 0.000023  -0.749303 0.869851 -0.773233
97  4.209926 -0.440344 1.018823  -1.121119 -1.982027 -0.592211
98  4.265505 1.434226 -0.404994  -1.394592 -0.305972 -0.613105
99  9.400228 0.017941 0.083201  0.114988 -0.029253 -2.081906
100  10.242420 0.033592 0.064479  1.857425 -0.088420 0.003814
101  3.465858 -0.059676 0.016696  0.005788 -0.143812 -0.660137
102  1.655594 -0.000022 0.000019  -0.007743 -0.089367 -0.180556
103  0.960769 -0.000000 -0.000004  0.065092 0.057385 0.068517
104  3.462030 -0.064246 0.939912  0.347321 -0.235739 -0.548908
105  1.497177 -0.000005 0.000021  -0.487227 0.017279 -0.039812
106  0.793758 0.000005 0.000001  -0.010994 0.008247 -0.110631
107  0.591664 -0.460690 0.835206  -0.653920 -0.760879 -0.916211
108  1.556140 0.000004 -0.000002  -0.340876 0.095912 0.347221
109  1.135904 0.000018 0.000004  0.066128 -0.113047 0.055950
110  3.084272 -0.668816 -1.257082  -0.710921 0.299583 -0.800467
111  1.064201 -0.000001 0.000003  0.014598 0.099670 -0.565239
112  0.640338 0.000005 -0.000007  -0.088540 -0.034599 -0.377403
113  3.396825 -0.242133 -0.708684  -0.381000 0.051765 -0.728673
114  1.532970 0.000009 0.000007  0.020515 0.003047 -0.550503
115  0.832976 -0.000006 -0.000011  -0.072506 -0.051207 -0.469353
116  4.209948 -0.440341 -1.019279  1.476069 2.121263 -0.261265
117  4.266743 1.424947 0.424939  1.988179 0.402234 -0.253695
118  9.398567 0.011950 -0.082519  -0.039602 0.070493 -0.869638
119  10.242442 0.028176 -0.062903  -1.992369 0.316878 0.274766
120  3.465750 -0.067527 0.002267  -0.243175 0.249810 -1.693747
121  1.655558 0.000006 0.000009  -0.151960 0.182116 -1.096413
122  0.960908 0.000009 0.000005  -0.001303 0.160821 -0.799321
123  3.466856 -0.077783 -0.920910  -0.489775 0.120332 -1.700507
124  1.497256 -0.000035 -0.000022  -0.563650 0.309526 -0.971518
125  0.793794 -0.000005 0.000003  -0.195026 0.356099 -0.718926
126  0.595081 -0.467150 -0.829175  2.468721 0.674489 -0.726703
127  1.555679 0.000016 -0.000004  0.633916 0.518077 1.166380
128  1.136820 -0.000010 -0.000004  0.578542 0.458618 1.086329
129  3.075975 -0.667970 1.277700  0.597038 0.269962 -1.409698
130  1.064596 0.000018 0.000010  0.028308 -0.118545 -0.852796
131  0.640364 -0.000016 -0.000003  -0.106424 -0.025216 -0.495108
132  3.392414 -0.245369 0.728374  0.124568 0.326878 -1.767336
133  1.532739 -0.000010 -0.000003  0.008025 0.016253 -0.794186
134  0.833154 0.000003 0.000002  -0.081317 -0.068591 -1.021941
135  3.590106 -3.090294 1.193972  1.635457 1.210566 1.548541
136  3.589560 -3.089881 -1.196372  -1.505736 1.210473 -1.592853
137  -0.436557 4.719024 -0.001076  -0.000443 -1.570733 1.692799
138  0.000000 2.775460 -0.000237  -0.135089 0.000001 -0.000000
139  -0.000000 3.189773 0.000007  0.207820 -0.000000 0.000000
140  -0.000000 3.504655 0.000045  -0.261876 0.000000 -0.000000
141  0.000000 2.863194 -0.000001  -0.051268 0.000000 -0.000000
time 32
0  2.935233 6.249814 37.485600  1.570862 0.000000 -0.000000
1  0.002636 43.025146 0.734438  0.099682 -0.328820 -0.138309
2  3.061857 -4.181012 -0.610804  -1.894270 -0.722394 -0.929874
3  18.476776 0.000160 -0.000000  -0.021613 -0.092769 1.244319
4  17.490082 0.000118 0.000004  -0.228870 0.256365 -1.092420
5  -3.065330 -4.183573 -0.611480  -1.486910 -0.212426 -1.810523
6  18.474857 -0.000033 -0.000006  -0.001263 0.050496 0.648620
7  17.489584 0.001916 -0.000006  0.571386 0.220322 -1.222600
8  -0.000118 -0.048880 -0.576226  1.550300 0.082915 1.580761
9  3.224480 0.767047 0.000496  0.029652 0.004451 0.119662
10  3.223911 0.226399 -0.001945  0.013310 0.001361 0.142942
11  5.187321 -1.262559 -0.001177  0.000012 0.000066 0.194111
12  6.928405 -1.935313 -0.000227  -3.010512 -0.127768 0.174753
13  3.236357 1.079607 0.000057  0.147164 0.107451 -0.027848
14  0.833759 3.805353 0.692956  -0.040492 0.554885 1.469865
15  0.000040 6.792209 0.000039  0.007991 0.036071 -0.011407
16  -0.000067 7.744820 0.000015  -0.017442 -0.155305 0.068153
17  0.000071 7.809693 0.000017  -0.033637 0.005026 0.006142
18  -0.000027 7.867678 0.000019  -0.073329 -0.127910 0.026375
19  3.494699 -1.749091 -3.006912  0.152547 2.070419 1.936938
20  0.000120 4.478316 0.000017  -0.194658 0.310431 -0.234996
21  0.000048 4.636118 -0.000029  0.035819 0.324592 -0.151767
22  -0.000042 5.008652 0.000012  0.076000 -0.286564 0.276091
23  0.000064 4.781163 0.000010  0.904405 -2.690904 -0.015801
24  2.253040 1.989061 -3.350106  -1.523632 1.324495 0.112393
25  0.000163 6.589470 0.000170  0.206356 -0.002128 -0.080395
26  0.000041 7.491409 0.000038  -0.333516 0.184455 -0.191163
27  0.000025 7.660308 -0.000058  -0.063173 0.127194 -0.062119
28  0.000006 7.256269 0.000017  -0.052939 -0.487829 0.313813
29  -0.791161 2.265118 -1.234655  -0.753899 1.136376 0.824664
30  -0.000256 8.572264 -0.000087  -0.222844 -0.296789 0.176505
31  -0.000096 8.117217 0.000051  0.072258 0.772520 -0.285587
32  -0.000082 8.230034 -0.000073  -0.080496 -0.347232 0.072252
33  0.000061 7.366722 0.000054  -0.015393 -0.663893 0.062743
34  0.224217 0.240130 -3.218158  -0.877381 1.468889 0.577820
35  -0.000101 7.721052 -0.000308  -0.283829 0.060495 -0.167556
36  -0.000030 7.374856 -0.000002  0.007537 -0.195020 0.049540
37  0.000075 6.848102 0.000005  0.005484 0.006497 -0.033649
38  -0.000051 7.777864 0.000008  -0.186097 0.182474 -0.152847
39  -1.514470 2.104649 -1.150167  -0.029093 0.541320 1.555671
40  -0.000166 6.982349 -0.000075  -0.199699 -0.041214 0.153490
41  0.000038 8.382861 -0.000073  0.044867 0.587987 -0.257958
42  0.000013 8.697701 -0.000027  -0.102637 -0.474319 0.290942
43  0.000059 8.921803 -0.000005  -0.076256 0.581004 -0.195602
44  1.196193 2.899156 -2.353086  -0.449719 1.030105 1.287423
45  0.000106 5.476937 0.000005  0.285574 -0.099353 -0.038446
46  -0.000077 6.060443 -0.000089  -0.155019 -0.575032 0.384609
47  0.000018 5.994263 0.000031  0.033940 0.288575 -0.067730
48  -0.000008 6.100487 -0.000001  -0.068407 0.299273 -0.162152
49  0.000034 6.916760 0.000004  -0.096318 0.220533 -0.107966
50  0.000148 6.435059 -0.000047  -0.037456 0.171630 -0.116573
51  1.092800 3.649515 -1.738793  -0.148600 0.876612 1.445020
52  -0.000128 6.792199 -0.000099  0.008284 0.107792 -0.048643
53  -0.000089 7.744783 -0.000028  0.057137 -0.256893 0.015458
54  0.000082 9.115021 -0.000036  -0.020393 0.256253 -0.142636
55  3.494515 -1.749100 3.007064  0.118400 1.106974 1.813803
56  0.000014 4.323843 0.000087  -0.229908 -0.770943 0.449224
57  0.000028 4.872894 -0.000019  0.367245 -0.664052 -0.254033
58  0.000001 5.056649 0.000093  -0.511237 0.856585 -0.546325
59  2.292467 1.708619 3.661675  -1.762560 1.789109 -0.218978
60  -0.000174 6.589445 0.000273  -0.007132 -0.169123 0.176911
61  0.000173 7.491494 -0.000149  -0.132413 -0.107097 0.179327
62  -0.000140 8.249657 0.000145  0.041913 -0.058209 0.015813
63  0.000072 8.605242 -0.000033  0.101585 0.501824 -0.079696
64  -0.240483 2.066074 2.349268  -0.357331 2.461714 1.296076
65  -0.000082 7.721108 -0.000002  -0.208231 -0.126223 -0.116492
66  -0.000120 7.374861 -0.000049  -0.111017 0.046939 -0.046466
67  -0.000036 6.848065 -0.000026  0.273533 0.247522 0.299908
68  0.000035 7.777827 -0.000043  0.072921 0.186148 -0.052689
69  -0.000082 8.178053 0.000013  -0.087031 -0.422849 -0.381357
70  1.617606 3.431411 2.399266  -0.249454 2.569515 1.508568
71  -0.000162 5.476939 -0.000028  0.057729 0.074071 0.060287
72  -0.000092 6.060496 -0.000008  -0.015205 0.015650 -0.152066
73  0.000030 5.994249 0.000012  -0.126211 -0.157657 0.153303
74  -0.000078 7.076874 -0.000046  -0.008118 0.010384 0.036402
75  0.000004 7.089869 -0.000070  0.070875 0.098587 -0.025893
76  0.361109 0.886684 3.287746  -0.576369 1.978708 0.939011
77  -0.000068 6.686646 0.000226  -0.146568 0.414164 -0.327704
78  -0.000012 7.638017 0.000011  -0.079523 -0.025948 0.130953
79  -0.000035 7.290232 -0.000024  0.025325 -0.093908 0.023965
80  -0.000035 6.530371 0.000004  -0.261847 -0.300601 0.006734
81  0.000065 7.224880 0.000011  0.036505 0.032480 -0.175823
82  1.071897 3.225796 1.570115  -0.043805 2.859975 1.526244
83  0.000413 6.748905 -0.000067  -0.062703 0.083783 0.022203
84  -0.000046 8.002642 0.000026  -0.067497 -0.117209 -0.115600
85  0.000014 8.580580 -0.000097  0.088214 -0.007187 0.334606
86  0.000176 8.689834 -0.000039  0.065326 -0.412430 -0.134518
87  -1.514535 2.104642 0.318056  -0.024895 3.094491 1.569491
88  0.000196 6.982282 0.000010  -0.107588 -0.057625 -0.215715
89  -0.000009 8.382875 -0.000068  0.135030 -0.099914 0.287073
90  -0.000049 8.697674 0.000024  -0.148089 -0.510100 0.044838
91  -0.000134 8.921824 0.000077  -0.236828 -0.892635 0.098804
92  3.553613 -3.478046 2.409277  0.000821 0.762046 1.535304
93  -0.000003 4.476909 -0.000011  -0.151004 -0.588330 0.377259
94  0.000027 4.514121 -0.000025  -0.228868 -2.996200 0.592367
95  0.000045 4.518379 -0.000024  0.143171 2.612777 0.693383
96  0.000019 3.598328 0.000025  -0.749303 0.869851 -0.773233
97  4.209918 -0.440347 1.018823  -1.146182 -1.991901 -0.567022
98  4.265503 1.434235 -0.404993  -1.538979 -0.279484 -0.559771
99  9.400234 0.017941 0.083203  0.115450 -0.028374 -2.095001
100  10.242423 0.033593 0.064475  1.886409 -0.127121 -0.029029
101  3.465856 -0.059676 0.016693  0.000397 -0.133962 -0.620581
102  1.655593 -0.000023 0.000023  -0.013764 -0.074997 -0.125385
103  0.960769 0.000000 -0.000009  0.060872 0.062931 0.099289
104  3.462028 -0.064244 0.939907  0.342609 -0.231025 -0.512150
105  1.497179 -0.000011 0.000020  -0.485634 0.042407 0.027274
106  0.793761 0.000000 -0.000002  -0.009032 0.003402 -0.071109
107  0.591665 -0.460689 0.835207  -0.673264 -0.776651 -0.900273
108  1.556138 -0.000001 -0.000000  -0.332186 0.082107 0.325697
109  1.135903 0.000017 -0.000001  0.063638 -0.113168 0.047738
110  3.084268 -0.668819 -1.257086  -0.709761 0.297064 -0.780157
111  1.064200 -0.000005 0.000004  0.019577 0.090972 -0.486862
112  0.640338 0.000008 -0.000006  -0.082204 -0.030202 -0.296218
113  3.396823 -0.242138 -0.708693  -0.383041 0.052353 -0.708844
114  1.532969 0.000014 0.000006  0.020313 0.003590 -0.447461
115  0.832973 -0.000003 -0.000005  -0.068906 -0.039892 -0.404102
116  4.209942 -0.440346 -1.019280  1.531539 2.121695 -0.214039
117  4.266747 1.424941 0.424937  1.920034 0.371769 -0.300805
118  9.398569 0.011950 -0.082521  -0.040035 0.070557 -0.875286
119  10.242437 0.028175 -0.062904  -1.950378 0.327701 0.257483
120  3.465748 -0.067528 0.002266  -0.242773 0.249841 -1.692030
121  1.655566 0.000004 0.000010  -0.152614 0.182196 -1.100156
122  0.960907 0.000005 0.000000  -0.002066 0.161588 -0.803611
123  3.466853 -0.077782 -0.920910  -0.489744 0.120482 -1.699744
124  1.497259 -0.000035 -0.000022  -0.564579 0.310247 -0.974470
125  0.793788 -0.000007 0.000000  -0.196484 0.357727 -0.721523
126  0.595078 -0.467150 -0.829176  2.468762 0.674473 -0.726588
127  1.555676 0.000012 -0.000005  0.634024 0.518157 1.166530
128  1.136815 -0.000010 0.000000  0.578542 0.458618 1.086329
129  3.075973 -0.667969 1.277700  0.597389 0.268013 -1.407407
130  1.064595 0.000019 0.000011  0.028305 -0.118521 -0.851871
131  0.640365 -0.000010 -0.000003  -0.106288 -0.025177 -0.494147
132  3.392414 -0.245369 0.728376  0.124457 0.326939 -1.767615
133  1.532736 -0.000009 0.000001  0.008012 0.016269 -0.794916
134  0.833152 0.000013 0.000006  -0.081357 -0.068651 -1.022745
135  3.590111 -3.090294 1.193972  1.635457 1.210566 1.548541
136  3.589560 -3.089880 -1.196373  -1.505736 1.210473 -1.592853
137  -0.436558 4.719026 -0.001076  -0.000399 -1.570733 1.693041
138  0.000001 2.775461 -0.000238  -0.135089 0.000001 -0.000000
139  -0.000000 3.189765 0.000008  0.207820 -0.000000 0.000000
140  -0.000000 3.504649 0.000046  -0.261876 -0.000000 -0.000000
141  0.000000 2.863209 -0.000002  -0.051268 -0.000000 -0.000000
time 33
0  2.931299 5.284700 37.235111  1.570862 0.000000 -0.000000
1  0.002636 43.025146 0.734438  0.106905 -0.358475 -0.125858
2  3.061858 -4.181012 -0.610804  -1.927677 -0.720634 -0.933496
3  18.476770 0.000158 -0.000001  -0.011369 -0.080500 1.048469
4  17.490086 0.000116 0.000004  -0.123803 0.320722 -0.972831
5  -3.065329 -4.183577 -0.611480  -1.482551 -0.208617 -1.841079
6  18.474855 -0.000035 -0.000006  -0.001143 0.051095 0.656088
7  17.489584 0.001915 -0.000008  0.563897 0.188747 -1.254083
8  -0.000117 -0.048883 -0.576226  1.535943 0.094461 1.580708
9  3.224484 0.767047 0.000495  0.010287 -0.003679 0.109384
10  3.223912 0.226399 -0.001944  -0.003517 -0.003406 0.141962
11  5.187319 -1.262561 -0.001177  0.000012 0.000066 0.194111
12  6.928407 -1.935310 -0.000228  -3.014547 -0.136794 0.183194
13  3.236366 1.079611 0.000057  0.210638 0.131365 -0.032051
14  0.833762 3.805355 0.692956  -0.040492 0.554885 1.469865
15  0.000037 6.792207 0.000036  0.007991 0.036071 -0.011407
16  -0.000066 7.744812 0.000014  -0.017442 -0.155305 0.068153
17  0.000076 7.809698 0.000017  -0.033637 0.005026 0.006142
18  -0.000024 7.867671 0.000018  -0.073329 -0.127910 0.026375
19  3.494698 -1.749091 -3.006912  0.152547 2.070419 1.936938
20  0.000118 4.478325 0.000021  -0.194659 0.310431 -0.234996
21  0.000048 4.636110 -0.000029  0.035819 0.324592 -0.151767
22  -0.000041 5.008649 0.000013  0.076000 -0.286564 0.276091
23  0.000064 4.781159 0.000011  0.904405 -2.690904 -0.015801
24  2.253039 1.989061 -3.350107  -1.523632 1.324495 0.112393
25  0.000161 6.589462 0.000168  0.206356 -0.002128 -0.080395
26  0.000042 7.491414 0.000038  -0.333516 0.184455 -0.191163
27  0.000024 7.660305 -0.000054  -0.063173 0.127194 -0.062119
28  0.000006 7.256275 0.000016  -0.052939 -0.487829 0.313813
29  -0.791154 2.265126 -1.234655  -0.753899 1.136376 0.824664
30  -0.000255 8.572256 -0.000087  -0.222844 -0.296789 0.176505
31  -0.000095 8.117212 0.000046  0.072258 0.772520 -0.285587
32  -0.000085 8.230035 -0.000071  -0.080496 -0.347232 0.072252
33  0.000060 7.366725 0.000056  -0.015392 -0.663893 0.062743
34  0.224214 0.240126 -3.218158  -0.877381 1.468889 0.577820
35  -0.000101 7.721057 -0.000316  -0.283829 0.060495 -0.167556
36  -0.000031 7.374856 -0.000003  0.007537 -0.195020 0.049539
37  0.000076 6.848100 0.000012  0.005484 0.006497 -0.033649
38  -0.000052 7.777859 0.000006  -0.186097 0.182474 -0.152847
39  -1.514464 2.104651 -1.150167  -0.029093 0.541320 1.555671
40  -0.000165 6.982347 -0.000073  -0.199699 -0.041214 0.153490
41  0.000041 8.382863 -0.000071  0.044867 0.587987 -0.257958
42  0.000013 8.697703 -0.000029  -0.102637 -0.474319 0.290942
43  0.000056 8.921803 -0.000004  -0.076257 0.581004 -0.195602
44  1.196189 2.899156 -2.353086  -0.449719 1.030105 1.287423
45  0.000107 5.476941 0.000003  0.285574 -0.099353 -0.038446
46  -0.000074 6.060438 -0.000082  -0.155019 -0.575032 0.384609
47  0.000016 5.994267 0.000030  0.033940 0.288574 -0.067730
48  -0.000010 6.100488 0.000003  -0.068407 0.299273 -0.162152
49  0.000033 6.916758 0.000012  -0.096318 0.220533 -0.107966
50  0.000147 6.435055 -0.000050  -0.037456 0.171630 -0.116573
51  1.092799 3.649519 -1.738793  -0.148600 0.876612 1.445020
52  -0.000129 6.792205 -0.000101  0.008284 0.107792 -0.048643
53  -0.000085 7.744782 -0.000033  0.057137 -0.256893 0.015458
54  0.000088 9.115014 -0.000034  -0.020393 0.256253 -0.142636
55  3.494513 -1.749102 3.007064  0.118400 1.106974 1.813803
56  0.000014 4.323839 0.000087  -0.229908 -0.770943 0.449224
57  0.000029 4.872899 -0.000025  0.367245 -0.664052 -0.254033
58  0.000004 5.056648 0.000089  -0.511237 0.856585 -0.546325
59  2.292468 1.708617 3.661675  -1.762560 1.789109 -0.218978
60  -0.000170 6.589447 0.000272  -0.007132 -0.169123 0.176911
61  0.000175 7.491496 -0.000152  -0.132413 -0.107097 0.179327
62  -0.000139 8.249660 0.000139  0.041913 -0.058209 0.015813
63  0.000071 8.605236 -0.000026  0.101585 0.501824 -0.079696
64  -0.240483 2.066078 2.349267  -0.357331 2.461714 1.296076
65  -0.000079 7.721105 -0.000004  -0.208231 -0.126223 -0.116492
66  -0.000119 7.374873 -0.000049  -0.111017 0.046939 -0.046466
67  -0.000036 6.848059 -0.000025  0.273533 0.247522 0.299909
68  0.000034 7.777825 -0.000043  0.072921 0.186148 -0.052689
69  -0.000082 8.178056 0.000012  -0.087031 -0.422849 -0.381357
70  1.617607 3.431415 2.399265  -0.249454 2.569515 1.508568
71  -0.000159 5.476940 -0.000030  0.057729 0.074071 0.060287
72  -0.000099 6.060487 -0.000005  -0.015205 0.015650 -0.152066
73  0.000029 5.994258 0.000013  -0.126210 -0.157657 0.153303
74  -0.000082 7.076876 -0.000047  -0.008118 0.010384 0.036402
75  0.000002 7.089872 -0.000071  0.070875 0.098587 -0.025893
76  0.361110 0.886686 3.287745  -0.576369 1.978708 0.939011
77  -0.000062 6.686639 0.000219  -0.146568 0.414164 -0.327704
78  -0.000013 7.638027 0.000012  -0.079524 -0.025948 0.130953
79  -0.000033 7.290228 -0.000022  0.025325 -0.093908 0.023965
80  -0.000036 6.530368 0.000004  -0.261847 -0.300601 0.006734
81  0.000062 7.224880 0.000009  0.036505 0.032480 -0.175823
82  1.071896 3.225797 1.570115  -0.043805 2.859975 1.526244
83  0.000412 6.748900 -0.000066  -0.062703 0.083783 0.022203
84  -0.000050 8.002647 0.000027  -0.067497 -0.117209 -0.115600
85  0.000010 8.580569 -0.000098  0.088214 -0.007187 0.334606
86  0.000172 8.689826 -0.000041  0.065326 -0.412430 -0.134518
87  -1.514537 2.104639 0.318055  -0.024895 3.094491 1.569491
88  0.000187 6.982283 0.000012  -0.107588 -0.057625 -0.215715
89  -0.000011 8.382871 -0.000068  0.135030 -0.099914 0.287073
90  -0.000064 8.697669 0.000023  -0.148089 -0.510100 0.044839
91  -0.000129 8.921826 0.000078  -0.236828 -0.892635 0.098804
92  3.553615 -3.478044 2.409277  0.000821 0.762046 1.535304
93  -0.000002 4.476911 -0.000009  -0.151004 -0.588330 0.377259
94  0.000030 4.514123 -0.000022  -0.228868 -2.996200 0.592367
95  0.000042 4.518381 -0.000026  0.143171 2.612777 0.693383
96  0.000021 3.598329 0.000024  -0.749303 0.869851 -0.773233
97  4.209920 -0.440342 1.018823  -1.170426 -2.003748 -0.542492
98  4.265510 1.434228 -0.404992  -1.649284 -0.235226 -0.514755
99  9.400234 0.017941 0.083201  0.115806 -0.027675 -2.105335
100  10.242418 0.033597 0.064479  1.917027 -0.151172 -0.056200
101  3.465857 -0.059684 0.016693  -0.006094 -0.120021 -0.570922
102  1.655598 -0.000019 0.000020  -0.017435 -0.068236 -0.110439
103  0.960770 -0.000002 -0.000008  0.054799 0.062577 0.093771
104  3.462030 -0.064249 0.939908  0.335854 -0.232797 -0.459580
105  1.497179 -0.000008 0.000019  -0.485128 0.048748 0.049852
106  0.793762 -0.000002 0.000001  -0.007915 0.001715 -0.070545
107  0.591667 -0.460694 0.835209  -0.695714 -0.782192 -0.901202
108  1.556140 0.000000 -0.000004  -0.321021 0.072449 0.310461
109  1.135906 0.000018 0.000005  0.063955 -0.108096 0.055293
110  3.084269 -0.668825 -1.257084  -0.712522 0.307661 -0.742349
111  1.064201 -0.000001 0.000004  0.019807 0.087953 -0.469792
112  0.640336 0.000003 -0.000008  -0.074718 -0.026627 -0.254040
113  3.396824 -0.242141 -0.708689  -0.389775 0.058546 -0.676748
114  1.532970 0.000010 0.000002  0.019750 0.003696 -0.392092
115  0.832976 -0.000000 -0.000004  -0.062661 -0.032064 -0.379915
116  4.209943 -0.440340 -1.019279  1.593602 2.123061 -0.161133
117  4.266743 1.424942 0.424937  1.867497 0.318271 -0.354053
118  9.398568 0.011950 -0.082515  -0.040004 0.070553 -0.874878
119  10.242439 0.028176 -0.062903  -1.906034 0.333076 0.241599
120  3.465749 -0.067533 0.002268  -0.242389 0.249912 -1.690152
121  1.655553 0.000008 0.000009  -0.153308 0.182375 -1.104192
122  0.960907 0.000008 0.000007  -0.002913 0.162459 -0.808236
123  3.466858 -0.077789 -0.920907  -0.489655 0.120685 -1.698809
124  1.497257 -0.000034 -0.000021  -0.565602 0.311032 -0.977724
125  0.793787 -0.000010 0.000000  -0.198049 0.359554 -0.724405
126  0.595080 -0.467159 -0.829175  2.468803 0.674444 -0.726423
127  1.555676 0.000012 -0.000003  0.634183 0.518235 1.166724
128  1.136813 -0.000006 -0.000001  0.578480 0.458598 1.086261
129  3.075976 -0.667972 1.277701  0.597859 0.265777 -1.404766
130  1.064596 0.000020 0.000013  0.028214 -0.118464 -0.850879
131  0.640366 -0.000009 -0.000005  -0.106228 -0.025079 -0.493066
132  3.392416 -0.245371 0.728376  0.124355 0.327028 -1.767939
133  1.532736 -0.000008 0.000002  0.007996 0.016289 -0.795779
134  0.833153 0.000007 0.000005  -0.081396 -0.068711 -1.023549
135  3.590111 -3.090295 1.193972  1.635457 1.210566 1.548541
136  3.589556 -3.089880 -1.196372  -1.505736 1.210473 -1.592853
137  -0.436564 4.719025 -0.001075  -0.000709 -1.570733 1.693208
138  -0.000001 2.775451 -0.000235  -0.135089 0.000001 -0.000000
139  0.000000 3.189772 0.000008  0.207820 -0.000000 0.000000
140  -0.000000 3.504650 0.000045  -0.261876 -0.000000 -0.000000
141  0.000000 2.863200 -0.000002  -0.051268 0.000000 0.000000
time 34
0  2.819325 4.280132 36.949039  1.570862 0.000000 -0.000000
1  0.002636 43.025146 0.734438  0.108686 -0.388726 -0.115768
2  3.061858 -4.181015 -0.610803  -1.953201 -0.677442 -0.946676
3  18.476774 0.000161 0.000001  -0.000340 -0.056868 0.728354
4  17.490084 0.000116 0.000004  0.054437 0.481667 -0.837115
5  -3.065329 -4.183573 -0.611480  -1.479066 -0.197517 -1.868506
6  18.474854 -0.000035 -0.000009  -0.001006 0.051745 0.664203
7  17.489586 0.001916 -0.000009  0.557204 0.156250 -1.291390
8  -0.000117 -0.048883 -0.576226  1.525050 0.103609 1.583450
9  3.224485 0.767047 0.000495  -0.006568 -0.012008 0.102545
10  3.223909 0.226399 -0.001944  -0.017562 -0.007999 0.142699
11  5.187322 -1.262560 -0.001177  0.000012 0.000066 0.194111
12  6.928414 -1.935316 -0.000228  -3.018200 -0.142536 0.194055
13  3.236370 1.079617 0.000057  0.267644 0.151426 -0.029641
14  0.833765 3.805357 0.692955  -0.040492 0.554884 1.469865
15  0.000041 6.792215 0.000039  0.007991 0.036071 -0.011407
16  -0.000064 7.744821 0.000016  -0.017442 -0.155305 0.068153
17  0.000072 7.809697 0.000019  -0.033637 0.005026 0.006142
18  -0.000019 7.867665 0.000018  -0.073329 -0.127910 0.026375
19  3.494705 -1.749086 -3.006911  0.152547 2.070420 1.936938
20  0.000119 4.478322 0.000019  -0.194659 0.310431 -0.234996
21  0.000047 4.636115 -0.000029  0.035819 0.324592 -0.151767
22  -0.000043 5.008647 0.000012  0.076000 -0.286565 0.276091
23  0.000063 4.781161 0.000011  0.904405 -2.690904 -0.015801
24  2.253044 1.989064 -3.350106  -1.523632 1.324495 0.112393
25  0.000161 6.589465 0.000167  0.206356 -0.002128 -0.080395
26  0.000040 7.491419 0.000041  -0.333516 0.184455 -0.191163
27  0.000027 7.660306 -0.000053  -0.063173 0.127194 -0.062119
28  0.000005 7.256267 0.000020  -0.052939 -0.487829 0.313813
29  -0.791160 2.265121 -1.234655  -0.753899 1.136376 0.824664
30  -0.000255 8.572258 -0.000091  -0.222844 -0.296789 0.176505
31  -0.000094 8.117216 0.000047  0.072258 0.772520 -0.285587
32  -0.000082 8.230029 -0.000065  -0.080496 -0.347232 0.072252
33  0.000061 7.366724 0.000056  -0.015393 -0.663893 0.062743
34  0.224221 0.240132 -3.218157  -0.877381 1.468889 0.577820
35  -0.000101 7.721051 -0.000306  -0.283829 0.060495 -0.167556
36  -0.000030 7.374852 0.000001  0.007537 -0.195020 0.049540
37  0.000075 6.848105 0.000005  0.005484 0.006497 -0.033649
38  -0.000051 7.777864 0.000010  -0.186097 0.182474 -0.152847
39  -1.514467 2.104651 -1.150167  -0.029093 0.541320 1.555671
40  -0.000169 6.982346 -0.000074  -0.199699 -0.041214 0.153490
41  0.000040 8.382857 -0.000072  0.044867 0.587987 -0.257958
42  0.000011 8.697701 -0.000026  -0.102637 -0.474319 0.290942
43  0.000056 8.921803 -0.000000  -0.076257 0.581004 -0.195602
44  1.196200 2.899165 -2.353085  -0.449719 1.030105 1.287423
45  0.000105 5.476940 0.000007  0.285574 -0.099353 -0.038446
46  -0.000074 6.060437 -0.000093  -0.155019 -0.575032 0.384609
47  0.000020 5.994254 0.000028  0.033940 0.288575 -0.067730
48  -0.000007 6.100486 0.000000  -0.068407 0.299273 -0.162152
49  0.000036 6.916758 0.000010  -0.096318 0.220533 -0.107966
50  0.000149 6.435059 -0.000044  -0.037456 0.171630 -0.116573
51  1.092802 3.649519 -1.738793  -0.148600 0.876612 1.445020
52  -0.000126 6.792201 -0.000105  0.008284 0.107792 -0.048643
53  -0.000092 7.744781 -0.000035  0.057137 -0.256893 0.015458
54  0.000083 9.115022 -0.000039  -0.020393 0.256253 -0.142636
55  3.494524 -1.749094 3.007065  0.118400 1.106974 1.813803
56  0.000014 4.323848 0.000086  -0.229908 -0.770943 0.449224
57  0.000029 4.872895 -0.000022  0.367245 -0.664052 -0.254033
58  0.000006 5.056651 0.000094  -0.511238 0.856585 -0.546325
59  2.292468 1.708619 3.661675  -1.762560 1.789109 -0.218979
60  -0.000173 6.589447 0.000274  -0.007133 -0.169123 0.176911
61  0.000175 7.491499 -0.000147  -0.132413 -0.107097 0.179327
62  -0.000141 8.249664 0.000147  0.041912 -0.058209 0.015813
63  0.000072 8.605238 -0.000027  0.101585 0.501824 -0.079696
64  -0.240481 2.066077 2.349267  -0.357331 2.461714 1.296076
65  -0.000083 7.721100 -0.000006  -0.208231 -0.126223 -0.116492
66  -0.000124 7.374874 -0.000050  -0.111017 0.046939 -0.046466
67  -0.000034 6.848054 -0.000027  0.273533 0.247522 0.299908
68  0.000033 7.777825 -0.000045  0.072921 0.186148 -0.052689
69  -0.000084 8.178055 0.000010  -0.087031 -0.422849 -0.381357
70  1.617608 3.431415 2.399266  -0.249454 2.569515 1.508568
71  -0.000164 5.476943 -0.000029  0.057729 0.074071 0.060287
72  -0.000092 6.060495 -0.000007  -0.015205 0.015650 -0.152067
73  0.000026 5.994246 0.000010  -0.126211 -0.157657 0.153303
74  -0.000081 7.076872 -0.000045  -0.008118 0.010385 0.036402
75  0.000006 7.089869 -0.000069  0.070875 0.098587 -0.025893
76  0.361117 0.886689 3.287746  -0.576369 1.978708 0.939011
77  -0.000060 6.686647 0.000226  -0.146568 0.414164 -0.327704
78  -0.000009 7.638019 0.000015  -0.079524 -0.025948 0.130953
79  -0.000028 7.290230 -0.000024  0.025325 -0.093908 0.023965
80  -0.000036 6.530370 0.000003  -0.261847 -0.300601 0.006734
81  0.000062 7.224884 0.000009  0.036505 0.032481 -0.175823
82  1.071899 3.225799 1.570115  -0.043805 2.859975 1.526244
83  0.000408 6.748900 -0.000066  -0.062703 0.083783 0.022203
84  -0.000050 8.002643 0.000027  -0.067497 -0.117209 -0.115600
85  0.000013 8.580567 -0.000098  0.088214 -0.007187 0.334606
86  0.000171 8.689831 -0.000040  0.065326 -0.412430 -0.134518
87  -1.514531 2.104646 0.318056  -0.024895 3.094491 1.569491
88  0.000190 6.982279 0.000012  -0.107588 -0.057625 -0.215715
89  -0.000009 8.382873 -0.000069  0.135030 -0.099914 0.287073
90  -0.000058 8.697666 0.000024  -0.148089 -0.510100 0.044839
91  -0.000134 8.921818 0.000082  -0.236827 -0.892635 0.098804
92  3.553618 -3.478041 2.409277  0.000821 0.762046 1.535304
93  -0.000001 4.476906 -0.000010  -0.151004 -0.588330 0.377259
94  0.000029 4.514131 -0.000025  -0.228868 -2.996200 0.592367
95  0.000043 4.518386 -0.000026  0.143171 2.612777 0.693383
96  0.000025 3.598325 0.000026  -0.749303 0.869851 -0.773233
97  4.209918 -0.440346 1.018823  -1.197258 -2.016484 -0.515689
98  4.265508 1.434231 -0.404991  -1.736315 -0.186623 -0.479965
99  9.400240 0.017942 0.083198  0.116073 -0.027140 -2.113213
100  10.242419 0.033592 0.064477  1.942785 -0.169676 -0.084731
101  3.465853 -0.059679 0.016693  -0.012398 -0.103610 -0.516926
102  1.655595 -0.000018 0.000022  -0.020529 -0.064033 -0.108570
103  0.960768 -0.000001 -0.000005  0.048057 0.059434 0.073089
104  3.462029 -0.064245 0.939908  0.328006 -0.237768 -0.400183
105  1.497177 -0.000010 0.000022  -0.485528 0.048234 0.056007
106  0.793760 0.000008 -0.000003  -0.007025 0.001523 -0.086776
107  0.591662 -0.460692 0.835206  -0.716811 -0.784438 -0.913839
108  1.556140 0.000002 0.000003  -0.309025 0.063828 0.296509
109  1.135906 0.000017 -0.000000  0.065797 -0.101152 0.068535
110  3.084268 -0.668821 -1.257087  -0.716736 0.324320 -0.697810
111  1.064201 -0.000005 0.000004  0.018207 0.087466 -0.479842
112  0.640339 0.000006 -0.000009  -0.067031 -0.023821 -0.232271
113  3.396820 -0.242138 -0.708691  -0.398648 0.068072 -0.639741
114  1.532970 0.000013 0.000008  0.018955 0.003658 -0.357075
115  0.832975 -0.000004 -0.000004  -0.055514 -0.026191 -0.375790
116  4.209945 -0.440343 -1.019280  1.651514 2.125066 -0.111746
117  4.266747 1.424935 0.424937  1.824598 0.269039 -0.397179
118  9.398566 0.011951 -0.082513  -0.039253 0.070440 -0.865085
119  10.242438 0.028178 -0.062903  -1.869182 0.335920 0.228578
120  3.465746 -0.067525 0.002266  -0.241910 0.249946 -1.688011
121  1.655564 0.000005 0.000005  -0.154086 0.182578 -1.108748
122  0.960908 0.000004 -0.000001  -0.003901 0.163383 -0.813411
123  3.466852 -0.077779 -0.920911  -0.489556 0.120890 -1.697789
124  1.497260 -0.000032 -0.000023  -0.566798 0.311868 -0.981363
125  0.793791 -0.000006 -0.000000  -0.199774 0.361510 -0.727615
126  0.595074 -0.467147 -0.829178  2.468843 0.674415 -0.726258
127  1.555673 0.000013 -0.000003  0.634341 0.518312 1.166919
128  1.136813 -0.000008 -0.000001  0.578417 0.458579 1.086192
129  3.075973 -0.667964 1.277700  0.598283 0.263374 -1.401997
130  1.064592 0.000016 0.000011  0.028118 -0.118403 -0.849820
131  0.640365 -0.000011 -0.000004  -0.106096 -0.025007 -0.491852
132  3.392411 -0.245367 0.728376  0.124253 0.327117 -1.768263
133  1.532734 -0.000007 -0.000002  0.007927 0.016278 -0.796642
134  0.833151 0.000009 0.000006  -0.081481 -0.068815 -1.024485
135  3.590109 -3.090294 1.193972  1.635457 1.210566 1.548541
136  3.589561 -3.089880 -1.196372  -1.505736 1.210473 -1.592853
137  -0.436562 4.719026 -0.001076  -0.000473 -1.570733 1.692979
138  -0.000000 2.775452 -0.000234  -0.135089 0.000001 -0.000000
139  0.000001 3.189766 0.000007  0.207820 0.000000 0.000000
140  -0.000000 3.504647 0.000045  -0.261876 0.000000 -0.000000
141  0.000000 2.863199 -0.000002  -0.051268 -0.000000 -0.000000
time 35
0  2.604229 3.279581 36.634930  1.570862 0.000000 -0.000000
1  0.002636 43.025146 0.734438  0.102985 -0.420092 -0.107756
2  3.061857 -4.181014 -0.610804  -1.969764 -0.624977 -0.961688
3  18.476768 0.000157 0.000000  0.002729 -0.032582 0.428491
4  17.490086 0.000117 0.000003  0.209974 0.665828 -0.706804
5  -3.065329 -4.183577 -0.611480  -1.476791 -0.179668 -1.893361
6  18.474854 -0.000035 -0.000007  -0.000822 0.052585 0.674700
7  17.489582 0.001916 -0.000007  0.550007 0.122075 -1.332328
8  -0.000116 -0.048885 -0.576226  1.517851 0.109278 1.590843
9  3.224480 0.767047 0.000496  -0.021529 -0.018733 0.099896
10  3.223908 0.226399 -0.001945  -0.028216 -0.010736 0.145283
11  5.187324 -1.262560 -0.001177  0.000012 0.000066 0.194111
12  6.928409 -1.935313 -0.000227  -3.020253 -0.146370 0.209126
13  3.236368 1.079608 0.000059  0.311016 0.166920 -0.022906
14  0.833767 3.805355 0.692956  -0.040492 0.554885 1.469865
15  0.000041 6.792209 0.000039  0.007991 0.036071 -0.011407
16  -0.000069 7.744818 0.000014  -0.017442 -0.155305 0.068153
17  0.000071 7.809701 0.000020  -0.033637 0.005026 0.006142
18  -0.000025 7.867672 0.000020  -0.073329 -0.127910 0.026376
19  3.494710 -1.749087 -3.006911  0.152547 2.070419 1.936938
20  0.000119 4.478319 0.000020  -0.194659 0.310431 -0.234996
21  0.000048 4.636118 -0.000030  0.035819 0.324592 -0.151767
22  -0.000042 5.008655 0.000014  0.076000 -0.286565 0.276091
23  0.000064 4.781166 0.000011  0.904405 -2.690904 -0.015801
24  2.253048 1.989062 -3.350105  -1.523632 1.324495 0.112393
25  0.000160 6.589469 0.000170  0.206356 -0.002128 -0.080395
26  0.000043 7.491418 0.000045  -0.333516 0.184455 -0.191163
27  0.000026 7.660301 -0.000057  -0.063173 0.127194 -0.062119
28  0.000007 7.256269 0.000015  -0.052939 -0.487829 0.313813
29  -0.791147 2.265126 -1.234654  -0.753899 1.136376 0.824664
30  -0.000254 8.572265 -0.000093  -0.222844 -0.296789 0.176505
31  -0.000097 8.117215 0.000046  0.072258 0.772520 -0.285587
32  -0.000081 8.230032 -0.000068  -0.080495 -0.347232 0.072252
33  0.000061 7.366717 0.000052  -0.015393 -0.663893 0.062743
34  0.224225 0.240131 -3.218157  -0.877381 1.468889 0.577820
35  -0.000101 7.721056 -0.000309  -0.283829 0.060495 -0.167556
36  -0.000031 7.374855 -0.000006  0.007537 -0.195020 0.049540
37  0.000076 6.848104 0.000008  0.005484 0.006497 -0.033649
38  -0.000051 7.777867 0.000013  -0.186097 0.182474 -0.152847
39  -1.514455 2.104656 -1.150166  -0.029093 0.541320 1.555671
40  -0.000165 6.982349 -0.000076  -0.199699 -0.041214 0.153490
41  0.000040 8.382859 -0.000072  0.044867 0.587987 -0.257958
42  0.000010 8.697704 -0.000023  -0.102637 -0.474319 0.290942
43  0.000057 8.921804 -0.000002  -0.076256 0.581004 -0.195602
44  1.196200 2.899158 -2.353085  -0.449719 1.030105 1.287423
45  0.000104 5.476943 0.000008  0.285574 -0.099353 -0.038446
46  -0.000074 6.060435 -0.000093  -0.155019 -0.575032 0.384609
47  0.000017 5.994266 0.000029  0.033940 0.288575 -0.067730
48  -0.000009 6.100482 -0.000000  -0.068407 0.299273 -0.162152
49  0.000035 6.916758 0.000009  -0.096318 0.220533 -0.107966
50  0.000148 6.435061 -0.000050  -0.037456 0.171630 -0.116573
51  1.092804 3.649514 -1.738793  -0.148600 0.876612 1.445020
52  -0.000127 6.792201 -0.000104  0.008284 0.107792 -0.048643
53  -0.000090 7.744781 -0.000029  0.057137 -0.256893 0.015458
54  0.000083 9.115019 -0.000037  -0.020393 0.256253 -0.142636
55  3.494522 -1.749100 3.007064  0.118400 1.106974 1.813803
56  0.000014 4.323841 0.000087  -0.229908 -0.770943 0.449224
57  0.000027 4.872899 -0.000019  0.367245 -0.664052 -0.254033
58  0.000003 5.056653 0.000092  -0.511237 0.856585 -0.546325
59  2.292479 1.708623 3.661677  -1.762560 1.789109 -0.218979
60  -0.000173 6.589438 0.000272  -0.007132 -0.169123 0.176911
61  0.000175 7.491499 -0.000155  -0.132413 -0.107097 0.179327
62  -0.000139 8.249662 0.000138  0.041913 -0.058209 0.015813
63  0.000073 8.605236 -0.000029  0.101585 0.501824 -0.079696
64  -0.240482 2.066073 2.349268  -0.357331 2.461714 1.296076
65  -0.000084 7.721102 -0.000004  -0.208231 -0.126223 -0.116492
66  -0.000130 7.374861 -0.000045  -0.111017 0.046939 -0.046466
67  -0.000040 6.848067 -0.000027  0.273533 0.247522 0.299908
68  0.000036 7.777823 -0.000042  0.072921 0.186148 -0.052689
69  -0.000088 8.178050 0.000011  -0.087031 -0.422849 -0.381357
70  1.617620 3.431418 2.399267  -0.249453 2.569515 1.508568
71  -0.000159 5.476938 -0.000030  0.057729 0.074071 0.060287
72  -0.000096 6.060495 -0.000007  -0.015205 0.015650 -0.152067
73  0.000028 5.994248 0.000012  -0.126210 -0.157657 0.153303
74  -0.000078 7.076872 -0.000046  -0.008118 0.010384 0.036402
75  0.000002 7.089869 -0.000068  0.070875 0.098587 -0.025893
76  0.361123 0.886689 3.287747  -0.576369 1.978708 0.939011
77  -0.000064 6.686646 0.000219  -0.146567 0.414164 -0.327704
78  -0.000012 7.638020 0.000008  -0.079524 -0.025948 0.130953
79  -0.000031 7.290230 -0.000022  0.025325 -0.093908 0.023965
80  -0.000031 6.530371 0.000006  -0.261847 -0.300601 0.006734
81  0.000063 7.224879 0.000011  0.036505 0.032481 -0.175823
82  1.071904 3.225799 1.570116  -0.043805 2.859975 1.526244
83  0.000418 6.748904 -0.000066  -0.062703 0.083783 0.022203
84  -0.000046 8.002647 0.000026  -0.067497 -0.117209 -0.115600
85  0.000012 8.580573 -0.000098  0.088214 -0.007187 0.334606
86  0.000166 8.689828 -0.000041  0.065326 -0.412430 -0.134518
87  -1.514528 2.104640 0.318056  -0.024895 3.094491 1.569491
88  0.000191 6.982281 0.000011  -0.107588 -0.057625 -0.215715
89  -0.000009 8.382870 -0.000068  0.135030 -0.099914 0.287073
90  -0.000062 8.697667 0.000023  -0.148089 -0.510100 0.044838
91  -0.000135 8.921824 0.000080  -0.236828 -0.892635 0.098804
92  3.553626 -3.478041 2.409278  0.000821 0.762046 1.535304
93  -0.000003 4.476905 -0.000007  -0.151004 -0.588330 0.377259
94  0.000032 4.514124 -0.000025  -0.228868 -2.996200 0.592367
95  0.000045 4.518379 -0.000023  0.143171 2.612777 0.693383
96  0.000021 3.598330 0.000023  -0.749303 0.869851 -0.773233
97  4.209918 -0.440346 1.018824  -1.231738 -2.029208 -0.482198
98  4.265504 1.434232 -0.404992  -1.796002 -0.139649 -0.460965
99  9.400242 0.017943 0.083200  0.116544 -0.026168 -2.127462
100  10.242419 0.033595 0.064482  1.952151 -0.183183 -0.117546
101  3.465858 -0.059676 0.016694  -0.018386 -0.084841 -0.458073
102  1.655593 -0.000032 0.000021  -0.023834 -0.058555 -0.100722
103  0.960769 -0.000004 -0.000008  0.041486 0.055144 0.049700
104  3.462026 -0.064245 0.939909  0.319431 -0.246053 -0.336292
105  1.497180 -0.000014 0.000023  -0.485851 0.048418 0.063860
106  0.793754 0.000008 0.000000  -0.006212 0.001768 -0.106887
107  0.591661 -0.460689 0.835206  -0.730626 -0.788630 -0.943529
108  1.556137 0.000005 0.000003  -0.297502 0.053773 0.279520
109  1.135904 0.000016 0.000002  0.069133 -0.094363 0.081555
110  3.084269 -0.668820 -1.257085  -0.722529 0.346082 -0.650200
111  1.064202 -0.000007 0.000002  0.015870 0.087794 -0.499695
112  0.640338 0.000010 -0.000014  -0.060063 -0.022212 -0.222778
113  3.396822 -0.242136 -0.708688  -0.409512 0.080839 -0.599627
114  1.532969 0.000007 0.000003  0.017912 0.003436 -0.328612
115  0.832976 -0.000005 -0.000006  -0.048752 -0.022143 -0.384157
116  4.209943 -0.440343 -1.019279  1.705510 2.125788 -0.065417
117  4.266749 1.424940 0.424938  1.779744 0.229716 -0.439996
118  9.398567 0.011949 -0.082515  -0.036365 0.069935 -0.827288
119  10.242437 0.028177 -0.062910  -1.855863 0.328222 0.221605
120  3.465746 -0.067532 0.002267  -0.241337 0.249986 -1.685362
121  1.655557 0.000005 0.000007  -0.155088 0.182761 -1.114640
122  0.960907 0.000009 0.000001  -0.005145 0.164560 -0.820216
123  3.466855 -0.077784 -0.920911  -0.489398 0.121148 -1.696596
124  1.497262 -0.000031 -0.000021  -0.568309 0.312995 -0.986194
125  0.793789 -0.000007 0.000000  -0.202098 0.364139 -0.731822
126  0.595077 -0.467152 -0.829177  2.468896 0.674374 -0.726064
127  1.555674 0.000013 -0.000003  0.634569 0.518441 1.167233
128  1.136810 -0.000008 -0.000003  0.578355 0.458559 1.086124
129  3.075973 -0.667970 1.277700  0.598831 0.260214 -1.398306
130  1.064601 0.000021 0.000012  0.027992 -0.118323 -0.848432
131  0.640363 -0.000015 -0.000005  -0.105952 -0.024952 -0.490315
132  3.392411 -0.245370 0.728375  0.124101 0.327192 -1.768725
133  1.532740 -0.000008 0.000001  0.007904 0.016305 -0.797838
134  0.833154 0.000009 0.000003  -0.081602 -0.068878 -1.025690
135  3.590108 -3.090294 1.193972  1.635457 1.210566 1.548541
136  3.589559 -3.089880 -1.196372  -1.505736 1.210473 -1.592853
137  -0.436562 4.719026 -0.001076  -0.000709 -1.570733 1.693101
138  0.000000 2.775461 -0.000237  -0.135089 0.000001 -0.000000
139  0.000000 3.189775 0.000007  0.207820 -0.000000 0.000000
140  0.000000 3.504656 0.000044  -0.261876 0.000000 -0.000000
141  -0.000000 2.863201 -0.000002  -0.051268 0.000000 -0.000000
time 36
0  2.350980 2.325551 36.307690  1.570862 0.000000 -0.000000
1  0.002636 43.025146 0.734438  0.092766 -0.454257 -0.101123
2  3.061857 -4.181003 -0.610804  -1.977176 -0.595601 -0.971111
3  18.476774 0.000160 0.000000  0.001702 -0.021474 0.292350
4  17.490084 0.000118 0.000004  0.274062 0.758244 -0.648391
5  -3.065330 -4.183571 -0.611480  -1.475859 -0.158954 -1.917821
6  18.474857 -0.000034 -0.000006  -0.000652 0.053321 0.683932
7  17.489584 0.001917 -0.000009  0.543448 0.084186 -1.374726
8  -0.000117 -0.048872 -0.576226  1.514874 0.111868 1.599656
9  3.224480 0.767047 0.000496  -0.033551 -0.024989 0.101331
10  3.223914 0.226399 -0.001944  -0.035229 -0.013102 0.149942
11  5.187320 -1.262559 -0.001176  0.000012 0.000066 0.194111
12  6.928405 -1.935313 -0.000228  -3.022018 -0.146884 0.223326
13  3.236372 1.079607 0.000058  0.347629 0.182470 -0.010235
14  0.833757 3.805349 0.692955  -0.040492 0.554885 1.469865
15  0.000037 6.792208 0.000039  0.007991 0.036071 -0.011407
16  -0.000066 7.744815 0.000018  -0.017442 -0.155305 0.068153
17  0.000077 7.809708 0.000017  -0.033637 0.005026 0.006142
18  -0.000029 7.867673 0.000016  -0.073329 -0.127910 0.026375
19  3.494702 -1.749094 -3.006912  0.152547 2.070420 1.936938
20  0.000121 4.478323 0.000017  -0.194659 0.310431 -0.234996
21  0.000048 4.636117 -0.000030  0.035819 0.324592 -0.151767
22  -0.000042 5.008655 0.000013  0.076000 -0.286565 0.276091
23  0.000065 4.781165 0.000012  0.904405 -2.690904 -0.015801
24  2.253043 1.989060 -3.350106  -1.523632 1.324495 0.112393
25  0.000160 6.589474 0.000174  0.206356 -0.002128 -0.080395
26  0.000041 7.491411 0.000043  -0.333516 0.184455 -0.191163
27  0.000028 7.660302 -0.000053  -0.063173 0.127194 -0.062119
28  0.000006 7.256269 0.000021  -0.052939 -0.487829 0.313813
29  -0.791162 2.265115 -1.234656  -0.753899 1.136376 0.824664
30  -0.000254 8.572260 -0.000088  -0.222844 -0.296789 0.176505
31  -0.000094 8.117210 0.000048  0.072258 0.772520 -0.285587
32  -0.000083 8.230032 -0.000065  -0.080496 -0.347232 0.072252
33  0.000059 7.366725 0.000053  -0.015392 -0.663893 0.062743
34  0.224215 0.240124 -3.218158  -0.877381 1.468889 0.577820
35  -0.000101 7.721051 -0.000308  -0.283829 0.060495 -0.167556
36  -0.000030 7.374850 -0.000003  0.007537 -0.195020 0.049540
37  0.000075 6.848104 0.000011  0.005484 0.006497 -0.033649
38  -0.000050 7.777868 0.000010  -0.186096 0.182474 -0.152847
39  -1.514465 2.104649 -1.150167  -0.029093 0.541320 1.555671
40  -0.000170 6.982348 -0.000076  -0.199699 -0.041214 0.153490
41  0.000035 8.382862 -0.000073  0.044867 0.587987 -0.257958
42  0.000011 8.697701 -0.000025  -0.102637 -0.474319 0.290942
43  0.000058 8.921801 -0.000007  -0.076257 0.581004 -0.195602
44  1.196191 2.899154 -2.353086  -0.449719 1.030105 1.287423
45  0.000106 5.476946 0.000003  0.285574 -0.099353 -0.038446
46  -0.000074 6.060436 -0.000096  -0.155020 -0.575032 0.384609
47  0.000020 5.994264 0.000032  0.033940 0.288575 -0.067730
48  -0.000003 6.100490 0.000001  -0.068407 0.299273 -0.162152
49  0.000038 6.916756 0.000008  -0.096318 0.220533 -0.107966
50  0.000151 6.435060 -0.000049  -0.037456 0.171630 -0.116573
51  1.092795 3.649512 -1.738795  -0.148600 0.876612 1.445020
52  -0.000128 6.792206 -0.000103  0.008285 0.107792 -0.048643
53  -0.000089 7.744775 -0.000035  0.057137 -0.256893 0.015458
54  0.000080 9.115025 -0.000038  -0.020393 0.256253 -0.142636
55  3.494521 -1.749101 3.007064  0.118400 1.106974 1.813803
56  0.000015 4.323834 0.000089  -0.229908 -0.770943 0.449224
57  0.000028 4.872901 -0.000022  0.367245 -0.664052 -0.254033
58  0.000007 5.056649 0.000093  -0.511237 0.856585 -0.546326
59  2.292466 1.708612 3.661675  -1.762560 1.789109 -0.218979
60  -0.000172 6.589438 0.000270  -0.007132 -0.169123 0.176911
61  0.000173 7.491502 -0.000143  -0.132413 -0.107097 0.179327
62  -0.000141 8.249657 0.000144  0.041913 -0.058209 0.015813
63  0.000072 8.605235 -0.000030  0.101585 0.501824 -0.079696
64  -0.240485 2.066073 2.349267  -0.357331 2.461714 1.296076
65  -0.000086 7.721107 -0.000004  -0.208231 -0.126223 -0.116492
66  -0.000128 7.374863 -0.000048  -0.111017 0.046940 -0.046466
67  -0.000039 6.848059 -0.000025  0.273533 0.247522 0.299909
68  0.000036 7.777826 -0.000044  0.072921 0.186148 -0.052689
69  -0.000085 8.178053 0.000012  -0.087031 -0.422849 -0.381357
70  1.617602 3.431407 2.399265  -0.249454 2.569515 1.508568
71  -0.000164 5.476942 -0.000027  0.057729 0.074071 0.060287
72  -0.000096 6.060497 -0.000008  -0.015205 0.015650 -0.152067
73  0.000028 5.994250 0.000012  -0.126210 -0.157657 0.153303
74  -0.000081 7.076875 -0.000046  -0.008118 0.010384 0.036402
75  0.000005 7.089869 -0.000071  0.070875 0.098587 -0.025893
76  0.361111 0.886679 3.287746  -0.576369 1.978708 0.939011
77  -0.000070 6.686637 0.000229  -0.146568 0.414164 -0.327704
78  -0.000010 7.638022 0.000014  -0.079523 -0.025948 0.130953
79  -0.000034 7.290232 -0.000022  0.025325 -0.093908 0.023965
80  -0.000031 6.530366 0.000002  -0.261847 -0.300601 0.006734
81  0.000061 7.224876 0.000012  0.036505 0.032480 -0.175823
82  1.071894 3.225793 1.570115  -0.043805 2.859975 1.526244
83  0.000416 6.748911 -0.000066  -0.062703 0.083783 0.022203
84  -0.000051 8.002644 0.000026  -0.067497 -0.117209 -0.115600
85  0.000011 8.580573 -0.000096  0.088214 -0.007187 0.334606
86  0.000175 8.689832 -0.000041  0.065326 -0.412430 -0.134518
87  -1.514536 2.104636 0.318055  -0.024895 3.094491 1.569491
88  0.000193 6.982282 0.000011  -0.107588 -0.057625 -0.215715
89  -0.000006 8.382873 -0.000069  0.135030 -0.099914 0.287073
90  -0.000058 8.697673 0.000023  -0.148089 -0.510100 0.044838
91  -0.000138 8.921824 0.000077  -0.236828 -0.892635 0.098804
92  3.553612 -3.478050 2.409277  0.000821 0.762046 1.535304
93  0.000000 4.476908 -0.000006  -0.151004 -0.588330 0.377259
94  0.000032 4.514121 -0.000022  -0.228868 -2.996200 0.592367
95  0.000044 4.518382 -0.000021  0.143171 2.612777 0.693383
96  0.000025 3.598328 0.000023  -0.749303 0.869851 -0.773233
97  4.209919 -0.440346 1.018823  -1.269062 -2.041143 -0.446718
98  4.265508 1.434229 -0.404992  -1.837344 -0.105379 -0.456597
99  9.400229 0.017940 0.083202  0.116582 -0.026088 -2.128626
100  10.242425 0.033588 0.064475  1.957896 -0.194469 -0.152498
101  3.465852 -0.059681 0.016693  -0.022157 -0.067236 -0.411034
102  1.655596 -0.000014 0.000022  -0.026593 -0.055424 -0.103166
103  0.960766 -0.000005 -0.000006  0.035218 0.049332 0.017482
104  3.462026 -0.064251 0.939909  0.311614 -0.252319 -0.281508
105  1.497177 -0.000010 0.000022  -0.486800 0.044261 0.060941
106  0.793759 -0.000003 -0.000005  -0.005695 0.003108 -0.137372
107  0.591664 -0.460691 0.835207  -0.744978 -0.790383 -0.966638
108  1.556139 0.000005 0.000002  -0.286364 0.046087 0.266520
109  1.135904 0.000019 0.000004  0.071355 -0.087824 0.094796
110  3.084268 -0.668823 -1.257082  -0.725455 0.362528 -0.611937
111  1.064203 -0.000000 0.000005  0.012687 0.089350 -0.533218
112  0.640337 0.000006 -0.000002  -0.053820 -0.020894 -0.231320
113  3.396819 -0.242142 -0.708689  -0.417442 0.092508 -0.567474
114  1.532971 0.000012 0.000011  0.016730 0.002880 -0.320935
115  0.832974 -0.000004 -0.000003  -0.042379 -0.019857 -0.407757
116  4.209940 -0.440343 -1.019279  1.755476 2.125116 -0.022193
117  4.266747 1.424942 0.424939  1.743642 0.187508 -0.482478
118  9.398565 0.011950 -0.082517  -0.031903 0.068931 -0.768309
119  10.242442 0.028179 -0.062908  -1.842751 0.307335 0.223040
120  3.465749 -0.067528 0.002267  -0.240616 0.250057 -1.682245
121  1.655556 0.000007 0.000006  -0.156248 0.182988 -1.121503
122  0.960907 0.000008 0.000001  -0.006679 0.165975 -0.828107
123  3.466856 -0.077778 -0.920911  -0.489299 0.121407 -1.695155
124  1.497263 -0.000033 -0.000022  -0.570102 0.314293 -0.991786
125  0.793790 -0.000008 -0.000001  -0.204846 0.367200 -0.736761
126  0.595077 -0.467146 -0.829177  2.468947 0.674333 -0.725869
127  1.555679 0.000016 -0.000001  0.634797 0.518570 1.167546
128  1.136813 -0.000009 -0.000002  0.578291 0.458539 1.086055
129  3.075973 -0.667964 1.277700  0.599478 0.256506 -1.394046
130  1.064599 0.000019 0.000014  0.027903 -0.118205 -0.846848
131  0.640358 -0.000016 -0.000000  -0.105827 -0.024805 -0.488532
132  3.392414 -0.245368 0.728375  0.123917 0.327362 -1.769282
133  1.532741 -0.000006 0.000000  0.007879 0.016337 -0.799233
134  0.833150 0.000011 0.000005  -0.081681 -0.068996 -1.027165
135  3.590110 -3.090294 1.193972  1.635457 1.210566 1.548541
136  3.589555 -3.089879 -1.196372  -1.505736 1.210473 -1.592853
137  -0.436562 4.719027 -0.001076  -0.000709 -1.570733 1.693044
138  0.000000 2.775458 -0.000235  -0.135089 0.000001 -0.000000
139  0.000001 3.189767 0.000008  0.207820 -0.000000 0.000000
140  -0.000000 3.504653 0.000044  -0.261876 0.000000 -0.000000
141  0.000000 2.863203 -0.000002  -0.051268 0.000000 -0.000000
time 37
0  2.135444 1.462364 35.993259  1.570862 0.000000 -0.000000
1  0.002636 43.025146 0.734438  0.080416 -0.494215 -0.095777
2  3.061857 -4.181008 -0.610804  -2.004939 -0.641824 -0.927025
3  18.476772 0.000158 0.000000  0.002591 -0.039724 0.515663
4  17.490084 0.000116 0.000004  0.229848 0.764515 -0.830430
5  -3.065329 -4.183573 -0.611480  -1.475975 -0.143193 -1.943541
6  18.474857 -0.000035 -0.000008  -0.000473 0.054068 0.693308
7  17.489584 0.001916 -0.000006  0.533987 0.041509 -1.408748
8  -0.000117 -0.048880 -0.576226  1.516656 0.110931 1.606704
9  3.224484 0.767047 0.000495  -0.041993 -0.031035 0.107361
10  3.223909 0.226399 -0.001944  -0.038259 -0.016236 0.157348
11  5.187326 -1.262560 -0.001178  0.000012 0.000066 0.194111
12  6.928412 -1.935314 -0.000227  -3.024549 -0.143496 0.233102
13  3.236359 1.079607 0.000056  0.382998 0.199887 0.012308
14  0.833771 3.805354 0.692956  -0.040492 0.554885 1.469865
15  0.000036 6.792209 0.000037  0.007991 0.036071 -0.011407
16  -0.000063 7.744811 0.000016  -0.017442 -0.155305 0.068153
17  0.000068 7.809704 0.000021  -0.033637 0.005026 0.006142
18  -0.000021 7.867676 0.000018  -0.073329 -0.127910 0.026375
19  3.494703 -1.749097 -3.006912  0.152547 2.070419 1.936938
20  0.000120 4.478324 0.000017  -0.194659 0.310431 -0.234996
21  0.000048 4.636112 -0.000030  0.035819 0.324592 -0.151767
22  -0.000042 5.008656 0.000011  0.076000 -0.286564 0.276091
23  0.000064 4.781168 0.000011  0.904405 -2.690904 -0.015801
24  2.253050 1.989057 -3.350106  -1.523632 1.324495 0.112393
25  0.000161 6.589463 0.000168  0.206356 -0.002128 -0.080395
26  0.000042 7.491419 0.000049  -0.333516 0.184455 -0.191163
27  0.000026 7.660311 -0.000060  -0.063173 0.127194 -0.062119
28  0.000005 7.256271 0.000018  -0.052939 -0.487829 0.313813
29  -0.791150 2.265117 -1.234655  -0.753899 1.136376 0.824664
30  -0.000257 8.572261 -0.000086  -0.222844 -0.296789 0.176505
31  -0.000095 8.117213 0.000050  0.072258 0.772520 -0.285587
32  -0.000084 8.230036 -0.000075  -0.080496 -0.347232 0.072252
33  0.000056 7.366727 0.000054  -0.015393 -0.663893 0.062743
34  0.224222 0.240125 -3.218157  -0.877381 1.468889 0.577820
35  -0.000101 7.721057 -0.000312  -0.283829 0.060495 -0.167556
36  -0.000030 7.374852 -0.000000  0.007537 -0.195020 0.049539
37  0.000074 6.848109 0.000002  0.005484 0.006497 -0.033649
38  -0.000049 7.777868 0.000009  -0.186097 0.182474 -0.152847
39  -1.514459 2.104647 -1.150167  -0.029093 0.541320 1.555671
40  -0.000168 6.982348 -0.000077  -0.199699 -0.041214 0.153490
41  0.000037 8.382867 -0.000074  0.044867 0.587987 -0.257958
42  0.000012 8.697701 -0.000026  -0.102637 -0.474319 0.290942
43  0.000059 8.921805 -0.000002  -0.076257 0.581004 -0.195602
44  1.196200 2.899152 -2.353086  -0.449719 1.030105 1.287423
45  0.000105 5.476949 0.000005  0.285574 -0.099353 -0.038446
46  -0.000069 6.060437 -0.000088  -0.155020 -0.575032 0.384609
47  0.000016 5.994264 0.000029  0.033940 0.288574 -0.067730
48  -0.000007 6.100492 0.000005  -0.068407 0.299273 -0.162152
49  0.000033 6.916757 0.000009  -0.096318 0.220533 -0.107966
50  0.000149 6.435061 -0.000046  -0.037456 0.171630 -0.116573
51  1.092805 3.649513 -1.738793  -0.148600 0.876612 1.445020
52  -0.000129 6.792202 -0.000104  0.008285 0.107792 -0.048643
53  -0.000088 7.744777 -0.000029  0.057137 -0.256893 0.015458
54  0.000086 9.115015 -0.000038  -0.020393 0.256253 -0.142636
55  3.494521 -1.749108 3.007063  0.118400 1.106974 1.813803
56  0.000013 4.323833 0.000085  -0.229908 -0.770943 0.449223
57  0.000029 4.872900 -0.000019  0.367245 -0.664052 -0.254033
58  0.000005 5.056646 0.000093  -0.511237 0.856585 -0.546325
59  2.292471 1.708609 3.661675  -1.762560 1.789109 -0.218979
60  -0.000172 6.589440 0.000268  -0.007132 -0.169123 0.176911
61  0.000174 7.491493 -0.000147  -0.132413 -0.107097 0.179327
62  -0.000142 8.249655 0.000147  0.041913 -0.058209 0.015813
63  0.000071 8.605240 -0.000028  0.101585 0.501824 -0.079696
64  -0.240483 2.066069 2.349267  -0.357331 2.461714 1.296076
65  -0.000090 7.721103 -0.000005  -0.208231 -0.126223 -0.116492
66  -0.000123 7.374867 -0.000047  -0.111017 0.046940 -0.046466
67  -0.000039 6.848063 -0.000026  0.273533 0.247522 0.299909
68  0.000035 7.777826 -0.000043  0.072921 0.186148 -0.052689
69  -0.000085 8.178053 0.000010  -0.087031 -0.422849 -0.381357
70  1.617610 3.431404 2.399265  -0.249454 2.569515 1.508568
71  -0.000166 5.476950 -0.000030  0.057729 0.074071 0.060287
72  -0.000088 6.060491 -0.000005  -0.015205 0.015650 -0.152067
73  0.000029 5.994255 0.000011  -0.126211 -0.157657 0.153303
74  -0.000082 7.076870 -0.000047  -0.008118 0.010384 0.036402
75  0.000003 7.089869 -0.000071  0.070875 0.098587 -0.025893
76  0.361116 0.886679 3.287746  -0.576369 1.978708 0.939011
77  -0.000068 6.686641 0.000229  -0.146568 0.414164 -0.327704
78  -0.000010 7.638015 0.000012  -0.079523 -0.025948 0.130953
79  -0.000033 7.290236 -0.000021  0.025325 -0.093908 0.023965
80  -0.000034 6.530369 0.000007  -0.261847 -0.300601 0.006734
81  0.000064 7.224881 0.000007  0.036505 0.032481 -0.175823
82  1.071906 3.225798 1.570116  -0.043805 2.859975 1.526244
83  0.000421 6.748901 -0.000068  -0.062703 0.083783 0.022203
84  -0.000049 8.002643 0.000026  -0.067497 -0.117209 -0.115600
85  0.000012 8.580573 -0.000098  0.088214 -0.007187 0.334606
86  0.000173 8.689835 -0.000041  0.065326 -0.412430 -0.134518
87  -1.514533 2.104634 0.318055  -0.024895 3.094491 1.569491
88  0.000192 6.982285 0.000011  -0.107588 -0.057625 -0.215715
89  -0.000010 8.382868 -0.000067  0.135030 -0.099914 0.287073
90  -0.000057 8.697670 0.000023  -0.148089 -0.510100 0.044839
91  -0.000131 8.921827 0.000078  -0.236828 -0.892635 0.098804
92  3.553626 -3.478045 2.409277  0.000821 0.762046 1.535304
93  -0.000006 4.476902 -0.000010  -0.151004 -0.588330 0.377259
94  0.000032 4.514118 -0.000022  -0.228868 -2.996199 0.592367
95  0.000041 4.518394 -0.000021  0.143171 2.612777 0.693383
96  0.000020 3.598324 0.000023  -0.749303 0.869851 -0.773233
97  4.209925 -0.440347 1.018824  -1.307012 -2.050836 -0.411478
98  4.265509 1.434232 -0.404991  -1.868604 -0.098030 -0.472559
99  9.400234 0.017941 0.083198  0.115375 -0.028517 -2.092870
100  10.242419 0.033594 0.064481  1.970319 -0.205262 -0.189927
101  3.465852 -0.059679 0.016695  -0.022732 -0.055243 -0.394540
102  1.655594 -0.000018 0.000023  -0.028383 -0.057665 -0.127166
103  0.960765 -0.000008 -0.000008  0.029565 0.042050 -0.026178
104  3.462021 -0.064248 0.939910  0.307327 -0.251045 -0.252456
105  1.497175 -0.000005 0.000024  -0.488386 0.032730 0.039447
106  0.793758 0.000004 -0.000003  -0.005639 0.005942 -0.181258
107  0.591658 -0.460694 0.835208  -0.766150 -0.785977 -0.959237
108  1.556140 0.000003 0.000002  -0.276008 0.043953 0.263785
109  1.135903 0.000019 -0.000003  0.069463 -0.082438 0.106612
110  3.084266 -0.668823 -1.257083  -0.721872 0.361159 -0.598674
111  1.064199 -0.000008 0.000003  0.008864 0.092020 -0.577737
112  0.640336 0.000004 -0.000008  -0.048815 -0.019002 -0.260562
113  3.396817 -0.242138 -0.708686  -0.417615 0.097659 -0.556681
114  1.532967 0.000006 0.000007  0.015557 0.001976 -0.344603
115  0.832975 -0.000005 -0.000008  -0.037184 -0.019231 -0.446809
116  4.209949 -0.440345 -1.019278  1.794486 2.122681 0.011992
117  4.266747 1.424937 0.424938  1.731328 0.144590 -0.515600
118  9.398557 0.011949 -0.082519  -0.026976 0.067494 -0.702129
119  10.242442 0.028175 -0.062910  -1.800700 0.275451 0.234495
120  3.465746 -0.067529 0.002267  -0.239895 0.250126 -1.679128
121  1.655558 0.000005 0.000007  -0.157427 0.183247 -1.128232
122  0.960907 0.000002 0.000000  -0.008112 0.167327 -0.835816
123  3.466852 -0.077782 -0.920911  -0.489110 0.121761 -1.693625
124  1.497259 -0.000032 -0.000024  -0.571903 0.315580 -0.997382
125  0.793789 -0.000008 -0.000002  -0.207613 0.370248 -0.741715
126  0.595076 -0.467157 -0.829176  2.468999 0.674291 -0.725675
127  1.555675 0.000019 -0.000004  0.635025 0.518699 1.167860
128  1.136813 -0.000009 -0.000002  0.578229 0.458519 1.085987
129  3.075972 -0.667969 1.277700  0.600109 0.252796 -1.389794
130  1.064599 0.000021 0.000010  0.027778 -0.118145 -0.845327
131  0.640361 -0.000011 -0.000007  -0.105685 -0.024734 -0.486869
132  3.392411 -0.245374 0.728375  0.123643 0.327585 -1.770025
133  1.532742 -0.000010 0.000002  0.007813 0.016378 -0.800528
134  0.833152 0.000005 0.000003  -0.081781 -0.069086 -1.028506
135  3.590113 -3.090296 1.193972  1.635457 1.210566 1.548541
136  3.589560 -3.089880 -1.196373  -1.505736 1.210472 -1.592853
137  -0.436558 4.719026 -0.001076  -0.000945 -1.570733 1.692917
138  0.000000 2.775453 -0.000234  -0.135089 0.000001 -0.000000
139  0.000000 3.189769 0.000007  0.207820 -0.000000 0.000000
140  -0.000001 3.504658 0.000046  -0.261876 -0.000000 -0.000000
141  0.000000 2.863199 -0.000002  -0.051268 -0.000000 -0.000000
time 38
0  1.929852 0.728075 35.665993  1.570862 0.000000 -0.000000
1  0.002636 43.025146 0.734438  0.065742 -0.537543 -0.090877
2  3.061857 -4.181013 -0.610804  -2.018822 -0.646933 -0.899104
3  18.476776 0.000159 -0.000001  0.001141 -0.050738 0.651342
4  17.490084 0.000117 0.000004  0.186076 0.763943 -0.962809
5  -3.065330 -4.183575 -0.611480  -1.477091 -0.132471 -1.969836
6  18.474854 -0.000035 -0.000010  -0.000211 0.055109 0.706433
7  17.489586 0.001915 -0.000010  0.526578 -0.005436 -1.445554
8  -0.000117 -0.048879 -0.576226  1.523121 0.107199 1.613898
9  3.224484 0.767047 0.000495  -0.046233 -0.037647 0.116738
10  3.223908 0.226399 -0.001944  -0.037138 -0.020211 0.166571
11  5.187318 -1.262558 -0.001176  0.000012 0.000066 0.194111
12  6.928415 -1.935315 -0.000228  -3.027364 -0.138276 0.241747
13  3.236371 1.079614 0.000058  0.411226 0.211279 0.040477
14  0.833769 3.805363 0.692956  -0.040492 0.554884 1.469865
15  0.000042 6.792208 0.000038  0.007991 0.036071 -0.011407
16  -0.000057 7.744813 0.000018  -0.017442 -0.155305 0.068153
17  0.000072 7.809698 0.000018  -0.033637 0.005026 0.006142
18  -0.000023 7.867674 0.000016  -0.073329 -0.127910 0.026375
19  3.494705 -1.749087 -3.006912  0.152547 2.070419 1.936938
20  0.000119 4.478320 0.000019  -0.194659 0.310431 -0.234996
21  0.000047 4.636117 -0.000031  0.035819 0.324592 -0.151767
22  -0.000041 5.008656 0.000014  0.076000 -0.286564 0.276091
23  0.000062 4.781162 0.000012  0.904405 -2.690904 -0.015801
24  2.253046 1.989070 -3.350106  -1.523632 1.324495 0.112393
25  0.000163 6.589462 0.000165  0.206356 -0.002128 -0.080395
26  0.000044 7.491413 0.000040  -0.333516 0.184455 -0.191163
27  0.000026 7.660303 -0.000056  -0.063173 0.127194 -0.062119
28  0.000007 7.256269 0.000024  -0.052939 -0.487829 0.313813
29  -0.791155 2.265126 -1.234656  -0.753899 1.136376 0.824664
30  -0.000258 8.572264 -0.000093  -0.222844 -0.296789 0.176505
31  -0.000094 8.117208 0.000047  0.072258 0.772520 -0.285587
32  -0.000083 8.230036 -0.000073  -0.080496 -0.347232 0.072252
33  0.000058 7.366725 0.000055  -0.015392 -0.663893 0.062743
34  0.224222 0.240133 -3.218158  -0.877381 1.468889 0.577820
35  -0.000101 7.721057 -0.000307  -0.283829 0.060495 -0.167556
36  -0.000029 7.374847 0.000003  0.007537 -0.195020 0.049539
37  0.000076 6.848102 0.000009  0.005484 0.006497 -0.033649
38  -0.000051 7.777862 0.000012  -0.186097 0.182474 -0.152847
39  -1.514463 2.104657 -1.150167  -0.029093 0.541320 1.555671
40  -0.000172 6.982350 -0.000077  -0.199699 -0.041214 0.153490
41  0.000041 8.382860 -0.000071  0.044867 0.587987 -0.257958
42  0.000011 8.697702 -0.000026  -0.102637 -0.474319 0.290942
43  0.000055 8.921803 -0.000002  -0.076257 0.581004 -0.195602
44  1.196196 2.899161 -2.353086  -0.449719 1.030105 1.287423
45  0.000106 5.476948 0.000008  0.285574 -0.099353 -0.038446
46  -0.000071 6.060433 -0.000090  -0.155019 -0.575032 0.384609
47  0.000018 5.994269 0.000031  0.033940 0.288575 -0.067730
48  -0.000006 6.100492 -0.000001  -0.068407 0.299273 -0.162152
49  0.000034 6.916762 0.000010  -0.096318 0.220533 -0.107966
50  0.000150 6.435061 -0.000049  -0.037456 0.171630 -0.116573
51  1.092796 3.649518 -1.738794  -0.148600 0.876612 1.445020
52  -0.000125 6.792204 -0.000105  0.008284 0.107792 -0.048643
53  -0.000086 7.744774 -0.000030  0.057137 -0.256893 0.015458
54  0.000080 9.115026 -0.000044  -0.020393 0.256253 -0.142636
55  3.494518 -1.749096 3.007064  0.118400 1.106974 1.813803
56  0.000014 4.323834 0.000087  -0.229908 -0.770943 0.449224
57  0.000029 4.872900 -0.000021  0.367245 -0.664051 -0.254033
58  0.000003 5.056653 0.000093  -0.511237 0.856585 -0.546325
59  2.292471 1.708622 3.661675  -1.762560 1.789109 -0.218979
60  -0.000174 6.589431 0.000272  -0.007132 -0.169123 0.176911
61  0.000172 7.491499 -0.000154  -0.132413 -0.107097 0.179327
62  -0.000139 8.249660 0.000143  0.041913 -0.058209 0.015813
63  0.000071 8.605235 -0.000029  0.101585 0.501824 -0.079696
64  -0.240479 2.066080 2.349267  -0.357331 2.461714 1.296076
65  -0.000088 7.721105 -0.000002  -0.208231 -0.126223 -0.116492
66  -0.000124 7.374867 -0.000049  -0.111017 0.046939 -0.046466
67  -0.000038 6.848060 -0.000027  0.273533 0.247522 0.299908
68  0.000031 7.777819 -0.000043  0.072921 0.186148 -0.052689
69  -0.000085 8.178051 0.000012  -0.087031 -0.422849 -0.381357
70  1.617613 3.431420 2.399265  -0.249454 2.569515 1.508568
71  -0.000162 5.476948 -0.000030  0.057729 0.074071 0.060287
72  -0.000102 6.060493 -0.000004  -0.015205 0.015650 -0.152067
73  0.000026 5.994256 0.000010  -0.126210 -0.157657 0.153303
74  -0.000080 7.076870 -0.000049  -0.008118 0.010384 0.036402
75  0.000003 7.089867 -0.000071  0.070875 0.098587 -0.025893
76  0.361111 0.886686 3.287746  -0.576369 1.978708 0.939011
77  -0.000069 6.686643 0.000226  -0.146568 0.414164 -0.327704
78  -0.000009 7.638017 0.000013  -0.079524 -0.025948 0.130953
79  -0.000029 7.290230 -0.000021  0.025325 -0.093908 0.023965
80  -0.000029 6.530367 0.000001  -0.261847 -0.300601 0.006734
81  0.000063 7.224880 0.000011  0.036505 0.032480 -0.175823
82  1.071899 3.225801 1.570115  -0.043805 2.859975 1.526244
83  0.000418 6.748908 -0.000067  -0.062703 0.083783 0.022203
84  -0.000045 8.002650 0.000026  -0.067497 -0.117209 -0.115600
85  0.000010 8.580570 -0.000098  0.088214 -0.007187 0.334606
86  0.000172 8.689827 -0.000042  0.065326 -0.412430 -0.134518
87  -1.514532 2.104646 0.318055  -0.024895 3.094491 1.569491
88  0.000197 6.982281 0.000011  -0.107588 -0.057625 -0.215715
89  -0.000008 8.382871 -0.000067  0.135030 -0.099914 0.287073
90  -0.000058 8.697674 0.000024  -0.148089 -0.510100 0.044838
91  -0.000135 8.921819 0.000077  -0.236828 -0.892635 0.098804
92  3.553620 -3.478040 2.409277  0.000821 0.762046 1.535304
93  -0.000005 4.476907 -0.000012  -0.151004 -0.588330 0.377259
94  0.000034 4.514119 -0.000023  -0.228868 -2.996200 0.592367
95  0.000044 4.518383 -0.000021  0.143171 2.612777 0.693383
96  0.000024 3.598324 0.000023  -0.749303 0.869851 -0.773233
97  4.209926 -0.440348 1.018824  -1.346872 -2.058585 -0.375172
98  4.265502 1.434240 -0.404994  -1.883378 -0.109247 -0.489594
99  9.400229 0.017940 0.083202  0.113531 -0.031859 -2.042541
100  10.242418 0.033593 0.064478  1.986287 -0.216362 -0.227030
101  3.465854 -0.059685 0.016694  -0.021321 -0.047272 -0.400821
102  1.655593 -0.000021 0.000024  -0.029132 -0.064178 -0.168757
103  0.960766 -0.000001 -0.000007  0.024721 0.033296 -0.079894
104  3.462026 -0.064251 0.939910  0.306097 -0.244166 -0.243151
105  1.497184 -0.000011 0.000020  -0.490107 0.015273 0.003064
106  0.793755 0.000003 -0.000002  -0.006195 0.010032 -0.236382
107  0.591664 -0.460694 0.835209  -0.791869 -0.776305 -0.929018
108  1.556138 0.000001 0.000003  -0.266479 0.046090 0.269038
109  1.135906 0.000020 0.000003  0.064274 -0.077877 0.117363
110  3.084270 -0.668826 -1.257083  -0.713471 0.345841 -0.605599
111  1.064204 -0.000000 0.000003  0.004040 0.095745 -0.635646
112  0.640338 0.000000 -0.000009  -0.044867 -0.016600 -0.311241
113  3.396820 -0.242144 -0.708688  -0.411880 0.098244 -0.562017
114  1.532967 0.000006 0.000002  0.014451 0.000654 -0.396517
115  0.832975 -0.000002 -0.000007  -0.032657 -0.020295 -0.501519
116  4.209948 -0.440344 -1.019279  1.829207 2.120048 0.042723
117  4.266744 1.424943 0.424939  1.735867 0.101679 -0.546814
118  9.398563 0.011950 -0.082517  -0.021982 0.065666 -0.633559
119  10.242443 0.028178 -0.062906  -1.752649 0.238886 0.248867
120  3.465750 -0.067529 0.002268  -0.239187 0.250170 -1.675978
121  1.655564 0.000008 0.000004  -0.158623 0.183459 -1.135023
122  0.960907 0.000006 0.000004  -0.009628 0.168659 -0.843657
123  3.466857 -0.077782 -0.920910  -0.488999 0.122110 -1.692018
124  1.497257 -0.000034 -0.000022  -0.573723 0.316884 -1.003152
125  0.793790 -0.000009 -0.000005  -0.210420 0.373356 -0.746868
126  0.595081 -0.467151 -0.829178  2.469051 0.674251 -0.725481
127  1.555672 0.000014 -0.000003  0.635253 0.518827 1.168174
128  1.136810 -0.000009 -0.000002  0.578166 0.458499 1.085919
129  3.075975 -0.667966 1.277699  0.600731 0.249015 -1.385372
130  1.064599 0.000020 0.000011  0.027653 -0.118085 -0.843807
131  0.640359 -0.000014 -0.000004  -0.105498 -0.024589 -0.485216
132  3.392412 -0.245367 0.728376  0.123348 0.327815 -1.770862
133  1.532738 -0.000010 -0.000000  0.007747 0.016419 -0.801823
134  0.833150 0.000010 0.000007  -0.081882 -0.069177 -1.029846
135  3.590107 -3.090293 1.193973  1.635457 1.210566 1.548541
136  3.589556 -3.089879 -1.196372  -1.505736 1.210473 -1.592853
137  -0.436563 4.719027 -0.001076  -0.000709 -1.570733 1.692919
138  -0.000001 2.775457 -0.000237  -0.135089 0.000001 -0.000000
139  -0.000000 3.189765 0.000007  0.207820 -0.000000 0.000000
140  0.000000 3.504652 0.000044  -0.261876 -0.000000 -0.000000
141  -0.000000 2.863193 -0.000002  -0.051268 -0.000000 -0.000000
time 39
0  1.730157 0.176840 35.304283  1.570862 0.000000 -0.000000
1  0.002636 43.025146 0.734438  0.049614 -0.583098 -0.086388
2  3.061857 -4.181010 -0.610803  -2.025223 -0.637225 -0.877594
3  18.476772 0.000156 0.000000  -0.000859 -0.058618 0.750648
4  17.490086 0.000115 0.000004  0.141319 0.759001 -1.071612
5  -3.065330 -4.183576 -0.611479  -1.477984 -0.138185 -1.995058
6  18.474861 -0.000033 -0.000008  0.000521 0.057755 0.739966
7  17.489584 0.001916 -0.000009  0.514062 -0.051940 -1.478614
8  -0.000117 -0.048881 -0.576226  1.535674 0.101037 1.622645
9  3.224485 0.767047 0.000495  -0.044111 -0.046403 0.128615
10  3.223907 0.226399 -0.001944  -0.030248 -0.026232 0.177276
11  5.187315 -1.262559 -0.001178  0.000012 0.000066 0.194111
12  6.928410 -1.935316 -0.000227  -3.029728 -0.133556 0.249463
13  3.236363 1.079612 0.000056  0.423970 0.210747 0.070006
14  0.833759 3.805349 0.692955  -0.040492 0.554885 1.469865
15  0.000038 6.792211 0.000038  0.007991 0.036071 -0.011407
16  -0.000067 7.744816 0.000015  -0.017442 -0.155305 0.068153
17  0.000078 7.809701 0.000018  -0.033637 0.005026 0.006142
18  -0.000027 7.867674 0.000019  -0.073329 -0.127910 0.026375
19  3.494698 -1.749097 -3.006913  0.152547 2.070419 1.936938
20  0.000119 4.478320 0.000018  -0.194659 0.310431 -0.234996
21  0.000048 4.636115 -0.000030  0.035819 0.324592 -0.151767
22  -0.000043 5.008649 0.000015  0.076000 -0.286565 0.276091
23  0.000064 4.781166 0.000008  0.904405 -2.690904 -0.015801
24  2.253044 1.989058 -3.350106  -1.523632 1.324495 0.112393
25  0.000161 6.589467 0.000167  0.206356 -0.002128 -0.080395
26  0.000042 7.491410 0.000043  -0.333516 0.184455 -0.191163
27  0.000026 7.660304 -0.000054  -0.063173 0.127194 -0.062119
28  0.000009 7.256271 0.000019  -0.052939 -0.487829 0.313813
29  -0.791157 2.265115 -1.234656  -0.753899 1.136376 0.824664
30  -0.000258 8.572260 -0.000095  -0.222844 -0.296789 0.176505
31  -0.000095 8.117214 0.000046  0.072258 0.772520 -0.285587
32  -0.000083 8.230032 -0.000066  -0.080496 -0.347232 0.072252
33  0.000062 7.366720 0.000054  -0.015392 -0.663893 0.062743
34  0.224215 0.240122 -3.218158  -0.877381 1.468889 0.577820
35  -0.000101 7.721056 -0.000302  -0.283829 0.060495 -0.167556
36  -0.000029 7.374852 -0.000001  0.007537 -0.195020 0.049539
37  0.000075 6.848094 0.000007  0.005484 0.006497 -0.033649
38  -0.000050 7.777861 0.000011  -0.186096 0.182474 -0.152847
39  -1.514463 2.104647 -1.150167  -0.029093 0.541320 1.555671
40  -0.000169 6.982347 -0.000078  -0.199699 -0.041214 0.153490
41  0.000038 8.382858 -0.000073  0.044867 0.587987 -0.257958
42  0.000010 8.697702 -0.000027  -0.102637 -0.474319 0.290942
43  0.000056 8.921808 -0.000003  -0.076257 0.581004 -0.195602
44  1.196193 2.899152 -2.353086  -0.449719 1.030105 1.287423
45  0.000103 5.476943 0.000006  0.285574 -0.099353 -0.038446
46  -0.000069 6.060440 -0.000088  -0.155020 -0.575032 0.384609
47  0.000015 5.994260 0.000028  0.033940 0.288575 -0.067730
48  -0.000009 6.100487 0.000002  -0.068407 0.299273 -0.162152
49  0.000033 6.916756 0.000007  -0.096318 0.220533 -0.107966
50  0.000150 6.435059 -0.000046  -0.037456 0.171630 -0.116573
51  1.092793 3.649509 -1.738794  -0.148600 0.876612 1.445020
52  -0.000126 6.792200 -0.000102  0.008284 0.107792 -0.048643
53  -0.000089 7.744771 -0.000034  0.057137 -0.256893 0.015458
54  0.000083 9.115024 -0.000036  -0.020393 0.256253 -0.142636
55  3.494515 -1.749106 3.007063  0.118400 1.106974 1.813803
56  0.000016 4.323830 0.000092  -0.229908 -0.770943 0.449224
57  0.000028 4.872896 -0.000023  0.367245 -0.664052 -0.254033
58  0.000002 5.056649 0.000092  -0.511238 0.856585 -0.546325
59  2.292465 1.708609 3.661675  -1.762560 1.789109 -0.218979
60  -0.000171 6.589441 0.000274  -0.007132 -0.169123 0.176911
61  0.000174 7.491488 -0.000150  -0.132414 -0.107097 0.179327
62  -0.000139 8.249655 0.000145  0.041913 -0.058209 0.015813
63  0.000071 8.605235 -0.000027  0.101585 0.501824 -0.079696
64  -0.240483 2.066072 2.349267  -0.357331 2.461714 1.296076
65  -0.000085 7.721105 -0.000003  -0.208231 -0.126223 -0.116492
66  -0.000123 7.374860 -0.000046  -0.111017 0.046940 -0.046466
67  -0.000038 6.848063 -0.000027  0.273533 0.247522 0.299909
68  0.000031 7.777822 -0.000043  0.072921 0.186148 -0.052689
69  -0.000084 8.178049 0.000012  -0.087031 -0.422849 -0.381357
70  1.617607 3.431409 2.399265  -0.249454 2.569515 1.508568
71  -0.000154 5.476947 -0.000031  0.057729 0.074071 0.060287
72  -0.000091 6.060495 -0.000007  -0.015205 0.015650 -0.152067
73  0.000028 5.994249 0.000011  -0.126210 -0.157657 0.153303
74  -0.000075 7.076877 -0.000046  -0.008118 0.010384 0.036402
75  0.000009 7.089870 -0.000068  0.070875 0.098587 -0.025893
76  0.361112 0.886679 3.287746  -0.576369 1.978708 0.939011
77  -0.000067 6.686648 0.000224  -0.146568 0.414164 -0.327704
78  -0.000011 7.638018 0.000011  -0.079523 -0.025948 0.130953
79  -0.000033 7.290235 -0.000024  0.025325 -0.093908 0.023965
80  -0.000031 6.530367 0.000004  -0.261847 -0.300601 0.006734
81  0.000063 7.224873 0.000009  0.036505 0.032481 -0.175823
82  1.071894 3.225793 1.570115  -0.043805 2.859975 1.526244
83  0.000419 6.748907 -0.000066  -0.062703 0.083783 0.022203
84  -0.000040 8.002645 0.000027  -0.067497 -0.117209 -0.115600
85  0.000013 8.580576 -0.000096  0.088214 -0.007187 0.334606
86  0.000173 8.689831 -0.000041  0.065326 -0.412430 -0.134518
87  -1.514537 2.104635 0.318055  -0.024895 3.094491 1.569491
88  0.000191 6.982282 0.000011  -0.107588 -0.057625 -0.215715
89  -0.000007 8.382877 -0.000068  0.135030 -0.099914 0.287073
90  -0.000051 8.697671 0.000023  -0.148089 -0.510100 0.044838
91  -0.000135 8.921827 0.000077  -0.236828 -0.892635 0.098804
92  3.553613 -3.478049 2.409277  0.000821 0.762046 1.535304
93  -0.000003 4.476912 -0.000009  -0.151004 -0.588330 0.377259
94  0.000031 4.514119 -0.000024  -0.228868 -2.996200 0.592367
95  0.000043 4.518383 -0.000021  0.143171 2.612777 0.693383
96  0.000018 3.598331 0.000022  -0.749303 0.869851 -0.773233
97  4.209921 -0.440347 1.018824  -1.389903 -2.064110 -0.336612
98  4.265506 1.434238 -0.404992  -1.876123 -0.136369 -0.488606
99  9.400227 0.017941 0.083203  0.111558 -0.035046 -1.993112
100  10.242422 0.033589 0.064478  2.007127 -0.229822 -0.260816
101  3.465859 -0.059678 0.016695  -0.018070 -0.043746 -0.431659
102  1.655593 -0.000030 0.000020  -0.028265 -0.075515 -0.229742
103  0.960772 -0.000001 -0.000007  0.020893 0.023233 -0.144399
104  3.462029 -0.064245 0.939911  0.308036 -0.230896 -0.255745
105  1.497178 -0.000005 0.000020  -0.491187 -0.008430 -0.048884
106  0.793758 0.000005 -0.000003  -0.007465 0.015268 -0.302702
107  0.591665 -0.460692 0.835208  -0.821966 -0.760044 -0.873427
108  1.556139 0.000000 -0.000009  -0.257663 0.052679 0.283035
109  1.135907 0.000017 -0.000001  0.055432 -0.074258 0.126744
110  3.084271 -0.668820 -1.257080  -0.699062 0.314865 -0.635572
111  1.064204 0.000001 0.000005  -0.002117 0.100637 -0.709648
112  0.640339 0.000003 -0.000005  -0.042345 -0.013794 -0.386997
113  3.396828 -0.242136 -0.708687  -0.399504 0.093906 -0.584748
114  1.532969 0.000004 0.000003  0.013511 -0.001107 -0.480055
115  0.832976 -0.000005 0.000000  -0.028669 -0.023319 -0.573828
116  4.209944 -0.440345 -1.019279  1.863781 2.119066 0.073355
117  4.266745 1.424943 0.424937  1.759552 0.057201 -0.580600
118  9.398569 0.011949 -0.082518  -0.017684 0.063769 -0.572982
119  10.242437 0.028176 -0.062910  -1.711593 0.206065 0.261211
120  3.465753 -0.067529 0.002267  -0.238479 0.250212 -1.672827
121  1.655560 0.000006 0.000007  -0.159820 0.183662 -1.141816
122  0.960909 0.000003 -0.000005  -0.011154 0.169979 -0.851502
123  3.466858 -0.077782 -0.920910  -0.488830 0.122423 -1.690322
124  1.497261 -0.000035 -0.000021  -0.575661 0.318216 -1.009008
125  0.793790 -0.000009 -0.000000  -0.213351 0.376507 -0.752069
126  0.595081 -0.467153 -0.829176  2.469104 0.674210 -0.725287
127  1.555672 0.000016 -0.000000  0.635481 0.518956 1.168487
128  1.136812 -0.000007 -0.000001  0.578041 0.458460 1.085781
129  3.075977 -0.667970 1.277700  0.601358 0.245151 -1.380915
130  1.064597 0.000019 0.000011  0.027577 -0.117974 -0.842357
131  0.640361 -0.000010 -0.000003  -0.105355 -0.024527 -0.483617
132  3.392415 -0.245372 0.728376  0.123011 0.328060 -1.771882
133  1.532739 -0.000011 -0.000001  0.007670 0.016419 -0.803154
134  0.833151 0.000010 0.000007  -0.082001 -0.069245 -1.031187
135  3.590102 -3.090294 1.193971  1.635457 1.210566 1.548541
136  3.589557 -3.089880 -1.196374  -1.505736 1.210473 -1.592853
137  -0.436566 4.719026 -0.001078  -0.000354 -1.570733 1.692610
138  -0.000001 2.775456 -0.000235  -0.135089 0.000001 -0.000000
139  0.000001 3.189779 0.000008  0.207820 0.000000 0.000000
140  0.000001 3.504648 0.000044  -0.261876 0.000000 -0.000000
141  0.000000 2.863197 -0.000002  -0.051268 -0.000000 -0.000000
time 40
0  1.541047 -0.195283 34.922009  1.570862 0.000000 -0.000000
1  0.002636 43.025146 0.734438  0.032338 -0.630347 -0.082372
2  3.061857 -4.181007 -0.610804  -2.026382 -0.618834 -0.859254
3  18.476770 0.000158 0.000000  -0.002926 -0.064521 0.827080
4  17.490086 0.000117 0.000003  0.096052 0.750717 -1.163549
5  -3.065330 -4.183571 -0.611480  -1.478649 -0.154447 -2.018507
6  18.474855 -0.000033 -0.000008  0.001640 0.061256 0.784880
7  17.489586 0.001916 -0.000009  0.499937 -0.099424 -1.512531
8  -0.000117 -0.048877 -0.576226  1.550146 0.092931 1.631157
9  3.224478 0.767047 0.000495  -0.039893 -0.054729 0.142241
10  3.223913 0.226399 -0.001945  -0.021260 -0.032188 0.188639
11  5.187328 -1.262562 -0.001178  0.000012 0.000066 0.194111
12  6.928411 -1.935312 -0.000228  -3.031028 -0.131430 0.256429
13  3.236370 1.079612 0.000055  0.425899 0.205562 0.100288
14  0.833763 3.805350 0.692956  -0.040492 0.554885 1.469865
15  0.000040 6.792204 0.000041  0.007991 0.036071 -0.011407
16  -0.000068 7.744813 0.000018  -0.017442 -0.155305 0.068153
17  0.000075 7.809700 0.000017  -0.033637 0.005026 0.006142
18  -0.000023 7.867676 0.000018  -0.073329 -0.127910 0.026375
19  3.494698 -1.749100 -3.006912  0.152547 2.070419 1.936938
20  0.000120 4.478320 0.000018  -0.194659 0.310431 -0.234996
21  0.000048 4.636118 -0.000030  0.035819 0.324592 -0.151767
22  -0.000042 5.008655 0.000012  0.076000 -0.286565 0.276092
23  0.000064 4.781157 0.000010  0.904405 -2.690904 -0.015801
24  2.253042 1.989056 -3.350106  -1.523632 1.324495 0.112393
25  0.000162 6.589459 0.000169  0.206356 -0.002128 -0.080395
26  0.000042 7.491416 0.000036  -0.333516 0.184455 -0.191163
27  0.000027 7.660306 -0.000054  -0.063173 0.127194 -0.062119
28  0.000007 7.256276 0.000021  -0.052939 -0.487829 0.313813
29  -0.791157 2.265118 -1.234655  -0.753899 1.136376 0.824664
30  -0.000260 8.572261 -0.000096  -0.222844 -0.296789 0.176505
31  -0.000094 8.117208 0.000051  0.072258 0.772520 -0.285587
32  -0.000086 8.230034 -0.000065  -0.080496 -0.347232 0.072252
33  0.000057 7.366727 0.000055  -0.015392 -0.663893 0.062743
34  0.224218 0.240125 -3.218157  -0.877381 1.468889 0.577820
35  -0.000101 7.721051 -0.000307  -0.283829 0.060495 -0.167556
36  -0.000029 7.374852 0.000000  0.007537 -0.195020 0.049539
37  0.000076 6.848100 0.000007  0.005484 0.006497 -0.033649
38  -0.000052 7.777864 0.000008  -0.186097 0.182474 -0.152847
39  -1.514464 2.104648 -1.150167  -0.029093 0.541320 1.555671
40  -0.000166 6.982347 -0.000077  -0.199699 -0.041214 0.153490
41  0.000040 8.382867 -0.000074  0.044867 0.587987 -0.257958
42  0.000013 8.697700 -0.000029  -0.102637 -0.474319 0.290942
43  0.000055 8.921807 -0.000004  -0.076257 0.581004 -0.195602
44  1.196192 2.899153 -2.353086  -0.449719 1.030105 1.287423
45  0.000104 5.476945 0.000005  0.285574 -0.099353 -0.038446
46  -0.000079 6.060437 -0.000092  -0.155020 -0.575032 0.384609
47  0.000019 5.994266 0.000027  0.033940 0.288575 -0.067730
48  -0.000009 6.100492 0.000001  -0.068407 0.299273 -0.162152
49  0.000036 6.916760 0.000014  -0.096318 0.220533 -0.107966
50  0.000149 6.435057 -0.000041  -0.037456 0.171630 -0.116573
51  1.092794 3.649508 -1.738794  -0.148600 0.876612 1.445020
52  -0.000126 6.792197 -0.000101  0.008285 0.107792 -0.048643
53  -0.000089 7.744773 -0.000030  0.057137 -0.256893 0.015458
54  0.000087 9.115020 -0.000040  -0.020393 0.256253 -0.142636
55  3.494517 -1.749104 3.007064  0.118400 1.106974 1.813803
56  0.000012 4.323838 0.000085  -0.229908 -0.770943 0.449224
57  0.000029 4.872895 -0.000025  0.367245 -0.664052 -0.254033
58  0.000008 5.056653 0.000093  -0.511238 0.856585 -0.546325
59  2.292470 1.708615 3.661675  -1.762560 1.789109 -0.218979
60  -0.000173 6.589441 0.000272  -0.007133 -0.169123 0.176911
61  0.000172 7.491494 -0.000147  -0.132413 -0.107097 0.179327
62  -0.000136 8.249664 0.000149  0.041913 -0.058209 0.015813
63  0.000072 8.605238 -0.000028  0.101585 0.501824 -0.079696
64  -0.240482 2.066074 2.349268  -0.357331 2.461714 1.296076
65  -0.000084 7.721107 -0.000005  -0.208231 -0.126223 -0.116492
66  -0.000123 7.374856 -0.000045  -0.111017 0.046939 -0.046466
67  -0.000037 6.848059 -0.000024  0.273533 0.247522 0.299909
68  0.000036 7.777825 -0.000044  0.072921 0.186148 -0.052689
69  -0.000085 8.178056 0.000012  -0.087031 -0.422849 -0.381357
70  1.617604 3.431407 2.399266  -0.249454 2.569515 1.508568
71  -0.000160 5.476951 -0.000030  0.057729 0.074071 0.060287
72  -0.000096 6.060489 -0.000006  -0.015205 0.015650 -0.152066
73  0.000026 5.994246 0.000012  -0.126210 -0.157657 0.153303
74  -0.000081 7.076871 -0.000047  -0.008118 0.010384 0.036402
75  -0.000002 7.089871 -0.000070  0.070875 0.098587 -0.025893
76  0.361109 0.886676 3.287746  -0.576369 1.978708 0.939011
77  -0.000067 6.686646 0.000215  -0.146568 0.414164 -0.327704
78  -0.000008 7.638017 0.000013  -0.079524 -0.025948 0.130953
79  -0.000030 7.290232 -0.000024  0.025325 -0.093908 0.023965
80  -0.000031 6.530375 0.000003  -0.261847 -0.300601 0.006734
81  0.000063 7.224879 0.000013  0.036505 0.032480 -0.175823
82  1.071894 3.225793 1.570115  -0.043805 2.859975 1.526244
83  0.000415 6.748900 -0.000066  -0.062703 0.083783 0.022203
84  -0.000043 8.002648 0.000027  -0.067497 -0.117209 -0.115600
85  0.000014 8.580576 -0.000098  0.088214 -0.007187 0.334606
86  0.000174 8.689831 -0.000042  0.065326 -0.412430 -0.134518
87  -1.514534 2.104636 0.318056  -0.024895 3.094491 1.569491
88  0.000188 6.982278 0.000011  -0.107588 -0.057625 -0.215715
89  -0.000008 8.382873 -0.000068  0.135030 -0.099914 0.287073
90  -0.000057 8.697670 0.000023  -0.148089 -0.510100 0.044839
91  -0.000129 8.921828 0.000078  -0.236828 -0.892635 0.098804
92  3.553618 -3.478044 2.409277  0.000821 0.762046 1.535304
93  0.000000 4.476908 -0.000010  -0.151004 -0.588330 0.377259
94  0.000031 4.514123 -0.000023  -0.228868 -2.996200 0.592367
95  0.000043 4.518377 -0.000023  0.143171 2.612777 0.693383
96  0.000021 3.598333 0.000023  -0.749303 0.869851 -0.773233
97  4.209920 -0.440344 1.018823  -1.435506 -2.068294 -0.296179
98  4.265506 1.434220 -0.404991  -1.855993 -0.172430 -0.478297
99  9.400232 0.017941 0.083199  0.109371 -0.038213 -1.942346
100  10.242421 0.033588 0.064480  2.030606 -0.244013 -0.292897
101  3.465858 -0.059681 0.016694  -0.013686 -0.042652 -0.477182
102  1.655597 -0.000025 0.000021  -0.025423 -0.089997 -0.304596
103  0.960771 -0.000004 -0.000009  0.018179 0.012127 -0.216526
104  3.462031 -0.064248 0.939910  0.311704 -0.213065 -0.281992
105  1.497178 -0.000009 0.000020  -0.490746 -0.036311 -0.111197
106  0.793760 0.000004 -0.000002  -0.009493 0.021232 -0.376454
107  0.591664 -0.460696 0.835206  -0.852902 -0.738420 -0.802236
108  1.556140 0.000001 -0.000001  -0.249359 0.062184 0.302843
109  1.135904 0.000019 -0.000003  0.044032 -0.071181 0.135203
110  3.084269 -0.668826 -1.257085  -0.679220 0.274096 -0.681285
111  1.064201 0.000002 0.000002  -0.009631 0.106022 -0.795954
112  0.640337 0.000004 -0.000006  -0.040909 -0.010479 -0.481329
113  3.396822 -0.242141 -0.708688  -0.382309 0.087128 -0.618426
114  1.532972 0.000015 0.000007  0.012871 -0.003239 -0.586163
115  0.832976 -0.000003 -0.000010  -0.024714 -0.027474 -0.658885
116  4.209941 -0.440341 -1.019279  1.896322 2.119272 0.102209
117  4.266748 1.424935 0.424936  1.791291 0.016750 -0.614513
118  9.398563 0.011950 -0.082515  -0.013884 0.061823 -0.517942
119  10.242442 0.028176 -0.062904  -1.674842 0.175286 0.272729
120  3.465749 -0.067527 0.002264  -0.237832 0.250248 -1.669773
121  1.655560 0.000008 0.000007  -0.160962 0.183850 -1.148516
122  0.960907 0.000010 -0.000002  -0.012633 0.171339 -0.859124
123  3.466857 -0.077783 -0.920912  -0.488684 0.122799 -1.688590
124  1.497259 -0.000033 -0.000020  -0.577557 0.319572 -1.014873
125  0.793790 -0.000010 -0.000004  -0.216307 0.379647 -0.757291
126  0.595079 -0.467152 -0.829179  2.469155 0.674169 -0.725093
127  1.555670 0.000018 -0.000001  0.635696 0.519115 1.168788
128  1.136811 -0.000006 -0.000001  0.577915 0.458420 1.085644
129  3.075974 -0.667969 1.277698  0.601968 0.241286 -1.376464
130  1.064592 0.000018 0.000010  0.027458 -0.117898 -0.841036
131  0.640360 -0.000015 -0.000005  -0.105226 -0.024423 -0.482152
132  3.392413 -0.245368 0.728374  0.122622 0.328407 -1.773090
133  1.532736 -0.000007 -0.000001  0.007647 0.016445 -0.804350
134  0.833151 0.000006 0.000005  -0.082081 -0.069360 -1.032529
135  3.590115 -3.090296 1.193972  1.635457 1.210566 1.548541
136  3.589561 -3.089881 -1.196373  -1.505736 1.210473 -1.592853
137  -0.436556 4.719025 -0.001077  -0.000591 -1.570733 1.692448
138  -0.000001 2.775462 -0.000237  -0.135089 0.000001 -0.000000
139  0.000000 3.189765 0.000007  0.207820 -0.000000 0.000000
140  -0.000001 3.504648 0.000045  -0.261876 -0.000000 -0.000000
141  0.000000 2.863198 -0.000002  -0.051268 0.000000 -0.000000
time 41
0  1.351978 -0.347987 34.501049  1.570862 0.000000 -0.000000
1  0.002636 43.025146 0.734438  0.014318 -0.679756 -0.079636
2  3.061857 -4.181006 -0.610804  -2.023865 -0.595019 -0.840672
3  18.476770 0.000158 -0.000001  -0.004853 -0.069015 0.886835
4  17.490086 0.000116 0.000005  0.049030 0.740118 -1.241257
5  -3.065330 -4.183566 -0.611479  -1.478407 -0.183481 -2.038785
6  18.474861 -0.000032 -0.000008  0.003373 0.065837 0.844749
7  17.489584 0.001917 -0.000009  0.483342 -0.148139 -1.549285
8  -0.000118 -0.048875 -0.576226  1.563015 0.083462 1.638025
9  3.224485 0.767048 0.000495  -0.036854 -0.060054 0.157159
10  3.223913 0.226399 -0.001944  -0.013263 -0.036079 0.200078
11  5.187319 -1.262559 -0.001178  0.000012 0.000066 0.194111
12  6.928410 -1.935313 -0.000227  -3.031013 -0.132728 0.262659
13  3.236360 1.079611 0.000055  0.423171 0.203081 0.131094
14  0.833764 3.805355 0.692956  -0.040492 0.554885 1.469865
15  0.000043 6.792207 0.000041  0.007991 0.036071 -0.011407
16  -0.000069 7.744814 0.000017  -0.017442 -0.155305 0.068153
17  0.000072 7.809706 0.000019  -0.033637 0.005026 0.006142
18  -0.000025 7.867671 0.000015  -0.073329 -0.127910 0.026375
19  3.494701 -1.749093 -3.006912  0.152547 2.070419 1.936938
20  0.000120 4.478317 0.000021  -0.194659 0.310431 -0.234996
21  0.000048 4.636115 -0.000028  0.035819 0.324592 -0.151767
22  -0.000042 5.008653 0.000014  0.076000 -0.286565 0.276091
23  0.000067 4.781159 0.000008  0.904405 -2.690904 -0.015801
24  2.253043 1.989062 -3.350106  -1.523632 1.324495 0.112393
25  0.000163 6.589463 0.000169  0.206356 -0.002128 -0.080395
26  0.000041 7.491409 0.000039  -0.333516 0.184455 -0.191163
27  0.000027 7.660306 -0.000054  -0.063173 0.127194 -0.062119
28  0.000005 7.256266 0.000027  -0.052939 -0.487829 0.313813
29  -0.791165 2.265114 -1.234655  -0.753899 1.136376 0.824664
30  -0.000260 8.572264 -0.000092  -0.222844 -0.296789 0.176505
31  -0.000096 8.117213 0.000048  0.072258 0.772520 -0.285587
32  -0.000084 8.230036 -0.000069  -0.080496 -0.347232 0.072252
33  0.000059 7.366727 0.000051  -0.015393 -0.663893 0.062743
34  0.224212 0.240124 -3.218158  -0.877381 1.468889 0.577820
35  -0.000100 7.721052 -0.000311  -0.283829 0.060495 -0.167556
36  -0.000030 7.374848 0.000001  0.007537 -0.195020 0.049539
37  0.000076 6.848101 0.000006  0.005484 0.006497 -0.033649
38  -0.000049 7.777857 0.000009  -0.186096 0.182474 -0.152847
39  -1.514466 2.104648 -1.150166  -0.029093 0.541320 1.555671
40  -0.000168 6.982341 -0.000075  -0.199699 -0.041214 0.153490
41  0.000039 8.382868 -0.000073  0.044867 0.587987 -0.257958
42  0.000013 8.697706 -0.000026  -0.102637 -0.474319 0.290942
43  0.000057 8.921805 -0.000002  -0.076257 0.581004 -0.195602
44  1.196194 2.899153 -2.353086  -0.449719 1.030105 1.287423
45  0.000107 5.476943 0.000002  0.285574 -0.099353 -0.038446
46  -0.000074 6.060438 -0.000093  -0.155020 -0.575032 0.384609
47  0.000016 5.994260 0.000028  0.033940 0.288575 -0.067730
48  -0.000009 6.100491 0.000001  -0.068407 0.299273 -0.162152
49  0.000034 6.916759 0.000009  -0.096318 0.220533 -0.107966
50  0.000151 6.435058 -0.000046  -0.037456 0.171630 -0.116573
51  1.092792 3.649511 -1.738794  -0.148600 0.876612 1.445020
52  -0.000128 6.792199 -0.000097  0.008285 0.107792 -0.048643
53  -0.000087 7.744773 -0.000026  0.057137 -0.256893 0.015458
54  0.000089 9.115024 -0.000036  -0.020393 0.256253 -0.142636
55  3.494519 -1.749099 3.007065  0.118400 1.106974 1.813803
56  0.000016 4.323836 0.000091  -0.229908 -0.770943 0.449224
57  0.000027 4.872900 -0.000023  0.367245 -0.664052 -0.254033
58  0.000003 5.056649 0.000091  -0.511237 0.856585 -0.546325
59  2.292466 1.708616 3.661676  -1.762560 1.789109 -0.218979
60  -0.000172 6.589446 0.000271  -0.007132 -0.169123 0.176911
61  0.000173 7.491499 -0.000148  -0.132413 -0.107097 0.179327
62  -0.000140 8.249660 0.000146  0.041912 -0.058209 0.015813
63  0.000072 8.605240 -0.000026  0.101585 0.501824 -0.079696
64  -0.240488 2.066072 2.349268  -0.357331 2.461714 1.296076
65  -0.000089 7.721107 -0.000003  -0.208231 -0.126223 -0.116492
66  -0.000118 7.374867 -0.000048  -0.111017 0.046939 -0.046466
67  -0.000038 6.848062 -0.000025  0.273533 0.247522 0.299909
68  0.000028 7.777823 -0.000044  0.072921 0.186148 -0.052689
69  -0.000087 8.178050 0.000009  -0.087031 -0.422849 -0.381357
70  1.617606 3.431414 2.399266  -0.249454 2.569515 1.508568
71  -0.000165 5.476944 -0.000030  0.057729 0.074071 0.060287
72  -0.000093 6.060501 -0.000005  -0.015205 0.015650 -0.152067
73  0.000026 5.994246 0.000010  -0.126210 -0.157657 0.153303
74  -0.000079 7.076873 -0.000046  -0.008118 0.010384 0.036402
75  0.000005 7.089868 -0.000069  0.070875 0.098587 -0.025893
76  0.361110 0.886681 3.287747  -0.576369 1.978708 0.939011
77  -0.000070 6.686634 0.000224  -0.146568 0.414164 -0.327704
78  -0.000010 7.638020 0.000012  -0.079523 -0.025948 0.130953
79  -0.000035 7.290231 -0.000024  0.025325 -0.093908 0.023965
80  -0.000035 6.530369 0.000003  -0.261847 -0.300601 0.006734
81  0.000062 7.224883 0.000011  0.036505 0.032480 -0.175823
82  1.071894 3.225796 1.570116  -0.043805 2.859975 1.526244
83  0.000418 6.748902 -0.000066  -0.062703 0.083783 0.022203
84  -0.000046 8.002645 0.000027  -0.067497 -0.117209 -0.115600
85  0.000007 8.580579 -0.000098  0.088214 -0.007187 0.334605
86  0.000170 8.689831 -0.000041  0.065326 -0.412430 -0.134518
87  -1.514536 2.104640 0.318056  -0.024895 3.094491 1.569491
88  0.000189 6.982280 0.000011  -0.107588 -0.057625 -0.215715
89  -0.000009 8.382872 -0.000068  0.135030 -0.099914 0.287073
90  -0.000060 8.697668 0.000024  -0.148089 -0.510100 0.044839
91  -0.000134 8.921824 0.000079  -0.236828 -0.892635 0.098804
92  3.553619 -3.478041 2.409278  0.000821 0.762046 1.535304
93  0.000001 4.476906 -0.000004  -0.151004 -0.588330 0.377259
94  0.000031 4.514118 -0.000023  -0.228868 -2.996200 0.592367
95  0.000043 4.518391 -0.000023  0.143171 2.612777 0.693383
96  0.000024 3.598330 0.000022  -0.749303 0.869851 -0.773233
97  4.209916 -0.440343 1.018825  -1.484241 -2.071526 -0.253218
98  4.265504 1.434234 -0.404994  -1.828746 -0.212244 -0.459941
99  9.400232 0.017940 0.083202  0.107126 -0.041141 -1.893665
100  10.242422 0.033590 0.064481  2.055354 -0.259607 -0.323875
101  3.465855 -0.059673 0.016694  -0.008349 -0.043371 -0.534625
102  1.655593 -0.000023 0.000021  -0.020059 -0.107348 -0.392980
103  0.960769 -0.000007 -0.000008  0.016826 -0.000009 -0.296670
104  3.462029 -0.064245 0.939907  0.316225 -0.191025 -0.319455
105  1.497174 -0.000009 0.000019  -0.488015 -0.067853 -0.183384
106  0.793760 0.000004 -0.000003  -0.012393 0.027704 -0.457594
107  0.591660 -0.460692 0.835204  -0.882741 -0.711363 -0.718771
108  1.556139 0.000000 0.000006  -0.241235 0.074160 0.327684
109  1.135902 0.000017 0.000001  0.030389 -0.068552 0.142927
110  3.084266 -0.668818 -1.257087  -0.652847 0.225338 -0.741634
111  1.064204 0.000002 0.000004  -0.018804 0.111724 -0.897002
112  0.640340 0.000004 -0.000010  -0.040561 -0.006955 -0.596123
113  3.396819 -0.242134 -0.708690  -0.360573 0.079041 -0.661378
114  1.532969 0.000006 0.000006  0.012672 -0.005732 -0.716206
115  0.832973 -0.000001 0.000002  -0.020364 -0.033078 -0.759349
116  4.209938 -0.440341 -1.019278  1.926309 2.120750 0.128783
117  4.266745 1.424937 0.424937  1.821932 -0.015313 -0.643873
118  9.398564 0.011950 -0.082518  -0.010621 0.059933 -0.469332
119  10.242436 0.028174 -0.062907  -1.643735 0.147558 0.283349
120  3.465749 -0.067526 0.002268  -0.237129 0.250287 -1.666882
121  1.655559 0.000003 0.000007  -0.162075 0.184057 -1.154785
122  0.960907 0.000004 0.000000  -0.014092 0.172557 -0.866431
123  3.466856 -0.077781 -0.920910  -0.488536 0.123174 -1.686857
124  1.497262 -0.000038 -0.000021  -0.579444 0.320804 -1.020623
125  0.793790 -0.000010 -0.000003  -0.219219 0.382707 -0.762419
126  0.595084 -0.467155 -0.829177  2.469186 0.674153 -0.724931
127  1.555673 0.000018 -0.000004  0.635892 0.519210 1.169021
128  1.136810 -0.000009 -0.000004  0.577738 0.458389 1.085480
129  3.075974 -0.667968 1.277701  0.602561 0.237487 -1.372195
130  1.064594 0.000021 0.000010  0.027382 -0.117887 -0.839912
131  0.640362 -0.000014 -0.000005  -0.105152 -0.024360 -0.480875
132  3.392416 -0.245371 0.728376  0.122162 0.328798 -1.774395
133  1.532736 -0.000008 -0.000003  0.007625 0.016472 -0.805548
134  0.833153 0.000003 0.000004  -0.082163 -0.069471 -1.033737
135  3.590106 -3.090294 1.193971  1.635457 1.210566 1.548541
136  3.589556 -3.089879 -1.196373  -1.505736 1.210473 -1.592853
137  -0.436565 4.719027 -0.001076  -0.000946 -1.570733 1.693230
138  0.000000 2.775452 -0.000237  -0.135089 0.000001 -0.000000
139  0.000001 3.189768 0.000008  0.207820 0.000000 0.000000
140  0.000000 3.504650 0.000045  -0.261876 -0.000000 -0.000000
141  0.000000 2.863197 -0.000002  -0.051268 0.000000 -0.000000
time 42
0  1.204598 -0.359858 34.115826  1.570862 0.000000 -0.000000
1  0.002636 43.025146 0.734438  -0.003720 -0.727194 -0.077025
2  3.061858 -4.181012 -0.610804  -2.018263 -0.568473 -0.825731
3  18.476772 0.000157 0.000000  -0.006422 -0.072206 0.930307
4  17.490086 0.000116 0.000003  0.005939 0.728351 -1.303126
5  -3.065330 -4.183571 -0.611480  -1.477126 -0.215445 -2.056073
6  18.474854 -0.000035 -0.000010  0.005299 0.070141 0.902396
7  17.489584 0.001915 -0.000007  0.466002 -0.195264 -1.580815
8  -0.000117 -0.048884 -0.576226  1.573837 0.073550 1.643132
9  3.224484 0.767048 0.000496  -0.035457 -0.063051 0.172503
10  3.223911 0.226399 -0.001945  -0.006579 -0.038268 0.211142
11  5.187319 -1.262560 -0.001176  0.000012 0.000066 0.194111
12  6.928405 -1.935313 -0.000226  -3.030127 -0.136223 0.267994
13  3.236364 1.079619 0.000056  0.419438 0.205255 0.161495
14  0.833762 3.805352 0.692955  -0.040492 0.554885 1.469865
15  0.000039 6.792208 0.000040  0.007991 0.036071 -0.011407
16  -0.000062 7.744818 0.000018  -0.017442 -0.155305 0.068153
17  0.000073 7.809702 0.000019  -0.033637 0.005026 0.006142
18  -0.000027 7.867675 0.000019  -0.073329 -0.127910 0.026375
19  3.494698 -1.749096 -3.006913  0.152547 2.070419 1.936938
20  0.000118 4.478321 0.000020  -0.194659 0.310431 -0.234996
21  0.000047 4.636110 -0.000029  0.035819 0.324592 -0.151767
22  -0.000042 5.008647 0.000014  0.076000 -0.286565 0.276091
23  0.000064 4.781165 0.000009  0.904405 -2.690904 -0.015801
24  2.253036 1.989058 -3.350107  -1.523632 1.324495 0.112393
25  0.000161 6.589475 0.000168  0.206356 -0.002128 -0.080395
26  0.000042 7.491414 0.000037  -0.333516 0.184455 -0.191163
27  0.000027 7.660304 -0.000055  -0.063173 0.127194 -0.062119
28  0.000007 7.256267 0.000018  -0.052939 -0.487829 0.313813
29  -0.791165 2.265117 -1.234656  -0.753899 1.136376 0.824664
30  -0.000257 8.572259 -0.000084  -0.222844 -0.296789 0.176505
31  -0.000094 8.117214 0.000048  0.072258 0.772520 -0.285587
32  -0.000083 8.230038 -0.000071  -0.080496 -0.347232 0.072252
33  0.000057 7.366723 0.000056  -0.015392 -0.663893 0.062743
34  0.224216 0.240127 -3.218158  -0.877381 1.468889 0.577820
35  -0.000101 7.721055 -0.000309  -0.283829 0.060495 -0.167556
36  -0.000031 7.374856 -0.000004  0.007537 -0.195020 0.049539
37  0.000075 6.848102 0.000005  0.005484 0.006497 -0.033649
38  -0.000052 7.777868 0.000008  -0.186097 0.182474 -0.152847
39  -1.514468 2.104649 -1.150167  -0.029093 0.541320 1.555671
40  -0.000171 6.982345 -0.000074  -0.199699 -0.041214 0.153490
41  0.000038 8.382862 -0.000072  0.044867 0.587987 -0.257958
42  0.000013 8.697704 -0.000028  -0.102637 -0.474319 0.290942
43  0.000058 8.921804 -0.000002  -0.076257 0.581004 -0.195602
44  1.196192 2.899153 -2.353086  -0.449719 1.030105 1.287423
45  0.000104 5.476947 0.000004  0.285574 -0.099353 -0.038446
46  -0.000070 6.060437 -0.000091  -0.155020 -0.575032 0.384609
47  0.000020 5.994255 0.000029  0.033940 0.288574 -0.067730
48  -0.000008 6.100480 -0.000002  -0.068407 0.299273 -0.162152
49  0.000035 6.916760 0.000008  -0.096318 0.220533 -0.107966
50  0.000151 6.435055 -0.000048  -0.037456 0.171630 -0.116573
51  1.092790 3.649510 -1.738795  -0.148600 0.876612 1.445020
52  -0.000125 6.792207 -0.000100  0.008284 0.107792 -0.048643
53  -0.000087 7.744773 -0.000030  0.057137 -0.256893 0.015458
54  0.000088 9.115021 -0.000038  -0.020393 0.256253 -0.142636
55  3.494512 -1.749105 3.007063  0.118400 1.106974 1.813803
56  0.000014 4.323830 0.000085  -0.229908 -0.770943 0.449224
57  0.000029 4.872900 -0.000022  0.367245 -0.664052 -0.254033
58  0.000007 5.056645 0.000095  -0.511237 0.856585 -0.546325
59  2.292465 1.708613 3.661675  -1.762560 1.789109 -0.218979
60  -0.000173 6.589441 0.000271  -0.007132 -0.169123 0.176911
61  0.000175 7.491502 -0.000149  -0.132413 -0.107097 0.179327
62  -0.000142 8.249659 0.000144  0.041912 -0.058209 0.015813
63  0.000073 8.605238 -0.000031  0.101585 0.501824 -0.079696
64  -0.240487 2.066074 2.349267  -0.357331 2.461714 1.296076
65  -0.000083 7.721113 -0.000003  -0.208231 -0.126223 -0.116492
66  -0.000120 7.374863 -0.000047  -0.111017 0.046939 -0.046466
67  -0.000036 6.848063 -0.000027  0.273533 0.247522 0.299909
68  0.000028 7.777822 -0.000043  0.072921 0.186148 -0.052689
69  -0.000084 8.178055 0.000011  -0.087031 -0.422849 -0.381357
70  1.617602 3.431411 2.399265  -0.249454 2.569515 1.508568
71  -0.000169 5.476938 -0.000029  0.057729 0.074071 0.060287
72  -0.000099 6.060490 -0.000005  -0.015205 0.015650 -0.152066
73  0.000026 5.994254 0.000010  -0.126210 -0.157657 0.153303
74  -0.000072 7.076870 -0.000047  -0.008118 0.010385 0.036402
75  0.000003 7.089872 -0.000073  0.070875 0.098587 -0.025893
76  0.361108 0.886682 3.287746  -0.576369 1.978708 0.939011
77  -0.000064 6.686641 0.000220  -0.146568 0.414164 -0.327704
78  -0.000010 7.638020 0.000014  -0.079524 -0.025948 0.130953
79  -0.000028 7.290230 -0.000021  0.025325 -0.093908 0.023965
80  -0.000037 6.530373 0.000005  -0.261847 -0.300601 0.006734
81  0.000065 7.224884 0.000012  0.036505 0.032480 -0.175823
82  1.071898 3.225799 1.570115  -0.043805 2.859975 1.526244
83  0.000414 6.748897 -0.000066  -0.062703 0.083783 0.022203
84  -0.000045 8.002650 0.000027  -0.067497 -0.117209 -0.115600
85  0.000010 8.580568 -0.000096  0.088214 -0.007187 0.334606
86  0.000169 8.689830 -0.000041  0.065326 -0.412430 -0.134518
87  -1.514534 2.104641 0.318055  -0.024895 3.094491 1.569491
88  0.000199 6.982284 0.000011  -0.107588 -0.057625 -0.215715
89  -0.000009 8.382875 -0.000068  0.135030 -0.099914 0.287073
90  -0.000054 8.697678 0.000024  -0.148089 -0.510100 0.044839
91  -0.000130 8.921826 0.000078  -0.236828 -0.892635 0.098804
92  3.553611 -3.478048 2.409276  0.000821 0.762046 1.535304
93  0.000000 4.476898 -0.000005  -0.151004 -0.588330 0.377259
94  0.000031 4.514127 -0.000023  -0.228868 -2.996200 0.592367
95  0.000045 4.518389 -0.000023  0.143171 2.612777 0.693382
96  0.000022 3.598329 0.000020  -0.749303 0.869851 -0.773233
97  4.209916 -0.440345 1.018825  -1.533794 -2.075173 -0.209743
98  4.265501 1.434222 -0.404991  -1.803977 -0.251946 -0.435916
99  9.400236 0.017944 0.083202  0.104823 -0.043863 -1.846621
100  10.242423 0.033586 0.064485  2.080385 -0.272470 -0.353252
101  3.465856 -0.059677 0.016696  -0.003647 -0.042966 -0.584796
102  1.655596 -0.000013 0.000022  -0.013039 -0.124228 -0.481227
103  0.960769 -0.000004 -0.000002  0.016418 -0.011783 -0.374924
104  3.462028 -0.064243 0.939911  0.319838 -0.168184 -0.353406
105  1.497184 -0.000004 0.000021  -0.483162 -0.097804 -0.253095
106  0.793760 0.000007 -0.000000  -0.015751 0.033654 -0.535111
107  0.591661 -0.460692 0.835206  -0.908256 -0.683474 -0.638107
108  1.556139 0.000000 -0.000004  -0.233259 0.085669 0.351965
109  1.135907 0.000019 0.000008  0.016655 -0.066084 0.150318
110  3.084269 -0.668821 -1.257084  -0.624040 0.179271 -0.801612
111  1.064201 -0.000001 -0.000000  -0.028386 0.116544 -0.996701
112  0.640337 0.000004 -0.000011  -0.040711 -0.002784 -0.709635
113  3.396822 -0.242134 -0.708688  -0.338441 0.073260 -0.700566
114  1.532969 0.000008 0.000009  0.012922 -0.008005 -0.842454
115  0.832973 -0.000001 -0.000005  -0.015659 -0.037333 -0.855410
116  4.209938 -0.440343 -1.019278  1.953288 2.123267 0.152548
117  4.266746 1.424939 0.424938  1.849288 -0.039445 -0.667660
118  9.398563 0.011950 -0.082519  -0.007861 0.058161 -0.427057
119  10.242439 0.028177 -0.062909  -1.618806 0.123151 0.292922
120  3.465745 -0.067524 0.002267  -0.236546 0.250317 -1.664172
121  1.655560 0.000005 0.000003  -0.163043 0.184235 -1.160690
122  0.960910 0.000007 -0.000002  -0.015378 0.173654 -0.873140
123  3.466850 -0.077777 -0.920910  -0.488327 0.123533 -1.685163
124  1.497262 -0.000034 -0.000020  -0.581192 0.321997 -1.026077
125  0.793792 -0.000008 0.000001  -0.221975 0.385540 -0.767313
126  0.595076 -0.467150 -0.829176  2.469217 0.674137 -0.724769
127  1.555675 0.000019 -0.000003  0.636088 0.519303 1.169254
128  1.136814 -0.000010 0.000000  0.577560 0.458358 1.085315
129  3.075971 -0.667968 1.277700  0.603052 0.233935 -1.368129
130  1.064587 0.000015 0.000011  0.027286 -0.117825 -0.838856
131  0.640359 -0.000012 -0.000005  -0.105018 -0.024306 -0.479790
132  3.392407 -0.245367 0.728376  0.121639 0.329212 -1.775977
133  1.532741 -0.000002 0.000001  0.007552 0.016466 -0.806613
134  0.833151 0.000010 0.000006  -0.082285 -0.069532 -1.034809
135  3.590111 -3.090295 1.193973  1.635457 1.210566 1.548541
136  3.589565 -3.089881 -1.196372  -1.505736 1.210473 -1.592853
137  -0.436558 4.719026 -0.001075  -0.000828 -1.570733 1.692845
138  0.000000 2.775463 -0.000237  -0.135089 0.000001 -0.000000
139  0.000000 3.189767 0.000008  0.207820 -0.000000 0.000000
140  0.000001 3.504655 0.000046  -0.261876 -0.000000 -0.000000
141  -0.000000 2.863196 -0.000002  -0.051268 -0.000000 -0.000000
time 43
0  1.147948 -0.293850 33.851986  1.570862 0.000000 -0.000000
1  0.002636 43.025146 0.734438  -0.021084 -0.768178 -0.074053
2  3.061858 -4.181018 -0.610803  -2.011154 -0.541251 -0.817330
3  18.476772 0.000158 -0.000001  -0.007379 -0.073994 0.955104
4  17.490086 0.000118 0.000004  -0.026622 0.716804 -1.344892
5  -3.065330 -4.183581 -0.611479  -1.474997 -0.242258 -2.069988
6  18.474857 -0.000033 -0.000010  0.006826 0.073143 0.943592
7  17.489584 0.001917 -0.000007  0.448329 -0.236733 -1.598132
8  -0.000117 -0.048884 -0.576226  1.580922 0.064104 1.645826
9  3.224484 0.767048 0.000496  -0.037883 -0.063275 0.187493
10  3.223906 0.226399 -0.001944  -0.003118 -0.038182 0.221155
11  5.187315 -1.262558 -0.001177  0.000012 0.000066 0.194111
12  6.928415 -1.935317 -0.000227  -3.028537 -0.141109 0.272601
13  3.236369 1.079618 0.000057  0.421080 0.215919 0.190618
14  0.833761 3.805346 0.692955  -0.040492 0.554885 1.469865
15  0.000044 6.792203 0.000041  0.007991 0.036071 -0.011407
16  -0.000064 7.744816 0.000012  -0.017442 -0.155305 0.068153
17  0.000066 7.809703 0.000016  -0.033637 0.005026 0.006142
18  -0.000027 7.867667 0.000017  -0.073329 -0.127910 0.026375
19  3.494702 -1.749093 -3.006912  0.152547 2.070419 1.936938
20  0.000121 4.478318 0.000020  -0.194659 0.310431 -0.234996
21  0.000048 4.636108 -0.000030  0.035819 0.324592 -0.151767
22  -0.000043 5.008660 0.000013  0.076000 -0.286565 0.276091
23  0.000064 4.781163 0.000010  0.904405 -2.690904 -0.015801
24  2.253039 1.989054 -3.350106  -1.523632 1.324495 0.112393
25  0.000162 6.589465 0.000168  0.206356 -0.002128 -0.080395
26  0.000040 7.491414 0.000044  -0.333516 0.184455 -0.191163
27  0.000027 7.660303 -0.000055  -0.063173 0.127194 -0.062119
28  0.000005 7.256277 0.000014  -0.052939 -0.487829 0.313813
29  -0.791157 2.265118 -1.234655  -0.753899 1.136376 0.824664
30  -0.000259 8.572268 -0.000097  -0.222844 -0.296789 0.176505
31  -0.000099 8.117214 0.000048  0.072258 0.772520 -0.285587
32  -0.000083 8.230032 -0.000071  -0.080495 -0.347232 0.072252
33  0.000059 7.366723 0.000053  -0.015392 -0.663893 0.062743
34  0.224217 0.240122 -3.218158  -0.877381 1.468889 0.577820
35  -0.000101 7.721054 -0.000308  -0.283829 0.060495 -0.167556
36  -0.000029 7.374857 -0.000001  0.007537 -0.195020 0.049540
37  0.000075 6.848110 0.000007  0.005484 0.006497 -0.033649
38  -0.000051 7.777871 0.000007  -0.186097 0.182474 -0.152847
39  -1.514465 2.104648 -1.150167  -0.029093 0.541320 1.555671
40  -0.000164 6.982347 -0.000077  -0.199699 -0.041214 0.153490
41  0.000036 8.382858 -0.000074  0.044867 0.587987 -0.257958
42  0.000017 8.697695 -0.000025  -0.102637 -0.474319 0.290942
43  0.000057 8.921810 -0.000004  -0.076257 0.581004 -0.195602
44  1.196199 2.899157 -2.353086  -0.449719 1.030105 1.287423
45  0.000103 5.476946 0.000006  0.285574 -0.099353 -0.038446
46  -0.000073 6.060442 -0.000090  -0.155020 -0.575032 0.384609
47  0.000019 5.994260 0.000031  0.033940 0.288575 -0.067730
48  -0.000008 6.100484 0.000001  -0.068407 0.299273 -0.162152
49  0.000036 6.916764 0.000009  -0.096318 0.220533 -0.107966
50  0.000150 6.435060 -0.000046  -0.037456 0.171630 -0.116573
51  1.092799 3.649511 -1.738794  -0.148600 0.876612 1.445020
52  -0.000128 6.792202 -0.000103  0.008285 0.107792 -0.048643
53  -0.000089 7.744773 -0.000029  0.057137 -0.256893 0.015458
54  0.000085 9.115020 -0.000037  -0.020393 0.256253 -0.142636
55  3.494523 -1.749102 3.007064  0.118400 1.106974 1.813803
56  0.000015 4.323835 0.000087  -0.229908 -0.770943 0.449223
57  0.000028 4.872899 -0.000022  0.367245 -0.664052 -0.254033
58  0.000006 5.056650 0.000091  -0.511237 0.856585 -0.546325
59  2.292469 1.708611 3.661675  -1.762560 1.789109 -0.218979
60  -0.000172 6.589440 0.000277  -0.007132 -0.169123 0.176911
61  0.000173 7.491493 -0.000150  -0.132413 -0.107097 0.179327
62  -0.000143 8.249662 0.000144  0.041913 -0.058209 0.015813
63  0.000071 8.605235 -0.000031  0.101585 0.501824 -0.079696
64  -0.240487 2.066070 2.349267  -0.357331 2.461714 1.296076
65  -0.000085 7.721106 -0.000003  -0.208231 -0.126223 -0.116492
66  -0.000125 7.374863 -0.000046  -0.111017 0.046939 -0.046466
67  -0.000034 6.848062 -0.000027  0.273533 0.247522 0.299909
68  0.000035 7.777822 -0.000043  0.072921 0.186148 -0.052689
69  -0.000083 8.178054 0.000009  -0.087031 -0.422849 -0.381357
70  1.617605 3.431407 2.399265  -0.249454 2.569515 1.508568
71  -0.000166 5.476941 -0.000027  0.057729 0.074071 0.060287
72  -0.000092 6.060493 -0.000006  -0.015205 0.015650 -0.152066
73  0.000026 5.994251 0.000012  -0.126210 -0.157657 0.153303
74  -0.000079 7.076867 -0.000046  -0.008118 0.010384 0.036402
75  0.000006 7.089873 -0.000069  0.070875 0.098587 -0.025893
76  0.361110 0.886676 3.287745  -0.576369 1.978708 0.939011
77  -0.000068 6.686637 0.000222  -0.146568 0.414164 -0.327704
78  -0.000013 7.638012 0.000012  -0.079524 -0.025948 0.130953
79  -0.000031 7.290233 -0.000022  0.025325 -0.093908 0.023965
80  -0.000033 6.530367 0.000002  -0.261847 -0.300601 0.006734
81  0.000062 7.224882 0.000008  0.036505 0.032480 -0.175823
82  1.071900 3.225795 1.570115  -0.043805 2.859975 1.526244
83  0.000415 6.748899 -0.000066  -0.062703 0.083783 0.022203
84  -0.000046 8.002649 0.000026  -0.067497 -0.117209 -0.115600
85  0.000010 8.580567 -0.000097  0.088214 -0.007187 0.334606
86  0.000174 8.689828 -0.000041  0.065326 -0.412430 -0.134518
87  -1.514534 2.104636 0.318055  -0.024895 3.094491 1.569491
88  0.000189 6.982280 0.000012  -0.107588 -0.057625 -0.215715
89  -0.000009 8.382877 -0.000068  0.135030 -0.099914 0.287073
90  -0.000058 8.697670 0.000023  -0.148089 -0.510100 0.044839
91  -0.000136 8.921827 0.000081  -0.236828 -0.892635 0.098804
92  3.553614 -3.478051 2.409277  0.000821 0.762046 1.535304
93  0.000007 4.476900 -0.000008  -0.151004 -0.588330 0.377259
94  0.000031 4.514118 -0.000022  -0.228868 -2.996200 0.592367
95  0.000043 4.518380 -0.000026  0.143171 2.612777 0.693383
96  0.000023 3.598326 0.000021  -0.749303 0.869851 -0.773233
97  4.209923 -0.440349 1.018824  -1.581859 -2.080450 -0.167730
98  4.265505 1.434234 -0.404991  -1.793080 -0.284574 -0.408448
99  9.400230 0.017941 0.083202  0.102530 -0.046335 -1.802136
100  10.242419 0.033591 0.064481  2.104696 -0.278297 -0.380744
101  3.465856 -0.059678 0.016695  -0.001878 -0.038249 -0.606026
102  1.655593 -0.000018 0.000021  -0.006274 -0.137770 -0.555179
103  0.960772 -0.000008 -0.000005  0.016032 -0.021699 -0.441301
104  3.462025 -0.064247 0.939911  0.321428 -0.148272 -0.367690
105  1.497175 -0.000005 0.000019  -0.477830 -0.120974 -0.307115
106  0.793760 -0.000000 -0.000001  -0.018631 0.038071 -0.597767
107  0.591662 -0.460691 0.835209  -0.928670 -0.660817 -0.574537
108  1.556138 0.000001 0.000003  -0.225481 0.093578 0.369397
109  1.135904 0.000015 0.000004  0.005394 -0.063320 0.157742
110  3.084267 -0.668820 -1.257081  -0.599436 0.145783 -0.844543
111  1.064204 -0.000002 0.000003  -0.036549 0.119820 -1.078732
112  0.640332 0.000004 -0.000008  -0.040391 0.002758 -0.799264
113  3.396820 -0.242136 -0.708689  -0.320873 0.072963 -0.721016
114  1.532969 0.000008 0.000003  0.013558 -0.009355 -0.935299
115  0.832972 -0.000001 -0.000004  -0.011311 -0.037570 -0.925662
116  4.209946 -0.440346 -1.019279  1.976464 2.126765 0.172774
117  4.266744 1.424942 0.424938  1.867558 -0.054212 -0.681685
118  9.398569 0.011950 -0.082515  -0.005595 0.056578 -0.391433
119  10.242435 0.028176 -0.062911  -1.601659 0.102730 0.300900
120  3.465744 -0.067522 0.002267  -0.236025 0.250344 -1.661803
121  1.655553 -0.000002 0.000004  -0.163968 0.184379 -1.165786
122  0.960906 0.000008 0.000001  -0.016549 0.174634 -0.879107
123  3.466849 -0.077775 -0.920909  -0.488204 0.123884 -1.683477
124  1.497259 -0.000034 -0.000020  -0.582860 0.323155 -1.031152
125  0.793788 -0.000007 -0.000003  -0.224499 0.388229 -0.771830
126  0.595077 -0.467145 -0.829176  2.469248 0.674121 -0.724606
127  1.555672 0.000014 -0.000002  0.636283 0.519397 1.169487
128  1.136811 -0.000007 0.000000  0.577368 0.458282 1.085121
129  3.075972 -0.667963 1.277700  0.603515 0.230641 -1.364351
130  1.064596 0.000024 0.000012  0.027277 -0.117757 -0.838133
131  0.640360 -0.000015 -0.000003  -0.104954 -0.024242 -0.478963
132  3.392408 -0.245364 0.728375  0.121114 0.329625 -1.777562
133  1.532737 -0.000006 -0.000001  0.007536 0.016485 -0.807478
134  0.833150 0.000005 0.000005  -0.082369 -0.069635 -1.035681
135  3.590109 -3.090294 1.193972  1.635457 1.210566 1.548541
136  3.589555 -3.089879 -1.196372  -1.505736 1.210473 -1.592853
137  -0.436561 4.719027 -0.001076  -0.000945 -1.570733 1.692990
138  -0.000000 2.775455 -0.000237  -0.135089 0.000001 -0.000000
139  0.000000 3.189766 0.000008  0.207820 0.000000 0.000000
140  0.000001 3.504657 0.000042  -0.261876 -0.000000 -0.000000
141  -0.000000 2.863201 -0.000004  -0.051268 0.000000 -0.000000
time 44
0  1.149299 -0.156605 33.657707  1.570862 0.000000 -0.000000
1  0.002636 43.025146 0.734438  -0.037048 -0.804805 -0.071571
2  3.061858 -4.181015 -0.610804  -2.003959 -0.515133 -0.811972
3  18.476776 0.000160 -0.000001  -0.007920 -0.074961 0.968652
4  17.490086 0.000116 0.000005  -0.052770 0.705941 -1.373357
5  -3.065330 -4.183576 -0.611480  -1.471921 -0.267440 -2.080736
6  18.474854 -0.000034 -0.000007  0.008135 0.075497 0.976529
7  17.489584 0.001915 -0.000008  0.430483 -0.274203 -1.607935
8  -0.000117 -0.048881 -0.576226  1.585152 0.055071 1.646438
9  3.224489 0.767047 0.000495  -0.042477 -0.061329 0.201836
10  3.223905 0.226399 -0.001944  -0.001775 -0.036430 0.230047
11  5.187316 -1.262559 -0.001177  0.000012 0.000066 0.194111
12  6.928412 -1.935310 -0.000226  -3.026593 -0.146685 0.276655
13  3.236367 1.079612 0.000059  0.427606 0.231924 0.218349
14  0.833762 3.805359 0.692955  -0.040492 0.554884 1.469865
15  0.000039 6.792209 0.000041  0.007991 0.036071 -0.011407
16  -0.000065 7.744814 0.000016  -0.017442 -0.155305 0.068153
17  0.000077 7.809701 0.000013  -0.033637 0.005026 0.006142
18  -0.000027 7.867671 0.000014  -0.073329 -0.127910 0.026375
19  3.494696 -1.749091 -3.006912  0.152547 2.070420 1.936938
20  0.000121 4.478323 0.000017  -0.194659 0.310431 -0.234996
21  0.000047 4.636114 -0.000028  0.035819 0.324592 -0.151767
22  -0.000042 5.008649 0.000013  0.076000 -0.286565 0.276091
23  0.000065 4.781163 0.000008  0.904405 -2.690904 -0.015801
24  2.253039 1.989064 -3.350106  -1.523632 1.324495 0.112393
25  0.000160 6.589468 0.000171  0.206356 -0.002128 -0.080395
26  0.000041 7.491409 0.000041  -0.333516 0.184455 -0.191163
27  0.000024 7.660309 -0.000056  -0.063173 0.127194 -0.062119
28  0.000006 7.256271 0.000020  -0.052939 -0.487829 0.313813
29  -0.791163 2.265121 -1.234656  -0.753899 1.136376 0.824665
30  -0.000258 8.572265 -0.000091  -0.222844 -0.296789 0.176505
31  -0.000095 8.117213 0.000047  0.072258 0.772520 -0.285587
32  -0.000082 8.230030 -0.000067  -0.080496 -0.347232 0.072252
33  0.000061 7.366724 0.000054  -0.015393 -0.663893 0.062743
34  0.224214 0.240131 -3.218158  -0.877381 1.468889 0.577820
35  -0.000102 7.721058 -0.000315  -0.283829 0.060495 -0.167556
36  -0.000031 7.374846 -0.000001  0.007537 -0.195020 0.049539
37  0.000076 6.848102 0.000008  0.005484 0.006497 -0.033649
38  -0.000054 7.777871 0.000006  -0.186096 0.182474 -0.152847
39  -1.514468 2.104652 -1.150167  -0.029093 0.541320 1.555671
40  -0.000166 6.982342 -0.000075  -0.199699 -0.041214 0.153490
41  0.000039 8.382859 -0.000073  0.044867 0.587987 -0.257958
42  0.000016 8.697703 -0.000025  -0.102637 -0.474319 0.290942
43  0.000057 8.921803 -0.000001  -0.076257 0.581004 -0.195602
44  1.196193 2.899158 -2.353086  -0.449719 1.030105 1.287423
45  0.000106 5.476951 0.000007  0.285574 -0.099353 -0.038446
46  -0.000074 6.060434 -0.000089  -0.155020 -0.575032 0.384609
47  0.000021 5.994260 0.000030  0.033940 0.288574 -0.067730
48  -0.000007 6.100487 -0.000000  -0.068407 0.299273 -0.162152
49  0.000036 6.916762 0.000009  -0.096318 0.220533 -0.107966
50  0.000145 6.435060 -0.000043  -0.037456 0.171630 -0.116573
51  1.092795 3.649517 -1.738794  -0.148600 0.876612 1.445020
52  -0.000126 6.792197 -0.000100  0.008284 0.107792 -0.048643
53  -0.000088 7.744778 -0.000036  0.057137 -0.256893 0.015458
54  0.000085 9.115021 -0.000035  -0.020393 0.256253 -0.142636
55  3.494513 -1.749098 3.007063  0.118400 1.106974 1.813803
56  0.000013 4.323835 0.000089  -0.229908 -0.770943 0.449224
57  0.000029 4.872900 -0.000023  0.367245 -0.664052 -0.254033
58  0.000005 5.056643 0.000092  -0.511237 0.856585 -0.546325
59  2.292464 1.708617 3.661674  -1.762560 1.789109 -0.218979
60  -0.000173 6.589437 0.000274  -0.007132 -0.169123 0.176911
61  0.000172 7.491495 -0.000146  -0.132413 -0.107097 0.179327
62  -0.000137 8.249660 0.000144  0.041913 -0.058209 0.015813
63  0.000075 8.605240 -0.000027  0.101585 0.501824 -0.079696
64  -0.240486 2.066075 2.349267  -0.357331 2.461714 1.296076
65  -0.000090 7.721111 -0.000003  -0.208231 -0.126223 -0.116492
66  -0.000122 7.374861 -0.000047  -0.111017 0.046940 -0.046466
67  -0.000032 6.848067 -0.000026  0.273533 0.247522 0.299909
68  0.000030 7.777822 -0.000043  0.072921 0.186148 -0.052689
69  -0.000085 8.178053 0.000012  -0.087031 -0.422849 -0.381357
70  1.617610 3.431419 2.399265  -0.249454 2.569515 1.508568
71  -0.000168 5.476937 -0.000030  0.057729 0.074071 0.060287
72  -0.000100 6.060496 -0.000008  -0.015205 0.015650 -0.152066
73  0.000027 5.994248 0.000010  -0.126210 -0.157657 0.153303
74  -0.000084 7.076872 -0.000046  -0.008118 0.010384 0.036402
75  0.000006 7.089869 -0.000070  0.070875 0.098587 -0.025893
76  0.361109 0.886682 3.287745  -0.576369 1.978708 0.939011
77  -0.000067 6.686641 0.000225  -0.146568 0.414164 -0.327704
78  -0.000013 7.638013 0.000013  -0.079524 -0.025948 0.130953
79  -0.000026 7.290236 -0.000023  0.025325 -0.093908 0.023965
80  -0.000030 6.530366 0.000009  -0.261847 -0.300601 0.006734
81  0.000063 7.224880 0.000009  0.036505 0.032480 -0.175823
82  1.071895 3.225798 1.570115  -0.043805 2.859975 1.526244
83  0.000414 6.748904 -0.000066  -0.062703 0.083783 0.022203
84  -0.000043 8.002647 0.000026  -0.067497 -0.117209 -0.115600
85  0.000011 8.580579 -0.000097  0.088214 -0.007187 0.334606
86  0.000170 8.689831 -0.000041  0.065326 -0.412430 -0.134518
87  -1.514531 2.104646 0.318055  -0.024895 3.094491 1.569491
88  0.000189 6.982280 0.000011  -0.107588 -0.057625 -0.215715
89  -0.000010 8.382870 -0.000068  0.135030 -0.099914 0.287073
90  -0.000060 8.697678 0.000023  -0.148089 -0.510100 0.044839
91  -0.000134 8.921825 0.000077  -0.236828 -0.892635 0.098804
92  3.553615 -3.478043 2.409277  0.000821 0.762046 1.535304
93  0.000001 4.476902 -0.000004  -0.151004 -0.588330 0.377259
94  0.000031 4.514123 -0.000022  -0.228868 -2.996200 0.592367
95  0.000042 4.518385 -0.000024  0.143171 2.612777 0.693383
96  0.000025 3.598334 0.000024  -0.749303 0.869851 -0.773233
97  4.209924 -0.440344 1.018825  -1.627511 -2.087236 -0.128034
98  4.265512 1.434230 -0.404992  -1.791625 -0.311087 -0.378747
99  9.400237 0.017943 0.083200  0.100242 -0.048596 -1.759678
100  10.242417 0.033594 0.064476  2.126429 -0.278564 -0.405402
101  3.465855 -0.059676 0.016690  -0.002462 -0.030350 -0.603111
102  1.655598 -0.000016 0.000022  -0.000303 -0.148180 -0.615080
103  0.960769 -0.000003 -0.000007  0.015627 -0.029801 -0.495772
104  3.462029 -0.064241 0.939906  0.321945 -0.131615 -0.365573
105  1.497175 -0.000003 0.000022  -0.473008 -0.137758 -0.346395
106  0.793760 0.000004 0.000001  -0.020870 0.041228 -0.645999
107  0.591659 -0.460689 0.835204  -0.945474 -0.643438 -0.525981
108  1.556134 0.000004 -0.000002  -0.218265 0.098449 0.380632
109  1.135903 0.000018 0.000004  -0.003532 -0.060375 0.165058
110  3.084265 -0.668820 -1.257088  -0.579955 0.122747 -0.872399
111  1.064203 0.000003 0.000004  -0.043354 0.121989 -1.145817
112  0.640341 0.000001 -0.000007  -0.039861 0.009085 -0.869157
113  3.396821 -0.242134 -0.708692  -0.307638 0.076554 -0.725782
114  1.532970 0.000006 0.000008  0.014245 -0.010022 -1.001880
115  0.832979 0.000000 -0.000005  -0.007548 -0.035124 -0.976815
116  4.209949 -0.440342 -1.019278  1.996247 2.130797 0.189851
117  4.266745 1.424944 0.424936  1.879447 -0.062434 -0.687254
118  9.398560 0.011949 -0.082515  -0.003788 0.055228 -0.362364
119  10.242436 0.028176 -0.062908  -1.590829 0.085871 0.307920
120  3.465748 -0.067522 0.002269  -0.235551 0.250366 -1.659689
121  1.655559 0.000003 0.000005  -0.164710 0.184486 -1.170288
122  0.960908 0.000007 0.000001  -0.017592 0.175487 -0.884258
123  3.466857 -0.077778 -0.920909  -0.488053 0.124189 -1.681958
124  1.497258 -0.000035 -0.000021  -0.584416 0.324130 -1.035801
125  0.793790 -0.000008 -0.000006  -0.226947 0.390653 -0.776020
126  0.595081 -0.467147 -0.829175  2.469290 0.674105 -0.724492
127  1.555675 0.000018 -0.000002  0.636429 0.519483 1.169732
128  1.136817 -0.000011 0.000001  0.577175 0.458208 1.084927
129  3.075975 -0.667963 1.277702  0.603940 0.227627 -1.360936
130  1.064592 0.000018 0.000012  0.027228 -0.117726 -0.837606
131  0.640361 -0.000014 -0.000003  -0.104887 -0.024211 -0.478389
132  3.392414 -0.245366 0.728377  0.120498 0.330090 -1.779336
133  1.532738 -0.000006 -0.000001  0.007522 0.016502 -0.808210
134  0.833150 0.000012 0.000005  -0.082408 -0.069696 -1.036488
135  3.590104 -3.090294 1.193972  1.635457 1.210566 1.548541
136  3.589554 -3.089879 -1.196373  -1.505736 1.210473 -1.592853
137  -0.436567 4.719027 -0.001076  -0.001064 -1.570733 1.693176
138  0.000001 2.775454 -0.000235  -0.135089 0.000001 -0.000000
139  0.000000 3.189769 0.000008  0.207820 -0.000000 0.000000
140  0.000001 3.504646 0.000047  -0.261876 -0.000000 -0.000000
141  -0.000000 2.863202 -0.000003  -0.051268 0.000000 0.000000
time 45
0  1.201151 0.029641 33.519318  1.570862 0.000000 -0.000000
1  0.002636 43.025146 0.734438  -0.051040 -0.837317 -0.069730
2  3.061858 -4.181010 -0.610804  -1.997647 -0.490998 -0.807788
3  18.476776 0.000158 0.000001  -0.008150 -0.075363 0.974317
4  17.490086 0.000115 0.000004  -0.073589 0.695859 -1.391487
5  -3.065330 -4.183576 -0.611480  -1.468031 -0.291029 -2.088632
6  18.474857 -0.000033 -0.000010  0.009222 0.077322 1.002518
7  17.489584 0.001917 -0.000005  0.412827 -0.308008 -1.611613
8  -0.000117 -0.048881 -0.576226  1.586437 0.046593 1.645060
9  3.224482 0.767047 0.000496  -0.049253 -0.057417 0.215335
10  3.223904 0.226399 -0.001944  -0.002617 -0.033154 0.237695
11  5.187323 -1.262561 -0.001177  0.000012 0.000066 0.194111
12  6.928411 -1.935312 -0.000227  -3.023182 -0.155113 0.279039
13  3.236361 1.079603 0.000056  0.434008 0.252969 0.241912
14  0.833757 3.805351 0.692955  -0.040492 0.554885 1.469865
15  0.000038 6.792209 0.000038  0.007991 0.036071 -0.011407
16  -0.000067 7.744818 0.000012  -0.017442 -0.155305 0.068153
17  0.000076 7.809702 0.000019  -0.033637 0.005026 0.006142
18  -0.000030 7.867671 0.000016  -0.073329 -0.127910 0.026375
19  3.494704 -1.749088 -3.006912  0.152547 2.070419 1.936938
20  0.000120 4.478316 0.000018  -0.194659 0.310431 -0.234996
21  0.000048 4.636115 -0.000029  0.035819 0.324592 -0.151767
22  -0.000041 5.008646 0.000011  0.076000 -0.286565 0.276091
23  0.000064 4.781168 0.000009  0.904405 -2.690904 -0.015801
24  2.253042 1.989064 -3.350106  -1.523632 1.324495 0.112393
25  0.000160 6.589468 0.000172  0.206356 -0.002128 -0.080395
26  0.000042 7.491409 0.000040  -0.333516 0.184455 -0.191163
27  0.000025 7.660310 -0.000059  -0.063173 0.127194 -0.062119
28  0.000008 7.256269 0.000015  -0.052939 -0.487829 0.313813
29  -0.791160 2.265122 -1.234655  -0.753899 1.136376 0.824664
30  -0.000258 8.572269 -0.000091  -0.222844 -0.296789 0.176505
31  -0.000096 8.117219 0.000046  0.072258 0.772520 -0.285587
32  -0.000083 8.230036 -0.000066  -0.080496 -0.347232 0.072252
33  0.000057 7.366724 0.000055  -0.015393 -0.663893 0.062743
34  0.224218 0.240131 -3.218157  -0.877381 1.468889 0.577820
35  -0.000101 7.721052 -0.000307  -0.283829 0.060495 -0.167556
36  -0.000030 7.374854 0.000000  0.007537 -0.195020 0.049539
37  0.000075 6.848104 0.000009  0.005484 0.006497 -0.033649
38  -0.000051 7.777863 0.000012  -0.186097 0.182474 -0.152847
39  -1.514464 2.104652 -1.150167  -0.029093 0.541320 1.555671
40  -0.000163 6.982347 -0.000076  -0.199699 -0.041214 0.153490
41  0.000039 8.382860 -0.000073  0.044867 0.587987 -0.257958
42  0.000012 8.697701 -0.000029  -0.102637 -0.474319 0.290942
43  0.000058 8.921806 -0.000004  -0.076257 0.581004 -0.195602
44  1.196193 2.899158 -2.353086  -0.449719 1.030105 1.287423
45  0.000107 5.476940 0.000007  0.285574 -0.099353 -0.038446
46  -0.000073 6.060439 -0.000089  -0.155020 -0.575032 0.384609
47  0.000018 5.994263 0.000030  0.033940 0.288574 -0.067730
48  -0.000005 6.100491 0.000000  -0.068407 0.299273 -0.162152
49  0.000033 6.916765 0.000005  -0.096318 0.220533 -0.107966
50  0.000153 6.435058 -0.000041  -0.037456 0.171630 -0.116573
51  1.092795 3.649515 -1.738794  -0.148600 0.876612 1.445020
52  -0.000128 6.792195 -0.000104  0.008285 0.107792 -0.048643
53  -0.000089 7.744778 -0.000031  0.057137 -0.256893 0.015458
54  0.000082 9.115026 -0.000035  -0.020393 0.256253 -0.142636
55  3.494518 -1.749100 3.007063  0.118400 1.106974 1.813803
56  0.000014 4.323834 0.000086  -0.229908 -0.770943 0.449224
57  0.000030 4.872897 -0.000024  0.367245 -0.664052 -0.254033
58  0.000006 5.056643 0.000094  -0.511237 0.856585 -0.546325
59  2.292467 1.708618 3.661675  -1.762560 1.789109 -0.218979
60  -0.000175 6.589436 0.000274  -0.007132 -0.169123 0.176911
61  0.000171 7.491495 -0.000147  -0.132413 -0.107097 0.179327
62  -0.000142 8.249659 0.000142  0.041913 -0.058209 0.015813
63  0.000072 8.605237 -0.000031  0.101585 0.501824 -0.079696
64  -0.240481 2.066080 2.349267  -0.357331 2.461714 1.296076
65  -0.000086 7.721107 -0.000002  -0.208231 -0.126223 -0.116492
66  -0.000122 7.374871 -0.000047  -0.111017 0.046939 -0.046466
67  -0.000031 6.848063 -0.000027  0.273533 0.247522 0.299909
68  0.000031 7.777820 -0.000046  0.072921 0.186148 -0.052689
69  -0.000090 8.178049 0.000010  -0.087031 -0.422849 -0.381357
70  1.617605 3.431413 2.399265  -0.249454 2.569515 1.508568
71  -0.000171 5.476935 -0.000027  0.057729 0.074071 0.060287
72  -0.000094 6.060494 -0.000007  -0.015205 0.015650 -0.152067
73  0.000025 5.994247 0.000011  -0.126210 -0.157657 0.153303
74  -0.000081 7.076874 -0.000049  -0.008118 0.010384 0.036402
75  0.000001 7.089868 -0.000069  0.070875 0.098587 -0.025893
76  0.361109 0.886683 3.287745  -0.576369 1.978708 0.939011
77  -0.000063 6.686641 0.000220  -0.146568 0.414164 -0.327704
78  -0.000009 7.638025 0.000011  -0.079524 -0.025948 0.130953
79  -0.000027 7.290233 -0.000021  0.025325 -0.093908 0.023965
80  -0.000033 6.530366 0.000006  -0.261847 -0.300601 0.006734
81  0.000065 7.224881 0.000009  0.036505 0.032480 -0.175823
82  1.071898 3.225802 1.570115  -0.043805 2.859975 1.526244
83  0.000418 6.748895 -0.000067  -0.062703 0.083783 0.022203
84  -0.000048 8.002652 0.000027  -0.067497 -0.117209 -0.115600
85  0.000012 8.580566 -0.000098  0.088214 -0.007187 0.334606
86  0.000171 8.689829 -0.000041  0.065326 -0.412430 -0.134518
87  -1.514535 2.104643 0.318056  -0.024895 3.094491 1.569491
88  0.000188 6.982282 0.000011  -0.107588 -0.057625 -0.215715
89  -0.000006 8.382874 -0.000067  0.135030 -0.099914 0.287073
90  -0.000059 8.697665 0.000023  -0.148089 -0.510100 0.044839
91  -0.000137 8.921822 0.000078  -0.236828 -0.892635 0.098804
92  3.553613 -3.478045 2.409276  0.000821 0.762046 1.535304
93  -0.000004 4.476907 -0.000010  -0.151004 -0.588330 0.377259
94  0.000033 4.514118 -0.000022  -0.228868 -2.996200 0.592367
95  0.000041 4.518386 -0.000025  0.143171 2.612777 0.693383
96  0.000025 3.598329 0.000025  -0.749303 0.869851 -0.773233
97  4.209922 -0.440346 1.018823  -1.669158 -2.095781 -0.092078
98  4.265507 1.434226 -0.404991  -1.800240 -0.329834 -0.349001
99  9.400238 0.017943 0.083204  0.097976 -0.050655 -1.719262
100  10.242419 0.033590 0.064480  2.143061 -0.272526 -0.426445
101  3.465853 -0.059682 0.016691  -0.005650 -0.018443 -0.568327
102  1.655597 -0.000015 0.000020  0.003373 -0.154440 -0.653480
103  0.960768 -0.000005 -0.000009  0.014409 -0.035478 -0.532915
104  3.462025 -0.064247 0.939907  0.321213 -0.120409 -0.340903
105  1.497176 -0.000006 0.000023  -0.470320 -0.145907 -0.364343
106  0.793758 0.000001 -0.000002  -0.021945 0.042662 -0.673979
107  0.591660 -0.460694 0.835203  -0.958868 -0.634546 -0.498839
108  1.556137 0.000007 0.000000  -0.212034 0.098937 0.382944
109  1.135906 0.000019 0.000003  -0.008815 -0.057269 0.172292
110  3.084268 -0.668823 -1.257087  -0.569662 0.113364 -0.878132
111  1.064202 -0.000006 0.000001  -0.048188 0.123089 -1.193030
112  0.640339 0.000005 -0.000009  -0.038596 0.015936 -0.912014
113  3.396818 -0.242140 -0.708692  -0.301115 0.084488 -0.709597
114  1.532970 0.000003 0.000007  0.014842 -0.010154 -1.034645
115  0.832972 -0.000006 -0.000004  -0.004506 -0.030286 -1.005333
116  4.209943 -0.440342 -1.019279  2.012548 2.135249 0.203731
117  4.266747 1.424941 0.424938  1.885258 -0.064532 -0.682975
118  9.398566 0.011949 -0.082518  -0.002401 0.054133 -0.339597
119  10.242435 0.028178 -0.062911  -1.584861 0.072480 0.314661
120  3.465744 -0.067523 0.002267  -0.235139 0.250386 -1.657913
121  1.655556 0.000003 0.000005  -0.165396 0.184611 -1.174195
122  0.960906 0.000005 0.000001  -0.018475 0.176267 -0.888723
123  3.466854 -0.077781 -0.920911  -0.487911 0.124492 -1.680524
124  1.497260 -0.000036 -0.000023  -0.585805 0.325055 -1.040070
125  0.793788 -0.000006 -0.000000  -0.229111 0.392858 -0.779804
126  0.595077 -0.467148 -0.829176  2.469331 0.674089 -0.724377
127  1.555677 0.000019 -0.000003  0.636546 0.519586 1.169869
128  1.136808 -0.000008 -0.000001  0.576984 0.458133 1.084733
129  3.075970 -0.667964 1.277701  0.604297 0.224939 -1.357865
130  1.064597 0.000020 0.000013  0.027199 -0.117707 -0.837276
131  0.640362 -0.000013 -0.000005  -0.104896 -0.024162 -0.478010
132  3.392410 -0.245367 0.728375  0.119789 0.330606 -1.781302
133  1.532737 -0.000003 -0.000001  0.007510 0.016517 -0.808875
134  0.833150 0.000009 0.000005  -0.082448 -0.069752 -1.037092
135  3.590111 -3.090296 1.193972  1.635457 1.210566 1.548541
136  3.589560 -3.089880 -1.196372  -1.505736 1.210473 -1.592853
137  -0.436561 4.719025 -0.001076  -0.000767 -1.570733 1.693109
138  0.000000 2.775457 -0.000235  -0.135089 0.000001 -0.000000
139  -0.000000 3.189765 0.000007  0.207820 -0.000000 0.000000
140  0.000001 3.504649 0.000049  -0.261876 -0.000000 -0.000000
141  0.000000 2.863190 -0.000002  -0.051268 -0.000000 0.000000
time 46
0  1.276864 0.248726 33.408024  1.570862 0.000000 -0.000000
1  0.002636 43.025146 0.734438  -0.061783 -0.866290 -0.069312
2  3.061858 -4.181008 -0.610805  -1.992753 -0.470335 -0.803028
3  18.476772 0.000160 -0.000000  -0.008209 -0.075465 0.975751
4  17.490086 0.000116 0.000005  -0.091028 0.686860 -1.403140
5  -3.065329 -4.183571 -0.611480  -1.463231 -0.314566 -2.093493
6  18.474857 -0.000031 -0.000004  0.010198 0.078874 1.024949
7  17.489582 0.001916 -0.000007  0.394698 -0.337329 -1.610918
8  -0.000117 -0.048878 -0.576227  1.585927 0.039058 1.641663
9  3.224487 0.767047 0.000496  -0.056283 -0.052665 0.227144
10  3.223906 0.226400 -0.001944  -0.004624 -0.029363 0.243645
11  5.187318 -1.262558 -0.001177  0.000012 0.000066 0.194111
12  6.928407 -1.935312 -0.000227  -3.018377 -0.165084 0.279424
13  3.236363 1.079617 0.000056  0.441776 0.274948 0.260885
14  0.833764 3.805356 0.692955  -0.040492 0.554885 1.469865
15  0.000042 6.792214 0.000041  0.007991 0.036071 -0.011407
16  -0.000066 7.744817 0.000019  -0.017442 -0.155305 0.068153
17  0.000073 7.809703 0.000015  -0.033637 0.005026 0.006142
18  -0.000029 7.867676 0.000018  -0.073329 -0.127910 0.026375
19  3.494702 -1.749091 -3.006912  0.152547 2.070419 1.936938
20  0.000119 4.478327 0.000017  -0.194659 0.310431 -0.234996
21  0.000047 4.636111 -0.000029  0.035819 0.324592 -0.151767
22  -0.000042 5.008653 0.000014  0.076000 -0.286564 0.276091
23  0.000064 4.781168 0.000009  0.904405 -2.690904 -0.015801
24  2.253044 1.989062 -3.350106  -1.523632 1.324495 0.112393
25  0.000160 6.589474 0.000171  0.206356 -0.002128 -0.080395
26  0.000043 7.491412 0.000046  -0.333516 0.184455 -0.191163
27  0.000023 7.660300 -0.000057  -0.063173 0.127194 -0.062119
28  0.000005 7.256271 0.000017  -0.052939 -0.487829 0.313813
29  -0.791155 2.265119 -1.234655  -0.753899 1.136376 0.824665
30  -0.000257 8.572266 -0.000093  -0.222844 -0.296789 0.176505
31  -0.000095 8.117213 0.000047  0.072258 0.772520 -0.285587
32  -0.000082 8.230032 -0.000069  -0.080496 -0.347232 0.072252
33  0.000060 7.366722 0.000053  -0.015392 -0.663893 0.062743
34  0.224220 0.240130 -3.218158  -0.877381 1.468889 0.577820
35  -0.000101 7.721059 -0.000311  -0.283829 0.060495 -0.167556
36  -0.000030 7.374853 -0.000003  0.007537 -0.195020 0.049539
37  0.000075 6.848107 0.000009  0.005484 0.006497 -0.033649
38  -0.000050 7.777862 0.000010  -0.186097 0.182474 -0.152847
39  -1.514465 2.104646 -1.150167  -0.029093 0.541320 1.555671
40  -0.000167 6.982352 -0.000076  -0.199699 -0.041214 0.153490
41  0.000038 8.382867 -0.000075  0.044867 0.587987 -0.257958
42  0.000010 8.697703 -0.000024  -0.102637 -0.474319 0.290942
43  0.000056 8.921803 -0.000005  -0.076257 0.581004 -0.195602
44  1.196197 2.899155 -2.353086  -0.449719 1.030105 1.287423
45  0.000108 5.476949 0.000001  0.285574 -0.099353 -0.038446
46  -0.000071 6.060437 -0.000092  -0.155020 -0.575032 0.384609
47  0.000021 5.994263 0.000031  0.033940 0.288574 -0.067730
48  -0.000009 6.100489 0.000002  -0.068407 0.299273 -0.162152
49  0.000036 6.916763 0.000010  -0.096318 0.220533 -0.107966
50  0.000149 6.435061 -0.000045  -0.037456 0.171630 -0.116573
51  1.092799 3.649515 -1.738794  -0.148600 0.876612 1.445020
52  -0.000127 6.792198 -0.000101  0.008285 0.107792 -0.048643
53  -0.000087 7.744774 -0.000029  0.057137 -0.256893 0.015458
54  0.000087 9.115026 -0.000037  -0.020393 0.256253 -0.142636
55  3.494520 -1.749103 3.007064  0.118400 1.106974 1.813803
56  0.000015 4.323827 0.000087  -0.229908 -0.770943 0.449224
57  0.000027 4.872902 -0.000020  0.367245 -0.664052 -0.254033
58  0.000007 5.056643 0.000092  -0.511237 0.856585 -0.546325
59  2.292473 1.708616 3.661674  -1.762560 1.789109 -0.218979
60  -0.000176 6.589439 0.000278  -0.007132 -0.169123 0.176911
61  0.000174 7.491496 -0.000150  -0.132413 -0.107097 0.179327
62  -0.000139 8.249660 0.000141  0.041913 -0.058209 0.015813
63  0.000074 8.605236 -0.000028  0.101585 0.501824 -0.079696
64  -0.240481 2.066076 2.349267  -0.357331 2.461714 1.296076
65  -0.000086 7.721102 -0.000004  -0.208231 -0.126223 -0.116492
66  -0.000119 7.374863 -0.000048  -0.111017 0.046939 -0.046466
67  -0.000039 6.848065 -0.000026  0.273533 0.247522 0.299909
68  0.000031 7.777823 -0.000045  0.072921 0.186148 -0.052689
69  -0.000085 8.178055 0.000011  -0.087031 -0.422849 -0.381357
70  1.617613 3.431415 2.399265  -0.249454 2.569515 1.508568
71  -0.000166 5.476936 -0.000028  0.057729 0.074071 0.060287
72  -0.000091 6.060496 -0.000005  -0.015205 0.015650 -0.152067
73  0.000021 5.994247 0.000011  -0.126210 -0.157657 0.153303
74  -0.000077 7.076879 -0.000046  -0.008118 0.010384 0.036402
75  0.000007 7.089868 -0.000070  0.070875 0.098587 -0.025893
76  0.361116 0.886685 3.287745  -0.576369 1.978708 0.939011
77  -0.000066 6.686647 0.000213  -0.146568 0.414164 -0.327704
78  -0.000009 7.638023 0.000014  -0.079524 -0.025948 0.130953
79  -0.000024 7.290230 -0.000026  0.025325 -0.093908 0.023965
80  -0.000032 6.530369 0.000006  -0.261847 -0.300601 0.006734
81  0.000062 7.224876 0.000009  0.036505 0.032480 -0.175823
82  1.071905 3.225798 1.570115  -0.043805 2.859975 1.526244
83  0.000412 6.748905 -0.000066  -0.062703 0.083783 0.022203
84  -0.000049 8.002647 0.000027  -0.067497 -0.117209 -0.115600
85  0.000013 8.580568 -0.000097  0.088214 -0.007187 0.334606
86  0.000169 8.689830 -0.000040  0.065326 -0.412430 -0.134518
87  -1.514528 2.104641 0.318056  -0.024895 3.094491 1.569491
88  0.000193 6.982283 0.000011  -0.107588 -0.057625 -0.215715
89  -0.000008 8.382876 -0.000068  0.135030 -0.099914 0.287073
90  -0.000060 8.697670 0.000023  -0.148089 -0.510100 0.044839
91  -0.000139 8.921824 0.000081  -0.236827 -0.892635 0.098804
92  3.553621 -3.478041 2.409277  0.000821 0.762046 1.535304
93  -0.000005 4.476908 -0.000009  -0.151004 -0.588330 0.377259
94  0.000032 4.514117 -0.000023  -0.228868 -2.996200 0.592367
95  0.000043 4.518384 -0.000021  0.143171 2.612777 0.693383
96  0.000024 3.598335 0.000024  -0.749303 0.869851 -0.773233
97  4.209919 -0.440343 1.018824  -1.707200 -2.105146 -0.059539
98  4.265508 1.434227 -0.404993  -1.812257 -0.340946 -0.319365
99  9.400233 0.017942 0.083201  0.095707 -0.052559 -1.680166
100  10.242421 0.033589 0.064479  2.156343 -0.262925 -0.444122
101  3.465858 -0.059674 0.016692  -0.009645 -0.004870 -0.518133
102  1.655595 -0.000022 0.000022  0.005604 -0.158451 -0.679048
103  0.960766 -0.000002 -0.000004  0.012872 -0.039559 -0.558782
104  3.462034 -0.064238 0.939908  0.320172 -0.112303 -0.305748
105  1.497174 -0.000014 0.000024  -0.469071 -0.149117 -0.370018
106  0.793758 -0.000001 -0.000000  -0.022371 0.043168 -0.689423
107  0.591668 -0.460685 0.835205  -0.969848 -0.630739 -0.483673
108  1.556141 -0.000001 0.000002  -0.206835 0.097356 0.380575
109  1.135905 0.000014 0.000003  -0.012010 -0.054340 0.178987
110  3.084271 -0.668813 -1.257085  -0.564812 0.111420 -0.872290
111  1.064200 -0.000004 0.000010  -0.051656 0.123809 -1.227542
112  0.640336 0.000005 -0.000009  -0.037208 0.022948 -0.939165
113  3.396826 -0.242133 -0.708691  -0.297934 0.094439 -0.682795
114  1.532970 0.000006 0.000005  0.015367 -0.009880 -1.048419
115  0.832974 -0.000003 -0.000002  -0.002189 -0.024279 -1.020187
116  4.209940 -0.440340 -1.019279  2.025623 2.139627 0.214696
117  4.266747 1.424946 0.424935  1.886666 -0.065189 -0.674512
118  9.398571 0.011949 -0.082512  -0.001466 0.053366 -0.324013
119  10.242445 0.028177 -0.062909  -1.585718 0.062239 0.320359
120  3.465751 -0.067529 0.002267  -0.234789 0.250403 -1.656474
121  1.655555 0.000001 0.000006  -0.165959 0.184703 -1.177355
122  0.960906 0.000004 -0.000001  -0.019192 0.176872 -0.892372
123  3.466856 -0.077781 -0.920909  -0.487788 0.124789 -1.679260
124  1.497260 -0.000037 -0.000022  -0.587029 0.325866 -1.043812
125  0.793790 -0.000006 -0.000001  -0.231042 0.394820 -0.783183
126  0.595080 -0.467153 -0.829176  2.469403 0.674046 -0.724304
127  1.555673 0.000014 -0.000004  0.636546 0.519586 1.169869
128  1.136813 -0.000008 0.000001  0.576768 0.458073 1.084507
129  3.075973 -0.667965 1.277701  0.604578 0.222599 -1.355212
130  1.064596 0.000018 0.000009  0.027193 -0.117703 -0.837210
131  0.640362 -0.000014 -0.000002  -0.104898 -0.024157 -0.477883
132  3.392414 -0.245369 0.728377  0.119095 0.331178 -1.783362
133  1.532735 -0.000009 -0.000001  0.007502 0.016526 -0.809275
134  0.833149 0.000009 0.000005  -0.082529 -0.069759 -1.037628
135  3.590110 -3.090293 1.193972  1.635457 1.210566 1.548541
136  3.589558 -3.089877 -1.196373  -1.505736 1.210473 -1.592853
137  -0.436561 4.719027 -0.001077  -0.000059 -1.570733 1.692687
138  -0.000000 2.775454 -0.000238  -0.135089 0.000001 -0.000000
139  -0.000000 3.189769 0.000008  0.207820 0.000000 0.000000
140  -0.000001 3.504654 0.000045  -0.261876 -0.000000 -0.000000
141  -0.000000 2.863198 -0.000003  -0.051268 -0.000000 -0.000000
time 47
0  1.347347 0.482530 33.287849  1.570862 0.000000 -0.000000
1  0.002636 43.025146 0.734438  -0.066981 -0.891773 -0.071162
2  3.061858 -4.181013 -0.610804  -1.989891 -0.454962 -0.795292
3  18.476776 0.000160 0.000001  -0.008276 -0.075581 0.977391
4  17.490086 0.000116 0.000004  -0.107316 0.679005 -1.412669
5  -3.065330 -4.183576 -0.611480  -1.457637 -0.339322 -2.095581
6  18.474854 -0.000032 -0.000005  0.011206 0.080399 1.047312
7  17.489584 0.001916 -0.000008  0.378589 -0.362805 -1.611158
8  -0.000117 -0.048883 -0.576226  1.584834 0.032907 1.636077
9  3.224484 0.767046 0.000496  -0.061613 -0.048385 0.236084
10  3.223914 0.226398 -0.001944  -0.006658 -0.026051 0.247146
11  5.187322 -1.262559 -0.001178  0.000012 0.000066 0.194111
12  6.928401 -1.935313 -0.000228  -3.012931 -0.174072 0.278410
13  3.236365 1.079613 0.000058  0.456906 0.294008 0.276689
14  0.833763 3.805356 0.692956  -0.040492 0.554885 1.469865
15  0.000041 6.792202 0.000038  0.007991 0.036071 -0.011407
16  -0.000066 7.744812 0.000017  -0.017442 -0.155305 0.068153
17  0.000073 7.809700 0.000014  -0.033637 0.005026 0.006142
18  -0.000021 7.867669 0.000017  -0.073329 -0.127910 0.026375
19  3.494698 -1.749097 -3.006912  0.152547 2.070419 1.936938
20  0.000120 4.478315 0.000016  -0.194659 0.310431 -0.234996
21  0.000048 4.636114 -0.000028  0.035819 0.324592 -0.151767
22  -0.000042 5.008650 0.000012  0.076000 -0.286565 0.276091
23  0.000065 4.781166 0.000008  0.904405 -2.690904 -0.015801
24  2.253039 1.989056 -3.350106  -1.523632 1.324495 0.112393
25  0.000162 6.589464 0.000167  0.206356 -0.002128 -0.080395
26  0.000043 7.491416 0.000040  -0.333516 0.184455 -0.191163
27  0.000026 7.660300 -0.000056  -0.063173 0.127194 -0.062119
28  0.000006 7.256281 0.000017  -0.052939 -0.487829 0.313813
29  -0.791162 2.265119 -1.234655  -0.753899 1.136376 0.824665
30  -0.000259 8.572259 -0.000095  -0.222844 -0.296789 0.176505
31  -0.000090 8.117208 0.000048  0.072258 0.772520 -0.285587
32  -0.000083 8.230026 -0.000066  -0.080495 -0.347232 0.072252
33  0.000056 7.366726 0.000052  -0.015392 -0.663893 0.062743
34  0.224217 0.240127 -3.218158  -0.877381 1.468889 0.577820
35  -0.000102 7.721050 -0.000310  -0.283829 0.060495 -0.167556
36  -0.000030 7.374857 -0.000002  0.007537 -0.195020 0.049539
37  0.000074 6.848111 0.000006  0.005484 0.006497 -0.033649
38  -0.000052 7.777867 0.000008  -0.186097 0.182474 -0.152847
39  -1.514467 2.104647 -1.150167  -0.029093 0.541320 1.555671
40  -0.000167 6.982352 -0.000080  -0.199699 -0.041214 0.153490
41  0.000041 8.382859 -0.000073  0.044867 0.587987 -0.257958
42  0.000013 8.697701 -0.000028  -0.102637 -0.474319 0.290942
43  0.000059 8.921806 -0.000003  -0.076257 0.581004 -0.195602
44  1.196197 2.899157 -2.353085  -0.449719 1.030105 1.287423
45  0.000105 5.476945 0.000006  0.285574 -0.099353 -0.038446
46  -0.000072 6.060434 -0.000092  -0.155020 -0.575032 0.384609
47  0.000018 5.994262 0.000028  0.033940 0.288575 -0.067730
48  -0.000007 6.100493 -0.000001  -0.068407 0.299273 -0.162152
49  0.000035 6.916762 0.000009  -0.096318 0.220533 -0.107966
50  0.000148 6.435060 -0.000040  -0.037456 0.171630 -0.116573
51  1.092794 3.649514 -1.738794  -0.148600 0.876612 1.445020
52  -0.000127 6.792195 -0.000096  0.008284 0.107792 -0.048643
53  -0.000090 7.744769 -0.000029  0.057137 -0.256893 0.015458
54  0.000087 9.115020 -0.000041  -0.020393 0.256253 -0.142636
55  3.494514 -1.749102 3.007063  0.118400 1.106974 1.813803
56  0.000016 4.323825 0.000090  -0.229908 -0.770943 0.449224
57  0.000030 4.872899 -0.000021  0.367245 -0.664052 -0.254033
58  -0.000001 5.056647 0.000091  -0.511237 0.856585 -0.546325
59  2.292467 1.708615 3.661676  -1.762560 1.789109 -0.218979
60  -0.000173 6.589441 0.000271  -0.007132 -0.169123 0.176911
61  0.000175 7.491495 -0.000154  -0.132413 -0.107097 0.179327
62  -0.000138 8.249662 0.000139  0.041912 -0.058209 0.015813
63  0.000072 8.605240 -0.000027  0.101585 0.501824 -0.079696
64  -0.240482 2.066077 2.349268  -0.357331 2.461714 1.296076
65  -0.000090 7.721105 -0.000004  -0.208231 -0.126223 -0.116492
66  -0.000124 7.374863 -0.000047  -0.111017 0.046939 -0.046466
67  -0.000033 6.848054 -0.000027  0.273533 0.247522 0.299909
68  0.000036 7.777820 -0.000044  0.072921 0.186148 -0.052689
69  -0.000084 8.178053 0.000012  -0.087031 -0.422849 -0.381357
70  1.617602 3.431409 2.399265  -0.249454 2.569514 1.508568
71  -0.000167 5.476936 -0.000028  0.057729 0.074071 0.060287
72  -0.000087 6.060499 -0.000006  -0.015205 0.015650 -0.152067
73  0.000026 5.994257 0.000012  -0.126210 -0.157657 0.153303
74  -0.000077 7.076871 -0.000048  -0.008118 0.010384 0.036402
75  0.000003 7.089865 -0.000072  0.070875 0.098587 -0.025893
76  0.361110 0.886682 3.287746  -0.576369 1.978708 0.939011
77  -0.000068 6.686646 0.000228  -0.146568 0.414164 -0.327704
78  -0.000010 7.638016 0.000010  -0.079523 -0.025948 0.130953
79  -0.000031 7.290226 -0.000021  0.025325 -0.093908 0.023965
80  -0.000031 6.530369 0.000003  -0.261847 -0.300601 0.006734
81  0.000063 7.224875 0.000010  0.036505 0.032480 -0.175823
82  1.071898 3.225800 1.570116  -0.043805 2.859975 1.526244
83  0.000419 6.748903 -0.000066  -0.062703 0.083783 0.022203
84  -0.000046 8.002643 0.000026  -0.067497 -0.117209 -0.115600
85  0.000013 8.580576 -0.000097  0.088214 -0.007187 0.334606
86  0.000174 8.689834 -0.000042  0.065326 -0.412430 -0.134518
87  -1.514531 2.104642 0.318056  -0.024895 3.094491 1.569491
88  0.000188 6.982284 0.000011  -0.107588 -0.057625 -0.215716
89  -0.000008 8.382869 -0.000068  0.135030 -0.099914 0.287073
90  -0.000057 8.697672 0.000023  -0.148089 -0.510100 0.044838
91  -0.000137 8.921824 0.000081  -0.236827 -0.892635 0.098804
92  3.553612 -3.478045 2.409277  0.000821 0.762046 1.535304
93  -0.000004 4.476906 -0.000010  -0.151004 -0.588330 0.377259
94  0.000033 4.514122 -0.000024  -0.228868 -2.996200 0.592367
95  0.000043 4.518385 -0.000020  0.143171 2.612777 0.693383
96  0.000023 3.598332 0.000024  -0.749303 0.869851 -0.773233
97  4.209913 -0.440345 1.018823  -1.742159 -2.114593 -0.029943
98  4.265510 1.434226 -0.404987  -1.820391 -0.344731 -0.289944
99  9.400239 0.017943 0.083205  0.093429 -0.054325 -1.642107
100  10.242421 0.033590 0.064482  2.167461 -0.251988 -0.458491
101  3.465854 -0.059685 0.016694  -0.013078 0.008037 -0.466445
102  1.655595 -0.000024 0.000024  0.007288 -0.161457 -0.697883
103  0.960766 -0.000002 -0.000005  0.011442 -0.042463 -0.577516
104  3.462027 -0.064250 0.939909  0.319408 -0.105667 -0.270352
105  1.497180 -0.000007 0.000020  -0.468559 -0.149948 -0.370384
106  0.793759 0.000004 -0.000000  -0.022411 0.043331 -0.697869
107  0.591660 -0.460695 0.835209  -0.978490 -0.629280 -0.473900
108  1.556140 0.000003 0.000000  -0.202764 0.095305 0.377155
109  1.135902 0.000018 0.000004  -0.014236 -0.051874 0.184799
110  3.084265 -0.668824 -1.257082  -0.562091 0.112174 -0.863684
111  1.064202 0.000003 0.000006  -0.054457 0.124342 -1.255063
112  0.640334 0.000009 -0.000009  -0.036133 0.029538 -0.959691
113  3.396820 -0.242143 -0.708688  -0.295779 0.104319 -0.654424
114  1.532971 0.000004 0.000008  0.015929 -0.009526 -1.055860
115  0.832981 -0.000004 -0.000004  -0.000512 -0.018563 -1.029703
116  4.209937 -0.440341 -1.019280  2.035643 2.143429 0.222960
117  4.266747 1.424943 0.424936  1.884840 -0.069488 -0.667956
118  9.398561 0.011949 -0.082518  -0.001020 0.052992 -0.316509
119  10.242444 0.028176 -0.062904  -1.595786 0.054648 0.324023
120  3.465750 -0.067528 0.002267  -0.234589 0.250410 -1.655382
121  1.655557 0.000004 0.000005  -0.166336 0.184710 -1.179616
122  0.960911 0.000004 -0.000001  -0.019711 0.177273 -0.894995
123  3.466858 -0.077784 -0.920910  -0.487687 0.124992 -1.678249
124  1.497256 -0.000036 -0.000023  -0.588115 0.326518 -1.046952
125  0.793787 -0.000005 0.000000  -0.232668 0.396472 -0.786036
126  0.595082 -0.467151 -0.829175  2.469388 0.674047 -0.724326
127  1.555677 0.000019 -0.000002  0.636488 0.519535 1.169800
128  1.136812 -0.000009 -0.000003  0.576553 0.458014 1.084282
129  3.075977 -0.667969 1.277700  0.604875 0.220702 -1.353041
130  1.064592 0.000019 0.000010  0.027205 -0.117711 -0.837342
131  0.640360 -0.000013 -0.000002  -0.104895 -0.024170 -0.478073
132  3.392417 -0.245371 0.728376  0.118343 0.331779 -1.785567
133  1.532738 -0.000008 0.000000  0.007443 0.016503 -0.809608
134  0.833151 0.000010 0.000006  -0.082519 -0.069769 -1.037898
135  3.590113 -3.090296 1.193971  1.635457 1.210566 1.548541
136  3.589558 -3.089879 -1.196373  -1.505736 1.210473 -1.592853
137  -0.436560 4.719027 -0.001077  -0.000532 -1.570733 1.693015
138  -0.000000 2.775450 -0.000237  -0.135089 0.000001 -0.000000
139  -0.000001 3.189764 0.000010  0.207820 0.000000 0.000000
140  0.000000 3.504651 0.000046  -0.261876 -0.000000 -0.000000
141  -0.000000 2.863195 -0.000004  -0.051268 -0.000000 -0.000000
time 48
0  1.412448 0.714699 33.166584  1.570862 0.000000 -0.000000
1  0.002636 43.025146 0.734438  -0.067848 -0.914427 -0.074969
2  3.061857 -4.181010 -0.610804  -1.988346 -0.443537 -0.786051
3  18.476774 0.000158 -0.000001  -0.008349 -0.075706 0.979169
4  17.490084 0.000118 0.000003  -0.122634 0.671939 -1.420769
5  -3.065330 -4.183576 -0.611480  -1.451622 -0.364241 -2.095606
6  18.474855 -0.000033 -0.000007  0.012192 0.081821 1.068484
7  17.489582 0.001916 -0.000006  0.363204 -0.384339 -1.610467
8  -0.000117 -0.048882 -0.576226  1.582947 0.027888 1.628714
9  3.224486 0.767046 0.000496  -0.065520 -0.044542 0.242599
10  3.223903 0.226400 -0.001944  -0.008920 -0.023191 0.248690
11  5.187322 -1.262561 -0.001177  0.000012 0.000066 0.194111
12  6.928408 -1.935316 -0.000227  -3.007111 -0.181517 0.276044
13  3.236362 1.079613 0.000057  0.475890 0.308471 0.288708
14  0.833763 3.805354 0.692955  -0.040492 0.554885 1.469865
15  0.000043 6.792209 0.000041  0.007991 0.036071 -0.011407
16  -0.000067 7.744818 0.000017  -0.017442 -0.155305 0.068153
17  0.000075 7.809701 0.000021  -0.033637 0.005026 0.006142
18  -0.000029 7.867673 0.000015  -0.073329 -0.127910 0.026375
19  3.494707 -1.749089 -3.006912  0.152547 2.070419 1.936938
20  0.000122 4.478321 0.000017  -0.194659 0.310431 -0.234996
21  0.000047 4.636118 -0.000028  0.035819 0.324592 -0.151767
22  -0.000043 5.008652 0.000014  0.076000 -0.286565 0.276091
23  0.000063 4.781163 0.000010  0.904405 -2.690904 -0.015801
24  2.253040 1.989056 -3.350106  -1.523632 1.324495 0.112393
25  0.000163 6.589457 0.000173  0.206356 -0.002128 -0.080395
26  0.000043 7.491415 0.000043  -0.333516 0.184455 -0.191163
27  0.000024 7.660306 -0.000058  -0.063173 0.127194 -0.062119
28  0.000007 7.256273 0.000018  -0.052939 -0.487829 0.313813
29  -0.791156 2.265119 -1.234656  -0.753899 1.136376 0.824664
30  -0.000254 8.572259 -0.000093  -0.222844 -0.296789 0.176505
31  -0.000091 8.117211 0.000049  0.072258 0.772520 -0.285587
32  -0.000085 8.230034 -0.000072  -0.080496 -0.347232 0.072252
33  0.000058 7.366725 0.000055  -0.015393 -0.663893 0.062743
34  0.224216 0.240126 -3.218158  -0.877381 1.468889 0.577820
35  -0.000101 7.721046 -0.000302  -0.283829 0.060495 -0.167556
36  -0.000031 7.374852 0.000001  0.007537 -0.195020 0.049539
37  0.000076 6.848100 0.000008  0.005484 0.006497 -0.033649
38  -0.000051 7.777863 0.000008  -0.186096 0.182474 -0.152847
39  -1.514467 2.104649 -1.150167  -0.029093 0.541320 1.555671
40  -0.000171 6.982354 -0.000080  -0.199699 -0.041213 0.153490
41  0.000039 8.382852 -0.000069  0.044867 0.587987 -0.257958
42  0.000011 8.697710 -0.000027  -0.102637 -0.474319 0.290942
43  0.000058 8.921802 -0.000002  -0.076257 0.581004 -0.195602
44  1.196197 2.899157 -2.353086  -0.449719 1.030105 1.287423
45  0.000106 5.476945 0.000003  0.285574 -0.099353 -0.038446
46  -0.000076 6.060436 -0.000098  -0.155020 -0.575032 0.384609
47  0.000014 5.994266 0.000027  0.033940 0.288575 -0.067730
48  -0.000007 6.100483 0.000003  -0.068407 0.299273 -0.162152
49  0.000032 6.916759 0.000008  -0.096318 0.220533 -0.107966
50  0.000148 6.435061 -0.000041  -0.037456 0.171630 -0.116573
51  1.092800 3.649515 -1.738794  -0.148600 0.876612 1.445020
52  -0.000124 6.792193 -0.000098  0.008284 0.107792 -0.048643
53  -0.000088 7.744776 -0.000030  0.057137 -0.256893 0.015458
54  0.000083 9.115023 -0.000037  -0.020393 0.256253 -0.142636
55  3.494517 -1.749104 3.007063  0.118400 1.106974 1.813803
56  0.000013 4.323829 0.000092  -0.229908 -0.770943 0.449224
57  0.000028 4.872894 -0.000021  0.367245 -0.664052 -0.254033
58  0.000002 5.056658 0.000093  -0.511237 0.856585 -0.546325
59  2.292463 1.708611 3.661674  -1.762560 1.789109 -0.218979
60  -0.000175 6.589436 0.000271  -0.007133 -0.169123 0.176911
61  0.000174 7.491499 -0.000146  -0.132413 -0.107097 0.179327
62  -0.000142 8.249659 0.000142  0.041913 -0.058209 0.015813
63  0.000072 8.605236 -0.000028  0.101585 0.501824 -0.079696
64  -0.240485 2.066072 2.349267  -0.357331 2.461714 1.296076
65  -0.000086 7.721103 -0.000003  -0.208231 -0.126223 -0.116492
66  -0.000121 7.374863 -0.000046  -0.111017 0.046940 -0.046466
67  -0.000032 6.848060 -0.000025  0.273533 0.247522 0.299909
68  0.000031 7.777824 -0.000042  0.072921 0.186148 -0.052689
69  -0.000085 8.178053 0.000010  -0.087031 -0.422849 -0.381357
70  1.617604 3.431410 2.399265  -0.249454 2.569515 1.508568
71  -0.000166 5.476945 -0.000030  0.057729 0.074071 0.060287
72  -0.000090 6.060493 -0.000007  -0.015205 0.015650 -0.152067
73  0.000028 5.994249 0.000011  -0.126210 -0.157657 0.153303
74  -0.000080 7.076874 -0.000046  -0.008118 0.010384 0.036402
75  0.000004 7.089864 -0.000071  0.070875 0.098587 -0.025893
76  0.361109 0.886680 3.287745  -0.576369 1.978708 0.939011
77  -0.000064 6.686638 0.000228  -0.146568 0.414164 -0.327704
78  -0.000008 7.638020 0.000012  -0.079524 -0.025948 0.130953
79  -0.000031 7.290230 -0.000023  0.025325 -0.093908 0.023965
80  -0.000034 6.530370 0.000006  -0.261847 -0.300601 0.006734
81  0.000063 7.224876 0.000012  0.036505 0.032480 -0.175823
82  1.071898 3.225797 1.570115  -0.043805 2.859975 1.526244
83  0.000422 6.748904 -0.000066  -0.062703 0.083783 0.022203
84  -0.000049 8.002645 0.000027  -0.067497 -0.117209 -0.115600
85  0.000012 8.580572 -0.000096  0.088214 -0.007187 0.334606
86  0.000167 8.689829 -0.000042  0.065326 -0.412430 -0.134518
87  -1.514535 2.104635 0.318055  -0.024895 3.094491 1.569491
88  0.000190 6.982282 0.000012  -0.107588 -0.057625 -0.215715
89  -0.000007 8.382877 -0.000069  0.135030 -0.099914 0.287073
90  -0.000066 8.697673 0.000023  -0.148089 -0.510100 0.044838
91  -0.000140 8.921821 0.000078  -0.236827 -0.892635 0.098804
92  3.553617 -3.478044 2.409276  0.000821 0.762046 1.535304
93  -0.000005 4.476910 -0.000011  -0.151004 -0.588330 0.377259
94  0.000029 4.514121 -0.000025  -0.228868 -2.996200 0.592367
95  0.000045 4.518391 -0.000022  0.143171 2.612777 0.693383
96  0.000023 3.598323 0.000023  -0.749303 0.869851 -0.773233
97  4.209918 -0.440347 1.018824  -1.773100 -2.123946 -0.004007
98  4.265506 1.434233 -0.404995  -1.826850 -0.342009 -0.262666
99  9.400232 0.017941 0.083204  0.091089 -0.056001 -1.604112
100  10.242422 0.033590 0.064481  2.176157 -0.240028 -0.469970
101  3.465859 -0.059680 0.016693  -0.016010 0.020456 -0.412819
102  1.655592 -0.000024 0.000020  0.008386 -0.163486 -0.710299
103  0.960771 -0.000005 -0.000006  0.010043 -0.044445 -0.589726
104  3.462029 -0.064251 0.939910  0.318689 -0.100789 -0.234221
105  1.497177 -0.000007 0.000026  -0.468664 -0.148609 -0.365837
106  0.793761 0.000003 -0.000001  -0.022195 0.043102 -0.699990
107  0.591666 -0.460692 0.835207  -0.984845 -0.630267 -0.469991
108  1.556139 0.000001 -0.000001  -0.199804 0.092866 0.372576
109  1.135905 0.000016 0.000008  -0.015425 -0.049818 0.189768
110  3.084271 -0.668825 -1.257085  -0.561750 0.115917 -0.851691
111  1.064201 -0.000005 0.000005  -0.056435 0.124770 -1.275474
112  0.640329 0.000005 -0.000008  -0.035319 0.035634 -0.973054
113  3.396825 -0.242143 -0.708689  -0.294731 0.114254 -0.623956
114  1.532969 0.000015 0.000007  0.016438 -0.008987 -1.055506
115  0.832977 0.000002 -0.000004  0.000658 -0.012807 -1.032845
116  4.209938 -0.440344 -1.019279  2.042990 2.146632 0.228936
117  4.266745 1.424944 0.424939  1.879900 -0.076473 -0.661282
118  9.398573 0.011947 -0.082518  -0.001061 0.053026 -0.317191
119  10.242440 0.028176 -0.062905  -1.611763 0.049713 0.327265
120  3.465750 -0.067524 0.002267  -0.234426 0.250461 -1.654708
121  1.655560 0.000004 0.000005  -0.166629 0.184731 -1.181125
122  0.960908 0.000004 -0.000001  -0.020092 0.177554 -0.896790
123  3.466856 -0.077777 -0.920911  -0.487606 0.125146 -1.677449
124  1.497261 -0.000028 -0.000022  -0.588950 0.327042 -1.049565
125  0.793788 -0.000005 0.000000  -0.234040 0.397791 -0.788362
126  0.595081 -0.467148 -0.829176  2.469374 0.674047 -0.724347
127  1.555678 0.000018 -0.000003  0.636440 0.519479 1.169734
128  1.136811 -0.000011 -0.000004  0.576337 0.457953 1.084056
129  3.075975 -0.667962 1.277700  0.605044 0.219242 -1.351420
130  1.064595 0.000019 0.000011  0.027240 -0.117734 -0.837738
131  0.640361 -0.000019 -0.000001  -0.104886 -0.024219 -0.478452
132  3.392416 -0.245365 0.728375  0.117590 0.332378 -1.787773
133  1.532735 -0.000006 -0.000002  0.007442 0.016506 -0.809742
134  0.833150 0.000009 0.000005  -0.082515 -0.069774 -1.038033
135  3.590113 -3.090297 1.193972  1.635457 1.210566 1.548541
136  3.589560 -3.089882 -1.196372  -1.505736 1.210473 -1.592853
137  -0.436559 4.719025 -0.001076  -0.001004 -1.570733 1.692998
138  0.000001 2.775458 -0.000237  -0.135089 0.000001 -0.000000
139  0.000000 3.189768 0.000008  0.207820 0.000000 0.000000
140  -0.000000 3.504649 0.000045  -0.261876 -0.000000 -0.000000
141  -0.000000 2.863193 -0.000002  -0.051268 0.000000 -0.000000
time 49
0  1.458970 0.919096 33.038780  1.570862 0.000000 -0.000000
1  0.002636 43.025146 0.734438  -0.063805 -0.934419 -0.080830
2  3.061858 -4.181013 -0.610803  -1.988101 -0.436187 -0.775019
3  18.476774 0.000158 -0.000002  -0.008505 -0.075972 0.982932
4  17.490086 0.000116 0.000003  -0.137607 0.665131 -1.429626
5  -3.065330 -4.183575 -0.611479  -1.445465 -0.389315 -2.093946
6  18.474857 -0.000032 -0.000007  0.013176 0.083180 1.089013
7  17.489586 0.001916 -0.000009  0.348332 -0.401770 -1.609405
8  -0.000117 -0.048883 -0.576226  1.580627 0.024221 1.619793
9  3.224482 0.767048 0.000496  -0.067108 -0.041629 0.246268
10  3.223911 0.226399 -0.001944  -0.010924 -0.021185 0.247907
11  5.187319 -1.262559 -0.001177  0.000012 0.000066 0.194111
12  6.928405 -1.935315 -0.000228  -3.001289 -0.186203 0.272437
13  3.236358 1.079613 0.000056  0.497570 0.314581 0.295479
14  0.833758 3.805351 0.692956  -0.040492 0.554885 1.469865
15  0.000037 6.792209 0.000041  0.007991 0.036071 -0.011407
16  -0.000066 7.744812 0.000018  -0.017442 -0.155305 0.068153
17  0.000074 7.809696 0.000019  -0.033637 0.005026 0.006142
18  -0.000027 7.867671 0.000019  -0.073329 -0.127910 0.026375
19  3.494700 -1.749094 -3.006912  0.152547 2.070419 1.936938
20  0.000121 4.478321 0.000018  -0.194659 0.310431 -0.234996
21  0.000047 4.636112 -0.000029  0.035819 0.324592 -0.151767
22  -0.000041 5.008651 0.000011  0.076000 -0.286564 0.276091
23  0.000064 4.781158 0.000011  0.904405 -2.690904 -0.015801
24  2.253034 1.989056 -3.350106  -1.523632 1.324495 0.112393
25  0.000159 6.589463 0.000167  0.206356 -0.002128 -0.080395
26  0.000043 7.491417 0.000042  -0.333516 0.184455 -0.191163
27  0.000026 7.660304 -0.000053  -0.063173 0.127194 -0.062119
28  0.000005 7.256267 0.000019  -0.052939 -0.487829 0.313813
29  -0.791156 2.265120 -1.234655  -0.753899 1.136376 0.824664
30  -0.000255 8.572255 -0.000094  -0.222844 -0.296789 0.176505
31  -0.000095 8.117212 0.000048  0.072258 0.772520 -0.285587
32  -0.000084 8.230036 -0.000074  -0.080496 -0.347232 0.072252
33  0.000061 7.366725 0.000051  -0.015393 -0.663893 0.062743
34  0.224214 0.240126 -3.218158  -0.877381 1.468889 0.577820
35  -0.000101 7.721051 -0.000306  -0.283829 0.060495 -0.167556
36  -0.000030 7.374855 -0.000001  0.007537 -0.195020 0.049539
37  0.000075 6.848097 0.000008  0.005484 0.006497 -0.033649
38  -0.000050 7.777865 0.000008  -0.186096 0.182474 -0.152847
39  -1.514467 2.104649 -1.150167  -0.029093 0.541320 1.555671
40  -0.000174 6.982356 -0.000080  -0.199699 -0.041214 0.153490
41  0.000039 8.382863 -0.000073  0.044867 0.587987 -0.257958
42  0.000013 8.697702 -0.000026  -0.102637 -0.474319 0.290942
43  0.000055 8.921808 -0.000003  -0.076257 0.581004 -0.195602
44  1.196195 2.899157 -2.353085  -0.449719 1.030105 1.287423
45  0.000105 5.476947 0.000007  0.285574 -0.099353 -0.038446
46  -0.000074 6.060442 -0.000090  -0.155020 -0.575032 0.384609
47  0.000016 5.994264 0.000027  0.033940 0.288574 -0.067730
48  -0.000007 6.100488 0.000001  -0.068407 0.299273 -0.162152
49  0.000031 6.916765 0.000009  -0.096318 0.220533 -0.107966
50  0.000149 6.435060 -0.000050  -0.037456 0.171630 -0.116573
51  1.092795 3.649512 -1.738794  -0.148600 0.876612 1.445020
52  -0.000124 6.792197 -0.000099  0.008285 0.107792 -0.048643
53  -0.000087 7.744781 -0.000026  0.057137 -0.256893 0.015458
54  0.000086 9.115021 -0.000041  -0.020393 0.256253 -0.142636
55  3.494515 -1.749104 3.007064  0.118400 1.106974 1.813803
56  0.000015 4.323836 0.000089  -0.229908 -0.770943 0.449224
57  0.000029 4.872897 -0.000021  0.367245 -0.664052 -0.254033
58  0.000007 5.056652 0.000095  -0.511237 0.856585 -0.546325
59  2.292470 1.708617 3.661675  -1.762560 1.789109 -0.218979
60  -0.000171 6.589440 0.000272  -0.007132 -0.169123 0.176911
61  0.000174 7.491497 -0.000148  -0.132413 -0.107097 0.179327
62  -0.000139 8.249662 0.000145  0.041913 -0.058209 0.015813
63  0.000073 8.605235 -0.000021  0.101585 0.501824 -0.079696
64  -0.240484 2.066075 2.349267  -0.357331 2.461714 1.296076
65  -0.000084 7.721105 -0.000002  -0.208231 -0.126223 -0.116492
66  -0.000124 7.374868 -0.000048  -0.111017 0.046939 -0.046466
67  -0.000041 6.848056 -0.000025  0.273533 0.247522 0.299909
68  0.000036 7.777825 -0.000043  0.072920 0.186148 -0.052689
69  -0.000081 8.178053 0.000012  -0.087031 -0.422849 -0.381357
70  1.617608 3.431415 2.399266  -0.249454 2.569515 1.508568
71  -0.000164 5.476941 -0.000027  0.057729 0.074071 0.060287
72  -0.000090 6.060501 -0.000007  -0.015205 0.015650 -0.152067
73  0.000030 5.994255 0.000010  -0.126210 -0.157657 0.153303
74  -0.000080 7.076870 -0.000048  -0.008118 0.010384 0.036402
75  0.000006 7.089863 -0.000068  0.070875 0.098587 -0.025893
76  0.361113 0.886682 3.287746  -0.576369 1.978708 0.939011
77  -0.000065 6.686642 0.000227  -0.146568 0.414164 -0.327704
78  -0.000012 7.638017 0.000014  -0.079524 -0.025948 0.130953
79  -0.000033 7.290227 -0.000023  0.025325 -0.093908 0.023965
80  -0.000032 6.530370 0.000007  -0.261847 -0.300601 0.006734
81  0.000062 7.224882 0.000008  0.036505 0.032481 -0.175823
82  1.071899 3.225799 1.570116  -0.043805 2.859975 1.526244
83  0.000417 6.748908 -0.000067  -0.062703 0.083783 0.022203
84  -0.000050 8.002644 0.000027  -0.067497 -0.117209 -0.115600
85  0.000013 8.580572 -0.000097  0.088214 -0.007187 0.334606
86  0.000171 8.689831 -0.000041  0.065326 -0.412430 -0.134518
87  -1.514532 2.104642 0.318056  -0.024895 3.094491 1.569491
88  0.000194 6.982288 0.000011  -0.107588 -0.057625 -0.215715
89  -0.000008 8.382871 -0.000068  0.135030 -0.099914 0.287073
90  -0.000064 8.697678 0.000023  -0.148089 -0.510100 0.044838
91  -0.000138 8.921824 0.000080  -0.236828 -0.892635 0.098804
92  3.553617 -3.478043 2.409277  0.000821 0.762046 1.535304
93  -0.000002 4.476908 -0.000008  -0.151004 -0.588330 0.377259
94  0.000031 4.514124 -0.000025  -0.228868 -2.996199 0.592367
95  0.000042 4.518385 -0.000022  0.143171 2.612777 0.693383
96  0.000026 3.598332 0.000024  -0.749303 0.869851 -0.773233
97  4.209914 -0.440348 1.018823  -1.798875 -2.132879 0.017359
98  4.265501 1.434230 -0.404992  -1.831496 -0.332511 -0.239263
99  9.400239 0.017941 0.083201  0.088640 -0.057616 -1.565376
100  10.242420 0.033590 0.064484  2.182649 -0.228092 -0.478812
101  3.465854 -0.059683 0.016692  -0.018271 0.031455 -0.361152
102  1.655595 -0.000017 0.000021  0.009076 -0.164937 -0.717797
103  0.960767 -0.000003 -0.000005  0.008782 -0.045478 -0.596613
104  3.462028 -0.064250 0.939907  0.318014 -0.097511 -0.200117
105  1.497179 -0.000008 0.000020  -0.469146 -0.145923 -0.358329
106  0.793760 0.000003 -0.000001  -0.021781 0.042632 -0.697552
107  0.591660 -0.460698 0.835203  -0.988862 -0.633085 -0.470796
108  1.556139 0.000006 0.000009  -0.197896 0.090445 0.367824
109  1.135905 0.000020 0.000005  -0.015606 -0.048289 0.193744
110  3.084266 -0.668825 -1.257086  -0.563214 0.121555 -0.838098
111  1.064202 -0.000003 0.000004  -0.057681 0.125201 -1.289377
112  0.640334 0.000007 -0.000008  -0.034741 0.041158 -0.980454
113  3.396821 -0.242142 -0.708691  -0.294515 0.123742 -0.593563
114  1.532969 0.000011 0.000006  0.016953 -0.008328 -1.048635
115  0.832974 -0.000002 -0.000004  0.001272 -0.007366 -1.030005
116  4.209938 -0.440346 -1.019280  2.047771 2.148835 0.232795
117  4.266746 1.424934 0.424936  1.871786 -0.088195 -0.655059
118  9.398573 0.011950 -0.082512  -0.001670 0.053535 -0.327426
119  10.242435 0.028177 -0.062904  -1.632329 0.047584 0.330792
120  3.465749 -0.067526 0.002267  -0.234380 0.250469 -1.654456
121  1.655560 0.000007 0.000005  -0.166753 0.184762 -1.181878
122  0.960908 0.000008 0.000001  -0.020242 0.177684 -0.897689
123  3.466852 -0.077778 -0.920909  -0.487526 0.125299 -1.676648
124  1.497261 -0.000037 -0.000022  -0.589595 0.327476 -1.051476
125  0.793791 -0.000013 -0.000002  -0.235032 0.398786 -0.790186
126  0.595077 -0.467152 -0.829177  2.469359 0.674048 -0.724369
127  1.555672 0.000016 -0.000003  0.636457 0.519506 1.169751
128  1.136818 -0.000010 -0.000003  0.576121 0.457893 1.083831
129  3.075970 -0.667965 1.277700  0.605195 0.218167 -1.350204
130  1.064594 0.000021 0.000008  0.027294 -0.117769 -0.838332
131  0.640363 -0.000020 0.000000  -0.104953 -0.024258 -0.479089
132  3.392410 -0.245368 0.728376  0.116853 0.332898 -1.789843
133  1.532736 -0.000009 -0.000002  0.007442 0.016506 -0.809742
134  0.833152 0.000011 0.000005  -0.082516 -0.069774 -1.038033
135  3.590111 -3.090295 1.193972  1.635457 1.210566 1.548541
136  3.589561 -3.089882 -1.196373  -1.505736 1.210473 -1.592853
137  -0.436563 4.719026 -0.001076  -0.000591 -1.570733 1.693023
138  0.000001 2.775454 -0.000234  -0.135089 0.000001 -0.000000
139  -0.000001 3.189772 0.000007  0.207820 0.000000 0.000000
140  -0.000002 3.504647 0.000047  -0.261876 -0.000000 0.000000
141  -0.000000 2.863199 -0.000002  -0.051268 -0.000000 -0.000000
time 50
0  1.496950 1.106988 32.908142  1.570862 0.000000 -0.000000
1  0.002636 43.025146 0.734438  -0.058323 -0.952703 -0.086960
2  3.061857 -4.181012 -0.610803  -1.988199 -0.430576 -0.763916
3  18.476778 0.000158 -0.000000  -0.008699 -0.076300 0.987590
4  17.490086 0.000116 0.000007  -0.152041 0.658613 -1.438330
5  -3.065329 -4.183576 -0.611479  -1.439665 -0.413216 -2.092013
6  18.474854 -0.000032 -0.000007  0.014126 0.084439 1.108318
7  17.489584 0.001917 -0.000006  0.335275 -0.417460 -1.609212
8  -0.000117 -0.048882 -0.576226  1.577597 0.021038 1.610266
9  3.224484 0.767047 0.000495  -0.067696 -0.039149 0.248703
10  3.223910 0.226400 -0.001944  -0.013183 -0.019637 0.246209
11  5.187321 -1.262561 -0.001177  0.000012 0.000066 0.194111
12  6.928417 -1.935315 -0.000227  -2.995757 -0.188088 0.267948
13  3.236364 1.079621 0.000057  0.520472 0.314588 0.299940
14  0.833754 3.805352 0.692955  -0.040492 0.554884 1.469865
15  0.000046 6.792207 0.000043  0.007991 0.036071 -0.011407
16  -0.000067 7.744818 0.000017  -0.017442 -0.155305 0.068153
17  0.000072 7.809704 0.000017  -0.033637 0.005026 0.006142
18  -0.000029 7.867678 0.000018  -0.073329 -0.127910 0.026375
19  3.494694 -1.749095 -3.006913  0.152547 2.070419 1.936938
20  0.000120 4.478316 0.000018  -0.194659 0.310431 -0.234996
21  0.000047 4.636116 -0.000028  0.035819 0.324592 -0.151767
22  -0.000043 5.008649 0.000015  0.076000 -0.286565 0.276091
23  0.000064 4.781162 0.000012  0.904405 -2.690904 -0.015801
24  2.253035 1.989058 -3.350107  -1.523632 1.324495 0.112393
25  0.000162 6.589457 0.000166  0.206356 -0.002128 -0.080395
26  0.000042 7.491411 0.000045  -0.333516 0.184455 -0.191163
27  0.000026 7.660306 -0.000057  -0.063173 0.127194 -0.062119
28  0.000006 7.256272 0.000019  -0.052939 -0.487829 0.313813
29  -0.791160 2.265120 -1.234656  -0.753899 1.136376 0.824664
30  -0.000259 8.572264 -0.000091  -0.222844 -0.296789 0.176505
31  -0.000090 8.117208 0.000048  0.072258 0.772520 -0.285587
32  -0.000082 8.230034 -0.000073  -0.080495 -0.347232 0.072252
33  0.000058 7.366731 0.000054  -0.015392 -0.663893 0.062743
34  0.224215 0.240131 -3.218158  -0.877381 1.468889 0.577820
35  -0.000101 7.721056 -0.000308  -0.283829 0.060495 -0.167556
36  -0.000031 7.374853 -0.000001  0.007537 -0.195020 0.049539
37  0.000074 6.848100 0.000008  0.005484 0.006497 -0.033649
38  -0.000051 7.777864 0.000008  -0.186097 0.182474 -0.152847
39  -1.514466 2.104650 -1.150167  -0.029093 0.541320 1.555671
40  -0.000168 6.982348 -0.000079  -0.199699 -0.041214 0.153490
41  0.000036 8.382862 -0.000071  0.044867 0.587987 -0.257958
42  0.000015 8.697698 -0.000027  -0.102637 -0.474319 0.290942
43  0.000056 8.921804 -0.000004  -0.076257 0.581004 -0.195602
44  1.196187 2.899153 -2.353086  -0.449719 1.030105 1.287423
45  0.000107 5.476942 0.000004  0.285574 -0.099353 -0.038446
46  -0.000072 6.060440 -0.000099  -0.155020 -0.575032 0.384609
47  0.000016 5.994261 0.000030  0.033940 0.288574 -0.067730
48  -0.000007 6.100491 0.000003  -0.068407 0.299273 -0.162152
49  0.000032 6.916754 0.000012  -0.096318 0.220533 -0.107966
50  0.000149 6.435060 -0.000041  -0.037456 0.171630 -0.116573
51  1.092792 3.649511 -1.738794  -0.148600 0.876612 1.445020
52  -0.000128 6.792195 -0.000101  0.008285 0.107792 -0.048643
53  -0.000088 7.744779 -0.000028  0.057137 -0.256893 0.015458
54  0.000083 9.115026 -0.000036  -0.020393 0.256253 -0.142636
55  3.494514 -1.749100 3.007063  0.118400 1.106974 1.813803
56  0.000016 4.323832 0.000087  -0.229908 -0.770943 0.449224
57  0.000028 4.872898 -0.000023  0.367245 -0.664051 -0.254033
58  0.000005 5.056650 0.000094  -0.511237 0.856585 -0.546326
59  2.292463 1.708614 3.661675  -1.762560 1.789109 -0.218979
60  -0.000171 6.589445 0.000275  -0.007133 -0.169123 0.176911
61  0.000173 7.491495 -0.000149  -0.132413 -0.107097 0.179327
62  -0.000140 8.249664 0.000140  0.041913 -0.058209 0.015813
63  0.000071 8.605234 -0.000030  0.101585 0.501824 -0.079696
64  -0.240487 2.066075 2.349267  -0.357331 2.461714 1.296076
65  -0.000092 7.721100 -0.000002  -0.208231 -0.126223 -0.116492
66  -0.000118 7.374871 -0.000046  -0.111017 0.046939 -0.046466
67  -0.000036 6.848056 -0.000026  0.273533 0.247522 0.299909
68  0.000032 7.777821 -0.000043  0.072920 0.186148 -0.052689
69  -0.000086 8.178056 0.000011  -0.087031 -0.422849 -0.381357
70  1.617602 3.431411 2.399265  -0.249454 2.569515 1.508568
71  -0.000166 5.476946 -0.000029  0.057729 0.074071 0.060287
72  -0.000091 6.060489 -0.000006  -0.015205 0.015650 -0.152067
73  0.000027 5.994255 0.000011  -0.126210 -0.157657 0.153303
74  -0.000076 7.076875 -0.000049  -0.008118 0.010384 0.036402
75  0.000004 7.089868 -0.000068  0.070875 0.098587 -0.025893
76  0.361102 0.886678 3.287745  -0.576369 1.978708 0.939011
77  -0.000066 6.686640 0.000221  -0.146568 0.414164 -0.327704
78  -0.000011 7.638020 0.000013  -0.079523 -0.025948 0.130953
79  -0.000032 7.290225 -0.000025  0.025325 -0.093908 0.023965
80  -0.000031 6.530371 0.000003  -0.261847 -0.300601 0.006734
81  0.000065 7.224884 0.000008  0.036505 0.032480 -0.175823
82  1.071897 3.225799 1.570115  -0.043805 2.859975 1.526244
83  0.000414 6.748902 -0.000067  -0.062703 0.083783 0.022203
84  -0.000049 8.002642 0.000027  -0.067497 -0.117209 -0.115600
85  0.000015 8.580569 -0.000097  0.088214 -0.007187 0.334606
86  0.000170 8.689831 -0.000041  0.065326 -0.412430 -0.134518
87  -1.514537 2.104640 0.318055  -0.024895 3.094491 1.569491
88  0.000191 6.982283 0.000012  -0.107588 -0.057625 -0.215715
89  -0.000007 8.382880 -0.000068  0.135030 -0.099914 0.287073
90  -0.000064 8.697671 0.000023  -0.148089 -0.510100 0.044839
91  -0.000136 8.921827 0.000078  -0.236828 -0.892635 0.098804
92  3.553612 -3.478046 2.409276  0.000821 0.762046 1.535304
93  -0.000005 4.476912 -0.000012  -0.151004 -0.588330 0.377259
94  0.000034 4.514116 -0.000022  -0.228868 -2.996200 0.592367
95  0.000043 4.518385 -0.000024  0.143171 2.612777 0.693383
96  0.000022 3.598330 0.000024  -0.749303 0.869851 -0.773233
97  4.209925 -0.440347 1.018824  -1.821752 -2.141438 0.036111
98  4.265506 1.434233 -0.404994  -1.835038 -0.319728 -0.219278
99  9.400226 0.017941 0.083200  0.086061 -0.059174 -1.525584
100  10.242421 0.033587 0.064478  2.187498 -0.216066 -0.485434
101  3.465854 -0.059678 0.016694  -0.019920 0.041340 -0.312114
102  1.655594 -0.000016 0.000021  0.009665 -0.166030 -0.722941
103  0.960768 0.000000 -0.000007  0.007732 -0.046148 -0.600872
104  3.462027 -0.064244 0.939911  0.317398 -0.095037 -0.168286
105  1.497178 -0.000005 0.000022  -0.469785 -0.142633 -0.349768
106  0.793759 0.000002 -0.000001  -0.021309 0.042037 -0.692963
107  0.591661 -0.460690 0.835210  -0.991109 -0.636834 -0.474183
108  1.556140 0.000001 -0.000002  -0.196690 0.088165 0.363314
109  1.135903 0.000018 0.000008  -0.015372 -0.047133 0.196947
110  3.084267 -0.668824 -1.257084  -0.565390 0.128104 -0.824286
111  1.064202 -0.000007 0.000009  -0.058661 0.125588 -1.300278
112  0.640340 0.000006 -0.000010  -0.034403 0.046233 -0.985479
113  3.396820 -0.242138 -0.708686  -0.294533 0.132583 -0.564083
114  1.532968 0.000009 0.000004  0.017491 -0.007620 -1.039518
115  0.832975 -0.000002 -0.000002  0.001606 -0.002265 -1.025024
116  4.209949 -0.440344 -1.019279  2.050463 2.150277 0.234934
117  4.266746 1.424939 0.424936  1.862160 -0.100368 -0.648618
118  9.398568 0.011949 -0.082511  -0.002687 0.054363 -0.344320
119  10.242449 0.028176 -0.062904  -1.654195 0.047446 0.335509
120  3.465746 -0.067525 0.002268  -0.234395 0.250466 -1.654540
121  1.655555 0.000005 0.000006  -0.166790 0.184771 -1.182104
122  0.960908 -0.000000 0.000000  -0.020292 0.177771 -0.897889
123  3.466854 -0.077781 -0.920909  -0.487512 0.125443 -1.676064
124  1.497258 -0.000034 -0.000021  -0.590113 0.327798 -1.053092
125  0.793791 -0.000004 0.000003  -0.235845 0.399561 -0.791562
126  0.595078 -0.467149 -0.829176  2.469346 0.674049 -0.724390
127  1.555674 0.000016 -0.000003  0.636475 0.519532 1.169770
128  1.136811 -0.000010 0.000000  0.575905 0.457832 1.083605
129  3.075969 -0.667963 1.277702  0.605279 0.217438 -1.349396
130  1.064597 0.000019 0.000010  0.027304 -0.117837 -0.839054
131  0.640361 -0.000019 -0.000004  -0.105032 -0.024255 -0.479861
132  3.392411 -0.245368 0.728377  0.116223 0.333422 -1.791820
133  1.532739 -0.000007 -0.000001  0.007443 0.016503 -0.809608
134  0.833149 0.000003 0.000005  -0.082522 -0.069768 -1.037898
135  3.590108 -3.090296 1.193972  1.635457 1.210566 1.548541
136  3.589557 -3.089881 -1.196373  -1.505736 1.210473 -1.592853
137  -0.436562 4.719025 -0.001076  -0.000827 -1.570733 1.692898
138  -0.000001 2.775452 -0.000237  -0.135089 0.000001 -0.000000
139  0.000000 3.189770 0.000007  0.207820 -0.000000 0.000000
140  0.000001 3.504654 0.000047  -0.261876 -0.000000 -0.000000
141  -0.000000 2.863197 -0.000001  -0.051268 -0.000000 0.000000
time 51
0  1.531636 1.277458 32.770370  1.570862 0.000000 -0.000000
1  0.002636 43.025146 0.734438  -0.055449 -0.970608 -0.091287
2  3.061857 -4.181015 -0.610803  -1.987791 -0.424280 -0.754539
3  18.476772 0.000157 -0.000003  -0.008938 -0.076699 0.993283
4  17.490084 0.000117 0.000005  -0.166027 0.652044 -1.447044
5  -3.065330 -4.183575 -0.611479  -1.434666 -0.435718 -2.091278
6  18.474854 -0.000034 -0.000007  0.015107 0.085687 1.127738
7  17.489584 0.001917 -0.000006  0.322267 -0.432601 -1.609051
8  -0.000117 -0.048884 -0.576226  1.573705 0.017468 1.601159
9  3.224488 0.767047 0.000495  -0.068292 -0.036900 0.251451
10  3.223910 0.226400 -0.001944  -0.015907 -0.018262 0.244636
11  5.187324 -1.262559 -0.001176  0.000012 0.000066 0.194111
12  6.928404 -1.935313 -0.000228  -2.990830 -0.187843 0.263204
13  3.236368 1.079613 0.000057  0.542932 0.311610 0.305163
14  0.833766 3.805353 0.692956  -0.040492 0.554884 1.469865
15  0.000042 6.792208 0.000040  0.007991 0.036071 -0.011407
16  -0.000067 7.744809 0.000015  -0.017442 -0.155305 0.068153
17  0.000074 7.809701 0.000017  -0.033637 0.005026 0.006142
18  -0.000025 7.867675 0.000018  -0.073329 -0.127910 0.026375
19  3.494702 -1.749096 -3.006912  0.152547 2.070419 1.936938
20  0.000119 4.478313 0.000018  -0.194659 0.310431 -0.234996
21  0.000049 4.636114 -0.000030  0.035819 0.324592 -0.151767
22  -0.000042 5.008649 0.000015  0.076000 -0.286565 0.276091
23  0.000064 4.781160 0.000009  0.904405 -2.690904 -0.015801
24  2.253042 1.989055 -3.350106  -1.523632 1.324495 0.112393
25  0.000161 6.589459 0.000170  0.206356 -0.002128 -0.080395
26  0.000043 7.491414 0.000040  -0.333516 0.184455 -0.191163
27  0.000025 7.660301 -0.000054  -0.063173 0.127194 -0.062119
28  0.000006 7.256271 0.000019  -0.052939 -0.487829 0.313813
29  -0.791162 2.265112 -1.234656  -0.753899 1.136376 0.824664
30  -0.000260 8.572261 -0.000089  -0.222844 -0.296789 0.176505
31  -0.000093 8.117212 0.000049  0.072258 0.772520 -0.285587
32  -0.000083 8.230038 -0.000071  -0.080496 -0.347232 0.072252
33  0.000059 7.366729 0.000051  -0.015392 -0.663893 0.062743
34  0.224221 0.240129 -3.218158  -0.877381 1.468889 0.577820
35  -0.000102 7.721055 -0.000315  -0.283829 0.060495 -0.167556
36  -0.000031 7.374853 0.000000  0.007537 -0.195020 0.049539
37  0.000076 6.848104 0.000005  0.005484 0.006497 -0.033649
38  -0.000052 7.777866 0.000009  -0.186096 0.182474 -0.152847
39  -1.514462 2.104650 -1.150167  -0.029093 0.541320 1.555671
40  -0.000164 6.982342 -0.000078  -0.199699 -0.041214 0.153490
41  0.000038 8.382861 -0.000071  0.044867 0.587987 -0.257958
42  0.000011 8.697700 -0.000027  -0.102637 -0.474319 0.290942
43  0.000057 8.921803 -0.000005  -0.076257 0.581004 -0.195602
44  1.196198 2.899154 -2.353086  -0.449719 1.030105 1.287423
45  0.000105 5.476948 0.000004  0.285574 -0.099353 -0.038446
46  -0.000075 6.060439 -0.000092  -0.155020 -0.575032 0.384609
47  0.000018 5.994267 0.000030  0.033940 0.288574 -0.067730
48  -0.000006 6.100485 0.000003  -0.068407 0.299273 -0.162152
49  0.000035 6.916759 0.000008  -0.096318 0.220533 -0.107966
50  0.000151 6.435057 -0.000043  -0.037456 0.171630 -0.116573
51  1.092799 3.649512 -1.738794  -0.148600 0.876612 1.445020
52  -0.000128 6.792201 -0.000100  0.008285 0.107792 -0.048643
53  -0.000088 7.744777 -0.000033  0.057137 -0.256893 0.015458
54  0.000087 9.115019 -0.000035  -0.020393 0.256253 -0.142636
55  3.494521 -1.749105 3.007064  0.118400 1.106974 1.813803
56  0.000014 4.323835 0.000087  -0.229908 -0.770943 0.449224
57  0.000028 4.872904 -0.000024  0.367245 -0.664051 -0.254033
58  0.000003 5.056648 0.000094  -0.511237 0.856585 -0.546325
59  2.292468 1.708613 3.661675  -1.762560 1.789109 -0.218979
60  -0.000172 6.589440 0.000273  -0.007133 -0.169123 0.176911
61  0.000173 7.491498 -0.000156  -0.132413 -0.107097 0.179327
62  -0.000141 8.249654 0.000141  0.041913 -0.058209 0.015813
63  0.000072 8.605235 -0.000029  0.101585 0.501824 -0.079696
64  -0.240485 2.066067 2.349267  -0.357331 2.461714 1.296076
65  -0.000087 7.721100 -0.000003  -0.208231 -0.126223 -0.116492
66  -0.000122 7.374867 -0.000045  -0.111017 0.046939 -0.046466
67  -0.000035 6.848061 -0.000027  0.273533 0.247522 0.299909
68  0.000036 7.777823 -0.000044  0.072921 0.186148 -0.052689
69  -0.000084 8.178059 0.000011  -0.087031 -0.422849 -0.381357
70  1.617606 3.431405 2.399265  -0.249454 2.569515 1.508568
71  -0.000165 5.476944 -0.000027  0.057729 0.074071 0.060287
72  -0.000095 6.060493 -0.000007  -0.015205 0.015650 -0.152066
73  0.000027 5.994247 0.000012  -0.126210 -0.157657 0.153303
74  -0.000079 7.076877 -0.000048  -0.008118 0.010384 0.036402
75  0.000005 7.089874 -0.000069  0.070875 0.098587 -0.025893
76  0.361121 0.886683 3.287747  -0.576369 1.978708 0.939011
77  -0.000066 6.686645 0.000218  -0.146568 0.414164 -0.327704
78  -0.000011 7.638014 0.000012  -0.079524 -0.025948 0.130953
79  -0.000029 7.290232 -0.000020  0.025325 -0.093908 0.023965
80  -0.000034 6.530371 0.000001  -0.261847 -0.300601 0.006734
81  0.000061 7.224876 0.000009  0.036505 0.032481 -0.175823
82  1.071905 3.225799 1.570116  -0.043805 2.859975 1.526244
83  0.000417 6.748905 -0.000066  -0.062703 0.083783 0.022203
84  -0.000044 8.002648 0.000026  -0.067497 -0.117209 -0.115600
85  0.000012 8.580565 -0.000097  0.088214 -0.007187 0.334606
86  0.000167 8.689832 -0.000042  0.065326 -0.412430 -0.134518
87  -1.514535 2.104634 0.318055  -0.024895 3.094491 1.569491
88  0.000190 6.982280 0.000012  -0.107588 -0.057625 -0.215715
89  -0.000008 8.382874 -0.000068  0.135030 -0.099914 0.287073
90  -0.000056 8.697669 0.000023  -0.148089 -0.510100 0.044839
91  -0.000139 8.921821 0.000080  -0.236827 -0.892635 0.098804
92  3.553619 -3.478046 2.409277  0.000821 0.762046 1.535304
93  -0.000001 4.476913 -0.000008  -0.151004 -0.588330 0.377259
94  0.000029 4.514124 -0.000023  -0.228868 -2.996200 0.592367
95  0.000043 4.518387 -0.000022  0.143171 2.612777 0.693383
96  0.000026 3.598320 0.000023  -0.749303 0.869851 -0.773233
97  4.209918 -0.440348 1.018823  -1.843214 -2.149901 0.053532
98  4.265501 1.434231 -0.404993  -1.838776 -0.306624 -0.203222
99  9.400240 0.017942 0.083202  0.083321 -0.060683 -1.484277
100  10.242419 0.033587 0.064477  2.191538 -0.203876 -0.490481
101  3.465852 -0.059678 0.016695  -0.021010 0.050074 -0.267695
102  1.655592 -0.000020 0.000022  0.010538 -0.167294 -0.728879
103  0.960767 -0.000001 -0.000005  0.006943 -0.046794 -0.605521
104  3.462024 -0.064245 0.939909  0.316944 -0.092798 -0.139946
105  1.497179 -0.000003 0.000018  -0.470190 -0.139929 -0.342906
106  0.793759 0.000003 -0.000004  -0.020946 0.041622 -0.689315
107  0.591658 -0.460689 0.835208  -0.992544 -0.640407 -0.477558
108  1.556140 -0.000001 0.000002  -0.195851 0.086376 0.359628
109  1.135904 0.000017 0.000001  -0.015148 -0.046294 0.199543
110  3.084265 -0.668820 -1.257084  -0.567418 0.134201 -0.812074
111  1.064200 -0.000006 0.000007  -0.059701 0.126066 -1.311819
112  0.640339 0.000003 -0.000009  -0.034343 0.050826 -0.992195
113  3.396816 -0.242140 -0.708687  -0.294166 0.140743 -0.537023
114  1.532969 0.000015 0.000008  0.018033 -0.006885 -1.032961
115  0.832978 -0.000002 -0.000001  0.001908 0.002254 -1.021723
116  4.209939 -0.440343 -1.019280  2.051605 2.150836 0.235843
117  4.266748 1.424935 0.424940  1.852518 -0.108777 -0.641669
118  9.398566 0.011950 -0.082521  -0.003972 0.055369 -0.365354
119  10.242438 0.028177 -0.062907  -1.672939 0.048410 0.342732
120  3.465744 -0.067523 0.002267  -0.234426 0.250461 -1.654708
121  1.655559 0.000008 0.000006  -0.166765 0.184765 -1.181953
122  0.960908 0.000003 0.000000  -0.020253 0.177694 -0.897759
123  3.466852 -0.077776 -0.920909  -0.487424 0.125502 -1.675639
124  1.497261 -0.000040 -0.000024  -0.590537 0.328093 -1.054314
125  0.793787 -0.000010 -0.000003  -0.236519 0.400201 -0.792701
126  0.595077 -0.467149 -0.829176  2.469331 0.674050 -0.724411
127  1.555673 0.000017 -0.000003  0.636498 0.519557 1.169789
128  1.136811 -0.000009 -0.000003  0.575690 0.457772 1.083379
129  3.075973 -0.667964 1.277700  0.605350 0.216964 -1.348856
130  1.064591 0.000019 0.000010  0.027376 -0.117883 -0.839846
131  0.640362 -0.000018 -0.000003  -0.105095 -0.024328 -0.480751
132  3.392409 -0.245364 0.728376  0.115525 0.333925 -1.793709
133  1.532737 -0.000008 -0.000001  0.007498 0.016530 -0.809475
134  0.833152 0.000002 0.000005  -0.082528 -0.069763 -1.037763
135  3.590111 -3.090295 1.193973  1.635457 1.210566 1.548541
136  3.589561 -3.089879 -1.196372  -1.505736 1.210473 -1.592853
137  -0.436558 4.719025 -0.001076  -0.000236 -1.570733 1.693048
138  -0.000000 2.775453 -0.000237  -0.135089 0.000001 -0.000000
139  -0.000001 3.189765 0.000009  0.207820 0.000000 0.000000
140  0.000000 3.504652 0.000044  -0.261876 -0.000000 -0.000000
141  -0.000000 2.863197 -0.000002  -0.051268 -0.000000 -0.000000
time 52
0  1.564198 1.440924 32.644028  1.570862 0.000000 -0.000000
1  0.002636 43.025146 0.734438  -0.053892 -0.987565 -0.094430
2  3.061857 -4.181011 -0.610803  -1.987017 -0.417366 -0.746606
3  18.476772 0.000156 -0.000000  -0.009124 -0.077007 0.997678
4  17.490086 0.000117 0.000004  -0.179107 0.645574 -1.454187
5  -3.065330 -4.183580 -0.611479  -1.430243 -0.456390 -2.090758
6  18.474855 -0.000034 -0.000011  0.016035 0.086823 1.145696
7  17.489586 0.001914 -0.000007  0.309466 -0.446616 -1.608213
8  -0.000117 -0.048882 -0.576225  1.569210 0.013804 1.592380
9  3.224485 0.767046 0.000495  -0.068585 -0.034969 0.254081
10  3.223912 0.226400 -0.001944  -0.018875 -0.017222 0.243187
11  5.187315 -1.262558 -0.001177  0.000012 0.000066 0.194111
12  6.928415 -1.935317 -0.000229  -2.986039 -0.186740 0.258285
13  3.236366 1.079617 0.000058  0.565583 0.307520 0.310632
14  0.833759 3.805343 0.692956  -0.040492 0.554884 1.469865
15  0.000043 6.792205 0.000043  0.007991 0.036071 -0.011407
16  -0.000067 7.744816 0.000015  -0.017442 -0.155305 0.068153
17  0.000071 7.809704 0.000017  -0.033637 0.005026 0.006142
18  -0.000027 7.867667 0.000022  -0.073329 -0.127910 0.026375
19  3.494699 -1.749101 -3.006912  0.152547 2.070419 1.936938
20  0.000120 4.478321 0.000018  -0.194659 0.310431 -0.234996
21  0.000047 4.636119 -0.000029  0.035819 0.324592 -0.151767
22  -0.000042 5.008655 0.000012  0.076000 -0.286565 0.276091
23  0.000064 4.781160 0.000011  0.904405 -2.690904 -0.015801
24  2.253041 1.989052 -3.350106  -1.523632 1.324495 0.112393
25  0.000162 6.589460 0.000170  0.206356 -0.002128 -0.080395
26  0.000044 7.491414 0.000047  -0.333516 0.184455 -0.191163
27  0.000026 7.660302 -0.000059  -0.063173 0.127194 -0.062119
28  0.000006 7.256272 0.000018  -0.052939 -0.487829 0.313813
29  -0.791158 2.265112 -1.234655  -0.753899 1.136376 0.824664
30  -0.000258 8.572270 -0.000091  -0.222844 -0.296789 0.176505
31  -0.000094 8.117211 0.000047  0.072258 0.772520 -0.285587
32  -0.000081 8.230035 -0.000070  -0.080496 -0.347232 0.072252
33  0.000061 7.366727 0.000054  -0.015392 -0.663893 0.062743
34  0.224218 0.240121 -3.218157  -0.877381 1.468889 0.577820
35  -0.000102 7.721050 -0.000308  -0.283829 0.060495 -0.167556
36  -0.000031 7.374852 -0.000001  0.007537 -0.195020 0.049539
37  0.000075 6.848102 0.000006  0.005484 0.006497 -0.033649
38  -0.000051 7.777864 0.000008  -0.186096 0.182474 -0.152847
39  -1.514469 2.104641 -1.150166  -0.029093 0.541320 1.555671
40  -0.000165 6.982344 -0.000075  -0.199699 -0.041214 0.153490
41  0.000040 8.382865 -0.000074  0.044867 0.587987 -0.257958
42  0.000014 8.697699 -0.000025  -0.102637 -0.474319 0.290942
43  0.000058 8.921805 -0.000001  -0.076257 0.581004 -0.195602
44  1.196196 2.899150 -2.353085  -0.449719 1.030105 1.287423
45  0.000105 5.476945 0.000008  0.285574 -0.099353 -0.038446
46  -0.000072 6.060436 -0.000089  -0.155020 -0.575032 0.384609
47  0.000019 5.994258 0.000027  0.033940 0.288574 -0.067730
48  -0.000007 6.100485 -0.000002  -0.068407 0.299273 -0.162152
49  0.000033 6.916761 0.000008  -0.096318 0.220533 -0.107966
50  0.000150 6.435060 -0.000039  -0.037456 0.171630 -0.116573
51  1.092799 3.649510 -1.738793  -0.148600 0.876612 1.445020
52  -0.000128 6.792199 -0.000100  0.008285 0.107792 -0.048643
53  -0.000090 7.744775 -0.000030  0.057137 -0.256893 0.015458
54  0.000082 9.115018 -0.000038  -0.020393 0.256253 -0.142636
55  3.494518 -1.749105 3.007064  0.118400 1.106974 1.813803
56  0.000015 4.323829 0.000087  -0.229908 -0.770943 0.449224
57  0.000029 4.872894 -0.000021  0.367245 -0.664052 -0.254033
58  0.000004 5.056653 0.000094  -0.511237 0.856585 -0.546325
59  2.292464 1.708609 3.661676  -1.762560 1.789109 -0.218979
60  -0.000173 6.589438 0.000275  -0.007132 -0.169123 0.176911
61  0.000175 7.491494 -0.000147  -0.132413 -0.107097 0.179327
62  -0.000141 8.249658 0.000145  0.041913 -0.058209 0.015813
63  0.000072 8.605232 -0.000028  0.101585 0.501824 -0.079696
64  -0.240488 2.066066 2.349267  -0.357331 2.461714 1.296076
65  -0.000092 7.721105 -0.000004  -0.208231 -0.126223 -0.116492
66  -0.000124 7.374866 -0.000047  -0.111017 0.046939 -0.046466
67  -0.000037 6.848063 -0.000026  0.273533 0.247522 0.299909
68  0.000031 7.777819 -0.000043  0.072921 0.186148 -0.052689
69  -0.000087 8.178050 0.000009  -0.087031 -0.422849 -0.381357
70  1.617607 3.431406 2.399265  -0.249454 2.569515 1.508568
71  -0.000158 5.476950 -0.000029  0.057729 0.074071 0.060287
72  -0.000092 6.060501 -0.000007  -0.015205 0.015650 -0.152067
73  0.000022 5.994250 0.000011  -0.126210 -0.157657 0.153303
74  -0.000075 7.076864 -0.000046  -0.008118 0.010384 0.036402
75  0.000002 7.089868 -0.000072  0.070875 0.098587 -0.025893
76  0.361105 0.886672 3.287746  -0.576369 1.978708 0.939011
77  -0.000068 6.686647 0.000218  -0.146568 0.414164 -0.327704
78  -0.000012 7.638028 0.000012  -0.079524 -0.025948 0.130953
79  -0.000028 7.290229 -0.000021  0.025325 -0.093908 0.023965
80  -0.000026 6.530370 0.000005  -0.261847 -0.300601 0.006734
81  0.000066 7.224882 0.000010  0.036505 0.032481 -0.175823
82  1.071899 3.225793 1.570116  -0.043805 2.859975 1.526244
83  0.000415 6.748907 -0.000066  -0.062703 0.083783 0.022203
84  -0.000049 8.002648 0.000027  -0.067497 -0.117209 -0.115600
85  0.000013 8.580571 -0.000098  0.088214 -0.007187 0.334606
86  0.000166 8.689835 -0.000041  0.065326 -0.412430 -0.134518
87  -1.514529 2.104639 0.318056  -0.024895 3.094491 1.569491
88  0.000194 6.982278 0.000011  -0.107588 -0.057625 -0.215715
89  -0.000010 8.382873 -0.000068  0.135030 -0.099914 0.287073
90  -0.000060 8.697676 0.000024  -0.148089 -0.510100 0.044839
91  -0.000136 8.921828 0.000078  -0.236828 -0.892635 0.098804
92  3.553612 -3.478054 2.409277  0.000821 0.762046 1.535304
93  -0.000005 4.476907 -0.000010  -0.151004 -0.588330 0.377259
94  0.000032 4.514119 -0.000021  -0.228868 -2.996200 0.592367
95  0.000042 4.518382 -0.000025  0.143171 2.612777 0.693383
96  0.000024 3.598331 0.000025  -0.749303 0.869851 -0.773233
97  4.209921 -0.440347 1.018822  -1.863390 -2.158123 0.069747
98  4.265508 1.434238 -0.404991  -1.842219 -0.293755 -0.190723
99  9.400232 0.017941 0.083198  0.080416 -0.062126 -1.441443
100  10.242420 0.033587 0.064480  2.194496 -0.192031 -0.493768
101  3.465851 -0.059674 0.016693  -0.021639 0.057691 -0.228237
102  1.655594 -0.000026 0.000025  0.011607 -0.168803 -0.735734
103  0.960771 -0.000000 -0.000006  0.006406 -0.047537 -0.610805
104  3.462025 -0.064244 0.939905  0.316608 -0.090592 -0.114923
105  1.497175 -0.000007 0.000020  -0.470428 -0.137848 -0.337788
106  0.793759 0.000002 -0.000002  -0.020723 0.041277 -0.686931
107  0.591661 -0.460682 0.835205  -0.993347 -0.643471 -0.480427
108  1.556139 0.000001 -0.000002  -0.195274 0.084998 0.356798
109  1.135902 0.000013 0.000001  -0.014921 -0.045698 0.201572
110  3.084267 -0.668816 -1.257087  -0.569118 0.139573 -0.801664
111  1.064202 0.000002 0.000006  -0.060894 0.126516 -1.324317
112  0.640338 0.000005 -0.000008  -0.034525 0.055104 -1.000674
113  3.396819 -0.242132 -0.708691  -0.293387 0.148030 -0.512691
114  1.532967 0.000006 0.000008  0.018604 -0.006258 -1.029230
115  0.832971 -0.000000 -0.000004  0.002135 0.006235 -1.020502
116  4.209946 -0.440344 -1.019280  2.051632 2.150814 0.235868
117  4.266746 1.424941 0.424937  1.843397 -0.115193 -0.635050
118  9.398563 0.011948 -0.082515  -0.005532 0.056533 -0.390433
119  10.242444 0.028177 -0.062911  -1.690795 0.050474 0.351548
120  3.465753 -0.067530 0.002267  -0.234503 0.250458 -1.655128
121  1.655559 0.000003 0.000006  -0.166704 0.184750 -1.181577
122  0.960908 0.000005 0.000000  -0.020173 0.177624 -0.897274
123  3.466859 -0.077783 -0.920910  -0.487402 0.125596 -1.675388
124  1.497263 -0.000035 -0.000021  -0.590883 0.328308 -1.055393
125  0.793789 -0.000007 0.000001  -0.237066 0.400800 -0.793714
126  0.595082 -0.467152 -0.829176  2.469316 0.674051 -0.724433
127  1.555677 0.000015 -0.000002  0.636498 0.519558 1.169785
128  1.136816 -0.000011 -0.000002  0.575460 0.457748 1.083187
129  3.075978 -0.667969 1.277700  0.605372 0.216686 -1.348512
130  1.064595 0.000020 0.000010  0.027453 -0.117933 -0.840704
131  0.640361 -0.000018 -0.000005  -0.105217 -0.024416 -0.481639
132  3.392415 -0.245369 0.728377  0.114876 0.334390 -1.795598
133  1.532735 -0.000008 -0.000001  0.007502 0.016525 -0.809275
134  0.833151 0.000012 0.000005  -0.082487 -0.069761 -1.037562
135  3.590109 -3.090294 1.193971  1.635457 1.210566 1.548541
136  3.589557 -3.089880 -1.196373  -1.505736 1.210473 -1.592853
137  -0.436560 4.719026 -0.001076  -0.001064 -1.570733 1.693194
138  0.000000 2.775459 -0.000237  -0.135089 0.000001 -0.000000
139  0.000000 3.189763 0.000008  0.207820 -0.000000 0.000000
140  -0.000000 3.504644 0.000043  -0.261876 0.000000 -0.000000
141  -0.000000 2.863200 -0.000003  -0.051268 -0.000000 -0.000000
time 53
0  1.599671 1.608674 32.550072  1.570862 0.000000 -0.000000
1  0.002636 43.025146 0.734438  -0.054073 -1.003453 -0.096456
2  3.061857 -4.181013 -0.610804  -1.985657 -0.408884 -0.740741
3  18.476776 0.000159 -0.000001  -0.009148 -0.077045 0.998228
4  17.490086 0.000118 0.000002  -0.190519 0.639548 -1.457656
5  -3.065330 -4.183573 -0.611479  -1.426432 -0.474338 -2.089763
6  18.474857 -0.000034 -0.000007  0.016812 0.087743 1.160439
7  17.489580 0.001916 -0.000007  0.296283 -0.459339 -1.605365
8  -0.000117 -0.048880 -0.576226  1.564339 0.009978 1.584135
9  3.224487 0.767047 0.000495  -0.068770 -0.033457 0.257030
10  3.223907 0.226399 -0.001944  -0.021958 -0.016473 0.242168
11  5.187319 -1.262557 -0.001178  0.000012 0.000066 0.194111
12  6.928409 -1.935314 -0.000226  -2.981339 -0.185364 0.253336
13  3.236360 1.079606 0.000057  0.588012 0.302906 0.316490
14  0.833761 3.805350 0.692956  -0.040492 0.554885 1.469865
15  0.000042 6.792210 0.000041  0.007991 0.036071 -0.011407
16  -0.000064 7.744812 0.000016  -0.017442 -0.155305 0.068153
17  0.000073 7.809705 0.000016  -0.033637 0.005026 0.006142
18  -0.000024 7.867675 0.000017  -0.073329 -0.127910 0.026375
19  3.494696 -1.749098 -3.006912  0.152547 2.070419 1.936938
20  0.000120 4.478322 0.000019  -0.194659 0.310431 -0.234996
21  0.000047 4.636116 -0.000028  0.035819 0.324592 -0.151767
22  -0.000042 5.008654 0.000012  0.076000 -0.286565 0.276091
23  0.000063 4.781159 0.000008  0.904405 -2.690904 -0.015801
24  2.253038 1.989055 -3.350106  -1.523632 1.324495 0.112393
25  0.000161 6.589470 0.000165  0.206356 -0.002128 -0.080395
26  0.000044 7.491414 0.000035  -0.333516 0.184455 -0.191163
27  0.000026 7.660304 -0.000056  -0.063173 0.127194 -0.062119
28  0.000006 7.256272 0.000020  -0.052939 -0.487829 0.313813
29  -0.791158 2.265117 -1.234655  -0.753899 1.136376 0.824664
30  -0.000258 8.572268 -0.000091  -0.222844 -0.296789 0.176505
31  -0.000096 8.117215 0.000049  0.072258 0.772520 -0.285587
32  -0.000079 8.230032 -0.000071  -0.080495 -0.347232 0.072252
33  0.000059 7.366720 0.000054  -0.015392 -0.663893 0.062743
34  0.224214 0.240124 -3.218158  -0.877381 1.468889 0.577820
35  -0.000102 7.721056 -0.000305  -0.283829 0.060495 -0.167556
36  -0.000030 7.374850 -0.000000  0.007537 -0.195020 0.049539
37  0.000075 6.848103 0.000008  0.005484 0.006497 -0.033649
38  -0.000051 7.777864 0.000007  -0.186096 0.182474 -0.152847
39  -1.514466 2.104645 -1.150167  -0.029093 0.541320 1.555671
40  -0.000167 6.982349 -0.000075  -0.199699 -0.041214 0.153490
41  0.000038 8.382866 -0.000073  0.044867 0.587987 -0.257958
42  0.000011 8.697699 -0.000028  -0.102637 -0.474319 0.290942
43  0.000056 8.921810 -0.000005  -0.076257 0.581004 -0.195602
44  1.196195 2.899153 -2.353086  -0.449719 1.030105 1.287423
45  0.000108 5.476948 0.000006  0.285574 -0.099353 -0.038446
46  -0.000073 6.060437 -0.000092  -0.155020 -0.575032 0.384609
47  0.000018 5.994259 0.000029  0.033940 0.288574 -0.067730
48  -0.000008 6.100491 0.000002  -0.068407 0.299273 -0.162152
49  0.000035 6.916757 0.000007  -0.096318 0.220533 -0.107966
50  0.000149 6.435057 -0.000041  -0.037456 0.171630 -0.116573
51  1.092794 3.649507 -1.738794  -0.148600 0.876612 1.445020
52  -0.000130 6.792200 -0.000101  0.008285 0.107792 -0.048643
53  -0.000092 7.744777 -0.000034  0.057137 -0.256893 0.015458
54  0.000085 9.115023 -0.000037  -0.020393 0.256253 -0.142636
55  3.494520 -1.749104 3.007064  0.118400 1.106974 1.813803
56  0.000013 4.323843 0.000083  -0.229908 -0.770943 0.449224
57  0.000028 4.872890 -0.000021  0.367245 -0.664051 -0.254033
58  0.000002 5.056656 0.000093  -0.511237 0.856585 -0.546325
59  2.292466 1.708611 3.661676  -1.762560 1.789109 -0.218979
60  -0.000171 6.589440 0.000275  -0.007133 -0.169123 0.176911
61  0.000174 7.491499 -0.000156  -0.132413 -0.107097 0.179327
62  -0.000140 8.249657 0.000145  0.041913 -0.058209 0.015813
63  0.000072 8.605237 -0.000030  0.101585 0.501824 -0.079696
64  -0.240483 2.066069 2.349267  -0.357331 2.461714 1.296076
65  -0.000091 7.721107 -0.000001  -0.208231 -0.126223 -0.116492
66  -0.000123 7.374860 -0.000049  -0.111017 0.046939 -0.046466
67  -0.000033 6.848064 -0.000026  0.273533 0.247522 0.299908
68  0.000033 7.777826 -0.000043  0.072920 0.186148 -0.052689
69  -0.000085 8.178055 0.000009  -0.087031 -0.422849 -0.381357
70  1.617605 3.431406 2.399265  -0.249454 2.569514 1.508568
71  -0.000167 5.476947 -0.000029  0.057729 0.074071 0.060287
72  -0.000093 6.060495 -0.000004  -0.015205 0.015650 -0.152066
73  0.000027 5.994252 0.000011  -0.126210 -0.157657 0.153303
74  -0.000085 7.076873 -0.000047  -0.008118 0.010384 0.036402
75  0.000006 7.089867 -0.000070  0.070875 0.098587 -0.025893
76  0.361114 0.886679 3.287746  -0.576369 1.978708 0.939011
77  -0.000068 6.686646 0.000225  -0.146568 0.414164 -0.327704
78  -0.000009 7.638018 0.000010  -0.079523 -0.025948 0.130953
79  -0.000031 7.290228 -0.000023  0.025325 -0.093908 0.023965
80  -0.000034 6.530370 0.000003  -0.261847 -0.300601 0.006734
81  0.000064 7.224878 0.000011  0.036506 0.032480 -0.175823
82  1.071892 3.225792 1.570115  -0.043805 2.859975 1.526244
83  0.000411 6.748892 -0.000066  -0.062703 0.083783 0.022203
84  -0.000045 8.002644 0.000027  -0.067497 -0.117209 -0.115600
85  0.000011 8.580570 -0.000097  0.088214 -0.007187 0.334606
86  0.000170 8.689829 -0.000041  0.065326 -0.412430 -0.134518
87  -1.514537 2.104634 0.318056  -0.024895 3.094491 1.569491
88  0.000194 6.982277 0.000011  -0.107588 -0.057625 -0.215715
89  -0.000008 8.382871 -0.000068  0.135030 -0.099914 0.287073
90  -0.000061 8.697675 0.000024  -0.148089 -0.510100 0.044839
91  -0.000134 8.921827 0.000076  -0.236828 -0.892635 0.098804
92  3.553618 -3.478048 2.409278  0.000821 0.762046 1.535304
93  0.000002 4.476899 -0.000009  -0.151004 -0.588330 0.377259
94  0.000030 4.514124 -0.000023  -0.228868 -2.996200 0.592367
95  0.000043 4.518385 -0.000021  0.143171 2.612777 0.693383
96  0.000025 3.598328 0.000023  -0.749304 0.869851 -0.773233
97  4.209920 -0.440345 1.018826  -1.882893 -2.166347 0.085318
98  4.265503 1.434231 -0.404992  -1.844988 -0.283804 -0.181959
99  9.400234 0.017942 0.083205  0.077176 -0.063559 -1.394641
100  10.242418 0.033584 0.064482  2.195606 -0.180728 -0.494597
101  3.465853 -0.059683 0.016689  -0.021890 0.064000 -0.195547
102  1.655592 -0.000022 0.000021  0.013086 -0.170735 -0.745379
103  0.960767 0.000005 -0.000004  0.006135 -0.048656 -0.618386
104  3.462028 -0.064243 0.939905  0.316546 -0.088018 -0.094249
105  1.497180 -0.000008 0.000021  -0.470238 -0.137054 -0.335989
106  0.793758 0.000003 -0.000002  -0.020714 0.041206 -0.687508
107  0.591661 -0.460690 0.835204  -0.994251 -0.645291 -0.481016
108  1.556140 -0.000003 -0.000004  -0.194585 0.084266 0.355458
109  1.135904 0.000019 0.000006  -0.015171 -0.045254 0.203070
110  3.084266 -0.668821 -1.257087  -0.569769 0.143248 -0.793964
111  1.064204 0.000000 0.000010  -0.062431 0.126970 -1.339603
112  0.640344 0.000003 -0.000010  -0.034976 0.058887 -1.013027
113  3.396820 -0.242136 -0.708691  -0.291973 0.154089 -0.492164
114  1.532967 0.000004 0.000004  0.019108 -0.005689 -1.030780
115  0.832975 -0.000006 0.000002  0.002349 0.009605 -1.023303
116  4.209944 -0.440345 -1.019277  2.051029 2.150207 0.235459
117  4.266746 1.424938 0.424936  1.836275 -0.119873 -0.629822
118  9.398564 0.011949 -0.082510  -0.007357 0.057820 -0.419218
119  10.242439 0.028176 -0.062906  -1.708901 0.053453 0.361733
120  3.465746 -0.067527 0.002265  -0.234635 0.250409 -1.655634
121  1.655559 0.000006 0.000006  -0.166629 0.184732 -1.181125
122  0.960906 0.000008 0.000000  -0.020081 0.177544 -0.896721
123  3.466852 -0.077780 -0.920911  -0.487383 0.125601 -1.675218
124  1.497259 -0.000042 -0.000023  -0.591206 0.328506 -1.056395
125  0.793790 -0.000008 0.000002  -0.237563 0.401271 -0.794554
126  0.595073 -0.467147 -0.829177  2.469317 0.674058 -0.724458
127  1.555673 0.000018 -0.000003  0.636459 0.519523 1.169742
128  1.136811 -0.000008 -0.000001  0.575272 0.457688 1.082982
129  3.075971 -0.667966 1.277698  0.605382 0.216430 -1.348243
130  1.064594 0.000020 0.000009  0.027524 -0.117960 -0.841629
131  0.640360 -0.000016 -0.000005  -0.105293 -0.024446 -0.482663
132  3.392410 -0.245369 0.728373  0.114284 0.334896 -1.797394
133  1.532737 -0.000003 -0.000000  0.007506 0.016521 -0.809075
134  0.833152 0.000006 0.000005  -0.082446 -0.069759 -1.037362
135  3.590112 -3.090294 1.193972  1.635457 1.210566 1.548541
136  3.589556 -3.089877 -1.196372  -1.505736 1.210473 -1.592853
137  -0.436555 4.719027 -0.001077  -0.000591 -1.570733 1.692981
138  0.000000 2.775461 -0.000233  -0.135089 0.000001 -0.000000
139  0.000000 3.189764 0.000011  0.207820 -0.000000 0.000000
140  0.000001 3.504649 0.000046  -0.261876 0.000000 -0.000000
141  0.000000 2.863200 -0.000001  -0.051268 0.000000 -0.000000
time 54
0  1.631712 1.777188 32.477051  1.570862 0.000000 -0.000000
1  0.002636 43.025146 0.734438  -0.055294 -1.018705 -0.097520
2  3.061857 -4.181008 -0.610804  -1.984091 -0.399396 -0.736367
3  18.476774 0.000159 -0.000004  -0.009060 -0.076901 0.996167
4  17.490086 0.000116 0.000003  -0.201121 0.633510 -1.458923
5  -3.065329 -4.183574 -0.611480  -1.423014 -0.490705 -2.088547
6  18.474855 -0.000035 -0.000007  0.017497 0.088532 1.173225
7  17.489586 0.001915 -0.000006  0.283003 -0.470962 -1.601592
8  -0.000117 -0.048878 -0.576226  1.559065 0.006359 1.576789
9  3.224484 0.767047 0.000495  -0.069200 -0.032126 0.259806
10  3.223913 0.226399 -0.001944  -0.025263 -0.015936 0.241334
11  5.187319 -1.262561 -0.001176  0.000012 0.000066 0.194111
12  6.928409 -1.935315 -0.000227  -2.976676 -0.184029 0.248458
13  3.236361 1.079607 0.000057  0.610833 0.298905 0.321845
14  0.833759 3.805355 0.692955  -0.040492 0.554885 1.469865
15  0.000043 6.792206 0.000040  0.007991 0.036071 -0.011407
16  -0.000065 7.744816 0.000018  -0.017442 -0.155305 0.068153
17  0.000075 7.809708 0.000014  -0.033637 0.005026 0.006142
18  -0.000026 7.867675 0.000019  -0.073329 -0.127910 0.026375
19  3.494694 -1.749094 -3.006912  0.152547 2.070419 1.936938
20  0.000120 4.478319 0.000016  -0.194659 0.310431 -0.234996
21  0.000048 4.636117 -0.000028  0.035819 0.324592 -0.151767
22  -0.000042 5.008652 0.000012  0.076000 -0.286565 0.276091
23  0.000062 4.781163 0.000008  0.904405 -2.690904 -0.015801
24  2.253034 1.989056 -3.350107  -1.523632 1.324495 0.112393
25  0.000161 6.589465 0.000173  0.206356 -0.002129 -0.080395
26  0.000043 7.491407 0.000039  -0.333516 0.184455 -0.191163
27  0.000022 7.660317 -0.000059  -0.063173 0.127194 -0.062119
28  0.000006 7.256269 0.000011  -0.052939 -0.487829 0.313813
29  -0.791163 2.265120 -1.234656  -0.753899 1.136376 0.824664
30  -0.000258 8.572262 -0.000081  -0.222844 -0.296789 0.176505
31  -0.000097 8.117219 0.000045  0.072258 0.772520 -0.285587
32  -0.000081 8.230030 -0.000069  -0.080496 -0.347232 0.072252
33  0.000062 7.366725 0.000055  -0.015393 -0.663893 0.062743
34  0.224216 0.240128 -3.218158  -0.877381 1.468889 0.577820
35  -0.000100 7.721051 -0.000317  -0.283829 0.060495 -0.167556
36  -0.000028 7.374852 -0.000001  0.007537 -0.195020 0.049539
37  0.000076 6.848096 0.000007  0.005484 0.006497 -0.033649
38  -0.000050 7.777867 0.000012  -0.186097 0.182474 -0.152847
39  -1.514467 2.104653 -1.150167  -0.029093 0.541320 1.555671
40  -0.000168 6.982350 -0.000076  -0.199699 -0.041213 0.153490
41  0.000039 8.382857 -0.000071  0.044867 0.587987 -0.257958
42  0.000015 8.697699 -0.000026  -0.102637 -0.474319 0.290942
43  0.000054 8.921807 -0.000004  -0.076257 0.581004 -0.195602
44  1.196190 2.899158 -2.353086  -0.449719 1.030105 1.287423
45  0.000104 5.476945 0.000006  0.285574 -0.099353 -0.038446
46  -0.000074 6.060431 -0.000091  -0.155020 -0.575031 0.384609
47  0.000019 5.994267 0.000030  0.033940 0.288575 -0.067730
48  -0.000008 6.100489 -0.000002  -0.068407 0.299273 -0.162152
49  0.000033 6.916753 0.000007  -0.096318 0.220533 -0.107966
50  0.000150 6.435059 -0.000044  -0.037456 0.171630 -0.116573
51  1.092792 3.649514 -1.738794  -0.148600 0.876612 1.445020
52  -0.000129 6.792201 -0.000098  0.008284 0.107792 -0.048643
53  -0.000088 7.744784 -0.000033  0.057137 -0.256893 0.015458
54  0.000084 9.115024 -0.000038  -0.020393 0.256253 -0.142636
55  3.494511 -1.749100 3.007063  0.118400 1.106974 1.813803
56  0.000015 4.323834 0.000087  -0.229908 -0.770943 0.449224
57  0.000029 4.872906 -0.000021  0.367245 -0.664052 -0.254033
58  0.000001 5.056648 0.000090  -0.511237 0.856585 -0.546325
59  2.292458 1.708615 3.661674  -1.762560 1.789109 -0.218979
60  -0.000172 6.589446 0.000279  -0.007133 -0.169123 0.176911
61  0.000174 7.491490 -0.000147  -0.132413 -0.107097 0.179327
62  -0.000140 8.249654 0.000144  0.041913 -0.058209 0.015813
63  0.000072 8.605236 -0.000028  0.101585 0.501824 -0.079696
64  -0.240493 2.066073 2.349267  -0.357331 2.461714 1.296076
65  -0.000083 7.721109 -0.000002  -0.208231 -0.126223 -0.116492
66  -0.000118 7.374866 -0.000047  -0.111017 0.046939 -0.046466
67  -0.000033 6.848058 -0.000026  0.273533 0.247522 0.299909
68  0.000035 7.777823 -0.000042  0.072921 0.186148 -0.052689
69  -0.000083 8.178051 0.000010  -0.087031 -0.422849 -0.381357
70  1.617597 3.431410 2.399265  -0.249454 2.569515 1.508568
71  -0.000167 5.476949 -0.000031  0.057729 0.074071 0.060287
72  -0.000094 6.060493 -0.000007  -0.015205 0.015650 -0.152067
73  0.000024 5.994252 0.000010  -0.126210 -0.157657 0.153303
74  -0.000077 7.076872 -0.000046  -0.008118 0.010384 0.036402
75  0.000004 7.089868 -0.000070  0.070875 0.098587 -0.025893
76  0.361109 0.886685 3.287745  -0.576369 1.978708 0.939011
77  -0.000071 6.686643 0.000222  -0.146568 0.414164 -0.327704
78  -0.000010 7.638020 0.000012  -0.079524 -0.025948 0.130953
79  -0.000030 7.290229 -0.000023  0.025325 -0.093908 0.023965
80  -0.000035 6.530368 0.000001  -0.261847 -0.300601 0.006734
81  0.000060 7.224878 0.000008  0.036505 0.032480 -0.175823
82  1.071890 3.225796 1.570115  -0.043805 2.859975 1.526244
83  0.000419 6.748907 -0.000065  -0.062703 0.083783 0.022203
84  -0.000044 8.002655 0.000027  -0.067497 -0.117209 -0.115599
85  0.000016 8.580571 -0.000097  0.088214 -0.007187 0.334606
86  0.000168 8.689832 -0.000041  0.065326 -0.412430 -0.134518
87  -1.514539 2.104642 0.318055  -0.024895 3.094491 1.569491
88  0.000193 6.982275 0.000012  -0.107588 -0.057625 -0.215715
89  -0.000010 8.382872 -0.000068  0.135030 -0.099914 0.287073
90  -0.000060 8.697672 0.000023  -0.148089 -0.510100 0.044839
91  -0.000136 8.921821 0.000080  -0.236828 -0.892635 0.098804
92  3.553614 -3.478045 2.409277  0.000821 0.762046 1.535304
93  0.000001 4.476902 -0.000005  -0.151004 -0.588330 0.377259
94  0.000032 4.514127 -0.000023  -0.228868 -2.996200 0.592367
95  0.000042 4.518386 -0.000022  0.143171 2.612777 0.693383
96  0.000021 3.598330 0.000022  -0.749303 0.869851 -0.773233
97  4.209920 -0.440347 1.018824  -1.902034 -2.174398 0.100525
98  4.265509 1.434230 -0.404991  -1.848229 -0.273101 -0.175788
99  9.400241 0.017939 0.083204  0.074061 -0.064770 -1.350505
100  10.242419 0.033593 0.064483  2.196809 -0.170599 -0.495680
101  3.465858 -0.059684 0.016692  -0.021835 0.069529 -0.167042
102  1.655593 -0.000023 0.000021  0.014736 -0.172705 -0.755924
103  0.960771 -0.000001 -0.000003  0.005998 -0.049886 -0.626744
104  3.462030 -0.064251 0.939907  0.316566 -0.085410 -0.076219
105  1.497175 -0.000008 0.000023  -0.469905 -0.136892 -0.335783
106  0.793762 0.000012 -0.000003  -0.020799 0.041242 -0.689537
107  0.591662 -0.460698 0.835204  -0.995164 -0.646571 -0.480736
108  1.556139 0.000001 -0.000007  -0.193926 0.083927 0.354763
109  1.135904 0.000019 0.000004  -0.015445 -0.044896 0.204276
110  3.084270 -0.668824 -1.257086  -0.570007 0.145759 -0.788210
111  1.064203 -0.000004 0.000005  -0.064096 0.127471 -1.356502
112  0.640337 0.000002 -0.000007  -0.035662 0.062404 -1.027625
113  3.396823 -0.242145 -0.708690  -0.290253 0.159362 -0.474103
114  1.532969 0.000008 0.000007  0.019586 -0.005260 -1.035360
115  0.832976 -0.000003 -0.000001  0.002600 0.012463 -1.028719
116  4.209944 -0.440346 -1.019279  2.049866 2.149187 0.234656
117  4.266745 1.424944 0.424937  1.830056 -0.122909 -0.624954
118  9.398570 0.011947 -0.082512  -0.009341 0.059131 -0.449865
119  10.242436 0.028177 -0.062913  -1.726349 0.057300 0.372215
120  3.465747 -0.067526 0.002268  -0.234743 0.250405 -1.656222
121  1.655561 0.000003 0.000005  -0.166484 0.184747 -1.180519
122  0.960906 0.000003 -0.000001  -0.019977 0.177454 -0.896099
123  3.466855 -0.077779 -0.920909  -0.487383 0.125601 -1.675218
124  1.497257 -0.000037 -0.000023  -0.591581 0.328770 -1.057463
125  0.793787 -0.000004 -0.000001  -0.238168 0.401842 -0.795575
126  0.595079 -0.467151 -0.829175  2.469319 0.674064 -0.724483
127  1.555675 0.000016 -0.000005  0.636419 0.519489 1.169696
128  1.136815 -0.000010 -0.000003  0.575010 0.457563 1.082743
129  3.075973 -0.667965 1.277701  0.605399 0.216281 -1.348033
130  1.064592 0.000019 0.000007  0.027595 -0.117986 -0.842555
131  0.640362 -0.000021 -0.000000  -0.105355 -0.024536 -0.483680
132  3.392411 -0.245368 0.728377  0.113653 0.335353 -1.799195
133  1.532738 -0.000007 -0.000001  0.007511 0.016515 -0.808809
134  0.833152 0.000007 0.000005  -0.082448 -0.069752 -1.037092
135  3.590106 -3.090296 1.193973  1.635457 1.210566 1.548541
136  3.589556 -3.089881 -1.196372  -1.505736 1.210473 -1.592853
137  -0.436560 4.719023 -0.001076  -0.000591 -1.570733 1.693151
138  -0.000000 2.775451 -0.000238  -0.135089 0.000001 -0.000000
139  0.000000 3.189770 0.000007  0.207820 -0.000000 0.000000
140  -0.000001 3.504647 0.000048  -0.261876 0.000000 -0.000000
141  -0.000000 2.863195 -0.000001  -0.051268 -0.000000 -0.000000
time 55
0  1.653868 1.949641 32.418293  1.570862 0.000000 -0.000000
1  0.002636 43.025146 0.734438  -0.057085 -1.033770 -0.097447
2  3.061857 -4.181007 -0.610803  -1.982142 -0.389061 -0.733048
3  18.476776 0.000159 -0.000002  -0.008874 -0.076593 0.991773
4  17.490088 0.000116 0.000001  -0.211904 0.627151 -1.458610
5  -3.065330 -4.183573 -0.611479  -1.419934 -0.506499 -2.087068
6  18.474857 -0.000035 -0.000009  0.018143 0.089258 1.185119
7  17.489586 0.001916 -0.000006  0.269450 -0.481671 -1.597365
8  -0.000117 -0.048882 -0.576226  1.553469 0.003077 1.570778
9  3.224483 0.767046 0.000495  -0.070360 -0.030962 0.262233
10  3.223907 0.226399 -0.001944  -0.029031 -0.015574 0.240445
11  5.187323 -1.262562 -0.001178  0.000012 0.000066 0.194111
12  6.928411 -1.935315 -0.000228  -2.972074 -0.183209 0.243740
13  3.236367 1.079610 0.000055  0.634617 0.296664 0.325709
14  0.833761 3.805351 0.692956  -0.040492 0.554884 1.469865
15  0.000040 6.792208 0.000041  0.007991 0.036071 -0.011407
16  -0.000072 7.744823 0.000012  -0.017442 -0.155305 0.068153
17  0.000070 7.809702 0.000021  -0.033637 0.005026 0.006142
18  -0.000025 7.867673 0.000018  -0.073329 -0.127910 0.026375
19  3.494702 -1.749093 -3.006912  0.152547 2.070419 1.936938
20  0.000118 4.478317 0.000016  -0.194659 0.310431 -0.234996
21  0.000049 4.636123 -0.000031  0.035820 0.324592 -0.151767
22  -0.000042 5.008650 0.000013  0.076000 -0.286565 0.276091
23  0.000063 4.781163 0.000009  0.904405 -2.690904 -0.015801
24  2.253041 1.989056 -3.350106  -1.523632 1.324495 0.112393
25  0.000162 6.589462 0.000169  0.206356 -0.002128 -0.080395
26  0.000041 7.491413 0.000045  -0.333516 0.184455 -0.191163
27  0.000025 7.660303 -0.000055  -0.063173 0.127194 -0.062119
28  0.000006 7.256271 0.000016  -0.052939 -0.487829 0.313813
29  -0.791155 2.265122 -1.234655  -0.753899 1.136376 0.824664
30  -0.000253 8.572255 -0.000085  -0.222844 -0.296789 0.176505
31  -0.000093 8.117206 0.000049  0.072258 0.772520 -0.285587
32  -0.000081 8.230034 -0.000070  -0.080496 -0.347232 0.072252
33  0.000060 7.366726 0.000054  -0.015392 -0.663893 0.062743
34  0.224219 0.240128 -3.218157  -0.877381 1.468889 0.577820
35  -0.000101 7.721051 -0.000311  -0.283829 0.060495 -0.167556
36  -0.000031 7.374849 -0.000002  0.007537 -0.195020 0.049539
37  0.000075 6.848104 0.000007  0.005484 0.006497 -0.033649
38  -0.000052 7.777866 0.000009  -0.186097 0.182474 -0.152847
39  -1.514464 2.104651 -1.150167  -0.029093 0.541320 1.555671
40  -0.000169 6.982347 -0.000075  -0.199699 -0.041214 0.153490
41  0.000037 8.382861 -0.000072  0.044867 0.587987 -0.257958
42  0.000014 8.697701 -0.000028  -0.102637 -0.474319 0.290942
43  0.000058 8.921806 -0.000001  -0.076257 0.581004 -0.195602
44  1.196197 2.899158 -2.353086  -0.449719 1.030105 1.287423
45  0.000104 5.476949 0.000005  0.285574 -0.099353 -0.038446
46  -0.000074 6.060437 -0.000089  -0.155020 -0.575032 0.384609
47  0.000022 5.994258 0.000030  0.033940 0.288575 -0.067730
48  -0.000009 6.100486 0.000000  -0.068407 0.299273 -0.162152
49  0.000035 6.916758 0.000010  -0.096318 0.220533 -0.107966
50  0.000149 6.435056 -0.000043  -0.037456 0.171630 -0.116573
51  1.092801 3.649516 -1.738794  -0.148600 0.876612 1.445020
52  -0.000126 6.792208 -0.000108  0.008285 0.107792 -0.048643
53  -0.000087 7.744773 -0.000032  0.057137 -0.256893 0.015458
54  0.000084 9.115022 -0.000036  -0.020393 0.256253 -0.142636
55  3.494516 -1.749104 3.007064  0.118400 1.106974 1.813803
56  0.000015 4.323838 0.000087  -0.229908 -0.770943 0.449224
57  0.000029 4.872900 -0.000021  0.367245 -0.664052 -0.254033
58  0.000002 5.056652 0.000092  -0.511237 0.856585 -0.546325
59  2.292467 1.708614 3.661675  -1.762560 1.789109 -0.218979
60  -0.000171 6.589440 0.000274  -0.007133 -0.169123 0.176911
61  0.000173 7.491497 -0.000154  -0.132413 -0.107097 0.179327
62  -0.000140 8.249665 0.000138  0.041913 -0.058209 0.015813
63  0.000072 8.605235 -0.000027  0.101585 0.501824 -0.079696
64  -0.240481 2.066077 2.349267  -0.357331 2.461714 1.296076
65  -0.000091 7.721102 -0.000004  -0.208231 -0.126223 -0.116492
66  -0.000123 7.374861 -0.000045  -0.111017 0.046940 -0.046466
67  -0.000032 6.848063 -0.000027  0.273533 0.247522 0.299909
68  0.000040 7.777825 -0.000044  0.072920 0.186148 -0.052689
69  -0.000080 8.178054 0.000010  -0.087031 -0.422849 -0.381357
70  1.617604 3.431410 2.399266  -0.249454 2.569514 1.508568
71  -0.000159 5.476946 -0.000030  0.057729 0.074071 0.060287
72  -0.000095 6.060490 -0.000005  -0.015205 0.015650 -0.152067
73  0.000030 5.994253 0.000010  -0.126210 -0.157657 0.153303
74  -0.000075 7.076876 -0.000048  -0.008118 0.010384 0.036402
75  0.000000 7.089863 -0.000071  0.070875 0.098587 -0.025893
76  0.361111 0.886680 3.287746  -0.576369 1.978708 0.939011
77  -0.000069 6.686646 0.000219  -0.146568 0.414164 -0.327704
78  -0.000012 7.638020 0.000012  -0.079524 -0.025948 0.130953
79  -0.000029 7.290228 -0.000023  0.025325 -0.093908 0.023965
80  -0.000036 6.530370 0.000004  -0.261847 -0.300601 0.006734
81  0.000060 7.224880 0.000009  0.036505 0.032480 -0.175823
82  1.071901 3.225800 1.570115  -0.043805 2.859975 1.526244
83  0.000418 6.748898 -0.000066  -0.062703 0.083783 0.022203
84  -0.000046 8.002648 0.000026  -0.067497 -0.117209 -0.115600
85  0.000015 8.580565 -0.000097  0.088214 -0.007187 0.334606
86  0.000165 8.689830 -0.000041  0.065326 -0.412430 -0.134518
87  -1.514530 2.104640 0.318056  -0.024895 3.094491 1.569491
88  0.000189 6.982275 0.000012  -0.107588 -0.057625 -0.215715
89  -0.000010 8.382873 -0.000067  0.135030 -0.099914 0.287073
90  -0.000059 8.697674 0.000023  -0.148089 -0.510100 0.044839
91  -0.000132 8.921824 0.000081  -0.236828 -0.892635 0.098804
92  3.553616 -3.478046 2.409277  0.000821 0.762046 1.535304
93  -0.000002 4.476904 -0.000005  -0.151004 -0.588330 0.377259
94  0.000030 4.514126 -0.000022  -0.228868 -2.996199 0.592367
95  0.000044 4.518384 -0.000022  0.143171 2.612777 0.693383
96  0.000022 3.598330 0.000022  -0.749304 0.869851 -0.773233
97  4.209921 -0.440346 1.018823  -1.921322 -2.182295 0.115803
98  4.265509 1.434228 -0.404994  -1.853219 -0.258573 -0.170898
99  9.400229 0.017940 0.083203  0.071573 -0.065626 -1.315749
100  10.242419 0.033590 0.064479  2.200319 -0.162297 -0.500382
101  3.465857 -0.059681 0.016693  -0.021647 0.074231 -0.141728
102  1.655597 -0.000015 0.000020  0.016371 -0.174645 -0.766027
103  0.960767 -0.000003 -0.000006  0.005940 -0.051127 -0.634978
104  3.462029 -0.064249 0.939909  0.316538 -0.083076 -0.059566
105  1.497179 -0.000009 0.000022  -0.469573 -0.136925 -0.336047
106  0.793759 0.000008 -0.000000  -0.020904 0.041301 -0.691882
107  0.591664 -0.460691 0.835207  -0.995818 -0.647760 -0.480677
108  1.556139 0.000004 -0.000004  -0.193336 0.083546 0.354092
109  1.135904 0.000016 0.000005  -0.015650 -0.044515 0.205595
110  3.084269 -0.668826 -1.257083  -0.569871 0.146676 -0.785146
111  1.064201 0.000001 0.000007  -0.066111 0.127865 -1.376125
112  0.640339 0.000004 -0.000010  -0.036463 0.065384 -1.045455
113  3.396821 -0.242141 -0.708689  -0.288667 0.163920 -0.457612
114  1.532969 0.000017 0.000006  0.020034 -0.004965 -1.042701
115  0.832976 -0.000000 -0.000003  0.002881 0.014719 -1.037162
116  4.209942 -0.440344 -1.019280  2.048547 2.147743 0.233778
117  4.266746 1.424934 0.424935  1.823825 -0.124495 -0.619698
118  9.398560 0.011950 -0.082515  -0.011380 0.060391 -0.480759
119  10.242440 0.028177 -0.062905  -1.742606 0.061753 0.382127
120  3.465745 -0.067527 0.002267  -0.234884 0.250441 -1.656734
121  1.655559 0.000010 0.000006  -0.166385 0.184723 -1.179917
122  0.960909 0.000006 -0.000000  -0.019833 0.177302 -0.895414
123  3.466854 -0.077783 -0.920911  -0.487484 0.125398 -1.676228
124  1.497259 -0.000040 -0.000024  -0.592330 0.329163 -1.059632
125  0.793790 -0.000009 -0.000000  -0.239254 0.402944 -0.797494
126  0.595078 -0.467150 -0.829178  2.469318 0.674071 -0.724508
127  1.555676 0.000014 -0.000003  0.636381 0.519454 1.169650
128  1.136813 -0.000010 -0.000002  0.573968 0.457280 1.081664
129  3.075969 -0.667968 1.277700  0.605404 0.216153 -1.347900
130  1.064592 0.000019 0.000009  0.027599 -0.118050 -0.843212
131  0.640360 -0.000016 -0.000001  -0.105420 -0.024583 -0.484381
132  3.392410 -0.245371 0.728374  0.113022 0.335809 -1.800996
133  1.532739 -0.000010 -0.000001  0.007516 0.016509 -0.808543
134  0.833151 0.000011 0.000006  -0.082405 -0.069705 -1.036825
135  3.590113 -3.090298 1.193972  1.635457 1.210566 1.548541
136  3.589561 -3.089883 -1.196373  -1.505736 1.210473 -1.592853
137  -0.436561 4.719024 -0.001076  -0.000709 -1.570733 1.692916
138  0.000001 2.775454 -0.000234  -0.135089 0.000001 -0.000000
139  -0.000000 3.189769 0.000009  0.207820 -0.000000 0.000000
140  -0.000000 3.504652 0.000047  -0.261876 0.000000 -0.000000
141  -0.000001 2.863203 -0.000003  -0.051268 -0.000000 -0.000000
time 56
0  1.671497 2.117262 32.380409  1.570862 0.000000 -0.000000
1  0.002636 43.025146 0.734438  -0.059842 -1.048271 -0.096256
2  3.061858 -4.181018 -0.610803  -1.980036 -0.377812 -0.731017
3  18.476768 0.000158 -0.000001  -0.008599 -0.076131 0.985192
4  17.490084 0.000116 0.000006  -0.222056 0.620552 -1.456568
5  -3.065330 -4.183579 -0.611479  -1.417315 -0.520931 -2.085185
6  18.474852 -0.000033 -0.000005  0.018688 0.089856 1.195018
7  17.489584 0.001917 -0.000009  0.255210 -0.491171 -1.591894
8  -0.000117 -0.048890 -0.576226  1.547676 0.000015 1.565929
9  3.224484 0.767047 0.000496  -0.072067 -0.029906 0.264428
10  3.223917 0.226398 -0.001945  -0.032989 -0.015245 0.239618
11  5.187323 -1.262562 -0.001177  0.000012 0.000066 0.194111
12  6.928409 -1.935314 -0.000229  -2.967361 -0.183269 0.239258
13  3.236361 1.079619 0.000057  0.658958 0.296875 0.328369
14  0.833755 3.805344 0.692956  -0.040492 0.554885 1.469865
15  0.000043 6.792204 0.000038  0.007991 0.036071 -0.011407
16  -0.000067 7.744817 0.000015  -0.017443 -0.155305 0.068153
17  0.000073 7.809704 0.000020  -0.033637 0.005026 0.006142
18  -0.000025 7.867671 0.000017  -0.073329 -0.127910 0.026375
19  3.494698 -1.749103 -3.006912  0.152547 2.070419 1.936938
20  0.000119 4.478320 0.000022  -0.194659 0.310431 -0.234996
21  0.000047 4.636117 -0.000029  0.035819 0.324592 -0.151767
22  -0.000042 5.008664 0.000011  0.076000 -0.286565 0.276091
23  0.000064 4.781161 0.000008  0.904405 -2.690904 -0.015801
24  2.253041 1.989053 -3.350106  -1.523632 1.324495 0.112393
25  0.000160 6.589461 0.000168  0.206356 -0.002128 -0.080395
26  0.000041 7.491411 0.000041  -0.333516 0.184455 -0.191163
27  0.000029 7.660303 -0.000057  -0.063173 0.127194 -0.062119
28  0.000009 7.256275 0.000021  -0.052939 -0.487829 0.313813
29  -0.791166 2.265108 -1.234655  -0.753899 1.136376 0.824664
30  -0.000255 8.572263 -0.000091  -0.222844 -0.296789 0.176505
31  -0.000092 8.117208 0.000049  0.072258 0.772520 -0.285587
32  -0.000086 8.230034 -0.000063  -0.080496 -0.347232 0.072252
33  0.000058 7.366724 0.000056  -0.015392 -0.663893 0.062743
34  0.224217 0.240122 -3.218158  -0.877381 1.468889 0.577821
35  -0.000102 7.721055 -0.000307  -0.283829 0.060495 -0.167556
36  -0.000029 7.374853 -0.000001  0.007537 -0.195020 0.049539
37  0.000076 6.848103 0.000007  0.005484 0.006497 -0.033649
38  -0.000051 7.777870 0.000005  -0.186096 0.182474 -0.152847
39  -1.514469 2.104644 -1.150167  -0.029093 0.541320 1.555671
40  -0.000165 6.982349 -0.000074  -0.199699 -0.041214 0.153490
41  0.000037 8.382864 -0.000071  0.044867 0.587987 -0.257958
42  0.000015 8.697702 -0.000030  -0.102637 -0.474319 0.290942
43  0.000057 8.921807 -0.000004  -0.076257 0.581004 -0.195602
44  1.196195 2.899152 -2.353086  -0.449719 1.030105 1.287423
45  0.000107 5.476950 0.000005  0.285574 -0.099353 -0.038446
46  -0.000071 6.060436 -0.000090  -0.155020 -0.575032 0.384609
47  0.000019 5.994258 0.000032  0.033940 0.288575 -0.067730
48  -0.000007 6.100485 0.000002  -0.068407 0.299273 -0.162152
49  0.000031 6.916760 0.000008  -0.096318 0.220533 -0.107966
50  0.000149 6.435059 -0.000043  -0.037456 0.171630 -0.116573
51  1.092798 3.649510 -1.738794  -0.148600 0.876612 1.445020
52  -0.000127 6.792201 -0.000105  0.008284 0.107792 -0.048643
53  -0.000089 7.744781 -0.000034  0.057137 -0.256893 0.015458
54  0.000082 9.115025 -0.000036  -0.020393 0.256253 -0.142636
55  3.494519 -1.749105 3.007064  0.118400 1.106974 1.813803
56  0.000016 4.323842 0.000089  -0.229908 -0.770943 0.449224
57  0.000029 4.872896 -0.000020  0.367245 -0.664051 -0.254033
58  0.000007 5.056648 0.000093  -0.511237 0.856585 -0.546326
59  2.292464 1.708608 3.661675  -1.762560 1.789109 -0.218979
60  -0.000173 6.589444 0.000275  -0.007132 -0.169123 0.176911
61  0.000175 7.491499 -0.000151  -0.132413 -0.107097 0.179327
62  -0.000139 8.249660 0.000143  0.041912 -0.058209 0.015813
63  0.000073 8.605240 -0.000025  0.101585 0.501824 -0.079696
64  -0.240489 2.066064 2.349267  -0.357331 2.461714 1.296076
65  -0.000083 7.721104 -0.000005  -0.208231 -0.126223 -0.116492
66  -0.000120 7.374859 -0.000045  -0.111017 0.046940 -0.046466
67  -0.000036 6.848064 -0.000026  0.273533 0.247522 0.299909
68  0.000036 7.777825 -0.000043  0.072921 0.186148 -0.052689
69  -0.000085 8.178054 0.000012  -0.087031 -0.422849 -0.381357
70  1.617602 3.431406 2.399266  -0.249454 2.569514 1.508568
71  -0.000156 5.476948 -0.000029  0.057729 0.074071 0.060287
72  -0.000089 6.060502 -0.000005  -0.015205 0.015650 -0.152066
73  0.000027 5.994250 0.000011  -0.126210 -0.157657 0.153303
74  -0.000081 7.076872 -0.000047  -0.008118 0.010384 0.036402
75  0.000010 7.089868 -0.000069  0.070875 0.098587 -0.025893
76  0.361111 0.886675 3.287746  -0.576369 1.978708 0.939011
77  -0.000068 6.686641 0.000223  -0.146568 0.414164 -0.327704
78  -0.000013 7.638021 0.000013  -0.079524 -0.025948 0.130953
79  -0.000031 7.290227 -0.000021  0.025325 -0.093908 0.023965
80  -0.000033 6.530364 0.000003  -0.261847 -0.300601 0.006734
81  0.000063 7.224882 0.000009  0.036505 0.032481 -0.175823
82  1.071892 3.225791 1.570115  -0.043805 2.859975 1.526244
83  0.000409 6.748899 -0.000066  -0.062703 0.083783 0.022203
84  -0.000047 8.002642 0.000027  -0.067497 -0.117209 -0.115600
85  0.000014 8.580580 -0.000098  0.088214 -0.007187 0.334606
86  0.000165 8.689828 -0.000041  0.065326 -0.412430 -0.134518
87  -1.514536 2.104635 0.318056  -0.024895 3.094491 1.569491
88  0.000195 6.982281 0.000011  -0.107588 -0.057625 -0.215715
89  -0.000010 8.382872 -0.000068  0.135030 -0.099914 0.287073
90  -0.000060 8.697672 0.000023  -0.148089 -0.510100 0.044839
91  -0.000138 8.921820 0.000078  -0.236828 -0.892635 0.098804
92  3.553615 -3.478048 2.409277  0.000821 0.762046 1.535304
93  0.000003 4.476900 -0.000004  -0.151004 -0.588330 0.377259
94  0.000027 4.514129 -0.000025  -0.228868 -2.996200 0.592367
95  0.000045 4.518385 -0.000020  0.143171 2.612777 0.693383
96  0.000021 3.598330 0.000023  -0.749303 0.869851 -0.773233
97  4.209915 -0.440345 1.018822  -1.940576 -2.190058 0.130972
98  4.265509 1.434231 -0.404993  -1.859479 -0.241520 -0.168130
99  9.400232 0.017941 0.083201  0.069574 -0.066245 -1.288113
100  10.242422 0.033587 0.064482  2.204557 -0.155310 -0.506278
101  3.465855 -0.059679 0.016695  -0.021266 0.078915 -0.116946
102  1.655597 -0.000022 0.000022  0.017949 -0.176471 -0.775831
103  0.960767 0.000000 -0.000006  0.005957 -0.052367 -0.643025
104  3.462028 -0.064246 0.939908  0.316569 -0.080892 -0.044369
105  1.497180 -0.000009 0.000019  -0.469227 -0.137200 -0.336896
106  0.793759 0.000004 -0.000000  -0.021065 0.041453 -0.694729
107  0.591662 -0.460693 0.835206  -0.996491 -0.648851 -0.480512
108  1.556139 0.000002 -0.000004  -0.192725 0.083244 0.353589
109  1.135904 0.000019 0.000010  -0.015877 -0.044221 0.206623
110  3.084268 -0.668822 -1.257085  -0.569885 0.147939 -0.781404
111  1.064199 -0.000006 0.000005  -0.067840 0.128225 -1.393414
112  0.640339 0.000001 -0.000008  -0.037259 0.068245 -1.060988
113  3.396822 -0.242137 -0.708689  -0.287082 0.168178 -0.442136
114  1.532969 0.000006 0.000006  0.020471 -0.004663 -1.049206
115  0.832969 -0.000005 -0.000002  0.003163 0.016859 -1.044608
116  4.209942 -0.440345 -1.019281  2.046771 2.146147 0.232522
117  4.266744 1.424940 0.424940  1.818173 -0.124878 -0.614022
118  9.398567 0.011950 -0.082517  -0.013397 0.061554 -0.510769
119  10.242435 0.028176 -0.062908  -1.757631 0.066768 0.391015
120  3.465748 -0.067528 0.002267  -0.235031 0.250390 -1.657324
121  1.655556 0.000004 0.000006  -0.166299 0.184701 -1.179390
122  0.960908 0.000003 0.000000  -0.019665 0.177233 -0.894719
123  3.466853 -0.077780 -0.920910  -0.487544 0.125347 -1.676399
124  1.497258 -0.000034 -0.000023  -0.592753 0.329421 -1.060946
125  0.793790 -0.000006 -0.000001  -0.239969 0.403614 -0.798698
126  0.595076 -0.467149 -0.829176  2.469320 0.674078 -0.724533
127  1.555675 0.000017 -0.000004  0.636332 0.519426 1.169568
128  1.136815 -0.000009 -0.000000  0.573593 0.457159 1.081255
129  3.075973 -0.667968 1.277701  0.605409 0.216026 -1.347765
130  1.064595 0.000021 0.000010  0.027677 -0.118100 -0.844071
131  0.640360 -0.000016 -0.000002  -0.105556 -0.024621 -0.485341
132  3.392410 -0.245368 0.728376  0.112410 0.336257 -1.802706
133  1.532740 -0.000003 -0.000002  0.007520 0.016505 -0.808343
134  0.833150 0.000010 0.000005  -0.082410 -0.069698 -1.036622
135  3.590109 -3.090296 1.193973  1.635457 1.210566 1.548541
136  3.589559 -3.089880 -1.196372  -1.505736 1.210473 -1.592853
137  -0.436559 4.719024 -0.001075  -0.000827 -1.570733 1.693297
138  -0.000001 2.775457 -0.000237  -0.135089 0.000001 -0.000000
139  0.000000 3.189774 0.000008  0.207820 -0.000000 0.000000
140  0.000001 3.504654 0.000047  -0.261876 0.000000 -0.000000
141  0.000000 2.863200 -0.000002  -0.051268 0.000000 -0.000000
time 57
0  1.687230 2.273600 32.368553  1.570862 0.000000 -0.000000
1  0.002636 43.025146 0.734438  -0.063724 -1.062455 -0.093961
2  3.061857 -4.181010 -0.610803  -1.977739 -0.365417 -0.730637
3  18.476772 0.000158 0.000000  -0.008229 -0.075498 0.976230
4  17.490086 0.000117 0.000008  -0.231305 0.613761 -1.452780
5  -3.065329 -4.183576 -0.611479  -1.415273 -0.533151 -2.083307
6  18.474857 -0.000030 -0.000008  0.019076 0.090276 1.202026
7  17.489582 0.001917 -0.000008  0.241781 -0.500344 -1.585713
8  -0.000117 -0.048879 -0.576225  1.541767 -0.002882 1.561942
9  3.224478 0.767046 0.000496  -0.074322 -0.028826 0.266569
10  3.223908 0.226399 -0.001944  -0.037140 -0.014947 0.238975
11  5.187316 -1.262560 -0.001177  0.000012 0.000066 0.194111
12  6.928401 -1.935313 -0.000226  -2.962482 -0.187395 0.235861
13  3.236365 1.079610 0.000058  0.683882 0.305341 0.326535
14  0.833757 3.805352 0.692956  -0.040492 0.554884 1.469865
15  0.000041 6.792212 0.000038  0.007991 0.036071 -0.011407
16  -0.000067 7.744814 0.000017  -0.017443 -0.155305 0.068153
17  0.000072 7.809707 0.000014  -0.033637 0.005026 0.006142
18  -0.000023 7.867676 0.000017  -0.073329 -0.127910 0.026375
19  3.494699 -1.749091 -3.006912  0.152547 2.070419 1.936938
20  0.000119 4.478323 0.000017  -0.194659 0.310431 -0.234996
21  0.000047 4.636119 -0.000030  0.035820 0.324592 -0.151767
22  -0.000042 5.008653 0.000013  0.076000 -0.286565 0.276091
23  0.000063 4.781157 0.000011  0.904405 -2.690904 -0.015801
24  2.253039 1.989058 -3.350106  -1.523632 1.324495 0.112393
25  0.000159 6.589467 0.000171  0.206356 -0.002128 -0.080395
26  0.000045 7.491411 0.000043  -0.333516 0.184455 -0.191163
27  0.000025 7.660306 -0.000056  -0.063173 0.127194 -0.062119
28  0.000005 7.256270 0.000016  -0.052939 -0.487829 0.313813
29  -0.791160 2.265120 -1.234655  -0.753899 1.136376 0.824664
30  -0.000255 8.572255 -0.000090  -0.222844 -0.296789 0.176505
31  -0.000093 8.117212 0.000048  0.072258 0.772520 -0.285587
32  -0.000081 8.230032 -0.000074  -0.080495 -0.347232 0.072252
33  0.000058 7.366721 0.000055  -0.015392 -0.663893 0.062743
34  0.224218 0.240130 -3.218157  -0.877381 1.468889 0.577820
35  -0.000101 7.721056 -0.000311  -0.283829 0.060495 -0.167556
36  -0.000030 7.374851 -0.000001  0.007537 -0.195020 0.049539
37  0.000073 6.848102 0.000005  0.005484 0.006497 -0.033649
38  -0.000049 7.777862 0.000007  -0.186096 0.182474 -0.152847
39  -1.514468 2.104651 -1.150167  -0.029093 0.541320 1.555671
40  -0.000170 6.982346 -0.000079  -0.199699 -0.041214 0.153490
41  0.000039 8.382857 -0.000073  0.044867 0.587987 -0.257958
42  0.000012 8.697701 -0.000025  -0.102637 -0.474319 0.290942
43  0.000057 8.921803 0.000000  -0.076257 0.581004 -0.195602
44  1.196193 2.899157 -2.353086  -0.449719 1.030105 1.287423
45  0.000106 5.476951 0.000008  0.285574 -0.099353 -0.038446
46  -0.000073 6.060435 -0.000088  -0.155020 -0.575032 0.384609
47  0.000020 5.994255 0.000029  0.033940 0.288575 -0.067730
48  -0.000010 6.100488 0.000001  -0.068407 0.299273 -0.162152
49  0.000036 6.916760 0.000007  -0.096318 0.220533 -0.107966
50  0.000147 6.435059 -0.000043  -0.037456 0.171630 -0.116573
51  1.092797 3.649515 -1.738794  -0.148600 0.876612 1.445020
52  -0.000131 6.792206 -0.000105  0.008284 0.107792 -0.048643
53  -0.000088 7.744773 -0.000027  0.057137 -0.256893 0.015458
54  0.000087 9.115021 -0.000038  -0.020393 0.256253 -0.142636
55  3.494516 -1.749101 3.007063  0.118400 1.106974 1.813803
56  0.000013 4.323837 0.000087  -0.229908 -0.770943 0.449224
57  0.000029 4.872895 -0.000022  0.367245 -0.664052 -0.254033
58  0.000002 5.056648 0.000096  -0.511237 0.856585 -0.546325
59  2.292461 1.708613 3.661675  -1.762560 1.789109 -0.218979
60  -0.000173 6.589441 0.000275  -0.007132 -0.169123 0.176911
61  0.000174 7.491495 -0.000156  -0.132413 -0.107097 0.179327
62  -0.000139 8.249655 0.000146  0.041912 -0.058209 0.015813
63  0.000072 8.605232 -0.000030  0.101585 0.501824 -0.079696
64  -0.240485 2.066073 2.349267  -0.357331 2.461714 1.296076
65  -0.000089 7.721103 -0.000003  -0.208231 -0.126223 -0.116492
66  -0.000122 7.374872 -0.000047  -0.111017 0.046939 -0.046466
67  -0.000036 6.848062 -0.000026  0.273533 0.247522 0.299909
68  0.000035 7.777826 -0.000043  0.072921 0.186148 -0.052689
69  -0.000082 8.178052 0.000011  -0.087031 -0.422849 -0.381357
70  1.617607 3.431413 2.399265  -0.249454 2.569514 1.508568
71  -0.000162 5.476946 -0.000028  0.057729 0.074071 0.060287
72  -0.000094 6.060497 -0.000006  -0.015205 0.015650 -0.152067
73  0.000025 5.994249 0.000010  -0.126210 -0.157657 0.153303
74  -0.000083 7.076872 -0.000050  -0.008118 0.010384 0.036402
75  0.000002 7.089866 -0.000071  0.070875 0.098587 -0.025893
76  0.361110 0.886685 3.287746  -0.576369 1.978708 0.939011
77  -0.000067 6.686646 0.000219  -0.146568 0.414164 -0.327704
78  -0.000011 7.638017 0.000012  -0.079523 -0.025948 0.130953
79  -0.000033 7.290222 -0.000020  0.025325 -0.093908 0.023965
80  -0.000035 6.530370 0.000005  -0.261847 -0.300601 0.006734
81  0.000062 7.224881 0.000012  0.036505 0.032481 -0.175823
82  1.071894 3.225795 1.570115  -0.043805 2.859975 1.526244
83  0.000412 6.748894 -0.000067  -0.062703 0.083783 0.022203
84  -0.000045 8.002650 0.000026  -0.067497 -0.117209 -0.115600
85  0.000013 8.580575 -0.000098  0.088214 -0.007187 0.334606
86  0.000166 8.689829 -0.000041  0.065326 -0.412430 -0.134518
87  -1.514533 2.104644 0.318056  -0.024895 3.094491 1.569491
88  0.000192 6.982280 0.000012  -0.107588 -0.057625 -0.215715
89  -0.000007 8.382870 -0.000068  0.135030 -0.099914 0.287073
90  -0.000057 8.697672 0.000023  -0.148089 -0.510100 0.044838
91  -0.000136 8.921820 0.000078  -0.236828 -0.892635 0.098804
92  3.553614 -3.478042 2.409277  0.000821 0.762046 1.535304
93  0.000001 4.476899 -0.000007  -0.151004 -0.588330 0.377259
94  0.000033 4.514118 -0.000024  -0.228868 -2.996200 0.592367
95  0.000044 4.518385 -0.000024  0.143171 2.612777 0.693383
96  0.000025 3.598326 0.000026  -0.749303 0.869851 -0.773233
97  4.209912 -0.440343 1.018825  -1.959652 -2.197953 0.145900
98  4.265505 1.434228 -0.404991  -1.867255 -0.221873 -0.167895
99  9.400232 0.017940 0.083206  0.068035 -0.066681 -1.266983
100  10.242421 0.033591 0.064485  2.208513 -0.149387 -0.511971
101  3.465856 -0.059683 0.016694  -0.020796 0.084217 -0.089073
102  1.655594 -0.000022 0.000021  0.019502 -0.178133 -0.785207
103  0.960764 -0.000002 -0.000007  0.005946 -0.053543 -0.650699
104  3.462028 -0.064249 0.939912  0.316587 -0.078891 -0.030315
105  1.497179 -0.000010 0.000026  -0.468742 -0.137724 -0.338263
106  0.793759 0.000004 -0.000002  -0.021176 0.041605 -0.698023
107  0.591663 -0.460695 0.835208  -0.997068 -0.649906 -0.480194
108  1.556140 0.000005 -0.000002  -0.192235 0.082964 0.353081
109  1.135904 0.000017 0.000006  -0.016099 -0.044128 0.207007
110  3.084268 -0.668822 -1.257082  -0.570807 0.151775 -0.773773
111  1.064203 0.000001 0.000004  -0.068814 0.128582 -1.403186
112  0.640336 0.000003 -0.000007  -0.037833 0.071427 -1.068291
113  3.396822 -0.242143 -0.708688  -0.285519 0.172559 -0.426511
114  1.532968 0.000009 0.000005  0.020819 -0.004196 -1.050624
115  0.832977 -0.000003 -0.000002  0.003222 0.019599 -1.046747
116  4.209933 -0.440341 -1.019278  2.044652 2.144488 0.230942
117  4.266746 1.424942 0.424938  1.813101 -0.124327 -0.607721
118  9.398568 0.011949 -0.082509  -0.015303 0.062581 -0.538679
119  10.242438 0.028176 -0.062908  -1.771407 0.072212 0.398430
120  3.465747 -0.067522 0.002267  -0.235170 0.250385 -1.658081
121  1.655556 0.000004 0.000005  -0.166225 0.184682 -1.178939
122  0.960906 0.000008 0.000000  -0.019585 0.177163 -0.894235
123  3.466855 -0.077779 -0.920911  -0.487240 0.125902 -1.673789
124  1.497261 -0.000033 -0.000023  -0.592281 0.329133 -1.059477
125  0.793788 -0.000004 -0.000003  -0.239182 0.402877 -0.797374
126  0.595077 -0.467148 -0.829177  2.469285 0.674113 -0.724620
127  1.555681 0.000014 -0.000005  0.636172 0.519349 1.169373
128  1.136814 -0.000009 -0.000005  0.575135 0.457602 1.082879
129  3.075971 -0.667963 1.277701  0.605464 0.215702 -1.347437
130  1.064595 0.000020 0.000009  0.027809 -0.118184 -0.845524
131  0.640363 -0.000019 -0.000005  -0.105684 -0.024742 -0.486932
132  3.392413 -0.245367 0.728374  0.111869 0.336660 -1.804321
133  1.532737 -0.000007 -0.000001  0.007518 0.016506 -0.808410
134  0.833152 0.000007 0.000005  -0.082407 -0.069699 -1.036622
135  3.590106 -3.090294 1.193972  1.635457 1.210566 1.548541
136  3.589558 -3.089880 -1.196373  -1.505736 1.210473 -1.592853
137  -0.436565 4.719027 -0.001076  -0.000354 -1.570733 1.693034
138  -0.000000 2.775455 -0.000235  -0.135089 0.000001 -0.000000
139  -0.000000 3.189767 0.000008  0.207820 -0.000000 0.000000
140  -0.000000 3.504653 0.000046  -0.261876 0.000000 -0.000000
141  -0.000000 2.863198 -0.000003  -0.051268 0.000000 0.000000
time 58
0  1.702805 2.414898 32.380444  1.570862 0.000000 -0.000000
1  0.002636 43.025146 0.734438  -0.068435 -1.075527 -0.090811
2  3.061857 -4.181012 -0.610804  -1.975419 -0.352477 -0.731898
3  18.476776 0.000158 -0.000000  -0.007797 -0.074742 0.965584
4  17.490084 0.000116 0.000006  -0.239462 0.606926 -1.447423
5  -3.065330 -4.183573 -0.611480  -1.413702 -0.543231 -2.081457
6  18.474854 -0.000033 -0.000008  0.019313 0.090529 1.206267
7  17.489580 0.001915 -0.000006  0.228564 -0.508573 -1.578480
8  -0.000117 -0.048880 -0.576226  1.535801 -0.005607 1.558760
9  3.224481 0.767047 0.000496  -0.076942 -0.027791 0.268654
10  3.223908 0.226399 -0.001944  -0.041423 -0.014688 0.238517
11  5.187318 -1.262559 -0.001176  0.000012 0.000066 0.194111
12  6.928411 -1.935311 -0.000227  -2.957895 -0.194135 0.233431
13  3.236366 1.079616 0.000057  0.708188 0.319523 0.321633
14  0.833762 3.805354 0.692955  -0.040492 0.554884 1.469865
15  0.000041 6.792208 0.000042  0.007991 0.036071 -0.011407
16  -0.000070 7.744820 0.000016  -0.017442 -0.155305 0.068153
17  0.000074 7.809708 0.000020  -0.033637 0.005026 0.006142
18  -0.000025 7.867676 0.000016  -0.073329 -0.127910 0.026375
19  3.494703 -1.749092 -3.006912  0.152547 2.070419 1.936938
20  0.000118 4.478314 0.000017  -0.194659 0.310431 -0.234996
21  0.000047 4.636121 -0.000029  0.035820 0.324592 -0.151767
22  -0.000041 5.008653 0.000014  0.076000 -0.286565 0.276091
23  0.000065 4.781166 0.000012  0.904405 -2.690904 -0.015801
24  2.253042 1.989059 -3.350107  -1.523632 1.324495 0.112393
25  0.000160 6.589460 0.000171  0.206356 -0.002128 -0.080395
26  0.000045 7.491409 0.000041  -0.333516 0.184455 -0.191163
27  0.000025 7.660304 -0.000058  -0.063173 0.127194 -0.062119
28  0.000007 7.256270 0.000020  -0.052939 -0.487829 0.313813
29  -0.791152 2.265124 -1.234656  -0.753899 1.136376 0.824664
30  -0.000254 8.572257 -0.000093  -0.222844 -0.296789 0.176505
31  -0.000095 8.117211 0.000049  0.072258 0.772520 -0.285587
32  -0.000083 8.230035 -0.000070  -0.080496 -0.347232 0.072252
33  0.000058 7.366723 0.000055  -0.015393 -0.663893 0.062743
34  0.224218 0.240130 -3.218158  -0.877380 1.468889 0.577820
35  -0.000103 7.721053 -0.000305  -0.283829 0.060495 -0.167556
36  -0.000028 7.374853 -0.000002  0.007537 -0.195020 0.049539
37  0.000074 6.848107 0.000006  0.005484 0.006497 -0.033649
38  -0.000048 7.777862 0.000010  -0.186096 0.182474 -0.152847
39  -1.514467 2.104649 -1.150167  -0.029093 0.541320 1.555671
40  -0.000168 6.982345 -0.000077  -0.199699 -0.041214 0.153490
41  0.000039 8.382857 -0.000073  0.044867 0.587987 -0.257958
42  0.000016 8.697698 -0.000025  -0.102637 -0.474319 0.290942
43  0.000056 8.921802 -0.000004  -0.076257 0.581004 -0.195602
44  1.196196 2.899158 -2.353086  -0.449719 1.030105 1.287423
45  0.000106 5.476946 0.000007  0.285574 -0.099353 -0.038446
46  -0.000075 6.060439 -0.000085  -0.155020 -0.575032 0.384609
47  0.000020 5.994260 0.000031  0.033940 0.288575 -0.067730
48  -0.000005 6.100492 0.000001  -0.068407 0.299273 -0.162152
49  0.000034 6.916761 0.000010  -0.096318 0.220533 -0.107966
50  0.000149 6.435055 -0.000046  -0.037456 0.171630 -0.116573
51  1.092798 3.649516 -1.738794  -0.148600 0.876612 1.445020
52  -0.000128 6.792206 -0.000102  0.008284 0.107792 -0.048643
53  -0.000087 7.744776 -0.000031  0.057137 -0.256893 0.015458
54  0.000082 9.115021 -0.000039  -0.020393 0.256253 -0.142636
55  3.494519 -1.749099 3.007064  0.118400 1.106974 1.813803
56  0.000014 4.323842 0.000084  -0.229908 -0.770943 0.449224
57  0.000028 4.872904 -0.000019  0.367245 -0.664052 -0.254033
58  0.000006 5.056654 0.000091  -0.511237 0.856585 -0.546325
59  2.292468 1.708617 3.661675  -1.762560 1.789109 -0.218979
60  -0.000171 6.589440 0.000282  -0.007132 -0.169123 0.176911
61  0.000173 7.491493 -0.000147  -0.132413 -0.107097 0.179327
62  -0.000138 8.249664 0.000139  0.041913 -0.058209 0.015813
63  0.000073 8.605236 -0.000022  0.101585 0.501824 -0.079696
64  -0.240485 2.066071 2.349267  -0.357331 2.461714 1.296076
65  -0.000088 7.721104 -0.000006  -0.208231 -0.126223 -0.116492
66  -0.000123 7.374866 -0.000047  -0.111017 0.046939 -0.046466
67  -0.000033 6.848058 -0.000026  0.273533 0.247522 0.299909
68  0.000034 7.777823 -0.000043  0.072921 0.186148 -0.052689
69  -0.000086 8.178056 0.000010  -0.087031 -0.422849 -0.381357
70  1.617604 3.431407 2.399266  -0.249454 2.569514 1.508568
71  -0.000160 5.476951 -0.000029  0.057729 0.074071 0.060287
72  -0.000089 6.060496 -0.000004  -0.015205 0.015650 -0.152067
73  0.000026 5.994244 0.000011  -0.126210 -0.157657 0.153303
74  -0.000078 7.076870 -0.000045  -0.008118 0.010384 0.036402
75  0.000000 7.089870 -0.000070  0.070875 0.098587 -0.025893
76  0.361114 0.886687 3.287746  -0.576369 1.978708 0.939011
77  -0.000067 6.686639 0.000231  -0.146568 0.414164 -0.327704
78  -0.000013 7.638014 0.000010  -0.079524 -0.025948 0.130953
79  -0.000033 7.290228 -0.000024  0.025325 -0.093908 0.023965
80  -0.000030 6.530363 0.000007  -0.261847 -0.300601 0.006734
81  0.000063 7.224880 0.000008  0.036505 0.032480 -0.175823
82  1.071898 3.225798 1.570115  -0.043805 2.859975 1.526244
83  0.000411 6.748900 -0.000067  -0.062703 0.083783 0.022203
84  -0.000045 8.002646 0.000026  -0.067497 -0.117209 -0.115600
85  0.000013 8.580573 -0.000097  0.088214 -0.007187 0.334606
86  0.000168 8.689831 -0.000041  0.065326 -0.412430 -0.134518
87  -1.514527 2.104646 0.318055  -0.024895 3.094491 1.569491
88  0.000187 6.982281 0.000011  -0.107588 -0.057625 -0.215715
89  -0.000008 8.382869 -0.000068  0.135030 -0.099914 0.287073
90  -0.000058 8.697674 0.000023  -0.148089 -0.510100 0.044839
91  -0.000136 8.921824 0.000080  -0.236828 -0.892635 0.098804
92  3.553622 -3.478041 2.409277  0.000821 0.762046 1.535304
93  0.000002 4.476896 -0.000008  -0.151004 -0.588330 0.377259
94  0.000031 4.514125 -0.000023  -0.228868 -2.996200 0.592367
95  0.000044 4.518377 -0.000020  0.143171 2.612777 0.693383
96  0.000022 3.598324 0.000025  -0.749304 0.869851 -0.773233
97  4.209923 -0.440345 1.018824  -1.978020 -2.205729 0.160229
98  4.265502 1.434233 -0.404991  -1.876247 -0.200239 -0.169966
99  9.400241 0.017940 0.083201  0.067048 -0.066942 -1.253499
100  10.242418 0.033591 0.064482  2.212342 -0.144584 -0.517868
101  3.465855 -0.059681 0.016695  -0.020079 0.089881 -0.060100
102  1.655594 -0.000015 0.000021  0.020948 -0.179768 -0.793926
103  0.960769 -0.000007 -0.000009  0.006045 -0.054658 -0.657993
104  3.462029 -0.064247 0.939909  0.316648 -0.077098 -0.017713
105  1.497176 -0.000005 0.000022  -0.468319 -0.138422 -0.340175
106  0.793760 0.000005 -0.000001  -0.021392 0.041816 -0.701694
107  0.591663 -0.460695 0.835206  -0.997567 -0.650798 -0.479845
108  1.556140 0.000001 -0.000004  -0.191804 0.082696 0.352570
109  1.135905 0.000021 -0.000001  -0.016355 -0.044157 0.206985
110  3.084271 -0.668821 -1.257085  -0.572299 0.157303 -0.763626
111  1.064204 -0.000002 0.000004  -0.069216 0.128896 -1.407151
112  0.640336 0.000005 -0.000008  -0.038261 0.074778 -1.069441
113  3.396824 -0.242137 -0.708688  -0.284070 0.176765 -0.411494
114  1.532967 0.000010 0.000007  0.021225 -0.003638 -1.048571
115  0.832976 -0.000005 -0.000002  0.003251 0.022646 -1.045182
116  4.209945 -0.440341 -1.019279  2.042470 2.142895 0.229320
117  4.266745 1.424938 0.424935  1.809050 -0.122737 -0.600775
118  9.398562 0.011951 -0.082514  -0.017009 0.063443 -0.563318
119  10.242441 0.028177 -0.062909  -1.783888 0.077969 0.403703
120  3.465748 -0.067523 0.002268  -0.235474 0.250369 -1.659268
121  1.655559 0.000003 0.000005  -0.166187 0.184673 -1.178713
122  0.960908 0.000001 -0.000001  -0.019508 0.177071 -0.893965
123  3.466853 -0.077779 -0.920910  -0.486901 0.126659 -1.670011
124  1.497261 -0.000032 -0.000022  -0.591155 0.328475 -1.056241
125  0.793789 -0.000008 0.000001  -0.237492 0.401204 -0.794435
126  0.595077 -0.467149 -0.829176  2.469251 0.674148 -0.724707
127  1.555677 0.000015 -0.000004  0.636013 0.519271 1.169178
128  1.136812 -0.000006 -0.000003  0.578479 0.458599 1.086260
129  3.075973 -0.667964 1.277701  0.605525 0.215483 -1.347165
130  1.064588 0.000020 0.000010  0.027957 -0.118240 -0.847443
131  0.640360 -0.000014 -0.000005  -0.105821 -0.024863 -0.488975
132  3.392410 -0.245366 0.728377  0.111297 0.337092 -1.805848
133  1.532738 -0.000005 -0.000003  0.007514 0.016512 -0.808676
134  0.833150 0.000006 0.000005  -0.082450 -0.069748 -1.036957
135  3.590104 -3.090294 1.193973  1.635457 1.210566 1.548541
136  3.589555 -3.089881 -1.196372  -1.505736 1.210473 -1.592853
137  -0.436561 4.719025 -0.001076  -0.000709 -1.570733 1.693254
138  -0.000001 2.775449 -0.000236  -0.135089 0.000001 -0.000000
139  0.000000 3.189766 0.000009  0.207820 -0.000000 0.000000
140  -0.000000 3.504647 0.000048  -0.261876 0.000000 -0.000000
141  0.000000 2.863201 -0.000003  -0.051268 0.000000 -0.000000
time 59
0  1.719766 2.537060 32.415977  1.570862 0.000000 -0.000000
1  0.002636 43.025146 0.734438  -0.074172 -1.087687 -0.086691
2  3.061857 -4.181015 -0.610803  -1.973213 -0.339170 -0.734317
3  18.476772 0.000155 0.000001  -0.007317 -0.073882 0.953541
4  17.490089 0.000117 0.000003  -0.246267 0.600169 -1.440644
5  -3.065330 -4.183578 -0.611479  -1.412655 -0.550938 -2.079695
6  18.474854 -0.000037 -0.000005  0.019391 0.090611 1.207658
7  17.489586 0.001917 -0.000006  0.215976 -0.515934 -1.570369
8  -0.000117 -0.048883 -0.576225  1.529842 -0.008216 1.556327
9  3.224482 0.767047 0.000496  -0.079923 -0.026676 0.270678
10  3.223913 0.226399 -0.001945  -0.045767 -0.014419 0.238181
11  5.187324 -1.262562 -0.001178  0.000012 0.000066 0.194111
12  6.928412 -1.935313 -0.000228  -2.953669 -0.201070 0.231298
13  3.236367 1.079609 0.000054  0.731517 0.335262 0.315994
14  0.833759 3.805351 0.692956  -0.040492 0.554885 1.469865
15  0.000041 6.792202 0.000041  0.007991 0.036071 -0.011407
16  -0.000067 7.744823 0.000014  -0.017442 -0.155305 0.068153
17  0.000072 7.809707 0.000016  -0.033637 0.005026 0.006142
18  -0.000025 7.867667 0.000018  -0.073329 -0.127910 0.026375
19  3.494696 -1.749095 -3.006912  0.152547 2.070419 1.936938
20  0.000121 4.478322 0.000018  -0.194659 0.310431 -0.234996
21  0.000048 4.636115 -0.000028  0.035819 0.324592 -0.151767
22  -0.000042 5.008653 0.000012  0.076000 -0.286565 0.276091
23  0.000066 4.781165 0.000007  0.904405 -2.690904 -0.015801
24  2.253037 1.989054 -3.350106  -1.523632 1.324495 0.112393
25  0.000161 6.589458 0.000172  0.206356 -0.002128 -0.080395
26  0.000042 7.491406 0.000042  -0.333516 0.184455 -0.191163
27  0.000027 7.660307 -0.000057  -0.063173 0.127195 -0.062119
28  0.000006 7.256269 0.000020  -0.052939 -0.487829 0.313813
29  -0.791158 2.265120 -1.234655  -0.753899 1.136376 0.824664
30  -0.000260 8.572266 -0.000097  -0.222844 -0.296789 0.176505
31  -0.000094 8.117214 0.000048  0.072258 0.772520 -0.285587
32  -0.000083 8.230031 -0.000073  -0.080496 -0.347232 0.072252
33  0.000056 7.366725 0.000055  -0.015392 -0.663893 0.062743
34  0.224213 0.240125 -3.218157  -0.877381 1.468889 0.577820
35  -0.000102 7.721047 -0.000310  -0.283829 0.060495 -0.167556
36  -0.000030 7.374857 -0.000003  0.007537 -0.195020 0.049539
37  0.000077 6.848104 0.000008  0.005484 0.006497 -0.033649
38  -0.000051 7.777866 0.000006  -0.186097 0.182474 -0.152847
39  -1.514474 2.104641 -1.150167  -0.029093 0.541320 1.555671
40  -0.000165 6.982346 -0.000080  -0.199699 -0.041214 0.153490
41  0.000036 8.382862 -0.000074  0.044867 0.587987 -0.257958
42  0.000014 8.697703 -0.000026  -0.102637 -0.474319 0.290942
43  0.000058 8.921806 -0.000004  -0.076257 0.581004 -0.195602
44  1.196192 2.899155 -2.353086  -0.449719 1.030105 1.287423
45  0.000108 5.476937 0.000005  0.285574 -0.099353 -0.038446
46  -0.000072 6.060443 -0.000088  -0.155020 -0.575032 0.384609
47  0.000021 5.994261 0.000031  0.033940 0.288574 -0.067730
48  -0.000009 6.100488 0.000001  -0.068407 0.299273 -0.162152
49  0.000033 6.916759 0.000011  -0.096318 0.220533 -0.107966
50  0.000149 6.435062 -0.000043  -0.037456 0.171630 -0.116573
51  1.092793 3.649512 -1.738794  -0.148600 0.876612 1.445020
52  -0.000126 6.792203 -0.000105  0.008284 0.107792 -0.048643
53  -0.000084 7.744777 -0.000031  0.057137 -0.256893 0.015458
54  0.000085 9.115020 -0.000039  -0.020393 0.256253 -0.142636
55  3.494514 -1.749103 3.007064  0.118400 1.106974 1.813803
56  0.000016 4.323831 0.000087  -0.229908 -0.770943 0.449224
57  0.000031 4.872900 -0.000021  0.367245 -0.664052 -0.254033
58  0.000001 5.056652 0.000092  -0.511237 0.856585 -0.546326
59  2.292462 1.708613 3.661675  -1.762560 1.789109 -0.218979
60  -0.000173 6.589440 0.000275  -0.007132 -0.169123 0.176911
61  0.000173 7.491498 -0.000155  -0.132413 -0.107097 0.179327
62  -0.000140 8.249660 0.000139  0.041913 -0.058209 0.015813
63  0.000072 8.605238 -0.000027  0.101585 0.501824 -0.079696
64  -0.240489 2.066070 2.349267  -0.357331 2.461714 1.296076
65  -0.000092 7.721103 -0.000004  -0.208231 -0.126223 -0.116492
66  -0.000119 7.374862 -0.000048  -0.111017 0.046939 -0.046466
67  -0.000036 6.848063 -0.000026  0.273533 0.247522 0.299909
68  0.000034 7.777820 -0.000044  0.072920 0.186148 -0.052689
69  -0.000084 8.178052 0.000010  -0.087031 -0.422849 -0.381357
70  1.617600 3.431407 2.399265  -0.249454 2.569514 1.508568
71  -0.000162 5.476946 -0.000029  0.057729 0.074071 0.060287
72  -0.000091 6.060487 -0.000004  -0.015205 0.015650 -0.152067
73  0.000026 5.994252 0.000011  -0.126210 -0.157657 0.153303
74  -0.000077 7.076874 -0.000045  -0.008118 0.010384 0.036402
75  0.000007 7.089873 -0.000070  0.070875 0.098587 -0.025893
76  0.361110 0.886682 3.287746  -0.576369 1.978708 0.939011
77  -0.000069 6.686645 0.000223  -0.146568 0.414164 -0.327704
78  -0.000010 7.638020 0.000010  -0.079524 -0.025948 0.130953
79  -0.000031 7.290226 -0.000022  0.025325 -0.093908 0.023965
80  -0.000036 6.530368 0.000008  -0.261847 -0.300601 0.006734
81  0.000063 7.224880 0.000009  0.036505 0.032480 -0.175823
82  1.071893 3.225796 1.570115  -0.043805 2.859975 1.526244
83  0.000414 6.748905 -0.000066  -0.062703 0.083783 0.022203
84  -0.000047 8.002645 0.000026  -0.067497 -0.117209 -0.115600
85  0.000009 8.580566 -0.000097  0.088214 -0.007187 0.334606
86  0.000173 8.689837 -0.000041  0.065326 -0.412430 -0.134518
87  -1.514537 2.104635 0.318056  -0.024895 3.094491 1.569491
88  0.000194 6.982283 0.000012  -0.107588 -0.057625 -0.215715
89  -0.000011 8.382872 -0.000067  0.135030 -0.099914 0.287073
90  -0.000065 8.697668 0.000023  -0.148089 -0.510100 0.044839
91  -0.000134 8.921826 0.000080  -0.236828 -0.892635 0.098804
92  3.553614 -3.478047 2.409278  0.000821 0.762046 1.535304
93  0.000003 4.476899 -0.000008  -0.151004 -0.588330 0.377259
94  0.000028 4.514127 -0.000025  -0.228868 -2.996200 0.592367
95  0.000042 4.518384 -0.000022  0.143171 2.612777 0.693383
96  0.000023 3.598329 0.000022  -0.749304 0.869851 -0.773233
97  4.209917 -0.440342 1.018824  -1.995738 -2.213249 0.173951
98  4.265508 1.434232 -0.404993  -1.886832 -0.176336 -0.174761
99  9.400234 0.017942 0.083204  0.066757 -0.067017 -1.249527
100  10.242421 0.033594 0.064481  2.215851 -0.141130 -0.523641
101  3.465856 -0.059676 0.016691  -0.019189 0.096091 -0.028799
102  1.655594 -0.000024 0.000024  0.022291 -0.181152 -0.801946
103  0.960770 0.000001 -0.000006  0.006127 -0.055741 -0.664772
104  3.462028 -0.064238 0.939908  0.316685 -0.075551 -0.006925
105  1.497180 -0.000009 0.000023  -0.467879 -0.139360 -0.342676
106  0.793760 0.000008 -0.000001  -0.021646 0.042068 -0.705936
107  0.591663 -0.460686 0.835204  -0.997907 -0.651693 -0.479413
108  1.556140 -0.000004 0.000003  -0.191434 0.082438 0.352056
109  1.135906 0.000019 0.000008  -0.016658 -0.044338 0.206247
110  3.084269 -0.668813 -1.257086  -0.574588 0.165420 -0.749495
111  1.064204 -0.000004 0.000005  -0.068651 0.129215 -1.402476
112  0.640335 0.000004 -0.000006  -0.038366 0.078466 -1.061417
113  3.396822 -0.242132 -0.708691  -0.282701 0.180956 -0.396992
114  1.532968 0.000004 0.000006  0.021584 -0.002968 -1.041150
115  0.832981 -0.000008 0.000000  0.003081 0.026124 -1.037905
116  4.209942 -0.440341 -1.019279  2.040063 2.141490 0.227429
117  4.266745 1.424936 0.424940  1.806148 -0.120388 -0.593354
118  9.398563 0.011950 -0.082519  -0.018489 0.064149 -0.584458
119  10.242435 0.028175 -0.062908  -1.795048 0.083942 0.406879
120  3.465749 -0.067526 0.002268  -0.235706 0.250361 -1.660530
121  1.655559 0.000003 0.000005  -0.166175 0.184670 -1.178638
122  0.960910 0.000005 -0.000001  -0.019497 0.177061 -0.893896
123  3.466855 -0.077779 -0.920908  -0.486263 0.127963 -1.663726
124  1.497260 -0.000034 -0.000023  -0.589176 0.327215 -1.050168
125  0.793787 -0.000001 0.000001  -0.234336 0.398155 -0.788955
126  0.595080 -0.467151 -0.829176  2.469253 0.674175 -0.724808
127  1.555674 0.000013 -0.000003  0.635830 0.519179 1.168942
128  1.136813 -0.000010 -0.000001  0.583756 0.460125 1.091585
129  3.075975 -0.667967 1.277700  0.605545 0.214973 -1.346631
130  1.064593 0.000019 0.000010  0.028118 -0.118403 -0.849820
131  0.640360 -0.000014 -0.000006  -0.106084 -0.025032 -0.491591
132  3.392413 -0.245369 0.728376  0.110869 0.337437 -1.807181
133  1.532737 -0.000005 0.000000  0.007503 0.016524 -0.809209
134  0.833152 0.000009 0.000006  -0.082484 -0.069716 -1.037495
135  3.590113 -3.090297 1.193971  1.635457 1.210566 1.548541
136  3.589563 -3.089882 -1.196374  -1.505736 1.210473 -1.592853
137  -0.436560 4.719024 -0.001077  -0.000473 -1.570733 1.693451
138  0.000000 2.775455 -0.000233  -0.135089 0.000001 -0.000000
139  -0.000000 3.189771 0.000009  0.207820 -0.000000 0.000000
140  -0.000001 3.504650 0.000047  -0.261876 0.000000 -0.000000
141  -0.000000 2.863195 -0.000002  -0.051268 -0.000000 0.000000
time 60
0  1.741313 2.634642 32.473755  1.570862 0.000000 -0.000000
1  0.002636 43.025146 0.734438  -0.080685 -1.098667 -0.082041
2  3.061858 -4.181009 -0.610803  -1.971188 -0.325964 -0.738032
3  18.476772 0.000158 0.000002  -0.006821 -0.072964 0.940790
4  17.490086 0.000118 0.000003  -0.251389 0.593666 -1.432721
5  -3.065330 -4.183572 -0.611479  -1.412172 -0.555836 -2.078156
6  18.474854 -0.000034 -0.000008  0.019284 0.090498 1.205755
7  17.489582 0.001916 -0.000005  0.204757 -0.522660 -1.561631
8  -0.000117 -0.048884 -0.576226  1.524251 -0.010758 1.554669
9  3.224482 0.767047 0.000496  -0.082839 -0.025492 0.272819
10  3.223914 0.226399 -0.001945  -0.049904 -0.013992 0.238143
11  5.187319 -1.262561 -0.001177  0.000012 0.000066 0.194111
12  6.928411 -1.935314 -0.000228  -2.950480 -0.206855 0.229395
13  3.236364 1.079611 0.000053  0.751714 0.349526 0.311021
14  0.833758 3.805343 0.692956  -0.040492 0.554885 1.469865
15  0.000045 6.792203 0.000042  0.007991 0.036071 -0.011407
16  -0.000067 7.744810 0.000016  -0.017442 -0.155305 0.068153
17  0.000070 7.809706 0.000016  -0.033637 0.005026 0.006142
18  -0.000028 7.867676 0.000015  -0.073329 -0.127910 0.026375
19  3.494698 -1.749100 -3.006912  0.152547 2.070419 1.936938
20  0.000120 4.478323 0.000018  -0.194659 0.310431 -0.234996
21  0.000049 4.636118 -0.000027  0.035820 0.324592 -0.151767
22  -0.000043 5.008652 0.000014  0.076000 -0.286565 0.276091
23  0.000066 4.781170 0.000010  0.904405 -2.690904 -0.015801
24  2.253038 1.989052 -3.350106  -1.523632 1.324495 0.112394
25  0.000160 6.589466 0.000170  0.206356 -0.002128 -0.080395
26  0.000045 7.491419 0.000042  -0.333516 0.184455 -0.191163
27  0.000025 7.660304 -0.000053  -0.063173 0.127194 -0.062119
28  0.000009 7.256274 0.000012  -0.052939 -0.487829 0.313813
29  -0.791166 2.265110 -1.234655  -0.753899 1.136376 0.824664
30  -0.000258 8.572271 -0.000091  -0.222844 -0.296789 0.176505
31  -0.000096 8.117213 0.000047  0.072258 0.772520 -0.285587
32  -0.000083 8.230032 -0.000070  -0.080496 -0.347232 0.072252
33  0.000062 7.366723 0.000050  -0.015392 -0.663893 0.062743
34  0.224213 0.240118 -3.218157  -0.877380 1.468889 0.577820
35  -0.000101 7.721054 -0.000307  -0.283829 0.060495 -0.167556
36  -0.000033 7.374856 0.000001  0.007537 -0.195020 0.049539
37  0.000075 6.848099 0.000008  0.005484 0.006497 -0.033649
38  -0.000051 7.777865 0.000008  -0.186097 0.182474 -0.152847
39  -1.514462 2.104646 -1.150167  -0.029093 0.541320 1.555671
40  -0.000163 6.982348 -0.000077  -0.199699 -0.041214 0.153490
41  0.000034 8.382861 -0.000072  0.044867 0.587987 -0.257958
42  0.000011 8.697705 -0.000030  -0.102637 -0.474319 0.290942
43  0.000056 8.921801 -0.000005  -0.076257 0.581004 -0.195603
44  1.196193 2.899148 -2.353085  -0.449719 1.030105 1.287423
45  0.000107 5.476942 0.000004  0.285574 -0.099353 -0.038446
46  -0.000073 6.060439 -0.000094  -0.155020 -0.575032 0.384609
47  0.000016 5.994260 0.000031  0.033940 0.288574 -0.067730
48  -0.000009 6.100488 0.000000  -0.068407 0.299273 -0.162152
49  0.000035 6.916758 0.000008  -0.096318 0.220533 -0.107966
50  0.000150 6.435061 -0.000040  -0.037456 0.171630 -0.116573
51  1.092788 3.649502 -1.738793  -0.148600 0.876612 1.445020
52  -0.000129 6.792206 -0.000103  0.008284 0.107792 -0.048643
53  -0.000088 7.744773 -0.000028  0.057137 -0.256893 0.015458
54  0.000084 9.115019 -0.000039  -0.020393 0.256253 -0.142636
55  3.494514 -1.749111 3.007064  0.118400 1.106974 1.813803
56  0.000014 4.323837 0.000084  -0.229908 -0.770943 0.449224
57  0.000028 4.872896 -0.000021  0.367245 -0.664051 -0.254033
58  0.000006 5.056653 0.000092  -0.511238 0.856585 -0.546325
59  2.292467 1.708609 3.661676  -1.762560 1.789109 -0.218979
60  -0.000173 6.589445 0.000267  -0.007132 -0.169123 0.176911
61  0.000174 7.491493 -0.000149  -0.132413 -0.107097 0.179327
62  -0.000141 8.249664 0.000142  0.041912 -0.058209 0.015813
63  0.000071 8.605236 -0.000028  0.101585 0.501824 -0.079696
64  -0.240486 2.066066 2.349268  -0.357331 2.461714 1.296076
65  -0.000082 7.721105 -0.000002  -0.208231 -0.126223 -0.116492
66  -0.000120 7.374863 -0.000044  -0.111017 0.046940 -0.046466
67  -0.000037 6.848063 -0.000027  0.273533 0.247522 0.299909
68  0.000034 7.777823 -0.000044  0.072921 0.186148 -0.052689
69  -0.000085 8.178053 0.000010  -0.087031 -0.422849 -0.381357
70  1.617608 3.431409 2.399265  -0.249454 2.569514 1.508568
71  -0.000157 5.476943 -0.000028  0.057729 0.074071 0.060287
72  -0.000094 6.060491 -0.000005  -0.015205 0.015650 -0.152067
73  0.000026 5.994248 0.000013  -0.126210 -0.157657 0.153303
74  -0.000077 7.076867 -0.000046  -0.008118 0.010384 0.036402
75  0.000000 7.089866 -0.000071  0.070875 0.098587 -0.025893
76  0.361110 0.886674 3.287747  -0.576369 1.978708 0.939011
77  -0.000064 6.686644 0.000220  -0.146568 0.414164 -0.327704
78  -0.000013 7.638021 0.000013  -0.079524 -0.025948 0.130953
79  -0.000033 7.290233 -0.000020  0.025325 -0.093908 0.023965
80  -0.000031 6.530371 0.000004  -0.261847 -0.300601 0.006734
81  0.000066 7.224883 0.000004  0.036505 0.032480 -0.175823
82  1.071896 3.225793 1.570116  -0.043805 2.859975 1.526244
83  0.000413 6.748896 -0.000067  -0.062703 0.083783 0.022203
84  -0.000050 8.002643 0.000026  -0.067497 -0.117209 -0.115600
85  0.000012 8.580570 -0.000098  0.088214 -0.007187 0.334606
86  0.000170 8.689828 -0.000041  0.065326 -0.412430 -0.134518
87  -1.514539 2.104631 0.318056  -0.024895 3.094491 1.569491
88  0.000191 6.982288 0.000012  -0.107588 -0.057625 -0.215715
89  -0.000011 8.382872 -0.000068  0.135030 -0.099914 0.287073
90  -0.000062 8.697674 0.000024  -0.148089 -0.510100 0.044838
91  -0.000134 8.921821 0.000079  -0.236827 -0.892635 0.098804
92  3.553618 -3.478049 2.409278  0.000821 0.762046 1.535304
93  0.000003 4.476900 -0.000007  -0.151004 -0.588330 0.377259
94  0.000027 4.514124 -0.000024  -0.228868 -2.996200 0.592367
95  0.000043 4.518381 -0.000023  0.143171 2.612777 0.693383
96  0.000025 3.598327 0.000024  -0.749304 0.869851 -0.773233
97  4.209925 -0.440347 1.018823  -2.011714 -2.220178 0.186239
98  4.265509 1.434235 -0.404991  -1.897263 -0.153081 -0.181031
99  9.400230 0.017939 0.083203  0.066925 -0.066974 -1.251818
100  10.242421 0.033590 0.064478  2.219167 -0.138404 -0.529428
101  3.465859 -0.059677 0.016692  -0.018195 0.101591 -0.000997
102  1.655596 -0.000020 0.000021  0.023574 -0.182482 -0.809305
103  0.960769 -0.000000 -0.000007  0.006229 -0.056721 -0.671113
104  3.462032 -0.064242 0.939909  0.316686 -0.074167 0.002225
105  1.497178 -0.000009 0.000020  -0.467312 -0.140501 -0.345578
106  0.793761 0.000008 -0.000002  -0.021914 0.042333 -0.710371
107  0.591667 -0.460687 0.835207  -0.998281 -0.652405 -0.478957
108  1.556140 -0.000004 0.000001  -0.191117 0.082217 0.351595
109  1.135904 0.000019 0.000003  -0.016897 -0.044512 0.205563
110  3.084271 -0.668820 -1.257083  -0.576626 0.172845 -0.736702
111  1.064201 0.000000 0.000008  -0.068066 0.129481 -1.397190
112  0.640340 0.000006 -0.000009  -0.038440 0.081825 -1.052921
113  3.396826 -0.242132 -0.708689  -0.281462 0.184640 -0.384155
114  1.532973 0.000003 0.000006  0.021953 -0.002303 -1.034167
115  0.832971 -0.000003 -0.000004  0.003005 0.029334 -1.031038
116  4.209945 -0.440343 -1.019279  2.038125 2.140554 0.225847
117  4.266747 1.424941 0.424938  1.805376 -0.116870 -0.585012
118  9.398562 0.011951 -0.082513  -0.019496 0.064607 -0.598721
119  10.242438 0.028176 -0.062910  -1.804969 0.090129 0.406265
120  3.465749 -0.067527 0.002269  -0.236484 0.250320 -1.663835
121  1.655559 0.000004 0.000005  -0.166299 0.184701 -1.179390
122  0.960906 0.000004 -0.000001  -0.019665 0.177233 -0.894718
123  3.466860 -0.077785 -0.920910  -0.485973 0.128562 -1.660881
124  1.497265 -0.000037 -0.000022  -0.587445 0.326128 -1.045115
125  0.793790 -0.000008 0.000001  -0.231707 0.395464 -0.784313
126  0.595081 -0.467152 -0.829175  2.469254 0.674202 -0.724909
127  1.555675 0.000018 -0.000002  0.635647 0.519087 1.168706
128  1.136811 -0.000007 -0.000003  0.590975 0.462110 1.098909
129  3.075977 -0.667970 1.277702  0.605465 0.215935 -1.347628
130  1.064591 0.000018 0.000011  0.028309 -0.118485 -0.852204
131  0.640360 -0.000017 -0.000003  -0.106288 -0.025177 -0.494148
132  3.392414 -0.245370 0.728377  0.110253 0.337882 -1.808898
133  1.532734 -0.000008 -0.000002  0.007437 0.016510 -0.809942
134  0.833153 0.000007 0.000006  -0.082570 -0.069815 -1.038233
135  3.590106 -3.090297 1.193971  1.635457 1.210566 1.548541
136  3.589553 -3.089881 -1.196373  -1.505736 1.210473 -1.592853
137  -0.436565 4.719025 -0.001076  -0.000709 -1.570733 1.693377
138  -0.000001 2.775459 -0.000236  -0.135089 0.000001 -0.000000
139  -0.000000 3.189768 0.000009  0.207820 -0.000000 0.000000
140  -0.000000 3.504653 0.000048  -0.261876 0.000000 -0.000000
141  0.000001 2.863199 -0.000001  -0.051268 0.000000 0.000000
time 61
0  1.771276 2.698060 32.555206  1.570862 0.000000 -0.000000
1  0.002636 43.025146 0.734438  -0.088399 -1.108026 -0.076743
2  3.061857 -4.181015 -0.610803  -1.969547 -0.312942 -0.743002
3  18.476774 0.000161 -0.000002  -0.006334 -0.072033 0.927943
4  17.490086 0.000118 0.000005  -0.254418 0.587565 -1.423895
5  -3.065330 -4.183576 -0.611479  -1.412346 -0.557343 -2.076967
6  18.474854 -0.000034 -0.000006  0.018983 0.090175 1.200345
7  17.489586 0.001915 -0.000005  0.194806 -0.528676 -1.551969
8  -0.000117 -0.048880 -0.576225  1.519331 -0.013404 1.553813
9  3.224479 0.767047 0.000496  -0.085563 -0.024056 0.275187
10  3.223906 0.226399 -0.001944  -0.053523 -0.013390 0.238585
11  5.187324 -1.262559 -0.001177  0.000012 0.000066 0.194111
12  6.928407 -1.935314 -0.000229  -2.948503 -0.210236 0.227552
13  3.236367 1.079616 0.000056  0.767394 0.359417 0.307726
14  0.833759 3.805348 0.692956  -0.040492 0.554884 1.469865
15  0.000045 6.792206 0.000039  0.007991 0.036071 -0.011407
16  -0.000069 7.744816 0.000017  -0.017442 -0.155305 0.068153
17  0.000067 7.809703 0.000017  -0.033637 0.005026 0.006142
18  -0.000025 7.867669 0.000017  -0.073329 -0.127910 0.026375
19  3.494698 -1.749097 -3.006912  0.152547 2.070419 1.936938
20  0.000120 4.478319 0.000015  -0.194659 0.310431 -0.234996
21  0.000047 4.636119 -0.000027  0.035819 0.324592 -0.151767
22  -0.000042 5.008657 0.000014  0.076000 -0.286565 0.276091
23  0.000064 4.781165 0.000009  0.904405 -2.690904 -0.015801
24  2.253034 1.989051 -3.350106  -1.523632 1.324495 0.112393
25  0.000161 6.589468 0.000172  0.206356 -0.002128 -0.080395
26  0.000043 7.491411 0.000044  -0.333516 0.184455 -0.191163
27  0.000025 7.660299 -0.000059  -0.063173 0.127194 -0.062119
28  0.000007 7.256267 0.000016  -0.052939 -0.487829 0.313813
29  -0.791165 2.265110 -1.234655  -0.753899 1.136376 0.824664
30  -0.000258 8.572263 -0.000099  -0.222844 -0.296789 0.176505
31  -0.000093 8.117216 0.000046  0.072258 0.772520 -0.285587
32  -0.000083 8.230031 -0.000069  -0.080496 -0.347232 0.072252
33  0.000060 7.366723 0.000055  -0.015392 -0.663893 0.062743
34  0.224210 0.240121 -3.218157  -0.877380 1.468889 0.577820
35  -0.000100 7.721047 -0.000302  -0.283829 0.060495 -0.167556
36  -0.000028 7.374853 -0.000001  0.007537 -0.195020 0.049539
37  0.000075 6.848107 0.000006  0.005484 0.006497 -0.033649
38  -0.000052 7.777868 0.000009  -0.186097 0.182474 -0.152847
39  -1.514472 2.104641 -1.150166  -0.029093 0.541320 1.555671
40  -0.000175 6.982352 -0.000074  -0.199699 -0.041214 0.153490
41  0.000037 8.382860 -0.000072  0.044867 0.587987 -0.257958
42  0.000013 8.697700 -0.000027  -0.102637 -0.474319 0.290942
43  0.000057 8.921804 -0.000004  -0.076257 0.581004 -0.195602
44  1.196194 2.899153 -2.353086  -0.449719 1.030105 1.287423
45  0.000106 5.476943 0.000006  0.285574 -0.099353 -0.038446
46  -0.000073 6.060435 -0.000089  -0.155020 -0.575032 0.384609
47  0.000016 5.994265 0.000029  0.033940 0.288574 -0.067730
48  -0.000009 6.100487 0.000002  -0.068407 0.299273 -0.162152
49  0.000033 6.916759 0.000009  -0.096318 0.220533 -0.107966
50  0.000149 6.435060 -0.000046  -0.037456 0.171630 -0.116573
51  1.092793 3.649506 -1.738794  -0.148600 0.876612 1.445020
52  -0.000124 6.792192 -0.000105  0.008285 0.107792 -0.048643
53  -0.000093 7.744778 -0.000034  0.057137 -0.256893 0.015458
54  0.000089 9.115017 -0.000036  -0.020393 0.256253 -0.142636
55  3.494514 -1.749106 3.007064  0.118400 1.106974 1.813803
56  0.000013 4.323833 0.000084  -0.229908 -0.770943 0.449224
57  0.000027 4.872901 -0.000020  0.367245 -0.664052 -0.254033
58  0.000005 5.056645 0.000093  -0.511237 0.856585 -0.546325
59  2.292467 1.708613 3.661676  -1.762560 1.789109 -0.218979
60  -0.000173 6.589442 0.000271  -0.007132 -0.169123 0.176911
61  0.000173 7.491496 -0.000149  -0.132413 -0.107097 0.179327
62  -0.000141 8.249657 0.000144  0.041913 -0.058209 0.015813
63  0.000072 8.605237 -0.000029  0.101585 0.501824 -0.079696
64  -0.240485 2.066071 2.349267  -0.357331 2.461714 1.296076
65  -0.000083 7.721102 -0.000004  -0.208231 -0.126223 -0.116492
66  -0.000123 7.374871 -0.000047  -0.111017 0.046939 -0.046466
67  -0.000038 6.848061 -0.000025  0.273533 0.247522 0.299909
68  0.000035 7.777828 -0.000042  0.072920 0.186148 -0.052689
69  -0.000081 8.178054 0.000011  -0.087031 -0.422849 -0.381357
70  1.617603 3.431407 2.399266  -0.249454 2.569515 1.508568
71  -0.000165 5.476944 -0.000027  0.057729 0.074071 0.060287
72  -0.000093 6.060491 -0.000007  -0.015205 0.015650 -0.152067
73  0.000026 5.994248 0.000011  -0.126210 -0.157657 0.153303
74  -0.000077 7.076874 -0.000049  -0.008118 0.010384 0.036402
75  0.000002 7.089867 -0.000070  0.070875 0.098587 -0.025893
76  0.361113 0.886681 3.287746  -0.576369 1.978708 0.939011
77  -0.000064 6.686648 0.000222  -0.146568 0.414164 -0.327704
78  -0.000012 7.638018 0.000012  -0.079524 -0.025948 0.130953
79  -0.000029 7.290228 -0.000022  0.025325 -0.093908 0.023965
80  -0.000031 6.530372 0.000005  -0.261847 -0.300601 0.006734
81  0.000063 7.224882 0.000010  0.036505 0.032481 -0.175823
82  1.071897 3.225791 1.570116  -0.043805 2.859975 1.526244
83  0.000413 6.748900 -0.000067  -0.062703 0.083783 0.022203
84  -0.000047 8.002642 0.000026  -0.067497 -0.117209 -0.115600
85  0.000010 8.580569 -0.000098  0.088214 -0.007187 0.334606
86  0.000176 8.689831 -0.000042  0.065326 -0.412430 -0.134518
87  -1.514538 2.104636 0.318056  -0.024895 3.094491 1.569491
88  0.000195 6.982280 0.000012  -0.107588 -0.057625 -0.215715
89  -0.000009 8.382873 -0.000068  0.135030 -0.099914 0.287073
90  -0.000060 8.697668 0.000024  -0.148089 -0.510100 0.044838
91  -0.000133 8.921823 0.000080  -0.236828 -0.892635 0.098804
92  3.553610 -3.478050 2.409278  0.000821 0.762046 1.535304
93  0.000004 4.476901 -0.000006  -0.151004 -0.588330 0.377259
94  0.000028 4.514124 -0.000024  -0.228868 -2.996200 0.592367
95  0.000043 4.518389 -0.000022  0.143171 2.612777 0.693382
96  0.000025 3.598332 0.000023  -0.749304 0.869851 -0.773233
97  4.209913 -0.440347 1.018823  -2.024744 -2.226000 0.196232
98  4.265503 1.434233 -0.404992  -1.904899 -0.132981 -0.187633
99  9.400231 0.017942 0.083202  0.067356 -0.066862 -1.257706
100  10.242417 0.033594 0.064483  2.222038 -0.135556 -0.535391
101  3.465854 -0.059682 0.016690  -0.017449 0.104759 0.015923
102  1.655594 -0.000017 0.000023  0.024786 -0.183706 -0.816350
103  0.960772 -0.000005 -0.000003  0.006498 -0.057759 -0.677444
104  3.462027 -0.064247 0.939906  0.316648 -0.073074 0.009687
105  1.497176 -0.000010 0.000022  -0.466780 -0.141689 -0.348736
106  0.793759 0.000007 -0.000000  -0.022187 0.042602 -0.714872
107  0.591661 -0.460692 0.835204  -0.998513 -0.652992 -0.478542
108  1.556139 0.000005 -0.000002  -0.190908 0.082071 0.351242
109  1.135905 0.000019 0.000006  -0.017018 -0.044512 0.205706
110  3.084269 -0.668816 -1.257086  -0.577273 0.175403 -0.731793
111  1.064199 0.000002 0.000006  -0.068320 0.129737 -1.400135
112  0.640342 0.000006 -0.000007  -0.038798 0.084140 -1.054055
113  3.396820 -0.242139 -0.708691  -0.280281 0.187179 -0.374721
114  1.532970 0.000006 0.000004  0.022183 -0.001991 -1.034802
115  0.832969 -0.000001 -0.000001  0.002985 0.031145 -1.031883
116  4.209940 -0.440347 -1.019281  2.037736 2.140527 0.225513
117  4.266747 1.424944 0.424938  1.808020 -0.111770 -0.574919
118  9.398567 0.011949 -0.082514  -0.019724 0.064708 -0.601938
119  10.242439 0.028177 -0.062909  -1.813435 0.096620 0.400011
120  3.465747 -0.067522 0.002269  -0.238612 0.250161 -1.673337
121  1.655558 0.000007 0.000006  -0.166864 0.184790 -1.182556
122  0.960906 0.000005 0.000000  -0.020440 0.177804 -0.898379
123  3.466855 -0.077777 -0.920909  -0.486911 0.126656 -1.670096
124  1.497257 -0.000035 -0.000022  -0.587968 0.326426 -1.046492
125  0.793786 -0.000004 0.000000  -0.232422 0.396235 -0.785619
126  0.595078 -0.467145 -0.829175  2.469248 0.674183 -0.724937
127  1.555677 0.000018 -0.000003  0.635599 0.519059 1.168624
128  1.136814 -0.000011 -0.000003  0.601336 0.464936 1.109339
129  3.075974 -0.667969 1.277700  0.604721 0.221778 -1.354260
130  1.064600 0.000019 0.000011  0.028381 -0.118591 -0.853591
131  0.640359 -0.000023 -0.000001  -0.106432 -0.025233 -0.495686
132  3.392412 -0.245366 0.728376  0.109227 0.338663 -1.811862
133  1.532733 -0.000007 -0.000002  0.007423 0.016527 -0.810674
134  0.833151 0.000013 0.000005  -0.082608 -0.069877 -1.039040
135  3.590110 -3.090293 1.193972  1.635457 1.210566 1.548541
136  3.589558 -3.089878 -1.196372  -1.505736 1.210473 -1.592853
137  -0.436557 4.719027 -0.001076  -0.000472 -1.570733 1.693266
138  -0.000001 2.775451 -0.000235  -0.135089 0.000001 -0.000000
139  -0.000001 3.189763 0.000008  0.207820 -0.000000 0.000000
140  -0.000001 3.504650 0.000043  -0.261876 0.000000 -0.000000
141  -0.000001 2.863195 -0.000002  -0.051268 0.000000 -0.000000
time 62
0  1.809307 2.735637 32.651741  1.570862 0.000000 -0.000000
1  0.002636 43.025146 0.734438  -0.095618 -1.115424 -0.072147
2  3.061857 -4.181009 -0.610803  -1.968454 -0.301315 -0.748379
3  18.476772 0.000157 -0.000000  -0.005871 -0.071124 0.915474
4  17.490086 0.000118 0.000002  -0.255426 0.582326 -1.414208
5  -3.065330 -4.183574 -0.611479  -1.412991 -0.555979 -2.076101
6  18.474855 -0.000035 -0.000005  0.018518 0.089671 1.191958
7  17.489582 0.001917 -0.000006  0.187501 -0.533867 -1.542608
8  -0.000117 -0.048881 -0.576226  1.515227 -0.016095 1.553459
9  3.224486 0.767047 0.000496  -0.087606 -0.022447 0.277842
10  3.223912 0.226400 -0.001944  -0.056441 -0.012646 0.239321
11  5.187327 -1.262559 -0.001178  0.000012 0.000066 0.194111
12  6.928408 -1.935312 -0.000228  -2.946855 -0.212995 0.225789
13  3.236374 1.079617 0.000058  0.779693 0.367996 0.304219
14  0.833762 3.805353 0.692954  -0.040492 0.554884 1.469865
15  0.000039 6.792207 0.000039  0.007991 0.036071 -0.011407
16  -0.000069 7.744823 0.000017  -0.017442 -0.155305 0.068153
17  0.000069 7.809705 0.000019  -0.033637 0.005026 0.006142
18  -0.000024 7.867671 0.000018  -0.073329 -0.127910 0.026375
19  3.494700 -1.749095 -3.006913  0.152547 2.070419 1.936938
20  0.000117 4.478318 0.000020  -0.194659 0.310431 -0.234996
21  0.000048 4.636113 -0.000028  0.035819 0.324592 -0.151767
22  -0.000042 5.008650 0.000013  0.076000 -0.286565 0.276091
23  0.000062 4.781167 0.000010  0.904405 -2.690904 -0.015801
24  2.253033 1.989052 -3.350107  -1.523632 1.324495 0.112393
25  0.000161 6.589463 0.000161  0.206356 -0.002128 -0.080395
26  0.000042 7.491415 0.000042  -0.333516 0.184455 -0.191163
27  0.000031 7.660303 -0.000053  -0.063173 0.127194 -0.062119
28  0.000009 7.256269 0.000019  -0.052939 -0.487829 0.313813
29  -0.791155 2.265121 -1.234657  -0.753899 1.136376 0.824664
30  -0.000256 8.572262 -0.000098  -0.222844 -0.296789 0.176505
31  -0.000093 8.117213 0.000048  0.072258 0.772520 -0.285587
32  -0.000082 8.230029 -0.000075  -0.080496 -0.347232 0.072252
33  0.000059 7.366728 0.000051  -0.015392 -0.663893 0.062743
34  0.224217 0.240124 -3.218158  -0.877380 1.468889 0.577820
35  -0.000101 7.721053 -0.000304  -0.283829 0.060495 -0.167556
36  -0.000030 7.374854 -0.000004  0.007537 -0.195020 0.049539
37  0.000077 6.848100 0.000010  0.005484 0.006497 -0.033649
38  -0.000053 7.777871 0.000008  -0.186096 0.182474 -0.152847
39  -1.514468 2.104645 -1.150168  -0.029093 0.541320 1.555671
40  -0.000171 6.982346 -0.000078  -0.199699 -0.041214 0.153490
41  0.000036 8.382859 -0.000073  0.044867 0.587987 -0.257958
42  0.000015 8.697696 -0.000026  -0.102637 -0.474319 0.290942
43  0.000059 8.921803 -0.000002  -0.076257 0.581004 -0.195602
44  1.196195 2.899152 -2.353087  -0.449719 1.030105 1.287423
45  0.000107 5.476945 0.000008  0.285574 -0.099353 -0.038446
46  -0.000073 6.060437 -0.000092  -0.155020 -0.575032 0.384609
47  0.000018 5.994263 0.000030  0.033940 0.288574 -0.067730
48  -0.000009 6.100492 0.000002  -0.068407 0.299273 -0.162152
49  0.000033 6.916759 0.000011  -0.096318 0.220533 -0.107966
50  0.000149 6.435055 -0.000046  -0.037456 0.171630 -0.116573
51  1.092801 3.649514 -1.738795  -0.148600 0.876612 1.445020
52  -0.000125 6.792202 -0.000106  0.008285 0.107792 -0.048643
53  -0.000089 7.744781 -0.000030  0.057137 -0.256893 0.015458
54  0.000087 9.115022 -0.000036  -0.020393 0.256253 -0.142636
55  3.494516 -1.749104 3.007063  0.118400 1.106974 1.813803
56  0.000013 4.323838 0.000083  -0.229908 -0.770943 0.449224
57  0.000028 4.872899 -0.000024  0.367245 -0.664052 -0.254033
58  0.000005 5.056643 0.000094  -0.511237 0.856585 -0.546325
59  2.292466 1.708610 3.661674  -1.762560 1.789109 -0.218979
60  -0.000173 6.589440 0.000272  -0.007132 -0.169123 0.176911
61  0.000173 7.491493 -0.000147  -0.132413 -0.107097 0.179327
62  -0.000142 8.249651 0.000147  0.041913 -0.058209 0.015813
63  0.000072 8.605236 -0.000029  0.101585 0.501824 -0.079696
64  -0.240481 2.066071 2.349266  -0.357331 2.461714 1.296076
65  -0.000079 7.721104 -0.000007  -0.208231 -0.126223 -0.116492
66  -0.000123 7.374858 -0.000047  -0.111017 0.046939 -0.046466
67  -0.000031 6.848067 -0.000027  0.273533 0.247522 0.299909
68  0.000034 7.777831 -0.000043  0.072920 0.186148 -0.052689
69  -0.000082 8.178051 0.000012  -0.087031 -0.422849 -0.381357
70  1.617602 3.431405 2.399264  -0.249454 2.569515 1.508568
71  -0.000160 5.476949 -0.000028  0.057729 0.074071 0.060287
72  -0.000093 6.060492 -0.000004  -0.015205 0.015650 -0.152066
73  0.000024 5.994248 0.000014  -0.126210 -0.157657 0.153303
74  -0.000073 7.076876 -0.000049  -0.008118 0.010384 0.036402
75  0.000001 7.089864 -0.000070  0.070875 0.098587 -0.025893
76  0.361112 0.886681 3.287745  -0.576369 1.978708 0.939011
77  -0.000068 6.686643 0.000223  -0.146568 0.414164 -0.327704
78  -0.000010 7.638019 0.000011  -0.079524 -0.025948 0.130953
79  -0.000035 7.290227 -0.000024  0.025325 -0.093908 0.023965
80  -0.000037 6.530364 0.000007  -0.261847 -0.300601 0.006734
81  0.000064 7.224881 0.000010  0.036505 0.032481 -0.175823
82  1.071897 3.225794 1.570114  -0.043805 2.859975 1.526244
83  0.000420 6.748907 -0.000066  -0.062703 0.083783 0.022203
84  -0.000044 8.002643 0.000026  -0.067497 -0.117209 -0.115600
85  0.000012 8.580569 -0.000097  0.088214 -0.007187 0.334606
86  0.000172 8.689830 -0.000042  0.065326 -0.412430 -0.134518
87  -1.514535 2.104635 0.318055  -0.024895 3.094491 1.569491
88  0.000195 6.982280 0.000011  -0.107588 -0.057625 -0.215715
89  -0.000008 8.382872 -0.000067  0.135030 -0.099914 0.287073
90  -0.000056 8.697670 0.000023  -0.148089 -0.510100 0.044838
91  -0.000134 8.921823 0.000079  -0.236827 -0.892635 0.098804
92  3.553616 -3.478047 2.409275  0.000821 0.762046 1.535304
93  0.000001 4.476903 -0.000006  -0.151004 -0.588330 0.377259
94  0.000026 4.514124 -0.000024  -0.228868 -2.996200 0.592367
95  0.000044 4.518394 -0.000021  0.143171 2.612777 0.693383
96  0.000021 3.598327 0.000024  -0.749304 0.869851 -0.773233
97  4.209918 -0.440342 1.018823  -2.034860 -2.230744 0.203926
98  4.265506 1.434225 -0.404993  -1.912255 -0.116626 -0.193347
99  9.400229 0.017941 0.083198  0.068035 -0.066681 -1.266983
100  10.242420 0.033595 0.064481  2.224610 -0.132999 -0.541202
101  3.465857 -0.059670 0.016698  -0.016790 0.106938 0.027897
102  1.655597 -0.000020 0.000022  0.025862 -0.184765 -0.822672
103  0.960773 -0.000005 -0.000007  0.006716 -0.058698 -0.683203
104  3.462029 -0.064242 0.939913  0.316685 -0.072226 0.015878
105  1.497176 -0.000004 0.000024  -0.466268 -0.142808 -0.351718
106  0.793759 0.000000 -0.000003  -0.022473 0.042912 -0.719182
107  0.591664 -0.460689 0.835209  -0.998618 -0.653370 -0.478252
108  1.556139 0.000006 0.000002  -0.190685 0.081977 0.351002
109  1.135904 0.000019 0.000001  -0.017109 -0.044385 0.206064
110  3.084270 -0.668818 -1.257082  -0.577345 0.176243 -0.729722
111  1.064204 -0.000001 0.000005  -0.068900 0.129943 -1.405265
112  0.640338 0.000001 -0.000005  -0.039210 0.085894 -1.057849
113  3.396823 -0.242134 -0.708686  -0.279373 0.189200 -0.367277
114  1.532968 0.000006 0.000004  0.022423 -0.001775 -1.037552
115  0.832979 -0.000004 -0.000003  0.003022 0.032403 -1.034870
116  4.209942 -0.440342 -1.019280  2.038275 2.141290 0.225871
117  4.266743 1.424939 0.424935  1.814220 -0.105752 -0.565014
118  9.398561 0.011950 -0.082517  -0.019332 0.064533 -0.596406
119  10.242438 0.028176 -0.062912  -1.820836 0.102803 0.389145
120  3.465748 -0.067523 0.002267  -0.240490 0.250043 -1.681687
121  1.655565 0.000011 0.000006  -0.167381 0.184865 -1.185423
122  0.960908 0.000008 -0.000001  -0.021108 0.178354 -0.901693
123  3.466855 -0.077783 -0.920912  -0.488022 0.124286 -1.681621
124  1.497260 -0.000034 -0.000021  -0.588287 0.326626 -1.047490
125  0.793790 -0.000010 0.000002  -0.232950 0.396743 -0.786513
126  0.595077 -0.467148 -0.829177  2.469241 0.674163 -0.724965
127  1.555675 0.000017 -0.000001  0.635550 0.519030 1.168543
128  1.136817 -0.000007 0.000000  0.611578 0.467572 1.119677
129  3.075973 -0.667967 1.277699  0.604083 0.226701 -1.359922
130  1.064591 0.000019 0.000009  0.028483 -0.118655 -0.854716
131  0.640359 -0.000015 -0.000003  -0.106549 -0.025364 -0.496892
132  3.392413 -0.245369 0.728374  0.108391 0.339277 -1.814255
133  1.532739 -0.000010 -0.000001  0.007408 0.016544 -0.811473
134  0.833148 0.000005 0.000006  -0.082647 -0.069938 -1.039847
135  3.590114 -3.090294 1.193972  1.635457 1.210566 1.548541
136  3.589563 -3.089879 -1.196373  -1.505736 1.210473 -1.592853
137  -0.436554 4.719026 -0.001076  -0.000236 -1.570733 1.693173
138  0.000001 2.775450 -0.000235  -0.135089 0.000001 -0.000000
139  0.000001 3.189771 0.000008  0.207820 0.000000 0.000000
140  -0.000000 3.504647 0.000047  -0.261876 0.000000 -0.000000
141  -0.000000 2.863196 -0.000003  -0.051268 0.000000 -0.000000
time 63
0  1.856411 2.752914 32.754391  1.570862 0.000000 -0.000000
1  0.002636 43.025146 0.734438  -0.101459 -1.119817 -0.068784
2  3.061858 -4.181006 -0.610803  -1.968302 -0.292317 -0.753311
3  18.476778 0.000157 0.000000  -0.005468 -0.070306 0.904317
4  17.490088 0.000116 0.000003  -0.254313 0.578351 -1.403881
5  -3.065330 -4.183572 -0.611479  -1.414044 -0.552363 -2.075083
6  18.474855 -0.000035 -0.000009  0.017949 0.089041 1.181561
7  17.489586 0.001916 -0.000007  0.183011 -0.537513 -1.533905
8  -0.000117 -0.048878 -0.576226  1.512313 -0.018824 1.553509
9  3.224483 0.767047 0.000496  -0.088670 -0.020803 0.280785
10  3.223912 0.226398 -0.001944  -0.058427 -0.011855 0.240474
11  5.187324 -1.262557 -0.001177  0.000012 0.000066 0.194111
12  6.928411 -1.935310 -0.000227  -2.945860 -0.214814 0.223919
13  3.236361 1.079612 0.000056  0.788024 0.374486 0.300852
14  0.833757 3.805351 0.692956  -0.040492 0.554885 1.469865
15  0.000043 6.792205 0.000041  0.007991 0.036071 -0.011407
16  -0.000064 7.744813 0.000017  -0.017442 -0.155305 0.068153
17  0.000073 7.809701 0.000017  -0.033637 0.005026 0.006142
18  -0.000025 7.867675 0.000015  -0.073329 -0.127910 0.026375
19  3.494697 -1.749092 -3.006912  0.152547 2.070419 1.936938
20  0.000120 4.478322 0.000017  -0.194659 0.310431 -0.234996
21  0.000047 4.636119 -0.000028  0.035820 0.324592 -0.151767
22  -0.000042 5.008652 0.000013  0.076000 -0.286565 0.276091
23  0.000065 4.781166 0.000007  0.904405 -2.690904 -0.015801
24  2.253039 1.989058 -3.350106  -1.523632 1.324495 0.112393
25  0.000161 6.589465 0.000168  0.206356 -0.002128 -0.080395
26  0.000043 7.491411 0.000045  -0.333516 0.184455 -0.191163
27  0.000026 7.660310 -0.000057  -0.063173 0.127194 -0.062119
28  0.000007 7.256266 0.000015  -0.052939 -0.487829 0.313813
29  -0.791162 2.265120 -1.234656  -0.753899 1.136376 0.824664
30  -0.000257 8.572266 -0.000094  -0.222844 -0.296789 0.176505
31  -0.000097 8.117212 0.000049  0.072258 0.772520 -0.285587
32  -0.000083 8.230028 -0.000070  -0.080495 -0.347232 0.072252
33  0.000065 7.366721 0.000057  -0.015393 -0.663893 0.062743
34  0.224214 0.240126 -3.218158  -0.877381 1.468889 0.577821
35  -0.000101 7.721051 -0.000307  -0.283829 0.060495 -0.167556
36  -0.000029 7.374849 0.000001  0.007537 -0.195020 0.049539
37  0.000075 6.848106 0.000008  0.005484 0.006497 -0.033649
38  -0.000050 7.777864 0.000008  -0.186097 0.182474 -0.152847
39  -1.514471 2.104647 -1.150167  -0.029093 0.541320 1.555671
40  -0.000167 6.982353 -0.000078  -0.199699 -0.041214 0.153490
41  0.000040 8.382864 -0.000072  0.044867 0.587987 -0.257958
42  0.000016 8.697700 -0.000023  -0.102637 -0.474319 0.290942
43  0.000054 8.921805 -0.000001  -0.076257 0.581004 -0.195602
44  1.196192 2.899155 -2.353086  -0.449719 1.030105 1.287423
45  0.000107 5.476943 0.000005  0.285574 -0.099353 -0.038446
46  -0.000072 6.060440 -0.000087  -0.155020 -0.575032 0.384609
47  0.000013 5.994262 0.000030  0.033940 0.288574 -0.067730
48  -0.000006 6.100489 0.000002  -0.068407 0.299273 -0.162152
49  0.000036 6.916759 0.000010  -0.096318 0.220533 -0.107966
50  0.000145 6.435060 -0.000047  -0.037456 0.171630 -0.116573
51  1.092788 3.649509 -1.738793  -0.148600 0.876612 1.445020
52  -0.000127 6.792201 -0.000103  0.008285 0.107792 -0.048643
53  -0.000089 7.744774 -0.000028  0.057137 -0.256893 0.015458
54  0.000085 9.115022 -0.000040  -0.020393 0.256253 -0.142636
55  3.494518 -1.749097 3.007063  0.118400 1.106974 1.813803
56  0.000015 4.323843 0.000085  -0.229908 -0.770943 0.449224
57  0.000028 4.872899 -0.000022  0.367245 -0.664052 -0.254033
58  0.000007 5.056652 0.000091  -0.511237 0.856585 -0.546325
59  2.292467 1.708617 3.661675  -1.762560 1.789109 -0.218979
60  -0.000172 6.589431 0.000275  -0.007132 -0.169123 0.176911
61  0.000174 7.491498 -0.000149  -0.132413 -0.107097 0.179327
62  -0.000140 8.249659 0.000143  0.041913 -0.058209 0.015813
63  0.000072 8.605232 -0.000031  0.101585 0.501824 -0.079696
64  -0.240485 2.066077 2.349267  -0.357331 2.461714 1.296076
65  -0.000083 7.721106 -0.000002  -0.208231 -0.126223 -0.116492
66  -0.000123 7.374869 -0.000048  -0.111017 0.046940 -0.046466
67  -0.000039 6.848060 -0.000027  0.273533 0.247522 0.299909
68  0.000035 7.777828 -0.000043  0.072921 0.186148 -0.052689
69  -0.000081 8.178051 0.000010  -0.087031 -0.422849 -0.381357
70  1.617600 3.431407 2.399265  -0.249454 2.569515 1.508568
71  -0.000162 5.476943 -0.000031  0.057729 0.074071 0.060287
72  -0.000087 6.060496 -0.000007  -0.015205 0.015650 -0.152067
73  0.000026 5.994246 0.000011  -0.126210 -0.157657 0.153303
74  -0.000076 7.076872 -0.000049  -0.008118 0.010384 0.036402
75  0.000010 7.089867 -0.000070  0.070875 0.098587 -0.025893
76  0.361110 0.886682 3.287746  -0.576369 1.978708 0.939011
77  -0.000070 6.686643 0.000222  -0.146568 0.414164 -0.327704
78  -0.000011 7.638021 0.000012  -0.079523 -0.025948 0.130953
79  -0.000028 7.290232 -0.000024  0.025325 -0.093908 0.023965
80  -0.000031 6.530374 0.000001  -0.261847 -0.300601 0.006734
81  0.000062 7.224882 0.000010  0.036505 0.032481 -0.175823
82  1.071897 3.225798 1.570115  -0.043805 2.859975 1.526244
83  0.000415 6.748900 -0.000068  -0.062703 0.083783 0.022203
84  -0.000049 8.002645 0.000026  -0.067497 -0.117209 -0.115600
85  0.000014 8.580566 -0.000097  0.088214 -0.007187 0.334606
86  0.000171 8.689828 -0.000041  0.065326 -0.412430 -0.134518
87  -1.514539 2.104639 0.318055  -0.024895 3.094491 1.569491
88  0.000195 6.982279 0.000012  -0.107588 -0.057625 -0.215715
89  -0.000008 8.382873 -0.000068  0.135030 -0.099914 0.287073
90  -0.000064 8.697680 0.000023  -0.148089 -0.510100 0.044838
91  -0.000139 8.921820 0.000079  -0.236827 -0.892635 0.098804
92  3.553615 -3.478044 2.409277  0.000821 0.762046 1.535304
93  0.000002 4.476896 -0.000008  -0.151004 -0.588330 0.377259
94  0.000033 4.514119 -0.000024  -0.228868 -2.996200 0.592367
95  0.000044 4.518381 -0.000023  0.143171 2.612777 0.693383
96  0.000022 3.598326 0.000024  -0.749304 0.869851 -0.773233
97  4.209918 -0.440342 1.018824  -2.041596 -2.234442 0.208875
98  4.265508 1.434227 -0.404990  -1.921135 -0.105541 -0.196455
99  9.400237 0.017940 0.083199  0.068866 -0.066450 -1.278375
100  10.242420 0.033590 0.064476  2.227006 -0.130862 -0.546776
101  3.465855 -0.059679 0.016693  -0.016200 0.108987 0.038712
102  1.655596 -0.000027 0.000024  0.026766 -0.185658 -0.827857
103  0.960768 -0.000001 -0.000008  0.006986 -0.059486 -0.688058
104  3.462029 -0.064244 0.939907  0.316668 -0.071475 0.021098
105  1.497179 -0.000009 0.000021  -0.465860 -0.143800 -0.354339
106  0.793760 -0.000007 -0.000002  -0.022690 0.043115 -0.722801
107  0.591664 -0.460688 0.835203  -0.998833 -0.653728 -0.477968
108  1.556139 0.000003 -0.000003  -0.190531 0.081839 0.350784
109  1.135905 0.000020 0.000006  -0.017165 -0.044379 0.206261
110  3.084269 -0.668818 -1.257085  -0.577520 0.177174 -0.727701
111  1.064205 -0.000002 0.000005  -0.069247 0.130122 -1.409000
112  0.640336 0.000005 -0.000010  -0.039582 0.087414 -1.060417
113  3.396822 -0.242135 -0.708691  -0.278535 0.190938 -0.360846
114  1.532970 0.000002 0.000007  0.022601 -0.001589 -1.039105
115  0.832973 -0.000002 -0.000002  0.003041 0.033590 -1.036645
116  4.209943 -0.440340 -1.019278  2.039574 2.142791 0.226705
117  4.266746 1.424941 0.424938  1.824658 -0.099572 -0.556836
118  9.398569 0.011949 -0.082515  -0.018349 0.064083 -0.582469
119  10.242440 0.028177 -0.062908  -1.827527 0.108220 0.373815
120  3.465750 -0.067525 0.002269  -0.240505 0.250042 -1.681771
121  1.655559 0.000002 0.000005  -0.167418 0.184874 -1.185650
122  0.960906 0.000008 0.000000  -0.021143 0.178384 -0.901901
123  3.466857 -0.077780 -0.920908  -0.488618 0.122976 -1.687702
124  1.497258 -0.000034 -0.000024  -0.586589 0.325587 -1.042432
125  0.793788 -0.000002 -0.000000  -0.230343 0.394141 -0.781995
126  0.595081 -0.467150 -0.829175  2.469157 0.674195 -0.725194
127  1.555682 0.000016 -0.000003  0.635336 0.518870 1.168243
128  1.136813 -0.000009 -0.000003  0.618396 0.469284 1.126611
129  3.075974 -0.667964 1.277703  0.604260 0.225473 -1.358483
130  1.064597 0.000020 0.000012  0.028622 -0.118742 -0.856239
131  0.640359 -0.000011 -0.000004  -0.106691 -0.025429 -0.498495
132  3.392415 -0.245366 0.728377  0.108276 0.339334 -1.814543
133  1.532737 -0.000008 -0.000001  0.007392 0.016563 -0.812339
134  0.833152 0.000009 0.000005  -0.082770 -0.069996 -1.040786
135  3.590112 -3.090292 1.193972  1.635457 1.210566 1.548541
136  3.589559 -3.089878 -1.196372  -1.505736 1.210473 -1.592853
137  -0.436557 4.719028 -0.001076  -0.000709 -1.570733 1.692960
138  0.000000 2.775454 -0.000238  -0.135089 0.000001 -0.000000
139  -0.000000 3.189766 0.000007  0.207820 -0.000000 0.000000
140  0.000001 3.504654 0.000045  -0.261876 0.000000 -0.000000
141  -0.000000 2.863195 -0.000002  -0.051268 0.000000 -0.000000
time 64
0  1.912347 2.748648 32.865673  1.570862 0.000000 -0.000000
1  0.002636 43.025146 0.734438  -0.106086 -1.121512 -0.066562
2  3.061858 -4.181008 -0.610803  -1.968752 -0.285516 -0.757934
3  18.476772 0.000159 -0.000002  -0.005107 -0.069554 0.894127
4  17.490086 0.000117 0.000003  -0.251170 0.575516 -1.392926
5  -3.065330 -4.183576 -0.611480  -1.415470 -0.546498 -2.074002
6  18.474855 -0.000034 -0.000008  0.017278 0.088283 1.169174
7  17.489584 0.001917 -0.000005  0.180374 -0.539238 -1.525151
8  -0.000117 -0.048885 -0.576226  1.510472 -0.021653 1.553890
9  3.224474 0.767048 0.000496  -0.088748 -0.019073 0.283894
10  3.223906 0.226398 -0.001944  -0.059471 -0.010959 0.241984
11  5.187314 -1.262560 -0.001176  0.000012 0.000066 0.194111
12  6.928406 -1.935311 -0.000227  -2.945689 -0.215328 0.221810
13  3.236368 1.079616 0.000057  0.793158 0.379122 0.298514
14  0.833757 3.805351 0.692955  -0.040492 0.554885 1.469865
15  0.000047 6.792203 0.000037  0.007991 0.036071 -0.011407
16  -0.000064 7.744815 0.000015  -0.017442 -0.155305 0.068153
17  0.000075 7.809708 0.000016  -0.033637 0.005026 0.006142
18  -0.000025 7.867665 0.000017  -0.073329 -0.127910 0.026375
19  3.494697 -1.749097 -3.006912  0.152547 2.070419 1.936939
20  0.000120 4.478321 0.000017  -0.194659 0.310431 -0.234996
21  0.000049 4.636114 -0.000028  0.035820 0.324592 -0.151767
22  -0.000042 5.008651 0.000013  0.076000 -0.286565 0.276091
23  0.000062 4.781165 0.000010  0.904405 -2.690904 -0.015801
24  2.253039 1.989057 -3.350106  -1.523632 1.324495 0.112393
25  0.000158 6.589470 0.000168  0.206356 -0.002128 -0.080395
26  0.000040 7.491416 0.000047  -0.333516 0.184455 -0.191163
27  0.000024 7.660308 -0.000054  -0.063173 0.127194 -0.062119
28  0.000004 7.256268 0.000022  -0.052939 -0.487829 0.313813
29  -0.791158 2.265121 -1.234655  -0.753899 1.136376 0.824665
30  -0.000259 8.572267 -0.000092  -0.222844 -0.296789 0.176505
31  -0.000096 8.117217 0.000046  0.072258 0.772520 -0.285587
32  -0.000086 8.230036 -0.000073  -0.080496 -0.347232 0.072252
33  0.000060 7.366724 0.000051  -0.015392 -0.663893 0.062743
34  0.224220 0.240131 -3.218158  -0.877380 1.468889 0.577821
35  -0.000099 7.721050 -0.000301  -0.283829 0.060495 -0.167556
36  -0.000032 7.374853 0.000001  0.007537 -0.195020 0.049539
37  0.000075 6.848108 0.000004  0.005484 0.006497 -0.033649
38  -0.000054 7.777868 0.000009  -0.186096 0.182474 -0.152847
39  -1.514471 2.104647 -1.150167  -0.029093 0.541320 1.555671
40  -0.000173 6.982348 -0.000076  -0.199699 -0.041214 0.153490
41  0.000038 8.382859 -0.000072  0.044867 0.587987 -0.257958
42  0.000014 8.697699 -0.000026  -0.102637 -0.474319 0.290942
43  0.000055 8.921808 -0.000002  -0.076257 0.581004 -0.195602
44  1.196194 2.899159 -2.353086  -0.449719 1.030105 1.287423
45  0.000106 5.476945 0.000006  0.285574 -0.099353 -0.038446
46  -0.000074 6.060439 -0.000090  -0.155020 -0.575032 0.384609
47  0.000018 5.994266 0.000028  0.033940 0.288574 -0.067730
48  -0.000007 6.100487 0.000003  -0.068407 0.299273 -0.162152
49  0.000035 6.916755 0.000011  -0.096318 0.220533 -0.107966
50  0.000149 6.435061 -0.000041  -0.037456 0.171630 -0.116573
51  1.092791 3.649511 -1.738794  -0.148600 0.876612 1.445020
52  -0.000134 6.792205 -0.000108  0.008284 0.107792 -0.048643
53  -0.000084 7.744778 -0.000032  0.057137 -0.256893 0.015458
54  0.000087 9.115021 -0.000038  -0.020393 0.256253 -0.142636
55  3.494513 -1.749102 3.007064  0.118400 1.106974 1.813803
56  0.000014 4.323834 0.000085  -0.229908 -0.770943 0.449224
57  0.000029 4.872898 -0.000020  0.367245 -0.664052 -0.254033
58  0.000006 5.056644 0.000090  -0.511237 0.856585 -0.546325
59  2.292466 1.708618 3.661674  -1.762560 1.789109 -0.218979
60  -0.000173 6.589442 0.000271  -0.007132 -0.169123 0.176911
61  0.000173 7.491496 -0.000146  -0.132413 -0.107097 0.179327
62  -0.000139 8.249660 0.000142  0.041913 -0.058209 0.015813
63  0.000071 8.605237 -0.000025  0.101585 0.501824 -0.079696
64  -0.240493 2.066069 2.349268  -0.357331 2.461714 1.296076
65  -0.000088 7.721101 -0.000003  -0.208231 -0.126223 -0.116492
66  -0.000122 7.374864 -0.000045  -0.111017 0.046939 -0.046466
67  -0.000037 6.848066 -0.000027  0.273533 0.247522 0.299909
68  0.000036 7.777826 -0.000043  0.072920 0.186148 -0.052689
69  -0.000082 8.178052 0.000010  -0.087031 -0.422849 -0.381357
70  1.617604 3.431411 2.399265  -0.249454 2.569514 1.508568
71  -0.000161 5.476946 -0.000030  0.057729 0.074071 0.060287
72  -0.000094 6.060498 -0.000008  -0.015205 0.015650 -0.152066
73  0.000022 5.994248 0.000012  -0.126210 -0.157657 0.153303
74  -0.000073 7.076870 -0.000047  -0.008118 0.010385 0.036402
75  0.000000 7.089868 -0.000071  0.070875 0.098587 -0.025893
76  0.361112 0.886685 3.287745  -0.576369 1.978708 0.939011
77  -0.000065 6.686648 0.000222  -0.146568 0.414164 -0.327704
78  -0.000012 7.638019 0.000014  -0.079523 -0.025948 0.130953
79  -0.000030 7.290231 -0.000019  0.025325 -0.093908 0.023965
80  -0.000034 6.530369 0.000003  -0.261847 -0.300601 0.006734
81  0.000063 7.224883 0.000009  0.036505 0.032481 -0.175823
82  1.071897 3.225799 1.570115  -0.043805 2.859975 1.526244
83  0.000415 6.748908 -0.000067  -0.062703 0.083783 0.022203
84  -0.000051 8.002643 0.000026  -0.067497 -0.117209 -0.115600
85  0.000016 8.580572 -0.000097  0.088214 -0.007187 0.334606
86  0.000170 8.689834 -0.000041  0.065326 -0.412430 -0.134518
87  -1.514531 2.104644 0.318055  -0.024895 3.094491 1.569491
88  0.000186 6.982281 0.000012  -0.107588 -0.057625 -0.215715
89  -0.000008 8.382873 -0.000068  0.135030 -0.099914 0.287073
90  -0.000055 8.697676 0.000023  -0.148089 -0.510100 0.044838
91  -0.000131 8.921824 0.000078  -0.236827 -0.892635 0.098804
92  3.553613 -3.478046 2.409276  0.000821 0.762046 1.535304
93  0.000000 4.476906 -0.000006  -0.151004 -0.588330 0.377259
94  0.000029 4.514123 -0.000023  -0.228868 -2.996200 0.592367
95  0.000043 4.518383 -0.000023  0.143171 2.612777 0.693383
96  0.000023 3.598330 0.000025  -0.749304 0.869851 -0.773233
97  4.209915 -0.440343 1.018824  -2.045146 -2.236903 0.211322
98  4.265510 1.434231 -0.404994  -1.931189 -0.099190 -0.197359
99  9.400233 0.017942 0.083208  0.069884 -0.066153 -1.292376
100  10.242420 0.033589 0.064488  2.229183 -0.129215 -0.552079
101  3.465860 -0.059672 0.016693  -0.015713 0.110599 0.047226
102  1.655591 -0.000025 0.000021  0.027485 -0.186352 -0.832039
103  0.960767 0.000001 -0.000008  0.007160 -0.060110 -0.691949
104  3.462033 -0.064239 0.939906  0.316658 -0.070892 0.025228
105  1.497178 -0.000008 0.000021  -0.465506 -0.144633 -0.356546
106  0.793760 -0.000001 -0.000002  -0.022893 0.043333 -0.725846
107  0.591664 -0.460685 0.835207  -0.998845 -0.654000 -0.477795
108  1.556140 0.000006 0.000001  -0.190415 0.081820 0.350651
109  1.135905 0.000020 0.000006  -0.017220 -0.044350 0.206322
110  3.084273 -0.668814 -1.257087  -0.577615 0.177733 -0.726352
111  1.064204 0.000007 0.000005  -0.069581 0.130252 -1.412196
112  0.640341 0.000005 -0.000010  -0.039917 0.088645 -1.062709
113  3.396826 -0.242130 -0.708691  -0.277861 0.192318 -0.355738
114  1.532969 -0.000000 0.000006  0.022774 -0.001401 -1.040376
115  0.832973 -0.000009 -0.000001  0.003037 0.034528 -1.037946
116  4.209938 -0.440340 -1.019279  2.041355 2.144960 0.227816
117  4.266745 1.424947 0.424935  1.838814 -0.093170 -0.550057
118  9.398572 0.011947 -0.082520  -0.016862 0.063371 -0.561208
119  10.242439 0.028176 -0.062907  -1.833541 0.112885 0.354753
120  3.465749 -0.067529 0.002267  -0.239228 0.250124 -1.676226
121  1.655563 0.000001 0.000005  -0.167074 0.184842 -1.183837
122  0.960908 0.000002 -0.000000  -0.020713 0.178065 -0.899826
123  3.466855 -0.077779 -0.920909  -0.488867 0.122465 -1.690242
124  1.497257 -0.000033 -0.000021  -0.583614 0.323578 -1.033370
125  0.793789 -0.000009 -0.000000  -0.225669 0.389391 -0.773835
126  0.595081 -0.467150 -0.829177  2.469091 0.674292 -0.725468
127  1.555683 0.000018 -0.000004  0.634852 0.518583 1.167634
128  1.136817 -0.000008 0.000003  0.622355 0.470242 1.130593
129  3.075974 -0.667967 1.277700  0.604960 0.219972 -1.352230
130  1.064590 0.000020 0.000009  0.028664 -0.118828 -0.857296
131  0.640361 -0.000016 -0.000004  -0.106823 -0.025502 -0.499710
132  3.392414 -0.245372 0.728375  0.109011 0.338834 -1.812530
133  1.532735 -0.000013 -0.000002  0.007325 0.016549 -0.813072
134  0.833153 0.000012 0.000006  -0.082809 -0.070056 -1.041526
135  3.590107 -3.090298 1.193973  1.635457 1.210566 1.548541
136  3.589552 -3.089882 -1.196372  -1.505736 1.210473 -1.592853
137  -0.436564 4.719025 -0.001075  -0.000591 -1.570733 1.693048
138  0.000001 2.775460 -0.000234  -0.135089 0.000001 -0.000000
139  0.000000 3.189768 0.000010  0.207820 -0.000000 0.000000
140  0.000001 3.504653 0.000047  -0.261876 0.000000 -0.000000
141  -0.000000 2.863200 -0.000001  -0.051268 0.000000 -0.000000
time 65
0  1.976922 2.722547 32.987160  1.570862 0.000000 -0.000000
1  0.002636 43.025146 0.734438  -0.109182 -1.120500 -0.065863
2  3.061857 -4.181012 -0.610804  -1.970012 -0.281068 -0.762580
3  18.476774 0.000159 -0.000002  -0.004784 -0.068865 0.884830
4  17.490086 0.000117 0.000005  -0.245871 0.573839 -1.381244
5  -3.065329 -4.183575 -0.611480  -1.417286 -0.538120 -2.073022
6  18.474855 -0.000036 -0.000010  0.016487 0.087362 1.154318
7  17.489582 0.001915 -0.000006  0.180606 -0.539598 -1.516884
8  -0.000117 -0.048879 -0.576226  1.509763 -0.024460 1.554599
9  3.224481 0.767047 0.000495  -0.087963 -0.017251 0.287234
10  3.223907 0.226399 -0.001945  -0.059621 -0.009891 0.243787
11  5.187324 -1.262562 -0.001178  0.000012 0.000066 0.194111
12  6.928412 -1.935315 -0.000227  -2.946719 -0.214161 0.219470
13  3.236367 1.079615 0.000058  0.794740 0.381243 0.297554
14  0.833764 3.805358 0.692955  -0.040492 0.554885 1.469865
15  0.000033 6.792218 0.000038  0.007991 0.036070 -0.011407
16  -0.000069 7.744816 0.000016  -0.017442 -0.155305 0.068153
17  0.000069 7.809700 0.000017  -0.033637 0.005026 0.006142
18  -0.000030 7.867673 0.000017  -0.073329 -0.127910 0.026375
19  3.494701 -1.749088 -3.006912  0.152547 2.070419 1.936939
20  0.000120 4.478322 0.000020  -0.194659 0.310431 -0.234996
21  0.000048 4.636117 -0.000029  0.035820 0.324592 -0.151767
22  -0.000041 5.008649 0.000015  0.076000 -0.286565 0.276091
23  0.000065 4.781162 0.000008  0.904405 -2.690904 -0.015801
24  2.253040 1.989061 -3.350107  -1.523632 1.324495 0.112394
25  0.000161 6.589465 0.000165  0.206356 -0.002128 -0.080395
26  0.000043 7.491412 0.000042  -0.333516 0.184455 -0.191163
27  0.000025 7.660305 -0.000052  -0.063173 0.127194 -0.062119
28  0.000007 7.256271 0.000021  -0.052939 -0.487829 0.313813
29  -0.791159 2.265120 -1.234656  -0.753899 1.136376 0.824665
30  -0.000258 8.572259 -0.000088  -0.222844 -0.296789 0.176505
31  -0.000092 8.117213 0.000048  0.072258 0.772520 -0.285587
32  -0.000082 8.230030 -0.000069  -0.080496 -0.347232 0.072252
33  0.000062 7.366722 0.000055  -0.015392 -0.663893 0.062743
34  0.224217 0.240129 -3.218158  -0.877380 1.468889 0.577821
35  -0.000101 7.721050 -0.000305  -0.283829 0.060495 -0.167556
36  -0.000032 7.374852 -0.000000  0.007537 -0.195020 0.049539
37  0.000075 6.848104 0.000006  0.005484 0.006497 -0.033649
38  -0.000052 7.777861 0.000008  -0.186096 0.182474 -0.152847
39  -1.514467 2.104650 -1.150167  -0.029093 0.541320 1.555671
40  -0.000171 6.982346 -0.000077  -0.199699 -0.041214 0.153490
41  0.000039 8.382858 -0.000071  0.044867 0.587987 -0.257958
42  0.000019 8.697701 -0.000023  -0.102637 -0.474319 0.290942
43  0.000054 8.921804 -0.000001  -0.076257 0.581004 -0.195602
44  1.196194 2.899159 -2.353086  -0.449719 1.030105 1.287423
45  0.000106 5.476944 0.000004  0.285574 -0.099353 -0.038446
46  -0.000068 6.060436 -0.000092  -0.155020 -0.575031 0.384609
47  0.000018 5.994261 0.000031  0.033940 0.288574 -0.067730
48  -0.000010 6.100488 -0.000001  -0.068407 0.299273 -0.162152
49  0.000034 6.916764 0.000010  -0.096318 0.220533 -0.107966
50  0.000151 6.435061 -0.000044  -0.037456 0.171630 -0.116573
51  1.092793 3.649514 -1.738794  -0.148600 0.876612 1.445020
52  -0.000132 6.792199 -0.000105  0.008285 0.107792 -0.048643
53  -0.000088 7.744778 -0.000032  0.057137 -0.256893 0.015458
54  0.000085 9.115026 -0.000035  -0.020393 0.256253 -0.142636
55  3.494521 -1.749095 3.007063  0.118400 1.106974 1.813803
56  0.000015 4.323835 0.000086  -0.229908 -0.770943 0.449224
57  0.000031 4.872901 -0.000021  0.367245 -0.664052 -0.254033
58  0.000004 5.056657 0.000093  -0.511237 0.856585 -0.546325
59  2.292470 1.708622 3.661675  -1.762560 1.789109 -0.218979
60  -0.000172 6.589444 0.000269  -0.007132 -0.169123 0.176911
61  0.000175 7.491498 -0.000149  -0.132413 -0.107097 0.179327
62  -0.000140 8.249657 0.000148  0.041913 -0.058209 0.015813
63  0.000072 8.605236 -0.000026  0.101585 0.501824 -0.079696
64  -0.240483 2.066077 2.349266  -0.357331 2.461714 1.296076
65  -0.000082 7.721107 -0.000005  -0.208231 -0.126223 -0.116492
66  -0.000122 7.374867 -0.000048  -0.111017 0.046940 -0.046466
67  -0.000035 6.848068 -0.000026  0.273533 0.247522 0.299909
68  0.000037 7.777826 -0.000042  0.072920 0.186148 -0.052689
69  -0.000082 8.178054 0.000010  -0.087031 -0.422849 -0.381357
70  1.617603 3.431412 2.399265  -0.249454 2.569514 1.508568
71  -0.000166 5.476938 -0.000026  0.057729 0.074071 0.060287
72  -0.000091 6.060497 -0.000006  -0.015205 0.015650 -0.152067
73  0.000025 5.994249 0.000012  -0.126210 -0.157657 0.153303
74  -0.000078 7.076869 -0.000050  -0.008118 0.010384 0.036402
75  0.000004 7.089870 -0.000070  0.070875 0.098587 -0.025893
76  0.361110 0.886687 3.287746  -0.576369 1.978708 0.939011
77  -0.000067 6.686641 0.000221  -0.146568 0.414164 -0.327704
78  -0.000010 7.638021 0.000010  -0.079524 -0.025948 0.130953
79  -0.000032 7.290231 -0.000023  0.025325 -0.093908 0.023965
80  -0.000033 6.530364 0.000005  -0.261847 -0.300601 0.006734
81  0.000061 7.224882 0.000009  0.036505 0.032481 -0.175823
82  1.071900 3.225803 1.570115  -0.043805 2.859975 1.526244
83  0.000411 6.748895 -0.000066  -0.062703 0.083783 0.022203
84  -0.000045 8.002643 0.000027  -0.067497 -0.117209 -0.115600
85  0.000011 8.580573 -0.000098  0.088214 -0.007187 0.334606
86  0.000171 8.689831 -0.000041  0.065326 -0.412430 -0.134518
87  -1.514539 2.104637 0.318056  -0.024895 3.094491 1.569491
88  0.000192 6.982285 0.000011  -0.107588 -0.057625 -0.215715
89  -0.000008 8.382872 -0.000067  0.135030 -0.099914 0.287073
90  -0.000065 8.697668 0.000024  -0.148089 -0.510100 0.044838
91  -0.000130 8.921821 0.000078  -0.236827 -0.892635 0.098804
92  3.553613 -3.478046 2.409277  0.000821 0.762046 1.535304
93  -0.000005 4.476902 -0.000006  -0.151004 -0.588330 0.377259
94  0.000030 4.514118 -0.000023  -0.228868 -2.996199 0.592367
95  0.000044 4.518390 -0.000021  0.143171 2.612777 0.693383
96  0.000027 3.598324 0.000023  -0.749304 0.869851 -0.773233
97  4.209924 -0.440346 1.018824  -2.044951 -2.237938 0.210906
98  4.265509 1.434232 -0.404989  -1.943070 -0.098213 -0.195619
99  9.400232 0.017941 0.083199  0.071100 -0.065778 -1.309183
100  10.242422 0.033591 0.064479  2.231081 -0.128083 -0.557109
101  3.465858 -0.059678 0.016693  -0.015334 0.111787 0.053494
102  1.655594 -0.000028 0.000021  0.028005 -0.186864 -0.834939
103  0.960770 -0.000004 -0.000004  0.007307 -0.060577 -0.694735
104  3.462031 -0.064243 0.939909  0.316592 -0.070553 0.028094
105  1.497176 -0.000009 0.000025  -0.465195 -0.145360 -0.358316
106  0.793760 0.000008 -0.000001  -0.023055 0.043504 -0.728258
107  0.591664 -0.460690 0.835209  -0.998931 -0.654148 -0.477636
108  1.556140 -0.000002 -0.000001  -0.190301 0.081772 0.350601
109  1.135905 0.000020 -0.000001  -0.017280 -0.044339 0.206327
110  3.084270 -0.668821 -1.257083  -0.577653 0.177976 -0.725697
111  1.064203 -0.000007 0.000007  -0.069818 0.130369 -1.414459
112  0.640341 0.000006 -0.000009  -0.040122 0.089466 -1.064359
113  3.396825 -0.242135 -0.708689  -0.277388 0.193362 -0.352147
114  1.532971 0.000005 0.000005  0.022842 -0.001282 -1.040941
115  0.832974 -0.000004 -0.000003  0.003053 0.035254 -1.038567
116  4.209944 -0.440341 -1.019279  2.043676 2.147822 0.229327
117  4.266744 1.424937 0.424938  1.856777 -0.086663 -0.544922
118  9.398570 0.011948 -0.082518  -0.014883 0.062360 -0.532566
119  10.242434 0.028175 -0.062916  -1.839009 0.116666 0.331852
120  3.465750 -0.067529 0.002266  -0.236118 0.250340 -1.662309
121  1.655567 0.000004 0.000006  -0.166262 0.184692 -1.179164
122  0.960907 0.000009 0.000001  -0.019631 0.177203 -0.894512
123  3.466857 -0.077784 -0.920911  -0.488508 0.123130 -1.687022
124  1.497257 -0.000033 -0.000023  -0.578576 0.320259 -1.018127
125  0.793789 -0.000005 -0.000000  -0.217900 0.381364 -0.760142
126  0.595082 -0.467155 -0.829178  2.468926 0.674369 -0.725978
127  1.555675 0.000015 -0.000003  0.634169 0.518243 1.166774
128  1.136817 -0.000010 0.000001  0.622680 0.470329 1.130947
129  3.075979 -0.667971 1.277699  0.606397 0.208041 -1.338768
130  1.064597 0.000019 0.000013  0.028777 -0.118860 -0.858822
131  0.640362 -0.000017 -0.000006  -0.106950 -0.025633 -0.501369
132  3.392413 -0.245369 0.728375  0.110390 0.337818 -1.808518
133  1.532738 -0.000011 -0.000001  0.007309 0.016569 -0.813939
134  0.833152 0.000008 0.000005  -0.082849 -0.070110 -1.042401
135  3.590114 -3.090295 1.193972  1.635457 1.210566 1.548541
136  3.589562 -3.089880 -1.196373  -1.505736 1.210473 -1.592853
137  -0.436557 4.719025 -0.001076  -0.000709 -1.570733 1.693048
138  0.000000 2.775449 -0.000232  -0.135089 0.000001 -0.000000
139  0.000000 3.189776 0.000008  0.207820 -0.000000 0.000000
140  -0.000000 3.504643 0.000045  -0.261876 0.000000 -0.000000
141  0.000000 2.863203 -0.000004  -0.051268 -0.000000 -0.000000
time 66
0  2.050996 2.677293 33.112823  1.570862 0.000000 -0.000000
1  0.002636 43.025146 0.734438  -0.110973 -1.118430 -0.066436
2  3.061857 -4.181013 -0.610803  -1.971860 -0.278865 -0.766721
3  18.476772 0.000155 0.000002  -0.004514 -0.068274 0.876886
4  17.490084 0.000117 0.000002  -0.238751 0.573153 -1.369299
5  -3.065329 -4.183576 -0.611479  -1.419366 -0.527806 -2.071934
6  18.474852 -0.000037 -0.000006  0.015624 0.086326 1.137814
7  17.489582 0.001917 -0.000007  0.182590 -0.538218 -1.508653
8  -0.000117 -0.048878 -0.576225  1.510185 -0.027429 1.555636
9  3.224486 0.767047 0.000496  -0.086137 -0.015467 0.290994
10  3.223908 0.226399 -0.001944  -0.058788 -0.008852 0.246013
11  5.187322 -1.262561 -0.001177  0.000012 0.000066 0.194111
12  6.928404 -1.935311 -0.000227  -2.948771 -0.211669 0.216850
13  3.236364 1.079615 0.000057  0.792844 0.380681 0.298039
14  0.833767 3.805357 0.692954  -0.040492 0.554885 1.469865
15  0.000037 6.792204 0.000039  0.007991 0.036071 -0.011407
16  -0.000070 7.744821 0.000014  -0.017443 -0.155305 0.068153
17  0.000073 7.809704 0.000017  -0.033637 0.005026 0.006142
18  -0.000022 7.867672 0.000018  -0.073329 -0.127910 0.026375
19  3.494705 -1.749085 -3.006913  0.152547 2.070419 1.936938
20  0.000117 4.478321 0.000017  -0.194659 0.310431 -0.234996
21  0.000046 4.636121 -0.000029  0.035820 0.324592 -0.151767
22  -0.000041 5.008658 0.000015  0.076000 -0.286565 0.276091
23  0.000062 4.781160 0.000010  0.904405 -2.690903 -0.015801
24  2.253046 1.989064 -3.350108  -1.523632 1.324495 0.112394
25  0.000162 6.589466 0.000167  0.206356 -0.002128 -0.080395
26  0.000043 7.491414 0.000042  -0.333516 0.184455 -0.191163
27  0.000026 7.660310 -0.000055  -0.063173 0.127194 -0.062119
28  0.000005 7.256266 0.000018  -0.052939 -0.487829 0.313813
29  -0.791153 2.265124 -1.234656  -0.753899 1.136376 0.824665
30  -0.000256 8.572260 -0.000089  -0.222844 -0.296789 0.176505
31  -0.000097 8.117215 0.000049  0.072258 0.772520 -0.285587
32  -0.000083 8.230034 -0.000064  -0.080496 -0.347232 0.072252
33  0.000060 7.366724 0.000052  -0.015393 -0.663893 0.062743
34  0.224221 0.240132 -3.218159  -0.877380 1.468889 0.577821
35  -0.000099 7.721053 -0.000313  -0.283829 0.060495 -0.167556
36  -0.000032 7.374854 -0.000000  0.007537 -0.195020 0.049539
37  0.000076 6.848102 0.000007  0.005484 0.006497 -0.033649
38  -0.000052 7.777864 0.000005  -0.186096 0.182474 -0.152847
39  -1.514463 2.104654 -1.150168  -0.029093 0.541320 1.555671
40  -0.000170 6.982353 -0.000079  -0.199699 -0.041214 0.153490
41  0.000039 8.382860 -0.000072  0.044867 0.587987 -0.257958
42  0.000012 8.697700 -0.000028  -0.102637 -0.474319 0.290942
43  0.000057 8.921799 -0.000004  -0.076257 0.581004 -0.195603
44  1.196191 2.899155 -2.353086  -0.449719 1.030105 1.287423
45  0.000105 5.476944 0.000008  0.285574 -0.099353 -0.038446
46  -0.000074 6.060439 -0.000087  -0.155020 -0.575032 0.384609
47  0.000021 5.994268 0.000028  0.033940 0.288574 -0.067730
48  -0.000005 6.100489 0.000004  -0.068407 0.299273 -0.162152
49  0.000035 6.916758 0.000007  -0.096318 0.220533 -0.107966
50  0.000151 6.435061 -0.000048  -0.037456 0.171630 -0.116573
51  1.092800 3.649517 -1.738795  -0.148600 0.876612 1.445020
52  -0.000131 6.792197 -0.000100  0.008284 0.107792 -0.048643
53  -0.000089 7.744780 -0.000030  0.057137 -0.256893 0.015458
54  0.000085 9.115027 -0.000037  -0.020393 0.256253 -0.142636
55  3.494522 -1.749097 3.007063  0.118400 1.106974 1.813803
56  0.000014 4.323833 0.000086  -0.229908 -0.770943 0.449224
57  0.000028 4.872897 -0.000023  0.367245 -0.664052 -0.254033
58  0.000010 5.056648 0.000092  -0.511237 0.856585 -0.546325
59  2.292467 1.708614 3.661674  -1.762560 1.789109 -0.218979
60  -0.000174 6.589446 0.000275  -0.007132 -0.169123 0.176911
61  0.000174 7.491497 -0.000152  -0.132413 -0.107097 0.179327
62  -0.000140 8.249657 0.000144  0.041913 -0.058209 0.015813
63  0.000072 8.605234 -0.000024  0.101585 0.501824 -0.079696
64  -0.240482 2.066079 2.349267  -0.357331 2.461714 1.296076
65  -0.000085 7.721104 -0.000005  -0.208231 -0.126223 -0.116492
66  -0.000121 7.374866 -0.000047  -0.111017 0.046939 -0.046466
67  -0.000033 6.848064 -0.000027  0.273533 0.247522 0.299909
68  0.000034 7.777826 -0.000044  0.072920 0.186148 -0.052689
69  -0.000087 8.178050 0.000010  -0.087031 -0.422849 -0.381357
70  1.617610 3.431414 2.399264  -0.249454 2.569514 1.508568
71  -0.000165 5.476937 -0.000029  0.057729 0.074071 0.060287
72  -0.000096 6.060493 -0.000004  -0.015205 0.015650 -0.152066
73  0.000028 5.994247 0.000011  -0.126210 -0.157657 0.153303
74  -0.000077 7.076876 -0.000046  -0.008118 0.010384 0.036402
75  0.000006 7.089869 -0.000069  0.070875 0.098587 -0.025893
76  0.361113 0.886684 3.287745  -0.576369 1.978708 0.939011
77  -0.000067 6.686645 0.000224  -0.146568 0.414164 -0.327704
78  -0.000009 7.638018 0.000010  -0.079524 -0.025948 0.130953
79  -0.000035 7.290233 -0.000020  0.025325 -0.093908 0.023965
80  -0.000035 6.530364 0.000005  -0.261847 -0.300601 0.006734
81  0.000062 7.224882 0.000009  0.036505 0.032481 -0.175823
82  1.071902 3.225803 1.570114  -0.043805 2.859975 1.526244
83  0.000413 6.748900 -0.000066  -0.062703 0.083783 0.022203
84  -0.000046 8.002653 0.000028  -0.067497 -0.117209 -0.115600
85  0.000013 8.580572 -0.000098  0.088214 -0.007187 0.334606
86  0.000162 8.689833 -0.000041  0.065326 -0.412430 -0.134518
87  -1.514533 2.104640 0.318055  -0.024895 3.094491 1.569491
88  0.000193 6.982283 0.000012  -0.107588 -0.057625 -0.215715
89  -0.000010 8.382870 -0.000068  0.135030 -0.099914 0.287073
90  -0.000066 8.697670 0.000023  -0.148089 -0.510100 0.044838
91  -0.000137 8.921825 0.000083  -0.236827 -0.892635 0.098804
92  3.553620 -3.478042 2.409276  0.000821 0.762046 1.535304
93  0.000004 4.476902 -0.000005  -0.151004 -0.588330 0.377259
94  0.000034 4.514124 -0.000023  -0.228868 -2.996199 0.592367
95  0.000042 4.518383 -0.000023  0.143171 2.612777 0.693383
96  0.000027 3.598332 0.000024  -0.749304 0.869851 -0.773233
97  4.209914 -0.440344 1.018824  -2.041962 -2.237617 0.208327
98  4.265503 1.434235 -0.404992  -1.956194 -0.101158 -0.192342
99  9.400231 0.017941 0.083201  0.072486 -0.065323 -1.328460
100  10.242422 0.033586 0.064484  2.233071 -0.127736 -0.562040
101  3.465852 -0.059677 0.016696  -0.015071 0.112553 0.057513
102  1.655594 -0.000022 0.000024  0.028324 -0.187171 -0.836763
103  0.960770 -0.000004 -0.000005  0.007349 -0.060869 -0.696489
104  3.462026 -0.064246 0.939909  0.316589 -0.070316 0.029918
105  1.497177 -0.000004 0.000025  -0.465034 -0.145816 -0.359507
106  0.793760 -0.000002 -0.000001  -0.023161 0.043617 -0.729845
107  0.591661 -0.460693 0.835205  -0.998925 -0.654191 -0.477594
108  1.556139 0.000001 -0.000000  -0.190308 0.081761 0.350541
109  1.135905 0.000017 0.000003  -0.017285 -0.044356 0.206269
110  3.084266 -0.668820 -1.257084  -0.577644 0.178181 -0.725224
111  1.064201 -0.000002 0.000006  -0.069968 0.130387 -1.415866
112  0.640336 0.000004 -0.000009  -0.040291 0.090032 -1.065363
113  3.396819 -0.242139 -0.708688  -0.277073 0.193993 -0.349864
114  1.532968 0.000001 0.000006  0.022905 -0.001160 -1.040942
115  0.832974 -0.000002 -0.000001  0.003006 0.035779 -1.038446
116  4.209935 -0.440341 -1.019279  2.046131 2.151083 0.230757
117  4.266743 1.424946 0.424939  1.877649 -0.080271 -0.541648
118  9.398568 0.011948 -0.082521  -0.012660 0.061139 -0.499865
119  10.242434 0.028177 -0.062912  -1.843869 0.119483 0.307088
120  3.465747 -0.067527 0.002268  -0.233009 0.250519 -1.648390
121  1.655554 0.000002 0.000006  -0.165297 0.184586 -1.173594
122  0.960907 0.000001 -0.000001  -0.018330 0.176114 -0.888039
123  3.466856 -0.077782 -0.920910  -0.488094 0.124090 -1.682379
124  1.497259 -0.000034 -0.000023  -0.573845 0.317000 -1.003441
125  0.793789 -0.000013 0.000000  -0.210552 0.373495 -0.747099
126  0.595079 -0.467151 -0.829176  2.468760 0.674447 -0.726487
127  1.555674 0.000011 -0.000003  0.633493 0.517840 1.165841
128  1.136812 -0.000004 -0.000001  0.619749 0.469644 1.127978
129  3.075975 -0.667969 1.277700  0.607603 0.196378 -1.325651
130  1.064593 0.000018 0.000010  0.028658 -0.118765 -0.856636
131  0.640363 -0.000015 -0.000006  -0.106759 -0.025452 -0.499008
132  3.392413 -0.245369 0.728376  0.113255 0.335629 -1.800239
133  1.532737 -0.000006 -0.000000  0.007319 0.016557 -0.813406
134  0.833149 0.000009 0.000005  -0.082805 -0.070065 -1.041864
135  3.590108 -3.090295 1.193973  1.635457 1.210566 1.548541
136  3.589558 -3.089880 -1.196372  -1.505736 1.210473 -1.592853
137  -0.436559 4.719025 -0.001076  -0.000473 -1.570733 1.693137
138  0.000000 2.775458 -0.000237  -0.135089 0.000001 0.000000
139  0.000000 3.189770 0.000007  0.207820 -0.000000 0.000000
140  0.000001 3.504657 0.000044  -0.261876 0.000000 -0.000000
141  0.000000 2.863201 0.000000  -0.051268 -0.000000 -0.000000
time 67
0  2.136961 2.613053 33.240040  1.570862 0.000000 -0.000000
1  0.002636 43.025146 0.734438  -0.111561 -1.113244 -0.068598
2  3.061857 -4.181009 -0.610803  -1.974117 -0.278936 -0.770531
3  18.476774 0.000159 -0.000000  -0.004309 -0.067816 0.870755
4  17.490086 0.000118 0.000002  -0.229658 0.573619 -1.357139
5  -3.065330 -4.183577 -0.611480  -1.421760 -0.515188 -2.070889
6  18.474854 -0.000033 -0.000008  0.014682 0.085153 1.119401
7  17.489582 0.001916 -0.000009  0.187106 -0.535863 -1.500887
8  -0.000118 -0.048883 -0.576226  1.511933 -0.030808 1.556893
9  3.224481 0.767047 0.000495  -0.083275 -0.013709 0.295608
10  3.223906 0.226399 -0.001944  -0.056972 -0.007833 0.249030
11  5.187320 -1.262561 -0.001177  0.000012 0.000066 0.194111
12  6.928409 -1.935308 -0.000228  -2.951195 -0.208334 0.214210
13  3.236363 1.079610 0.000059  0.787525 0.378641 0.300032
14  0.833766 3.805358 0.692955  -0.040492 0.554885 1.469865
15  0.000037 6.792208 0.000039  0.007991 0.036071 -0.011407
16  -0.000071 7.744812 0.000014  -0.017442 -0.155305 0.068153
17  0.000072 7.809702 0.000018  -0.033637 0.005026 0.006142
18  -0.000023 7.867670 0.000018  -0.073329 -0.127910 0.026375
19  3.494704 -1.749089 -3.006913  0.152547 2.070419 1.936939
20  0.000119 4.478318 0.000018  -0.194659 0.310431 -0.234996
21  0.000048 4.636124 -0.000029  0.035820 0.324592 -0.151767
22  -0.000042 5.008652 0.000017  0.076000 -0.286565 0.276091
23  0.000064 4.781161 0.000009  0.904405 -2.690903 -0.015801
24  2.253045 1.989065 -3.350107  -1.523632 1.324495 0.112394
25  0.000160 6.589463 0.000166  0.206356 -0.002128 -0.080395
26  0.000040 7.491413 0.000043  -0.333516 0.184455 -0.191163
27  0.000025 7.660306 -0.000052  -0.063173 0.127194 -0.062119
28  0.000006 7.256275 0.000017  -0.052939 -0.487829 0.313813
29  -0.791154 2.265122 -1.234656  -0.753899 1.136376 0.824665
30  -0.000260 8.572264 -0.000092  -0.222844 -0.296789 0.176505
31  -0.000092 8.117211 0.000049  0.072258 0.772520 -0.285587
32  -0.000082 8.230034 -0.000068  -0.080496 -0.347232 0.072252
33  0.000058 7.366727 0.000055  -0.015392 -0.663893 0.062743
34  0.224216 0.240128 -3.218158  -0.877381 1.468889 0.577821
35  -0.000102 7.721052 -0.000307  -0.283829 0.060495 -0.167556
36  -0.000029 7.374859 0.000001  0.007537 -0.195020 0.049539
37  0.000074 6.848102 0.000006  0.005484 0.006497 -0.033649
38  -0.000049 7.777862 0.000011  -0.186096 0.182474 -0.152847
39  -1.514468 2.104647 -1.150167  -0.029093 0.541320 1.555671
40  -0.000164 6.982343 -0.000077  -0.199699 -0.041214 0.153490
41  0.000039 8.382863 -0.000072  0.044867 0.587987 -0.257958
42  0.000013 8.697706 -0.000028  -0.102637 -0.474319 0.290942
43  0.000059 8.921803 -0.000002  -0.076257 0.581004 -0.195602
44  1.196196 2.899157 -2.353086  -0.449719 1.030105 1.287423
45  0.000107 5.476939 0.000007  0.285574 -0.099353 -0.038446
46  -0.000069 6.060434 -0.000092  -0.155020 -0.575031 0.384609
47  0.000018 5.994268 0.000031  0.033940 0.288575 -0.067730
48  -0.000005 6.100484 0.000001  -0.068407 0.299273 -0.162152
49  0.000032 6.916756 0.000010  -0.096318 0.220533 -0.107966
50  0.000147 6.435061 -0.000049  -0.037456 0.171630 -0.116573
51  1.092799 3.649518 -1.738795  -0.148600 0.876612 1.445020
52  -0.000125 6.792198 -0.000102  0.008284 0.107792 -0.048643
53  -0.000088 7.744773 -0.000030  0.057137 -0.256893 0.015458
54  0.000086 9.115020 -0.000032  -0.020393 0.256253 -0.142636
55  3.494520 -1.749098 3.007063  0.118400 1.106974 1.813803
56  0.000016 4.323835 0.000087  -0.229908 -0.770943 0.449224
57  0.000030 4.872901 -0.000022  0.367245 -0.664051 -0.254033
58  0.000006 5.056649 0.000091  -0.511237 0.856585 -0.546326
59  2.292470 1.708618 3.661675  -1.762560 1.789109 -0.218979
60  -0.000172 6.589438 0.000265  -0.007132 -0.169123 0.176911
61  0.000175 7.491499 -0.000155  -0.132413 -0.107097 0.179327
62  -0.000139 8.249664 0.000142  0.041913 -0.058209 0.015813
63  0.000072 8.605232 -0.000023  0.101585 0.501824 -0.079696
64  -0.240489 2.066073 2.349267  -0.357331 2.461714 1.296076
65  -0.000085 7.721109 -0.000003  -0.208231 -0.126223 -0.116492
66  -0.000121 7.374864 -0.000048  -0.111017 0.046939 -0.046466
67  -0.000037 6.848063 -0.000027  0.273533 0.247522 0.299909
68  0.000036 7.777823 -0.000044  0.072920 0.186148 -0.052689
69  -0.000086 8.178049 0.000012  -0.087031 -0.422849 -0.381357
70  1.617607 3.431414 2.399264  -0.249454 2.569514 1.508568
71  -0.000162 5.476951 -0.000028  0.057729 0.074071 0.060287
72  -0.000097 6.060501 -0.000009  -0.015205 0.015650 -0.152067
73  0.000030 5.994254 0.000011  -0.126210 -0.157657 0.153303
74  -0.000080 7.076872 -0.000046  -0.008118 0.010384 0.036402
75  0.000001 7.089862 -0.000070  0.070875 0.098587 -0.025893
76  0.361117 0.886685 3.287745  -0.576369 1.978708 0.939011
77  -0.000066 6.686645 0.000220  -0.146568 0.414164 -0.327704
78  -0.000010 7.638017 0.000012  -0.079524 -0.025948 0.130953
79  -0.000031 7.290229 -0.000021  0.025325 -0.093908 0.023965
80  -0.000033 6.530365 0.000006  -0.261847 -0.300601 0.006734
81  0.000063 7.224880 0.000009  0.036506 0.032480 -0.175823
82  1.071901 3.225800 1.570115  -0.043805 2.859975 1.526244
83  0.000420 6.748898 -0.000066  -0.062703 0.083783 0.022203
84  -0.000049 8.002647 0.000027  -0.067497 -0.117209 -0.115600
85  0.000010 8.580572 -0.000098  0.088214 -0.007187 0.334606
86  0.000164 8.689831 -0.000039  0.065326 -0.412430 -0.134518
87  -1.514532 2.104645 0.318055  -0.024895 3.094491 1.569491
88  0.000190 6.982279 0.000011  -0.107588 -0.057625 -0.215715
89  -0.000009 8.382874 -0.000067  0.135030 -0.099914 0.287073
90  -0.000062 8.697676 0.000023  -0.148089 -0.510100 0.044839
91  -0.000137 8.921822 0.000082  -0.236827 -0.892635 0.098804
92  3.553622 -3.478040 2.409276  0.000821 0.762046 1.535304
93  0.000004 4.476895 -0.000010  -0.151004 -0.588330 0.377259
94  0.000033 4.514122 -0.000023  -0.228868 -2.996200 0.592367
95  0.000045 4.518384 -0.000022  0.143171 2.612777 0.693383
96  0.000027 3.598327 0.000025  -0.749304 0.869851 -0.773233
97  4.209923 -0.440341 1.018822  -2.036869 -2.235540 0.204444
98  4.265503 1.434235 -0.404991  -1.970616 -0.106473 -0.188380
99  9.400236 0.017939 0.083199  0.074123 -0.064747 -1.351379
100  10.242422 0.033590 0.064477  2.235802 -0.128232 -0.567357
101  3.465856 -0.059674 0.016693  -0.014982 0.112789 0.058605
102  1.655592 -0.000029 0.000020  0.028410 -0.187247 -0.837304
103  0.960769 -0.000002 -0.000007  0.007395 -0.060945 -0.696941
104  3.462028 -0.064245 0.939908  0.316588 -0.070262 0.030467
105  1.497178 -0.000004 0.000020  -0.464970 -0.145999 -0.359983
106  0.793757 0.000003 -0.000001  -0.023204 0.043662 -0.730480
107  0.591663 -0.460690 0.835205  -0.998925 -0.654191 -0.477594
108  1.556140 0.000002 -0.000001  -0.190305 0.081772 0.350601
109  1.135903 0.000018 0.000004  -0.017330 -0.044293 0.206448
110  3.084268 -0.668821 -1.257085  -0.577913 0.179126 -0.723768
111  1.064202 -0.000001 0.000002  -0.070004 0.130478 -1.416255
112  0.640343 0.000004 -0.000007  -0.040344 0.090227 -1.065502
113  3.396822 -0.242138 -0.708690  -0.277011 0.194218 -0.349090
114  1.532971 0.000010 0.000007  0.022948 -0.001122 -1.040376
115  0.832973 -0.000004 -0.000003  0.003023 0.036044 -1.037913
116  4.209944 -0.440340 -1.019280  2.048095 2.154659 0.231766
117  4.266744 1.424940 0.424936  1.901310 -0.074175 -0.541076
118  9.398567 0.011950 -0.082516  -0.010404 0.059799 -0.466053
119  10.242438 0.028175 -0.062906  -1.848220 0.121582 0.281995
120  3.465752 -0.067523 0.002267  -0.231975 0.250556 -1.643685
121  1.655554 0.000007 0.000005  -0.164354 0.184393 -1.168113
122  0.960907 0.000002 -0.000000  -0.017102 0.175102 -0.881781
123  3.466856 -0.077776 -0.920910  -0.487942 0.124395 -1.680860
124  1.497259 -0.000041 -0.000023  -0.571741 0.315466 -0.996857
125  0.793790 -0.000011 0.000001  -0.207383 0.370003 -0.741313
126  0.595081 -0.467146 -0.829175  2.468679 0.674505 -0.726818
127  1.555675 0.000016 -0.000004  0.632818 0.517438 1.164909
128  1.136814 -0.000008 -0.000001  0.612352 0.467787 1.120520
129  3.075976 -0.667960 1.277700  0.608071 0.191632 -1.320377
130  1.064592 0.000019 0.000011  0.027653 -0.118084 -0.843807
131  0.640359 -0.000014 -0.000003  -0.105486 -0.024623 -0.485018
132  3.392414 -0.245367 0.728376  0.119394 0.330950 -1.782518
133  1.532738 -0.000005 -0.000000  0.007502 0.016525 -0.809275
134  0.833151 0.000009 0.000005  -0.082529 -0.069759 -1.037628
135  3.590111 -3.090294 1.193971  1.635457 1.210566 1.548541
136  3.589559 -3.089880 -1.196373  -1.505736 1.210473 -1.592853
137  -0.436558 4.719026 -0.001077  -0.000591 -1.570733 1.693268
138  -0.000000 2.775456 -0.000235  -0.135089 0.000001 -0.000000
139  -0.000001 3.189770 0.000008  0.207820 -0.000000 0.000000
140  -0.000000 3.504646 0.000046  -0.261876 0.000000 -0.000000
141  0.000001 2.863201 0.000000  -0.051268 0.000000 -0.000000
time 68
0  2.230021 2.537054 33.360237  1.570862 0.000000 -0.000000
1  0.002636 43.025146 0.734438  -0.110936 -1.106711 -0.071754
2  3.061858 -4.181004 -0.610803  -1.976718 -0.280995 -0.773603
3  18.476772 0.000156 -0.000001  -0.004170 -0.067503 0.866561
4  17.490088 0.000117 0.000001  -0.219807 0.574388 -1.345472
5  -3.065329 -4.183569 -0.611479  -1.424237 -0.501963 -2.070019
6  18.474857 -0.000032 -0.000006  0.013739 0.083933 1.100526
7  17.489584 0.001915 -0.000006  0.193150 -0.532772 -1.493630
8  -0.000116 -0.048879 -0.576226  1.514602 -0.034367 1.558086
9  3.224485 0.767047 0.000496  -0.079566 -0.012244 0.300537
10  3.223908 0.226399 -0.001944  -0.054372 -0.006943 0.252416
11  5.187316 -1.262555 -0.001177  0.000012 0.000066 0.194111
12  6.928411 -1.935316 -0.000228  -2.953436 -0.204749 0.211508
13  3.236369 1.079613 0.000055  0.780637 0.376262 0.302350
14  0.833763 3.805349 0.692957  -0.040492 0.554885 1.469865
15  0.000035 6.792209 0.000036  0.007991 0.036071 -0.011407
16  -0.000070 7.744820 0.000016  -0.017443 -0.155305 0.068153
17  0.000070 7.809705 0.000020  -0.033637 0.005026 0.006142
18  -0.000028 7.867672 0.000018  -0.073329 -0.127910 0.026375
19  3.494703 -1.749098 -3.006911  0.152547 2.070419 1.936938
20  0.000121 4.478321 0.000019  -0.194659 0.310431 -0.234996
21  0.000047 4.636114 -0.000030  0.035820 0.324592 -0.151767
22  -0.000042 5.008646 0.000014  0.076000 -0.286565 0.276091
23  0.000063 4.781167 0.000012  0.904405 -2.690903 -0.015801
24  2.253048 1.989057 -3.350106  -1.523632 1.324495 0.112393
25  0.000163 6.589464 0.000169  0.206356 -0.002128 -0.080395
26  0.000044 7.491418 0.000042  -0.333516 0.184455 -0.191163
27  0.000026 7.660302 -0.000058  -0.063173 0.127194 -0.062119
28  0.000006 7.256269 0.000016  -0.052939 -0.487829 0.313813
29  -0.791160 2.265113 -1.234654  -0.753899 1.136376 0.824664
30  -0.000257 8.572265 -0.000094  -0.222844 -0.296789 0.176505
31  -0.000091 8.117212 0.000049  0.072258 0.772520 -0.285587
32  -0.000081 8.230030 -0.000068  -0.080496 -0.347232 0.072252
33  0.000061 7.366724 0.000053  -0.015392 -0.663893 0.062743
34  0.224225 0.240127 -3.218157  -0.877380 1.468889 0.577821
35  -0.000101 7.721057 -0.000305  -0.283829 0.060495 -0.167556
36  -0.000029 7.374858 -0.000004  0.007537 -0.195020 0.049539
37  0.000077 6.848100 0.000011  0.005484 0.006497 -0.033649
38  -0.000051 7.777866 0.000009  -0.186096 0.182474 -0.152847
39  -1.514462 2.104645 -1.150166  -0.029093 0.541320 1.555671
40  -0.000165 6.982346 -0.000078  -0.199699 -0.041214 0.153490
41  0.000038 8.382861 -0.000072  0.044867 0.587987 -0.257958
42  0.000012 8.697699 -0.000025  -0.102637 -0.474319 0.290942
43  0.000052 8.921808 -0.000003  -0.076257 0.581004 -0.195603
44  1.196199 2.899151 -2.353085  -0.449719 1.030105 1.287423
45  0.000107 5.476942 0.000004  0.285574 -0.099353 -0.038446
46  -0.000075 6.060434 -0.000089  -0.155020 -0.575032 0.384609
47  0.000018 5.994265 0.000030  0.033940 0.288574 -0.067730
48  -0.000010 6.100488 0.000003  -0.068407 0.299273 -0.162152
49  0.000038 6.916762 0.000012  -0.096318 0.220533 -0.107966
50  0.000150 6.435061 -0.000045  -0.037456 0.171630 -0.116573
51  1.092801 3.649510 -1.738793  -0.148600 0.876612 1.445020
52  -0.000131 6.792202 -0.000098  0.008285 0.107792 -0.048643
53  -0.000088 7.744775 -0.000030  0.057137 -0.256893 0.015458
54  0.000084 9.115021 -0.000042  -0.020393 0.256253 -0.142636
55  3.494523 -1.749104 3.007065  0.118400 1.106974 1.813803
56  0.000012 4.323832 0.000085  -0.229908 -0.770943 0.449224
57  0.000031 4.872895 -0.000023  0.367245 -0.664051 -0.254033
58  0.000009 5.056646 0.000091  -0.511237 0.856585 -0.546325
59  2.292473 1.708613 3.661676  -1.762560 1.789109 -0.218979
60  -0.000173 6.589442 0.000268  -0.007132 -0.169123 0.176911
61  0.000175 7.491494 -0.000153  -0.132413 -0.107097 0.179327
62  -0.000141 8.249661 0.000150  0.041913 -0.058209 0.015813
63  0.000072 8.605230 -0.000028  0.101585 0.501824 -0.079696
64  -0.240480 2.066070 2.349268  -0.357331 2.461714 1.296076
65  -0.000083 7.721106 -0.000005  -0.208231 -0.126223 -0.116492
66  -0.000120 7.374865 -0.000045  -0.111017 0.046939 -0.046466
67  -0.000032 6.848063 -0.000027  0.273533 0.247522 0.299909
68  0.000037 7.777831 -0.000044  0.072920 0.186148 -0.052689
69  -0.000080 8.178055 0.000012  -0.087031 -0.422849 -0.381357
70  1.617608 3.431405 2.399266  -0.249454 2.569514 1.508568
71  -0.000163 5.476943 -0.000032  0.057729 0.074071 0.060287
72  -0.000098 6.060495 -0.000006  -0.015205 0.015650 -0.152067
73  0.000028 5.994252 0.000010  -0.126210 -0.157657 0.153303
74  -0.000078 7.076880 -0.000048  -0.008118 0.010384 0.036402
75  0.000007 7.089871 -0.000071  0.070875 0.098587 -0.025893
76  0.361119 0.886680 3.287746  -0.576369 1.978708 0.939011
77  -0.000066 6.686643 0.000225  -0.146568 0.414164 -0.327704
78  -0.000013 7.638018 0.000011  -0.079524 -0.025948 0.130953
79  -0.000033 7.290227 -0.000024  0.025325 -0.093908 0.023965
80  -0.000035 6.530369 0.000006  -0.261847 -0.300601 0.006734
81  0.000064 7.224879 0.000009  0.036505 0.032480 -0.175823
82  1.071900 3.225791 1.570116  -0.043805 2.859975 1.526244
83  0.000414 6.748898 -0.000067  -0.062703 0.083783 0.022203
84  -0.000045 8.002647 0.000026  -0.067497 -0.117209 -0.115600
85  0.000015 8.580573 -0.000097  0.088214 -0.007187 0.334606
86  0.000170 8.689833 -0.000041  0.065326 -0.412430 -0.134518
87  -1.514523 2.104639 0.318056  -0.024895 3.094491 1.569491
88  0.000191 6.982284 0.000011  -0.107588 -0.057625 -0.215715
89  -0.000007 8.382875 -0.000067  0.135030 -0.099914 0.287073
90  -0.000061 8.697668 0.000023  -0.148089 -0.510100 0.044838
91  -0.000134 8.921821 0.000083  -0.236827 -0.892635 0.098804
92  3.553621 -3.478048 2.409277  0.000821 0.762046 1.535303
93  0.000004 4.476895 -0.000005  -0.151004 -0.588330 0.377259
94  0.000034 4.514121 -0.000023  -0.228868 -2.996200 0.592367
95  0.000043 4.518375 -0.000025  0.143171 2.612777 0.693383
96  0.000022 3.598326 0.000025  -0.749304 0.869851 -0.773233
97  4.209925 -0.440349 1.018823  -2.030293 -2.232504 0.199433
98  4.265506 1.434232 -0.404989  -1.985822 -0.115604 -0.184233
99  9.400239 0.017938 0.083210  0.075706 -0.064150 -1.373714
100  10.242422 0.033593 0.064479  2.238721 -0.129535 -0.572557
101  3.465855 -0.059681 0.016693  -0.014962 0.112828 0.058849
102  1.655597 -0.000020 0.000022  0.028356 -0.187200 -0.836966
103  0.960768 -0.000003 -0.000005  0.007362 -0.060891 -0.696618
104  3.462027 -0.064247 0.939908  0.316588 -0.070263 0.030467
105  1.497177 -0.000012 0.000022  -0.464959 -0.146022 -0.360043
106  0.793760 0.000001 -0.000002  -0.023210 0.043672 -0.730607
107  0.591661 -0.460697 0.835206  -0.998925 -0.654191 -0.477594
108  1.556139 -0.000000 0.000001  -0.190302 0.081798 0.350657
109  1.135905 0.000016 0.000007  -0.017326 -0.044275 0.206505
110  3.084268 -0.668823 -1.257085  -0.577985 0.179367 -0.723322
111  1.064202 0.000001 0.000004  -0.069979 0.130475 -1.416021
112  0.640331 0.000004 -0.000007  -0.040308 0.090300 -1.065277
113  3.396821 -0.242139 -0.708691  -0.276999 0.194244 -0.348969
114  1.532968 0.000007 0.000008  0.022947 -0.001030 -1.039106
115  0.832978 -0.000007 -0.000002  0.002991 0.036280 -1.036639
116  4.209949 -0.440346 -1.019280  2.049670 2.158429 0.232310
117  4.266747 1.424939 0.424939  1.925479 -0.068186 -0.541976
118  9.398571 0.011951 -0.082521  -0.008152 0.058356 -0.431576
119  10.242437 0.028176 -0.062911  -1.851273 0.122328 0.257857
120  3.465744 -0.067525 0.002269  -0.231688 0.250567 -1.642589
121  1.655555 0.000004 0.000006  -0.163616 0.184337 -1.163911
122  0.960908 0.000003 -0.000001  -0.016118 0.174298 -0.876978
123  3.466853 -0.077780 -0.920910  -0.487839 0.124687 -1.679766
124  1.497258 -0.000036 -0.000023  -0.570765 0.314744 -0.993799
125  0.793789 -0.000015 0.000001  -0.205846 0.368361 -0.738616
126  0.595077 -0.467150 -0.829176  2.468681 0.674532 -0.726919
127  1.555677 0.000019 -0.000002  0.632192 0.517063 1.164059
128  1.136817 -0.000007 -0.000002  0.604548 0.465757 1.112615
129  3.075971 -0.667963 1.277701  0.608071 0.191632 -1.320377
130  1.064592 0.000016 0.000014  0.026629 -0.117349 -0.829761
131  0.640362 -0.000017 -0.000002  -0.104148 -0.023694 -0.469791
132  3.392410 -0.245366 0.728376  0.125703 0.325904 -1.764004
133  1.532740 -0.000009 -0.000001  0.007645 0.016448 -0.804484
134  0.833152 0.000011 0.000005  -0.082127 -0.069403 -1.032662
135  3.590106 -3.090292 1.193972  1.635457 1.210566 1.548541
136  3.589553 -3.089876 -1.196372  -1.505736 1.210473 -1.592853
137  -0.436568 4.719029 -0.001075  -0.000709 -1.570733 1.693144
138  -0.000000 2.775459 -0.000238  -0.135089 0.000001 -0.000000
139  0.000000 3.189768 0.000008  0.207820 -0.000000 0.000000
140  -0.000000 3.504650 0.000046  -0.261876 0.000000 -0.000000
141  -0.000000 2.863198 -0.000002  -0.051268 -0.000000 -0.000000
time 69
0  2.327589 2.455580 33.463226  1.570862 0.000000 -0.000000
1  0.002636 43.025146 0.734438  -0.109099 -1.100015 -0.075439
2  3.061858 -4.181010 -0.610803  -1.979627 -0.285040 -0.776077
3  18.476772 0.000159 0.000002  -0.004114 -0.067378 0.864898
4  17.490086 0.000115 0.000005  -0.210315 0.574834 -1.335099
5  -3.065329 -4.183571 -0.611479  -1.426505 -0.489908 -2.069406
6  18.474855 -0.000036 -0.000006  0.012871 0.082767 1.082742
7  17.489584 0.001916 -0.000008  0.199646 -0.529350 -1.486885
8  -0.000117 -0.048878 -0.576226  1.517838 -0.037931 1.559059
9  3.224482 0.767047 0.000496  -0.075016 -0.011148 0.305541
10  3.223905 0.226399 -0.001944  -0.051198 -0.006347 0.255809
11  5.187316 -1.262559 -0.001177  0.000012 0.000066 0.194111
12  6.928412 -1.935318 -0.000227  -2.955538 -0.200696 0.208765
13  3.236362 1.079610 0.000058  0.773549 0.372909 0.304896
14  0.833761 3.805346 0.692956  -0.040492 0.554884 1.469865
15  0.000042 6.792207 0.000038  0.007991 0.036071 -0.011407
16  -0.000064 7.744817 0.000013  -0.017443 -0.155305 0.068153
17  0.000078 7.809704 0.000020  -0.033637 0.005026 0.006142
18  -0.000020 7.867671 0.000019  -0.073329 -0.127910 0.026375
19  3.494703 -1.749098 -3.006912  0.152547 2.070419 1.936938
20  0.000119 4.478321 0.000020  -0.194659 0.310431 -0.234996
21  0.000048 4.636114 -0.000029  0.035820 0.324592 -0.151767
22  -0.000042 5.008653 0.000013  0.076000 -0.286565 0.276091
23  0.000063 4.781159 0.000012  0.904405 -2.690904 -0.015801
24  2.253036 1.989051 -3.350106  -1.523632 1.324495 0.112393
25  0.000164 6.589461 0.000170  0.206356 -0.002128 -0.080395
26  0.000045 7.491411 0.000039  -0.333516 0.184455 -0.191163
27  0.000023 7.660303 -0.000058  -0.063173 0.127194 -0.062119
28  0.000005 7.256269 0.000021  -0.052939 -0.487829 0.313813
29  -0.791156 2.265117 -1.234656  -0.753899 1.136376 0.824664
30  -0.000253 8.572267 -0.000090  -0.222844 -0.296789 0.176505
31  -0.000095 8.117216 0.000048  0.072258 0.772520 -0.285587
32  -0.000085 8.230032 -0.000072  -0.080496 -0.347232 0.072252
33  0.000055 7.366727 0.000055  -0.015393 -0.663893 0.062743
34  0.224218 0.240123 -3.218158  -0.877381 1.468889 0.577821
35  -0.000101 7.721053 -0.000308  -0.283829 0.060495 -0.167556
36  -0.000029 7.374845 -0.000004  0.007537 -0.195020 0.049539
37  0.000074 6.848109 0.000006  0.005484 0.006497 -0.033649
38  -0.000052 7.777866 0.000008  -0.186096 0.182474 -0.152847
39  -1.514462 2.104647 -1.150167  -0.029093 0.541320 1.555671
40  -0.000165 6.982346 -0.000079  -0.199699 -0.041214 0.153490
41  0.000036 8.382866 -0.000072  0.044867 0.587987 -0.257958
42  0.000018 8.697700 -0.000026  -0.102637 -0.474319 0.290942
43  0.000056 8.921802 -0.000003  -0.076257 0.581004 -0.195603
44  1.196192 2.899151 -2.353085  -0.449719 1.030105 1.287423
45  0.000105 5.476942 0.000002  0.285574 -0.099353 -0.038446
46  -0.000069 6.060434 -0.000091  -0.155020 -0.575032 0.384609
47  0.000019 5.994259 0.000027  0.033940 0.288575 -0.067730
48  -0.000006 6.100491 -0.000001  -0.068407 0.299273 -0.162152
49  0.000037 6.916754 0.000014  -0.096318 0.220533 -0.107966
50  0.000149 6.435062 -0.000046  -0.037456 0.171630 -0.116573
51  1.092798 3.649514 -1.738794  -0.148600 0.876612 1.445020
52  -0.000124 6.792192 -0.000102  0.008284 0.107792 -0.048643
53  -0.000089 7.744777 -0.000030  0.057137 -0.256893 0.015458
54  0.000084 9.115025 -0.000035  -0.020393 0.256253 -0.142636
55  3.494521 -1.749102 3.007064  0.118400 1.106974 1.813803
56  0.000015 4.323839 0.000089  -0.229908 -0.770943 0.449224
57  0.000028 4.872900 -0.000020  0.367245 -0.664052 -0.254033
58  0.000003 5.056651 0.000093  -0.511237 0.856585 -0.546325
59  2.292470 1.708611 3.661676  -1.762560 1.789109 -0.218979
60  -0.000174 6.589439 0.000274  -0.007132 -0.169123 0.176911
61  0.000173 7.491498 -0.000155  -0.132413 -0.107097 0.179327
62  -0.000141 8.249662 0.000145  0.041913 -0.058209 0.015813
63  0.000072 8.605236 -0.000025  0.101585 0.501824 -0.079696
64  -0.240485 2.066067 2.349267  -0.357331 2.461714 1.296076
65  -0.000086 7.721102 -0.000003  -0.208231 -0.126223 -0.116492
66  -0.000122 7.374861 -0.000049  -0.111017 0.046939 -0.046466
67  -0.000034 6.848059 -0.000026  0.273533 0.247522 0.299909
68  0.000034 7.777824 -0.000042  0.072920 0.186148 -0.052689
69  -0.000084 8.178053 0.000010  -0.087031 -0.422849 -0.381357
70  1.617610 3.431410 2.399265  -0.249454 2.569514 1.508568
71  -0.000162 5.476940 -0.000029  0.057729 0.074071 0.060287
72  -0.000091 6.060490 -0.000003  -0.015205 0.015650 -0.152067
73  0.000026 5.994258 0.000011  -0.126210 -0.157657 0.153303
74  -0.000079 7.076874 -0.000048  -0.008118 0.010384 0.036402
75  0.000007 7.089868 -0.000069  0.070875 0.098587 -0.025893
76  0.361113 0.886678 3.287746  -0.576369 1.978708 0.939011
77  -0.000066 6.686645 0.000227  -0.146568 0.414164 -0.327704
78  -0.000011 7.638020 0.000009  -0.079524 -0.025948 0.130953
79  -0.000033 7.290224 -0.000023  0.025325 -0.093908 0.023965
80  -0.000035 6.530362 0.000003  -0.261847 -0.300601 0.006734
81  0.000062 7.224878 0.000010  0.036505 0.032480 -0.175823
82  1.071895 3.225788 1.570116  -0.043805 2.859975 1.526244
83  0.000414 6.748899 -0.000066  -0.062703 0.083783 0.022203
84  -0.000046 8.002641 0.000027  -0.067497 -0.117209 -0.115600
85  0.000015 8.580578 -0.000097  0.088214 -0.007187 0.334605
86  0.000168 8.689830 -0.000041  0.065326 -0.412430 -0.134518
87  -1.514537 2.104631 0.318056  -0.024895 3.094491 1.569491
88  0.000195 6.982281 0.000012  -0.107588 -0.057625 -0.215715
89  -0.000007 8.382876 -0.000068  0.135030 -0.099914 0.287073
90  -0.000060 8.697669 0.000023  -0.148089 -0.510100 0.044838
91  -0.000136 8.921821 0.000079  -0.236827 -0.892635 0.098804
92  3.553619 -3.478048 2.409277  0.000821 0.762046 1.535304
93  0.000003 4.476899 -0.000006  -0.151004 -0.588330 0.377259
94  0.000032 4.514122 -0.000024  -0.228868 -2.996200 0.592367
95  0.000044 4.518386 -0.000023  0.143171 2.612777 0.693383
96  0.000023 3.598325 0.000024  -0.749304 0.869851 -0.773233
97  4.209921 -0.440347 1.018824  -2.023005 -2.229259 0.193859
98  4.265503 1.434233 -0.404988  -2.001522 -0.129824 -0.180770
99  9.400240 0.017940 0.083200  0.076955 -0.063650 -1.391490
100  10.242419 0.033590 0.064477  2.241470 -0.131877 -0.577556
101  3.465859 -0.059676 0.016692  -0.014915 0.113103 0.060185
102  1.655597 -0.000018 0.000023  0.028291 -0.187063 -0.836226
103  0.960772 -0.000003 -0.000006  0.007276 -0.060749 -0.695776
104  3.462031 -0.064243 0.939909  0.316588 -0.070233 0.030772
105  1.497176 -0.000012 0.000020  -0.464970 -0.145999 -0.359984
106  0.793759 0.000002 -0.000002  -0.023204 0.043662 -0.730480
107  0.591664 -0.460692 0.835207  -0.999024 -0.654255 -0.477518
108  1.556139 -0.000000 -0.000006  -0.190314 0.081746 0.350544
109  1.135904 0.000022 0.000008  -0.017335 -0.044310 0.206390
110  3.084271 -0.668817 -1.257085  -0.577474 0.177663 -0.726032
111  1.064201 -0.000000 0.000005  -0.069925 0.130468 -1.415513
112  0.640339 0.000008 -0.000010  -0.040296 0.090321 -1.064690
113  3.396826 -0.242133 -0.708689  -0.277014 0.194361 -0.348682
114  1.532971 0.000007 0.000005  0.022969 -0.000983 -1.036425
115  0.832974 0.000001 -0.000003  0.002947 0.036619 -1.033820
116  4.209947 -0.440346 -1.019279  2.050825 2.162152 0.232439
117  4.266745 1.424950 0.424938  1.947930 -0.062054 -0.543420
118  9.398566 0.011948 -0.082510  -0.005976 0.056853 -0.397495
119  10.242435 0.028177 -0.062903  -1.852057 0.121089 0.236274
120  3.465748 -0.067519 0.002267  -0.231703 0.250567 -1.642673
121  1.655562 0.000008 0.000006  -0.163469 0.184298 -1.163013
122  0.960907 0.000005 0.000000  -0.015950 0.174145 -0.875947
123  3.466856 -0.077774 -0.920910  -0.487636 0.125094 -1.677744
124  1.497257 -0.000035 -0.000023  -0.570225 0.314430 -0.992220
125  0.793790 -0.000004 -0.000004  -0.205088 0.367461 -0.737188
126  0.595076 -0.467143 -0.829176  2.468682 0.674559 -0.727020
127  1.555676 0.000020 -0.000003  0.631924 0.516936 1.163752
128  1.136813 -0.000007 -0.000002  0.600515 0.464704 1.108548
129  3.075974 -0.667960 1.277700  0.607529 0.196999 -1.326386
130  1.064600 0.000019 0.000011  0.026141 -0.116939 -0.822788
131  0.640360 -0.000015 -0.000005  -0.103481 -0.023224 -0.462225
132  3.392413 -0.245360 0.728376  0.129609 0.322705 -1.752318
133  1.532741 -0.000008 -0.000002  0.007785 0.016357 -0.801426
134  0.833151 0.000011 0.000006  -0.081885 -0.069167 -1.029443
135  3.590106 -3.090295 1.193972  1.635457 1.210566 1.548541
136  3.589553 -3.089879 -1.196372  -1.505736 1.210473 -1.592853
137  -0.436563 4.719025 -0.001076  -0.000355 -1.570733 1.693225
138  0.000001 2.775454 -0.000233  -0.135089 0.000001 -0.000000
139  -0.000001 3.189763 0.000007  0.207820 -0.000000 0.000000
140  -0.000001 3.504648 0.000048  -0.261876 0.000000 -0.000000
141  0.000000 2.863200 -0.000002  -0.051268 -0.000000 -0.000000
time 70
0  2.425433 2.371594 33.551216  1.570862 0.000000 -0.000000
1  0.002636 43.025146 0.734438  -0.106441 -1.093225 -0.079447
2  3.061857 -4.181007 -0.610803  -1.982619 -0.290360 -0.777941
3  18.476772 0.000158 0.000000  -0.004121 -0.067393 0.865098
4  17.490082 0.000116 0.000004  -0.201289 0.575001 -1.325871
5  -3.065330 -4.183572 -0.611480  -1.428746 -0.478653 -2.068950
6  18.474854 -0.000032 -0.000006  0.012065 0.081644 1.065822
7  17.489586 0.001915 -0.000008  0.207076 -0.525946 -1.481211
8  -0.000118 -0.048880 -0.576226  1.521588 -0.041564 1.559747
9  3.224485 0.767047 0.000495  -0.069939 -0.010534 0.310625
10  3.223905 0.226398 -0.001944  -0.047694 -0.006003 0.259271
11  5.187324 -1.262563 -0.001178  0.000012 0.000066 0.194111
12  6.928407 -1.935310 -0.000228  -2.957713 -0.195880 0.206025
13  3.236367 1.079615 0.000057  0.766449 0.368423 0.307986
14  0.833760 3.805356 0.692954  -0.040492 0.554885 1.469865
15  0.000038 6.792212 0.000040  0.007991 0.036071 -0.011407
16  -0.000068 7.744818 0.000014  -0.017443 -0.155305 0.068153
17  0.000078 7.809706 0.000015  -0.033637 0.005026 0.006142
18  -0.000024 7.867672 0.000018  -0.073329 -0.127910 0.026375
19  3.494701 -1.749091 -3.006914  0.152547 2.070419 1.936938
20  0.000119 4.478312 0.000014  -0.194659 0.310431 -0.234996
21  0.000048 4.636117 -0.000028  0.035820 0.324592 -0.151767
22  -0.000043 5.008656 0.000010  0.076000 -0.286564 0.276091
23  0.000066 4.781171 0.000007  0.904405 -2.690903 -0.015801
24  2.253046 1.989068 -3.350109  -1.523632 1.324495 0.112394
25  0.000162 6.589467 0.000172  0.206356 -0.002128 -0.080395
26  0.000040 7.491417 0.000044  -0.333516 0.184455 -0.191163
27  0.000025 7.660313 -0.000059  -0.063173 0.127194 -0.062119
28  0.000010 7.256271 0.000019  -0.052939 -0.487829 0.313813
29  -0.791157 2.265123 -1.234657  -0.753899 1.136376 0.824665
30  -0.000256 8.572266 -0.000089  -0.222844 -0.296789 0.176505
31  -0.000093 8.117213 0.000046  0.072258 0.772520 -0.285587
32  -0.000082 8.230036 -0.000076  -0.080496 -0.347232 0.072252
33  0.000062 7.366725 0.000052  -0.015392 -0.663893 0.062743
34  0.224217 0.240129 -3.218160  -0.877380 1.468889 0.577821
35  -0.000099 7.721048 -0.000307  -0.283829 0.060495 -0.167556
36  -0.000031 7.374856 -0.000002  0.007537 -0.195020 0.049539
37  0.000075 6.848102 0.000006  0.005484 0.006497 -0.033649
38  -0.000053 7.777863 0.000011  -0.186096 0.182474 -0.152847
39  -1.514466 2.104650 -1.150168  -0.029093 0.541320 1.555671
40  -0.000166 6.982347 -0.000077  -0.199699 -0.041214 0.153490
41  0.000039 8.382865 -0.000074  0.044867 0.587987 -0.257958
42  0.000014 8.697700 -0.000028  -0.102637 -0.474319 0.290942
43  0.000056 8.921803 -0.000002  -0.076257 0.581004 -0.195603
44  1.196193 2.899155 -2.353087  -0.449719 1.030105 1.287423
45  0.000106 5.476941 0.000009  0.285574 -0.099353 -0.038446
46  -0.000073 6.060436 -0.000090  -0.155020 -0.575032 0.384609
47  0.000019 5.994264 0.000028  0.033940 0.288575 -0.067730
48  -0.000005 6.100490 0.000001  -0.068407 0.299273 -0.162152
49  0.000037 6.916760 0.000009  -0.096318 0.220533 -0.107966
50  0.000148 6.435064 -0.000044  -0.037456 0.171630 -0.116573
51  1.092793 3.649513 -1.738795  -0.148600 0.876612 1.445020
52  -0.000126 6.792199 -0.000102  0.008284 0.107792 -0.048643
53  -0.000087 7.744775 -0.000029  0.057137 -0.256893 0.015458
54  0.000084 9.115020 -0.000036  -0.020393 0.256253 -0.142636
55  3.494519 -1.749098 3.007062  0.118400 1.106974 1.813803
56  0.000016 4.323834 0.000087  -0.229908 -0.770943 0.449224
57  0.000030 4.872904 -0.000022  0.367245 -0.664052 -0.254033
58  0.000005 5.056654 0.000092  -0.511237 0.856585 -0.546325
59  2.292464 1.708615 3.661673  -1.762560 1.789109 -0.218979
60  -0.000175 6.589439 0.000279  -0.007132 -0.169123 0.176911
61  0.000173 7.491497 -0.000151  -0.132413 -0.107097 0.179327
62  -0.000139 8.249657 0.000138  0.041913 -0.058209 0.015813
63  0.000067 8.605236 -0.000028  0.101585 0.501824 -0.079696
64  -0.240489 2.066073 2.349266  -0.357331 2.461714 1.296076
65  -0.000086 7.721108 -0.000004  -0.208231 -0.126223 -0.116492
66  -0.000126 7.374859 -0.000045  -0.111017 0.046939 -0.046466
67  -0.000036 6.848060 -0.000026  0.273533 0.247522 0.299909
68  0.000032 7.777822 -0.000044  0.072920 0.186148 -0.052689
69  -0.000085 8.178051 0.000012  -0.087031 -0.422849 -0.381357
70  1.617606 3.431416 2.399264  -0.249454 2.569514 1.508568
71  -0.000166 5.476945 -0.000027  0.057729 0.074071 0.060287
72  -0.000096 6.060488 -0.000005  -0.015205 0.015650 -0.152066
73  0.000028 5.994251 0.000010  -0.126210 -0.157657 0.153303
74  -0.000081 7.076873 -0.000045  -0.008118 0.010384 0.036402
75  0.000005 7.089869 -0.000071  0.070875 0.098587 -0.025893
76  0.361109 0.886683 3.287745  -0.576369 1.978708 0.939011
77  -0.000069 6.686637 0.000223  -0.146568 0.414164 -0.327704
78  -0.000011 7.638018 0.000012  -0.079524 -0.025948 0.130953
79  -0.000032 7.290226 -0.000024  0.025325 -0.093908 0.023965
80  -0.000036 6.530361 0.000010  -0.261847 -0.300601 0.006734
81  0.000062 7.224884 0.000011  0.036505 0.032480 -0.175823
82  1.071898 3.225802 1.570113  -0.043805 2.859975 1.526244
83  0.000411 6.748900 -0.000066  -0.062703 0.083783 0.022203
84  -0.000050 8.002642 0.000027  -0.067497 -0.117209 -0.115600
85  0.000016 8.580573 -0.000097  0.088214 -0.007187 0.334606
86  0.000166 8.689833 -0.000039  0.065326 -0.412430 -0.134518
87  -1.514535 2.104641 0.318054  -0.024895 3.094491 1.569491
88  0.000188 6.982281 0.000012  -0.107588 -0.057625 -0.215715
89  -0.000008 8.382874 -0.000068  0.135030 -0.099914 0.287073
90  -0.000059 8.697671 0.000024  -0.148089 -0.510100 0.044838
91  -0.000134 8.921823 0.000080  -0.236828 -0.892635 0.098804
92  3.553620 -3.478040 2.409276  0.000821 0.762046 1.535304
93  0.000007 4.476897 -0.000005  -0.151004 -0.588330 0.377259
94  0.000033 4.514121 -0.000023  -0.228868 -2.996200 0.592367
95  0.000043 4.518384 -0.000023  0.143171 2.612777 0.693383
96  0.000027 3.598325 0.000023  -0.749304 0.869851 -0.773233
97  4.209919 -0.440344 1.018823  -2.015220 -2.225798 0.187962
98  4.265504 1.434231 -0.404993  -2.017021 -0.148595 -0.177247
99  9.400234 0.017940 0.083202  0.077854 -0.063274 -1.404364
100  10.242420 0.033588 0.064484  2.244037 -0.134900 -0.582124
101  3.465852 -0.059681 0.016695  -0.014818 0.113536 0.062124
102  1.655595 -0.000016 0.000023  0.028131 -0.186921 -0.835209
103  0.960768 0.000001 -0.000005  0.007139 -0.060511 -0.694688
104  3.462027 -0.064247 0.939911  0.316648 -0.070192 0.031195
105  1.497180 -0.000008 0.000019  -0.465002 -0.145908 -0.359746
106  0.793760 0.000010 0.000000  -0.023187 0.043644 -0.730226
107  0.591661 -0.460692 0.835207  -0.998949 -0.654378 -0.477505
108  1.556140 -0.000002 -0.000000  -0.190334 0.081640 0.350318
109  1.135903 0.000020 0.000001  -0.017360 -0.044397 0.206100
110  3.084269 -0.668817 -1.257085  -0.576588 0.174572 -0.730914
111  1.064200 -0.000002 0.000005  -0.069870 0.130461 -1.415005
112  0.640340 0.000003 -0.000009  -0.040254 0.090290 -1.064105
113  3.396821 -0.242138 -0.708690  -0.277029 0.194478 -0.348395
114  1.532969 0.000006 0.000007  0.022954 -0.000885 -1.033677
115  0.832971 -0.000007 -0.000003  0.002887 0.037011 -1.031005
116  4.209936 -0.440339 -1.019279  2.051465 2.165850 0.232194
117  4.266747 1.424939 0.424940  1.968663 -0.056310 -0.545787
118  9.398566 0.011950 -0.082512  -0.003949 0.055352 -0.364981
119  10.242438 0.028177 -0.062907  -1.850933 0.118596 0.217520
120  3.465751 -0.067528 0.002267  -0.232021 0.250555 -1.643936
121  1.655560 0.000007 0.000005  -0.163640 0.184344 -1.164060
122  0.960906 0.000002 0.000000  -0.016151 0.174328 -0.877184
123  3.466861 -0.077780 -0.920910  -0.487461 0.125545 -1.675559
124  1.497266 -0.000032 -0.000021  -0.570156 0.314381 -0.991995
125  0.793790 -0.000009 0.000003  -0.204990 0.367356 -0.737016
126  0.595081 -0.467150 -0.829176  2.468640 0.674561 -0.727084
127  1.555675 0.000016 -0.000002  0.631843 0.516872 1.163592
128  1.136815 -0.000007 -0.000003  0.598312 0.464116 1.106311
129  3.075979 -0.667966 1.277700  0.606646 0.205686 -1.336087
130  1.064592 0.000018 0.000014  0.025933 -0.116737 -0.819833
131  0.640364 -0.000014 -0.000003  -0.103149 -0.023025 -0.459047
132  3.392414 -0.245368 0.728377  0.132110 0.320585 -1.744912
133  1.532735 -0.000008 -0.000002  0.007877 0.016339 -0.799299
134  0.833151 0.000009 0.000005  -0.081680 -0.068999 -1.027300
135  3.590112 -3.090297 1.193971  1.635457 1.210566 1.548541
136  3.589562 -3.089883 -1.196373  -1.505736 1.210473 -1.592853
137  -0.436556 4.719024 -0.001077  -0.000709 -1.570733 1.692529
138  0.000001 2.775456 -0.000237  -0.135089 0.000001 -0.000000
139  0.000001 3.189769 0.000007  0.207820 -0.000000 0.000000
140  -0.000000 3.504650 0.000048  -0.261876 0.000000 -0.000000
141  -0.000001 2.863197 -0.000003  -0.051268 0.000000 0.000000
time 71
0  2.521017 2.288307 33.637043  1.570862 0.000000 -0.000000
1  0.002636 43.025146 0.734438  -0.102866 -1.086755 -0.083612
2  3.061857 -4.181013 -0.610804  -1.985586 -0.296186 -0.779726
3  18.476774 0.000160 -0.000002  -0.004130 -0.067413 0.865364
4  17.490084 0.000117 0.000002  -0.192993 0.574577 -1.317029
5  -3.065330 -4.183576 -0.611479  -1.430741 -0.468208 -2.068423
6  18.474855 -0.000033 -0.000006  0.011279 0.080507 1.048915
7  17.489586 0.001916 -0.000010  0.214273 -0.522413 -1.475349
8  -0.000117 -0.048880 -0.576226  1.525616 -0.045023 1.560065
9  3.224478 0.767047 0.000496  -0.064399 -0.010410 0.315480
10  3.223907 0.226400 -0.001943  -0.043891 -0.006099 0.262559
11  5.187325 -1.262563 -0.001177  0.000012 0.000066 0.194111
12  6.928410 -1.935314 -0.000228  -2.959775 -0.191259 0.203253
13  3.236364 1.079616 0.000057  0.758981 0.363421 0.311140
14  0.833756 3.805346 0.692957  -0.040492 0.554885 1.469865
15  0.000043 6.792212 0.000038  0.007991 0.036071 -0.011407
16  -0.000066 7.744816 0.000015  -0.017442 -0.155305 0.068153
17  0.000075 7.809701 0.000017  -0.033637 0.005026 0.006142
18  -0.000020 7.867670 0.000016  -0.073329 -0.127910 0.026375
19  3.494696 -1.749098 -3.006912  0.152547 2.070419 1.936938
20  0.000119 4.478323 0.000016  -0.194659 0.310431 -0.234996
21  0.000048 4.636118 -0.000026  0.035820 0.324592 -0.151767
22  -0.000041 5.008650 0.000010  0.076000 -0.286565 0.276091
23  0.000066 4.781169 0.000011  0.904405 -2.690903 -0.015801
24  2.253044 1.989062 -3.350107  -1.523632 1.324495 0.112394
25  0.000159 6.589460 0.000167  0.206356 -0.002128 -0.080395
26  0.000042 7.491411 0.000038  -0.333516 0.184455 -0.191163
27  0.000025 7.660303 -0.000061  -0.063173 0.127194 -0.062119
28  0.000010 7.256265 0.000022  -0.052939 -0.487829 0.313813
29  -0.791160 2.265118 -1.234655  -0.753899 1.136376 0.824665
30  -0.000252 8.572257 -0.000092  -0.222844 -0.296788 0.176505
31  -0.000090 8.117208 0.000051  0.072258 0.772520 -0.285587
32  -0.000079 8.230034 -0.000070  -0.080495 -0.347232 0.072252
33  0.000063 7.366721 0.000054  -0.015392 -0.663893 0.062743
34  0.224215 0.240124 -3.218158  -0.877381 1.468889 0.577821
35  -0.000100 7.721050 -0.000311  -0.283829 0.060495 -0.167556
36  -0.000029 7.374851 -0.000000  0.007537 -0.195020 0.049539
37  0.000077 6.848103 0.000010  0.005484 0.006497 -0.033649
38  -0.000051 7.777866 0.000008  -0.186096 0.182474 -0.152847
39  -1.514465 2.104648 -1.150167  -0.029093 0.541320 1.555671
40  -0.000163 6.982345 -0.000078  -0.199699 -0.041214 0.153490
41  0.000039 8.382859 -0.000072  0.044867 0.587987 -0.257958
42  0.000017 8.697696 -0.000024  -0.102637 -0.474319 0.290942
43  0.000057 8.921803 -0.000003  -0.076257 0.581004 -0.195603
44  1.196189 2.899153 -2.353085  -0.449719 1.030105 1.287423
45  0.000105 5.476944 0.000007  0.285574 -0.099353 -0.038446
46  -0.000078 6.060438 -0.000094  -0.155020 -0.575031 0.384609
47  0.000021 5.994259 0.000030  0.033940 0.288574 -0.067730
48  -0.000010 6.100485 0.000003  -0.068407 0.299273 -0.162152
49  0.000040 6.916759 0.000011  -0.096318 0.220533 -0.107966
50  0.000147 6.435061 -0.000043  -0.037456 0.171630 -0.116573
51  1.092800 3.649516 -1.738794  -0.148600 0.876612 1.445020
52  -0.000124 6.792192 -0.000100  0.008285 0.107792 -0.048643
53  -0.000086 7.744778 -0.000031  0.057137 -0.256893 0.015458
54  0.000084 9.115018 -0.000036  -0.020393 0.256253 -0.142636
55  3.494516 -1.749104 3.007065  0.118400 1.106974 1.813803
56  0.000012 4.323829 0.000086  -0.229908 -0.770943 0.449224
57  0.000029 4.872890 -0.000023  0.367245 -0.664051 -0.254033
58  0.000002 5.056656 0.000093  -0.511237 0.856585 -0.546325
59  2.292465 1.708614 3.661676  -1.762560 1.789109 -0.218979
60  -0.000172 6.589434 0.000277  -0.007132 -0.169123 0.176911
61  0.000174 7.491493 -0.000148  -0.132413 -0.107097 0.179327
62  -0.000139 8.249660 0.000147  0.041913 -0.058209 0.015813
63  0.000072 8.605238 -0.000030  0.101585 0.501824 -0.079696
64  -0.240491 2.066070 2.349268  -0.357331 2.461714 1.296076
65  -0.000086 7.721109 -0.000003  -0.208231 -0.126223 -0.116492
66  -0.000120 7.374866 -0.000050  -0.111017 0.046939 -0.046466
67  -0.000036 6.848064 -0.000027  0.273533 0.247522 0.299909
68  0.000035 7.777827 -0.000043  0.072921 0.186148 -0.052689
69  -0.000083 8.178056 0.000011  -0.087031 -0.422849 -0.381357
70  1.617602 3.431410 2.399266  -0.249454 2.569514 1.508568
71  -0.000164 5.476944 -0.000030  0.057729 0.074071 0.060287
72  -0.000094 6.060489 -0.000006  -0.015205 0.015650 -0.152066
73  0.000024 5.994247 0.000010  -0.126210 -0.157657 0.153303
74  -0.000076 7.076875 -0.000048  -0.008118 0.010384 0.036402
75  0.000005 7.089865 -0.000070  0.070875 0.098587 -0.025893
76  0.361106 0.886677 3.287747  -0.576369 1.978708 0.939011
77  -0.000066 6.686642 0.000222  -0.146568 0.414164 -0.327704
78  -0.000010 7.638020 0.000013  -0.079524 -0.025948 0.130953
79  -0.000034 7.290226 -0.000019  0.025325 -0.093908 0.023965
80  -0.000033 6.530369 0.000007  -0.261847 -0.300601 0.006734
81  0.000062 7.224881 0.000011  0.036505 0.032480 -0.175823
82  1.071893 3.225792 1.570116  -0.043805 2.859975 1.526244
83  0.000415 6.748901 -0.000067  -0.062703 0.083783 0.022203
84  -0.000044 8.002643 0.000026  -0.067497 -0.117209 -0.115600
85  0.000013 8.580575 -0.000097  0.088214 -0.007187 0.334606
86  0.000166 8.689829 -0.000040  0.065326 -0.412430 -0.134518
87  -1.514540 2.104637 0.318057  -0.024895 3.094491 1.569491
88  0.000188 6.982284 0.000011  -0.107588 -0.057625 -0.215715
89  -0.000008 8.382873 -0.000067  0.135030 -0.099914 0.287073
90  -0.000061 8.697671 0.000023  -0.148089 -0.510100 0.044838
91  -0.000135 8.921817 0.000079  -0.236828 -0.892635 0.098804
92  3.553615 -3.478047 2.409278  0.000821 0.762046 1.535304
93  0.000003 4.476902 -0.000008  -0.151004 -0.588330 0.377259
94  0.000033 4.514117 -0.000024  -0.228868 -2.996200 0.592367
95  0.000044 4.518382 -0.000021  0.143171 2.612777 0.693383
96  0.000024 3.598330 0.000023  -0.749304 0.869851 -0.773233
97  4.209922 -0.440350 1.018822  -2.007242 -2.222374 0.181815
98  4.265505 1.434232 -0.404994  -2.032413 -0.171854 -0.174098
99  9.400233 0.017940 0.083203  0.078346 -0.063062 -1.411438
100  10.242421 0.033589 0.064478  2.246447 -0.138687 -0.586287
101  3.465857 -0.059676 0.016695  -0.014676 0.114233 0.065339
102  1.655598 -0.000025 0.000021  0.027918 -0.186731 -0.833854
103  0.960767 0.000003 -0.000006  0.006962 -0.060206 -0.693212
104  3.462028 -0.064247 0.939909  0.316648 -0.070182 0.031934
105  1.497173 -0.000004 0.000018  -0.465047 -0.145766 -0.359458
106  0.793759 0.000006 -0.000004  -0.023165 0.043622 -0.729908
107  0.591663 -0.460691 0.835208  -0.998976 -0.654544 -0.477436
108  1.556139 0.000007 -0.000002  -0.190368 0.081509 0.350036
109  1.135905 0.000013 0.000001  -0.017399 -0.044536 0.205635
110  3.084270 -0.668818 -1.257085  -0.575154 0.169676 -0.738687
111  1.064201 0.000002 0.000006  -0.069804 0.130453 -1.414380
112  0.640335 0.000002 -0.000008  -0.040221 0.090395 -1.063513
113  3.396824 -0.242137 -0.708689  -0.276998 0.194724 -0.347818
114  1.532970 0.000005 0.000005  0.023017 -0.000797 -1.030084
115  0.832975 0.000002 -0.000003  0.002866 0.037537 -1.027252
116  4.209941 -0.440346 -1.019280  2.051780 2.169404 0.231605
117  4.266745 1.424940 0.424942  1.987747 -0.051309 -0.549143
118  9.398565 0.011951 -0.082516  -0.002102 0.053890 -0.334627
119  10.242438 0.028177 -0.062904  -1.848423 0.115010 0.201355
120  3.465747 -0.067527 0.002268  -0.232321 0.250502 -1.645359
121  1.655560 0.000006 0.000005  -0.164148 0.184391 -1.167135
122  0.960907 0.000007 0.000000  -0.016827 0.174909 -0.880613
123  3.466855 -0.077779 -0.920909  -0.487138 0.126105 -1.672779
124  1.497253 -0.000036 -0.000023  -0.570225 0.314431 -0.992220
125  0.793789 -0.000003 -0.000002  -0.205121 0.367496 -0.737245
126  0.595079 -0.467150 -0.829175  2.468596 0.674564 -0.727148
127  1.555676 0.000020 -0.000004  0.631925 0.516935 1.163752
128  1.136815 -0.000008 0.000004  0.598864 0.464229 1.106854
129  3.075976 -0.667970 1.277700  0.605299 0.216927 -1.348860
130  1.064599 0.000019 0.000012  0.026059 -0.116884 -0.821868
131  0.640361 -0.000018 -0.000004  -0.103346 -0.023171 -0.461206
132  3.392412 -0.245368 0.728376  0.132939 0.319909 -1.742363
133  1.532735 -0.000011 -0.000001  0.007891 0.016322 -0.798568
134  0.833153 -0.000000 0.000006  -0.081640 -0.068939 -1.026495
135  3.590111 -3.090296 1.193972  1.635456 1.210566 1.548541
136  3.589559 -3.089883 -1.196372  -1.505736 1.210473 -1.592853
137  -0.436559 4.719025 -0.001076  -0.000591 -1.570733 1.693261
138  0.000000 2.775458 -0.000235  -0.135089 0.000001 -0.000000
139  -0.000000 3.189773 0.000007  0.207820 -0.000000 0.000000
140  0.000000 3.504650 0.000046  -0.261876 0.000000 -0.000000
141  0.000001 2.863199 -0.000002  -0.051268 -0.000000 -0.000000
time 72
0  2.606672 2.211259 33.678753  1.570862 0.000000 -0.000000
1  0.002636 43.025146 0.734438  -0.098480 -1.080252 -0.088275
2  3.061858 -4.181015 -0.610804  -1.988659 -0.304007 -0.779575
3  18.476770 0.000155 0.000000  -0.004288 -0.067772 0.870155
4  17.490086 0.000116 0.000002  -0.186176 0.574264 -1.311042
5  -3.065330 -4.183578 -0.611479  -1.432510 -0.460477 -2.068148
6  18.474850 -0.000036 -0.000007  0.010738 0.079700 1.037017
7  17.489582 0.001915 -0.000009  0.221584 -0.518873 -1.472106
8  -0.000117 -0.048884 -0.576226  1.529680 -0.048369 1.560000
9  3.224483 0.767048 0.000496  -0.058828 -0.010811 0.320108
10  3.223912 0.226400 -0.001944  -0.040071 -0.006462 0.265669
11  5.187326 -1.262563 -0.001176  0.000012 0.000066 0.194111
12  6.928416 -1.935313 -0.000226  -2.961544 -0.187618 0.200677
13  3.236358 1.079607 0.000057  0.751659 0.359237 0.314415
14  0.833758 3.805348 0.692956  -0.040492 0.554884 1.469865
15  0.000036 6.792216 0.000041  0.007991 0.036070 -0.011407
16  -0.000074 7.744819 0.000014  -0.017442 -0.155305 0.068153
17  0.000074 7.809699 0.000018  -0.033637 0.005026 0.006142
18  -0.000027 7.867674 0.000018  -0.073329 -0.127910 0.026375
19  3.494700 -1.749096 -3.006912  0.152547 2.070419 1.936938
20  0.000120 4.478328 0.000019  -0.194659 0.310431 -0.234996
21  0.000048 4.636116 -0.000027  0.035820 0.324592 -0.151767
22  -0.000041 5.008652 0.000017  0.076000 -0.286564 0.276091
23  0.000062 4.781160 0.000009  0.904405 -2.690903 -0.015801
24  2.253036 1.989053 -3.350107  -1.523632 1.324495 0.112394
25  0.000161 6.589459 0.000169  0.206356 -0.002128 -0.080395
26  0.000042 7.491414 0.000046  -0.333516 0.184455 -0.191163
27  0.000023 7.660308 -0.000052  -0.063173 0.127194 -0.062119
28  0.000005 7.256276 0.000018  -0.052939 -0.487829 0.313813
29  -0.791158 2.265117 -1.234656  -0.753899 1.136376 0.824664
30  -0.000254 8.572258 -0.000092  -0.222844 -0.296788 0.176505
31  -0.000094 8.117218 0.000048  0.072258 0.772520 -0.285587
32  -0.000082 8.230034 -0.000071  -0.080495 -0.347232 0.072252
33  0.000060 7.366722 0.000056  -0.015392 -0.663893 0.062743
34  0.224214 0.240123 -3.218158  -0.877380 1.468889 0.577821
35  -0.000102 7.721048 -0.000310  -0.283829 0.060495 -0.167556
36  -0.000029 7.374848 -0.000001  0.007537 -0.195020 0.049539
37  0.000076 6.848099 0.000007  0.005484 0.006497 -0.033649
38  -0.000051 7.777863 0.000008  -0.186096 0.182474 -0.152847
39  -1.514471 2.104642 -1.150167  -0.029093 0.541320 1.555671
40  -0.000164 6.982343 -0.000075  -0.199699 -0.041214 0.153490
41  0.000035 8.382864 -0.000073  0.044866 0.587987 -0.257958
42  0.000013 8.697704 -0.000026  -0.102637 -0.474319 0.290942
43  0.000061 8.921801 -0.000003  -0.076257 0.581004 -0.195603
44  1.196194 2.899150 -2.353087  -0.449719 1.030105 1.287423
45  0.000106 5.476943 0.000005  0.285574 -0.099353 -0.038446
46  -0.000075 6.060439 -0.000092  -0.155020 -0.575031 0.384609
47  0.000025 5.994257 0.000028  0.033940 0.288574 -0.067730
48  -0.000007 6.100488 -0.000003  -0.068407 0.299273 -0.162152
49  0.000035 6.916759 0.000010  -0.096318 0.220533 -0.107966
50  0.000151 6.435059 -0.000043  -0.037456 0.171630 -0.116573
51  1.092796 3.649512 -1.738794  -0.148600 0.876612 1.445020
52  -0.000128 6.792197 -0.000102  0.008284 0.107792 -0.048643
53  -0.000088 7.744773 -0.000029  0.057137 -0.256893 0.015458
54  0.000088 9.115020 -0.000036  -0.020393 0.256253 -0.142636
55  3.494514 -1.749110 3.007063  0.118400 1.106974 1.813803
56  0.000012 4.323833 0.000085  -0.229908 -0.770943 0.449224
57  0.000029 4.872895 -0.000020  0.367245 -0.664052 -0.254033
58  0.000003 5.056653 0.000094  -0.511237 0.856585 -0.546325
59  2.292464 1.708608 3.661675  -1.762560 1.789109 -0.218979
60  -0.000173 6.589442 0.000279  -0.007132 -0.169123 0.176911
61  0.000173 7.491499 -0.000149  -0.132414 -0.107097 0.179327
62  -0.000140 8.249661 0.000140  0.041913 -0.058209 0.015813
63  0.000071 8.605236 -0.000025  0.101585 0.501824 -0.079696
64  -0.240487 2.066069 2.349267  -0.357331 2.461714 1.296076
65  -0.000082 7.721103 -0.000002  -0.208231 -0.126223 -0.116492
66  -0.000122 7.374866 -0.000047  -0.111017 0.046939 -0.046466
67  -0.000038 6.848062 -0.000025  0.273533 0.247522 0.299909
68  0.000030 7.777826 -0.000046  0.072920 0.186148 -0.052689
69  -0.000080 8.178052 0.000010  -0.087031 -0.422849 -0.381357
70  1.617602 3.431405 2.399265  -0.249454 2.569514 1.508568
71  -0.000169 5.476944 -0.000030  0.057729 0.074071 0.060287
72  -0.000092 6.060496 -0.000008  -0.015205 0.015650 -0.152067
73  0.000026 5.994253 0.000010  -0.126210 -0.157657 0.153303
74  -0.000082 7.076880 -0.000045  -0.008118 0.010384 0.036402
75  0.000006 7.089871 -0.000070  0.070875 0.098587 -0.025893
76  0.361110 0.886677 3.287746  -0.576369 1.978708 0.939011
77  -0.000066 6.686646 0.000226  -0.146568 0.414164 -0.327704
78  -0.000012 7.638013 0.000017  -0.079524 -0.025948 0.130953
79  -0.000030 7.290227 -0.000019  0.025325 -0.093908 0.023965
80  -0.000030 6.530362 0.000008  -0.261847 -0.300601 0.006734
81  0.000060 7.224880 0.000008  0.036505 0.032480 -0.175823
82  1.071898 3.225795 1.570114  -0.043805 2.859975 1.526244
83  0.000412 6.748894 -0.000066  -0.062703 0.083783 0.022203
84  -0.000047 8.002637 0.000028  -0.067497 -0.117209 -0.115600
85  0.000017 8.580575 -0.000096  0.088214 -0.007187 0.334606
86  0.000170 8.689830 -0.000040  0.065326 -0.412430 -0.134518
87  -1.514531 2.104638 0.318055  -0.024895 3.094491 1.569491
88  0.000196 6.982286 0.000012  -0.107588 -0.057625 -0.215715
89  -0.000006 8.382876 -0.000068  0.135030 -0.099914 0.287073
90  -0.000053 8.697671 0.000023  -0.148089 -0.510100 0.044839
91  -0.000138 8.921822 0.000078  -0.236827 -0.892635 0.098804
92  3.553611 -3.478050 2.409277  0.000821 0.762046 1.535304
93  0.000003 4.476902 -0.000010  -0.151004 -0.588330 0.377259
94  0.000032 4.514119 -0.000023  -0.228868 -2.996199 0.592367
95  0.000043 4.518383 -0.000022  0.143171 2.612777 0.693383
96  0.000025 3.598329 0.000024  -0.749304 0.869851 -0.773233
97  4.209924 -0.440342 1.018825  -1.999447 -2.219503 0.175715
98  4.265498 1.434235 -0.404993  -2.044942 -0.199987 -0.168636
99  9.400234 0.017941 0.083207  0.078290 -0.063086 -1.410624
100  10.242421 0.033588 0.064478  2.248616 -0.142264 -0.589125
101  3.465857 -0.059680 0.016696  -0.014574 0.114852 0.068064
102  1.655595 -0.000017 0.000022  0.027790 -0.186617 -0.833041
103  0.960769 -0.000002 -0.000006  0.006870 -0.060054 -0.692307
104  3.462031 -0.064247 0.939910  0.316708 -0.070111 0.032662
105  1.497177 -0.000005 0.000017  -0.465093 -0.145624 -0.359171
106  0.793759 0.000008 -0.000003  -0.023144 0.043599 -0.729591
107  0.591665 -0.460696 0.835209  -0.999003 -0.654710 -0.477368
108  1.556139 -0.000003 -0.000002  -0.190401 0.081377 0.349754
109  1.135905 0.000015 0.000002  -0.017438 -0.044676 0.205170
110  3.084271 -0.668822 -1.257083  -0.573700 0.164921 -0.746251
111  1.064203 -0.000008 0.000005  -0.069879 0.130463 -1.415083
112  0.640341 0.000007 -0.000007  -0.040264 0.090298 -1.064251
113  3.396822 -0.242143 -0.708687  -0.277038 0.194847 -0.347472
114  1.532970 0.000006 0.000006  0.022980 -0.000839 -1.031351
115  0.832974 -0.000007 -0.000002  0.002858 0.037349 -1.028526
116  4.209949 -0.440341 -1.019278  2.051144 2.172420 0.230323
117  4.266746 1.424937 0.424938  2.003100 -0.046978 -0.554122
118  9.398560 0.011951 -0.082518  -0.000614 0.052646 -0.309630
119  10.242436 0.028176 -0.062912  -1.844043 0.110828 0.190736
120  3.465751 -0.067535 0.002268  -0.232676 0.250533 -1.647040
121  1.655560 0.000005 0.000006  -0.164722 0.184490 -1.170363
122  0.960905 0.000010 -0.000000  -0.017603 0.175497 -0.884327
123  3.466857 -0.077790 -0.920910  -0.486971 0.126552 -1.670684
124  1.497261 -0.000034 -0.000022  -0.570696 0.314695 -0.993574
125  0.793789 -0.000004 0.000002  -0.205716 0.368221 -0.738386
126  0.595082 -0.467159 -0.829176  2.468596 0.674537 -0.727047
127  1.555676 0.000015 -0.000004  0.632240 0.517092 1.164140
128  1.136814 -0.000008 0.000002  0.597802 0.463967 1.105755
129  3.075977 -0.667975 1.277701  0.603971 0.227221 -1.360452
130  1.064593 0.000019 0.000012  0.026322 -0.117021 -0.825093
131  0.640363 -0.000020 -0.000002  -0.103689 -0.023343 -0.464707
132  3.392414 -0.245378 0.728376  0.132919 0.319917 -1.742453
133  1.532743 -0.000007 -0.000001  0.007887 0.016327 -0.798768
134  0.833150 0.000008 0.000004  -0.081639 -0.068944 -1.026697
135  3.590116 -3.090297 1.193973  1.635457 1.210566 1.548541
136  3.589564 -3.089882 -1.196372  -1.505736 1.210473 -1.592853
137  -0.436557 4.719024 -0.001075  -0.000473 -1.570733 1.693245
138  -0.000000 2.775455 -0.000231  -0.135089 0.000001 -0.000000
139  -0.000000 3.189769 0.000008  0.207820 -0.000000 0.000000
140  -0.000001 3.504652 0.000045  -0.261876 0.000000 -0.000000
141  0.000000 2.863196 -0.000001  -0.051268 0.000000 -0.000000
time 73
0  2.673281 2.145410 33.614853  1.570862 0.000000 -0.000000
1  0.002636 43.025146 0.734438  -0.093713 -1.074172 -0.093565
2  3.061857 -4.181011 -0.610804  -1.992174 -0.316591 -0.774841
3  18.476774 0.000156 0.000001  -0.004819 -0.068940 0.885832
4  17.490088 0.000116 0.000006  -0.181847 0.575206 -1.311446
5  -3.065329 -4.183573 -0.611479  -1.433836 -0.458332 -2.068860
6  18.474855 -0.000036 -0.000008  0.010744 0.079709 1.037155
7  17.489582 0.001916 -0.000010  0.230282 -0.515870 -1.475724
8  -0.000117 -0.048883 -0.576226  1.533352 -0.051542 1.559590
9  3.224481 0.767046 0.000496  -0.053903 -0.011687 0.324631
10  3.223910 0.226398 -0.001945  -0.036687 -0.007194 0.268726
11  5.187325 -1.262561 -0.001177  0.000012 0.000066 0.194111
12  6.928406 -1.935311 -0.000228  -2.963135 -0.185085 0.198178
13  3.236365 1.079606 0.000054  0.745507 0.356603 0.318046
14  0.833759 3.805351 0.692955  -0.040492 0.554885 1.469865
15  0.000038 6.792215 0.000040  0.007991 0.036070 -0.011407
16  -0.000064 7.744820 0.000012  -0.017443 -0.155305 0.068153
17  0.000079 7.809696 0.000019  -0.033637 0.005026 0.006142
18  -0.000016 7.867671 0.000016  -0.073329 -0.127910 0.026375
19  3.494704 -1.749093 -3.006913  0.152547 2.070419 1.936938
20  0.000120 4.478315 0.000016  -0.194659 0.310431 -0.234996
21  0.000048 4.636122 -0.000030  0.035820 0.324592 -0.151767
22  -0.000042 5.008651 0.000013  0.076000 -0.286565 0.276091
23  0.000064 4.781170 0.000009  0.904405 -2.690903 -0.015801
24  2.253036 1.989053 -3.350106  -1.523632 1.324495 0.112394
25  0.000162 6.589461 0.000171  0.206356 -0.002128 -0.080395
26  0.000042 7.491416 0.000041  -0.333516 0.184455 -0.191163
27  0.000026 7.660307 -0.000053  -0.063173 0.127194 -0.062119
28  0.000007 7.256269 0.000018  -0.052939 -0.487829 0.313813
29  -0.791164 2.265115 -1.234655  -0.753899 1.136376 0.824665
30  -0.000255 8.572259 -0.000091  -0.222844 -0.296789 0.176505
31  -0.000092 8.117214 0.000050  0.072258 0.772520 -0.285587
32  -0.000085 8.230034 -0.000069  -0.080495 -0.347232 0.072252
33  0.000059 7.366722 0.000054  -0.015393 -0.663893 0.062743
34  0.224213 0.240125 -3.218158  -0.877380 1.468889 0.577821
35  -0.000102 7.721051 -0.000309  -0.283829 0.060495 -0.167556
36  -0.000032 7.374854 -0.000001  0.007537 -0.195020 0.049539
37  0.000075 6.848101 0.000006  0.005484 0.006497 -0.033649
38  -0.000050 7.777865 0.000010  -0.186096 0.182474 -0.152847
39  -1.514472 2.104645 -1.150167  -0.029093 0.541320 1.555671
40  -0.000166 6.982340 -0.000078  -0.199699 -0.041214 0.153490
41  0.000037 8.382861 -0.000071  0.044867 0.587987 -0.257958
42  0.000012 8.697704 -0.000028  -0.102637 -0.474319 0.290942
43  0.000059 8.921808 -0.000003  -0.076257 0.581004 -0.195603
44  1.196193 2.899154 -2.353086  -0.449719 1.030105 1.287423
45  0.000109 5.476938 0.000004  0.285574 -0.099353 -0.038446
46  -0.000074 6.060435 -0.000092  -0.155020 -0.575031 0.384609
47  0.000020 5.994264 0.000031  0.033940 0.288574 -0.067730
48  -0.000004 6.100483 0.000000  -0.068407 0.299273 -0.162152
49  0.000039 6.916758 0.000012  -0.096318 0.220533 -0.107966
50  0.000150 6.435054 -0.000043  -0.037456 0.171630 -0.116573
51  1.092797 3.649511 -1.738794  -0.148600 0.876612 1.445020
52  -0.000130 6.792195 -0.000101  0.008284 0.107792 -0.048643
53  -0.000092 7.744779 -0.000029  0.057137 -0.256893 0.015458
54  0.000087 9.115018 -0.000041  -0.020393 0.256253 -0.142636
55  3.494512 -1.749109 3.007064  0.118400 1.106974 1.813803
56  0.000015 4.323831 0.000087  -0.229908 -0.770943 0.449224
57  0.000030 4.872895 -0.000021  0.367245 -0.664052 -0.254033
58  0.000007 5.056655 0.000092  -0.511237 0.856585 -0.546325
59  2.292461 1.708608 3.661675  -1.762560 1.789109 -0.218979
60  -0.000173 6.589437 0.000275  -0.007132 -0.169123 0.176911
61  0.000174 7.491496 -0.000149  -0.132414 -0.107097 0.179327
62  -0.000140 8.249659 0.000139  0.041913 -0.058209 0.015813
63  0.000074 8.605236 -0.000026  0.101585 0.501824 -0.079696
64  -0.240492 2.066066 2.349268  -0.357331 2.461714 1.296076
65  -0.000089 7.721111 -0.000004  -0.208231 -0.126223 -0.116492
66  -0.000124 7.374867 -0.000046  -0.111017 0.046939 -0.046466
67  -0.000035 6.848064 -0.000027  0.273533 0.247522 0.299909
68  0.000034 7.777826 -0.000043  0.072920 0.186148 -0.052689
69  -0.000084 8.178055 0.000011  -0.087031 -0.422849 -0.381357
70  1.617596 3.431401 2.399265  -0.249454 2.569514 1.508568
71  -0.000167 5.476946 -0.000028  0.057729 0.074071 0.060287
72  -0.000100 6.060490 -0.000005  -0.015205 0.015650 -0.152067
73  0.000025 5.994245 0.000012  -0.126210 -0.157657 0.153303
74  -0.000078 7.076874 -0.000048  -0.008118 0.010384 0.036402
75  0.000007 7.089867 -0.000072  0.070875 0.098587 -0.025893
76  0.361103 0.886673 3.287746  -0.576369 1.978708 0.939011
77  -0.000067 6.686642 0.000225  -0.146568 0.414164 -0.327704
78  -0.000015 7.638017 0.000013  -0.079524 -0.025948 0.130953
79  -0.000035 7.290229 -0.000021  0.025325 -0.093908 0.023965
80  -0.000034 6.530363 0.000007  -0.261847 -0.300601 0.006734
81  0.000064 7.224879 0.000009  0.036505 0.032481 -0.175823
82  1.071896 3.225795 1.570115  -0.043805 2.859975 1.526244
83  0.000411 6.748898 -0.000066  -0.062703 0.083783 0.022203
84  -0.000043 8.002650 0.000027  -0.067497 -0.117209 -0.115600
85  0.000012 8.580565 -0.000097  0.088214 -0.007187 0.334606
86  0.000171 8.689830 -0.000041  0.065326 -0.412430 -0.134518
87  -1.514535 2.104636 0.318056  -0.024895 3.094491 1.569491
88  0.000194 6.982287 0.000012  -0.107588 -0.057625 -0.215715
89  -0.000005 8.382873 -0.000068  0.135030 -0.099914 0.287073
90  -0.000064 8.697676 0.000024  -0.148089 -0.510100 0.044839
91  -0.000136 8.921822 0.000079  -0.236827 -0.892635 0.098804
92  3.553612 -3.478050 2.409277  0.000821 0.762046 1.535304
93  0.000003 4.476902 -0.000010  -0.151004 -0.588330 0.377259
94  0.000032 4.514122 -0.000022  -0.228868 -2.996200 0.592367
95  0.000042 4.518385 -0.000025  0.143171 2.612777 0.693383
96  0.000024 3.598331 0.000024  -0.749304 0.869851 -0.773233
97  4.209914 -0.440346 1.018823  -1.992246 -2.218083 0.169744
98  4.265504 1.434234 -0.404997  -2.050999 -0.235198 -0.157003
99  9.400237 0.017940 0.083199  0.077385 -0.063472 -1.397635
100  10.242422 0.033590 0.064481  2.250473 -0.144178 -0.589311
101  3.465852 -0.059683 0.016691  -0.014569 0.114862 0.068125
102  1.655594 -0.000025 0.000023  0.027908 -0.186721 -0.833786
103  0.960770 -0.000003 -0.000008  0.006955 -0.060195 -0.693147
104  3.462024 -0.064255 0.939906  0.316708 -0.070094 0.032845
105  1.497180 -0.000011 0.000022  -0.465103 -0.145601 -0.359112
106  0.793759 0.000004 -0.000002  -0.023136 0.043590 -0.729464
107  0.591659 -0.460699 0.835206  -0.999036 -0.654731 -0.477342
108  1.556139 0.000003 0.000001  -0.190407 0.081351 0.349698
109  1.135906 0.000018 0.000007  -0.017447 -0.044710 0.205055
110  3.084267 -0.668827 -1.257087  -0.572949 0.162530 -0.749997
111  1.064199 0.000002 0.000007  -0.070335 0.130431 -1.419306
112  0.640339 0.000003 -0.000007  -0.040448 0.089927 -1.068963
113  3.396821 -0.242141 -0.708691  -0.277020 0.194588 -0.348167
114  1.532970 0.000010 0.000005  0.022897 -0.001305 -1.046170
115  0.832971 0.000000 -0.000004  0.003128 0.035224 -1.043891
116  4.209938 -0.440342 -1.019280  2.048837 2.174239 0.227763
117  4.266748 1.424945 0.424938  2.012301 -0.043756 -0.562043
118  9.398567 0.011949 -0.082516  0.000249 0.051894 -0.294894
119  10.242440 0.028176 -0.062910  -1.837303 0.106480 0.189835
120  3.465749 -0.067526 0.002267  -0.233101 0.250516 -1.648894
121  1.655562 0.000009 0.000005  -0.164965 0.184500 -1.171567
122  0.960909 0.000012 0.000001  -0.017872 0.175761 -0.885767
123  3.466856 -0.077783 -0.920910  -0.486902 0.126606 -1.670429
124  1.497264 -0.000032 -0.000022  -0.571741 0.315466 -0.996857
125  0.793790 -0.000005 -0.000002  -0.207383 0.370004 -0.741313
126  0.595081 -0.467156 -0.829177  2.468721 0.674489 -0.726702
127  1.555669 0.000016 -0.000003  0.632646 0.517368 1.164763
128  1.136816 -0.000012 -0.000001  0.588852 0.461525 1.096757
129  3.075975 -0.667967 1.277700  0.603402 0.231523 -1.365386
130  1.064600 0.000019 0.000009  0.026296 -0.117066 -0.825419
131  0.640359 -0.000022 -0.000003  -0.103681 -0.023392 -0.465085
132  3.392413 -0.245370 0.728376  0.132722 0.320098 -1.743090
133  1.532740 -0.000009 -0.000001  0.007817 0.016318 -0.799698
134  0.833152 0.000004 0.000006  -0.081723 -0.069049 -1.027701
135  3.590113 -3.090296 1.193972  1.635457 1.210566 1.548541
136  3.589559 -3.089881 -1.196373  -1.505736 1.210473 -1.592853
137  -0.436557 4.719023 -0.001076  -0.000591 -1.570733 1.692974
138  -0.000001 2.775457 -0.000237  -0.135089 0.000001 -0.000000
139  -0.000000 3.189765 0.000008  0.207820 -0.000000 0.000000
140  -0.000000 3.504651 0.000044  -0.261876 0.000000 -0.000000
141  -0.000000 2.863197 -0.000003  -0.051268 -0.000000 -0.000000
time 74
0  2.722648 2.095682 33.516865  1.570862 0.000000 -0.000000
1  0.002636 43.025146 0.734438  -0.088685 -1.068655 -0.099105
2  3.061857 -4.181009 -0.610803  -1.995639 -0.329235 -0.768500
3  18.476774 0.000157 -0.000003  -0.005436 -0.070242 0.903445
4  17.490089 0.000117 0.000003  -0.180117 0.576803 -1.314129
5  -3.065329 -4.183575 -0.611480  -1.434996 -0.458762 -2.069242
6  18.474854 -0.000034 -0.000006  0.010964 0.080040 1.042021
7  17.489584 0.001915 -0.000007  0.238342 -0.513318 -1.481651
8  -0.000117 -0.048881 -0.576226  1.536753 -0.054477 1.558843
9  3.224485 0.767047 0.000495  -0.049501 -0.013049 0.328739
10  3.223906 0.226399 -0.001944  -0.033671 -0.008248 0.271483
11  5.187323 -1.262561 -0.001177  0.000012 0.000066 0.194111
12  6.928407 -1.935316 -0.000226  -2.964511 -0.183275 0.195784
13  3.236361 1.079614 0.000058  0.740739 0.354993 0.321585
14  0.833758 3.805358 0.692957  -0.040492 0.554885 1.469865
15  0.000037 6.792212 0.000037  0.007991 0.036071 -0.011407
16  -0.000071 7.744819 0.000018  -0.017443 -0.155305 0.068153
17  0.000076 7.809700 0.000016  -0.033637 0.005026 0.006142
18  -0.000023 7.867677 0.000018  -0.073329 -0.127910 0.026375
19  3.494699 -1.749088 -3.006912  0.152547 2.070419 1.936938
20  0.000120 4.478328 0.000018  -0.194659 0.310431 -0.234996
21  0.000048 4.636118 -0.000029  0.035820 0.324592 -0.151767
22  -0.000043 5.008656 0.000012  0.076000 -0.286565 0.276091
23  0.000065 4.781161 0.000008  0.904404 -2.690903 -0.015801
24  2.253040 1.989067 -3.350106  -1.523632 1.324495 0.112394
25  0.000161 6.589470 0.000167  0.206356 -0.002128 -0.080395
26  0.000043 7.491417 0.000049  -0.333516 0.184455 -0.191163
27  0.000023 7.660298 -0.000054  -0.063173 0.127194 -0.062119
28  0.000005 7.256275 0.000020  -0.052939 -0.487829 0.313813
29  -0.791164 2.265125 -1.234655  -0.753899 1.136376 0.824665
30  -0.000259 8.572260 -0.000098  -0.222844 -0.296789 0.176505
31  -0.000091 8.117209 0.000050  0.072258 0.772520 -0.285587
32  -0.000082 8.230035 -0.000068  -0.080496 -0.347232 0.072252
33  0.000058 7.366724 0.000051  -0.015393 -0.663893 0.062743
34  0.224212 0.240132 -3.218157  -0.877380 1.468889 0.577821
35  -0.000101 7.721052 -0.000310  -0.283829 0.060495 -0.167556
36  -0.000028 7.374850 0.000000  0.007537 -0.195020 0.049539
37  0.000078 6.848099 0.000007  0.005484 0.006497 -0.033649
38  -0.000050 7.777865 0.000009  -0.186096 0.182474 -0.152846
39  -1.514468 2.104655 -1.150166  -0.029093 0.541320 1.555671
40  -0.000166 6.982342 -0.000078  -0.199699 -0.041214 0.153490
41  0.000038 8.382856 -0.000071  0.044867 0.587987 -0.257958
42  0.000012 8.697701 -0.000025  -0.102637 -0.474319 0.290942
43  0.000056 8.921801 -0.000002  -0.076257 0.581004 -0.195603
44  1.196191 2.899158 -2.353085  -0.449719 1.030105 1.287423
45  0.000104 5.476941 0.000009  0.285574 -0.099353 -0.038446
46  -0.000072 6.060437 -0.000088  -0.155020 -0.575031 0.384609
47  0.000019 5.994263 0.000030  0.033940 0.288574 -0.067730
48  -0.000007 6.100489 0.000004  -0.068407 0.299273 -0.162152
49  0.000032 6.916760 0.000008  -0.096318 0.220533 -0.107966
50  0.000151 6.435060 -0.000047  -0.037456 0.171630 -0.116573
51  1.092797 3.649522 -1.738794  -0.148600 0.876612 1.445020
52  -0.000122 6.792193 -0.000101  0.008284 0.107792 -0.048643
53  -0.000090 7.744779 -0.000029  0.057137 -0.256893 0.015458
54  0.000086 9.115020 -0.000037  -0.020393 0.256253 -0.142636
55  3.494519 -1.749095 3.007065  0.118400 1.106974 1.813803
56  0.000016 4.323835 0.000084  -0.229908 -0.770943 0.449224
57  0.000027 4.872901 -0.000022  0.367245 -0.664052 -0.254033
58  0.000001 5.056654 0.000089  -0.511237 0.856585 -0.546325
59  2.292466 1.708622 3.661674  -1.762560 1.789109 -0.218979
60  -0.000172 6.589443 0.000274  -0.007132 -0.169123 0.176911
61  0.000173 7.491490 -0.000147  -0.132413 -0.107097 0.179327
62  -0.000138 8.249661 0.000138  0.041913 -0.058209 0.015813
63  0.000072 8.605230 -0.000023  0.101585 0.501824 -0.079696
64  -0.240491 2.066073 2.349268  -0.357331 2.461714 1.296076
65  -0.000089 7.721100 -0.000005  -0.208231 -0.126223 -0.116492
66  -0.000123 7.374863 -0.000047  -0.111017 0.046939 -0.046466
67  -0.000036 6.848058 -0.000023  0.273533 0.247522 0.299909
68  0.000032 7.777822 -0.000042  0.072920 0.186148 -0.052689
69  -0.000083 8.178051 0.000010  -0.087031 -0.422849 -0.381357
70  1.617602 3.431413 2.399266  -0.249454 2.569514 1.508568
71  -0.000165 5.476946 -0.000032  0.057729 0.074071 0.060287
72  -0.000095 6.060499 -0.000003  -0.015205 0.015650 -0.152066
73  0.000024 5.994253 0.000010  -0.126210 -0.157657 0.153303
74  -0.000075 7.076872 -0.000047  -0.008118 0.010384 0.036402
75  0.000007 7.089865 -0.000071  0.070875 0.098587 -0.025893
76  0.361110 0.886687 3.287746  -0.576369 1.978708 0.939011
77  -0.000066 6.686640 0.000221  -0.146568 0.414164 -0.327704
78  -0.000015 7.638015 0.000015  -0.079523 -0.025948 0.130953
79  -0.000036 7.290229 -0.000020  0.025325 -0.093908 0.023965
80  -0.000034 6.530365 0.000003  -0.261847 -0.300601 0.006734
81  0.000064 7.224885 0.000007  0.036506 0.032480 -0.175823
82  1.071893 3.225802 1.570116  -0.043805 2.859975 1.526244
83  0.000420 6.748908 -0.000064  -0.062703 0.083783 0.022203
84  -0.000047 8.002645 0.000027  -0.067497 -0.117209 -0.115600
85  0.000009 8.580570 -0.000096  0.088214 -0.007187 0.334606
86  0.000168 8.689834 -0.000040  0.065326 -0.412430 -0.134518
87  -1.514535 2.104644 0.318056  -0.024895 3.094491 1.569491
88  0.000195 6.982281 0.000011  -0.107588 -0.057625 -0.215715
89  -0.000007 8.382870 -0.000068  0.135030 -0.099914 0.287073
90  -0.000063 8.697669 0.000024  -0.148089 -0.510100 0.044838
91  -0.000136 8.921829 0.000079  -0.236827 -0.892635 0.098804
92  3.553611 -3.478040 2.409278  0.000821 0.762046 1.535304
93  0.000001 4.476898 -0.000006  -0.151004 -0.588330 0.377259
94  0.000033 4.514118 -0.000023  -0.228868 -2.996199 0.592367
95  0.000045 4.518384 -0.000022  0.143171 2.612777 0.693383
96  0.000024 3.598322 0.000025  -0.749304 0.869851 -0.773233
97  4.209919 -0.440349 1.018824  -1.985962 -2.217419 0.164440
98  4.265504 1.434228 -0.404994  -2.054530 -0.271864 -0.143142
99  9.400234 0.017939 0.083204  0.075999 -0.064035 -1.377885
100  10.242420 0.033588 0.064486  2.252040 -0.145606 -0.588399
101  3.465854 -0.059683 0.016693  -0.014628 0.114685 0.067400
102  1.655600 -0.000023 0.000020  0.028110 -0.186902 -0.835074
103  0.960770 -0.000009 -0.000007  0.007125 -0.060489 -0.694559
104  3.462027 -0.064249 0.939907  0.316708 -0.070088 0.032906
105  1.497178 -0.000011 0.000021  -0.465109 -0.145590 -0.359082
106  0.793759 0.000008 -0.000002  -0.023136 0.043590 -0.729464
107  0.591661 -0.460694 0.835205  -0.999069 -0.654752 -0.477316
108  1.556140 0.000003 0.000001  -0.190409 0.081342 0.349679
109  1.135904 0.000016 0.000007  -0.017445 -0.044710 0.205054
110  3.084270 -0.668823 -1.257087  -0.572557 0.161151 -0.752181
111  1.064205 -0.000001 0.000007  -0.070868 0.130407 -1.424242
112  0.640338 0.000004 -0.000009  -0.040652 0.089542 -1.074419
113  3.396821 -0.242139 -0.708690  -0.277011 0.194218 -0.349090
114  1.532968 -0.000002 0.000005  0.022798 -0.001909 -1.064535
115  0.832971 -0.000004 -0.000003  0.003425 0.032629 -1.062826
116  4.209935 -0.440346 -1.019278  2.045375 2.175348 0.224366
117  4.266746 1.424942 0.424939  2.016257 -0.040566 -0.570948
118  9.398563 0.011947 -0.082516  0.000757 0.051441 -0.286112
119  10.242439 0.028176 -0.062908  -1.829032 0.101700 0.194702
120  3.465748 -0.067528 0.002266  -0.233527 0.250499 -1.650745
121  1.655560 0.000006 0.000006  -0.165051 0.184523 -1.172093
122  0.960907 0.000006 -0.000000  -0.017974 0.175852 -0.886387
123  3.466854 -0.077780 -0.920910  -0.486995 0.126406 -1.671351
124  1.497259 -0.000033 -0.000023  -0.572977 0.316365 -1.000747
125  0.793790 -0.000009 -0.000003  -0.209265 0.372087 -0.744703
126  0.595080 -0.467150 -0.829177  2.468845 0.674442 -0.726359
127  1.555670 0.000015 -0.000003  0.633129 0.517656 1.165370
128  1.136808 -0.000010 -0.000000  0.578898 0.458681 1.086658
129  3.075974 -0.667969 1.277699  0.603152 0.233310 -1.367365
130  1.064594 0.000020 0.000011  0.026272 -0.117050 -0.825156
131  0.640361 -0.000016 -0.000003  -0.103689 -0.023352 -0.464770
132  3.392412 -0.245369 0.728375  0.132218 0.320523 -1.744638
133  1.532734 -0.000008 -0.000002  0.007790 0.016351 -0.801160
134  0.833150 0.000005 0.000005  -0.081841 -0.069120 -1.029175
135  3.590113 -3.090295 1.193972  1.635457 1.210566 1.548541
136  3.589562 -3.089880 -1.196373  -1.505736 1.210473 -1.592853
137  -0.436559 4.719027 -0.001076  -0.000236 -1.570733 1.692837
138  -0.000001 2.775455 -0.000235  -0.135089 0.000001 -0.000000
139  0.000000 3.189764 0.000010  0.207820 -0.000000 0.000000
140  0.000000 3.504648 0.000043  -0.261876 0.000000 -0.000000
141  -0.000000 2.863200 -0.000002  -0.051268 -0.000000 0.000000
time 75
0  2.753371 2.069222 33.440399  1.570862 0.000000 -0.000000
1  0.002636 43.025146 0.734438  -0.083127 -1.065159 -0.105190
2  3.061857 -4.181011 -0.610805  -1.998295 -0.338535 -0.762404
3  18.476776 0.000160 -0.000000  -0.005903 -0.071188 0.916349
4  17.490089 0.000117 0.000004  -0.179377 0.577256 -1.314889
5  -3.065329 -4.183574 -0.611480  -1.435891 -0.459589 -2.068271
6  18.474855 -0.000036 -0.000009  0.011155 0.080324 1.046198
7  17.489580 0.001915 -0.000008  0.244046 -0.511308 -1.486252
8  -0.000117 -0.048880 -0.576227  1.539640 -0.056928 1.557745
9  3.224480 0.767047 0.000495  -0.045740 -0.014826 0.332184
10  3.223909 0.226399 -0.001944  -0.031120 -0.009481 0.273813
11  5.187319 -1.262558 -0.001177  0.000012 0.000066 0.194111
12  6.928410 -1.935311 -0.000228  -2.965487 -0.182217 0.193605
13  3.236362 1.079613 0.000057  0.737751 0.354275 0.324987
14  0.833759 3.805351 0.692955  -0.040492 0.554884 1.469865
15  0.000034 6.792213 0.000036  0.007991 0.036071 -0.011407
16  -0.000070 7.744812 0.000016  -0.017442 -0.155305 0.068153
17  0.000070 7.809695 0.000017  -0.033637 0.005026 0.006142
18  -0.000022 7.867670 0.000017  -0.073329 -0.127910 0.026375
19  3.494700 -1.749094 -3.006913  0.152547 2.070419 1.936938
20  0.000120 4.478320 0.000016  -0.194659 0.310431 -0.234996
21  0.000047 4.636120 -0.000030  0.035820 0.324592 -0.151767
22  -0.000042 5.008656 0.000012  0.076000 -0.286565 0.276091
23  0.000063 4.781164 0.000010  0.904405 -2.690903 -0.015801
24  2.253041 1.989062 -3.350107  -1.523632 1.324495 0.112394
25  0.000161 6.589468 0.000167  0.206356 -0.002128 -0.080395
26  0.000040 7.491415 0.000043  -0.333516 0.184455 -0.191163
27  0.000023 7.660308 -0.000061  -0.063173 0.127194 -0.062119
28  0.000005 7.256268 0.000021  -0.052939 -0.487829 0.313813
29  -0.791157 2.265122 -1.234656  -0.753899 1.136376 0.824665
30  -0.000256 8.572261 -0.000098  -0.222844 -0.296788 0.176505
31  -0.000093 8.117219 0.000047  0.072258 0.772520 -0.285587
32  -0.000083 8.230034 -0.000068  -0.080496 -0.347232 0.072252
33  0.000061 7.366726 0.000052  -0.015393 -0.663893 0.062743
34  0.224213 0.240122 -3.218157  -0.877380 1.468889 0.577821
35  -0.000101 7.721051 -0.000304  -0.283829 0.060495 -0.167556
36  -0.000032 7.374856 -0.000003  0.007537 -0.195020 0.049539
37  0.000075 6.848101 0.000004  0.005484 0.006497 -0.033649
38  -0.000050 7.777863 0.000008  -0.186096 0.182474 -0.152847
39  -1.514464 2.104651 -1.150168  -0.029093 0.541320 1.555671
40  -0.000165 6.982348 -0.000077  -0.199699 -0.041214 0.153490
41  0.000035 8.382854 -0.000072  0.044866 0.587987 -0.257958
42  0.000012 8.697699 -0.000027  -0.102637 -0.474319 0.290942
43  0.000058 8.921807 -0.000005  -0.076257 0.581004 -0.195603
44  1.196190 2.899153 -2.353086  -0.449719 1.030105 1.287423
45  0.000107 5.476945 0.000009  0.285574 -0.099353 -0.038446
46  -0.000071 6.060440 -0.000085  -0.155020 -0.575032 0.384609
47  0.000018 5.994260 0.000028  0.033940 0.288574 -0.067730
48  -0.000005 6.100485 0.000002  -0.068407 0.299273 -0.162152
49  0.000039 6.916755 0.000008  -0.096318 0.220533 -0.107966
50  0.000151 6.435060 -0.000044  -0.037456 0.171630 -0.116573
51  1.092795 3.649516 -1.738795  -0.148600 0.876612 1.445020
52  -0.000128 6.792201 -0.000101  0.008284 0.107792 -0.048643
53  -0.000090 7.744781 -0.000031  0.057137 -0.256893 0.015458
54  0.000085 9.115025 -0.000038  -0.020393 0.256253 -0.142636
55  3.494517 -1.749102 3.007062  0.118400 1.106974 1.813803
56  0.000015 4.323833 0.000088  -0.229908 -0.770943 0.449224
57  0.000029 4.872898 -0.000024  0.367245 -0.664051 -0.254033
58  0.000002 5.056652 0.000091  -0.511237 0.856585 -0.546325
59  2.292460 1.708612 3.661674  -1.762560 1.789109 -0.218979
60  -0.000172 6.589436 0.000273  -0.007132 -0.169123 0.176911
61  0.000172 7.491492 -0.000149  -0.132413 -0.107097 0.179327
62  -0.000141 8.249660 0.000144  0.041913 -0.058209 0.015813
63  0.000074 8.605234 -0.000023  0.101585 0.501824 -0.079696
64  -0.240485 2.066075 2.349266  -0.357331 2.461714 1.296076
65  -0.000091 7.721106 -0.000005  -0.208231 -0.126223 -0.116492
66  -0.000124 7.374868 -0.000047  -0.111017 0.046940 -0.046466
67  -0.000035 6.848057 -0.000025  0.273533 0.247522 0.299909
68  0.000034 7.777822 -0.000044  0.072920 0.186148 -0.052689
69  -0.000083 8.178059 0.000011  -0.087031 -0.422849 -0.381357
70  1.617602 3.431411 2.399264  -0.249454 2.569514 1.508568
71  -0.000161 5.476944 -0.000029  0.057729 0.074071 0.060287
72  -0.000094 6.060496 -0.000005  -0.015205 0.015650 -0.152066
73  0.000030 5.994253 0.000013  -0.126210 -0.157657 0.153303
74  -0.000081 7.076878 -0.000047  -0.008118 0.010384 0.036402
75  0.000006 7.089866 -0.000070  0.070875 0.098587 -0.025893
76  0.361112 0.886685 3.287745  -0.576369 1.978708 0.939011
77  -0.000068 6.686638 0.000213  -0.146568 0.414164 -0.327704
78  -0.000011 7.638011 0.000014  -0.079524 -0.025948 0.130953
79  -0.000032 7.290227 -0.000021  0.025325 -0.093908 0.023965
80  -0.000032 6.530367 0.000002  -0.261847 -0.300601 0.006734
81  0.000063 7.224881 0.000010  0.036505 0.032481 -0.175823
82  1.071892 3.225794 1.570114  -0.043805 2.859975 1.526244
83  0.000413 6.748903 -0.000066  -0.062703 0.083783 0.022203
84  -0.000050 8.002649 0.000026  -0.067497 -0.117209 -0.115600
85  0.000014 8.580572 -0.000098  0.088214 -0.007187 0.334606
86  0.000168 8.689832 -0.000041  0.065326 -0.412430 -0.134518
87  -1.514537 2.104637 0.318055  -0.024895 3.094491 1.569491
88  0.000192 6.982283 0.000012  -0.107588 -0.057625 -0.215715
89  -0.000007 8.382876 -0.000068  0.135030 -0.099914 0.287073
90  -0.000059 8.697670 0.000024  -0.148089 -0.510100 0.044838
91  -0.000136 8.921824 0.000080  -0.236827 -0.892635 0.098804
92  3.553614 -3.478046 2.409276  0.000821 0.762046 1.535304
93  -0.000000 4.476907 -0.000009  -0.151004 -0.588330 0.377259
94  0.000031 4.514118 -0.000023  -0.228868 -2.996200 0.592367
95  0.000044 4.518384 -0.000023  0.143171 2.612777 0.693383
96  0.000026 3.598328 0.000024  -0.749304 0.869851 -0.773233
97  4.209918 -0.440343 1.018823  -1.980831 -2.216986 0.160083
98  4.265503 1.434233 -0.404993  -2.057954 -0.305709 -0.129777
99  9.400234 0.017941 0.083199  0.074406 -0.064644 -1.355352
100  10.242423 0.033588 0.064490  2.253490 -0.147130 -0.587450
101  3.465856 -0.059676 0.016693  -0.014669 0.114607 0.066910
102  1.655598 -0.000024 0.000019  0.028280 -0.187054 -0.836158
103  0.960768 -0.000004 -0.000005  0.007263 -0.060728 -0.695647
104  3.462027 -0.064244 0.939907  0.316708 -0.070082 0.032967
105  1.497177 -0.000015 0.000025  -0.465114 -0.145578 -0.359052
106  0.793759 0.000006 -0.000001  -0.023136 0.043590 -0.729464
107  0.591661 -0.460690 0.835206  -0.999102 -0.654774 -0.477291
108  1.556140 -0.000007 0.000000  -0.190411 0.081333 0.349660
109  1.135904 0.000015 0.000000  -0.017442 -0.044710 0.205054
110  3.084267 -0.668822 -1.257085  -0.572190 0.160160 -0.753686
111  1.064202 -0.000002 0.000005  -0.071196 0.130402 -1.427694
112  0.640338 0.000005 -0.000006  -0.040828 0.089225 -1.078187
113  3.396821 -0.242140 -0.708691  -0.276992 0.193959 -0.349785
114  1.532970 0.000006 0.000006  0.022724 -0.002374 -1.078715
115  0.832972 -0.000008 -0.000005  0.003721 0.030573 -1.077505
116  4.209940 -0.440340 -1.019279  2.041139 2.176120 0.220374
117  4.266746 1.424944 0.424936  2.014838 -0.036400 -0.579001
118  9.398565 0.011950 -0.082519  0.001070 0.051157 -0.280673
119  10.242442 0.028177 -0.062910  -1.819863 0.096479 0.202881
120  3.465747 -0.067532 0.002268  -0.233907 0.250483 -1.652349
121  1.655558 0.000005 0.000006  -0.165125 0.184542 -1.172543
122  0.960906 0.000006 -0.000001  -0.018137 0.175943 -0.886867
123  3.466854 -0.077786 -0.920909  -0.487226 0.126046 -1.673204
124  1.497261 -0.000031 -0.000023  -0.574055 0.317146 -1.004117
125  0.793788 -0.000007 -0.000001  -0.210949 0.373912 -0.747792
126  0.595078 -0.467157 -0.829175  2.468841 0.674388 -0.726157
127  1.555678 0.000014 -0.000004  0.633542 0.517869 1.165922
128  1.136816 -0.000009 -0.000002  0.573102 0.457010 1.080824
129  3.075974 -0.667973 1.277699  0.603030 0.234320 -1.368539
130  1.064593 0.000018 0.000012  0.026272 -0.117050 -0.825156
131  0.640360 -0.000018 -0.000004  -0.103688 -0.023360 -0.464833
132  3.392412 -0.245375 0.728376  0.131557 0.321047 -1.746465
133  1.532738 -0.000011 -0.000002  0.007732 0.016437 -0.802621
134  0.833150 0.000010 0.000005  -0.081966 -0.069279 -1.030717
135  3.590104 -3.090292 1.193973  1.635457 1.210566 1.548541
136  3.589557 -3.089878 -1.196372  -1.505736 1.210473 -1.592853
137  -0.436564 4.719028 -0.001076  -0.000355 -1.570733 1.692734
138  -0.000001 2.775456 -0.000236  -0.135089 0.000001 -0.000000
139  -0.000001 3.189771 0.000009  0.207820 0.000000 0.000000
140  0.000000 3.504654 0.000045  -0.261876 0.000000 -0.000000
141  0.000000 2.863200 -0.000000  -0.051268 -0.000000 0.000000
time 76
0  2.765941 2.064304 33.371655  1.570862 0.000000 -0.000000
1  0.002636 43.025146 0.734438  -0.077127 -1.063160 -0.111746
2  3.061857 -4.181013 -0.610803  -2.000470 -0.345524 -0.755991
3  18.476774 0.000156 0.000001  -0.006275 -0.071921 0.926392
4  17.490088 0.000114 0.000002  -0.180063 0.577205 -1.314974
5  -3.065330 -4.183576 -0.611479  -1.436595 -0.461455 -2.066193
6  18.474859 -0.000033 -0.000006  0.011382 0.080658 1.051146
7  17.489584 0.001917 -0.000006  0.247701 -0.509845 -1.490411
8  -0.000117 -0.048883 -0.576225  1.542135 -0.058956 1.556306
9  3.224482 0.767047 0.000496  -0.042620 -0.017011 0.335025
10  3.223915 0.226400 -0.001945  -0.028995 -0.011020 0.275721
11  5.187321 -1.262559 -0.001177  0.000012 0.000066 0.194111
12  6.928416 -1.935317 -0.000227  -2.965924 -0.182048 0.191740
13  3.236367 1.079616 0.000060  0.736423 0.353949 0.328758
14  0.833761 3.805351 0.692955  -0.040492 0.554884 1.469865
15  0.000039 6.792206 0.000037  0.007991 0.036071 -0.011407
16  -0.000065 7.744822 0.000017  -0.017443 -0.155305 0.068153
17  0.000074 7.809706 0.000020  -0.033637 0.005026 0.006142
18  -0.000028 7.867676 0.000018  -0.073329 -0.127910 0.026375
19  3.494698 -1.749095 -3.006912  0.152547 2.070419 1.936938
20  0.000120 4.478327 0.000013  -0.194659 0.310431 -0.234996
21  0.000047 4.636125 -0.000028  0.035820 0.324592 -0.151767
22  -0.000043 5.008659 0.000014  0.076000 -0.286565 0.276091
23  0.000065 4.781162 0.000005  0.904405 -2.690903 -0.015801
24  2.253036 1.989054 -3.350106  -1.523632 1.324495 0.112394
25  0.000165 6.589466 0.000165  0.206356 -0.002128 -0.080395
26  0.000042 7.491420 0.000038  -0.333516 0.184455 -0.191163
27  0.000023 7.660305 -0.000061  -0.063173 0.127194 -0.062119
28  0.000008 7.256267 0.000018  -0.052939 -0.487829 0.313813
29  -0.791161 2.265115 -1.234655  -0.753899 1.136376 0.824664
30  -0.000258 8.572267 -0.000092  -0.222844 -0.296789 0.176505
31  -0.000093 8.117208 0.000049  0.072258 0.772520 -0.285587
32  -0.000082 8.230036 -0.000067  -0.080496 -0.347232 0.072252
33  0.000062 7.366722 0.000057  -0.015393 -0.663893 0.062743
34  0.224216 0.240127 -3.218158  -0.877380 1.468889 0.577821
35  -0.000101 7.721058 -0.000313  -0.283829 0.060495 -0.167556
36  -0.000029 7.374859 -0.000002  0.007537 -0.195020 0.049539
37  0.000075 6.848102 0.000007  0.005484 0.006497 -0.033649
38  -0.000050 7.777867 0.000009  -0.186097 0.182474 -0.152847
39  -1.514469 2.104647 -1.150167  -0.029093 0.541320 1.555671
40  -0.000165 6.982339 -0.000077  -0.199699 -0.041214 0.153490
41  0.000041 8.382856 -0.000073  0.044867 0.587987 -0.257958
42  0.000012 8.697701 -0.000025  -0.102637 -0.474319 0.290942
43  0.000059 8.921801 -0.000004  -0.076257 0.581004 -0.195603
44  1.196191 2.899153 -2.353086  -0.449719 1.030105 1.287423
45  0.000108 5.476940 0.000004  0.285574 -0.099353 -0.038446
46  -0.000073 6.060436 -0.000095  -0.155020 -0.575031 0.384609
47  0.000020 5.994264 0.000030  0.033940 0.288574 -0.067730
48  -0.000012 6.100485 0.000002  -0.068407 0.299273 -0.162152
49  0.000037 6.916757 0.000006  -0.096318 0.220533 -0.107966
50  0.000149 6.435056 -0.000044  -0.037456 0.171630 -0.116573
51  1.092795 3.649512 -1.738794  -0.148600 0.876612 1.445020
52  -0.000127 6.792191 -0.000101  0.008284 0.107792 -0.048643
53  -0.000083 7.744772 -0.000030  0.057137 -0.256893 0.015458
54  0.000079 9.115024 -0.000038  -0.020393 0.256253 -0.142636
55  3.494513 -1.749104 3.007065  0.118400 1.106974 1.813803
56  0.000013 4.323839 0.000083  -0.229908 -0.770943 0.449224
57  0.000029 4.872894 -0.000022  0.367245 -0.664051 -0.254033
58  0.000007 5.056653 0.000094  -0.511237 0.856585 -0.546325
59  2.292465 1.708613 3.661675  -1.762560 1.789109 -0.218979
60  -0.000173 6.589445 0.000273  -0.007132 -0.169123 0.176911
61  0.000174 7.491490 -0.000152  -0.132414 -0.107097 0.179327
62  -0.000140 8.249655 0.000145  0.041913 -0.058209 0.015813
63  0.000072 8.605234 -0.000025  0.101585 0.501824 -0.079696
64  -0.240488 2.066070 2.349267  -0.357331 2.461714 1.296076
65  -0.000089 7.721105 -0.000007  -0.208231 -0.126223 -0.116492
66  -0.000122 7.374869 -0.000046  -0.111017 0.046940 -0.046466
67  -0.000036 6.848059 -0.000025  0.273533 0.247522 0.299909
68  0.000036 7.777825 -0.000044  0.072920 0.186148 -0.052689
69  -0.000081 8.178054 0.000011  -0.087031 -0.422849 -0.381357
70  1.617603 3.431406 2.399265  -0.249454 2.569514 1.508568
71  -0.000167 5.476947 -0.000030  0.057729 0.074071 0.060287
72  -0.000099 6.060491 -0.000007  -0.015205 0.015650 -0.152067
73  0.000025 5.994255 0.000015  -0.126210 -0.157657 0.153303
74  -0.000077 7.076874 -0.000043  -0.008118 0.010384 0.036402
75  0.000002 7.089867 -0.000071  0.070875 0.098587 -0.025893
76  0.361108 0.886675 3.287746  -0.576369 1.978708 0.939011
77  -0.000065 6.686648 0.000221  -0.146568 0.414164 -0.327704
78  -0.000011 7.638024 0.000014  -0.079524 -0.025948 0.130953
79  -0.000034 7.290226 -0.000019  0.025325 -0.093908 0.023965
80  -0.000037 6.530366 0.000005  -0.261847 -0.300601 0.006734
81  0.000062 7.224878 0.000009  0.036505 0.032481 -0.175823
82  1.071891 3.225790 1.570116  -0.043805 2.859975 1.526244
83  0.000414 6.748901 -0.000064  -0.062703 0.083783 0.022203
84  -0.000048 8.002643 0.000027  -0.067497 -0.117209 -0.115600
85  0.000009 8.580573 -0.000097  0.088214 -0.007187 0.334606
86  0.000171 8.689835 -0.000041  0.065326 -0.412430 -0.134518
87  -1.514537 2.104635 0.318056  -0.024895 3.094491 1.569491
88  0.000195 6.982280 0.000011  -0.107588 -0.057625 -0.215715
89  -0.000007 8.382875 -0.000068  0.135030 -0.099914 0.287073
90  -0.000064 8.697675 0.000023  -0.148089 -0.510100 0.044838
91  -0.000133 8.921824 0.000081  -0.236827 -0.892635 0.098804
92  3.553615 -3.478048 2.409277  0.000821 0.762046 1.535304
93  0.000002 4.476904 -0.000007  -0.151004 -0.588330 0.377259
94  0.000033 4.514116 -0.000023  -0.228868 -2.996199 0.592367
95  0.000043 4.518382 -0.000023  0.143171 2.612777 0.693383
96  0.000030 3.598330 0.000023  -0.749304 0.869851 -0.773233
97  4.209928 -0.440349 1.018824  -1.976832 -2.216906 0.156606
98  4.265503 1.434234 -0.404993  -2.060618 -0.335991 -0.116905
99  9.400234 0.017942 0.083201  0.072644 -0.065269 -1.330664
100  10.242419 0.033593 0.064480  2.254720 -0.148630 -0.586321
101  3.465859 -0.059676 0.016695  -0.014642 0.114478 0.066492
102  1.655597 -0.000022 0.000020  0.028367 -0.187209 -0.837034
103  0.960768 0.000001 -0.000006  0.007362 -0.060891 -0.696618
104  3.462032 -0.064241 0.939909  0.316708 -0.070084 0.032946
105  1.497177 -0.000014 0.000023  -0.465114 -0.145578 -0.359052
106  0.793761 0.000003 -0.000001  -0.023136 0.043590 -0.729464
107  0.591665 -0.460690 0.835206  -0.999102 -0.654774 -0.477291
108  1.556139 -0.000004 0.000000  -0.190412 0.081325 0.349641
109  1.135904 0.000017 0.000005  -0.017442 -0.044693 0.205112
110  3.084272 -0.668818 -1.257084  -0.572071 0.159608 -0.754567
111  1.064198 0.000001 0.000007  -0.071485 0.130389 -1.429973
112  0.640338 0.000003 -0.000006  -0.040876 0.089015 -1.080774
113  3.396827 -0.242134 -0.708688  -0.277031 0.193784 -0.350317
114  1.532970 0.000003 0.000002  0.022682 -0.002704 -1.089874
115  0.832977 -0.000004 -0.000003  0.003953 0.028997 -1.089044
116  4.209949 -0.440347 -1.019279  2.036402 2.176483 0.215985
117  4.266746 1.424934 0.424934  2.008320 -0.031613 -0.586465
118  9.398565 0.011949 -0.082522  0.001177 0.051060 -0.278819
119  10.242435 0.028176 -0.062908  -1.809905 0.090798 0.214053
120  3.465750 -0.067527 0.002267  -0.234224 0.250427 -1.653861
121  1.655561 0.000006 0.000006  -0.165162 0.184551 -1.172768
122  0.960905 0.000005 -0.000001  -0.018182 0.175983 -0.887143
123  3.466856 -0.077782 -0.920911  -0.487453 0.125494 -1.675892
124  1.497258 -0.000036 -0.000022  -0.575097 0.317829 -1.007199
125  0.793790 -0.000008 0.000000  -0.212476 0.375510 -0.750452
126  0.595079 -0.467149 -0.829176  2.468925 0.674383 -0.726029
127  1.555678 0.000016 -0.000004  0.633810 0.517996 1.166230
128  1.136810 -0.000007 -0.000002  0.570095 0.456145 1.077764
129  3.075976 -0.667969 1.277700  0.602976 0.234517 -1.368738
130  1.064595 0.000020 0.000011  0.026284 -0.117058 -0.825287
131  0.640363 -0.000019 0.000000  -0.103687 -0.023368 -0.464896
132  3.392413 -0.245373 0.728375  0.130873 0.321643 -1.748565
133  1.532735 -0.000011 -0.000002  0.007651 0.016441 -0.804151
134  0.833150 0.000011 0.000005  -0.082084 -0.069353 -1.032259
135  3.590108 -3.090293 1.193972  1.635457 1.210566 1.548541
136  3.589558 -3.089880 -1.196373  -1.505736 1.210473 -1.592853
137  -0.436559 4.719027 -0.001077  -0.000591 -1.570733 1.693532
138  0.000000 2.775455 -0.000234  -0.135089 0.000001 -0.000000
139  0.000001 3.189772 0.000007  0.207820 -0.000000 0.000000
140  0.000001 3.504656 0.000046  -0.261876 0.000000 -0.000000
141  -0.000000 2.863200 -0.000003  -0.051268 -0.000000 -0.000000
time 77
0  2.759948 2.081166 33.315964  1.570862 0.000000 -0.000000
1  0.002636 43.025146 0.734438  -0.070634 -1.062642 -0.118821
2  3.061857 -4.181008 -0.610803  -2.001986 -0.349786 -0.749298
3  18.476774 0.000158 0.000002  -0.006522 -0.072397 0.932942
4  17.490086 0.000115 0.000003  -0.182461 0.576802 -1.314317
5  -3.065330 -4.183571 -0.611479  -1.437020 -0.463925 -2.062877
6  18.474857 -0.000031 -0.000007  0.011614 0.080997 1.056170
7  17.489586 0.001916 -0.000007  0.249627 -0.509012 -1.494060
8  -0.000117 -0.048878 -0.576225  1.544178 -0.060561 1.554527
9  3.224481 0.767047 0.000496  -0.040082 -0.019601 0.337323
10  3.223905 0.226398 -0.001944  -0.027358 -0.012850 0.277326
11  5.187318 -1.262559 -0.001176  0.000012 0.000066 0.194111
12  6.928408 -1.935313 -0.000226  -2.965505 -0.183121 0.190259
13  3.236364 1.079609 0.000058  0.737260 0.354496 0.333196
14  0.833766 3.805359 0.692956  -0.040492 0.554885 1.469865
15  0.000037 6.792209 0.000038  0.007991 0.036071 -0.011407
16  -0.000070 7.744821 0.000014  -0.017443 -0.155305 0.068153
17  0.000071 7.809699 0.000018  -0.033637 0.005026 0.006142
18  -0.000027 7.867672 0.000017  -0.073329 -0.127910 0.026375
19  3.494705 -1.749088 -3.006911  0.152547 2.070419 1.936939
20  0.000121 4.478320 0.000016  -0.194659 0.310431 -0.234996
21  0.000048 4.636111 -0.000028  0.035820 0.324592 -0.151767
22  -0.000042 5.008645 0.000012  0.076000 -0.286565 0.276091
23  0.000064 4.781157 0.000009  0.904404 -2.690903 -0.015801
24  2.253046 1.989064 -3.350106  -1.523632 1.324495 0.112394
25  0.000162 6.589456 0.000169  0.206356 -0.002128 -0.080395
26  0.000039 7.491415 0.000041  -0.333516 0.184455 -0.191163
27  0.000022 7.660308 -0.000059  -0.063173 0.127194 -0.062119
28  0.000008 7.256268 0.000014  -0.052939 -0.487829 0.313813
29  -0.791150 2.265127 -1.234655  -0.753899 1.136376 0.824664
30  -0.000257 8.572258 -0.000095  -0.222844 -0.296789 0.176505
31  -0.000091 8.117213 0.000046  0.072258 0.772520 -0.285587
32  -0.000084 8.230036 -0.000074  -0.080496 -0.347232 0.072252
33  0.000058 7.366719 0.000053  -0.015392 -0.663893 0.062743
34  0.224227 0.240133 -3.218158  -0.877380 1.468889 0.577821
35  -0.000102 7.721056 -0.000309  -0.283829 0.060495 -0.167556
36  -0.000030 7.374857 0.000000  0.007537 -0.195020 0.049539
37  0.000076 6.848099 0.000008  0.005484 0.006496 -0.033649
38  -0.000050 7.777862 0.000009  -0.186097 0.182474 -0.152847
39  -1.514459 2.104655 -1.150167  -0.029093 0.541320 1.555671
40  -0.000166 6.982350 -0.000078  -0.199699 -0.041214 0.153490
41  0.000042 8.382859 -0.000071  0.044866 0.587987 -0.257958
42  0.000013 8.697701 -0.000027  -0.102637 -0.474319 0.290942
43  0.000059 8.921806 -0.000004  -0.076257 0.581004 -0.195603
44  1.196199 2.899158 -2.353085  -0.449719 1.030105 1.287423
45  0.000107 5.476949 0.000006  0.285574 -0.099353 -0.038446
46  -0.000071 6.060434 -0.000087  -0.155020 -0.575031 0.384609
47  0.000018 5.994262 0.000030  0.033940 0.288575 -0.067730
48  -0.000008 6.100484 0.000002  -0.068407 0.299273 -0.162152
49  0.000037 6.916756 0.000011  -0.096318 0.220533 -0.107966
50  0.000151 6.435058 -0.000045  -0.037456 0.171630 -0.116573
51  1.092805 3.649520 -1.738793  -0.148600 0.876612 1.445020
52  -0.000128 6.792201 -0.000103  0.008285 0.107792 -0.048643
53  -0.000088 7.744776 -0.000032  0.057137 -0.256893 0.015458
54  0.000077 9.115028 -0.000038  -0.020393 0.256253 -0.142636
55  3.494528 -1.749097 3.007063  0.118400 1.106974 1.813803
56  0.000011 4.323843 0.000085  -0.229908 -0.770943 0.449224
57  0.000028 4.872894 -0.000020  0.367245 -0.664051 -0.254033
58  0.000005 5.056653 0.000093  -0.511237 0.856585 -0.546325
59  2.292476 1.708624 3.661674  -1.762560 1.789109 -0.218979
60  -0.000173 6.589449 0.000277  -0.007132 -0.169123 0.176911
61  0.000173 7.491497 -0.000147  -0.132413 -0.107097 0.179327
62  -0.000141 8.249660 0.000142  0.041913 -0.058209 0.015813
63  0.000072 8.605245 -0.000031  0.101585 0.501824 -0.079696
64  -0.240479 2.066074 2.349268  -0.357331 2.461714 1.296076
65  -0.000079 7.721105 -0.000003  -0.208231 -0.126223 -0.116492
66  -0.000127 7.374866 -0.000044  -0.111017 0.046940 -0.046466
67  -0.000033 6.848060 -0.000028  0.273533 0.247522 0.299909
68  0.000031 7.777826 -0.000044  0.072920 0.186148 -0.052689
69  -0.000081 8.178055 0.000012  -0.087031 -0.422849 -0.381357
70  1.617616 3.431416 2.399266  -0.249454 2.569514 1.508568
71  -0.000160 5.476942 -0.000028  0.057729 0.074071 0.060287
72  -0.000096 6.060493 -0.000004  -0.015205 0.015650 -0.152067
73  0.000025 5.994245 0.000013  -0.126210 -0.157657 0.153303
74  -0.000076 7.076876 -0.000046  -0.008118 0.010384 0.036402
75  0.000006 7.089871 -0.000070  0.070875 0.098587 -0.025893
76  0.361121 0.886689 3.287745  -0.576369 1.978708 0.939011
77  -0.000063 6.686649 0.000212  -0.146568 0.414164 -0.327704
78  -0.000010 7.638012 0.000013  -0.079524 -0.025948 0.130953
79  -0.000033 7.290226 -0.000021  0.025325 -0.093908 0.023965
80  -0.000033 6.530365 0.000006  -0.261847 -0.300601 0.006734
81  0.000062 7.224878 0.000011  0.036505 0.032481 -0.175823
82  1.071908 3.225805 1.570115  -0.043805 2.859975 1.526244
83  0.000416 6.748904 -0.000066  -0.062703 0.083783 0.022203
84  -0.000045 8.002649 0.000026  -0.067497 -0.117209 -0.115600
85  0.000009 8.580573 -0.000096  0.088214 -0.007187 0.334606
86  0.000161 8.689831 -0.000041  0.065326 -0.412430 -0.134518
87  -1.514526 2.104645 0.318056  -0.024895 3.094491 1.569491
88  0.000190 6.982282 0.000011  -0.107588 -0.057625 -0.215715
89  -0.000006 8.382874 -0.000068  0.135030 -0.099914 0.287073
90  -0.000056 8.697672 0.000022  -0.148089 -0.510100 0.044839
91  -0.000137 8.921821 0.000079  -0.236828 -0.892635 0.098804
92  3.553625 -3.478037 2.409277  0.000821 0.762046 1.535304
93  0.000002 4.476905 -0.000009  -0.151004 -0.588330 0.377259
94  0.000035 4.514122 -0.000023  -0.228868 -2.996200 0.592367
95  0.000043 4.518381 -0.000023  0.143171 2.612777 0.693383
96  0.000023 3.598329 0.000024  -0.749304 0.869851 -0.773233
97  4.209917 -0.440345 1.018824  -1.974312 -2.217061 0.154366
98  4.265503 1.434235 -0.404995  -2.062999 -0.361286 -0.105500
99  9.400235 0.017941 0.083204  0.070812 -0.065869 -1.305204
100  10.242418 0.033588 0.064482  2.255707 -0.150115 -0.585378
101  3.465854 -0.059679 0.016695  -0.014658 0.114449 0.066308
102  1.655592 -0.000026 0.000021  0.028474 -0.187304 -0.837712
103  0.960772 -0.000001 -0.000006  0.007448 -0.061032 -0.697459
104  3.462027 -0.064245 0.939910  0.316708 -0.070086 0.032926
105  1.497178 -0.000010 0.000020  -0.465114 -0.145578 -0.359052
106  0.793758 0.000001 -0.000001  -0.023137 0.043590 -0.729464
107  0.591662 -0.460691 0.835207  -0.999101 -0.654774 -0.477291
108  1.556139 0.000001 0.000007  -0.190415 0.081319 0.349612
109  1.135903 0.000016 0.000005  -0.017438 -0.044675 0.205170
110  3.084268 -0.668822 -1.257083  -0.572006 0.159480 -0.754853
111  1.064203 0.000003 0.000006  -0.071560 0.130397 -1.430680
112  0.640341 0.000004 -0.000010  -0.040950 0.088969 -1.081515
113  3.396822 -0.242138 -0.708689  -0.277040 0.193675 -0.350545
114  1.532969 0.000003 0.000004  0.022646 -0.002890 -1.096113
115  0.832971 0.000001 -0.000003  0.004058 0.028139 -1.095509
116  4.209944 -0.440344 -1.019279  2.031060 2.176543 0.211141
117  4.266745 1.424939 0.424939  1.996857 -0.025691 -0.593244
118  9.398562 0.011950 -0.082521  0.001116 0.051115 -0.279869
119  10.242442 0.028177 -0.062911  -1.799439 0.084608 0.227757
120  3.465747 -0.067518 0.002268  -0.234488 0.250459 -1.655044
121  1.655559 0.000005 0.000005  -0.165199 0.184561 -1.172993
122  0.960907 0.000005 0.000001  -0.018228 0.176023 -0.887419
123  3.466855 -0.077774 -0.920910  -0.487838 0.124740 -1.679347
124  1.497256 -0.000031 -0.000023  -0.575849 0.318345 -1.009611
125  0.793788 -0.000002 0.000003  -0.213651 0.376819 -0.752590
126  0.595080 -0.467146 -0.829177  2.468913 0.674345 -0.726084
127  1.555673 0.000016 -0.000003  0.633955 0.518082 1.166474
128  1.136813 -0.000011 0.000001  0.571458 0.456579 1.079146
129  3.075972 -0.667958 1.277701  0.603037 0.234192 -1.368402
130  1.064589 0.000019 0.000012  0.026319 -0.117082 -0.825682
131  0.640361 -0.000013 -0.000004  -0.103756 -0.023381 -0.465343
132  3.392410 -0.245358 0.728377  0.130166 0.322245 -1.750759
133  1.532737 -0.000009 -0.000001  0.007622 0.016475 -0.805680
134  0.833150 0.000007 0.000005  -0.082208 -0.069512 -1.033802
135  3.590108 -3.090293 1.193973  1.635457 1.210566 1.548541
136  3.589552 -3.089878 -1.196372  -1.505736 1.210473 -1.592853
137  -0.436562 4.719026 -0.001075  -0.000709 -1.570733 1.692778
138  -0.000002 2.775454 -0.000235  -0.135089 0.000001 -0.000000
139  0.000000 3.189773 0.000007  0.207820 -0.000000 0.000000
140  -0.000001 3.504652 0.000047  -0.261876 0.000000 -0.000000
141  -0.000000 2.863199 0.000000  -0.051268 -0.000000 -0.000000
time 78
0  2.736687 2.121057 33.271446  1.570862 0.000000 -0.000000
1  0.002636 43.025146 0.734438  -0.063774 -1.063968 -0.125966
2  3.061857 -4.181009 -0.610804  -2.002889 -0.351453 -0.742773
3  18.476774 0.000161 0.000000  -0.006648 -0.072637 0.936255
4  17.490086 0.000117 0.000002  -0.186377 0.575586 -1.312817
5  -3.065329 -4.183572 -0.611480  -1.437249 -0.467548 -2.058624
6  18.474854 -0.000032 -0.000010  0.011859 0.081349 1.061413
7  17.489584 0.001915 -0.000005  0.249992 -0.509126 -1.497467
8  -0.000117 -0.048878 -0.576226  1.545746 -0.061616 1.552592
9  3.224483 0.767047 0.000495  -0.038289 -0.022400 0.338831
10  3.223911 0.226399 -0.001945  -0.026173 -0.014793 0.278323
11  5.187320 -1.262561 -0.001178  0.000012 0.000066 0.194111
12  6.928412 -1.935315 -0.000229  -2.964482 -0.185247 0.189135
13  3.236367 1.079613 0.000058  0.740253 0.356485 0.337344
14  0.833764 3.805349 0.692956  -0.040492 0.554884 1.469865
15  0.000043 6.792212 0.000040  0.007991 0.036071 -0.011407
16  -0.000070 7.744817 0.000017  -0.017442 -0.155305 0.068153
17  0.000073 7.809701 0.000019  -0.033637 0.005026 0.006142
18  -0.000024 7.867672 0.000014  -0.073329 -0.127910 0.026375
19  3.494703 -1.749099 -3.006912  0.152547 2.070419 1.936938
20  0.000119 4.478324 0.000015  -0.194659 0.310431 -0.234996
21  0.000046 4.636119 -0.000031  0.035820 0.324592 -0.151767
22  -0.000041 5.008651 0.000011  0.076000 -0.286565 0.276091
23  0.000065 4.781158 0.000005  0.904404 -2.690903 -0.015801
24  2.253045 1.989054 -3.350106  -1.523632 1.324495 0.112394
25  0.000164 6.589458 0.000171  0.206356 -0.002128 -0.080395
26  0.000041 7.491415 0.000045  -0.333516 0.184455 -0.191163
27  0.000025 7.660308 -0.000059  -0.063173 0.127194 -0.062119
28  0.000007 7.256271 0.000024  -0.052939 -0.487829 0.313813
29  -0.791156 2.265111 -1.234655  -0.753899 1.136376 0.824664
30  -0.000255 8.572268 -0.000089  -0.222844 -0.296789 0.176505
31  -0.000094 8.117214 0.000048  0.072258 0.772520 -0.285587
32  -0.000082 8.230032 -0.000075  -0.080495 -0.347232 0.072252
33  0.000057 7.366723 0.000058  -0.015393 -0.663893 0.062743
34  0.224220 0.240124 -3.218157  -0.877380 1.468889 0.577821
35  -0.000100 7.721052 -0.000311  -0.283829 0.060495 -0.167556
36  -0.000030 7.374860 0.000001  0.007537 -0.195020 0.049539
37  0.000075 6.848104 0.000008  0.005484 0.006497 -0.033649
38  -0.000051 7.777865 0.000007  -0.186096 0.182474 -0.152847
39  -1.514464 2.104643 -1.150166  -0.029093 0.541320 1.555671
40  -0.000168 6.982357 -0.000078  -0.199699 -0.041214 0.153490
41  0.000038 8.382867 -0.000073  0.044866 0.587987 -0.257958
42  0.000015 8.697701 -0.000025  -0.102637 -0.474319 0.290942
43  0.000053 8.921803 -0.000003  -0.076257 0.581004 -0.195603
44  1.196199 2.899152 -2.353086  -0.449719 1.030105 1.287423
45  0.000107 5.476942 0.000005  0.285574 -0.099353 -0.038446
46  -0.000074 6.060431 -0.000090  -0.155020 -0.575031 0.384609
47  0.000019 5.994259 0.000030  0.033940 0.288574 -0.067730
48  -0.000006 6.100483 0.000005  -0.068407 0.299273 -0.162152
49  0.000039 6.916755 0.000009  -0.096318 0.220533 -0.107966
50  0.000153 6.435056 -0.000042  -0.037456 0.171630 -0.116573
51  1.092797 3.649504 -1.738793  -0.148600 0.876612 1.445020
52  -0.000133 6.792201 -0.000104  0.008284 0.107792 -0.048643
53  -0.000089 7.744774 -0.000031  0.057137 -0.256893 0.015458
54  0.000083 9.115025 -0.000038  -0.020393 0.256253 -0.142636
55  3.494522 -1.749105 3.007064  0.118400 1.106974 1.813803
56  0.000017 4.323835 0.000089  -0.229908 -0.770943 0.449224
57  0.000029 4.872895 -0.000023  0.367245 -0.664052 -0.254033
58  0.000004 5.056648 0.000092  -0.511237 0.856585 -0.546325
59  2.292474 1.708612 3.661675  -1.762560 1.789109 -0.218979
60  -0.000174 6.589438 0.000278  -0.007132 -0.169123 0.176911
61  0.000175 7.491498 -0.000147  -0.132413 -0.107097 0.179327
62  -0.000138 8.249659 0.000144  0.041913 -0.058209 0.015813
63  0.000072 8.605240 -0.000022  0.101585 0.501824 -0.079696
64  -0.240482 2.066068 2.349267  -0.357331 2.461714 1.296076
65  -0.000088 7.721098 -0.000001  -0.208231 -0.126223 -0.116492
66  -0.000122 7.374863 -0.000047  -0.111017 0.046939 -0.046466
67  -0.000033 6.848056 -0.000026  0.273533 0.247522 0.299909
68  0.000036 7.777824 -0.000042  0.072920 0.186148 -0.052689
69  -0.000083 8.178052 0.000011  -0.087031 -0.422849 -0.381357
70  1.617606 3.431404 2.399266  -0.249454 2.569514 1.508568
71  -0.000160 5.476941 -0.000027  0.057729 0.074071 0.060287
72  -0.000091 6.060492 -0.000007  -0.015205 0.015650 -0.152067
73  0.000024 5.994244 0.000013  -0.126210 -0.157657 0.153303
74  -0.000076 7.076880 -0.000047  -0.008118 0.010384 0.036402
75  -0.000002 7.089867 -0.000070  0.070875 0.098587 -0.025893
76  0.361111 0.886673 3.287746  -0.576369 1.978708 0.939011
77  -0.000070 6.686644 0.000226  -0.146568 0.414164 -0.327704
78  -0.000014 7.638018 0.000015  -0.079524 -0.025948 0.130953
79  -0.000032 7.290229 -0.000024  0.025325 -0.093908 0.023965
80  -0.000032 6.530366 0.000009  -0.261847 -0.300601 0.006734
81  0.000064 7.224883 0.000012  0.036505 0.032481 -0.175823
82  1.071897 3.225789 1.570115  -0.043805 2.859975 1.526244
83  0.000413 6.748902 -0.000065  -0.062703 0.083783 0.022203
84  -0.000047 8.002646 0.000027  -0.067497 -0.117209 -0.115600
85  0.000011 8.580566 -0.000098  0.088214 -0.007187 0.334606
86  0.000173 8.689831 -0.000041  0.065326 -0.412430 -0.134518
87  -1.514530 2.104635 0.318056  -0.024895 3.094491 1.569491
88  0.000183 6.982279 0.000012  -0.107588 -0.057625 -0.215715
89  -0.000008 8.382877 -0.000068  0.135030 -0.099914 0.287073
90  -0.000058 8.697673 0.000023  -0.148089 -0.510100 0.044839
91  -0.000135 8.921824 0.000078  -0.236827 -0.892635 0.098804
92  3.553620 -3.478049 2.409278  0.000821 0.762046 1.535304
93  0.000003 4.476902 -0.000008  -0.151004 -0.588330 0.377259
94  0.000033 4.514117 -0.000024  -0.228868 -2.996199 0.592367
95  0.000044 4.518389 -0.000022  0.143171 2.612777 0.693383
96  0.000026 3.598320 0.000024  -0.749304 0.869851 -0.773233
97  4.209925 -0.440347 1.018822  -1.973002 -2.217422 0.153157
98  4.265505 1.434228 -0.404990  -2.063611 -0.379591 -0.096012
99  9.400233 0.017942 0.083207  0.069023 -0.066405 -1.280536
100  10.242422 0.033594 0.064484  2.256519 -0.151283 -0.584412
101  3.465855 -0.059680 0.016694  -0.014642 0.114478 0.066492
102  1.655594 -0.000020 0.000021  0.028474 -0.187304 -0.837712
103  0.960771 -0.000002 -0.000006  0.007448 -0.061032 -0.697459
104  3.462028 -0.064249 0.939911  0.316708 -0.070088 0.032906
105  1.497180 -0.000010 0.000027  -0.465114 -0.145578 -0.359052
106  0.793759 0.000002 -0.000002  -0.023137 0.043590 -0.729464
107  0.591661 -0.460694 0.835209  -0.999101 -0.654774 -0.477291
108  1.556139 0.000004 0.000001  -0.190417 0.081313 0.349582
109  1.135906 0.000020 0.000007  -0.017436 -0.044658 0.205228
110  3.084269 -0.668822 -1.257083  -0.572003 0.159499 -0.754790
111  1.064201 -0.000003 0.000004  -0.071510 0.130391 -1.430209
112  0.640343 0.000008 -0.000006  -0.040944 0.088994 -1.080997
113  3.396820 -0.242141 -0.708688  -0.277034 0.193687 -0.350484
114  1.532969 0.000005 0.000003  0.022658 -0.002984 -1.098052
115  0.832972 -0.000002 -0.000001  0.004110 0.027896 -1.097552
116  4.209944 -0.440344 -1.019280  2.025931 2.176339 0.206591
117  4.266746 1.424942 0.424941  1.980720 -0.019609 -0.598781
118  9.398561 0.011949 -0.082511  0.000878 0.051331 -0.284010
119  10.242444 0.028176 -0.062903  -1.788804 0.078021 0.242481
120  3.465748 -0.067527 0.002267  -0.234728 0.250405 -1.656138
121  1.655556 0.000004 0.000006  -0.165236 0.184570 -1.173218
122  0.960908 0.000001 0.000001  -0.018262 0.176053 -0.887626
123  3.466855 -0.077784 -0.920910  -0.488144 0.123988 -1.682885
124  1.497261 -0.000036 -0.000023  -0.576513 0.318831 -1.011637
125  0.793789 -0.000006 -0.000001  -0.214687 0.377892 -0.754389
126  0.595078 -0.467151 -0.829177  2.468841 0.674388 -0.726157
127  1.555681 0.000017 -0.000002  0.634024 0.518157 1.166530
128  1.136811 -0.000010 0.000000  0.573843 0.457239 1.081527
129  3.075971 -0.667966 1.277701  0.603106 0.233739 -1.367930
130  1.064597 0.000017 0.000011  0.026361 -0.117109 -0.826143
131  0.640360 -0.000013 -0.000005  -0.103810 -0.023462 -0.465846
132  3.392413 -0.245371 0.728376  0.129478 0.322839 -1.752865
133  1.532738 -0.000009 0.000000  0.007546 0.016474 -0.806945
134  0.833150 0.000015 0.000005  -0.082327 -0.069582 -1.035211
135  3.590107 -3.090294 1.193972  1.635457 1.210566 1.548541
136  3.589553 -3.089880 -1.196373  -1.505736 1.210473 -1.592853
137  -0.436561 4.719023 -0.001077  -0.000945 -1.570733 1.692799
138  0.000001 2.775458 -0.000239  -0.135089 0.000001 -0.000000
139  0.000001 3.189770 0.000009  0.207820 -0.000000 0.000000
140  -0.000000 3.504652 0.000051  -0.261876 0.000000 -0.000000
141  0.000000 2.863204 -0.000002  -0.051268 -0.000000 0.000000
time 79
0  2.695867 2.188681 33.239227  1.570862 0.000000 -0.000000
1  0.002636 43.025146 0.734438  -0.056381 -1.067675 -0.132761
2  3.061858 -4.181016 -0.610804  -2.003268 -0.350273 -0.736311
3  18.476770 0.000160 -0.000000  -0.006630 -0.072602 0.935782
4  17.490086 0.000117 0.000004  -0.192578 0.573191 -1.310638
5  -3.065329 -4.183579 -0.611480  -1.437177 -0.473464 -2.053402
6  18.474854 -0.000035 -0.000006  0.012145 0.081756 1.067503
7  17.489582 0.001916 -0.000007  0.247294 -0.509766 -1.499588
8  -0.000117 -0.048883 -0.576226  1.546701 -0.061816 1.550614
9  3.224478 0.767047 0.000496  -0.037407 -0.025278 0.339061
10  3.223906 0.226400 -0.001944  -0.025606 -0.016758 0.278467
11  5.187320 -1.262564 -0.001177  0.000012 0.000066 0.194111
12  6.928410 -1.935314 -0.000227  -2.963158 -0.187741 0.188260
13  3.236366 1.079618 0.000056  0.744767 0.358761 0.340350
14  0.833765 3.805354 0.692955  -0.040492 0.554884 1.469865
15  0.000047 6.792201 0.000044  0.007991 0.036071 -0.011407
16  -0.000068 7.744814 0.000015  -0.017443 -0.155305 0.068153
17  0.000078 7.809701 0.000016  -0.033637 0.005026 0.006142
18  -0.000023 7.867675 0.000015  -0.073329 -0.127910 0.026375
19  3.494700 -1.749093 -3.006912  0.152547 2.070419 1.936938
20  0.000119 4.478320 0.000018  -0.194659 0.310431 -0.234996
21  0.000047 4.636117 -0.000031  0.035820 0.324592 -0.151767
22  -0.000042 5.008655 0.000012  0.076000 -0.286565 0.276091
23  0.000065 4.781166 0.000007  0.904404 -2.690903 -0.015801
24  2.253038 1.989059 -3.350106  -1.523632 1.324495 0.112394
25  0.000162 6.589456 0.000179  0.206356 -0.002128 -0.080395
26  0.000040 7.491415 0.000040  -0.333516 0.184455 -0.191163
27  0.000025 7.660299 -0.000052  -0.063173 0.127194 -0.062119
28  0.000008 7.256273 0.000020  -0.052939 -0.487829 0.313813
29  -0.791156 2.265120 -1.234655  -0.753899 1.136376 0.824665
30  -0.000255 8.572256 -0.000095  -0.222844 -0.296789 0.176505
31  -0.000093 8.117213 0.000048  0.072258 0.772520 -0.285587
32  -0.000085 8.230034 -0.000071  -0.080495 -0.347232 0.072252
33  0.000059 7.366726 0.000054  -0.015392 -0.663893 0.062743
34  0.224214 0.240125 -3.218157  -0.877380 1.468889 0.577821
35  -0.000101 7.721053 -0.000310  -0.283829 0.060495 -0.167556
36  -0.000029 7.374854 -0.000004  0.007537 -0.195020 0.049539
37  0.000076 6.848105 0.000008  0.005484 0.006497 -0.033649
38  -0.000052 7.777864 0.000009  -0.186096 0.182474 -0.152847
39  -1.514468 2.104650 -1.150167  -0.029093 0.541320 1.555671
40  -0.000171 6.982355 -0.000079  -0.199699 -0.041214 0.153490
41  0.000039 8.382862 -0.000071  0.044866 0.587987 -0.257958
42  0.000011 8.697703 -0.000023  -0.102637 -0.474319 0.290942
43  0.000058 8.921802 -0.000005  -0.076257 0.581004 -0.195602
44  1.196192 2.899152 -2.353086  -0.449719 1.030105 1.287423
45  0.000105 5.476939 0.000005  0.285574 -0.099353 -0.038446
46  -0.000074 6.060436 -0.000091  -0.155020 -0.575032 0.384609
47  0.000022 5.994260 0.000029  0.033940 0.288575 -0.067730
48  -0.000010 6.100484 0.000003  -0.068407 0.299273 -0.162152
49  0.000034 6.916761 0.000006  -0.096318 0.220533 -0.107966
50  0.000148 6.435059 -0.000043  -0.037456 0.171630 -0.116573
51  1.092795 3.649511 -1.738794  -0.148600 0.876612 1.445020
52  -0.000128 6.792199 -0.000100  0.008284 0.107792 -0.048643
53  -0.000088 7.744773 -0.000033  0.057137 -0.256893 0.015458
54  0.000087 9.115021 -0.000037  -0.020393 0.256253 -0.142636
55  3.494513 -1.749105 3.007064  0.118400 1.106974 1.813803
56  0.000015 4.323832 0.000094  -0.229908 -0.770943 0.449224
57  0.000031 4.872896 -0.000023  0.367245 -0.664051 -0.254033
58  0.000003 5.056654 0.000092  -0.511237 0.856585 -0.546325
59  2.292463 1.708611 3.661675  -1.762560 1.789109 -0.218979
60  -0.000172 6.589433 0.000280  -0.007132 -0.169123 0.176911
61  0.000172 7.491491 -0.000149  -0.132413 -0.107097 0.179327
62  -0.000140 8.249654 0.000142  0.041913 -0.058209 0.015813
63  0.000071 8.605237 -0.000029  0.101585 0.501824 -0.079696
64  -0.240485 2.066072 2.349267  -0.357331 2.461714 1.296076
65  -0.000089 7.721105 -0.000004  -0.208231 -0.126223 -0.116492
66  -0.000122 7.374865 -0.000048  -0.111017 0.046940 -0.046466
67  -0.000039 6.848058 -0.000024  0.273533 0.247522 0.299909
68  0.000035 7.777824 -0.000045  0.072920 0.186148 -0.052689
69  -0.000085 8.178055 0.000012  -0.087031 -0.422849 -0.381357
70  1.617607 3.431411 2.399265  -0.249454 2.569514 1.508568
71  -0.000160 5.476940 -0.000031  0.057729 0.074071 0.060287
72  -0.000091 6.060487 -0.000004  -0.015205 0.015650 -0.152067
73  0.000028 5.994252 0.000012  -0.126210 -0.157657 0.153303
74  -0.000079 7.076874 -0.000049  -0.008118 0.010384 0.036402
75  -0.000001 7.089870 -0.000071  0.070875 0.098587 -0.025893
76  0.361113 0.886681 3.287746  -0.576369 1.978708 0.939011
77  -0.000066 6.686644 0.000223  -0.146568 0.414164 -0.327704
78  -0.000012 7.638018 0.000013  -0.079524 -0.025948 0.130953
79  -0.000033 7.290224 -0.000027  0.025325 -0.093908 0.023965
80  -0.000034 6.530367 0.000009  -0.261847 -0.300601 0.006734
81  0.000064 7.224880 0.000010  0.036505 0.032481 -0.175823
82  1.071898 3.225797 1.570115  -0.043805 2.859975 1.526244
83  0.000414 6.748905 -0.000064  -0.062703 0.083783 0.022203
84  -0.000046 8.002645 0.000027  -0.067497 -0.117209 -0.115600
85  0.000012 8.580569 -0.000098  0.088214 -0.007187 0.334606
86  0.000168 8.689827 -0.000040  0.065326 -0.412430 -0.134518
87  -1.514533 2.104639 0.318056  -0.024895 3.094491 1.569491
88  0.000193 6.982281 0.000011  -0.107588 -0.057625 -0.215715
89  -0.000007 8.382878 -0.000068  0.135030 -0.099914 0.287073
90  -0.000059 8.697667 0.000023  -0.148089 -0.510100 0.044838
91  -0.000135 8.921823 0.000080  -0.236827 -0.892635 0.098804
92  3.553617 -3.478047 2.409277  0.000821 0.762046 1.535304
93  0.000001 4.476905 -0.000008  -0.151004 -0.588330 0.377259
94  0.000033 4.514127 -0.000023  -0.228868 -2.996200 0.592367
95  0.000042 4.518385 -0.000025  0.143171 2.612777 0.693383
96  0.000024 3.598328 0.000022  -0.749304 0.869851 -0.773233
97  4.209917 -0.440345 1.018823  -1.973181 -2.218038 0.153176
98  4.265500 1.434231 -0.404993  -2.060644 -0.386810 -0.089641
99  9.400227 0.017941 0.083205  0.067463 -0.066834 -1.259160
100  10.242419 0.033590 0.064479  2.257143 -0.151618 -0.583415
101  3.465856 -0.059681 0.016694  -0.014629 0.114685 0.067400
102  1.655591 -0.000021 0.000024  0.028228 -0.187086 -0.836152
103  0.960768 -0.000000 -0.000006  0.007270 -0.060739 -0.695712
104  3.462028 -0.064247 0.939909  0.316708 -0.070082 0.032967
105  1.497170 -0.000014 0.000024  -0.465114 -0.145578 -0.359052
106  0.793758 0.000005 -0.000003  -0.023137 0.043590 -0.729464
107  0.591661 -0.460690 0.835208  -0.999101 -0.654774 -0.477291
108  1.556139 0.000004 0.000002  -0.190417 0.081313 0.349582
109  1.135903 0.000019 0.000002  -0.017434 -0.044652 0.205286
110  3.084270 -0.668818 -1.257085  -0.572019 0.159590 -0.754688
111  1.064204 -0.000002 0.000004  -0.071376 0.130377 -1.428951
112  0.640341 0.000008 -0.000009  -0.040886 0.089110 -1.079592
113  3.396822 -0.242138 -0.708687  -0.277019 0.193810 -0.350196
114  1.532967 0.000004 0.000005  0.022633 -0.002886 -1.094965
115  0.832974 -0.000007 -0.000004  0.004011 0.028284 -1.094352
116  4.209938 -0.440345 -1.019279  2.021681 2.175807 0.202906
117  4.266747 1.424937 0.424938  1.959047 -0.014201 -0.602427
118  9.398565 0.011950 -0.082518  0.000450 0.051716 -0.291430
119  10.242442 0.028177 -0.062913  -1.778547 0.071293 0.256436
120  3.465750 -0.067530 0.002270  -0.234915 0.250440 -1.656902
121  1.655563 0.000004 0.000005  -0.165279 0.184577 -1.173463
122  0.960906 -0.000001 -0.000001  -0.018307 0.176094 -0.887902
123  3.466859 -0.077785 -0.920908  -0.488377 0.123431 -1.685670
124  1.497258 -0.000037 -0.000022  -0.577079 0.319216 -1.013449
125  0.793789 -0.000005 -0.000002  -0.215568 0.378887 -0.756011
126  0.595081 -0.467156 -0.829175  2.468884 0.674385 -0.726092
127  1.555674 0.000017 -0.000004  0.634183 0.518235 1.166724
128  1.136817 -0.000007 0.000000  0.573655 0.457180 1.081322
129  3.075973 -0.667970 1.277704  0.603072 0.233785 -1.367915
130  1.064594 0.000019 0.000012  0.026396 -0.117132 -0.826538
131  0.640363 -0.000016 -0.000001  -0.103819 -0.023461 -0.466294
132  3.392414 -0.245372 0.728378  0.128989 0.323253 -1.754333
133  1.532738 -0.000010 0.000000  0.007527 0.016496 -0.807944
134  0.833151 0.000011 0.000005  -0.082364 -0.069647 -1.036153
135  3.590108 -3.090298 1.193972  1.635457 1.210566 1.548541
136  3.589558 -3.089886 -1.196373  -1.505736 1.210473 -1.592853
137  -0.436559 4.719021 -0.001077  -0.000709 -1.570733 1.693407
138  0.000000 2.775457 -0.000239  -0.135089 0.000001 0.000000
139  0.000001 3.189772 0.000008  0.207820 -0.000000 0.000000
140  -0.000000 3.504653 0.000043  -0.261876 0.000000 -0.000000
141  0.000000 2.863201 -0.000002  -0.051268 -0.000000 -0.000000
time 80
0  2.641839 2.273908 33.215611  1.570862 0.000000 -0.000000
1  0.002636 43.025146 0.734438  -0.048898 -1.072725 -0.139173
2  3.061857 -4.181007 -0.610803  -2.003152 -0.347139 -0.730505
3  18.476774 0.000156 -0.000001  -0.006509 -0.072372 0.932604
4  17.490086 0.000118 0.000005  -0.200195 0.570116 -1.307981
5  -3.065330 -4.183570 -0.611479  -1.436808 -0.480472 -2.047901
6  18.474854 -0.000033 -0.000007  0.012444 0.082176 1.073815
7  17.489586 0.001915 -0.000006  0.243413 -0.511294 -1.501501
8  -0.000117 -0.048882 -0.576226  1.547042 -0.061347 1.548599
9  3.224487 0.767047 0.000496  -0.037240 -0.028057 0.338439
10  3.223910 0.226398 -0.001944  -0.025525 -0.018702 0.278064
11  5.187328 -1.262562 -0.001178  0.000012 0.000066 0.194111
12  6.928412 -1.935313 -0.000227  -2.961989 -0.189791 0.187618
13  3.236369 1.079614 0.000056  0.749066 0.360078 0.342671
14  0.833760 3.805347 0.692955  -0.040492 0.554885 1.469865
15  0.000039 6.792212 0.000042  0.007991 0.036070 -0.011407
16  -0.000072 7.744818 0.000013  -0.017442 -0.155305 0.068153
17  0.000078 7.809698 0.000021  -0.033637 0.005026 0.006142
18  -0.000025 7.867673 0.000018  -0.073329 -0.127910 0.026375
19  3.494698 -1.749103 -3.006913  0.152547 2.070419 1.936938
20  0.000120 4.478320 0.000015  -0.194659 0.310431 -0.234996
21  0.000046 4.636112 -0.000032  0.035820 0.324592 -0.151767
22  -0.000042 5.008657 0.000013  0.076000 -0.286565 0.276091
23  0.000062 4.781166 0.000013  0.904404 -2.690903 -0.015801
24  2.253040 1.989055 -3.350107  -1.523632 1.324495 0.112394
25  0.000162 6.589466 0.000172  0.206356 -0.002128 -0.080395
26  0.000043 7.491415 0.000038  -0.333516 0.184455 -0.191163
27  0.000025 7.660306 -0.000059  -0.063173 0.127194 -0.062119
28  0.000005 7.256273 0.000011  -0.052939 -0.487829 0.313813
29  -0.791158 2.265113 -1.234656  -0.753899 1.136376 0.824664
30  -0.000259 8.572265 -0.000094  -0.222844 -0.296789 0.176505
31  -0.000094 8.117216 0.000047  0.072258 0.772520 -0.285587
32  -0.000084 8.230034 -0.000072  -0.080496 -0.347232 0.072252
33  0.000059 7.366724 0.000049  -0.015393 -0.663893 0.062743
34  0.224211 0.240118 -3.218158  -0.877380 1.468889 0.577821
35  -0.000100 7.721049 -0.000306  -0.283829 0.060495 -0.167556
36  -0.000029 7.374851 0.000000  0.007537 -0.195020 0.049539
37  0.000076 6.848103 0.000006  0.005484 0.006496 -0.033649
38  -0.000052 7.777864 0.000009  -0.186096 0.182474 -0.152847
39  -1.514466 2.104646 -1.150167  -0.029093 0.541320 1.555671
40  -0.000174 6.982348 -0.000076  -0.199699 -0.041214 0.153490
41  0.000040 8.382862 -0.000072  0.044867 0.587987 -0.257958
42  0.000016 8.697696 -0.000025  -0.102637 -0.474319 0.290942
43  0.000063 8.921803 -0.000002  -0.076257 0.581004 -0.195603
44  1.196193 2.899149 -2.353086  -0.449718 1.030105 1.287423
45  0.000106 5.476944 0.000004  0.285574 -0.099353 -0.038446
46  -0.000076 6.060434 -0.000093  -0.155020 -0.575031 0.384609
47  0.000020 5.994263 0.000028  0.033940 0.288574 -0.067730
48  -0.000009 6.100492 0.000000  -0.068407 0.299273 -0.162152
49  0.000033 6.916761 0.000004  -0.096318 0.220533 -0.107966
50  0.000150 6.435062 -0.000049  -0.037456 0.171630 -0.116573
51  1.092798 3.649509 -1.738795  -0.148600 0.876612 1.445020
52  -0.000132 6.792196 -0.000103  0.008285 0.107792 -0.048643
53  -0.000086 7.744774 -0.000031  0.057137 -0.256893 0.015458
54  0.000087 9.115019 -0.000038  -0.020393 0.256253 -0.142636
55  3.494519 -1.749106 3.007063  0.118400 1.106974 1.813803
56  0.000014 4.323834 0.000090  -0.229908 -0.770943 0.449224
57  0.000030 4.872890 -0.000021  0.367245 -0.664052 -0.254033
58  0.000005 5.056654 0.000091  -0.511237 0.856585 -0.546325
59  2.292468 1.708608 3.661676  -1.762560 1.789109 -0.218979
60  -0.000172 6.589444 0.000267  -0.007132 -0.169123 0.176911
61  0.000174 7.491496 -0.000148  -0.132414 -0.107097 0.179327
62  -0.000138 8.249662 0.000142  0.041913 -0.058209 0.015813
63  0.000072 8.605232 -0.000024  0.101585 0.501824 -0.079696
64  -0.240486 2.066069 2.349267  -0.357331 2.461714 1.296076
65  -0.000085 7.721101 -0.000002  -0.208231 -0.126223 -0.116492
66  -0.000123 7.374856 -0.000046  -0.111017 0.046940 -0.046466
67  -0.000035 6.848060 -0.000027  0.273533 0.247522 0.299909
68  0.000030 7.777826 -0.000043  0.072920 0.186148 -0.052689
69  -0.000082 8.178055 0.000011  -0.087031 -0.422849 -0.381357
70  1.617607 3.431408 2.399264  -0.249454 2.569514 1.508568
71  -0.000167 5.476942 -0.000028  0.057729 0.074071 0.060287
72  -0.000091 6.060496 -0.000005  -0.015205 0.015650 -0.152066
73  0.000026 5.994254 0.000010  -0.126210 -0.157657 0.153303
74  -0.000078 7.076880 -0.000046  -0.008118 0.010384 0.036402
75  0.000005 7.089866 -0.000071  0.070875 0.098587 -0.025893
76  0.361111 0.886676 3.287745  -0.576369 1.978708 0.939011
77  -0.000068 6.686642 0.000222  -0.146568 0.414164 -0.327704
78  -0.000016 7.638015 0.000011  -0.079523 -0.025948 0.130953
79  -0.000031 7.290230 -0.000021  0.025325 -0.093908 0.023965
80  -0.000033 6.530365 0.000008  -0.261847 -0.300601 0.006734
81  0.000061 7.224876 0.000006  0.036505 0.032480 -0.175823
82  1.071895 3.225789 1.570115  -0.043805 2.859975 1.526244
83  0.000414 6.748904 -0.000064  -0.062703 0.083783 0.022203
84  -0.000044 8.002647 0.000026  -0.067497 -0.117209 -0.115600
85  0.000013 8.580566 -0.000098  0.088214 -0.007187 0.334606
86  0.000162 8.689831 -0.000040  0.065326 -0.412430 -0.134518
87  -1.514535 2.104632 0.318055  -0.024895 3.094491 1.569491
88  0.000193 6.982284 0.000011  -0.107588 -0.057625 -0.215715
89  -0.000010 8.382872 -0.000067  0.135030 -0.099914 0.287073
90  -0.000059 8.697671 0.000024  -0.148089 -0.510100 0.044838
91  -0.000136 8.921823 0.000078  -0.236827 -0.892635 0.098804
92  3.553617 -3.478049 2.409276  0.000821 0.762046 1.535304
93  -0.000003 4.476909 -0.000007  -0.151004 -0.588330 0.377259
94  0.000032 4.514118 -0.000023  -0.228868 -2.996200 0.592367
95  0.000044 4.518388 -0.000025  0.143171 2.612777 0.693383
96  0.000024 3.598325 0.000023  -0.749304 0.869851 -0.773234
97  4.209921 -0.440344 1.018824  -1.974140 -2.218751 0.153844
98  4.265504 1.434232 -0.404993  -2.055744 -0.387652 -0.085330
99  9.400235 0.017942 0.083196  0.066007 -0.067202 -1.239321
100  10.242419 0.033591 0.064477  2.257703 -0.151509 -0.582378
101  3.465855 -0.059670 0.016694  -0.014589 0.114939 0.068614
102  1.655601 -0.000013 0.000022  0.027950 -0.186759 -0.834057
103  0.960769 0.000005 -0.000005  0.007000 -0.060282 -0.693330
104  3.462027 -0.064242 0.939909  0.316708 -0.070074 0.033048
105  1.497175 -0.000011 0.000024  -0.465114 -0.145578 -0.359052
106  0.793760 0.000003 -0.000005  -0.023137 0.043590 -0.729464
107  0.591662 -0.460683 0.835205  -0.999101 -0.654774 -0.477291
108  1.556140 -0.000003 0.000002  -0.190418 0.081313 0.349582
109  1.135903 0.000018 0.000003  -0.017431 -0.044646 0.205286
110  3.084268 -0.668816 -1.257084  -0.572084 0.159718 -0.754402
111  1.064205 0.000001 0.000008  -0.071145 0.130397 -1.427222
112  0.640341 0.000003 -0.000008  -0.040822 0.089250 -1.077671
113  3.396821 -0.242132 -0.708689  -0.276986 0.193971 -0.349725
114  1.532970 0.000006 0.000009  0.022677 -0.002702 -1.089372
115  0.832979 0.000000 -0.000002  0.003908 0.029049 -1.088501
116  4.209942 -0.440341 -1.019278  2.018028 2.175140 0.199799
117  4.266746 1.424939 0.424935  1.934529 -0.009198 -0.604694
118  9.398564 0.011950 -0.082518  -0.000119 0.052218 -0.301207
119  10.242435 0.028176 -0.062908  -1.768877 0.064468 0.269876
120  3.465750 -0.067530 0.002270  -0.235067 0.250433 -1.657578
121  1.655562 0.000003 0.000006  -0.165323 0.184584 -1.173708
122  0.960909 0.000004 -0.000000  -0.018364 0.176142 -0.888183
123  3.466857 -0.077782 -0.920907  -0.488608 0.122926 -1.688037
124  1.497257 -0.000035 -0.000022  -0.577628 0.319619 -1.015100
125  0.793789 -0.000005 -0.000001  -0.216408 0.379751 -0.757466
126  0.595082 -0.467151 -0.829174  2.468926 0.674383 -0.726028
127  1.555675 0.000018 -0.000003  0.634342 0.518312 1.166919
128  1.136817 -0.000007 -0.000005  0.572852 0.456930 1.080551
129  3.075976 -0.667967 1.277703  0.603051 0.233935 -1.368128
130  1.064592 0.000018 0.000013  0.026431 -0.117156 -0.826933
131  0.640357 -0.000018 -0.000001  -0.103888 -0.023466 -0.466679
132  3.392414 -0.245369 0.728379  0.128521 0.323593 -1.755529
133  1.532741 -0.000011 -0.000001  0.007515 0.016511 -0.808610
134  0.833150 0.000007 0.000005  -0.082404 -0.069706 -1.036892
135  3.590117 -3.090296 1.193972  1.635457 1.210566 1.548541
136  3.589565 -3.089882 -1.196373  -1.505736 1.210473 -1.592853
137  -0.436552 4.719024 -0.001076  -0.000709 -1.570733 1.693261
138  -0.000000 2.775463 -0.000237  -0.135089 0.000001 -0.000000
139  -0.000001 3.189767 0.000009  0.207820 -0.000000 0.000000
140  0.000001 3.504656 0.000045  -0.261876 0.000000 -0.000000
141  -0.000000 2.863198 -0.000003  -0.051268 -0.000000 -0.000000
time 81
0  2.577544 2.369627 33.197521  1.570862 0.000000 -0.000000
1  0.002636 43.025146 0.734438  -0.041694 -1.079028 -0.145152
2  3.061858 -4.181013 -0.610804  -2.002594 -0.342137 -0.725082
3  18.476774 0.000160 -0.000000  -0.006318 -0.072004 0.927539
4  17.490084 0.000118 0.000004  -0.208970 0.566871 -1.305251
5  -3.065330 -4.183579 -0.611480  -1.436335 -0.488141 -2.042218
6  18.474855 -0.000036 -0.000006  0.012764 0.082618 1.080491
7  17.489584 0.001915 -0.000006  0.238357 -0.513454 -1.503201
8  -0.000117 -0.048882 -0.576226  1.546931 -0.060452 1.546742
9  3.224481 0.767046 0.000496  -0.037658 -0.030619 0.337209
10  3.223914 0.226399 -0.001944  -0.025885 -0.020383 0.277173
11  5.187320 -1.262560 -0.001177  0.000012 0.000066 0.194111
12  6.928414 -1.935317 -0.000227  -2.961004 -0.191313 0.187158
13  3.236363 1.079603 0.000057  0.752146 0.360471 0.344826
14  0.833759 3.805348 0.692956  -0.040492 0.554884 1.469865
15  0.000043 6.792207 0.000038  0.007991 0.036070 -0.011407
16  -0.000065 7.744821 0.000015  -0.017442 -0.155305 0.068153
17  0.000069 7.809707 0.000016  -0.033637 0.005026 0.006142
18  -0.000022 7.867671 0.000018  -0.073329 -0.127910 0.026375
19  3.494697 -1.749098 -3.006912  0.152547 2.070419 1.936938
20  0.000119 4.478316 0.000020  -0.194659 0.310431 -0.234996
21  0.000046 4.636116 -0.000029  0.035820 0.324592 -0.151767
22  -0.000041 5.008649 0.000011  0.076000 -0.286565 0.276091
23  0.000066 4.781172 0.000011  0.904404 -2.690903 -0.015801
24  2.253037 1.989051 -3.350106  -1.523632 1.324495 0.112394
25  0.000162 6.589464 0.000166  0.206356 -0.002128 -0.080395
26  0.000041 7.491416 0.000038  -0.333516 0.184455 -0.191163
27  0.000026 7.660299 -0.000053  -0.063173 0.127194 -0.062119
28  0.000007 7.256264 0.000021  -0.052939 -0.487829 0.313813
29  -0.791162 2.265112 -1.234655  -0.753899 1.136376 0.824665
30  -0.000258 8.572264 -0.000096  -0.222844 -0.296788 0.176505
31  -0.000095 8.117209 0.000048  0.072258 0.772520 -0.285587
32  -0.000083 8.230031 -0.000070  -0.080496 -0.347232 0.072252
33  0.000062 7.366724 0.000054  -0.015392 -0.663893 0.062743
34  0.224215 0.240123 -3.218158  -0.877380 1.468889 0.577821
35  -0.000102 7.721056 -0.000314  -0.283829 0.060495 -0.167556
36  -0.000030 7.374855 -0.000001  0.007537 -0.195020 0.049539
37  0.000077 6.848106 0.000003  0.005484 0.006496 -0.033649
38  -0.000053 7.777866 0.000009  -0.186097 0.182474 -0.152847
39  -1.514471 2.104641 -1.150167  -0.029093 0.541320 1.555671
40  -0.000168 6.982348 -0.000076  -0.199699 -0.041214 0.153490
41  0.000038 8.382868 -0.000071  0.044866 0.587987 -0.257958
42  0.000014 8.697698 -0.000024  -0.102637 -0.474319 0.290942
43  0.000062 8.921801 -0.000004  -0.076257 0.581004 -0.195603
44  1.196189 2.899150 -2.353086  -0.449719 1.030105 1.287423
45  0.000106 5.476946 0.000009  0.285574 -0.099353 -0.038446
46  -0.000069 6.060442 -0.000093  -0.155020 -0.575032 0.384609
47  0.000018 5.994265 0.000030  0.033940 0.288574 -0.067730
48  -0.000007 6.100482 0.000002  -0.068407 0.299273 -0.162152
49  0.000036 6.916756 0.000007  -0.096318 0.220533 -0.107966
50  0.000151 6.435059 -0.000044  -0.037456 0.171630 -0.116573
51  1.092793 3.649507 -1.738794  -0.148600 0.876612 1.445020
52  -0.000131 6.792201 -0.000103  0.008284 0.107792 -0.048643
53  -0.000090 7.744777 -0.000030  0.057137 -0.256893 0.015458
54  0.000088 9.115025 -0.000036  -0.020393 0.256253 -0.142636
55  3.494517 -1.749105 3.007064  0.118400 1.106974 1.813804
56  0.000015 4.323835 0.000086  -0.229908 -0.770943 0.449224
57  0.000028 4.872900 -0.000024  0.367245 -0.664052 -0.254033
58  0.000000 5.056645 0.000091  -0.511237 0.856585 -0.546325
59  2.292465 1.708610 3.661675  -1.762560 1.789109 -0.218979
60  -0.000174 6.589436 0.000276  -0.007132 -0.169123 0.176911
61  0.000172 7.491497 -0.000146  -0.132414 -0.107097 0.179327
62  -0.000143 8.249662 0.000143  0.041913 -0.058209 0.015813
63  0.000072 8.605235 -0.000028  0.101585 0.501824 -0.079696
64  -0.240489 2.066069 2.349267  -0.357331 2.461714 1.296076
65  -0.000081 7.721105 -0.000003  -0.208231 -0.126223 -0.116492
66  -0.000124 7.374863 -0.000047  -0.111017 0.046939 -0.046466
67  -0.000032 6.848061 -0.000027  0.273533 0.247522 0.299909
68  0.000031 7.777823 -0.000046  0.072920 0.186147 -0.052689
69  -0.000083 8.178054 0.000010  -0.087031 -0.422849 -0.381357
70  1.617602 3.431407 2.399266  -0.249454 2.569514 1.508568
71  -0.000157 5.476948 -0.000028  0.057729 0.074071 0.060287
72  -0.000093 6.060492 -0.000006  -0.015205 0.015650 -0.152066
73  0.000024 5.994252 0.000011  -0.126210 -0.157657 0.153303
74  -0.000082 7.076876 -0.000045  -0.008118 0.010384 0.036402
75  0.000000 7.089864 -0.000068  0.070875 0.098587 -0.025893
76  0.361111 0.886679 3.287745  -0.576369 1.978708 0.939011
77  -0.000069 6.686639 0.000226  -0.146568 0.414164 -0.327704
78  -0.000011 7.638016 0.000012  -0.079523 -0.025948 0.130953
79  -0.000034 7.290229 -0.000022  0.025325 -0.093908 0.023965
80  -0.000032 6.530370 0.000008  -0.261847 -0.300601 0.006734
81  0.000064 7.224879 0.000006  0.036505 0.032480 -0.175823
82  1.071894 3.225791 1.570115  -0.043805 2.859975 1.526244
83  0.000417 6.748903 -0.000067  -0.062703 0.083783 0.022203
84  -0.000048 8.002643 0.000027  -0.067497 -0.117209 -0.115600
85  0.000013 8.580568 -0.000098  0.088214 -0.007187 0.334606
86  0.000168 8.689826 -0.000040  0.065326 -0.412430 -0.134518
87  -1.514537 2.104635 0.318055  -0.024895 3.094491 1.569491
88  0.000192 6.982285 0.000012  -0.107588 -0.057625 -0.215715
89  -0.000012 8.382867 -0.000067  0.135030 -0.099914 0.287073
90  -0.000065 8.697668 0.000024  -0.148089 -0.510100 0.044839
91  -0.000139 8.921818 0.000078  -0.236827 -0.892635 0.098804
92  3.553613 -3.478049 2.409277  0.000821 0.762046 1.535304
93  0.000001 4.476901 -0.000011  -0.151004 -0.588330 0.377259
94  0.000031 4.514124 -0.000022  -0.228868 -2.996200 0.592367
95  0.000043 4.518385 -0.000025  0.143171 2.612777 0.693383
96  0.000024 3.598327 0.000024  -0.749304 0.869851 -0.773233
97  4.209923 -0.440349 1.018824  -1.975452 -2.219534 0.154758
98  4.265503 1.434240 -0.404993  -2.049903 -0.385550 -0.082343
99  9.400235 0.017941 0.083196  0.064537 -0.067543 -1.219398
100  10.242422 0.033589 0.064483  2.258178 -0.151373 -0.581365
101  3.465859 -0.059680 0.016696  -0.014530 0.115294 0.070064
102  1.655594 -0.000019 0.000025  0.027588 -0.186357 -0.831421
103  0.960769 -0.000003 -0.000005  0.006648 -0.059673 -0.690379
104  3.462029 -0.064245 0.939913  0.316707 -0.070066 0.033130
105  1.497181 -0.000009 0.000021  -0.465114 -0.145578 -0.359052
106  0.793760 0.000006 -0.000004  -0.023137 0.043590 -0.729464
107  0.591664 -0.460690 0.835210  -0.999101 -0.654774 -0.477291
108  1.556140 0.000004 0.000001  -0.190418 0.081313 0.349582
109  1.135903 0.000018 0.000006  -0.017428 -0.044640 0.205287
110  3.084270 -0.668820 -1.257081  -0.572167 0.159920 -0.754077
111  1.064200 0.000002 0.000008  -0.070960 0.130417 -1.425105
112  0.640336 0.000007 -0.000009  -0.040705 0.089452 -1.075306
113  3.396825 -0.242139 -0.708688  -0.277016 0.194205 -0.349151
114  1.532972 0.000010 0.000007  0.022666 -0.002463 -1.082145
115  0.832979 -0.000003 -0.000001  0.003760 0.029968 -1.080962
116  4.209948 -0.440348 -1.019279  2.014786 2.174403 0.197033
117  4.266746 1.424936 0.424938  1.909425 -0.004676 -0.605633
118  9.398570 0.011950 -0.082521  -0.000793 0.052799 -0.312666
119  10.242436 0.028177 -0.062908  -1.759773 0.057517 0.282498
120  3.465750 -0.067523 0.002269  -0.235220 0.250426 -1.658255
121  1.655555 0.000005 0.000005  -0.165367 0.184591 -1.173951
122  0.960906 0.000007 0.000001  -0.018421 0.176190 -0.888465
123  3.466858 -0.077780 -0.920909  -0.488799 0.122520 -1.689984
124  1.497262 -0.000035 -0.000022  -0.578078 0.319924 -1.016537
125  0.793790 -0.000009 0.000002  -0.217181 0.380544 -0.758806
126  0.595080 -0.467146 -0.829175  2.468969 0.674367 -0.725914
127  1.555678 0.000018 -0.000003  0.634479 0.518383 1.167103
128  1.136812 -0.000009 -0.000002  0.572373 0.456825 1.080086
129  3.075975 -0.667965 1.277701  0.603045 0.234064 -1.368266
130  1.064599 0.000018 0.000012  0.026472 -0.117183 -0.827393
131  0.640358 -0.000011 -0.000003  -0.103882 -0.023532 -0.467183
132  3.392412 -0.245365 0.728377  0.128229 0.323891 -1.756539
133  1.532739 -0.000005 -0.000002  0.007502 0.016525 -0.809275
134  0.833151 0.000011 0.000005  -0.082530 -0.069757 -1.037561
135  3.590105 -3.090292 1.193973  1.635457 1.210566 1.548541
136  3.589560 -3.089880 -1.196373  -1.505736 1.210473 -1.592853
137  -0.436566 4.719028 -0.001075  0.000000 -1.570733 1.693232
138  0.000000 2.775458 -0.000236  -0.135089 0.000001 -0.000000
139  -0.000000 3.189765 0.000008  0.207820 -0.000000 0.000000
140  -0.000001 3.504646 0.000048  -0.261876 0.000000 -0.000000
141  -0.000001 2.863198 -0.000003  -0.051268 0.000000 0.000000
time 82
0  2.506917 2.471488 33.184292  1.570862 0.000000 -0.000000
1  0.002636 43.025146 0.734438  -0.035203 -1.086151 -0.150341
2  3.061858 -4.181011 -0.610804  -2.001918 -0.335832 -0.720421
3  18.476774 0.000160 0.000002  -0.006077 -0.071533 0.921064
4  17.490088 0.000116 0.000002  -0.217989 0.563306 -1.302243
5  -3.065329 -4.183572 -0.611480  -1.435832 -0.496194 -2.036619
6  18.474854 -0.000035 -0.000006  0.013090 0.083064 1.087250
7  17.489582 0.001915 -0.000004  0.232232 -0.515961 -1.504446
8  -0.000117 -0.048880 -0.576226  1.546428 -0.059131 1.545044
9  3.224479 0.767047 0.000496  -0.038653 -0.032904 0.335433
10  3.223910 0.226398 -0.001944  -0.026590 -0.021944 0.275979
11  5.187312 -1.262562 -0.001177  0.000012 0.000066 0.194111
12  6.928411 -1.935312 -0.000229  -2.960056 -0.192726 0.187018
13  3.236364 1.079613 0.000058  0.754467 0.360738 0.346835
14  0.833760 3.805348 0.692956  -0.040492 0.554884 1.469865
15  0.000038 6.792209 0.000037  0.007991 0.036071 -0.011407
16  -0.000069 7.744816 0.000016  -0.017443 -0.155305 0.068153
17  0.000073 7.809700 0.000019  -0.033637 0.005026 0.006142
18  -0.000021 7.867676 0.000020  -0.073329 -0.127910 0.026375
19  3.494708 -1.749091 -3.006913  0.152547 2.070419 1.936938
20  0.000121 4.478312 0.000019  -0.194659 0.310431 -0.234996
21  0.000047 4.636126 -0.000031  0.035820 0.324592 -0.151767
22  -0.000042 5.008654 0.000014  0.076000 -0.286565 0.276091
23  0.000064 4.781164 0.000009  0.904404 -2.690903 -0.015801
24  2.253043 1.989059 -3.350107  -1.523632 1.324495 0.112394
25  0.000160 6.589468 0.000173  0.206356 -0.002128 -0.080395
26  0.000042 7.491415 0.000040  -0.333516 0.184455 -0.191163
27  0.000025 7.660305 -0.000052  -0.063173 0.127194 -0.062119
28  0.000008 7.256271 0.000016  -0.052939 -0.487829 0.313813
29  -0.791151 2.265121 -1.234656  -0.753899 1.136376 0.824664
30  -0.000256 8.572261 -0.000091  -0.222844 -0.296788 0.176505
31  -0.000095 8.117213 0.000048  0.072258 0.772520 -0.285587
32  -0.000082 8.230032 -0.000069  -0.080495 -0.347232 0.072252
33  0.000059 7.366726 0.000052  -0.015393 -0.663893 0.062743
34  0.224222 0.240128 -3.218158  -0.877380 1.468889 0.577821
35  -0.000102 7.721052 -0.000317  -0.283829 0.060495 -0.167556
36  -0.000031 7.374853 0.000002  0.007537 -0.195020 0.049539
37  0.000076 6.848096 0.000011  0.005484 0.006497 -0.033649
38  -0.000052 7.777865 0.000007  -0.186097 0.182474 -0.152847
39  -1.514464 2.104648 -1.150167  -0.029093 0.541320 1.555671
40  -0.000170 6.982343 -0.000078  -0.199699 -0.041214 0.153490
41  0.000036 8.382867 -0.000072  0.044866 0.587987 -0.257958
42  0.000013 8.697701 -0.000025  -0.102637 -0.474319 0.290942
43  0.000058 8.921803 -0.000003  -0.076257 0.581004 -0.195603
44  1.196198 2.899156 -2.353086  -0.449719 1.030105 1.287423
45  0.000108 5.476943 0.000008  0.285574 -0.099353 -0.038446
46  -0.000075 6.060441 -0.000093  -0.155020 -0.575032 0.384609
47  0.000024 5.994262 0.000028  0.033940 0.288574 -0.067730
48  -0.000006 6.100489 -0.000001  -0.068407 0.299273 -0.162152
49  0.000032 6.916760 0.000009  -0.096318 0.220533 -0.107966
50  0.000152 6.435053 -0.000044  -0.037456 0.171630 -0.116573
51  1.092803 3.649517 -1.738794  -0.148600 0.876612 1.445020
52  -0.000127 6.792202 -0.000101  0.008284 0.107792 -0.048643
53  -0.000088 7.744776 -0.000029  0.057137 -0.256893 0.015458
54  0.000081 9.115026 -0.000036  -0.020393 0.256253 -0.142636
55  3.494520 -1.749103 3.007064  0.118400 1.106974 1.813803
56  0.000015 4.323831 0.000084  -0.229908 -0.770943 0.449224
57  0.000032 4.872902 -0.000021  0.367245 -0.664051 -0.254033
58  0.000003 5.056655 0.000090  -0.511237 0.856585 -0.546325
59  2.292474 1.708618 3.661676  -1.762560 1.789109 -0.218979
60  -0.000172 6.589441 0.000271  -0.007132 -0.169123 0.176911
61  0.000173 7.491498 -0.000150  -0.132414 -0.107097 0.179327
62  -0.000140 8.249662 0.000145  0.041913 -0.058209 0.015813
63  0.000073 8.605234 -0.000029  0.101585 0.501824 -0.079696
64  -0.240481 2.066074 2.349267  -0.357331 2.461714 1.296076
65  -0.000087 7.721101 -0.000006  -0.208231 -0.126223 -0.116492
66  -0.000122 7.374859 -0.000045  -0.111017 0.046939 -0.046466
67  -0.000038 6.848060 -0.000026  0.273533 0.247522 0.299909
68  0.000040 7.777825 -0.000042  0.072920 0.186148 -0.052689
69  -0.000083 8.178055 0.000010  -0.087031 -0.422849 -0.381357
70  1.617610 3.431412 2.399265  -0.249454 2.569514 1.508568
71  -0.000164 5.476935 -0.000030  0.057729 0.074071 0.060287
72  -0.000098 6.060489 -0.000005  -0.015205 0.015650 -0.152066
73  0.000025 5.994244 0.000012  -0.126210 -0.157657 0.153303
74  -0.000082 7.076872 -0.000044  -0.008118 0.010384 0.036402
75  0.000003 7.089870 -0.000072  0.070875 0.098587 -0.025893
76  0.361115 0.886683 3.287746  -0.576369 1.978708 0.939011
77  -0.000065 6.686638 0.000229  -0.146568 0.414164 -0.327704
78  -0.000010 7.638020 0.000013  -0.079524 -0.025948 0.130953
79  -0.000035 7.290223 -0.000021  0.025325 -0.093908 0.023965
80  -0.000034 6.530370 0.000005  -0.261847 -0.300601 0.006734
81  0.000062 7.224881 0.000007  0.036505 0.032480 -0.175823
82  1.071901 3.225796 1.570115  -0.043805 2.859975 1.526244
83  0.000420 6.748908 -0.000066  -0.062703 0.083783 0.022203
84  -0.000042 8.002645 0.000027  -0.067497 -0.117209 -0.115600
85  0.000010 8.580574 -0.000097  0.088214 -0.007187 0.334606
86  0.000166 8.689832 -0.000040  0.065326 -0.412430 -0.134518
87  -1.514531 2.104641 0.318055  -0.024895 3.094491 1.569491
88  0.000191 6.982288 0.000011  -0.107588 -0.057625 -0.215715
89  -0.000009 8.382871 -0.000068  0.135030 -0.099914 0.287073
90  -0.000054 8.697675 0.000024  -0.148089 -0.510100 0.044839
91  -0.000135 8.921828 0.000081  -0.236827 -0.892635 0.098804
92  3.553623 -3.478042 2.409276  0.000821 0.762046 1.535304
93  -0.000001 4.476899 -0.000007  -0.151004 -0.588330 0.377259
94  0.000032 4.514123 -0.000023  -0.228868 -2.996199 0.592367
95  0.000043 4.518387 -0.000023  0.143171 2.612777 0.693383
96  0.000025 3.598327 0.000024  -0.749304 0.869851 -0.773233
97  4.209925 -0.440345 1.018822  -1.976841 -2.220437 0.155795
98  4.265506 1.434230 -0.404988  -2.043249 -0.380055 -0.081119
99  9.400226 0.017942 0.083198  0.063228 -0.067821 -1.201717
100  10.242421 0.033593 0.064479  2.258595 -0.151059 -0.580384
101  3.465855 -0.059677 0.016691  -0.014458 0.115431 0.070922
102  1.655599 -0.000020 0.000024  0.027355 -0.186147 -0.829932
103  0.960769 0.000003 -0.000008  0.006485 -0.059400 -0.688764
104  3.462028 -0.064241 0.939906  0.316707 -0.070058 0.033211
105  1.497177 -0.000008 0.000018  -0.465114 -0.145578 -0.359052
106  0.793758 0.000004 -0.000003  -0.023138 0.043590 -0.729464
107  0.591662 -0.460691 0.835204  -0.999082 -0.654761 -0.477306
108  1.556139 -0.000002 -0.000006  -0.190418 0.081313 0.349582
109  1.135905 0.000016 0.000005  -0.017423 -0.044623 0.205344
110  3.084268 -0.668820 -1.257087  -0.572199 0.160104 -0.753873
111  1.064201 -0.000008 0.000006  -0.070817 0.130401 -1.423771
112  0.640336 0.000003 -0.000007  -0.040641 0.089563 -1.073830
113  3.396820 -0.242137 -0.708691  -0.277001 0.194328 -0.348862
114  1.532967 0.000004 0.000002  0.022723 -0.002284 -1.077573
115  0.832973 -0.000002 -0.000003  0.003632 0.030597 -1.076217
116  4.209945 -0.440342 -1.019282  2.012130 2.173538 0.194870
117  4.266746 1.424941 0.424936  1.884328 -0.000681 -0.605485
118  9.398566 0.011951 -0.082514  -0.001562 0.053446 -0.325627
119  10.242438 0.028177 -0.062907  -1.751571 0.050801 0.294068
120  3.465747 -0.067529 0.002269  -0.235373 0.250418 -1.658930
121  1.655556 0.000001 0.000006  -0.165411 0.184598 -1.174196
122  0.960907 0.000008 -0.000000  -0.018478 0.176238 -0.888746
123  3.466856 -0.077785 -0.920910  -0.489007 0.122161 -1.691682
124  1.497260 -0.000032 -0.000022  -0.578529 0.320227 -1.017975
125  0.793788 -0.000010 0.000002  -0.217867 0.381329 -0.760084
126  0.595077 -0.467152 -0.829174  2.469011 0.674351 -0.725799
127  1.555676 0.000015 -0.000002  0.634617 0.518455 1.167287
128  1.136813 -0.000009 0.000001  0.571999 0.456704 1.079678
129  3.075972 -0.667968 1.277702  0.603037 0.234192 -1.368402
130  1.064596 0.000016 0.000012  0.026520 -0.117215 -0.827920
131  0.640360 -0.000021 -0.000005  -0.103949 -0.023565 -0.467756
132  3.392412 -0.245371 0.728377  0.127938 0.324123 -1.757367
133  1.532739 -0.000008 -0.000001  0.007439 0.016507 -0.809808
134  0.833151 0.000009 0.000003  -0.082524 -0.069772 -1.038100
135  3.590101 -3.090295 1.193972  1.635457 1.210566 1.548541
136  3.589550 -3.089881 -1.196373  -1.505736 1.210473 -1.592853
137  -0.436570 4.719026 -0.001076  -0.000473 -1.570733 1.693041
138  0.000000 2.775456 -0.000238  -0.135089 0.000001 -0.000000
139  0.000000 3.189769 0.000008  0.207820 -0.000000 0.000000
140  0.000002 3.504656 0.000047  -0.261876 0.000000 -0.000000
141  -0.000001 2.863193 -0.000002  -0.051268 -0.000000 -0.000000
time 83
0  2.432144 2.575521 33.174629  1.570862 0.000000 -0.000000
1  0.002636 43.025146 0.734438  -0.029596 -1.093590 -0.154516
2  3.061857 -4.181016 -0.610803  -2.000968 -0.328385 -0.716268
3  18.476774 0.000156 -0.000003  -0.005800 -0.070981 0.913523
4  17.490084 0.000116 0.000003  -0.227246 0.559744 -1.299219
5  -3.065330 -4.183577 -0.611479  -1.435299 -0.504281 -2.031339
6  18.474854 -0.000036 -0.000008  0.013423 0.083513 1.094093
7  17.489580 0.001917 -0.000010  0.225452 -0.518655 -1.505389
8  -0.000117 -0.048885 -0.576225  1.545528 -0.057506 1.543567
9  3.224485 0.767047 0.000496  -0.040096 -0.034802 0.333107
10  3.223908 0.226399 -0.001943  -0.027676 -0.023253 0.274420
11  5.187323 -1.262563 -0.001178  0.000012 0.000066 0.194111
12  6.928406 -1.935312 -0.000226  -2.959111 -0.193963 0.187077
13  3.236361 1.079614 0.000059  0.756751 0.361084 0.348139
14  0.833764 3.805347 0.692956  -0.040492 0.554885 1.469865
15  0.000038 6.792205 0.000039  0.007991 0.036071 -0.011407
16  -0.000067 7.744818 0.000013  -0.017443 -0.155305 0.068153
17  0.000073 7.809707 0.000017  -0.033637 0.005026 0.006142
18  -0.000024 7.867675 0.000019  -0.073329 -0.127910 0.026375
19  3.494703 -1.749100 -3.006912  0.152547 2.070419 1.936938
20  0.000120 4.478323 0.000015  -0.194659 0.310431 -0.234996
21  0.000047 4.636119 -0.000029  0.035820 0.324592 -0.151767
22  -0.000042 5.008661 0.000011  0.076000 -0.286565 0.276091
23  0.000065 4.781162 0.000008  0.904404 -2.690903 -0.015801
24  2.253039 1.989053 -3.350106  -1.523632 1.324495 0.112394
25  0.000160 6.589470 0.000171  0.206356 -0.002128 -0.080395
26  0.000045 7.491409 0.000047  -0.333516 0.184455 -0.191163
27  0.000025 7.660307 -0.000058  -0.063173 0.127194 -0.062119
28  0.000004 7.256273 0.000018  -0.052939 -0.487829 0.313813
29  -0.791158 2.265112 -1.234655  -0.753899 1.136376 0.824665
30  -0.000259 8.572262 -0.000091  -0.222844 -0.296789 0.176505
31  -0.000093 8.117212 0.000048  0.072258 0.772520 -0.285587
32  -0.000084 8.230030 -0.000077  -0.080496 -0.347232 0.072252
33  0.000063 7.366722 0.000057  -0.015392 -0.663893 0.062743
34  0.224218 0.240122 -3.218157  -0.877380 1.468889 0.577821
35  -0.000102 7.721056 -0.000314  -0.283829 0.060495 -0.167556
36  -0.000029 7.374851 0.000001  0.007537 -0.195020 0.049539
37  0.000074 6.848096 0.000009  0.005484 0.006496 -0.033649
38  -0.000050 7.777865 0.000008  -0.186096 0.182474 -0.152846
39  -1.514462 2.104646 -1.150167  -0.029093 0.541320 1.555671
40  -0.000166 6.982347 -0.000075  -0.199699 -0.041214 0.153490
41  0.000043 8.382859 -0.000074  0.044866 0.587987 -0.257958
42  0.000013 8.697702 -0.000024  -0.102637 -0.474319 0.290942
43  0.000060 8.921803 -0.000001  -0.076257 0.581004 -0.195603
44  1.196194 2.899148 -2.353085  -0.449719 1.030105 1.287423
45  0.000107 5.476943 0.000009  0.285574 -0.099353 -0.038446
46  -0.000068 6.060434 -0.000087  -0.155020 -0.575032 0.384609
47  0.000018 5.994260 0.000029  0.033940 0.288574 -0.067730
48  -0.000007 6.100484 0.000004  -0.068407 0.299273 -0.162152
49  0.000030 6.916758 0.000009  -0.096318 0.220533 -0.107966
50  0.000149 6.435056 -0.000042  -0.037456 0.171630 -0.116573
51  1.092799 3.649509 -1.738793  -0.148600 0.876612 1.445020
52  -0.000128 6.792205 -0.000105  0.008284 0.107792 -0.048643
53  -0.000084 7.744773 -0.000030  0.057137 -0.256893 0.015458
54  0.000088 9.115024 -0.000038  -0.020393 0.256253 -0.142636
55  3.494519 -1.749106 3.007065  0.118400 1.106974 1.813803
56  0.000016 4.323832 0.000089  -0.229908 -0.770943 0.449224
57  0.000027 4.872901 -0.000020  0.367245 -0.664052 -0.254033
58  0.000003 5.056658 0.000092  -0.511237 0.856585 -0.546325
59  2.292468 1.708609 3.661675  -1.762560 1.789109 -0.218979
60  -0.000173 6.589443 0.000271  -0.007132 -0.169123 0.176911
61  0.000172 7.491497 -0.000152  -0.132414 -0.107097 0.179327
62  -0.000139 8.249666 0.000142  0.041913 -0.058209 0.015813
63  0.000074 8.605237 -0.000027  0.101585 0.501824 -0.079696
64  -0.240483 2.066069 2.349267  -0.357331 2.461714 1.296076
65  -0.000089 7.721103 -0.000005  -0.208231 -0.126223 -0.116492
66  -0.000122 7.374857 -0.000047  -0.111017 0.046940 -0.046466
67  -0.000034 6.848062 -0.000024  0.273533 0.247522 0.299909
68  0.000029 7.777822 -0.000043  0.072920 0.186148 -0.052689
69  -0.000081 8.178055 0.000011  -0.087031 -0.422849 -0.381357
70  1.617607 3.431406 2.399266  -0.249454 2.569514 1.508568
71  -0.000164 5.476939 -0.000027  0.057729 0.074071 0.060287
72  -0.000090 6.060495 -0.000005  -0.015205 0.015650 -0.152067
73  0.000031 5.994253 0.000011  -0.126210 -0.157657 0.153303
74  -0.000076 7.076874 -0.000048  -0.008118 0.010385 0.036402
75  0.000004 7.089870 -0.000071  0.070875 0.098587 -0.025893
76  0.361113 0.886677 3.287746  -0.576369 1.978708 0.939011
77  -0.000067 6.686641 0.000224  -0.146568 0.414164 -0.327704
78  -0.000012 7.638025 0.000010  -0.079524 -0.025948 0.130953
79  -0.000032 7.290230 -0.000022  0.025325 -0.093908 0.023965
80  -0.000033 6.530368 0.000007  -0.261847 -0.300601 0.006734
81  0.000065 7.224880 0.000009  0.036505 0.032481 -0.175823
82  1.071899 3.225791 1.570115  -0.043805 2.859975 1.526244
83  0.000418 6.748905 -0.000067  -0.062703 0.083783 0.022203
84  -0.000056 8.002641 0.000027  -0.067497 -0.117209 -0.115600
85  0.000016 8.580569 -0.000098  0.088214 -0.007187 0.334606
86  0.000166 8.689831 -0.000041  0.065326 -0.412430 -0.134518
87  -1.514533 2.104634 0.318056  -0.024895 3.094491 1.569491
88  0.000190 6.982283 0.000011  -0.107588 -0.057625 -0.215715
89  -0.000009 8.382871 -0.000068  0.135030 -0.099914 0.287073
90  -0.000062 8.697667 0.000023  -0.148089 -0.510100 0.044839
91  -0.000138 8.921822 0.000082  -0.236827 -0.892635 0.098804
92  3.553619 -3.478050 2.409278  0.000821 0.762046 1.535304
93  -0.000003 4.476907 -0.000007  -0.151004 -0.588330 0.377259
94  0.000030 4.514122 -0.000024  -0.228868 -2.996200 0.592367
95  0.000044 4.518388 -0.000022  0.143171 2.612777 0.693383
96  0.000025 3.598325 0.000023  -0.749304 0.869851 -0.773233
97  4.209919 -0.440347 1.018826  -1.978008 -2.221310 0.156610
98  4.265506 1.434234 -0.404993  -2.036380 -0.371908 -0.082011
99  9.400230 0.017942 0.083198  0.062194 -0.068023 -1.187800
100  10.242418 0.033585 0.064478  2.258838 -0.150707 -0.579593
101  3.465858 -0.059675 0.016696  -0.014494 0.115362 0.070493
102  1.655596 -0.000014 0.000024  0.027524 -0.186300 -0.831015
103  0.960770 -0.000001 -0.000004  0.006609 -0.059607 -0.689991
104  3.462031 -0.064242 0.939909  0.316707 -0.070058 0.033211
105  1.497180 -0.000011 0.000025  -0.465109 -0.145590 -0.359082
106  0.793760 -0.000000 -0.000003  -0.023138 0.043590 -0.729464
107  0.591664 -0.460689 0.835208  -0.999062 -0.654748 -0.477322
108  1.556139 -0.000001 0.000005  -0.190418 0.081313 0.349582
109  1.135904 0.000018 0.000001  -0.017418 -0.044606 0.205402
110  3.084270 -0.668819 -1.257082  -0.572177 0.160049 -0.753851
111  1.064201 0.000001 0.000006  -0.070884 0.130409 -1.424399
112  0.640337 0.000008 -0.000005  -0.040684 0.089466 -1.074570
113  3.396824 -0.242136 -0.708686  -0.277005 0.194231 -0.349030
114  1.532967 0.000008 0.000004  0.022735 -0.002378 -1.079643
115  0.832972 -0.000002 -0.000002  0.003672 0.030350 -1.078386
116  4.209941 -0.440345 -1.019278  2.009974 2.172700 0.193135
117  4.266747 1.424929 0.424934  1.859827 0.002803 -0.604163
118  9.398566 0.011950 -0.082517  -0.002424 0.054152 -0.339970
119  10.242446 0.028177 -0.062907  -1.744117 0.044376 0.304557
120  3.465748 -0.067528 0.002269  -0.235536 0.250400 -1.659648
121  1.655564 0.000003 0.000006  -0.165455 0.184605 -1.174441
122  0.960906 0.000004 0.000000  -0.018535 0.176285 -0.889027
123  3.466854 -0.077784 -0.920908  -0.489098 0.121905 -1.693035
124  1.497259 -0.000034 -0.000023  -0.578986 0.320565 -1.019327
125  0.793788 -0.000008 -0.000001  -0.218576 0.382053 -0.761309
126  0.595080 -0.467155 -0.829176  2.469007 0.674324 -0.725698
127  1.555678 0.000013 -0.000004  0.634756 0.518525 1.167472
128  1.136812 -0.000010 0.000002  0.571812 0.456644 1.079473
129  3.075973 -0.667969 1.277702  0.603017 0.234311 -1.368540
130  1.064596 0.000018 0.000010  0.026570 -0.117248 -0.828480
131  0.640359 -0.000020 -0.000003  -0.104016 -0.023601 -0.468392
132  3.392414 -0.245373 0.728377  0.127699 0.324253 -1.758011
133  1.532734 -0.000010 -0.000001  0.007431 0.016516 -0.810230
134  0.833151 0.000013 0.000006  -0.082566 -0.069824 -1.038570
135  3.590111 -3.090297 1.193972  1.635457 1.210566 1.548541
136  3.589563 -3.089883 -1.196373  -1.505736 1.210473 -1.592853
137  -0.436558 4.719023 -0.001077  -0.000709 -1.570733 1.692969
138  0.000000 2.775450 -0.000239  -0.135089 0.000001 -0.000000
139  0.000001 3.189775 0.000008  0.207820 -0.000000 0.000000
140  0.000001 3.504653 0.000044  -0.261876 0.000000 -0.000000
141  0.000001 2.863204 -0.000002  -0.051268 -0.000000 -0.000000
time 84
0  2.361413 2.673459 33.167404  1.570862 0.000000 -0.000000
1  0.002636 43.025146 0.734438  -0.025456 -1.100723 -0.157489
2  3.061857 -4.181015 -0.610804  -2.000103 -0.320854 -0.713249
3  18.476774 0.000157 -0.000001  -0.005521 -0.070414 0.905794
4  17.490084 0.000116 0.000003  -0.235797 0.556711 -1.296130
5  -3.065330 -4.183578 -0.611479  -1.434683 -0.511632 -2.026948
6  18.474855 -0.000034 -0.000008  0.013732 0.083924 1.100384
7  17.489582 0.001916 -0.000005  0.218970 -0.521528 -1.506328
8  -0.000117 -0.048888 -0.576226  1.544156 -0.055579 1.542428
9  3.224486 0.767047 0.000496  -0.042052 -0.036305 0.330480
10  3.223905 0.226400 -0.001944  -0.029064 -0.024202 0.272617
11  5.187319 -1.262561 -0.001178  0.000012 0.000066 0.194111
12  6.928406 -1.935310 -0.000226  -2.958134 -0.195106 0.187325
13  3.236367 1.079609 0.000056  0.759870 0.361710 0.348742
14  0.833759 3.805344 0.692955  -0.040492 0.554884 1.469865
15  0.000042 6.792201 0.000040  0.007991 0.036071 -0.011407
16  -0.000068 7.744812 0.000015  -0.017443 -0.155305 0.068153
17  0.000070 7.809703 0.000019  -0.033637 0.005026 0.006142
18  -0.000021 7.867672 0.000019  -0.073329 -0.127910 0.026375
19  3.494699 -1.749101 -3.006912  0.152547 2.070419 1.936938
20  0.000121 4.478319 0.000020  -0.194659 0.310431 -0.234996
21  0.000048 4.636114 -0.000028  0.035820 0.324592 -0.151767
22  -0.000043 5.008653 0.000012  0.076000 -0.286565 0.276091
23  0.000066 4.781164 0.000010  0.904404 -2.690903 -0.015801
24  2.253040 1.989051 -3.350106  -1.523632 1.324495 0.112394
25  0.000164 6.589464 0.000166  0.206356 -0.002128 -0.080395
26  0.000044 7.491414 0.000042  -0.333516 0.184455 -0.191163
27  0.000026 7.660306 -0.000055  -0.063173 0.127194 -0.062119
28  0.000005 7.256273 0.000014  -0.052939 -0.487829 0.313813
29  -0.791163 2.265111 -1.234655  -0.753899 1.136376 0.824664
30  -0.000257 8.572263 -0.000090  -0.222844 -0.296789 0.176505
31  -0.000095 8.117215 0.000047  0.072258 0.772520 -0.285587
32  -0.000081 8.230036 -0.000063  -0.080496 -0.347232 0.072252
33  0.000055 7.366723 0.000056  -0.015392 -0.663893 0.062743
34  0.224213 0.240120 -3.218158  -0.877380 1.468889 0.577821
35  -0.000101 7.721055 -0.000312  -0.283829 0.060495 -0.167556
36  -0.000029 7.374850 -0.000001  0.007537 -0.195020 0.049539
37  0.000078 6.848098 0.000005  0.005484 0.006497 -0.033649
38  -0.000050 7.777866 0.000008  -0.186096 0.182474 -0.152847
39  -1.514469 2.104641 -1.150167  -0.029093 0.541320 1.555671
40  -0.000171 6.982347 -0.000075  -0.199699 -0.041213 0.153490
41  0.000041 8.382858 -0.000074  0.044867 0.587987 -0.257958
42  0.000012 8.697704 -0.000022  -0.102637 -0.474319 0.290942
43  0.000058 8.921807 -0.000002  -0.076257 0.581004 -0.195603
44  1.196192 2.899148 -2.353086  -0.449719 1.030105 1.287423
45  0.000104 5.476947 0.000004  0.285574 -0.099353 -0.038446
46  -0.000071 6.060434 -0.000087  -0.155020 -0.575031 0.384609
47  0.000016 5.994266 0.000029  0.033940 0.288575 -0.067730
48  -0.000004 6.100488 -0.000001  -0.068406 0.299273 -0.162152
49  0.000035 6.916758 0.000008  -0.096318 0.220533 -0.107966
50  0.000146 6.435060 -0.000050  -0.037456 0.171630 -0.116573
51  1.092791 3.649503 -1.738794  -0.148600 0.876612 1.445020
52  -0.000127 6.792198 -0.000100  0.008284 0.107792 -0.048643
53  -0.000089 7.744780 -0.000025  0.057137 -0.256893 0.015458
54  0.000082 9.115021 -0.000038  -0.020393 0.256253 -0.142636
55  3.494514 -1.749109 3.007063  0.118400 1.106974 1.813803
56  0.000014 4.323844 0.000087  -0.229908 -0.770943 0.449224
57  0.000027 4.872898 -0.000021  0.367245 -0.664052 -0.254033
58  0.000005 5.056653 0.000093  -0.511237 0.856585 -0.546325
59  2.292466 1.708608 3.661675  -1.762560 1.789109 -0.218979
60  -0.000173 6.589440 0.000278  -0.007132 -0.169123 0.176911
61  0.000173 7.491501 -0.000153  -0.132414 -0.107097 0.179327
62  -0.000141 8.249661 0.000141  0.041913 -0.058209 0.015813
63  0.000070 8.605236 -0.000029  0.101585 0.501824 -0.079696
64  -0.240490 2.066063 2.349267  -0.357331 2.461714 1.296076
65  -0.000089 7.721110 -0.000001  -0.208231 -0.126223 -0.116492
66  -0.000126 7.374866 -0.000046  -0.111017 0.046940 -0.046466
67  -0.000033 6.848059 -0.000028  0.273533 0.247522 0.299909
68  0.000036 7.777824 -0.000043  0.072920 0.186148 -0.052689
69  -0.000084 8.178049 0.000011  -0.087031 -0.422849 -0.381357
70  1.617604 3.431402 2.399265  -0.249454 2.569514 1.508568
71  -0.000160 5.476943 -0.000028  0.057729 0.074071 0.060287
72  -0.000091 6.060493 -0.000006  -0.015205 0.015650 -0.152066
73  0.000027 5.994248 0.000012  -0.126210 -0.157657 0.153303
74  -0.000081 7.076870 -0.000047  -0.008118 0.010384 0.036402
75  0.000004 7.089866 -0.000070  0.070875 0.098587 -0.025893
76  0.361109 0.886673 3.287746  -0.576369 1.978708 0.939011
77  -0.000067 6.686646 0.000221  -0.146568 0.414164 -0.327704
78  -0.000010 7.638021 0.000011  -0.079524 -0.025948 0.130953
79  -0.000030 7.290232 -0.000022  0.025325 -0.093908 0.023965
80  -0.000035 6.530367 0.000000  -0.261847 -0.300601 0.006734
81  0.000062 7.224881 0.000006  0.036505 0.032480 -0.175823
82  1.071896 3.225790 1.570116  -0.043805 2.859975 1.526244
83  0.000415 6.748903 -0.000066  -0.062703 0.083783 0.022203
84  -0.000045 8.002645 0.000027  -0.067497 -0.117209 -0.115600
85  0.000011 8.580574 -0.000097  0.088214 -0.007187 0.334606
86  0.000166 8.689829 -0.000041  0.065326 -0.412430 -0.134518
87  -1.514534 2.104632 0.318055  -0.024895 3.094491 1.569491
88  0.000193 6.982278 0.000012  -0.107588 -0.057625 -0.215715
89  -0.000008 8.382876 -0.000067  0.135030 -0.099914 0.287073
90  -0.000062 8.697666 0.000024  -0.148089 -0.510100 0.044838
91  -0.000140 8.921824 0.000080  -0.236827 -0.892635 0.098804
92  3.553615 -3.478050 2.409277  0.000821 0.762046 1.535304
93  -0.000002 4.476906 -0.000010  -0.151004 -0.588330 0.377259
94  0.000030 4.514124 -0.000023  -0.228868 -2.996200 0.592367
95  0.000044 4.518388 -0.000024  0.143171 2.612777 0.693383
96  0.000025 3.598330 0.000023  -0.749304 0.869851 -0.773233
97  4.209917 -0.440345 1.018825  -1.978980 -2.222190 0.157225
98  4.265502 1.434229 -0.404994  -2.029527 -0.361021 -0.085326
99  9.400231 0.017942 0.083199  0.061505 -0.068150 -1.178559
100  10.242422 0.033589 0.064475  2.259039 -0.150269 -0.579002
101  3.465857 -0.059675 0.016692  -0.014604 0.114911 0.068430
102  1.655595 -0.000022 0.000023  0.028153 -0.186940 -0.835344
103  0.960769 0.000004 -0.000008  0.007145 -0.060521 -0.694752
104  3.462030 -0.064241 0.939908  0.316707 -0.070064 0.033150
105  1.497177 -0.000002 0.000019  -0.465104 -0.145601 -0.359112
106  0.793759 0.000008 -0.000000  -0.023141 0.043594 -0.729528
107  0.591663 -0.460685 0.835207  -0.999042 -0.654736 -0.477337
108  1.556140 0.000002 0.000003  -0.190413 0.081325 0.349641
109  1.135905 0.000019 0.000006  -0.017403 -0.044554 0.205576
110  3.084269 -0.668818 -1.257086  -0.572096 0.159829 -0.754238
111  1.064198 -0.000003 0.000005  -0.071179 0.130401 -1.427536
112  0.640342 0.000007 -0.000007  -0.040817 0.089218 -1.078041
113  3.396823 -0.242136 -0.708688  -0.277004 0.193933 -0.349907
114  1.532969 0.000001 0.000007  0.022684 -0.002705 -1.090016
115  0.832974 -0.000000 -0.000004  0.003955 0.028996 -1.089181
116  4.209943 -0.440341 -1.019278  2.008512 2.171825 0.192035
117  4.266745 1.424941 0.424937  1.837913 0.005231 -0.602431
118  9.398565 0.011950 -0.082515  -0.003315 0.054860 -0.354645
119  10.242435 0.028176 -0.062908  -1.738260 0.039204 0.313185
120  3.465748 -0.067528 0.002266  -0.235699 0.250381 -1.660367
121  1.655563 0.000010 0.000006  -0.165499 0.184612 -1.174685
122  0.960909 -0.000001 0.000001  -0.018592 0.176333 -0.889308
123  3.466852 -0.077782 -0.920910  -0.489198 0.121701 -1.694054
124  1.497258 -0.000037 -0.000022  -0.579492 0.320836 -1.020774
125  0.793789 -0.000009 -0.000001  -0.219321 0.382810 -0.762595
126  0.595080 -0.467153 -0.829177  2.469090 0.674292 -0.725469
127  1.555672 0.000015 -0.000002  0.634970 0.518685 1.167771
128  1.136808 -0.000006 -0.000004  0.571874 0.456664 1.079542
129  3.075974 -0.667969 1.277700  0.602997 0.234429 -1.368677
130  1.064594 0.000021 0.000008  0.026620 -0.117281 -0.829039
131  0.640357 -0.000019 -0.000003  -0.104083 -0.023631 -0.468965
132  3.392408 -0.245367 0.728377  0.127511 0.324428 -1.758594
133  1.532736 -0.000005 -0.000001  0.007423 0.016526 -0.810652
134  0.833150 0.000006 0.000004  -0.082612 -0.069863 -1.038972
135  3.590108 -3.090296 1.193972  1.635457 1.210566 1.548541
136  3.589557 -3.089880 -1.196373  -1.505736 1.210473 -1.592853
137  -0.436563 4.719025 -0.001076  -0.000236 -1.570733 1.693232
138  0.000000 2.775455 -0.000240  -0.135089 0.000001 -0.000000
139  0.000000 3.189772 0.000009  0.207820 0.000000 0.000000
140  0.000001 3.504648 0.000045  -0.261876 0.000000 -0.000000
141  -0.000001 2.863199 -0.000001  -0.051268 -0.000000 -0.000000
time 85
0  2.304766 2.755376 33.160904  1.570862 0.000000 -0.000000
1  0.002636 43.025146 0.734438  -0.024002 -1.106522 -0.158187
2  3.061858 -4.181011 -0.610803  -1.999519 -0.314261 -0.711566
3  18.476770 0.000161 -0.000000  -0.005284 -0.069925 0.899152
4  17.490086 0.000119 0.000004  -0.242087 0.554393 -1.292858
5  -3.065330 -4.183575 -0.611479  -1.434169 -0.517248 -2.024217
6  18.474855 -0.000033 -0.000009  0.013999 0.084273 1.105766
7  17.489584 0.001916 -0.000005  0.213959 -0.524167 -1.507406
8  -0.000117 -0.048881 -0.576226  1.542323 -0.053595 1.541569
9  3.224485 0.767046 0.000495  -0.044637 -0.037282 0.327733
10  3.223912 0.226398 -0.001945  -0.030826 -0.024838 0.270754
11  5.187327 -1.262561 -0.001177  0.000012 0.000066 0.194111
12  6.928406 -1.935310 -0.000227  -2.957179 -0.196057 0.188209
13  3.236373 1.079613 0.000059  0.763144 0.361037 0.348510
14  0.833764 3.805351 0.692955  -0.040492 0.554885 1.469865
15  0.000043 6.792204 0.000037  0.007991 0.036071 -0.011407
16  -0.000069 7.744819 0.000015  -0.017442 -0.155305 0.068153
17  0.000074 7.809709 0.000014  -0.033637 0.005026 0.006142
18  -0.000026 7.867675 0.000018  -0.073329 -0.127910 0.026375
19  3.494701 -1.749100 -3.006912  0.152547 2.070419 1.936938
20  0.000121 4.478319 0.000016  -0.194659 0.310431 -0.234996
21  0.000049 4.636121 -0.000029  0.035820 0.324592 -0.151767
22  -0.000042 5.008652 0.000013  0.076000 -0.286565 0.276091
23  0.000063 4.781165 0.000009  0.904404 -2.690903 -0.015801
24  2.253042 1.989054 -3.350106  -1.523632 1.324495 0.112394
25  0.000162 6.589464 0.000168  0.206356 -0.002128 -0.080395
26  0.000044 7.491410 0.000045  -0.333516 0.184455 -0.191163
27  0.000026 7.660301 -0.000060  -0.063173 0.127194 -0.062119
28  0.000008 7.256274 0.000019  -0.052939 -0.487829 0.313813
29  -0.791165 2.265108 -1.234654  -0.753899 1.136376 0.824665
30  -0.000256 8.572268 -0.000098  -0.222844 -0.296789 0.176505
31  -0.000093 8.117211 0.000046  0.072258 0.772520 -0.285587
32  -0.000082 8.230034 -0.000069  -0.080496 -0.347232 0.072252
33  0.000060 7.366726 0.000051  -0.015392 -0.663893 0.062743
34  0.224216 0.240122 -3.218157  -0.877380 1.468889 0.577821
35  -0.000101 7.721054 -0.000309  -0.283829 0.060495 -0.167556
36  -0.000031 7.374848 0.000002  0.007537 -0.195020 0.049539
37  0.000076 6.848102 0.000007  0.005484 0.006497 -0.033649
38  -0.000051 7.777865 0.000008  -0.186096 0.182474 -0.152847
39  -1.514469 2.104640 -1.150166  -0.029093 0.541320 1.555671
40  -0.000173 6.982348 -0.000073  -0.199699 -0.041214 0.153490
41  0.000043 8.382862 -0.000072  0.044867 0.587987 -0.257958
42  0.000013 8.697704 -0.000024  -0.102637 -0.474319 0.290942
43  0.000057 8.921805 -0.000004  -0.076257 0.581004 -0.195603
44  1.196192 2.899150 -2.353085  -0.449719 1.030105 1.287423
45  0.000110 5.476947 0.000003  0.285574 -0.099353 -0.038446
46  -0.000072 6.060435 -0.000088  -0.155020 -0.575032 0.384609
47  0.000017 5.994257 0.000029  0.033940 0.288575 -0.067730
48  -0.000006 6.100486 0.000002  -0.068406 0.299273 -0.162152
49  0.000034 6.916763 0.000008  -0.096318 0.220533 -0.107966
50  0.000149 6.435063 -0.000043  -0.037456 0.171630 -0.116573
51  1.092798 3.649507 -1.738794  -0.148600 0.876612 1.445020
52  -0.000129 6.792198 -0.000101  0.008284 0.107792 -0.048643
53  -0.000085 7.744781 -0.000026  0.057137 -0.256893 0.015458
54  0.000085 9.115024 -0.000038  -0.020393 0.256253 -0.142636
55  3.494515 -1.749110 3.007065  0.118400 1.106974 1.813803
56  0.000013 4.323836 0.000086  -0.229908 -0.770943 0.449224
57  0.000031 4.872898 -0.000022  0.367245 -0.664052 -0.254033
58  0.000002 5.056652 0.000093  -0.511237 0.856585 -0.546325
59  2.292464 1.708606 3.661676  -1.762560 1.789109 -0.218979
60  -0.000174 6.589434 0.000270  -0.007132 -0.169123 0.176911
61  0.000173 7.491496 -0.000149  -0.132413 -0.107097 0.179327
62  -0.000139 8.249660 0.000142  0.041913 -0.058209 0.015813
63  0.000071 8.605238 -0.000026  0.101585 0.501824 -0.079696
64  -0.240485 2.066066 2.349267  -0.357331 2.461714 1.296076
65  -0.000086 7.721105 -0.000007  -0.208231 -0.126223 -0.116492
66  -0.000125 7.374864 -0.000043  -0.111017 0.046940 -0.046466
67  -0.000034 6.848061 -0.000027  0.273533 0.247522 0.299909
68  0.000034 7.777822 -0.000045  0.072920 0.186148 -0.052689
69  -0.000087 8.178054 0.000012  -0.087031 -0.422849 -0.381357
70  1.617607 3.431406 2.399266  -0.249454 2.569514 1.508568
71  -0.000162 5.476939 -0.000025  0.057729 0.074071 0.060287
72  -0.000098 6.060491 -0.000005  -0.015205 0.015650 -0.152066
73  0.000024 5.994251 0.000010  -0.126210 -0.157657 0.153303
74  -0.000081 7.076876 -0.000047  -0.008118 0.010384 0.036402
75  0.000003 7.089865 -0.000070  0.070875 0.098587 -0.025893
76  0.361115 0.886680 3.287746  -0.576369 1.978708 0.939011
77  -0.000065 6.686643 0.000226  -0.146568 0.414164 -0.327704
78  -0.000013 7.638014 0.000015  -0.079524 -0.025948 0.130953
79  -0.000029 7.290235 -0.000021  0.025325 -0.093908 0.023965
80  -0.000036 6.530366 0.000009  -0.261847 -0.300601 0.006734
81  0.000062 7.224882 0.000011  0.036505 0.032481 -0.175823
82  1.071897 3.225792 1.570115  -0.043805 2.859975 1.526244
83  0.000413 6.748893 -0.000067  -0.062703 0.083783 0.022203
84  -0.000050 8.002643 0.000026  -0.067497 -0.117209 -0.115600
85  0.000013 8.580578 -0.000098  0.088214 -0.007187 0.334606
86  0.000165 8.689828 -0.000041  0.065326 -0.412430 -0.134518
87  -1.514536 2.104632 0.318056  -0.024895 3.094491 1.569491
88  0.000191 6.982285 0.000012  -0.107588 -0.057625 -0.215715
89  -0.000009 8.382873 -0.000068  0.135030 -0.099914 0.287073
90  -0.000063 8.697673 0.000023  -0.148089 -0.510100 0.044838
91  -0.000135 8.921825 0.000079  -0.236827 -0.892635 0.098804
92  3.553617 -3.478051 2.409277  0.000821 0.762046 1.535304
93  -0.000004 4.476904 -0.000009  -0.151004 -0.588330 0.377259
94  0.000033 4.514123 -0.000023  -0.228868 -2.996200 0.592367
95  0.000043 4.518382 -0.000022  0.143171 2.612777 0.693383
96  0.000023 3.598325 0.000023  -0.749304 0.869851 -0.773234
97  4.209920 -0.440345 1.018824  -1.979479 -2.223158 0.157397
98  4.265505 1.434225 -0.404993  -2.023385 -0.347306 -0.091671
99  9.400235 0.017941 0.083203  0.061323 -0.068182 -1.176105
100  10.242422 0.033593 0.064481  2.259043 -0.149757 -0.578769
101  3.465857 -0.059678 0.016695  -0.014792 0.113948 0.063940
102  1.655589 -0.000021 0.000021  0.029495 -0.188281 -0.844495
103  0.960768 0.000003 -0.000005  0.008324 -0.062506 -0.704929
104  3.462028 -0.064242 0.939911  0.316708 -0.070082 0.032967
105  1.497176 -0.000006 0.000022  -0.465093 -0.145624 -0.359171
106  0.793760 0.000000 -0.000002  -0.023144 0.043601 -0.729591
107  0.591663 -0.460690 0.835208  -0.999023 -0.654723 -0.477352
108  1.556140 -0.000000 -0.000006  -0.190411 0.081338 0.349669
109  1.135904 0.000016 0.000008  -0.017384 -0.044484 0.205809
110  3.084270 -0.668819 -1.257083  -0.571918 0.159297 -0.755116
111  1.064199 -0.000003 0.000007  -0.071961 0.130353 -1.434378
112  0.640337 0.000004 -0.000009  -0.041067 0.088651 -1.085659
113  3.396824 -0.242136 -0.708687  -0.276993 0.193266 -0.351707
114  1.532974 0.000007 0.000007  0.022608 -0.003453 -1.112956
115  0.832977 -0.000002 -0.000000  0.004531 0.025974 -1.113049
116  4.209942 -0.440340 -1.019279  2.008233 2.170834 0.191983
117  4.266747 1.424940 0.424940  1.821339 0.006285 -0.601068
118  9.398569 0.011951 -0.082515  -0.004111 0.055475 -0.367597
119  10.242437 0.028176 -0.062905  -1.734819 0.036789 0.317954
120  3.465749 -0.067524 0.002267  -0.235862 0.250362 -1.661085
121  1.655559 0.000004 0.000005  -0.165543 0.184619 -1.174929
122  0.960908 0.000001 -0.000001  -0.018649 0.176381 -0.889590
123  3.466854 -0.077776 -0.920909  -0.489287 0.121498 -1.694987
124  1.497254 -0.000034 -0.000023  -0.580116 0.321284 -1.022659
125  0.793789 -0.000008 -0.000002  -0.220214 0.383799 -0.764228
126  0.595080 -0.467150 -0.829177  2.469172 0.674233 -0.725138
127  1.555677 0.000016 -0.000003  0.635384 0.518899 1.168324
128  1.136811 -0.000006 -0.000001  0.571999 0.456704 1.079678
129  3.075972 -0.667963 1.277701  0.602976 0.234548 -1.368815
130  1.064590 0.000018 0.000008  0.026661 -0.117308 -0.829501
131  0.640362 -0.000017 -0.000004  -0.104092 -0.023638 -0.469478
132  3.392412 -0.245367 0.728376  0.127323 0.324601 -1.759177
133  1.532736 -0.000006 0.000000  0.007416 0.016536 -0.811073
134  0.833151 0.000014 0.000006  -0.082604 -0.069887 -1.039444
135  3.590112 -3.090294 1.193971  1.635457 1.210566 1.548541
136  3.589561 -3.089880 -1.196373  -1.505736 1.210473 -1.592853
137  -0.436560 4.719025 -0.001076  -0.000236 -1.570733 1.692998
138  0.000001 2.775457 -0.000236  -0.135089 0.000001 -0.000000
139  0.000001 3.189770 0.000008  0.207820 -0.000000 0.000000
140  -0.000001 3.504654 0.000045  -0.261876 0.000000 -0.000000
141  -0.000000 2.863194 -0.000001  -0.051268 0.000000 -0.000000
time 86
0  2.258818 2.822261 33.155563  1.570862 0.000000 -0.000000
1  0.002636 43.025146 0.734438  -0.024709 -1.111156 -0.157002
2  3.061857 -4.181012 -0.610803  -1.999252 -0.308503 -0.710931
3  18.476776 0.000157 0.000002  -0.005079 -0.069494 0.893324
4  17.490086 0.000115 0.000003  -0.246838 0.552901 -1.289674
5  -3.065329 -4.183578 -0.611479  -1.433601 -0.521534 -2.022870
6  18.474863 -0.000033 -0.000007  0.014232 0.084576 1.110446
7  17.489582 0.001916 -0.000006  0.209733 -0.526446 -1.508442
8  -0.000117 -0.048887 -0.576226  1.540199 -0.051488 1.541118
9  3.224484 0.767048 0.000495  -0.047487 -0.037764 0.324738
10  3.223904 0.226399 -0.001944  -0.032831 -0.025127 0.268706
11  5.187327 -1.262561 -0.001178  0.000012 0.000066 0.194111
12  6.928414 -1.935318 -0.000226  -2.956303 -0.196793 0.189736
13  3.236361 1.079602 0.000057  0.765487 0.359249 0.347409
14  0.833764 3.805349 0.692956  -0.040492 0.554884 1.469865
15  0.000047 6.792202 0.000042  0.007991 0.036071 -0.011407
16  -0.000062 7.744817 0.000018  -0.017442 -0.155305 0.068153
17  0.000072 7.809700 0.000017  -0.033637 0.005026 0.006142
18  -0.000023 7.867672 0.000015  -0.073329 -0.127910 0.026375
19  3.494698 -1.749103 -3.006912  0.152547 2.070419 1.936938
20  0.000119 4.478315 0.000019  -0.194659 0.310431 -0.234996
21  0.000046 4.636112 -0.000027  0.035820 0.324592 -0.151767
22  -0.000041 5.008659 0.000012  0.076000 -0.286565 0.276091
23  0.000063 4.781160 0.000009  0.904404 -2.690903 -0.015801
24  2.253041 1.989054 -3.350106  -1.523632 1.324495 0.112394
25  0.000160 6.589463 0.000165  0.206356 -0.002128 -0.080395
26  0.000043 7.491411 0.000044  -0.333516 0.184455 -0.191163
27  0.000026 7.660309 -0.000056  -0.063173 0.127194 -0.062119
28  0.000006 7.256270 0.000019  -0.052939 -0.487829 0.313813
29  -0.791163 2.265110 -1.234655  -0.753899 1.136376 0.824665
30  -0.000256 8.572261 -0.000090  -0.222844 -0.296789 0.176505
31  -0.000092 8.117218 0.000050  0.072258 0.772520 -0.285587
32  -0.000082 8.230032 -0.000070  -0.080496 -0.347232 0.072252
33  0.000059 7.366724 0.000057  -0.015392 -0.663893 0.062743
34  0.224218 0.240122 -3.218158  -0.877380 1.468889 0.577821
35  -0.000100 7.721050 -0.000314  -0.283829 0.060495 -0.167556
36  -0.000029 7.374857 0.000004  0.007537 -0.195020 0.049539
37  0.000075 6.848097 0.000008  0.005484 0.006497 -0.033649
38  -0.000051 7.777866 0.000009  -0.186096 0.182474 -0.152847
39  -1.514469 2.104642 -1.150167  -0.029093 0.541320 1.555671
40  -0.000172 6.982347 -0.000078  -0.199699 -0.041214 0.153490
41  0.000038 8.382856 -0.000074  0.044866 0.587987 -0.257958
42  0.000011 8.697704 -0.000026  -0.102637 -0.474319 0.290942
43  0.000059 8.921803 -0.000000  -0.076257 0.581004 -0.195603
44  1.196193 2.899148 -2.353086  -0.449719 1.030105 1.287423
45  0.000107 5.476943 0.000008  0.285574 -0.099353 -0.038446
46  -0.000073 6.060438 -0.000088  -0.155020 -0.575031 0.384609
47  0.000022 5.994256 0.000028  0.033941 0.288575 -0.067730
48  -0.000007 6.100489 0.000001  -0.068406 0.299273 -0.162152
49  0.000034 6.916758 0.000013  -0.096318 0.220533 -0.107966
50  0.000149 6.435058 -0.000045  -0.037456 0.171630 -0.116573
51  1.092795 3.649506 -1.738794  -0.148600 0.876612 1.445020
52  -0.000126 6.792203 -0.000101  0.008284 0.107792 -0.048643
53  -0.000089 7.744773 -0.000030  0.057137 -0.256893 0.015458
54  0.000087 9.115019 -0.000039  -0.020393 0.256253 -0.142636
55  3.494516 -1.749109 3.007064  0.118400 1.106974 1.813803
56  0.000016 4.323834 0.000089  -0.229908 -0.770943 0.449224
57  0.000030 4.872900 -0.000019  0.367245 -0.664052 -0.254033
58  0.000005 5.056655 0.000093  -0.511237 0.856585 -0.546325
59  2.292467 1.708608 3.661676  -1.762560 1.789109 -0.218979
60  -0.000175 6.589433 0.000281  -0.007132 -0.169123 0.176911
61  0.000172 7.491494 -0.000150  -0.132413 -0.107097 0.179327
62  -0.000142 8.249664 0.000137  0.041913 -0.058209 0.015813
63  0.000072 8.605234 -0.000021  0.101585 0.501824 -0.079696
64  -0.240485 2.066066 2.349268  -0.357331 2.461714 1.296076
65  -0.000086 7.721101 -0.000001  -0.208231 -0.126223 -0.116492
66  -0.000121 7.374865 -0.000044  -0.111017 0.046939 -0.046466
67  -0.000043 6.848061 -0.000025  0.273533 0.247522 0.299909
68  0.000034 7.777826 -0.000043  0.072920 0.186148 -0.052689
69  -0.000082 8.178054 0.000011  -0.087031 -0.422849 -0.381357
70  1.617610 3.431406 2.399266  -0.249454 2.569514 1.508568
71  -0.000164 5.476940 -0.000028  0.057729 0.074071 0.060287
72  -0.000092 6.060486 -0.000007  -0.015205 0.015650 -0.152067
73  0.000026 5.994243 0.000011  -0.126210 -0.157657 0.153303
74  -0.000075 7.076877 -0.000049  -0.008118 0.010384 0.036402
75  0.000001 7.089868 -0.000069  0.070875 0.098587 -0.025893
76  0.361109 0.886675 3.287746  -0.576369 1.978708 0.939011
77  -0.000069 6.686642 0.000226  -0.146568 0.414164 -0.327704
78  -0.000010 7.638009 0.000015  -0.079524 -0.025948 0.130953
79  -0.000033 7.290230 -0.000022  0.025325 -0.093908 0.023965
80  -0.000035 6.530366 0.000007  -0.261847 -0.300601 0.006734
81  0.000065 7.224880 0.000008  0.036505 0.032481 -0.175823
82  1.071900 3.225792 1.570115  -0.043805 2.859975 1.526244
83  0.000416 6.748899 -0.000066  -0.062703 0.083783 0.022203
84  -0.000046 8.002643 0.000027  -0.067497 -0.117209 -0.115599
85  0.000014 8.580576 -0.000097  0.088214 -0.007187 0.334606
86  0.000167 8.689826 -0.000041  0.065326 -0.412430 -0.134518
87  -1.514534 2.104633 0.318056  -0.024895 3.094491 1.569491
88  0.000191 6.982286 0.000012  -0.107588 -0.057625 -0.215715
89  -0.000011 8.382875 -0.000067  0.135030 -0.099914 0.287073
90  -0.000059 8.697675 0.000024  -0.148089 -0.510100 0.044839
91  -0.000129 8.921826 0.000078  -0.236827 -0.892635 0.098804
92  3.553619 -3.478051 2.409277  0.000821 0.762046 1.535304
93  0.000000 4.476903 -0.000008  -0.151004 -0.588330 0.377259
94  0.000029 4.514119 -0.000022  -0.228868 -2.996199 0.592367
95  0.000044 4.518384 -0.000022  0.143171 2.612777 0.693383
96  0.000024 3.598332 0.000024  -0.749304 0.869851 -0.773234
97  4.209919 -0.440343 1.018826  -1.979636 -2.224173 0.157339
98  4.265504 1.434232 -0.404996  -2.017468 -0.331450 -0.100392
99  9.400230 0.017941 0.083206  0.061483 -0.068154 -1.178261
100  10.242418 0.033587 0.064476  2.258940 -0.149182 -0.578732
101  3.465856 -0.059682 0.016693  -0.014980 0.112612 0.057881
102  1.655593 -0.000017 0.000022  0.031269 -0.190025 -0.856805
103  0.960769 0.000001 -0.000006  0.009977 -0.065089 -0.718631
104  3.462029 -0.064250 0.939909  0.316708 -0.070105 0.032723
105  1.497178 -0.000007 0.000019  -0.465085 -0.145651 -0.359228
106  0.793760 0.000008 0.000000  -0.023151 0.043606 -0.729686
107  0.591662 -0.460696 0.835207  -0.999003 -0.654710 -0.477367
108  1.556140 -0.000003 0.000002  -0.190407 0.081351 0.349697
109  1.135904 0.000019 -0.000001  -0.017355 -0.044379 0.206157
110  3.084268 -0.668827 -1.257084  -0.571715 0.158543 -0.756322
111  1.064200 0.000001 0.000003  -0.072919 0.130320 -1.443684
112  0.640337 0.000005 -0.000007  -0.041501 0.087863 -1.095975
113  3.396824 -0.242141 -0.708691  -0.277022 0.192327 -0.354206
114  1.532968 0.000006 0.000007  0.022453 -0.004474 -1.144143
115  0.832975 -0.000002 -0.000001  0.005473 0.021967 -1.145404
116  4.209944 -0.440342 -1.019277  2.008686 2.169714 0.192673
117  4.266745 1.424944 0.424939  1.808503 0.005453 -0.599761
118  9.398565 0.011949 -0.082520  -0.004977 0.056126 -0.381567
119  10.242441 0.028177 -0.062912  -1.732865 0.036036 0.321952
120  3.465746 -0.067521 0.002268  -0.236025 0.250344 -1.661803
121  1.655559 0.000002 0.000005  -0.165587 0.184626 -1.175174
122  0.960907 0.000002 0.000000  -0.018706 0.176429 -0.889872
123  3.466850 -0.077775 -0.920909  -0.489351 0.121315 -1.695806
124  1.497259 -0.000038 -0.000022  -0.580714 0.321681 -1.024557
125  0.793789 -0.000013 -0.000001  -0.221201 0.384796 -0.765927
126  0.595076 -0.467147 -0.829176  2.469252 0.674175 -0.724808
127  1.555674 0.000018 -0.000003  0.635882 0.519176 1.168987
128  1.136816 -0.000008 0.000001  0.572498 0.456865 1.080223
129  3.075970 -0.667963 1.277701  0.602956 0.234667 -1.368953
130  1.064591 0.000019 0.000009  0.026679 -0.117325 -0.829882
131  0.640359 -0.000012 -0.000005  -0.104136 -0.023665 -0.469881
132  3.392410 -0.245366 0.728376  0.127135 0.324775 -1.759760
133  1.532740 -0.000007 -0.000001  0.007408 0.016544 -0.811473
134  0.833151 0.000006 0.000006  -0.082646 -0.069938 -1.039847
135  3.590114 -3.090297 1.193971  1.635457 1.210566 1.548541
136  3.589563 -3.089881 -1.196373  -1.505736 1.210473 -1.592853
137  -0.436558 4.719023 -0.001077  -0.000236 -1.570733 1.693304
138  0.000003 2.775454 -0.000237  -0.135089 0.000001 -0.000000
139  0.000000 3.189764 0.000008  0.207820 -0.000000 0.000000
140  -0.000000 3.504649 0.000044  -0.261876 0.000000 -0.000000
141  0.000000 2.863194 -0.000001  -0.051268 -0.000000 0.000000
time 87
0  2.227532 2.878648 33.143532  1.570862 0.000000 -0.000000
1  0.002636 43.025146 0.734438  -0.027811 -1.114322 -0.153708
2  3.061857 -4.181011 -0.610804  -1.999439 -0.304186 -0.711243
3  18.476776 0.000157 -0.000001  -0.004927 -0.069172 0.888975
4  17.490086 0.000119 0.000003  -0.249861 0.552373 -1.286688
5  -3.065329 -4.183576 -0.611480  -1.432924 -0.525158 -2.023075
6  18.474854 -0.000035 -0.000009  0.014478 0.084893 1.115347
7  17.489584 0.001915 -0.000009  0.206387 -0.528150 -1.509613
8  -0.000117 -0.048881 -0.576226  1.538033 -0.049254 1.541027
9  3.224484 0.767047 0.000496  -0.050358 -0.037704 0.321669
10  3.223906 0.226400 -0.001945  -0.034760 -0.025000 0.266589
11  5.187322 -1.262558 -0.001178  0.000012 0.000066 0.194111
12  6.928411 -1.935313 -0.000227  -2.955403 -0.197475 0.191266
13  3.236365 1.079605 0.000056  0.767384 0.358420 0.345606
14  0.833759 3.805360 0.692956  -0.040492 0.554884 1.469865
15  0.000042 6.792209 0.000043  0.007991 0.036071 -0.011407
16  -0.000072 7.744812 0.000015  -0.017443 -0.155305 0.068153
17  0.000070 7.809700 0.000018  -0.033637 0.005026 0.006142
18  -0.000030 7.867671 0.000018  -0.073329 -0.127910 0.026375
19  3.494701 -1.749082 -3.006912  0.152547 2.070419 1.936939
20  0.000117 4.478320 0.000018  -0.194659 0.310431 -0.234996
21  0.000048 4.636119 -0.000028  0.035820 0.324592 -0.151767
22  -0.000042 5.008650 0.000012  0.076000 -0.286565 0.276091
23  0.000064 4.781165 0.000009  0.904404 -2.690903 -0.015801
24  2.253043 1.989071 -3.350106  -1.523632 1.324495 0.112394
25  0.000159 6.589471 0.000164  0.206356 -0.002128 -0.080395
26  0.000040 7.491415 0.000039  -0.333516 0.184455 -0.191163
27  0.000026 7.660308 -0.000058  -0.063173 0.127194 -0.062119
28  0.000008 7.256269 0.000021  -0.052939 -0.487829 0.313813
29  -0.791161 2.265128 -1.234655  -0.753899 1.136376 0.824665
30  -0.000254 8.572259 -0.000089  -0.222844 -0.296789 0.176505
31  -0.000093 8.117211 0.000050  0.072258 0.772520 -0.285587
32  -0.000080 8.230032 -0.000070  -0.080495 -0.347232 0.072252
33  0.000060 7.366726 0.000055  -0.015392 -0.663893 0.062743
34  0.224214 0.240137 -3.218157  -0.877380 1.468889 0.577821
35  -0.000103 7.721054 -0.000309  -0.283829 0.060495 -0.167556
36  -0.000032 7.374856 -0.000007  0.007537 -0.195020 0.049539
37  0.000076 6.848104 0.000007  0.005484 0.006496 -0.033649
38  -0.000053 7.777868 0.000009  -0.186096 0.182474 -0.152847
39  -1.514466 2.104661 -1.150167  -0.029093 0.541320 1.555671
40  -0.000166 6.982352 -0.000080  -0.199699 -0.041213 0.153490
41  0.000039 8.382866 -0.000072  0.044867 0.587987 -0.257958
42  0.000017 8.697702 -0.000025  -0.102637 -0.474319 0.290942
43  0.000055 8.921803 -0.000004  -0.076257 0.581004 -0.195603
44  1.196193 2.899163 -2.353085  -0.449719 1.030105 1.287423
45  0.000101 5.476952 0.000007  0.285574 -0.099353 -0.038446
46  -0.000077 6.060439 -0.000092  -0.155020 -0.575031 0.384609
47  0.000015 5.994259 0.000029  0.033941 0.288575 -0.067730
48  -0.000009 6.100490 0.000002  -0.068406 0.299273 -0.162152
49  0.000034 6.916761 0.000011  -0.096318 0.220533 -0.107966
50  0.000149 6.435057 -0.000041  -0.037456 0.171630 -0.116573
51  1.092798 3.649526 -1.738794  -0.148600 0.876612 1.445020
52  -0.000128 6.792202 -0.000102  0.008284 0.107792 -0.048643
53  -0.000088 7.744773 -0.000029  0.057137 -0.256893 0.015458
54  0.000086 9.115022 -0.000037  -0.020393 0.256253 -0.142636
55  3.494519 -1.749090 3.007064  0.118400 1.106974 1.813803
56  0.000016 4.323830 0.000090  -0.229908 -0.770943 0.449224
57  0.000030 4.872897 -0.000021  0.367245 -0.664052 -0.254033
58  0.000008 5.056645 0.000095  -0.511237 0.856585 -0.546325
59  2.292465 1.708624 3.661676  -1.762560 1.789109 -0.218979
60  -0.000172 6.589445 0.000275  -0.007132 -0.169123 0.176911
61  0.000173 7.491493 -0.000147  -0.132413 -0.107097 0.179327
62  -0.000138 8.249666 0.000139  0.041913 -0.058209 0.015813
63  0.000072 8.605233 -0.000024  0.101585 0.501824 -0.079696
64  -0.240486 2.066082 2.349268  -0.357331 2.461714 1.296076
65  -0.000087 7.721104 -0.000003  -0.208231 -0.126223 -0.116492
66  -0.000121 7.374861 -0.000045  -0.111017 0.046940 -0.046466
67  -0.000035 6.848064 -0.000027  0.273533 0.247522 0.299909
68  0.000041 7.777824 -0.000045  0.072920 0.186148 -0.052689
69  -0.000088 8.178052 0.000012  -0.087031 -0.422849 -0.381357
70  1.617604 3.431420 2.399266  -0.249454 2.569514 1.508568
71  -0.000163 5.476944 -0.000028  0.057729 0.074071 0.060287
72  -0.000094 6.060494 -0.000006  -0.015205 0.015650 -0.152066
73  0.000024 5.994245 0.000013  -0.126210 -0.157657 0.153303
74  -0.000086 7.076869 -0.000047  -0.008118 0.010384 0.036402
75  0.000005 7.089868 -0.000069  0.070875 0.098587 -0.025893
76  0.361110 0.886693 3.287747  -0.576369 1.978708 0.939011
77  -0.000069 6.686639 0.000223  -0.146568 0.414164 -0.327704
78  -0.000012 7.638023 0.000014  -0.079524 -0.025948 0.130953
79  -0.000028 7.290235 -0.000022  0.025325 -0.093908 0.023965
80  -0.000037 6.530365 0.000007  -0.261847 -0.300601 0.006734
81  0.000063 7.224882 0.000010  0.036505 0.032481 -0.175823
82  1.071898 3.225805 1.570116  -0.043805 2.859975 1.526244
83  0.000419 6.748907 -0.000066  -0.062703 0.083783 0.022203
84  -0.000050 8.002644 0.000026  -0.067497 -0.117209 -0.115600
85  0.000010 8.580566 -0.000098  0.088214 -0.007187 0.334606
86  0.000168 8.689830 -0.000040  0.065326 -0.412430 -0.134518
87  -1.514535 2.104649 0.318056  -0.024895 3.094491 1.569491
88  0.000196 6.982286 0.000012  -0.107588 -0.057625 -0.215715
89  -0.000012 8.382868 -0.000067  0.135030 -0.099914 0.287073
90  -0.000063 8.697667 0.000023  -0.148089 -0.510100 0.044839
91  -0.000137 8.921821 0.000080  -0.236827 -0.892635 0.098804
92  3.553619 -3.478034 2.409278  0.000821 0.762046 1.535304
93  -0.000001 4.476900 -0.000004  -0.151004 -0.588330 0.377259
94  0.000031 4.514124 -0.000025  -0.228868 -2.996200 0.592367
95  0.000041 4.518388 -0.000021  0.143171 2.612777 0.693383
96  0.000022 3.598329 0.000023  -0.749304 0.869851 -0.773234
97  4.209920 -0.440346 1.018823  -1.979708 -2.225199 0.157148
98  4.265501 1.434234 -0.404993  -2.011278 -0.313921 -0.111516
99  9.400239 0.017941 0.083201  0.061944 -0.068070 -1.184443
100  10.242419 0.033596 0.064484  2.258657 -0.148536 -0.578827
101  3.465857 -0.059684 0.016695  -0.015268 0.111060 0.050481
102  1.655594 -0.000019 0.000021  0.033480 -0.192095 -0.871691
103  0.960771 0.000000 -0.000002  0.011952 -0.068206 -0.735237
104  3.462030 -0.064249 0.939911  0.316693 -0.070123 0.032387
105  1.497182 -0.000001 0.000020  -0.465068 -0.145701 -0.359330
106  0.793759 0.000001 -0.000003  -0.023157 0.043613 -0.729782
107  0.591664 -0.460696 0.835207  -0.999037 -0.654669 -0.477353
108  1.556139 0.000003 0.000004  -0.190399 0.081384 0.349768
109  1.135905 0.000016 0.000007  -0.017261 -0.044269 0.206560
110  3.084271 -0.668826 -1.257084  -0.571423 0.157607 -0.757793
111  1.064202 -0.000006 0.000009  -0.074088 0.130211 -1.454930
112  0.640343 0.000006 -0.000007  -0.041951 0.086973 -1.108411
113  3.396824 -0.242142 -0.708686  -0.277011 0.191169 -0.357219
114  1.532966 0.000003 0.000007  0.022402 -0.005694 -1.181920
115  0.832977 -0.000006 -0.000002  0.006723 0.017069 -1.184598
116  4.209944 -0.440345 -1.019279  2.009315 2.168442 0.193522
117  4.266745 1.424941 0.424938  1.799172 -0.000020 -0.599242
118  9.398563 0.011950 -0.082518  -0.006352 0.057121 -0.403437
119  10.242439 0.028176 -0.062908  -1.731849 0.036162 0.330129
120  3.465749 -0.067522 0.002268  -0.236149 0.250338 -1.662477
121  1.655555 -0.000000 0.000005  -0.165631 0.184632 -1.175419
122  0.960905 0.000008 -0.000001  -0.018763 0.176476 -0.890153
123  3.466857 -0.077779 -0.920910  -0.489415 0.121132 -1.696625
124  1.497259 -0.000037 -0.000023  -0.581341 0.322127 -1.026445
125  0.793788 -0.000009 0.000001  -0.222123 0.385772 -0.767660
126  0.595081 -0.467148 -0.829177  2.469333 0.674116 -0.724478
127  1.555674 0.000016 -0.000003  0.636380 0.519454 1.169650
128  1.136814 -0.000010 -0.000003  0.573426 0.457155 1.081131
129  3.075975 -0.667963 1.277701  0.602936 0.234786 -1.369091
130  1.064589 0.000020 0.000011  0.026697 -0.117342 -0.830264
131  0.640362 -0.000011 -0.000003  -0.104180 -0.023692 -0.470284
132  3.392414 -0.245366 0.728376  0.126939 0.324936 -1.760336
133  1.532740 -0.000006 0.000000  0.007402 0.016551 -0.811806
134  0.833149 0.000006 0.000005  -0.082690 -0.069986 -1.040182
135  3.590112 -3.090293 1.193971  1.635457 1.210566 1.548541
136  3.589561 -3.089877 -1.196373  -1.505736 1.210473 -1.592853
137  -0.436561 4.719028 -0.001076  -0.000236 -1.570733 1.693642
138  -0.000002 2.775451 -0.000238  -0.135089 0.000001 -0.000000
139  -0.000002 3.189760 0.000010  0.207820 0.000000 -0.000000
140  -0.000000 3.504656 0.000040  -0.261876 0.000000 -0.000000
141  -0.000000 2.863204 -0.000002  -0.051268 0.000000 -0.000000
time 88
0  2.198896 2.903975 33.147934  1.570862 0.000000 -0.000000
1  0.002636 43.025146 0.734438  -0.033154 -1.116254 -0.148450
2  3.061857 -4.181003 -0.610803  -1.999929 -0.299998 -0.713303
3  18.476776 0.000157 -0.000002  -0.004784 -0.068865 0.884830
4  17.490086 0.000117 0.000003  -0.250822 0.552213 -1.283976
5  -3.065330 -4.183567 -0.611479  -1.432348 -0.526127 -2.024754
6  18.474855 -0.000035 -0.000011  0.014596 0.085044 1.117693
7  17.489582 0.001915 -0.000006  0.204140 -0.529667 -1.510501
8  -0.000117 -0.048874 -0.576226  1.535828 -0.046953 1.541296
9  3.224486 0.767047 0.000495  -0.053254 -0.037168 0.318403
10  3.223908 0.226400 -0.001944  -0.036816 -0.024546 0.264406
11  5.187321 -1.262562 -0.001177  0.000012 0.000066 0.194111
12  6.928410 -1.935316 -0.000227  -2.954510 -0.198164 0.192857
13  3.236367 1.079612 0.000059  0.768843 0.358334 0.343148
14  0.833761 3.805350 0.692955  -0.040492 0.554884 1.469865
15  0.000042 6.792206 0.000042  0.007991 0.036071 -0.011407
16  -0.000072 7.744816 0.000015  -0.017443 -0.155305 0.068153
17  0.000076 7.809700 0.000019  -0.033637 0.005026 0.006142
18  -0.000028 7.867671 0.000014  -0.073329 -0.127910 0.026375
19  3.494702 -1.749095 -3.006912  0.152547 2.070419 1.936939
20  0.000118 4.478322 0.000017  -0.194659 0.310431 -0.234996
21  0.000048 4.636117 -0.000030  0.035820 0.324592 -0.151767
22  -0.000041 5.008656 0.000012  0.076000 -0.286565 0.276091
23  0.000065 4.781172 0.000008  0.904404 -2.690903 -0.015801
24  2.253041 1.989056 -3.350106  -1.523631 1.324495 0.112394
25  0.000163 6.589459 0.000167  0.206356 -0.002128 -0.080395
26  0.000043 7.491419 0.000038  -0.333516 0.184455 -0.191163
27  0.000025 7.660307 -0.000057  -0.063173 0.127194 -0.062119
28  0.000009 7.256269 0.000026  -0.052939 -0.487829 0.313813
29  -0.791159 2.265116 -1.234655  -0.753899 1.136376 0.824665
30  -0.000258 8.572263 -0.000088  -0.222844 -0.296789 0.176505
31  -0.000095 8.117213 0.000049  0.072258 0.772520 -0.285587
32  -0.000081 8.230036 -0.000069  -0.080496 -0.347232 0.072252
33  0.000057 7.366723 0.000054  -0.015392 -0.663893 0.062743
34  0.224217 0.240126 -3.218158  -0.877380 1.468889 0.577821
35  -0.000101 7.721058 -0.000312  -0.283829 0.060495 -0.167556
36  -0.000029 7.374854 0.000000  0.007537 -0.195020 0.049539
37  0.000074 6.848103 0.000006  0.005484 0.006497 -0.033649
38  -0.000053 7.777860 0.000009  -0.186096 0.182474 -0.152847
39  -1.514461 2.104651 -1.150167  -0.029093 0.541320 1.555671
40  -0.000170 6.982346 -0.000077  -0.199699 -0.041213 0.153490
41  0.000040 8.382860 -0.000073  0.044866 0.587987 -0.257958
42  0.000013 8.697701 -0.000027  -0.102637 -0.474319 0.290942
43  0.000057 8.921803 -0.000002  -0.076257 0.581004 -0.195603
44  1.196197 2.899156 -2.353086  -0.449718 1.030105 1.287423
45  0.000105 5.476948 0.000005  0.285574 -0.099353 -0.038446
46  -0.000070 6.060439 -0.000089  -0.155020 -0.575031 0.384609
47  0.000017 5.994260 0.000030  0.033940 0.288575 -0.067730
48  -0.000009 6.100482 0.000002  -0.068406 0.299273 -0.162152
49  0.000035 6.916759 0.000007  -0.096318 0.220533 -0.107966
50  0.000152 6.435057 -0.000040  -0.037456 0.171630 -0.116573
51  1.092797 3.649515 -1.738794  -0.148600 0.876612 1.445020
52  -0.000126 6.792203 -0.000104  0.008285 0.107792 -0.048643
53  -0.000087 7.744784 -0.000028  0.057137 -0.256893 0.015458
54  0.000088 9.115015 -0.000037  -0.020393 0.256253 -0.142636
55  3.494517 -1.749105 3.007063  0.118400 1.106974 1.813804
56  0.000015 4.323834 0.000087  -0.229908 -0.770943 0.449224
57  0.000032 4.872898 -0.000021  0.367245 -0.664052 -0.254033
58  0.000007 5.056648 0.000093  -0.511237 0.856585 -0.546325
59  2.292469 1.708616 3.661675  -1.762560 1.789109 -0.218979
60  -0.000172 6.589441 0.000275  -0.007132 -0.169123 0.176911
61  0.000173 7.491497 -0.000154  -0.132413 -0.107097 0.179327
62  -0.000141 8.249660 0.000142  0.041913 -0.058209 0.015813
63  0.000072 8.605236 -0.000027  0.101585 0.501824 -0.079696
64  -0.240483 2.066073 2.349267  -0.357331 2.461714 1.296076
65  -0.000089 7.721100 -0.000003  -0.208231 -0.126223 -0.116492
66  -0.000122 7.374859 -0.000049  -0.111017 0.046940 -0.046466
67  -0.000035 6.848060 -0.000027  0.273533 0.247522 0.299909
68  0.000032 7.777825 -0.000043  0.072920 0.186148 -0.052689
69  -0.000083 8.178058 0.000010  -0.087031 -0.422849 -0.381357
70  1.617606 3.431409 2.399265  -0.249454 2.569514 1.508568
71  -0.000159 5.476944 -0.000030  0.057729 0.074071 0.060287
72  -0.000090 6.060492 -0.000008  -0.015205 0.015650 -0.152066
73  0.000023 5.994247 0.000011  -0.126210 -0.157657 0.153303
74  -0.000081 7.076876 -0.000047  -0.008118 0.010384 0.036402
75  0.000003 7.089869 -0.000068  0.070875 0.098587 -0.025893
76  0.361111 0.886680 3.287746  -0.576369 1.978708 0.939011
77  -0.000070 6.686640 0.000228  -0.146568 0.414164 -0.327704
78  -0.000010 7.638017 0.000017  -0.079524 -0.025948 0.130953
79  -0.000033 7.290228 -0.000021  0.025325 -0.093908 0.023965
80  -0.000040 6.530364 0.000008  -0.261847 -0.300601 0.006734
81  0.000064 7.224881 0.000011  0.036505 0.032481 -0.175823
82  1.071899 3.225797 1.570115  -0.043805 2.859975 1.526244
83  0.000419 6.748910 -0.000068  -0.062703 0.083783 0.022203
84  -0.000051 8.002642 0.000027  -0.067497 -0.117209 -0.115600
85  0.000010 8.580573 -0.000098  0.088214 -0.007187 0.334606
86  0.000173 8.689835 -0.000040  0.065326 -0.412430 -0.134518
87  -1.514534 2.104638 0.318055  -0.024895 3.094491 1.569491
88  0.000182 6.982278 0.000012  -0.107588 -0.057625 -0.215715
89  -0.000010 8.382874 -0.000067  0.135030 -0.099914 0.287073
90  -0.000067 8.697671 0.000024  -0.148089 -0.510100 0.044838
91  -0.000133 8.921824 0.000080  -0.236827 -0.892635 0.098804
92  3.553617 -3.478048 2.409277  0.000821 0.762046 1.535304
93  0.000002 4.476901 -0.000008  -0.151004 -0.588330 0.377259
94  0.000032 4.514124 -0.000023  -0.228868 -2.996200 0.592367
95  0.000042 4.518388 -0.000023  0.143171 2.612777 0.693383
96  0.000018 3.598332 0.000023  -0.749304 0.869851 -0.773234
97  4.209919 -0.440347 1.018824  -1.979710 -2.226284 0.156862
98  4.265507 1.434237 -0.404991  -2.005040 -0.295449 -0.124175
99  9.400233 0.017941 0.083201  0.062532 -0.067959 -1.192357
100  10.242421 0.033592 0.064475  2.258410 -0.147801 -0.579043
101  3.465856 -0.059675 0.016693  -0.015586 0.109299 0.042556
102  1.655594 -0.000022 0.000022  0.035903 -0.194379 -0.887799
103  0.960769 -0.000003 -0.000007  0.014204 -0.071523 -0.753151
104  3.462028 -0.064244 0.939908  0.316678 -0.070140 0.032051
105  1.497178 -0.000006 0.000021  -0.465051 -0.145754 -0.359429
106  0.793758 -0.000002 -0.000002  -0.023163 0.043619 -0.729867
107  0.591661 -0.460691 0.835207  -0.999072 -0.654629 -0.477339
108  1.556139 0.000006 -0.000004  -0.190391 0.081417 0.349839
109  1.135904 0.000021 0.000002  -0.017226 -0.044147 0.206966
110  3.084269 -0.668822 -1.257086  -0.571052 0.156619 -0.759301
111  1.064202 -0.000002 0.000005  -0.075433 0.130098 -1.467026
112  0.640334 0.000005 -0.000010  -0.042418 0.085941 -1.121876
113  3.396823 -0.242138 -0.708690  -0.277026 0.189946 -0.360534
114  1.532966 0.000008 0.000006  0.022348 -0.007004 -1.222660
115  0.832973 -0.000003 -0.000001  0.008349 0.011906 -1.226919
116  4.209944 -0.440346 -1.019279  2.010173 2.166979 0.194585
117  4.266745 1.424933 0.424940  1.792476 -0.003374 -0.597298
118  9.398564 0.011949 -0.082522  -0.007305 0.057784 -0.418403
119  10.242435 0.028176 -0.062910  -1.731528 0.037445 0.334587
120  3.465748 -0.067527 0.002268  -0.236376 0.250325 -1.663245
121  1.655560 0.000006 0.000005  -0.165674 0.184639 -1.175663
122  0.960908 0.000009 0.000001  -0.018820 0.176524 -0.890435
123  3.466854 -0.077780 -0.920910  -0.489478 0.120949 -1.697444
124  1.497259 -0.000031 -0.000022  -0.581941 0.322522 -1.028346
125  0.793787 -0.000010 -0.000000  -0.223115 0.386766 -0.769364
126  0.595079 -0.467152 -0.829177  2.469408 0.674038 -0.724176
127  1.555676 0.000015 -0.000003  0.636803 0.519721 1.170228
128  1.136810 -0.000011 -0.000003  0.574760 0.457483 1.082469
129  3.075974 -0.667971 1.277700  0.602915 0.234905 -1.369228
130  1.064596 0.000022 0.000010  0.026716 -0.117358 -0.830646
131  0.640361 -0.000012 -0.000001  -0.104224 -0.023719 -0.470687
132  3.392415 -0.245370 0.728375  0.126742 0.325097 -1.760912
133  1.532734 -0.000010 -0.000001  0.007397 0.016557 -0.812073
134  0.833150 0.000012 0.000005  -0.082687 -0.069994 -1.040452
135  3.590111 -3.090297 1.193973  1.635457 1.210566 1.548541
136  3.589556 -3.089880 -1.196371  -1.505736 1.210473 -1.592853
137  -0.436559 4.719024 -0.001075  -0.000709 -1.570733 1.693144
138  -0.000001 2.775451 -0.000240  -0.135089 0.000001 0.000000
139  0.000000 3.189769 0.000009  0.207820 -0.000000 0.000000
140  -0.000001 3.504647 0.000048  -0.261876 0.000000 -0.000000
141  -0.000001 2.863193 -0.000002  -0.051268 -0.000000 -0.000000
time 89
0  2.159548 2.865475 33.199776  1.570862 0.000000 -0.000000
1  0.002636 43.025146 0.734438  -0.040996 -1.116647 -0.140914
2  3.061857 -4.181012 -0.610804  -2.000556 -0.295011 -0.718741
3  18.476772 0.000160 0.000000  -0.004629 -0.068527 0.880289
4  17.490086 0.000115 0.000006  -0.247079 0.550755 -1.280886
5  -3.065330 -4.183570 -0.611480  -1.431790 -0.522821 -2.027513
6  18.474854 -0.000036 -0.000008  0.014489 0.084906 1.115560
7  17.489584 0.001915 -0.000009  0.198038 -0.527762 -1.506711
8  -0.000117 -0.048879 -0.576226  1.533457 -0.044462 1.541976
9  3.224485 0.767047 0.000496  -0.056294 -0.036023 0.314999
10  3.223913 0.226400 -0.001945  -0.038857 -0.023667 0.262092
11  5.187318 -1.262559 -0.001177  0.000012 0.000066 0.194111
12  6.928406 -1.935312 -0.000228  -2.953600 -0.198805 0.194512
13  3.236364 1.079613 0.000057  0.770032 0.359426 0.339856
14  0.833766 3.805349 0.692955  -0.040492 0.554885 1.469865
15  0.000045 6.792206 0.000043  0.007991 0.036071 -0.011407
16  -0.000069 7.744813 0.000016  -0.017443 -0.155305 0.068153
17  0.000072 7.809702 0.000017  -0.033637 0.005026 0.006142
18  -0.000028 7.867673 0.000016  -0.073329 -0.127910 0.026375
19  3.494704 -1.749098 -3.006912  0.152547 2.070419 1.936939
20  0.000116 4.478320 0.000018  -0.194659 0.310431 -0.234996
21  0.000048 4.636119 -0.000031  0.035820 0.324592 -0.151767
22  -0.000042 5.008653 0.000012  0.076000 -0.286565 0.276091
23  0.000065 4.781169 0.000010  0.904404 -2.690903 -0.015801
24  2.253046 1.989059 -3.350107  -1.523631 1.324495 0.112394
25  0.000161 6.589469 0.000167  0.206356 -0.002128 -0.080395
26  0.000042 7.491411 0.000045  -0.333516 0.184455 -0.191163
27  0.000027 7.660310 -0.000055  -0.063173 0.127194 -0.062119
28  0.000008 7.256274 0.000019  -0.052939 -0.487829 0.313813
29  -0.791154 2.265116 -1.234656  -0.753899 1.136376 0.824665
30  -0.000260 8.572262 -0.000096  -0.222844 -0.296789 0.176505
31  -0.000095 8.117214 0.000048  0.072258 0.772520 -0.285587
32  -0.000083 8.230034 -0.000067  -0.080496 -0.347232 0.072252
33  0.000059 7.366722 0.000054  -0.015393 -0.663893 0.062743
34  0.224219 0.240125 -3.218158  -0.877380 1.468889 0.577821
35  -0.000101 7.721055 -0.000311  -0.283829 0.060495 -0.167556
36  -0.000029 7.374855 0.000003  0.007537 -0.195020 0.049539
37  0.000074 6.848104 0.000006  0.005484 0.006497 -0.033649
38  -0.000049 7.777860 0.000007  -0.186096 0.182474 -0.152847
39  -1.514462 2.104645 -1.150167  -0.029093 0.541320 1.555671
40  -0.000175 6.982345 -0.000077  -0.199699 -0.041214 0.153490
41  0.000038 8.382861 -0.000073  0.044866 0.587987 -0.257958
42  0.000012 8.697704 -0.000025  -0.102637 -0.474319 0.290942
43  0.000057 8.921805 -0.000004  -0.076257 0.581004 -0.195603
44  1.196201 2.899156 -2.353086  -0.449719 1.030105 1.287423
45  0.000102 5.476948 0.000005  0.285574 -0.099353 -0.038446
46  -0.000071 6.060431 -0.000089  -0.155020 -0.575031 0.384609
47  0.000022 5.994254 0.000030  0.033941 0.288575 -0.067730
48  -0.000006 6.100485 0.000004  -0.068407 0.299273 -0.162152
49  0.000031 6.916761 0.000013  -0.096318 0.220533 -0.107966
50  0.000151 6.435054 -0.000046  -0.037456 0.171630 -0.116573
51  1.092803 3.649514 -1.738794  -0.148600 0.876612 1.445020
52  -0.000130 6.792204 -0.000097  0.008284 0.107792 -0.048643
53  -0.000086 7.744771 -0.000030  0.057137 -0.256893 0.015458
54  0.000083 9.115022 -0.000036  -0.020393 0.256253 -0.142636
55  3.494525 -1.749104 3.007064  0.118400 1.106974 1.813803
56  0.000015 4.323836 0.000091  -0.229908 -0.770943 0.449224
57  0.000029 4.872901 -0.000020  0.367245 -0.664052 -0.254033
58  0.000003 5.056656 0.000091  -0.511237 0.856585 -0.546325
59  2.292469 1.708612 3.661675  -1.762560 1.789109 -0.218979
60  -0.000172 6.589447 0.000270  -0.007132 -0.169123 0.176911
61  0.000174 7.491499 -0.000145  -0.132414 -0.107097 0.179327
62  -0.000141 8.249662 0.000141  0.041913 -0.058209 0.015813
63  0.000072 8.605231 -0.000028  0.101585 0.501824 -0.079696
64  -0.240482 2.066071 2.349268  -0.357331 2.461714 1.296076
65  -0.000084 7.721104 -0.000003  -0.208231 -0.126223 -0.116492
66  -0.000124 7.374862 -0.000047  -0.111017 0.046939 -0.046466
67  -0.000036 6.848066 -0.000026  0.273533 0.247522 0.299909
68  0.000033 7.777826 -0.000043  0.072920 0.186148 -0.052689
69  -0.000085 8.178060 0.000012  -0.087031 -0.422849 -0.381357
70  1.617604 3.431403 2.399266  -0.249454 2.569514 1.508568
71  -0.000162 5.476935 -0.000031  0.057729 0.074071 0.060287
72  -0.000092 6.060488 -0.000005  -0.015205 0.015650 -0.152067
73  0.000025 5.994248 0.000012  -0.126210 -0.157657 0.153303
74  -0.000074 7.076879 -0.000049  -0.008118 0.010384 0.036402
75  0.000006 7.089867 -0.000072  0.070875 0.098587 -0.025893
76  0.361117 0.886683 3.287746  -0.576369 1.978708 0.939011
77  -0.000065 6.686646 0.000220  -0.146568 0.414164 -0.327704
78  -0.000011 7.638019 0.000009  -0.079524 -0.025948 0.130953
79  -0.000035 7.290229 -0.000024  0.025325 -0.093908 0.023965
80  -0.000037 6.530365 0.000006  -0.261847 -0.300601 0.006734
81  0.000063 7.224885 0.000005  0.036505 0.032480 -0.175823
82  1.071903 3.225795 1.570115  -0.043805 2.859975 1.526244
83  0.000423 6.748910 -0.000065  -0.062703 0.083783 0.022203
84  -0.000046 8.002641 0.000027  -0.067497 -0.117209 -0.115600
85  0.000016 8.580570 -0.000098  0.088214 -0.007187 0.334606
86  0.000165 8.689831 -0.000042  0.065326 -0.412430 -0.134518
87  -1.514532 2.104636 0.318055  -0.024895 3.094491 1.569491
88  0.000189 6.982288 0.000012  -0.107588 -0.057625 -0.215715
89  -0.000011 8.382870 -0.000067  0.135030 -0.099914 0.287073
90  -0.000064 8.697668 0.000024  -0.148089 -0.510100 0.044839
91  -0.000133 8.921822 0.000081  -0.236827 -0.892635 0.098804
92  3.553619 -3.478049 2.409277  0.000821 0.762046 1.535304
93  0.000000 4.476902 -0.000008  -0.151004 -0.588330 0.377259
94  0.000029 4.514124 -0.000024  -0.228868 -2.996200 0.592367
95  0.000044 4.518379 -0.000021  0.143171 2.612777 0.693383
96  0.000024 3.598328 0.000023  -0.749304 0.869851 -0.773234
97  4.209917 -0.440346 1.018824  -1.979778 -2.227323 0.156672
98  4.265503 1.434231 -0.404994  -1.998439 -0.276953 -0.137978
99  9.400234 0.017941 0.083200  0.063059 -0.067855 -1.199439
100  10.242420 0.033592 0.064480  2.258148 -0.147126 -0.579227
101  3.465858 -0.059683 0.016695  -0.015844 0.107638 0.034873
102  1.655597 -0.000021 0.000026  0.038279 -0.196467 -0.903334
103  0.960771 -0.000003 -0.000006  0.016423 -0.074668 -0.770426
104  3.462030 -0.064251 0.939910  0.316663 -0.070157 0.031714
105  1.497179 -0.000004 0.000025  -0.465035 -0.145808 -0.359527
106  0.793758 0.000001 0.000000  -0.023168 0.043625 -0.729951
107  0.591665 -0.460696 0.835208  -0.999022 -0.654597 -0.477377
108  1.556139 0.000005 -0.000000  -0.190382 0.081450 0.349909
109  1.135905 0.000019 0.000006  -0.017200 -0.044063 0.207353
110  3.084272 -0.668822 -1.257083  -0.570761 0.155666 -0.760836
111  1.064203 -0.000001 0.000009  -0.076669 0.129986 -1.478728
112  0.640337 0.000003 -0.000009  -0.042870 0.084932 -1.134870
113  3.396824 -0.242138 -0.708688  -0.276990 0.188769 -0.363665
114  1.532968 0.000007 0.000002  0.022391 -0.008289 -1.261929
115  0.832975 -0.000003 -0.000003  0.010129 0.006986 -1.267722
116  4.209941 -0.440342 -1.019280  2.011110 2.165384 0.195793
117  4.266746 1.424938 0.424938  1.787844 0.003690 -0.591293
118  9.398562 0.011949 -0.082514  -0.006666 0.057341 -0.408381
119  10.242435 0.028177 -0.062904  -1.731497 0.040362 0.326152
120  3.465747 -0.067523 0.002268  -0.236523 0.250319 -1.664046
121  1.655562 0.000006 0.000006  -0.165718 0.184646 -1.175908
122  0.960908 0.000004 0.000001  -0.018877 0.176572 -0.890716
123  3.466855 -0.077782 -0.920910  -0.489582 0.120768 -1.698297
124  1.497258 -0.000034 -0.000022  -0.582545 0.322933 -1.030206
125  0.793790 -0.000004 -0.000000  -0.224046 0.387738 -0.771008
126  0.595077 -0.467150 -0.829176  2.469481 0.673960 -0.723873
127  1.555670 0.000014 -0.000002  0.637226 0.519986 1.170805
128  1.136808 -0.000007 0.000002  0.576440 0.458010 1.084199
129  3.075974 -0.667969 1.277700  0.602895 0.235023 -1.369365
130  1.064598 0.000022 0.000011  0.026734 -0.117375 -0.831028
131  0.640359 -0.000016 -0.000003  -0.104257 -0.023744 -0.471100
132  3.392411 -0.245367 0.728376  0.126546 0.325257 -1.761489
133  1.532740 -0.000005 -0.000002  0.007393 0.016562 -0.812272
134  0.833153 0.000010 0.000005  -0.082725 -0.069953 -1.040653
135  3.590104 -3.090293 1.193972  1.635457 1.210566 1.548541
136  3.589552 -3.089879 -1.196372  -1.505736 1.210473 -1.592853
137  -0.436564 4.719027 -0.001076  -0.000473 -1.570733 1.693319
138  -0.000000 2.775454 -0.000238  -0.135089 0.000001 0.000000
139  -0.000002 3.189767 0.000010  0.207820 -0.000000 0.000000
140  -0.000001 3.504645 0.000047  -0.261876 0.000000 -0.000000
141  -0.000001 2.863197 -0.000004  -0.051268 -0.000000 0.000000
time 90
0  2.117517 2.804303 33.267521  1.570862 0.000000 -0.000000
1  0.002636 43.025146 0.734438  -0.049940 -1.116574 -0.132475
2  3.061857 -4.181009 -0.610803  -2.001404 -0.289528 -0.725193
3  18.476774 0.000159 0.000001  -0.004460 -0.068155 0.875286
4  17.490084 0.000117 0.000002  -0.241954 0.549575 -1.278018
5  -3.065330 -4.183574 -0.611479  -1.431220 -0.517713 -2.030909
6  18.474855 -0.000032 -0.000007  0.014293 0.084655 1.111653
7  17.489582 0.001916 -0.000006  0.191685 -0.525415 -1.501974
8  -0.000117 -0.048879 -0.576225  1.531068 -0.041967 1.542833
9  3.224483 0.767048 0.000496  -0.059320 -0.034650 0.311462
10  3.223905 0.226399 -0.001944  -0.040938 -0.022664 0.259712
11  5.187320 -1.262559 -0.001176  0.000012 0.000066 0.194111
12  6.928411 -1.935313 -0.000229  -2.952690 -0.199448 0.196167
13  3.236360 1.079611 0.000058  0.771115 0.361195 0.336356
14  0.833755 3.805347 0.692956  -0.040492 0.554885 1.469865
15  0.000042 6.792205 0.000043  0.007991 0.036071 -0.011407
16  -0.000065 7.744816 0.000016  -0.017442 -0.155305 0.068153
17  0.000072 7.809704 0.000018  -0.033637 0.005026 0.006142
18  -0.000023 7.867679 0.000017  -0.073329 -0.127910 0.026375
19  3.494694 -1.749097 -3.006912  0.152547 2.070419 1.936939
20  0.000118 4.478320 0.000015  -0.194659 0.310431 -0.234996
21  0.000049 4.636117 -0.000026  0.035820 0.324592 -0.151767
22  -0.000042 5.008644 0.000013  0.076000 -0.286564 0.276091
23  0.000065 4.781169 0.000010  0.904404 -2.690903 -0.015801
24  2.253037 1.989053 -3.350106  -1.523631 1.324495 0.112394
25  0.000160 6.589461 0.000173  0.206356 -0.002128 -0.080395
26  0.000044 7.491409 0.000044  -0.333516 0.184455 -0.191163
27  0.000027 7.660310 -0.000058  -0.063173 0.127194 -0.062119
28  0.000008 7.256272 0.000021  -0.052939 -0.487829 0.313813
29  -0.791161 2.265116 -1.234655  -0.753899 1.136376 0.824665
30  -0.000254 8.572261 -0.000091  -0.222844 -0.296789 0.176505
31  -0.000094 8.117214 0.000049  0.072258 0.772520 -0.285587
32  -0.000084 8.230037 -0.000069  -0.080496 -0.347232 0.072252
33  0.000060 7.366724 0.000056  -0.015392 -0.663893 0.062743
34  0.224208 0.240122 -3.218157  -0.877380 1.468889 0.577821
35  -0.000101 7.721054 -0.000306  -0.283829 0.060495 -0.167556
36  -0.000030 7.374858 -0.000003  0.007537 -0.195020 0.049539
37  0.000075 6.848104 0.000008  0.005484 0.006497 -0.033649
38  -0.000050 7.777864 0.000010  -0.186096 0.182474 -0.152846
39  -1.514469 2.104647 -1.150167  -0.029093 0.541320 1.555671
40  -0.000164 6.982352 -0.000078  -0.199699 -0.041214 0.153490
41  0.000037 8.382862 -0.000071  0.044866 0.587987 -0.257958
42  0.000014 8.697701 -0.000023  -0.102637 -0.474319 0.290942
43  0.000058 8.921804 -0.000004  -0.076257 0.581004 -0.195602
44  1.196186 2.899148 -2.353085  -0.449718 1.030105 1.287423
45  0.000100 5.476949 0.000005  0.285574 -0.099353 -0.038446
46  -0.000076 6.060438 -0.000089  -0.155020 -0.575031 0.384609
47  0.000021 5.994261 0.000030  0.033941 0.288574 -0.067730
48  -0.000005 6.100481 0.000001  -0.068406 0.299273 -0.162152
49  0.000038 6.916756 0.000010  -0.096318 0.220533 -0.107966
50  0.000149 6.435059 -0.000044  -0.037456 0.171630 -0.116573
51  1.092793 3.649508 -1.738794  -0.148600 0.876612 1.445020
52  -0.000127 6.792200 -0.000104  0.008284 0.107792 -0.048643
53  -0.000087 7.744774 -0.000028  0.057137 -0.256893 0.015458
54  0.000085 9.115023 -0.000039  -0.020393 0.256253 -0.142636
55  3.494515 -1.749106 3.007065  0.118400 1.106974 1.813803
56  0.000014 4.323833 0.000091  -0.229908 -0.770943 0.449224
57  0.000031 4.872903 -0.000017  0.367245 -0.664052 -0.254033
58  0.000005 5.056656 0.000094  -0.511237 0.856585 -0.546325
59  2.292465 1.708613 3.661676  -1.762560 1.789109 -0.218979
60  -0.000172 6.589442 0.000275  -0.007132 -0.169123 0.176911
61  0.000173 7.491494 -0.000150  -0.132414 -0.107097 0.179327
62  -0.000140 8.249655 0.000145  0.041913 -0.058209 0.015813
63  0.000072 8.605234 -0.000028  0.101585 0.501824 -0.079696
64  -0.240489 2.066067 2.349267  -0.357331 2.461714 1.296076
65  -0.000091 7.721109 -0.000003  -0.208231 -0.126223 -0.116492
66  -0.000121 7.374867 -0.000046  -0.111017 0.046939 -0.046466
67  -0.000035 6.848061 -0.000025  0.273533 0.247522 0.299909
68  0.000036 7.777818 -0.000042  0.072920 0.186148 -0.052689
69  -0.000085 8.178052 0.000010  -0.087031 -0.422849 -0.381357
70  1.617599 3.431407 2.399266  -0.249454 2.569514 1.508568
71  -0.000163 5.476946 -0.000028  0.057729 0.074071 0.060287
72  -0.000092 6.060499 -0.000006  -0.015205 0.015650 -0.152067
73  0.000022 5.994249 0.000011  -0.126210 -0.157657 0.153303
74  -0.000080 7.076872 -0.000047  -0.008118 0.010384 0.036402
75  0.000003 7.089869 -0.000069  0.070875 0.098587 -0.025893
76  0.361111 0.886681 3.287747  -0.576369 1.978708 0.939011
77  -0.000067 6.686643 0.000220  -0.146568 0.414164 -0.327704
78  -0.000011 7.638021 0.000011  -0.079524 -0.025948 0.130953
79  -0.000033 7.290234 -0.000022  0.025325 -0.093908 0.023965
80  -0.000035 6.530364 0.000008  -0.261847 -0.300601 0.006734
81  0.000064 7.224875 0.000009  0.036505 0.032480 -0.175823
82  1.071890 3.225792 1.570116  -0.043805 2.859975 1.526244
83  0.000418 6.748898 -0.000067  -0.062703 0.083783 0.022203
84  -0.000046 8.002645 0.000027  -0.067497 -0.117209 -0.115600
85  0.000011 8.580577 -0.000098  0.088214 -0.007187 0.334606
86  0.000173 8.689833 -0.000041  0.065326 -0.412430 -0.134518
87  -1.514540 2.104634 0.318056  -0.024895 3.094491 1.569491
88  0.000188 6.982286 0.000011  -0.107588 -0.057625 -0.215715
89  -0.000008 8.382870 -0.000067  0.135030 -0.099914 0.287073
90  -0.000058 8.697674 0.000025  -0.148089 -0.510100 0.044839
91  -0.000137 8.921825 0.000079  -0.236827 -0.892635 0.098804
92  3.553614 -3.478050 2.409278  0.000821 0.762046 1.535304
93  0.000001 4.476900 -0.000010  -0.151004 -0.588330 0.377259
94  0.000032 4.514126 -0.000023  -0.228868 -2.996200 0.592367
95  0.000045 4.518381 -0.000022  0.143171 2.612777 0.693383
96  0.000024 3.598328 0.000026  -0.749304 0.869851 -0.773234
97  4.209919 -0.440345 1.018822  -1.979844 -2.228354 0.156495
98  4.265506 1.434232 -0.404990  -1.992021 -0.258194 -0.152137
99  9.400233 0.017940 0.083205  0.063584 -0.067748 -1.206521
100  10.242421 0.033592 0.064479  2.257885 -0.146452 -0.579411
101  3.465855 -0.059680 0.016693  -0.016089 0.105974 0.027193
102  1.655595 -0.000021 0.000024  0.040690 -0.198518 -0.918880
103  0.960765 -0.000002 -0.000004  0.018697 -0.077773 -0.787714
104  3.462027 -0.064249 0.939908  0.316648 -0.070174 0.031378
105  1.497177 -0.000005 0.000022  -0.465018 -0.145862 -0.359626
106  0.793759 0.000000 0.000001  -0.023174 0.043631 -0.730036
107  0.591662 -0.460692 0.835206  -0.998973 -0.654565 -0.477415
108  1.556139 -0.000003 -0.000003  -0.190374 0.081483 0.349980
109  1.135904 0.000018 0.000009  -0.017173 -0.043978 0.207740
110  3.084269 -0.668823 -1.257085  -0.570468 0.154712 -0.762370
111  1.064200 -0.000004 0.000007  -0.077903 0.129860 -1.490429
112  0.640335 0.000006 -0.000008  -0.043309 0.083917 -1.147863
113  3.396821 -0.242142 -0.708689  -0.276950 0.187592 -0.366796
114  1.532968 0.000010 0.000007  0.022486 -0.009571 -1.301199
115  0.832973 -0.000003 -0.000002  0.012109 0.002142 -1.308533
116  4.209941 -0.440340 -1.019281  2.012116 2.163727 0.197095
117  4.266745 1.424948 0.424940  1.784140 0.014099 -0.584085
118  9.398560 0.011950 -0.082512  -0.005520 0.056524 -0.390246
119  10.242437 0.028177 -0.062911  -1.731821 0.043864 0.313494
120  3.465748 -0.067526 0.002269  -0.236670 0.250312 -1.664847
121  1.655557 0.000005 0.000006  -0.165762 0.184653 -1.176152
122  0.960910 0.000010 -0.000000  -0.018933 0.176619 -0.890997
123  3.466853 -0.077777 -0.920907  -0.489685 0.120588 -1.699148
124  1.497259 -0.000029 -0.000023  -0.583149 0.323343 -1.032066
125  0.793788 -0.000011 -0.000002  -0.224980 0.388708 -0.772655
126  0.595080 -0.467150 -0.829175  2.469577 0.673966 -0.723589
127  1.555674 0.000017 -0.000001  0.637663 0.520244 1.171334
128  1.136813 -0.000008 -0.000004  0.578354 0.458559 1.086124
129  3.075974 -0.667965 1.277702  0.602875 0.235142 -1.369503
130  1.064593 0.000020 0.000011  0.026752 -0.117391 -0.831410
131  0.640361 -0.000014 -0.000006  -0.104289 -0.023770 -0.471513
132  3.392411 -0.245367 0.728378  0.126349 0.325418 -1.762065
133  1.532737 -0.000010 0.000000  0.007389 0.016566 -0.812473
134  0.833152 0.000007 0.000005  -0.082769 -0.069998 -1.040853
135  3.590112 -3.090295 1.193972  1.635457 1.210566 1.548541
136  3.589561 -3.089882 -1.196373  -1.505736 1.210473 -1.592853
137  -0.436557 4.719025 -0.001076  -0.000946 -1.570733 1.692572
138  0.000000 2.775457 -0.000237  -0.135089 0.000001 0.000000
139  0.000001 3.189769 0.000008  0.207820 -0.000000 0.000000
140  -0.000001 3.504649 0.000045  -0.261876 0.000000 -0.000000
141  -0.000001 2.863195 -0.000004  -0.051268 0.000000 -0.000000
end
