version 1
nodes
0 "ValveBiped.Bip01" -1
1 "ValveBiped.Bip01_Pelvis" 0
2 "ValveBiped.Bip01_L_Thigh" 1
3 "ValveBiped.Bip01_L_Calf" 2
4 "ValveBiped.Bip01_L_Foot" 3
5 "ValveBiped.Bip01_R_Thigh" 1
6 "ValveBiped.Bip01_R_Calf" 5
7 "ValveBiped.Bip01_R_Foot" 6
8 "ValveBiped.Bip01_Spine" 1
9 "ValveBiped.Bip01_Spine1" 8
10 "ValveBiped.Bip01_Spine2" 9
11 "ValveBiped.Bip01_Spine4" 10
12 "ValveBiped.Bip01_Neck1" 11
13 "ValveBiped.Bip01_Head1" 12
14 "HBN_CK01" 13
15 "HBN_CK02" 14
16 "HBN_CK03" 15
17 "HBN_CK04" 16
18 "HBN_CK05" 17
19 "HBn_LF01" 13
20 "HBn_LF02" 19
21 "HBn_LF03" 20
22 "HBn_LF04" 21
23 "HBn_LF05" 22
24 "HBN_LMA01" 13
25 "HBN_LMA02" 24
26 "HBN_LMA03" 25
27 "HBN_LMA04" 26
28 "HBN_LMA05" 27
29 "HBN_LMB01" 13
30 "HBN_LMB02" 29
31 "HBN_LMB03" 30
32 "HBN_LMB04" 31
33 "HBN_LMB05" 32
34 "HBN_LMC01" 13
35 "HBN_LMC02" 34
36 "HBN_LMC03" 35
37 "HBN_LMC04" 36
38 "HBN_LMC05" 37
39 "HBN_LMD01" 13
40 "HBN_LMD02" 39
41 "HBN_LMD03" 40
42 "HBN_LMD04" 41
43 "HBN_LMD05" 42
44 "HBN_LME01" 13
45 "HBN_LME02" 44
46 "HBN_LME03" 45
47 "HBN_LME04" 46
48 "HBN_LME05" 47
49 "HBN_LME06" 48
50 "HBN_LME07" 49
51 "HBN_LMF01" 13
52 "HBN_LMF02" 51
53 "HBN_LMF03" 52
54 "HBN_LMF04" 53
55 "HBn_RF01" 13
56 "HBn_RF02" 55
57 "HBn_RF03" 56
58 "HBn_RF04" 57
59 "HBN_RMA01" 13
60 "HBN_RMA02" 59
61 "HBN_RMA03" 60
62 "HBN_RMA04" 61
63 "HBN_RMA05" 62
64 "HBN_RMB01" 13
65 "HBN_RMB02" 64
66 "HBN_RMB03" 65
67 "HBN_RMB04" 66
68 "HBN_RMB05" 67
69 "HBN_RMB06" 68
70 "HBN_RMC01" 13
71 "HBN_RMC02" 70
72 "HBN_RMC03" 71
73 "HBN_RMC04" 72
74 "HBN_RMC05" 73
75 "HBN_RMC06" 74
76 "HBN_RMD01" 13
77 "HBN_RMD02" 76
78 "HBN_RMD03" 77
79 "HBN_RMD04" 78
80 "HBN_RMD05" 79
81 "HBN_RMD06" 80
82 "HBN_RME01" 13
83 "HBN_RME02" 82
84 "HBN_RME03" 83
85 "HBN_RME04" 84
86 "HBN_RME05" 85
87 "HBN_RMF01" 13
88 "HBN_RMF02" 87
89 "HBN_RMF03" 88
90 "HBN_RMF04" 89
91 "HBN_RMF05" 90
92 "HBn_RFF01" 13
93 "HBn_RFF02" 92
94 "HBn_RFF03" 93
95 "HBn_RFF04" 94
96 "HBn_RFF05" 95
97 "ValveBiped.Bip01_L_Clavicle" 11
98 "ValveBiped.Bip01_L_UpperArm" 97
99 "ValveBiped.Bip01_L_Forearm" 98
100 "ValveBiped.Bip01_L_Hand" 99
101 "ValveBiped.Bip01_L_Finger2" 100
102 "ValveBiped.Bip01_L_Finger21" 101
103 "ValveBiped.Bip01_L_Finger22" 102
104 "ValveBiped.Bip01_L_Finger1" 100
105 "ValveBiped.Bip01_L_Finger11" 104
106 "ValveBiped.Bip01_L_Finger12" 105
107 "ValveBiped.Bip01_L_Finger0" 100
108 "ValveBiped.Bip01_L_Finger01" 107
109 "ValveBiped.Bip01_L_Finger02" 108
110 "ValveBiped.Bip01_L_Finger4" 100
111 "ValveBiped.Bip01_L_Finger41" 110
112 "ValveBiped.Bip01_L_Finger42" 111
113 "ValveBiped.Bip01_L_Finger3" 100
114 "ValveBiped.Bip01_L_Finger31" 113
115 "ValveBiped.Bip01_L_Finger32" 114
116 "ValveBiped.Bip01_R_Clavicle" 11
117 "ValveBiped.Bip01_R_UpperArm" 116
118 "ValveBiped.Bip01_R_Forearm" 117
119 "ValveBiped.Bip01_R_Hand" 118
120 "ValveBiped.Bip01_R_Finger2" 119
121 "ValveBiped.Bip01_R_Finger21" 120
122 "ValveBiped.Bip01_R_Finger22" 121
123 "ValveBiped.Bip01_R_Finger1" 119
124 "ValveBiped.Bip01_R_Finger11" 123
125 "ValveBiped.Bip01_R_Finger12" 124
126 "ValveBiped.Bip01_R_Finger0" 119
127 "ValveBiped.Bip01_R_Finger01" 126
128 "ValveBiped.Bip01_R_Finger02" 127
129 "ValveBiped.Bip01_R_Finger4" 119
130 "ValveBiped.Bip01_R_Finger41" 129
131 "ValveBiped.Bip01_R_Finger42" 130
132 "ValveBiped.Bip01_R_Finger3" 119
133 "ValveBiped.Bip01_R_Finger31" 132
134 "ValveBiped.Bip01_R_Finger32" 133
135 "lPectoral" 10
136 "rPectoral" 10
137 "Front Cloth" 10
138 "Front Cloth.001" 137
139 "Front Cloth.002" 138
140 "Front Cloth.003" 139
141 "Front Cloth.004" 140
end
skeleton
time 0
0 2.099998 -0.002949 37.285965 1.570862 0.000000 -0.000000
1  0.002636 43.025146 0.734438  0.455162 -1.256407 -0.585007
2  3.061858 -4.181013 -0.610804  -1.223871 -0.841275 -1.706182
3  18.476770 0.000156 -0.000001  -0.006177 -0.071685 0.923146
4  17.490088 0.000116 0.000004  -0.439494 -0.437161 -0.707942
5  -3.065330 -4.183573 -0.611480  -1.393729 -0.090771 -1.379270
6  18.474854 -0.000035 -0.000008  0.004522 0.068428 0.879444
7  17.489586 0.001915 -0.000007  -0.360562 -0.475320 -1.615706
8  -0.000118 -0.048878 -0.576226  1.315964 0.131655 1.452971
9  3.224482 0.767048 0.000495  0.133864 -0.121824 0.276936
10  3.223908 0.226399 -0.001942  0.147144 -0.064871 0.431477
11  5.187318 -1.262562 -0.001175  0.000012 0.000066 0.194111
12  6.928407 -1.935309 -0.000228  -3.031258 -0.034991 0.171755
13  3.236364 1.079612 0.000059  0.675820 0.078634 0.375621
14  0.833757 3.805352 0.692954  -0.040490 0.554884 1.469874
15  0.000036 6.792214 0.000040  0.007990 0.036070 -0.011408
16  -0.000066 7.744814 0.000017  -0.017440 -0.155305 0.068152
17  0.000072 7.809698 0.000017  -0.033637 0.005026 0.006141
18  -0.000021 7.867671 0.000016  -0.073329 -0.127910 0.026376
19  3.494702 -1.749092 -3.006914  0.152547 2.070419 1.936947
20  0.000121 4.478318 0.000017  -0.194658 0.310432 -0.234995
21  0.000048 4.636114 -0.000031  0.035820 0.324593 -0.151767
22  -0.000042 5.008647 0.000010  0.076000 -0.286565 0.276090
23  0.000064 4.781167 0.000008  0.904400 -2.690903 -0.015798
24  2.253041 1.989061 -3.350108  -1.523628 1.324498 0.112404
25  0.000165 6.589467 0.000169  0.206354 -0.002129 -0.080395
26  0.000045 7.491410 0.000045  -0.333514 0.184454 -0.191169
27  0.000024 7.660308 -0.000057  -0.063174 0.127194 -0.062116
28  0.000006 7.256268 0.000024  -0.052940 -0.487829 0.313814
29  -0.791161 2.265121 -1.234658  -0.753898 1.136377 0.824675
30  -0.000256 8.572260 -0.000088  -0.222844 -0.296789 0.176502
31  -0.000096 8.117214 0.000047  0.072256 0.772521 -0.285589
32  -0.000081 8.230034 -0.000072  -0.080492 -0.347232 0.072255
33  0.000062 7.366720 0.000058  -0.015393 -0.663893 0.062740
34  0.224210 0.240125 -3.218159  -0.877373 1.468889 0.577834
35  -0.000099 7.721054 -0.000311  -0.283830 0.060496 -0.167555
36  -0.000032 7.374847 -0.000002  0.007538 -0.195021 0.049539
37  0.000076 6.848100 0.000005  0.005483 0.006497 -0.033649
38  -0.000050 7.777858 0.000009  -0.186096 0.182474 -0.152847
39  -1.514466 2.104651 -1.150169  -0.029093 0.541319 1.555678
40  -0.000166 6.982343 -0.000075  -0.199698 -0.041212 0.153489
41  0.000039 8.382859 -0.000073  0.044865 0.587986 -0.257961
42  0.000016 8.697697 -0.000026  -0.102637 -0.474318 0.290944
43  0.000056 8.921808 -0.000004  -0.076259 0.581005 -0.195605
44  1.196192 2.899154 -2.353088  -0.449718 1.030104 1.287429
45  0.000110 5.476945 0.000006  0.285574 -0.099353 -0.038446
46  -0.000071 6.060438 -0.000092  -0.155020 -0.575032 0.384609
47  0.000017 5.994266 0.000027  0.033940 0.288574 -0.067730
48  -0.000005 6.100486 0.000001  -0.068405 0.299274 -0.162153
49  0.000034 6.916762 0.000010  -0.096319 0.220533 -0.107967
50  0.000152 6.435059 -0.000043  -0.037458 0.171631 -0.116571
51  1.092792 3.649512 -1.738796  -0.148600 0.876612 1.445020
52  -0.000129 6.792197 -0.000099  0.008284 0.107792 -0.048643
53  -0.000087 7.744784 -0.000032  0.057137 -0.256893 0.015458
54  0.000087 9.115022 -0.000035  -0.020393 0.256253 -0.142636
55  3.494511 -1.749105 3.007063  0.118400 1.106974 1.813809
56  0.000015 4.323832 0.000087  -0.229908 -0.770943 0.449225
57  0.000029 4.872899 -0.000020  0.367242 -0.664052 -0.254032
58  0.000001 5.056652 0.000092  -0.511237 0.856585 -0.546326
59  2.292466 1.708617 3.661673  -1.762560 1.789111 -0.218974
60  -0.000173 6.589442 0.000279  -0.007132 -0.169123 0.176909
61  0.000172 7.491502 -0.000149  -0.132413 -0.107097 0.179329
62  -0.000141 8.249654 0.000140  0.041911 -0.058209 0.015813
63  0.000072 8.605239 -0.000030  0.101584 0.501824 -0.079699
64  -0.240490 2.066074 2.349265  -0.357330 2.461713 1.296082
65  -0.000089 7.721100 -0.000001  -0.208231 -0.126224 -0.116496
66  -0.000124 7.374866 -0.000046  -0.111017 0.046939 -0.046460
67  -0.000038 6.848059 -0.000026  0.273533 0.247522 0.299906
68  0.000032 7.777823 -0.000043  0.072920 0.186148 -0.052690
69  -0.000081 8.178055 0.000011  -0.087030 -0.422850 -0.381358
70  1.617602 3.431408 2.399263  -0.249454 2.569514 1.508572
71  -0.000161 5.476946 -0.000031  0.057728 0.074072 0.060285
72  -0.000089 6.060493 -0.000007  -0.015203 0.015650 -0.152065
73  0.000024 5.994253 0.000011  -0.126211 -0.157657 0.153301
74  -0.000080 7.076870 -0.000047  -0.008119 0.010385 0.036400
75  0.000009 7.089872 -0.000070  0.070875 0.098587 -0.025893
76  0.361110 0.886683 3.287744  -0.576377 1.978710 0.939007
77  -0.000066 6.686644 0.000221  -0.146569 0.414163 -0.327709
78  -0.000010 7.638013 0.000012  -0.079523 -0.025947 0.130955
79  -0.000032 7.290231 -0.000023  0.025323 -0.093908 0.023961
80  -0.000032 6.530366 0.000005  -0.261845 -0.300601 0.006736
81  0.000063 7.224881 0.000010  0.036505 0.032480 -0.175821
82  1.071894 3.225799 1.570113  -0.043808 2.859974 1.526249
83  0.000416 6.748896 -0.000064  -0.062699 0.083783 0.022202
84  -0.000052 8.002644 0.000027  -0.067496 -0.117209 -0.115599
85  0.000010 8.580573 -0.000098  0.088211 -0.007187 0.334603
86  0.000171 8.689835 -0.000042  0.065327 -0.412430 -0.134515
87  -1.514537 2.104638 0.318054  -0.024896 3.094490 1.569497
88  0.000193 6.982280 0.000013  -0.107588 -0.057625 -0.215716
89  -0.000009 8.382874 -0.000068  0.135029 -0.099914 0.287073
90  -0.000062 8.697669 0.000023  -0.148088 -0.510100 0.044836
91  -0.000134 8.921828 0.000080  -0.236826 -0.892635 0.098806
92  3.553612 -3.478044 2.409276  0.000822 0.762045 1.535311
93  0.000001 4.476898 -0.000010  -0.151006 -0.588330 0.377259
94  0.000032 4.514119 -0.000024  -0.228867 -2.996201 0.592368
95  0.000043 4.518381 -0.000023  0.143170 2.612778 0.693385
96  0.000021 3.598326 0.000023  -0.749300 0.869853 -0.773231
97  4.209919 -0.440342 1.018824  -2.109471 -2.150020 0.291996
98  4.265506 1.434232 -0.404995  -1.751110 -0.285562 -0.067712
99  9.400235 0.017941 0.083202  0.077030 -0.063622 -1.392538
100  10.242422 0.033594 0.064485  2.677151 -0.420027 -0.225603
101  3.465856 -0.059683 0.016692  -0.028887 -0.028008 -0.328171
102  1.655593 -0.000020 0.000026  -0.020275 -0.124776 -0.521010
103  0.960772 -0.000000 -0.000006  0.000460 0.000154 -0.231870
104  3.462028 -0.064250 0.939907  0.328601 -0.026096 -0.156121
105  1.497177 -0.000011 0.000024  -0.491598 -0.041073 -0.094107
106  0.793760 0.000001 -0.000001  0.002302 -0.007905 -0.134358
107  0.591662 -0.460697 0.835204  -1.141796 -0.776744 -0.450516
108  1.556139 0.000005 0.000003  -0.180562 0.115033 0.422940
109  1.135904 0.000012 0.000003  0.006813 0.027617 0.407964
110  3.084270 -0.668825 -1.257086  -0.668369 0.005091 -0.544272
111  1.064203 -0.000008 0.000005  -0.012067 0.097461 -0.779427
112  0.640333 0.000000 -0.000006  -0.006264 -0.005055 -0.469670
113  3.396823 -0.242138 -0.708693  -0.378987 0.036608 -0.383152
114  1.532965 0.000008 0.000006  0.010386 -0.009005 -0.708151
115  0.832977 -0.000008 -0.000005  0.001510 -0.010822 -0.592717
116  4.209942 -0.440341 -1.019280  -0.749036 0.675054 -2.703483
117  4.266745 1.424946 0.424937  1.477923 -0.218213 -0.549983
118  9.398568 0.011949 -0.082518  -0.023718 0.066344 -0.657618
119  10.242442 0.028175 -0.062905  -1.615377 0.023408 -0.060271
120  3.465752 -0.067523 0.002268  -0.178488 0.226792 -1.631456
121  1.655559 0.000006 0.000006  -0.123156 0.212554 -1.204976
122  0.960906 0.000007 0.000000  -0.050829 0.145318 -0.983253
123  3.466858 -0.077776 -0.920909  -0.421867 0.095164 -1.603295
124  1.497258 -0.000037 -0.000023  -0.621759 0.348778 -1.113828
125  0.793788 -0.000004 0.000003  -0.393027 0.524605 -1.028538
126  0.595085 -0.467150 -0.829176  2.360845 0.654098 -0.566848
127  1.555676 0.000017 -0.000005  0.489695 0.402490 0.906484
128  1.136821 -0.000008 0.000001  0.397581 0.384583 0.874845
129  3.075978 -0.667964 1.277701  0.578525 0.320832 -1.268601
130  1.064597 0.000020 0.000012  0.053348 -0.130902 -1.232098
131  0.640359 -0.000015 -0.000003  -0.037801 -0.047056 -0.900793
132  3.392419 -0.245366 0.728376  0.155477 0.337212 -1.621797
133  1.532737 -0.000007 -0.000001  -0.011109 0.019879 -1.189429
134  0.833151 0.000003 0.000006  -0.046547 -0.021562 -1.211537
135  3.590111 -3.090297 1.193973  1.635457 1.210566 1.548541
136  3.589558 -3.089883 -1.196373  -1.505736 1.210473 -1.592853
137  -0.436556 4.719023 -0.001076  0.000000 -1.570733 1.693510
138  -0.000001 2.775453 -0.000239  -0.135089 0.000001 -0.000000
139  -0.000000 3.189773 0.000010  0.207820 -0.000000 0.000000
140  0.000001 3.504650 0.000042  -0.261876 0.000000 0.000000
141  0.000000 2.863202 -0.000000  -0.051268 0.000000 0.000000
time 1
0 9.902719 -0.000334 37.046154 1.570862 0.000000 -0.000000
1  0.002636 43.025146 0.734438  0.495567 -1.205581 -0.636598
2  3.061857 -4.181008 -0.610804  -1.295196 -0.748045 -1.568380
3  18.476774 0.000155 -0.000001  -0.010027 -0.078476 1.018828
4  17.490084 0.000116 0.000003  -0.464397 -0.371391 -0.650943
5  -3.065330 -4.183571 -0.611480  -1.368165 -0.217220 -1.369110
6  18.474859 -0.000034 -0.000007  0.007634 0.074580 0.963768
7  17.489586 0.001915 -0.000007  -0.352314 -0.479153 -1.583069
8  -0.000118 -0.048879 -0.576226  1.297485 0.159725 1.437645
9  3.224483 0.767047 0.000497  0.124271 -0.107152 0.298851
10  3.223911 0.226399 -0.001945  0.153431 -0.009393 0.476366
11  5.187328 -1.262562 -0.001177  0.000012 0.000066 0.194111
12  6.928410 -1.935308 -0.000228  -3.048751 -0.021286 0.182241
13  3.236372 1.079621 0.000055  0.707385 0.118890 0.405348
14  0.833759 3.805344 0.692955  -0.040490 0.554884 1.469874
15  0.000038 6.792213 0.000038  0.007990 0.036070 -0.011408
16  -0.000067 7.744819 0.000016  -0.017440 -0.155305 0.068152
17  0.000070 7.809710 0.000018  -0.033637 0.005026 0.006141
18  -0.000027 7.867679 0.000018  -0.073329 -0.127910 0.026376
19  3.494701 -1.749095 -3.006912  0.152547 2.070419 1.936947
20  0.000119 4.478323 0.000017  -0.194658 0.310432 -0.234995
21  0.000047 4.636123 -0.000030  0.035820 0.324593 -0.151767
22  -0.000042 5.008654 0.000013  0.075999 -0.286565 0.276090
23  0.000064 4.781161 0.000011  0.904400 -2.690903 -0.015798
24  2.253040 1.989055 -3.350107  -1.523628 1.324498 0.112403
25  0.000165 6.589461 0.000170  0.206354 -0.002129 -0.080395
26  0.000042 7.491416 0.000040  -0.333514 0.184454 -0.191169
27  0.000027 7.660309 -0.000059  -0.063174 0.127194 -0.062116
28  0.000006 7.256271 0.000016  -0.052940 -0.487829 0.313814
29  -0.791160 2.265111 -1.234655  -0.753898 1.136377 0.824675
30  -0.000255 8.572261 -0.000091  -0.222844 -0.296789 0.176502
31  -0.000093 8.117217 0.000049  0.072256 0.772521 -0.285589
32  -0.000083 8.230031 -0.000068  -0.080491 -0.347232 0.072255
33  0.000060 7.366723 0.000056  -0.015393 -0.663893 0.062740
34  0.224217 0.240121 -3.218158  -0.877374 1.468889 0.577835
35  -0.000102 7.721056 -0.000307  -0.283830 0.060496 -0.167555
36  -0.000028 7.374853 -0.000004  0.007538 -0.195021 0.049539
37  0.000076 6.848099 0.000008  0.005483 0.006497 -0.033649
38  -0.000050 7.777862 0.000011  -0.186096 0.182474 -0.152847
39  -1.514466 2.104643 -1.150167  -0.029093 0.541319 1.555678
40  -0.000168 6.982352 -0.000076  -0.199698 -0.041212 0.153489
41  0.000042 8.382858 -0.000073  0.044865 0.587986 -0.257961
42  0.000014 8.697700 -0.000025  -0.102637 -0.474318 0.290944
43  0.000055 8.921803 -0.000003  -0.076259 0.581005 -0.195605
44  1.196193 2.899151 -2.353086  -0.449718 1.030104 1.287429
45  0.000104 5.476947 0.000007  0.285574 -0.099353 -0.038446
46  -0.000075 6.060435 -0.000090  -0.155020 -0.575032 0.384609
47  0.000017 5.994263 0.000029  0.033940 0.288574 -0.067730
48  -0.000010 6.100483 -0.000000  -0.068405 0.299274 -0.162153
49  0.000036 6.916763 0.000008  -0.096319 0.220533 -0.107967
50  0.000152 6.435056 -0.000042  -0.037458 0.171631 -0.116571
51  1.092791 3.649505 -1.738794  -0.148600 0.876612 1.445020
52  -0.000131 6.792203 -0.000103  0.008284 0.107792 -0.048643
53  -0.000089 7.744774 -0.000030  0.057137 -0.256893 0.015458
54  0.000086 9.115025 -0.000038  -0.020393 0.256253 -0.142636
55  3.494518 -1.749104 3.007063  0.118400 1.106974 1.813809
56  0.000014 4.323833 0.000084  -0.229908 -0.770943 0.449225
57  0.000030 4.872898 -0.000020  0.367242 -0.664052 -0.254032
58  0.000003 5.056653 0.000094  -0.511237 0.856586 -0.546325
59  2.292465 1.708609 3.661675  -1.762560 1.789111 -0.218974
60  -0.000173 6.589442 0.000269  -0.007132 -0.169123 0.176909
61  0.000173 7.491495 -0.000156  -0.132413 -0.107097 0.179329
62  -0.000139 8.249660 0.000149  0.041910 -0.058209 0.015813
63  0.000071 8.605229 -0.000031  0.101584 0.501824 -0.079699
64  -0.240487 2.066068 2.349267  -0.357330 2.461713 1.296082
65  -0.000085 7.721105 -0.000001  -0.208231 -0.126224 -0.116496
66  -0.000121 7.374866 -0.000048  -0.111017 0.046939 -0.046460
67  -0.000036 6.848060 -0.000026  0.273533 0.247522 0.299906
68  0.000036 7.777821 -0.000044  0.072920 0.186148 -0.052690
69  -0.000088 8.178049 0.000011  -0.087030 -0.422850 -0.381358
70  1.617601 3.431404 2.399266  -0.249454 2.569514 1.508572
71  -0.000158 5.476949 -0.000031  0.057728 0.074072 0.060285
72  -0.000092 6.060489 -0.000004  -0.015203 0.015650 -0.152064
73  0.000028 5.994257 0.000011  -0.126211 -0.157657 0.153301
74  -0.000079 7.076874 -0.000047  -0.008119 0.010385 0.036400
75  0.000005 7.089867 -0.000069  0.070875 0.098587 -0.025893
76  0.361113 0.886679 3.287746  -0.576377 1.978710 0.939007
77  -0.000067 6.686645 0.000224  -0.146569 0.414163 -0.327709
78  -0.000010 7.638017 0.000011  -0.079523 -0.025947 0.130955
79  -0.000032 7.290237 -0.000023  0.025323 -0.093908 0.023961
80  -0.000032 6.530372 0.000001  -0.261845 -0.300601 0.006736
81  0.000066 7.224879 0.000009  0.036505 0.032481 -0.175821
82  1.071895 3.225789 1.570116  -0.043808 2.859974 1.526249
83  0.000416 6.748904 -0.000065  -0.062699 0.083783 0.022202
84  -0.000045 8.002638 0.000026  -0.067496 -0.117208 -0.115599
85  0.000012 8.580570 -0.000097  0.088211 -0.007187 0.334603
86  0.000173 8.689831 -0.000041  0.065327 -0.412430 -0.134515
87  -1.514535 2.104633 0.318055  -0.024896 3.094490 1.569497
88  0.000195 6.982285 0.000011  -0.107588 -0.057625 -0.215716
89  -0.000007 8.382868 -0.000067  0.135029 -0.099914 0.287073
90  -0.000064 8.697672 0.000024  -0.148088 -0.510100 0.044836
91  -0.000138 8.921823 0.000080  -0.236826 -0.892635 0.098806
92  3.553614 -3.478050 2.409277  0.000821 0.762045 1.535312
93  -0.000004 4.476902 -0.000006  -0.151006 -0.588330 0.377259
94  0.000030 4.514123 -0.000023  -0.228867 -2.996201 0.592369
95  0.000043 4.518375 -0.000024  0.143170 2.612778 0.693385
96  0.000022 3.598330 0.000022  -0.749300 0.869853 -0.773231
97  4.209923 -0.440345 1.018822  -2.145698 -2.133598 0.329858
98  4.265505 1.434224 -0.404992  -1.726111 -0.286610 -0.156433
99  9.400234 0.017940 0.083202  0.078727 -0.062899 -1.416900
100  10.242422 0.033588 0.064480  2.709764 -0.412086 -0.232449
101  3.465857 -0.059685 0.016694  -0.028887 -0.028008 -0.328171
102  1.655596 -0.000029 0.000024  -0.020275 -0.124777 -0.521010
103  0.960769 -0.000006 -0.000005  0.000460 0.000154 -0.231869
104  3.462029 -0.064254 0.939909  0.328601 -0.026096 -0.156121
105  1.497180 -0.000009 0.000021  -0.491598 -0.041073 -0.094107
106  0.793761 -0.000004 -0.000003  0.002302 -0.007905 -0.134358
107  0.591664 -0.460698 0.835207  -1.141796 -0.776744 -0.450516
108  1.556140 0.000000 -0.000002  -0.180562 0.115033 0.422940
109  1.135903 0.000017 0.000004  0.006813 0.027617 0.407964
110  3.084271 -0.668828 -1.257084  -0.668369 0.005091 -0.544272
111  1.064200 0.000000 0.000004  -0.012067 0.097461 -0.779427
112  0.640338 0.000003 -0.000008  -0.006264 -0.005055 -0.469670
113  3.396823 -0.242147 -0.708688  -0.378987 0.036609 -0.383152
114  1.532971 0.000009 0.000004  0.010386 -0.009005 -0.708152
115  0.832974 -0.000002 -0.000001  0.001508 -0.010822 -0.592717
116  4.209940 -0.440337 -1.019279  -0.748974 0.674881 -2.703246
117  4.266748 1.424936 0.424938  1.466487 -0.139183 -0.529713
118  9.398571 0.011951 -0.082516  -0.021044 0.065277 -0.620503
119  10.242438 0.028176 -0.062908  -1.615504 0.027699 -0.074760
120  3.465754 -0.067529 0.002268  -0.178488 0.226792 -1.631456
121  1.655554 0.000005 0.000006  -0.123156 0.212554 -1.204976
122  0.960909 0.000000 0.000001  -0.050829 0.145318 -0.983253
123  3.466857 -0.077783 -0.920909  -0.421867 0.095164 -1.603295
124  1.497257 -0.000035 -0.000023  -0.621759 0.348778 -1.113828
125  0.793789 -0.000005 0.000002  -0.393028 0.524605 -1.028538
126  0.595081 -0.467151 -0.829176  2.360845 0.654098 -0.566848
127  1.555674 0.000015 -0.000003  0.489695 0.402490 0.906484
128  1.136817 -0.000008 -0.000002  0.397581 0.384583 0.874845
129  3.075975 -0.667968 1.277701  0.578525 0.320832 -1.268601
130  1.064594 0.000020 0.000010  0.053348 -0.130902 -1.232098
131  0.640362 -0.000008 -0.000004  -0.037801 -0.047056 -0.900793
132  3.392414 -0.245370 0.728376  0.155477 0.337212 -1.621797
133  1.532733 -0.000012 -0.000001  -0.011109 0.019879 -1.189429
134  0.833153 0.000001 0.000005  -0.046547 -0.021562 -1.211537
135  3.590114 -3.090297 1.193972  1.635457 1.210566 1.548541
136  3.589564 -3.089882 -1.196373  -1.505736 1.210473 -1.592853
137  -0.436556 4.719024 -0.001076  -0.000236 -1.570733 1.693290
138  -0.000001 2.775456 -0.000237  -0.135089 0.000001 -0.000000
139  -0.000001 3.189762 0.000009  0.207820 -0.000000 0.000000
140  0.000001 3.504653 0.000048  -0.261876 0.000000 -0.000000
141  0.000000 2.863196 -0.000004  -0.051268 -0.000000 0.000000
time 2
0 17.661924 -0.009679 36.912926 1.570862 0.000000 -0.000000
1  0.002636 43.025146 0.734438  0.514846 -1.155789 -0.668338
2  3.061858 -4.181015 -0.610804  -1.347229 -0.651700 -1.451226
3  18.476774 0.000161 -0.000001  -0.015337 -0.085852 1.129986
4  17.490086 0.000117 0.000004  -0.466495 -0.301958 -0.592960
5  -3.065330 -4.183577 -0.611479  -1.340150 -0.322640 -1.369658
6  18.474852 -0.000032 -0.000008  0.009158 0.077185 1.000658
7  17.489582 0.001916 -0.000006  -0.346054 -0.485420 -1.513478
8  -0.000116 -0.048883 -0.576226  1.279459 0.187385 1.421209
9  3.224483 0.767047 0.000495  0.112173 -0.092320 0.320184
10  3.223912 0.226399 -0.001942  0.159699 0.041770 0.520594
11  5.187325 -1.262558 -0.001176  0.000012 0.000066 0.194111
12  6.928408 -1.935311 -0.000227  -3.064325 -0.008704 0.192088
13  3.236367 1.079609 0.000058  0.737189 0.155881 0.431071
14  0.833759 3.805349 0.692954  -0.040490 0.554884 1.469874
15  0.000038 6.792210 0.000038  0.007990 0.036070 -0.011408
16  -0.000074 7.744823 0.000014  -0.017441 -0.155305 0.068152
17  0.000074 7.809702 0.000017  -0.033636 0.005026 0.006141
18  -0.000025 7.867667 0.000020  -0.073329 -0.127910 0.026376
19  3.494698 -1.749096 -3.006914  0.152547 2.070418 1.936946
20  0.000119 4.478316 0.000017  -0.194658 0.310432 -0.234995
21  0.000048 4.636118 -0.000030  0.035820 0.324593 -0.151767
22  -0.000042 5.008648 0.000014  0.075999 -0.286565 0.276090
23  0.000064 4.781167 0.000008  0.904400 -2.690903 -0.015798
24  2.253041 1.989059 -3.350108  -1.523628 1.324498 0.112403
25  0.000165 6.589459 0.000170  0.206354 -0.002129 -0.080395
26  0.000041 7.491415 0.000037  -0.333514 0.184454 -0.191169
27  0.000026 7.660298 -0.000053  -0.063174 0.127194 -0.062116
28  0.000007 7.256271 0.000018  -0.052940 -0.487829 0.313814
29  -0.791160 2.265117 -1.234657  -0.753898 1.136377 0.824675
30  -0.000256 8.572262 -0.000093  -0.222844 -0.296789 0.176502
31  -0.000096 8.117217 0.000049  0.072256 0.772521 -0.285589
32  -0.000084 8.230034 -0.000074  -0.080491 -0.347232 0.072256
33  0.000060 7.366718 0.000057  -0.015393 -0.663893 0.062740
34  0.224218 0.240124 -3.218159  -0.877373 1.468889 0.577834
35  -0.000099 7.721056 -0.000310  -0.283830 0.060496 -0.167555
36  -0.000030 7.374850 -0.000002  0.007538 -0.195021 0.049539
37  0.000079 6.848099 0.000007  0.005483 0.006497 -0.033649
38  -0.000050 7.777863 0.000010  -0.186096 0.182474 -0.152847
39  -1.514466 2.104649 -1.150169  -0.029093 0.541319 1.555678
40  -0.000167 6.982342 -0.000076  -0.199698 -0.041212 0.153489
41  0.000037 8.382862 -0.000072  0.044865 0.587986 -0.257961
42  0.000012 8.697698 -0.000027  -0.102637 -0.474318 0.290944
43  0.000056 8.921810 -0.000003  -0.076259 0.581005 -0.195605
44  1.196194 2.899155 -2.353087  -0.449718 1.030104 1.287429
45  0.000106 5.476943 0.000005  0.285574 -0.099353 -0.038446
46  -0.000073 6.060438 -0.000090  -0.155020 -0.575032 0.384609
47  0.000019 5.994257 0.000030  0.033940 0.288574 -0.067730
48  -0.000007 6.100490 0.000000  -0.068405 0.299274 -0.162153
49  0.000035 6.916753 0.000014  -0.096319 0.220533 -0.107967
50  0.000146 6.435061 -0.000045  -0.037458 0.171631 -0.116571
51  1.092796 3.649513 -1.738795  -0.148600 0.876612 1.445020
52  -0.000126 6.792195 -0.000103  0.008284 0.107792 -0.048643
53  -0.000088 7.744779 -0.000032  0.057137 -0.256893 0.015458
54  0.000087 9.115028 -0.000037  -0.020393 0.256253 -0.142636
55  3.494518 -1.749105 3.007062  0.118400 1.106974 1.813810
56  0.000014 4.323830 0.000085  -0.229908 -0.770942 0.449225
57  0.000029 4.872897 -0.000021  0.367242 -0.664052 -0.254032
58  0.000003 5.056646 0.000093  -0.511237 0.856586 -0.546325
59  2.292470 1.708617 3.661673  -1.762560 1.789111 -0.218974
60  -0.000172 6.589436 0.000277  -0.007132 -0.169123 0.176909
61  0.000174 7.491501 -0.000157  -0.132413 -0.107097 0.179329
62  -0.000140 8.249660 0.000145  0.041910 -0.058209 0.015813
63  0.000071 8.605233 -0.000031  0.101584 0.501824 -0.079699
64  -0.240486 2.066072 2.349266  -0.357330 2.461713 1.296082
65  -0.000086 7.721105 -0.000003  -0.208231 -0.126224 -0.116496
66  -0.000122 7.374868 -0.000046  -0.111017 0.046939 -0.046460
67  -0.000035 6.848063 -0.000025  0.273533 0.247522 0.299906
68  0.000037 7.777824 -0.000044  0.072920 0.186148 -0.052690
69  -0.000084 8.178054 0.000010  -0.087030 -0.422850 -0.381358
70  1.617603 3.431411 2.399264  -0.249454 2.569514 1.508572
71  -0.000158 5.476945 -0.000030  0.057728 0.074072 0.060285
72  -0.000087 6.060498 -0.000006  -0.015203 0.015650 -0.152064
73  0.000026 5.994250 0.000011  -0.126211 -0.157657 0.153301
74  -0.000080 7.076873 -0.000047  -0.008119 0.010385 0.036400
75  0.000005 7.089865 -0.000070  0.070875 0.098587 -0.025893
76  0.361109 0.886678 3.287744  -0.576377 1.978710 0.939007
77  -0.000068 6.686641 0.000223  -0.146569 0.414163 -0.327709
78  -0.000010 7.638022 0.000011  -0.079523 -0.025947 0.130955
79  -0.000032 7.290228 -0.000021  0.025323 -0.093908 0.023961
80  -0.000035 6.530366 0.000004  -0.261845 -0.300601 0.006736
81  0.000063 7.224876 0.000009  0.036505 0.032481 -0.175821
82  1.071898 3.225795 1.570113  -0.043808 2.859974 1.526248
83  0.000419 6.748902 -0.000067  -0.062699 0.083783 0.022202
84  -0.000049 8.002639 0.000027  -0.067496 -0.117209 -0.115599
85  0.000012 8.580570 -0.000098  0.088211 -0.007187 0.334603
86  0.000172 8.689833 -0.000040  0.065327 -0.412430 -0.134516
87  -1.514534 2.104637 0.318053  -0.024896 3.094490 1.569497
88  0.000197 6.982282 0.000012  -0.107588 -0.057625 -0.215716
89  -0.000007 8.382874 -0.000067  0.135029 -0.099914 0.287073
90  -0.000061 8.697676 0.000024  -0.148088 -0.510101 0.044836
91  -0.000137 8.921823 0.000080  -0.236826 -0.892635 0.098806
92  3.553612 -3.478048 2.409274  0.000822 0.762045 1.535312
93  -0.000005 4.476905 -0.000010  -0.151006 -0.588330 0.377259
94  0.000030 4.514124 -0.000024  -0.228867 -2.996201 0.592368
95  0.000044 4.518380 -0.000024  0.143169 2.612778 0.693385
96  0.000022 3.598327 0.000024  -0.749300 0.869853 -0.773231
97  4.209921 -0.440348 1.018823  -2.183920 -2.118039 0.369861
98  4.265509 1.434230 -0.404991  -1.696477 -0.290329 -0.245170
99  9.400240 0.017941 0.083202  0.079191 -0.062693 -1.423604
100  10.242420 0.033592 0.064479  2.744579 -0.403507 -0.250607
101  3.465855 -0.059681 0.016693  -0.028887 -0.028008 -0.328171
102  1.655593 -0.000022 0.000024  -0.020275 -0.124776 -0.521010
103  0.960771 -0.000004 -0.000008  0.000460 0.000154 -0.231870
104  3.462028 -0.064250 0.939907  0.328601 -0.026095 -0.156121
105  1.497178 -0.000007 0.000026  -0.491598 -0.041073 -0.094107
106  0.793763 -0.000000 -0.000005  0.002302 -0.007905 -0.134358
107  0.591662 -0.460693 0.835204  -1.141796 -0.776744 -0.450516
108  1.556140 0.000001 0.000004  -0.180562 0.115033 0.422940
109  1.135904 0.000020 -0.000000  0.006813 0.027617 0.407964
110  3.084268 -0.668821 -1.257086  -0.668369 0.005091 -0.544272
111  1.064203 -0.000006 0.000005  -0.012068 0.097461 -0.779427
112  0.640337 0.000004 -0.000006  -0.006264 -0.005055 -0.469670
113  3.396821 -0.242142 -0.708689  -0.378987 0.036609 -0.383152
114  1.532970 0.000007 0.000006  0.010386 -0.009005 -0.708151
115  0.832970 -0.000001 -0.000001  0.001512 -0.010822 -0.592717
116  4.209939 -0.440343 -1.019277  -0.748915 0.674851 -2.703217
117  4.266744 1.424947 0.424936  1.453421 -0.059028 -0.508329
118  9.398568 0.011953 -0.082518  -0.018024 0.063929 -0.577867
119  10.242441 0.028176 -0.062907  -1.615983 0.032626 -0.090913
120  3.465748 -0.067532 0.002268  -0.178488 0.226792 -1.631456
121  1.655557 0.000004 0.000006  -0.123156 0.212554 -1.204976
122  0.960908 0.000006 0.000000  -0.050829 0.145318 -0.983253
123  3.466854 -0.077782 -0.920909  -0.421867 0.095164 -1.603295
124  1.497263 -0.000035 -0.000021  -0.621759 0.348778 -1.113828
125  0.793788 -0.000007 -0.000000  -0.393027 0.524605 -1.028538
126  0.595077 -0.467153 -0.829175  2.360845 0.654098 -0.566848
127  1.555677 0.000018 -0.000002  0.489695 0.402490 0.906484
128  1.136814 -0.000007 -0.000001  0.397581 0.384583 0.874845
129  3.075974 -0.667972 1.277701  0.578525 0.320832 -1.268601
130  1.064597 0.000022 0.000010  0.053348 -0.130902 -1.232098
131  0.640361 -0.000014 -0.000003  -0.037801 -0.047057 -0.900793
132  3.392411 -0.245371 0.728376  0.155477 0.337212 -1.621797
133  1.532736 -0.000009 -0.000001  -0.011109 0.019879 -1.189429
134  0.833153 0.000004 0.000005  -0.046547 -0.021562 -1.211537
135  3.590112 -3.090293 1.193973  1.635456 1.210566 1.548541
136  3.589561 -3.089877 -1.196372  -1.505736 1.210473 -1.592853
137  -0.436560 4.719029 -0.001074  -0.000709 -1.570733 1.692967
138  0.000002 2.775459 -0.000237  -0.135089 0.000001 -0.000000
139  0.000001 3.189769 0.000009  0.207820 -0.000000 0.000000
140  -0.000001 3.504653 0.000045  -0.261876 0.000000 -0.000000
141  -0.000002 2.863204 -0.000004  -0.051268 -0.000000 0.000000
time 3
0 25.180332 -0.082987 37.339252 1.570862 0.000000 -0.000000
1  0.002636 43.025146 0.734438  0.479920 -1.112614 -0.646768
2  3.061858 -4.181017 -0.610803  -1.385548 -0.550386 -1.366486
3  18.476776 0.000158 -0.000001  -0.020986 -0.092148 1.233506
4  17.490088 0.000117 0.000003  -0.444669 -0.239641 -0.546490
5  -3.065330 -4.183577 -0.611479  -1.313262 -0.371814 -1.391437
6  18.474855 -0.000031 -0.000008  0.006827 0.073108 0.943184
7  17.489582 0.001916 -0.000006  -0.338731 -0.490792 -1.399988
8  -0.000116 -0.048883 -0.576225  1.272334 0.218138 1.403319
9  3.224486 0.767046 0.000497  0.084974 -0.077480 0.339153
10  3.223905 0.226399 -0.001943  0.153463 0.070491 0.558897
11  5.187313 -1.262560 -0.001177  0.000012 0.000066 0.194111
12  6.928410 -1.935314 -0.000228  -3.069915 -0.002885 0.199779
13  3.236366 1.079605 0.000055  0.749610 0.175318 0.436806
14  0.833759 3.805349 0.692955  -0.040490 0.554884 1.469874
15  0.000031 6.792213 0.000038  0.007990 0.036070 -0.011408
16  -0.000072 7.744810 0.000015  -0.017441 -0.155305 0.068152
17  0.000071 7.809695 0.000017  -0.033637 0.005026 0.006141
18  -0.000026 7.867675 0.000015  -0.073329 -0.127910 0.026376
19  3.494702 -1.749095 -3.006912  0.152547 2.070419 1.936947
20  0.000121 4.478315 0.000018  -0.194658 0.310432 -0.234995
21  0.000048 4.636118 -0.000029  0.035820 0.324593 -0.151767
22  -0.000040 5.008649 0.000011  0.075999 -0.286565 0.276090
23  0.000062 4.781164 0.000012  0.904400 -2.690903 -0.015798
24  2.253045 1.989056 -3.350106  -1.523628 1.324498 0.112403
25  0.000164 6.589467 0.000172  0.206354 -0.002129 -0.080395
26  0.000044 7.491414 0.000040  -0.333514 0.184454 -0.191169
27  0.000027 7.660302 -0.000052  -0.063174 0.127194 -0.062116
28  0.000008 7.256270 0.000015  -0.052940 -0.487829 0.313814
29  -0.791160 2.265115 -1.234656  -0.753898 1.136377 0.824675
30  -0.000260 8.572266 -0.000093  -0.222844 -0.296789 0.176502
31  -0.000096 8.117213 0.000048  0.072256 0.772521 -0.285589
32  -0.000085 8.230035 -0.000068  -0.080491 -0.347232 0.072255
33  0.000056 7.366730 0.000055  -0.015393 -0.663893 0.062740
34  0.224218 0.240125 -3.218158  -0.877373 1.468889 0.577834
35  -0.000102 7.721054 -0.000303  -0.283830 0.060496 -0.167555
36  -0.000029 7.374857 0.000001  0.007538 -0.195021 0.049539
37  0.000076 6.848100 0.000008  0.005483 0.006497 -0.033649
38  -0.000050 7.777863 0.000008  -0.186096 0.182474 -0.152847
39  -1.514468 2.104646 -1.150167  -0.029093 0.541319 1.555677
40  -0.000167 6.982344 -0.000076  -0.199698 -0.041212 0.153489
41  0.000041 8.382863 -0.000072  0.044865 0.587986 -0.257961
42  0.000011 8.697704 -0.000026  -0.102637 -0.474318 0.290944
43  0.000057 8.921801 -0.000004  -0.076259 0.581005 -0.195605
44  1.196192 2.899151 -2.353086  -0.449718 1.030104 1.287429
45  0.000109 5.476943 0.000005  0.285574 -0.099353 -0.038446
46  -0.000074 6.060434 -0.000090  -0.155020 -0.575032 0.384609
47  0.000018 5.994260 0.000031  0.033940 0.288574 -0.067730
48  -0.000007 6.100489 0.000003  -0.068405 0.299273 -0.162153
49  0.000034 6.916761 0.000006  -0.096319 0.220533 -0.107967
50  0.000150 6.435057 -0.000043  -0.037458 0.171631 -0.116571
51  1.092799 3.649509 -1.738794  -0.148600 0.876612 1.445020
52  -0.000129 6.792201 -0.000103  0.008284 0.107792 -0.048643
53  -0.000088 7.744777 -0.000033  0.057137 -0.256893 0.015458
54  0.000084 9.115025 -0.000036  -0.020393 0.256253 -0.142636
55  3.494520 -1.749106 3.007063  0.118400 1.106974 1.813809
56  0.000014 4.323832 0.000089  -0.229908 -0.770942 0.449225
57  0.000028 4.872900 -0.000020  0.367242 -0.664052 -0.254031
58  0.000003 5.056653 0.000094  -0.511237 0.856586 -0.546325
59  2.292470 1.708614 3.661675  -1.762560 1.789111 -0.218974
60  -0.000174 6.589443 0.000272  -0.007132 -0.169123 0.176909
61  0.000174 7.491503 -0.000154  -0.132413 -0.107097 0.179329
62  -0.000141 8.249660 0.000149  0.041911 -0.058209 0.015813
63  0.000071 8.605242 -0.000028  0.101584 0.501824 -0.079699
64  -0.240484 2.066067 2.349267  -0.357330 2.461713 1.296082
65  -0.000086 7.721100 -0.000003  -0.208231 -0.126224 -0.116496
66  -0.000121 7.374869 -0.000046  -0.111017 0.046939 -0.046460
67  -0.000036 6.848052 -0.000027  0.273533 0.247522 0.299907
68  0.000035 7.777822 -0.000044  0.072920 0.186148 -0.052690
69  -0.000086 8.178053 0.000012  -0.087030 -0.422850 -0.381358
70  1.617608 3.431408 2.399265  -0.249454 2.569514 1.508572
71  -0.000160 5.476945 -0.000029  0.057728 0.074072 0.060285
72  -0.000092 6.060490 -0.000005  -0.015203 0.015650 -0.152065
73  0.000026 5.994253 0.000010  -0.126211 -0.157657 0.153301
74  -0.000078 7.076874 -0.000047  -0.008119 0.010384 0.036400
75  0.000003 7.089867 -0.000070  0.070875 0.098587 -0.025893
76  0.361113 0.886680 3.287745  -0.576377 1.978710 0.939007
77  -0.000067 6.686644 0.000222  -0.146569 0.414163 -0.327709
78  -0.000012 7.638020 0.000014  -0.079523 -0.025947 0.130955
79  -0.000030 7.290231 -0.000022  0.025323 -0.093908 0.023961
80  -0.000034 6.530365 0.000003  -0.261845 -0.300601 0.006736
81  0.000066 7.224876 0.000009  0.036505 0.032480 -0.175821
82  1.071898 3.225791 1.570115  -0.043808 2.859974 1.526249
83  0.000410 6.748911 -0.000066  -0.062699 0.083783 0.022202
84  -0.000045 8.002645 0.000027  -0.067496 -0.117209 -0.115599
85  0.000011 8.580567 -0.000099  0.088211 -0.007187 0.334603
86  0.000168 8.689831 -0.000041  0.065327 -0.412430 -0.134515
87  -1.514532 2.104636 0.318055  -0.024896 3.094490 1.569497
88  0.000198 6.982287 0.000012  -0.107588 -0.057625 -0.215716
89  -0.000010 8.382869 -0.000068  0.135029 -0.099914 0.287073
90  -0.000060 8.697668 0.000023  -0.148088 -0.510100 0.044836
91  -0.000134 8.921824 0.000079  -0.236826 -0.892635 0.098806
92  3.553617 -3.478049 2.409276  0.000822 0.762045 1.535311
93  0.000002 4.476910 -0.000007  -0.151006 -0.588330 0.377259
94  0.000031 4.514126 -0.000022  -0.228867 -2.996201 0.592369
95  0.000043 4.518386 -0.000022  0.143169 2.612778 0.693385
96  0.000023 3.598331 0.000022  -0.749300 0.869853 -0.773231
97  4.209920 -0.440349 1.018822  0.920604 -1.037236 -2.732847
98  4.265509 1.434226 -0.404989  -1.656595 -0.297214 -0.328458
99  9.400232 0.017942 0.083203  0.076063 -0.064013 -1.378766
100  10.242421 0.033595 0.064477  2.786255 -0.397123 -0.307393
101  3.465859 -0.059681 0.016694  -0.028887 -0.028008 -0.328171
102  1.655593 -0.000026 0.000021  -0.020275 -0.124776 -0.521010
103  0.960768 -0.000004 -0.000006  0.000460 0.000154 -0.231870
104  3.462031 -0.064249 0.939911  0.328601 -0.026096 -0.156121
105  1.497180 -0.000010 0.000023  -0.491598 -0.041073 -0.094107
106  0.793761 0.000005 -0.000005  0.002302 -0.007905 -0.134358
107  0.591665 -0.460693 0.835206  -1.141796 -0.776744 -0.450516
108  1.556140 0.000004 -0.000001  -0.180562 0.115033 0.422940
109  1.135905 0.000020 0.000004  0.006813 0.027617 0.407964
110  3.084271 -0.668824 -1.257082  -0.668369 0.005091 -0.544272
111  1.064202 -0.000011 0.000006  -0.012068 0.097461 -0.779427
112  0.640341 0.000005 -0.000006  -0.006264 -0.005055 -0.469670
113  3.396825 -0.242142 -0.708687  -0.378987 0.036609 -0.383152
114  1.532968 0.000007 0.000006  0.010386 -0.009005 -0.708152
115  0.832979 -0.000006 -0.000001  0.001505 -0.010823 -0.592717
116  4.209942 -0.440344 -1.019279  -0.748920 0.674926 -2.703204
117  4.266745 1.424941 0.424937  1.431368 0.009510 -0.487315
118  9.398567 0.011949 -0.082515  -0.015064 0.062455 -0.535240
119  10.242443 0.028177 -0.062905  -1.616543 0.037544 -0.107072
120  3.465747 -0.067527 0.002267  -0.178488 0.226792 -1.631456
121  1.655562 0.000007 0.000006  -0.123156 0.212554 -1.204976
122  0.960908 0.000004 0.000001  -0.050829 0.145318 -0.983253
123  3.466855 -0.077783 -0.920910  -0.421867 0.095164 -1.603295
124  1.497263 -0.000035 -0.000022  -0.621759 0.348778 -1.113828
125  0.793790 -0.000004 0.000002  -0.393027 0.524605 -1.028538
126  0.595077 -0.467151 -0.829176  2.360845 0.654098 -0.566848
127  1.555678 0.000017 -0.000003  0.489695 0.402490 0.906484
128  1.136812 -0.000009 -0.000000  0.397581 0.384583 0.874845
129  3.075971 -0.667964 1.277701  0.578525 0.320832 -1.268600
130  1.064590 0.000021 0.000012  0.053348 -0.130902 -1.232098
131  0.640360 -0.000013 -0.000004  -0.037801 -0.047056 -0.900793
132  3.392409 -0.245366 0.728376  0.155477 0.337212 -1.621797
133  1.532745 -0.000009 -0.000002  -0.011109 0.019879 -1.189429
134  0.833151 0.000005 0.000006  -0.046547 -0.021562 -1.211537
135  3.590103 -3.090295 1.193972  1.635457 1.210566 1.548541
136  3.589554 -3.089882 -1.196373  -1.505736 1.210473 -1.592853
137  -0.436568 4.719025 -0.001075  0.000118 -1.570733 1.693115
138  0.000000 2.775457 -0.000236  -0.135089 0.000001 -0.000000
139  0.000002 3.189773 0.000008  0.207820 -0.000000 0.000000
140  0.000000 3.504656 0.000043  -0.261876 0.000000 -0.000000
141  -0.000000 2.863203 -0.000004  -0.051268 -0.000000 0.000000
time 4
0 32.755314 -0.146441 38.085320 1.570862 0.000000 -0.000000
1  0.002636 43.025146 0.734438  0.401922 -1.068452 -0.577116
2  3.061857 -4.181012 -0.610803  -1.407702 -0.445603 -1.313131
3  18.476778 0.000161 -0.000002  -0.025339 -0.096214 1.306387
4  17.490086 0.000116 0.000004  -0.407236 -0.192234 -0.521712
5  -3.065329 -4.183578 -0.611479  -1.282772 -0.384344 -1.436077
6  18.474857 -0.000033 -0.000008  0.002501 0.063579 0.815113
7  17.489586 0.001915 -0.000006  -0.330087 -0.493501 -1.249953
8  -0.000118 -0.048882 -0.576226  1.264792 0.216084 1.395192
9  3.224482 0.767047 0.000498  0.044915 -0.074574 0.335833
10  3.223907 0.226398 -0.001941  0.132817 0.069349 0.564404
11  5.187318 -1.262558 -0.001177  0.000012 0.000066 0.194111
12  6.928408 -1.935315 -0.000228  -3.063471 -0.000160 0.203269
13  3.236368 1.079613 0.000058  0.751525 0.171373 0.422718
14  0.833762 3.805345 0.692955  -0.040490 0.554884 1.469874
15  0.000036 6.792213 0.000037  0.007990 0.036070 -0.011408
16  -0.000067 7.744819 0.000017  -0.017440 -0.155305 0.068151
17  0.000075 7.809701 0.000019  -0.033637 0.005026 0.006141
18  -0.000028 7.867675 0.000015  -0.073329 -0.127910 0.026376
19  3.494699 -1.749099 -3.006912  0.152547 2.070419 1.936947
20  0.000119 4.478322 0.000016  -0.194658 0.310432 -0.234995
21  0.000048 4.636122 -0.000029  0.035820 0.324593 -0.151767
22  -0.000042 5.008654 0.000013  0.076000 -0.286565 0.276090
23  0.000065 4.781160 0.000010  0.904400 -2.690903 -0.015798
24  2.253040 1.989054 -3.350107  -1.523628 1.324498 0.112403
25  0.000160 6.589465 0.000171  0.206354 -0.002129 -0.080395
26  0.000042 7.491418 0.000042  -0.333514 0.184454 -0.191169
27  0.000027 7.660302 -0.000054  -0.063174 0.127194 -0.062116
28  0.000006 7.256267 0.000018  -0.052940 -0.487829 0.313814
29  -0.791160 2.265115 -1.234656  -0.753898 1.136377 0.824675
30  -0.000256 8.572260 -0.000091  -0.222843 -0.296789 0.176502
31  -0.000098 8.117219 0.000048  0.072256 0.772521 -0.285589
32  -0.000082 8.230030 -0.000071  -0.080491 -0.347232 0.072255
33  0.000060 7.366722 0.000053  -0.015393 -0.663893 0.062740
34  0.224216 0.240120 -3.218158  -0.877373 1.468889 0.577834
35  -0.000100 7.721049 -0.000311  -0.283830 0.060496 -0.167555
36  -0.000029 7.374854 -0.000002  0.007538 -0.195021 0.049539
37  0.000077 6.848104 0.000004  0.005483 0.006497 -0.033649
38  -0.000053 7.777865 0.000009  -0.186096 0.182474 -0.152847
39  -1.514465 2.104643 -1.150167  -0.029093 0.541319 1.555678
40  -0.000167 6.982348 -0.000077  -0.199698 -0.041212 0.153489
41  0.000039 8.382860 -0.000073  0.044865 0.587986 -0.257961
42  0.000013 8.697701 -0.000028  -0.102637 -0.474318 0.290944
43  0.000058 8.921803 -0.000003  -0.076259 0.581005 -0.195605
44  1.196198 2.899153 -2.353086  -0.449718 1.030104 1.287429
45  0.000109 5.476947 0.000008  0.285574 -0.099353 -0.038446
46  -0.000073 6.060437 -0.000086  -0.155020 -0.575032 0.384609
47  0.000015 5.994264 0.000027  0.033940 0.288574 -0.067730
48  -0.000006 6.100483 0.000002  -0.068405 0.299274 -0.162153
49  0.000034 6.916758 0.000006  -0.096319 0.220533 -0.107967
50  0.000150 6.435061 -0.000044  -0.037458 0.171631 -0.116571
51  1.092796 3.649509 -1.738795  -0.148600 0.876612 1.445020
52  -0.000128 6.792198 -0.000098  0.008284 0.107792 -0.048643
53  -0.000087 7.744771 -0.000030  0.057137 -0.256893 0.015458
54  0.000089 9.115023 -0.000036  -0.020393 0.256253 -0.142636
55  3.494517 -1.749109 3.007063  0.118400 1.106974 1.813810
56  0.000014 4.323833 0.000091  -0.229908 -0.770943 0.449225
57  0.000030 4.872891 -0.000021  0.367242 -0.664052 -0.254032
58  0.000003 5.056648 0.000093  -0.511237 0.856586 -0.546325
59  2.292466 1.708611 3.661674  -1.762560 1.789111 -0.218974
60  -0.000172 6.589441 0.000272  -0.007132 -0.169123 0.176909
61  0.000175 7.491498 -0.000144  -0.132413 -0.107097 0.179329
62  -0.000138 8.249660 0.000137  0.041911 -0.058209 0.015813
63  0.000072 8.605236 -0.000031  0.101584 0.501824 -0.079699
64  -0.240486 2.066067 2.349267  -0.357330 2.461713 1.296082
65  -0.000083 7.721097 -0.000003  -0.208231 -0.126224 -0.116496
66  -0.000123 7.374868 -0.000047  -0.111017 0.046939 -0.046460
67  -0.000035 6.848068 -0.000025  0.273533 0.247522 0.299906
68  0.000037 7.777826 -0.000043  0.072920 0.186148 -0.052691
69  -0.000085 8.178053 0.000011  -0.087030 -0.422850 -0.381358
70  1.617604 3.431406 2.399265  -0.249454 2.569514 1.508572
71  -0.000163 5.476943 -0.000028  0.057728 0.074072 0.060285
72  -0.000091 6.060488 -0.000005  -0.015203 0.015650 -0.152065
73  0.000024 5.994252 0.000011  -0.126211 -0.157657 0.153301
74  -0.000079 7.076873 -0.000048  -0.008119 0.010385 0.036400
75  0.000005 7.089865 -0.000070  0.070875 0.098587 -0.025893
76  0.361110 0.886678 3.287745  -0.576377 1.978710 0.939007
77  -0.000066 6.686642 0.000226  -0.146569 0.414163 -0.327709
78  -0.000011 7.638021 0.000012  -0.079523 -0.025947 0.130955
79  -0.000033 7.290226 -0.000021  0.025323 -0.093908 0.023961
80  -0.000033 6.530370 0.000005  -0.261845 -0.300601 0.006736
81  0.000063 7.224877 0.000009  0.036505 0.032480 -0.175821
82  1.071898 3.225790 1.570115  -0.043808 2.859974 1.526248
83  0.000420 6.748904 -0.000065  -0.062699 0.083783 0.022202
84  -0.000051 8.002643 0.000027  -0.067496 -0.117209 -0.115599
85  0.000010 8.580569 -0.000098  0.088211 -0.007187 0.334603
86  0.000172 8.689827 -0.000041  0.065327 -0.412430 -0.134515
87  -1.514531 2.104634 0.318055  -0.024896 3.094490 1.569497
88  0.000195 6.982286 0.000011  -0.107588 -0.057625 -0.215716
89  -0.000010 8.382874 -0.000068  0.135029 -0.099914 0.287073
90  -0.000062 8.697664 0.000024  -0.148088 -0.510100 0.044836
91  -0.000133 8.921826 0.000079  -0.236826 -0.892635 0.098806
92  3.553615 -3.478050 2.409276  0.000822 0.762045 1.535311
93  0.000002 4.476906 -0.000005  -0.151006 -0.588330 0.377259
94  0.000028 4.514123 -0.000024  -0.228867 -2.996201 0.592368
95  0.000044 4.518386 -0.000022  0.143169 2.612778 0.693385
96  0.000022 3.598333 0.000025  -0.749300 0.869853 -0.773231
97  4.209918 -0.440347 1.018824  0.886320 -1.048881 -2.696811
98  4.265505 1.434231 -0.404991  -1.625899 -0.290914 -0.380633
99  9.400230 0.017943 0.083200  0.072381 -0.065362 -1.326964
100  10.242422 0.033587 0.064477  2.818466 -0.386278 -0.362098
101  3.465854 -0.059685 0.016694  -0.028887 -0.028008 -0.328171
102  1.655596 -0.000027 0.000024  -0.020275 -0.124776 -0.521010
103  0.960768 -0.000009 -0.000005  0.000460 0.000154 -0.231870
104  3.462026 -0.064249 0.939909  0.328601 -0.026095 -0.156121
105  1.497179 -0.000005 0.000022  -0.491598 -0.041073 -0.094107
106  0.793759 0.000004 -0.000002  0.002302 -0.007905 -0.134358
107  0.591661 -0.460693 0.835205  -1.141796 -0.776744 -0.450516
108  1.556140 0.000007 -0.000002  -0.180562 0.115033 0.422940
109  1.135905 0.000015 0.000006  0.006813 0.027617 0.407964
110  3.084267 -0.668822 -1.257085  -0.668369 0.005091 -0.544271
111  1.064198 -0.000000 0.000005  -0.012068 0.097461 -0.779427
112  0.640341 0.000006 -0.000007  -0.006264 -0.005055 -0.469670
113  3.396821 -0.242141 -0.708689  -0.378987 0.036609 -0.383152
114  1.532969 0.000008 0.000004  0.010386 -0.009005 -0.708151
115  0.832976 -0.000006 -0.000004  0.001510 -0.010822 -0.592717
116  4.209942 -0.440346 -1.019280  -0.748969 0.674947 -2.703301
117  4.266746 1.424943 0.424938  1.390181 0.054996 -0.475260
118  9.398573 0.011950 -0.082516  -0.012538 0.061068 -0.498091
119  10.242440 0.028176 -0.062906  -1.616932 0.041808 -0.121583
120  3.465751 -0.067532 0.002267  -0.178488 0.226792 -1.631456
121  1.655559 0.000005 0.000006  -0.123156 0.212554 -1.204976
122  0.960908 0.000001 -0.000000  -0.050829 0.145318 -0.983253
123  3.466855 -0.077781 -0.920910  -0.421867 0.095164 -1.603295
124  1.497258 -0.000037 -0.000022  -0.621759 0.348778 -1.113828
125  0.793789 -0.000008 0.000001  -0.393027 0.524605 -1.028538
126  0.595079 -0.467151 -0.829177  2.360845 0.654098 -0.566848
127  1.555681 0.000018 -0.000003  0.489695 0.402490 0.906484
128  1.136814 -0.000008 0.000002  0.397581 0.384583 0.874845
129  3.075975 -0.667970 1.277700  0.578525 0.320832 -1.268600
130  1.064590 0.000021 0.000009  0.053348 -0.130902 -1.232098
131  0.640360 -0.000014 -0.000003  -0.037801 -0.047056 -0.900793
132  3.392414 -0.245372 0.728376  0.155477 0.337212 -1.621797
133  1.532739 -0.000013 -0.000001  -0.011109 0.019879 -1.189429
134  0.833150 0.000003 0.000004  -0.046547 -0.021562 -1.211537
135  3.590106 -3.090292 1.193971  1.635457 1.210566 1.548541
136  3.589552 -3.089877 -1.196372  -1.505736 1.210473 -1.592853
137  -0.436565 4.719029 -0.001075  0.000118 -1.570733 1.693158
138  0.000002 2.775455 -0.000238  -0.135089 0.000001 -0.000000
139  -0.000001 3.189768 0.000009  0.207820 -0.000000 0.000000
140  0.000001 3.504654 0.000045  -0.261876 0.000000 -0.000000
141  -0.000000 2.863202 -0.000002  -0.051268 0.000000 0.000000
time 5
0 40.61896 -0.163113 38.715927 1.570862 0.000000 -0.000000
1  0.002636 43.025146 0.734438  0.340328 -1.020419 -0.519706
2  3.061859 -4.181015 -0.610804  -1.425671 -0.339724 -1.259931
3  18.476774 0.000158 -0.000001  -0.026528 -0.097227 1.325488
4  17.490088 0.000118 0.000004  -0.366642 -0.159490 -0.529699
5  -3.065331 -4.183573 -0.611480  -1.256949 -0.376602 -1.479919
6  18.474855 -0.000035 -0.000007  -0.001473 0.049222 0.632820
7  17.489586 0.001916 -0.000007  -0.317562 -0.497711 -1.067239
8  -0.000117 -0.048883 -0.576226  1.250339 0.181632 1.403261
9  3.224478 0.767048 0.000495  0.012392 -0.082807 0.321020
10  3.223912 0.226399 -0.001945  0.111210 0.059007 0.539437
11  5.187314 -1.262561 -0.001176  0.000012 0.000066 0.194111
12  6.928412 -1.935321 -0.000229  -3.049988 0.000411 0.204201
13  3.236361 1.079608 0.000055  0.748296 0.155660 0.406796
14  0.833761 3.805352 0.692957  -0.040490 0.554884 1.469874
15  0.000044 6.792211 0.000038  0.007990 0.036070 -0.011408
16  -0.000067 7.744821 0.000018  -0.017441 -0.155305 0.068152
17  0.000073 7.809703 0.000019  -0.033637 0.005026 0.006141
18  -0.000022 7.867667 0.000016  -0.073329 -0.127910 0.026376
19  3.494698 -1.749093 -3.006910  0.152547 2.070418 1.936947
20  0.000120 4.478324 0.000020  -0.194658 0.310432 -0.234995
21  0.000049 4.636118 -0.000031  0.035820 0.324593 -0.151767
22  -0.000042 5.008651 0.000011  0.075999 -0.286565 0.276090
23  0.000064 4.781167 0.000009  0.904400 -2.690903 -0.015798
24  2.253043 1.989061 -3.350105  -1.523628 1.324498 0.112404
25  0.000163 6.589464 0.000164  0.206354 -0.002129 -0.080395
26  0.000047 7.491415 0.000037  -0.333514 0.184454 -0.191169
27  0.000028 7.660305 -0.000053  -0.063174 0.127194 -0.062116
28  0.000004 7.256272 0.000019  -0.052940 -0.487829 0.313814
29  -0.791159 2.265118 -1.234654  -0.753898 1.136377 0.824675
30  -0.000257 8.572266 -0.000092  -0.222844 -0.296789 0.176502
31  -0.000096 8.117213 0.000048  0.072256 0.772521 -0.285589
32  -0.000081 8.230035 -0.000067  -0.080492 -0.347232 0.072255
33  0.000061 7.366724 0.000054  -0.015393 -0.663893 0.062740
34  0.224217 0.240129 -3.218156  -0.877373 1.468889 0.577834
35  -0.000099 7.721047 -0.000308  -0.283830 0.060496 -0.167555
36  -0.000031 7.374858 -0.000001  0.007538 -0.195021 0.049539
37  0.000075 6.848100 0.000007  0.005483 0.006497 -0.033649
38  -0.000049 7.777864 0.000010  -0.186096 0.182474 -0.152847
39  -1.514463 2.104648 -1.150166  -0.029093 0.541319 1.555678
40  -0.000166 6.982348 -0.000076  -0.199698 -0.041212 0.153489
41  0.000038 8.382861 -0.000072  0.044865 0.587986 -0.257961
42  0.000013 8.697702 -0.000026  -0.102637 -0.474318 0.290944
43  0.000058 8.921806 -0.000003  -0.076259 0.581005 -0.195605
44  1.196195 2.899156 -2.353085  -0.449718 1.030104 1.287429
45  0.000107 5.476940 0.000008  0.285574 -0.099353 -0.038446
46  -0.000072 6.060436 -0.000093  -0.155020 -0.575032 0.384609
47  0.000019 5.994263 0.000028  0.033940 0.288574 -0.067730
48  -0.000005 6.100487 0.000004  -0.068405 0.299273 -0.162153
49  0.000036 6.916763 0.000007  -0.096319 0.220533 -0.107967
50  0.000149 6.435056 -0.000045  -0.037458 0.171631 -0.116571
51  1.092795 3.649512 -1.738793  -0.148600 0.876612 1.445020
52  -0.000128 6.792204 -0.000101  0.008285 0.107792 -0.048643
53  -0.000086 7.744772 -0.000030  0.057137 -0.256893 0.015458
54  0.000088 9.115026 -0.000036  -0.020393 0.256253 -0.142636
55  3.494522 -1.749102 3.007064  0.118400 1.106974 1.813810
56  0.000014 4.323836 0.000089  -0.229908 -0.770943 0.449225
57  0.000029 4.872899 -0.000020  0.367242 -0.664052 -0.254032
58  0.000004 5.056654 0.000093  -0.511237 0.856586 -0.546325
59  2.292465 1.708612 3.661677  -1.762560 1.789111 -0.218974
60  -0.000175 6.589442 0.000271  -0.007132 -0.169123 0.176909
61  0.000173 7.491497 -0.000147  -0.132413 -0.107097 0.179329
62  -0.000138 8.249655 0.000140  0.041911 -0.058209 0.015813
63  0.000071 8.605238 -0.000021  0.101584 0.501824 -0.079699
64  -0.240482 2.066075 2.349268  -0.357330 2.461713 1.296082
65  -0.000079 7.721102 -0.000002  -0.208231 -0.126224 -0.116496
66  -0.000121 7.374867 -0.000047  -0.111017 0.046939 -0.046460
67  -0.000035 6.848059 -0.000026  0.273533 0.247522 0.299906
68  0.000033 7.777824 -0.000043  0.072920 0.186148 -0.052690
69  -0.000081 8.178056 0.000012  -0.087030 -0.422850 -0.381358
70  1.617609 3.431413 2.399267  -0.249454 2.569514 1.508572
71  -0.000160 5.476945 -0.000029  0.057728 0.074072 0.060285
72  -0.000091 6.060497 -0.000006  -0.015203 0.015650 -0.152065
73  0.000026 5.994255 0.000011  -0.126211 -0.157657 0.153301
74  -0.000077 7.076875 -0.000047  -0.008119 0.010385 0.036400
75  0.000003 7.089868 -0.000070  0.070875 0.098587 -0.025893
76  0.361111 0.886681 3.287747  -0.576377 1.978710 0.939007
77  -0.000066 6.686644 0.000224  -0.146569 0.414163 -0.327709
78  -0.000009 7.638017 0.000012  -0.079523 -0.025947 0.130955
79  -0.000029 7.290233 -0.000023  0.025323 -0.093908 0.023961
80  -0.000033 6.530366 0.000003  -0.261845 -0.300601 0.006736
81  0.000061 7.224885 0.000009  0.036505 0.032480 -0.175821
82  1.071900 3.225800 1.570116  -0.043808 2.859974 1.526249
83  0.000416 6.748899 -0.000065  -0.062699 0.083783 0.022202
84  -0.000043 8.002648 0.000026  -0.067496 -0.117209 -0.115599
85  0.000014 8.580573 -0.000098  0.088211 -0.007187 0.334604
86  0.000168 8.689830 -0.000042  0.065327 -0.412430 -0.134515
87  -1.514530 2.104640 0.318057  -0.024896 3.094490 1.569497
88  0.000192 6.982284 0.000010  -0.107588 -0.057625 -0.215716
89  -0.000012 8.382868 -0.000068  0.135029 -0.099914 0.287073
90  -0.000063 8.697674 0.000025  -0.148088 -0.510100 0.044836
91  -0.000137 8.921821 0.000080  -0.236826 -0.892635 0.098806
92  3.553617 -3.478042 2.409279  0.000822 0.762046 1.535312
93  -0.000000 4.476900 -0.000009  -0.151006 -0.588330 0.377259
94  0.000031 4.514126 -0.000022  -0.228867 -2.996201 0.592369
95  0.000043 4.518383 -0.000024  0.143169 2.612778 0.693385
96  0.000025 3.598328 0.000023  -0.749300 0.869853 -0.773231
97  4.209920 -0.440354 1.018821  0.854134 -1.058975 -2.662874
98  4.265502 1.434231 -0.404991  -1.609340 -0.275995 -0.408287
99  9.400237 0.017940 0.083195  0.071304 -0.065716 -1.311992
100  10.242422 0.033590 0.064481  2.836233 -0.370624 -0.380868
101  3.465855 -0.059681 0.016694  -0.028887 -0.028008 -0.328171
102  1.655594 -0.000024 0.000021  -0.020275 -0.124777 -0.521010
103  0.960767 0.000002 -0.000005  0.000460 0.000154 -0.231870
104  3.462029 -0.064248 0.939909  0.328601 -0.026096 -0.156121
105  1.497176 -0.000004 0.000022  -0.491598 -0.041073 -0.094107
106  0.793761 0.000001 -0.000004  0.002302 -0.007905 -0.134358
107  0.591662 -0.460690 0.835206  -1.141796 -0.776744 -0.450516
108  1.556138 0.000001 -0.000004  -0.180562 0.115033 0.422940
109  1.135905 0.000012 0.000004  0.006813 0.027617 0.407964
110  3.084269 -0.668821 -1.257084  -0.668369 0.005091 -0.544272
111  1.064203 -0.000005 0.000004  -0.012068 0.097461 -0.779427
112  0.640340 0.000006 -0.000008  -0.006264 -0.005055 -0.469670
113  3.396822 -0.242138 -0.708689  -0.378987 0.036609 -0.383152
114  1.532969 0.000007 0.000006  0.010386 -0.009005 -0.708151
115  0.832978 -0.000005 -0.000001  0.001512 -0.010822 -0.592717
116  4.209943 -0.440347 -1.019281  -0.748976 0.674883 -2.703284
117  4.266745 1.424942 0.424936  1.345150 0.082759 -0.474794
118  9.398564 0.011952 -0.082512  -0.010791 0.060035 -0.471919
119  10.242442 0.028176 -0.062909  -1.616678 0.044767 -0.132902
120  3.465751 -0.067527 0.002268  -0.178488 0.226792 -1.631456
121  1.655556 0.000005 0.000006  -0.123156 0.212554 -1.204976
122  0.960908 0.000003 -0.000001  -0.050829 0.145318 -0.983253
123  3.466858 -0.077780 -0.920909  -0.421867 0.095164 -1.603295
124  1.497257 -0.000035 -0.000023  -0.621759 0.348778 -1.113828
125  0.793788 -0.000008 0.000001  -0.393027 0.524606 -1.028538
126  0.595084 -0.467153 -0.829175  2.360845 0.654098 -0.566848
127  1.555676 0.000018 -0.000005  0.489695 0.402490 0.906484
128  1.136808 -0.000009 -0.000001  0.397581 0.384583 0.874845
129  3.075976 -0.667964 1.277701  0.578525 0.320832 -1.268601
130  1.064594 0.000018 0.000010  0.053348 -0.130902 -1.232098
131  0.640360 -0.000016 -0.000004  -0.037801 -0.047056 -0.900793
132  3.392414 -0.245365 0.728376  0.155477 0.337212 -1.621797
133  1.532740 -0.000010 -0.000001  -0.011109 0.019879 -1.189429
134  0.833153 0.000006 0.000005  -0.046547 -0.021562 -1.211537
135  3.590106 -3.090296 1.193974  1.635457 1.210566 1.548541
136  3.589551 -3.089881 -1.196371  -1.505736 1.210473 -1.592853
137  -0.436565 4.719026 -0.001075  -0.000709 -1.570733 1.692909
138  0.000003 2.775458 -0.000235  -0.135089 0.000001 -0.000000
139  0.000001 3.189767 0.000009  0.207820 -0.000000 0.000000
140  -0.000001 3.504648 0.000044  -0.261876 0.000000 -0.000000
141  -0.000002 2.863199 -0.000002  -0.051268 -0.000000 0.000000
time 6
0 48.758215 -0.125716 39.048996 1.570862 0.000000 -0.000000
1  0.002636 43.025146 0.734438  0.331277 -0.973535 -0.513942
2  3.061857 -4.181014 -0.610804  -1.451424 -0.219441 -1.176673
3  18.476774 0.000159 -0.000001  -0.019333 -0.090443 1.204399
4  17.490088 0.000116 0.000005  -0.340064 -0.116878 -0.586966
5  -3.065331 -4.183571 -0.611480  -1.291626 -0.402705 -1.496006
6  18.474852 -0.000033 -0.000008  -0.002756 0.037837 0.492870
7  17.489586 0.001916 -0.000007  -0.262291 -0.484867 -0.873850
8  -0.000118 -0.048881 -0.576226  1.230270 0.137665 1.429206
9  3.224485 0.767048 0.000496  -0.007795 -0.087726 0.310482
10  3.223910 0.226399 -0.001943  0.097370 0.050068 0.502370
11  5.187315 -1.262560 -0.001178  0.000012 0.000066 0.194111
12  6.928408 -1.935308 -0.000228  -3.031961 -0.003706 0.202770
13  3.236358 1.079612 0.000056  0.735876 0.139391 0.397479
14  0.833762 3.805353 0.692957  -0.040490 0.554884 1.469874
15  0.000037 6.792205 0.000039  0.007990 0.036070 -0.011408
16  -0.000067 7.744817 0.000017  -0.017441 -0.155305 0.068152
17  0.000071 7.809693 0.000019  -0.033637 0.005025 0.006141
18  -0.000025 7.867671 0.000018  -0.073329 -0.127910 0.026376
19  3.494707 -1.749091 -3.006911  0.152547 2.070418 1.936947
20  0.000120 4.478323 0.000017  -0.194658 0.310432 -0.234995
21  0.000047 4.636118 -0.000030  0.035820 0.324593 -0.151767
22  -0.000042 5.008647 0.000011  0.076000 -0.286565 0.276090
23  0.000064 4.781161 0.000010  0.904400 -2.690903 -0.015798
24  2.253048 1.989062 -3.350105  -1.523628 1.324498 0.112404
25  0.000161 6.589467 0.000169  0.206354 -0.002129 -0.080395
26  0.000041 7.491419 0.000039  -0.333514 0.184454 -0.191169
27  0.000027 7.660306 -0.000059  -0.063174 0.127194 -0.062115
28  0.000005 7.256266 0.000020  -0.052940 -0.487829 0.313814
29  -0.791154 2.265118 -1.234653  -0.753898 1.136377 0.824675
30  -0.000253 8.572263 -0.000089  -0.222844 -0.296789 0.176502
31  -0.000092 8.117212 0.000048  0.072256 0.772521 -0.285589
32  -0.000083 8.230035 -0.000075  -0.080492 -0.347232 0.072255
33  0.000060 7.366720 0.000053  -0.015393 -0.663893 0.062740
34  0.224222 0.240130 -3.218156  -0.877374 1.468889 0.577834
35  -0.000101 7.721058 -0.000311  -0.283830 0.060496 -0.167555
36  -0.000030 7.374846 -0.000002  0.007538 -0.195021 0.049539
37  0.000077 6.848100 0.000005  0.005483 0.006497 -0.033649
38  -0.000050 7.777865 0.000008  -0.186096 0.182474 -0.152847
39  -1.514461 2.104651 -1.150165  -0.029093 0.541319 1.555678
40  -0.000173 6.982354 -0.000078  -0.199698 -0.041212 0.153489
41  0.000040 8.382866 -0.000073  0.044865 0.587986 -0.257961
42  0.000013 8.697700 -0.000028  -0.102637 -0.474318 0.290944
43  0.000054 8.921809 -0.000004  -0.076259 0.581005 -0.195605
44  1.196194 2.899155 -2.353084  -0.449718 1.030104 1.287429
45  0.000105 5.476940 0.000006  0.285574 -0.099353 -0.038446
46  -0.000072 6.060431 -0.000091  -0.155020 -0.575032 0.384609
47  0.000017 5.994264 0.000029  0.033940 0.288574 -0.067730
48  -0.000009 6.100484 0.000002  -0.068405 0.299274 -0.162153
49  0.000035 6.916759 0.000011  -0.096319 0.220533 -0.107967
50  0.000149 6.435056 -0.000044  -0.037458 0.171631 -0.116571
51  1.092798 3.649512 -1.738792  -0.148600 0.876612 1.445020
52  -0.000126 6.792205 -0.000104  0.008284 0.107792 -0.048643
53  -0.000088 7.744776 -0.000029  0.057137 -0.256893 0.015458
54  0.000085 9.115018 -0.000037  -0.020393 0.256253 -0.142636
55  3.494526 -1.749101 3.007066  0.118400 1.106974 1.813809
56  0.000013 4.323833 0.000087  -0.229908 -0.770943 0.449225
57  0.000028 4.872891 -0.000020  0.367242 -0.664052 -0.254031
58  0.000003 5.056648 0.000092  -0.511237 0.856586 -0.546325
59  2.292472 1.708616 3.661678  -1.762560 1.789111 -0.218974
60  -0.000174 6.589439 0.000275  -0.007132 -0.169123 0.176909
61  0.000173 7.491497 -0.000148  -0.132413 -0.107097 0.179329
62  -0.000139 8.249657 0.000145  0.041911 -0.058209 0.015813
63  0.000072 8.605241 -0.000025  0.101584 0.501824 -0.079699
64  -0.240481 2.066072 2.349269  -0.357330 2.461713 1.296082
65  -0.000085 7.721099 -0.000002  -0.208231 -0.126224 -0.116496
66  -0.000125 7.374868 -0.000046  -0.111017 0.046939 -0.046460
67  -0.000035 6.848068 -0.000026  0.273533 0.247522 0.299906
68  0.000034 7.777824 -0.000044  0.072920 0.186148 -0.052690
69  -0.000085 8.178054 0.000011  -0.087030 -0.422850 -0.381358
70  1.617611 3.431414 2.399267  -0.249454 2.569514 1.508572
71  -0.000160 5.476947 -0.000030  0.057728 0.074072 0.060285
72  -0.000095 6.060492 -0.000005  -0.015203 0.015650 -0.152064
73  0.000029 5.994256 0.000011  -0.126211 -0.157657 0.153301
74  -0.000075 7.076878 -0.000047  -0.008119 0.010385 0.036400
75  0.000007 7.089869 -0.000070  0.070875 0.098587 -0.025893
76  0.361115 0.886684 3.287748  -0.576377 1.978710 0.939007
77  -0.000067 6.686643 0.000219  -0.146569 0.414163 -0.327709
78  -0.000010 7.638015 0.000011  -0.079523 -0.025947 0.130955
79  -0.000033 7.290234 -0.000022  0.025323 -0.093908 0.023961
80  -0.000032 6.530366 0.000002  -0.261845 -0.300601 0.006736
81  0.000065 7.224877 0.000009  0.036505 0.032481 -0.175821
82  1.071902 3.225799 1.570117  -0.043808 2.859974 1.526248
83  0.000412 6.748899 -0.000066  -0.062699 0.083783 0.022202
84  -0.000043 8.002649 0.000027  -0.067496 -0.117209 -0.115599
85  0.000012 8.580572 -0.000097  0.088211 -0.007187 0.334603
86  0.000170 8.689832 -0.000040  0.065327 -0.412430 -0.134515
87  -1.514530 2.104639 0.318057  -0.024896 3.094490 1.569497
88  0.000192 6.982278 0.000012  -0.107588 -0.057625 -0.215716
89  -0.000010 8.382875 -0.000068  0.135029 -0.099914 0.287073
90  -0.000063 8.697668 0.000024  -0.148088 -0.510100 0.044836
91  -0.000137 8.921827 0.000082  -0.236826 -0.892635 0.098806
92  3.553622 -3.478042 2.409280  0.000822 0.762046 1.535311
93  -0.000001 4.476901 -0.000005  -0.151006 -0.588330 0.377259
94  0.000031 4.514117 -0.000023  -0.228867 -2.996201 0.592369
95  0.000044 4.518383 -0.000025  0.143169 2.612778 0.693385
96  0.000023 3.598327 0.000023  -0.749300 0.869853 -0.773231
97  4.209923 -0.440345 1.018824  0.823770 -1.067471 -2.630954
98  4.265506 1.434232 -0.404990  -1.604392 -0.265091 -0.425875
99  9.400233 0.017942 0.083198  0.072572 -0.065297 -1.329638
100  10.242423 0.033590 0.064478  2.841244 -0.353730 -0.365833
101  3.465855 -0.059682 0.016695  -0.028887 -0.028008 -0.328171
102  1.655595 -0.000028 0.000023  -0.020275 -0.124776 -0.521010
103  0.960772 -0.000007 -0.000007  0.000460 0.000154 -0.231870
104  3.462028 -0.064247 0.939909  0.328601 -0.026095 -0.156121
105  1.497176 -0.000008 0.000019  -0.491598 -0.041073 -0.094107
106  0.793759 0.000003 -0.000002  0.002302 -0.007905 -0.134358
107  0.591661 -0.460696 0.835209  -1.141796 -0.776744 -0.450516
108  1.556140 0.000004 0.000001  -0.180562 0.115033 0.422940
109  1.135904 0.000019 0.000005  0.006813 0.027617 0.407964
110  3.084269 -0.668823 -1.257082  -0.668369 0.005091 -0.544272
111  1.064204 0.000000 0.000006  -0.012067 0.097461 -0.779427
112  0.640335 0.000006 -0.000008  -0.006264 -0.005055 -0.469670
113  3.396822 -0.242141 -0.708687  -0.378987 0.036609 -0.383152
114  1.532971 0.000007 0.000005  0.010386 -0.009005 -0.708151
115  0.832976 -0.000008 -0.000005  0.001508 -0.010822 -0.592717
116  4.209941 -0.440341 -1.019279  -0.748998 0.674947 -2.703356
117  4.266746 1.424941 0.424938  1.309971 0.098184 -0.479228
118  9.398561 0.011950 -0.082518  -0.010153 0.059642 -0.462270
119  10.242439 0.028177 -0.062910  -1.615480 0.045790 -0.139276
120  3.465747 -0.067528 0.002268  -0.178488 0.226792 -1.631456
121  1.655559 0.000002 0.000005  -0.123156 0.212554 -1.204976
122  0.960908 0.000004 0.000000  -0.050829 0.145318 -0.983253
123  3.466851 -0.077778 -0.920909  -0.421867 0.095164 -1.603295
124  1.497264 -0.000033 -0.000023  -0.621759 0.348778 -1.113828
125  0.793790 -0.000009 0.000002  -0.393027 0.524606 -1.028538
126  0.595076 -0.467152 -0.829176  2.360845 0.654098 -0.566848
127  1.555675 0.000018 -0.000004  0.489695 0.402490 0.906484
128  1.136815 -0.000010 -0.000002  0.397581 0.384583 0.874845
129  3.075971 -0.667966 1.277701  0.578525 0.320832 -1.268601
130  1.064587 0.000020 0.000011  0.053348 -0.130902 -1.232098
131  0.640361 -0.000017 -0.000004  -0.037801 -0.047056 -0.900793
132  3.392411 -0.245371 0.728376  0.155477 0.337212 -1.621797
133  1.532740 -0.000008 0.000000  -0.011109 0.019879 -1.189429
134  0.833153 0.000003 0.000006  -0.046547 -0.021562 -1.211537
135  3.590107 -3.090295 1.193971  1.635457 1.210566 1.548541
136  3.589557 -3.089880 -1.196374  -1.505736 1.210473 -1.592853
137  -0.436564 4.719027 -0.001077  -0.000709 -1.570733 1.692440
138  0.000001 2.775453 -0.000237  -0.135089 0.000001 -0.000000
139  -0.000000 3.189766 0.000007  0.207820 -0.000000 0.000000
140  -0.000000 3.504649 0.000050  -0.261876 0.000000 -0.000000
141  -0.000000 2.863198 -0.000001  -0.051268 -0.000000 -0.000000
time 7
0 56.97145 -0.034251 39.137821 1.570862 0.000000 -0.000000
1  0.002636 43.025146 0.734438  0.361160 -0.932890 -0.548662
2  3.061859 -4.181014 -0.610803  -1.482978 -0.093180 -1.073792
3  18.476774 0.000158 -0.000001  -0.008251 -0.075548 0.976835
4  17.490084 0.000116 0.000002  -0.343460 -0.060264 -0.702280
5  -3.065329 -4.183576 -0.611479  -1.631021 -0.499057 -1.421312
6  18.474854 -0.000033 -0.000008  -0.002664 0.039514 0.513366
7  17.489584 0.001916 -0.000006  -0.065546 -0.294587 -0.934201
8  -0.000117 -0.048880 -0.576225  1.215279 0.101803 1.469173
9  3.224478 0.767047 0.000495  -0.015257 -0.085349 0.303795
10  3.223914 0.226399 -0.001945  0.091257 0.044057 0.469800
11  5.187325 -1.262562 -0.001176  0.000012 0.000066 0.194111
12  6.928406 -1.935310 -0.000227  -3.015666 -0.011221 0.201063
13  3.236363 1.079616 0.000060  0.713423 0.124642 0.395899
14  0.833756 3.805345 0.692956  -0.040490 0.554884 1.469874
15  0.000040 6.792212 0.000040  0.007989 0.036070 -0.011408
16  -0.000066 7.744810 0.000017  -0.017441 -0.155305 0.068151
17  0.000071 7.809702 0.000020  -0.033637 0.005026 0.006141
18  -0.000021 7.867672 0.000018  -0.073329 -0.127910 0.026376
19  3.494702 -1.749096 -3.006913  0.152547 2.070419 1.936947
20  0.000121 4.478323 0.000019  -0.194658 0.310432 -0.234995
21  0.000048 4.636118 -0.000031  0.035820 0.324593 -0.151767
22  -0.000042 5.008650 0.000014  0.076000 -0.286565 0.276090
23  0.000063 4.781165 0.000010  0.904400 -2.690903 -0.015798
24  2.253038 1.989053 -3.350106  -1.523628 1.324498 0.112403
25  0.000161 6.589466 0.000165  0.206354 -0.002129 -0.080395
26  0.000042 7.491413 0.000039  -0.333514 0.184454 -0.191169
27  0.000026 7.660309 -0.000058  -0.063174 0.127194 -0.062115
28  0.000007 7.256278 0.000018  -0.052940 -0.487829 0.313814
29  -0.791160 2.265114 -1.234655  -0.753898 1.136377 0.824675
30  -0.000251 8.572264 -0.000087  -0.222844 -0.296789 0.176502
31  -0.000098 8.117214 0.000047  0.072256 0.772521 -0.285589
32  -0.000083 8.230036 -0.000069  -0.080491 -0.347232 0.072255
33  0.000058 7.366724 0.000053  -0.015393 -0.663893 0.062740
34  0.224215 0.240122 -3.218158  -0.877373 1.468889 0.577833
35  -0.000098 7.721053 -0.000311  -0.283830 0.060496 -0.167555
36  -0.000032 7.374849 -0.000001  0.007538 -0.195021 0.049539
37  0.000078 6.848106 0.000008  0.005483 0.006497 -0.033649
38  -0.000055 7.777861 0.000007  -0.186096 0.182474 -0.152847
39  -1.514465 2.104646 -1.150167  -0.029093 0.541319 1.555678
40  -0.000170 6.982347 -0.000078  -0.199698 -0.041212 0.153489
41  0.000038 8.382866 -0.000074  0.044865 0.587986 -0.257961
42  0.000011 8.697703 -0.000028  -0.102637 -0.474318 0.290944
43  0.000057 8.921805 -0.000005  -0.076259 0.581005 -0.195605
44  1.196192 2.899149 -2.353086  -0.449718 1.030104 1.287429
45  0.000108 5.476942 0.000004  0.285574 -0.099353 -0.038446
46  -0.000076 6.060436 -0.000090  -0.155020 -0.575032 0.384609
47  0.000021 5.994264 0.000028  0.033940 0.288574 -0.067730
48  -0.000006 6.100493 0.000000  -0.068405 0.299273 -0.162153
49  0.000036 6.916758 0.000013  -0.096319 0.220533 -0.107967
50  0.000150 6.435057 -0.000047  -0.037458 0.171631 -0.116571
51  1.092790 3.649505 -1.738794  -0.148600 0.876612 1.445020
52  -0.000130 6.792203 -0.000101  0.008284 0.107792 -0.048643
53  -0.000087 7.744774 -0.000030  0.057137 -0.256893 0.015458
54  0.000085 9.115019 -0.000037  -0.020393 0.256253 -0.142636
55  3.494517 -1.749108 3.007063  0.118400 1.106974 1.813810
56  0.000016 4.323833 0.000088  -0.229908 -0.770943 0.449225
57  0.000029 4.872902 -0.000020  0.367242 -0.664052 -0.254031
58  0.000004 5.056647 0.000092  -0.511237 0.856586 -0.546325
59  2.292464 1.708613 3.661675  -1.762561 1.789111 -0.218974
60  -0.000173 6.589446 0.000270  -0.007132 -0.169123 0.176909
61  0.000173 7.491495 -0.000150  -0.132413 -0.107097 0.179329
62  -0.000138 8.249660 0.000142  0.041911 -0.058209 0.015813
63  0.000071 8.605236 -0.000029  0.101584 0.501824 -0.079699
64  -0.240487 2.066068 2.349268  -0.357330 2.461713 1.296082
65  -0.000086 7.721110 -0.000003  -0.208231 -0.126224 -0.116496
66  -0.000119 7.374869 -0.000045  -0.111017 0.046939 -0.046460
67  -0.000036 6.848062 -0.000026  0.273533 0.247522 0.299907
68  0.000038 7.777827 -0.000044  0.072920 0.186148 -0.052690
69  -0.000087 8.178056 0.000011  -0.087030 -0.422850 -0.381358
70  1.617604 3.431406 2.399265  -0.249454 2.569514 1.508572
71  -0.000161 5.476938 -0.000028  0.057728 0.074072 0.060285
72  -0.000092 6.060495 -0.000004  -0.015203 0.015650 -0.152064
73  0.000030 5.994251 0.000011  -0.126211 -0.157657 0.153301
74  -0.000079 7.076872 -0.000046  -0.008119 0.010385 0.036400
75  0.000002 7.089865 -0.000070  0.070875 0.098587 -0.025893
76  0.361112 0.886677 3.287746  -0.576377 1.978710 0.939007
77  -0.000067 6.686643 0.000222  -0.146569 0.414163 -0.327709
78  -0.000009 7.638018 0.000012  -0.079523 -0.025947 0.130955
79  -0.000035 7.290229 -0.000024  0.025323 -0.093908 0.023961
80  -0.000034 6.530373 0.000004  -0.261845 -0.300601 0.006736
81  0.000063 7.224880 0.000009  0.036505 0.032480 -0.175821
82  1.071892 3.225792 1.570115  -0.043808 2.859974 1.526249
83  0.000412 6.748904 -0.000064  -0.062699 0.083783 0.022202
84  -0.000045 8.002645 0.000027  -0.067496 -0.117208 -0.115599
85  0.000016 8.580579 -0.000097  0.088211 -0.007187 0.334603
86  0.000166 8.689829 -0.000041  0.065327 -0.412430 -0.134516
87  -1.514540 2.104632 0.318055  -0.024896 3.094490 1.569497
88  0.000189 6.982278 0.000009  -0.107588 -0.057625 -0.215716
89  -0.000008 8.382874 -0.000067  0.135029 -0.099914 0.287073
90  -0.000062 8.697670 0.000023  -0.148088 -0.510100 0.044836
91  -0.000132 8.921825 0.000079  -0.236826 -0.892635 0.098806
92  3.553611 -3.478049 2.409276  0.000822 0.762045 1.535312
93  0.000000 4.476901 -0.000008  -0.151006 -0.588330 0.377259
94  0.000030 4.514124 -0.000025  -0.228867 -2.996201 0.592369
95  0.000046 4.518381 -0.000021  0.143169 2.612778 0.693385
96  0.000023 3.598330 0.000025  -0.749300 0.869853 -0.773231
97  4.209922 -0.440347 1.018822  0.808193 -1.070612 -2.614725
98  4.265503 1.434231 -0.404991  -1.613965 -0.290819 -0.425018
99  9.400236 0.017940 0.083203  0.072775 -0.065228 -1.332473
100  10.242421 0.033592 0.064477  2.824445 -0.337402 -0.334065
101  3.465855 -0.059683 0.016695  -0.028887 -0.028008 -0.328171
102  1.655596 -0.000019 0.000020  -0.020275 -0.124777 -0.521010
103  0.960771 -0.000008 -0.000005  0.000460 0.000154 -0.231870
104  3.462028 -0.064250 0.939909  0.328601 -0.026095 -0.156121
105  1.497178 -0.000005 0.000023  -0.491598 -0.041073 -0.094107
106  0.793760 -0.000002 0.000001  0.002302 -0.007905 -0.134358
107  0.591662 -0.460693 0.835206  -1.141796 -0.776744 -0.450516
108  1.556141 -0.000001 0.000001  -0.180562 0.115033 0.422940
109  1.135904 0.000018 0.000006  0.006813 0.027617 0.407964
110  3.084268 -0.668825 -1.257085  -0.668369 0.005091 -0.544272
111  1.064202 -0.000009 0.000004  -0.012067 0.097461 -0.779427
112  0.640343 0.000003 -0.000007  -0.006264 -0.005055 -0.469670
113  3.396822 -0.242139 -0.708690  -0.378987 0.036609 -0.383152
114  1.532970 -0.000000 0.000005  0.010386 -0.009005 -0.708151
115  0.832976 -0.000003 -0.000005  0.001509 -0.010822 -0.592717
116  4.209945 -0.440344 -1.019280  -0.748923 0.674928 -2.703259
117  4.266745 1.424938 0.424938  1.295868 0.088102 -0.481783
118  9.398559 0.011951 -0.082512  -0.011101 0.060223 -0.476590
119  10.242435 0.028177 -0.062907  -1.611893 0.043813 -0.138107
120  3.465751 -0.067528 0.002268  -0.178488 0.226792 -1.631456
121  1.655558 0.000001 0.000004  -0.123156 0.212554 -1.204977
122  0.960909 0.000004 -0.000000  -0.050829 0.145318 -0.983253
123  3.466857 -0.077781 -0.920909  -0.421867 0.095164 -1.603295
124  1.497257 -0.000035 -0.000023  -0.621759 0.348778 -1.113828
125  0.793789 -0.000008 0.000002  -0.393028 0.524605 -1.028538
126  0.595080 -0.467152 -0.829175  2.360845 0.654098 -0.566848
127  1.555673 0.000013 -0.000003  0.489695 0.402490 0.906484
128  1.136810 -0.000008 -0.000001  0.397581 0.384583 0.874845
129  3.075976 -0.667968 1.277702  0.578525 0.320832 -1.268600
130  1.064595 0.000021 0.000010  0.053348 -0.130902 -1.232098
131  0.640360 -0.000017 -0.000004  -0.037801 -0.047056 -0.900793
132  3.392414 -0.245369 0.728377  0.155477 0.337212 -1.621797
133  1.532733 -0.000013 -0.000002  -0.011109 0.019879 -1.189429
134  0.833152 0.000009 0.000006  -0.046547 -0.021562 -1.211537
135  3.590114 -3.090297 1.193973  1.635456 1.210566 1.548541
136  3.589559 -3.089881 -1.196372  -1.505736 1.210473 -1.592853
137  -0.436555 4.719023 -0.001076  -0.000591 -1.570733 1.693129
138  -0.000001 2.775457 -0.000236  -0.135089 0.000001 -0.000000
139  -0.000003 3.189769 0.000007  0.207820 -0.000000 0.000000
140  -0.000001 3.504653 0.000046  -0.261876 0.000000 -0.000000
141  0.000000 2.863203 -0.000003  -0.051268 -0.000000 -0.000000
time 8
0 65.170179 0.110233 39.093422 1.570862 0.000000 -0.000000
1  0.002636 43.025146 0.734438  0.407934 -0.900115 -0.601673
2  3.061857 -4.181011 -0.610804  -1.519906 0.004701 -0.979387
3  18.476774 0.000159 -0.000001  -0.002133 -0.062427 0.799711
4  17.490084 0.000119 0.000003  -0.369532 -0.031093 -0.883080
5  -3.065330 -4.183573 -0.611480  -1.923227 -0.568182 -1.318549
6  18.474854 -0.000036 -0.000009  -0.002550 0.041126 0.533098
7  17.489586 0.001916 -0.000009  0.052929 -0.122369 -0.931704
8  -0.000117 -0.048879 -0.576226  1.214360 0.076794 1.520702
9  3.224482 0.767046 0.000496  -0.007530 -0.081764 0.296507
10  3.223908 0.226399 -0.001946  0.086169 0.042727 0.448736
11  5.187316 -1.262559 -0.001176  0.000012 0.000066 0.194111
12  6.928409 -1.935312 -0.000228  -3.006112 -0.020152 0.201937
13  3.236359 1.079612 0.000056  0.685144 0.113528 0.406013
14  0.833752 3.805354 0.692957  -0.040490 0.554884 1.469874
15  0.000033 6.792210 0.000040  0.007990 0.036070 -0.011408
16  -0.000069 7.744817 0.000017  -0.017441 -0.155305 0.068152
17  0.000073 7.809698 0.000017  -0.033636 0.005025 0.006141
18  -0.000028 7.867674 0.000019  -0.073329 -0.127910 0.026376
19  3.494691 -1.749092 -3.006912  0.152547 2.070418 1.936947
20  0.000119 4.478317 0.000017  -0.194658 0.310432 -0.234995
21  0.000047 4.636115 -0.000029  0.035820 0.324593 -0.151767
22  -0.000042 5.008645 0.000013  0.075999 -0.286565 0.276090
23  0.000064 4.781169 0.000013  0.904400 -2.690903 -0.015798
24  2.253032 1.989057 -3.350106  -1.523628 1.324498 0.112403
25  0.000163 6.589464 0.000165  0.206354 -0.002129 -0.080395
26  0.000041 7.491415 0.000042  -0.333514 0.184454 -0.191169
27  0.000023 7.660309 -0.000058  -0.063174 0.127194 -0.062116
28  0.000004 7.256269 0.000019  -0.052940 -0.487829 0.313814
29  -0.791163 2.265121 -1.234655  -0.753898 1.136377 0.824675
30  -0.000255 8.572266 -0.000092  -0.222844 -0.296789 0.176502
31  -0.000092 8.117213 0.000048  0.072256 0.772521 -0.285589
32  -0.000080 8.230036 -0.000071  -0.080491 -0.347232 0.072255
33  0.000058 7.366725 0.000052  -0.015393 -0.663893 0.062740
34  0.224209 0.240128 -3.218158  -0.877373 1.468889 0.577834
35  -0.000102 7.721055 -0.000306  -0.283830 0.060496 -0.167555
36  -0.000031 7.374851 -0.000002  0.007538 -0.195021 0.049539
37  0.000077 6.848102 0.000006  0.005483 0.006497 -0.033649
38  -0.000052 7.777864 0.000007  -0.186096 0.182474 -0.152847
39  -1.514471 2.104651 -1.150167  -0.029093 0.541319 1.555678
40  -0.000169 6.982347 -0.000078  -0.199698 -0.041212 0.153489
41  0.000035 8.382863 -0.000074  0.044865 0.587986 -0.257961
42  0.000012 8.697701 -0.000028  -0.102637 -0.474318 0.290944
43  0.000057 8.921806 -0.000005  -0.076259 0.581005 -0.195605
44  1.196184 2.899157 -2.353085  -0.449718 1.030104 1.287429
45  0.000104 5.476945 0.000010  0.285574 -0.099353 -0.038446
46  -0.000076 6.060441 -0.000089  -0.155020 -0.575032 0.384609
47  0.000018 5.994264 0.000030  0.033940 0.288574 -0.067730
48  -0.000007 6.100482 0.000002  -0.068405 0.299273 -0.162153
49  0.000035 6.916759 0.000008  -0.096319 0.220533 -0.107967
50  0.000149 6.435056 -0.000043  -0.037458 0.171631 -0.116571
51  1.092791 3.649513 -1.738794  -0.148600 0.876612 1.445020
52  -0.000129 6.792202 -0.000106  0.008285 0.107792 -0.048643
53  -0.000088 7.744774 -0.000031  0.057137 -0.256893 0.015458
54  0.000087 9.115017 -0.000036  -0.020393 0.256253 -0.142636
55  3.494505 -1.749105 3.007065  0.118400 1.106974 1.813809
56  0.000015 4.323836 0.000091  -0.229908 -0.770943 0.449225
57  0.000030 4.872888 -0.000021  0.367242 -0.664052 -0.254032
58  0.000002 5.056648 0.000090  -0.511237 0.856586 -0.546325
59  2.292458 1.708616 3.661676  -1.762560 1.789111 -0.218974
60  -0.000172 6.589440 0.000281  -0.007132 -0.169123 0.176909
61  0.000173 7.491495 -0.000153  -0.132413 -0.107097 0.179329
62  -0.000139 8.249659 0.000145  0.041911 -0.058209 0.015813
63  0.000072 8.605233 -0.000025  0.101584 0.501824 -0.079699
64  -0.240493 2.066073 2.349268  -0.357330 2.461713 1.296082
65  -0.000086 7.721102 -0.000003  -0.208231 -0.126224 -0.116496
66  -0.000119 7.374872 -0.000047  -0.111017 0.046939 -0.046460
67  -0.000034 6.848060 -0.000026  0.273533 0.247522 0.299907
68  0.000040 7.777826 -0.000044  0.072920 0.186148 -0.052690
69  -0.000086 8.178050 0.000011  -0.087030 -0.422850 -0.381358
70  1.617598 3.431410 2.399266  -0.249454 2.569514 1.508572
71  -0.000160 5.476944 -0.000030  0.057728 0.074072 0.060285
72  -0.000094 6.060494 -0.000005  -0.015203 0.015650 -0.152064
73  0.000025 5.994254 0.000012  -0.126211 -0.157657 0.153301
74  -0.000078 7.076870 -0.000047  -0.008119 0.010384 0.036400
75  0.000004 7.089872 -0.000069  0.070875 0.098587 -0.025893
76  0.361105 0.886684 3.287747  -0.576377 1.978710 0.939007
77  -0.000068 6.686640 0.000227  -0.146569 0.414163 -0.327709
78  -0.000009 7.638020 0.000013  -0.079523 -0.025947 0.130955
79  -0.000033 7.290226 -0.000023  0.025323 -0.093908 0.023961
80  -0.000031 6.530375 0.000003  -0.261845 -0.300601 0.006736
81  0.000064 7.224876 0.000010  0.036505 0.032481 -0.175821
82  1.071889 3.225795 1.570116  -0.043808 2.859974 1.526249
83  0.000413 6.748909 -0.000067  -0.062699 0.083783 0.022202
84  -0.000046 8.002642 0.000026  -0.067496 -0.117209 -0.115599
85  0.000013 8.580572 -0.000096  0.088211 -0.007187 0.334603
86  0.000170 8.689831 -0.000041  0.065327 -0.412430 -0.134515
87  -1.514541 2.104640 0.318056  -0.024896 3.094490 1.569497
88  0.000196 6.982284 0.000011  -0.107588 -0.057625 -0.215716
89  -0.000009 8.382870 -0.000067  0.135029 -0.099914 0.287073
90  -0.000061 8.697668 0.000023  -0.148088 -0.510100 0.044836
91  -0.000134 8.921827 0.000080  -0.236826 -0.892635 0.098806
92  3.553609 -3.478045 2.409277  0.000822 0.762045 1.535311
93  -0.000003 4.476897 -0.000009  -0.151006 -0.588330 0.377259
94  0.000030 4.514123 -0.000024  -0.228867 -2.996201 0.592369
95  0.000044 4.518382 -0.000019  0.143170 2.612778 0.693385
96  0.000022 3.598330 0.000023  -0.749300 0.869853 -0.773231
97  4.209919 -0.440344 1.018823  0.838610 -1.057113 -2.647991
98  4.265509 1.434231 -0.404993  -1.626201 -0.328288 -0.382708
99  9.400229 0.017942 0.083203  0.073007 -0.065148 -1.335706
100  10.242419 0.033588 0.064483  2.800477 -0.323149 -0.302177
101  3.465856 -0.059682 0.016693  -0.028887 -0.028008 -0.328171
102  1.655593 -0.000024 0.000023  -0.020275 -0.124777 -0.521010
103  0.960772 -0.000000 -0.000005  0.000460 0.000153 -0.231870
104  3.462027 -0.064249 0.939908  0.328601 -0.026096 -0.156121
105  1.497178 -0.000007 0.000019  -0.491598 -0.041073 -0.094107
106  0.793762 0.000003 -0.000003  0.002302 -0.007905 -0.134358
107  0.591663 -0.460697 0.835205  -1.141796 -0.776744 -0.450516
108  1.556142 0.000002 -0.000001  -0.180562 0.115033 0.422940
109  1.135906 0.000015 0.000004  0.006813 0.027617 0.407964
110  3.084269 -0.668826 -1.257086  -0.668369 0.005091 -0.544272
111  1.064201 -0.000001 0.000005  -0.012068 0.097461 -0.779427
112  0.640336 0.000003 -0.000008  -0.006264 -0.005055 -0.469670
113  3.396822 -0.242144 -0.708690  -0.378987 0.036609 -0.383152
114  1.532970 0.000008 0.000009  0.010386 -0.009005 -0.708151
115  0.832974 -0.000006 -0.000001  0.001509 -0.010822 -0.592717
116  4.209944 -0.440343 -1.019280  -0.748988 0.674984 -2.703384
117  4.266746 1.424938 0.424937  1.306969 0.051394 -0.482059
118  9.398564 0.011953 -0.082514  -0.013476 0.061597 -0.511974
119  10.242439 0.028176 -0.062903  -1.605738 0.039154 -0.130038
120  3.465745 -0.067527 0.002267  -0.178488 0.226792 -1.631456
121  1.655558 0.000003 0.000003  -0.123156 0.212554 -1.204976
122  0.960907 0.000003 0.000002  -0.050829 0.145318 -0.983253
123  3.466853 -0.077782 -0.920910  -0.421867 0.095164 -1.603295
124  1.497263 -0.000032 -0.000023  -0.621759 0.348778 -1.113828
125  0.793790 -0.000006 0.000001  -0.393027 0.524606 -1.028538
126  0.595073 -0.467148 -0.829176  2.360845 0.654098 -0.566848
127  1.555678 0.000020 -0.000003  0.489695 0.402490 0.906484
128  1.136812 -0.000008 -0.000001  0.397581 0.384583 0.874845
129  3.075970 -0.667967 1.277701  0.578525 0.320832 -1.268600
130  1.064597 0.000019 0.000011  0.053348 -0.130902 -1.232098
131  0.640363 -0.000011 -0.000003  -0.037801 -0.047056 -0.900793
132  3.392406 -0.245370 0.728375  0.155477 0.337212 -1.621797
133  1.532736 -0.000007 -0.000001  -0.011109 0.019879 -1.189429
134  0.833152 0.000008 0.000006  -0.046547 -0.021562 -1.211537
135  3.590109 -3.090294 1.193973  1.635457 1.210566 1.548541
136  3.589556 -3.089878 -1.196371  -1.505736 1.210473 -1.592853
137  -0.436561 4.719026 -0.001074  -0.000354 -1.570733 1.693378
138  0.000001 2.775460 -0.000233  -0.135089 0.000001 0.000000
139  -0.000001 3.189768 0.000011  0.207820 -0.000000 0.000000
140  -0.000000 3.504651 0.000044  -0.261876 0.000000 -0.000000
141  0.000001 2.863201 -0.000002  -0.051268 -0.000000 -0.000000
time 9
0 73.412426 0.265640 38.929119 1.570862 0.000000 -0.000000
1  0.002636 43.025146 0.734438  0.452717 -0.881709 -0.655791
2  3.061857 -4.181007 -0.610803  -1.586194 -0.029073 -0.932012
3  18.476776 0.000159 -0.000002  -0.004557 -0.068376 0.878211
4  17.490086 0.000118 0.000004  -0.392318 -0.093202 -1.257963
5  -3.065331 -4.183568 -0.611479  -1.951790 -0.582153 -1.286094
6  18.474857 -0.000034 -0.000007  -0.002776 0.032280 0.425039
7  17.489580 0.001916 -0.000006  -0.002701 -0.070541 -0.811056
8  -0.000118 -0.048881 -0.576226  1.228232 0.062536 1.574947
9  3.224488 0.767047 0.000495  0.009431 -0.078928 0.293796
10  3.223911 0.226399 -0.001944  0.076599 0.040065 0.443418
11  5.187320 -1.262560 -0.001178  0.000012 0.000066 0.194111
12  6.928410 -1.935310 -0.000228  -3.002775 -0.026163 0.205627
13  3.236370 1.079616 0.000057  0.658612 0.111198 0.430263
14  0.833765 3.805356 0.692956  -0.040490 0.554884 1.469874
15  0.000038 6.792207 0.000035  0.007990 0.036070 -0.011408
16  -0.000065 7.744819 0.000014  -0.017441 -0.155305 0.068152
17  0.000075 7.809702 0.000019  -0.033636 0.005025 0.006141
18  -0.000027 7.867674 0.000017  -0.073329 -0.127910 0.026376
19  3.494704 -1.749091 -3.006912  0.152547 2.070418 1.936946
20  0.000119 4.478320 0.000018  -0.194658 0.310432 -0.234995
21  0.000048 4.636116 -0.000031  0.035820 0.324593 -0.151767
22  -0.000042 5.008654 0.000012  0.076000 -0.286565 0.276090
23  0.000065 4.781167 0.000006  0.904400 -2.690903 -0.015798
24  2.253039 1.989061 -3.350105  -1.523628 1.324498 0.112404
25  0.000159 6.589466 0.000169  0.206354 -0.002129 -0.080395
26  0.000044 7.491413 0.000043  -0.333514 0.184454 -0.191169
27  0.000028 7.660301 -0.000054  -0.063174 0.127194 -0.062116
28  0.000006 7.256272 0.000017  -0.052940 -0.487829 0.313814
29  -0.791159 2.265119 -1.234655  -0.753898 1.136377 0.824675
30  -0.000260 8.572264 -0.000093  -0.222844 -0.296789 0.176502
31  -0.000095 8.117208 0.000049  0.072256 0.772521 -0.285589
32  -0.000083 8.230030 -0.000071  -0.080491 -0.347232 0.072256
33  0.000058 7.366725 0.000053  -0.015393 -0.663893 0.062740
34  0.224214 0.240127 -3.218157  -0.877373 1.468889 0.577834
35  -0.000100 7.721054 -0.000304  -0.283830 0.060496 -0.167555
36  -0.000031 7.374851 -0.000001  0.007538 -0.195021 0.049539
37  0.000076 6.848103 0.000005  0.005483 0.006497 -0.033649
38  -0.000050 7.777864 0.000008  -0.186096 0.182474 -0.152847
39  -1.514468 2.104651 -1.150166  -0.029093 0.541319 1.555678
40  -0.000167 6.982349 -0.000074  -0.199698 -0.041212 0.153489
41  0.000038 8.382861 -0.000073  0.044865 0.587986 -0.257961
42  0.000013 8.697702 -0.000026  -0.102637 -0.474318 0.290944
43  0.000057 8.921803 -0.000002  -0.076259 0.581005 -0.195605
44  1.196194 2.899156 -2.353086  -0.449718 1.030104 1.287429
45  0.000103 5.476951 0.000005  0.285574 -0.099353 -0.038446
46  -0.000075 6.060438 -0.000091  -0.155020 -0.575032 0.384609
47  0.000019 5.994269 0.000029  0.033940 0.288574 -0.067730
48  -0.000009 6.100487 0.000000  -0.068405 0.299273 -0.162153
49  0.000033 6.916755 0.000008  -0.096319 0.220533 -0.107967
50  0.000152 6.435060 -0.000043  -0.037458 0.171631 -0.116571
51  1.092793 3.649513 -1.738794  -0.148600 0.876612 1.445020
52  -0.000129 6.792200 -0.000105  0.008285 0.107792 -0.048643
53  -0.000090 7.744776 -0.000032  0.057137 -0.256893 0.015458
54  0.000084 9.115021 -0.000039  -0.020393 0.256253 -0.142636
55  3.494510 -1.749104 3.007065  0.118400 1.106974 1.813810
56  0.000015 4.323835 0.000089  -0.229908 -0.770942 0.449225
57  0.000029 4.872899 -0.000021  0.367242 -0.664052 -0.254032
58  0.000006 5.056653 0.000091  -0.511237 0.856585 -0.546325
59  2.292468 1.708619 3.661676  -1.762561 1.789111 -0.218974
60  -0.000175 6.589443 0.000272  -0.007132 -0.169123 0.176909
61  0.000172 7.491493 -0.000154  -0.132413 -0.107097 0.179329
62  -0.000140 8.249664 0.000143  0.041911 -0.058209 0.015813
63  0.000074 8.605236 -0.000029  0.101584 0.501824 -0.079699
64  -0.240487 2.066074 2.349268  -0.357330 2.461713 1.296082
65  -0.000085 7.721106 -0.000004  -0.208231 -0.126224 -0.116496
66  -0.000120 7.374867 -0.000046  -0.111017 0.046939 -0.046460
67  -0.000037 6.848064 -0.000026  0.273533 0.247522 0.299906
68  0.000030 7.777824 -0.000043  0.072920 0.186148 -0.052690
69  -0.000087 8.178050 0.000011  -0.087030 -0.422850 -0.381358
70  1.617606 3.431414 2.399266  -0.249454 2.569514 1.508572
71  -0.000157 5.476950 -0.000028  0.057728 0.074072 0.060285
72  -0.000085 6.060496 -0.000006  -0.015203 0.015650 -0.152065
73  0.000022 5.994251 0.000011  -0.126211 -0.157657 0.153301
74  -0.000078 7.076875 -0.000047  -0.008119 0.010385 0.036400
75  0.000006 7.089870 -0.000070  0.070875 0.098587 -0.025893
76  0.361112 0.886685 3.287747  -0.576377 1.978710 0.939007
77  -0.000066 6.686644 0.000230  -0.146569 0.414163 -0.327709
78  -0.000012 7.638018 0.000013  -0.079523 -0.025947 0.130955
79  -0.000031 7.290229 -0.000023  0.025323 -0.093908 0.023961
80  -0.000035 6.530370 0.000004  -0.261845 -0.300601 0.006736
81  0.000063 7.224879 0.000009  0.036505 0.032481 -0.175821
82  1.071897 3.225799 1.570116  -0.043808 2.859974 1.526249
83  0.000413 6.748902 -0.000065  -0.062699 0.083783 0.022202
84  -0.000048 8.002654 0.000026  -0.067496 -0.117209 -0.115599
85  0.000013 8.580570 -0.000097  0.088211 -0.007187 0.334603
86  0.000171 8.689833 -0.000042  0.065327 -0.412430 -0.134515
87  -1.514531 2.104640 0.318056  -0.024896 3.094490 1.569497
88  0.000193 6.982285 0.000011  -0.107588 -0.057625 -0.215716
89  -0.000010 8.382878 -0.000068  0.135029 -0.099914 0.287073
90  -0.000061 8.697666 0.000022  -0.148088 -0.510101 0.044836
91  -0.000138 8.921822 0.000080  -0.236826 -0.892635 0.098806
92  3.553613 -3.478044 2.409279  0.000822 0.762045 1.535311
93  -0.000003 4.476897 -0.000008  -0.151006 -0.588330 0.377259
94  0.000031 4.514121 -0.000024  -0.228867 -2.996201 0.592368
95  0.000043 4.518379 -0.000021  0.143170 2.612778 0.693385
96  0.000021 3.598325 0.000023  -0.749300 0.869853 -0.773231
97  4.209924 -0.440345 1.018821  0.881555 -1.040519 -2.694142
98  4.265502 1.434231 -0.404992  -1.643435 -0.380438 -0.332827
99  9.400239 0.017941 0.083205  0.072070 -0.065466 -1.322644
100  10.242418 0.033592 0.064481  2.775795 -0.311087 -0.283171
101  3.465856 -0.059678 0.016693  -0.028887 -0.028008 -0.328171
102  1.655592 -0.000014 0.000023  -0.020275 -0.124776 -0.521010
103  0.960766 -0.000002 -0.000008  0.000460 0.000153 -0.231870
104  3.462027 -0.064250 0.939910  0.328601 -0.026095 -0.156121
105  1.497179 -0.000005 0.000023  -0.491598 -0.041073 -0.094107
106  0.793760 0.000003 -0.000004  0.002302 -0.007905 -0.134358
107  0.591662 -0.460696 0.835207  -1.141796 -0.776744 -0.450516
108  1.556140 -0.000001 -0.000003  -0.180562 0.115033 0.422940
109  1.135904 0.000020 0.000006  0.006813 0.027617 0.407964
110  3.084269 -0.668823 -1.257087  -0.668369 0.005091 -0.544272
111  1.064199 -0.000005 0.000005  -0.012068 0.097461 -0.779427
112  0.640337 0.000003 -0.000007  -0.006264 -0.005055 -0.469670
113  3.396821 -0.242140 -0.708689  -0.378987 0.036609 -0.383152
114  1.532970 0.000004 0.000004  0.010386 -0.009005 -0.708152
115  0.832974 0.000000 -0.000002  0.001509 -0.010822 -0.592717
116  4.209948 -0.440341 -1.019281  -0.748902 0.674840 -2.703149
117  4.266746 1.424942 0.424937  1.335013 0.010386 -0.485634
118  9.398562 0.011952 -0.082516  -0.016660 0.063269 -0.558331
119  10.242442 0.028177 -0.062905  -1.598973 0.033153 -0.118774
120  3.465747 -0.067526 0.002268  -0.178488 0.226792 -1.631456
121  1.655557 0.000003 0.000005  -0.123156 0.212554 -1.204977
122  0.960909 -0.000000 0.000000  -0.050829 0.145318 -0.983253
123  3.466856 -0.077779 -0.920909  -0.421867 0.095164 -1.603295
124  1.497258 -0.000031 -0.000020  -0.621759 0.348778 -1.113828
125  0.793790 -0.000005 -0.000001  -0.393028 0.524606 -1.028538
126  0.595077 -0.467146 -0.829175  2.360845 0.654098 -0.566848
127  1.555677 0.000014 -0.000003  0.489695 0.402490 0.906484
128  1.136811 -0.000009 -0.000002  0.397581 0.384583 0.874845
129  3.075972 -0.667962 1.277701  0.578525 0.320832 -1.268600
130  1.064595 0.000017 0.000010  0.053348 -0.130902 -1.232098
131  0.640362 -0.000019 -0.000003  -0.037801 -0.047056 -0.900793
132  3.392413 -0.245370 0.728376  0.155477 0.337212 -1.621797
133  1.532739 -0.000013 -0.000003  -0.011109 0.019879 -1.189429
134  0.833150 0.000004 0.000006  -0.046547 -0.021562 -1.211537
135  3.590107 -3.090296 1.193971  1.635457 1.210566 1.548541
136  3.589560 -3.089880 -1.196373  -1.505736 1.210473 -1.592853
137  -0.436564 4.719026 -0.001077  -0.001181 -1.570733 1.693759
138  0.000000 2.775454 -0.000239  -0.135089 0.000001 0.000000
139  0.000003 3.189775 0.000007  0.207820 -0.000000 -0.000000
140  0.000001 3.504650 0.000046  -0.261876 0.000000 -0.000000
141  -0.000001 2.863200 -0.000002  -0.051268 -0.000000 0.000000
time 10
0 81.676431 0.351937 38.569408 1.570862 0.000000 -0.000000
1  0.002636 43.025146 0.734438  0.467023 -0.890447 -0.687091
2  3.061860 -4.181013 -0.610804  -1.666963 0.031340 -0.918205
3  18.476776 0.000159 -0.000000  -0.002855 -0.064341 0.824696
4  17.490084 0.000117 0.000005  -0.377942 -0.177451 -1.644263
5  -3.065328 -4.183578 -0.611480  -1.888778 -0.572780 -1.302579
6  18.474857 -0.000037 -0.000006  -0.001752 0.021488 0.292673
7  17.489586 0.001916 -0.000004  -0.117416 -0.062528 -0.674887
8  -0.000114 -0.048885 -0.576226  1.251507 0.057795 1.612598
9  3.224481 0.767046 0.000496  0.027455 -0.076270 0.301339
10  3.223914 0.226399 -0.001944  0.066028 0.020029 0.459562
11  5.187325 -1.262562 -0.001178  0.000012 0.000066 0.194111
12  6.928404 -1.935314 -0.000227  -3.006380 -0.016382 0.210052
13  3.236370 1.079605 0.000058  0.641861 0.115734 0.466662
14  0.833765 3.805353 0.692955  -0.040490 0.554884 1.469874
15  0.000041 6.792205 0.000039  0.007990 0.036070 -0.011408
16  -0.000064 7.744824 0.000018  -0.017440 -0.155305 0.068152
17  0.000075 7.809706 0.000018  -0.033636 0.005026 0.006141
18  -0.000027 7.867676 0.000017  -0.073329 -0.127910 0.026376
19  3.494704 -1.749094 -3.006912  0.152547 2.070418 1.936946
20  0.000118 4.478320 0.000016  -0.194658 0.310432 -0.234995
21  0.000049 4.636119 -0.000028  0.035820 0.324593 -0.151767
22  -0.000041 5.008652 0.000014  0.076000 -0.286565 0.276090
23  0.000065 4.781168 0.000010  0.904400 -2.690903 -0.015798
24  2.253042 1.989058 -3.350107  -1.523628 1.324498 0.112404
25  0.000164 6.589460 0.000168  0.206354 -0.002129 -0.080395
26  0.000043 7.491419 0.000041  -0.333514 0.184454 -0.191169
27  0.000027 7.660304 -0.000059  -0.063174 0.127194 -0.062115
28  0.000006 7.256271 0.000017  -0.052940 -0.487829 0.313814
29  -0.791159 2.265119 -1.234656  -0.753898 1.136377 0.824675
30  -0.000259 8.572258 -0.000089  -0.222844 -0.296789 0.176502
31  -0.000093 8.117209 0.000047  0.072256 0.772521 -0.285589
32  -0.000084 8.230034 -0.000069  -0.080491 -0.347232 0.072256
33  0.000055 7.366729 0.000052  -0.015393 -0.663893 0.062740
34  0.224219 0.240127 -3.218158  -0.877374 1.468889 0.577834
35  -0.000101 7.721052 -0.000314  -0.283830 0.060496 -0.167555
36  -0.000030 7.374855 -0.000005  0.007538 -0.195021 0.049538
37  0.000076 6.848100 0.000007  0.005483 0.006497 -0.033649
38  -0.000052 7.777867 0.000009  -0.186096 0.182474 -0.152847
39  -1.514464 2.104648 -1.150167  -0.029093 0.541319 1.555678
40  -0.000167 6.982347 -0.000078  -0.199698 -0.041212 0.153489
41  0.000037 8.382862 -0.000073  0.044865 0.587986 -0.257961
42  0.000013 8.697701 -0.000026  -0.102637 -0.474318 0.290944
43  0.000055 8.921807 -0.000003  -0.076259 0.581005 -0.195605
44  1.196201 2.899157 -2.353086  -0.449718 1.030104 1.287429
45  0.000105 5.476940 0.000005  0.285574 -0.099353 -0.038446
46  -0.000075 6.060433 -0.000090  -0.155020 -0.575032 0.384609
47  0.000017 5.994260 0.000029  0.033940 0.288574 -0.067730
48  -0.000008 6.100490 -0.000001  -0.068405 0.299274 -0.162153
49  0.000034 6.916761 0.000012  -0.096319 0.220533 -0.107967
50  0.000149 6.435057 -0.000047  -0.037458 0.171631 -0.116571
51  1.092800 3.649513 -1.738795  -0.148600 0.876612 1.445020
52  -0.000128 6.792197 -0.000103  0.008285 0.107792 -0.048643
53  -0.000088 7.744778 -0.000033  0.057137 -0.256893 0.015458
54  0.000084 9.115020 -0.000039  -0.020393 0.256253 -0.142636
55  3.494521 -1.749104 3.007065  0.118400 1.106974 1.813810
56  0.000017 4.323835 0.000088  -0.229908 -0.770943 0.449225
57  0.000030 4.872897 -0.000020  0.367242 -0.664052 -0.254032
58  0.000002 5.056650 0.000091  -0.511237 0.856585 -0.546325
59  2.292466 1.708613 3.661676  -1.762560 1.789111 -0.218974
60  -0.000172 6.589447 0.000276  -0.007132 -0.169123 0.176909
61  0.000174 7.491495 -0.000151  -0.132413 -0.107097 0.179329
62  -0.000140 8.249663 0.000141  0.041911 -0.058209 0.015813
63  0.000074 8.605238 -0.000030  0.101584 0.501824 -0.079699
64  -0.240487 2.066070 2.349268  -0.357330 2.461713 1.296082
65  -0.000090 7.721100 -0.000003  -0.208231 -0.126224 -0.116496
66  -0.000122 7.374863 -0.000047  -0.111017 0.046939 -0.046460
67  -0.000035 6.848063 -0.000026  0.273533 0.247522 0.299906
68  0.000035 7.777821 -0.000044  0.072920 0.186148 -0.052690
69  -0.000083 8.178051 0.000011  -0.087030 -0.422850 -0.381358
70  1.617603 3.431409 2.399266  -0.249454 2.569514 1.508572
71  -0.000156 5.476948 -0.000029  0.057728 0.074072 0.060285
72  -0.000092 6.060493 -0.000006  -0.015203 0.015650 -0.152064
73  0.000026 5.994255 0.000011  -0.126211 -0.157657 0.153301
74  -0.000083 7.076870 -0.000046  -0.008119 0.010385 0.036400
75  0.000004 7.089872 -0.000070  0.070875 0.098587 -0.025893
76  0.361110 0.886681 3.287746  -0.576377 1.978710 0.939007
77  -0.000065 6.686640 0.000220  -0.146569 0.414163 -0.327709
78  -0.000011 7.638027 0.000013  -0.079523 -0.025948 0.130955
79  -0.000034 7.290230 -0.000023  0.025323 -0.093908 0.023961
80  -0.000033 6.530374 0.000005  -0.261846 -0.300601 0.006736
81  0.000064 7.224885 0.000009  0.036505 0.032481 -0.175821
82  1.071899 3.225793 1.570116  -0.043808 2.859974 1.526248
83  0.000412 6.748899 -0.000065  -0.062699 0.083783 0.022202
84  -0.000049 8.002647 0.000028  -0.067496 -0.117209 -0.115599
85  0.000013 8.580570 -0.000098  0.088211 -0.007187 0.334603
86  0.000166 8.689836 -0.000042  0.065327 -0.412430 -0.134515
87  -1.514531 2.104637 0.318056  -0.024896 3.094490 1.569497
88  0.000192 6.982284 0.000012  -0.107588 -0.057625 -0.215716
89  -0.000008 8.382876 -0.000067  0.135029 -0.099914 0.287073
90  -0.000060 8.697672 0.000024  -0.148088 -0.510100 0.044836
91  -0.000135 8.921825 0.000077  -0.236826 -0.892635 0.098806
92  3.553621 -3.478045 2.409278  0.000822 0.762046 1.535312
93  -0.000001 4.476901 -0.000007  -0.151006 -0.588330 0.377259
94  0.000033 4.514120 -0.000022  -0.228867 -2.996201 0.592369
95  0.000043 4.518380 -0.000022  0.143170 2.612778 0.693385
96  0.000024 3.598328 0.000024  -0.749300 0.869853 -0.773231
97  4.209916 -0.440350 1.018822  0.934688 -1.019739 -2.750595
98  4.265507 1.434228 -0.404991  -1.669476 -0.446377 -0.277815
99  9.400237 0.017941 0.083203  0.069682 -0.066216 -1.289583
100  10.242422 0.033595 0.064480  2.753946 -0.298998 -0.280821
101  3.465856 -0.059683 0.016693  -0.028887 -0.028008 -0.328171
102  1.655596 -0.000015 0.000022  -0.020275 -0.124776 -0.521010
103  0.960767 0.000000 -0.000005  0.000460 0.000154 -0.231870
104  3.462029 -0.064247 0.939907  0.328601 -0.026095 -0.156121
105  1.497179 -0.000008 0.000023  -0.491598 -0.041073 -0.094107
106  0.793760 -0.000000 -0.000003  0.002302 -0.007905 -0.134358
107  0.591663 -0.460692 0.835205  -1.141796 -0.776744 -0.450516
108  1.556140 0.000002 0.000005  -0.180562 0.115033 0.422940
109  1.135905 0.000018 0.000001  0.006813 0.027617 0.407964
110  3.084269 -0.668822 -1.257087  -0.668369 0.005091 -0.544272
111  1.064202 0.000002 0.000005  -0.012068 0.097461 -0.779427
112  0.640333 0.000005 -0.000007  -0.006264 -0.005055 -0.469670
113  3.396822 -0.242138 -0.708691  -0.378987 0.036609 -0.383152
114  1.532969 0.000004 0.000004  0.010386 -0.009005 -0.708151
115  0.832976 -0.000002 -0.000003  0.001509 -0.010822 -0.592717
116  4.209935 -0.440344 -1.019278  -0.748953 0.674927 -2.703226
117  4.266745 1.424943 0.424938  1.373604 -0.017716 -0.502180
118  9.398563 0.011953 -0.082515  -0.019983 0.064821 -0.605608
119  10.242436 0.028176 -0.062906  -1.593568 0.027037 -0.107913
120  3.465756 -0.067530 0.002267  -0.178488 0.226792 -1.631456
121  1.655554 0.000000 0.000004  -0.123156 0.212554 -1.204976
122  0.960908 0.000001 0.000000  -0.050829 0.145318 -0.983253
123  3.466862 -0.077782 -0.920910  -0.421867 0.095164 -1.603295
124  1.497257 -0.000033 -0.000023  -0.621759 0.348778 -1.113829
125  0.793787 -0.000007 0.000000  -0.393028 0.524605 -1.028538
126  0.595086 -0.467152 -0.829176  2.360845 0.654098 -0.566848
127  1.555672 0.000015 -0.000003  0.489695 0.402490 0.906484
128  1.136813 -0.000008 0.000000  0.397581 0.384583 0.874845
129  3.075980 -0.667968 1.277700  0.578525 0.320832 -1.268600
130  1.064589 0.000018 0.000012  0.053348 -0.130902 -1.232098
131  0.640362 -0.000017 -0.000004  -0.037801 -0.047056 -0.900793
132  3.392416 -0.245367 0.728376  0.155477 0.337212 -1.621797
133  1.532737 -0.000010 -0.000000  -0.011109 0.019879 -1.189429
134  0.833152 0.000007 0.000006  -0.046547 -0.021562 -1.211537
135  3.590112 -3.090295 1.193974  1.635457 1.210566 1.548541
136  3.589561 -3.089880 -1.196372  -1.505736 1.210473 -1.592853
137  -0.436561 4.719026 -0.001075  -0.000709 -1.570733 1.693524
138  -0.000001 2.775459 -0.000234  -0.135089 0.000001 -0.000000
139  0.000002 3.189767 0.000007  0.207820 -0.000000 0.000000
140  -0.000000 3.504657 0.000046  -0.261876 0.000000 -0.000000
141  -0.000000 2.863197 0.000000  -0.051268 -0.000000 0.000000
time 11
0 89.937534 0.345739 37.965446 1.570862 0.000000 -0.000000
1  0.002636 43.025146 0.734438  0.440705 -0.925942 -0.685829
2  3.061859 -4.181015 -0.610803  -1.721948 -0.106782 -0.983014
3  18.476772 0.000158 -0.000000  -0.011109 -0.080118 1.042749
4  17.490089 0.000117 0.000004  -0.307988 -0.191467 -1.714983
5  -3.065329 -4.183578 -0.611478  -1.803608 -0.577226 -1.338743
6  18.474850 -0.000038 -0.000008  -0.002075 0.023666 0.319541
7  17.489582 0.001916 -0.000005  -0.195557 -0.094690 -0.610332
8  -0.000117 -0.048882 -0.576225  1.279270 0.058364 1.624108
9  3.224485 0.767048 0.000495  0.047724 -0.072902 0.320236
10  3.223907 0.226400 -0.001944  0.055659 -0.011890 0.496351
11  5.187322 -1.262562 -0.001179  0.000012 0.000066 0.194111
12  6.928411 -1.935314 -0.000229  -3.016469 0.013299 0.213282
13  3.236364 1.079609 0.000055  0.635812 0.128072 0.516213
14  0.833775 3.805353 0.692955  -0.040490 0.554884 1.469874
15  0.000040 6.792219 0.000037  0.007990 0.036070 -0.011408
16  -0.000067 7.744816 0.000011  -0.017441 -0.155305 0.068151
17  0.000076 7.809705 0.000016  -0.033636 0.005026 0.006141
18  -0.000023 7.867676 0.000018  -0.073329 -0.127910 0.026376
19  3.494712 -1.749093 -3.006912  0.152547 2.070418 1.936946
20  0.000117 4.478322 0.000020  -0.194658 0.310432 -0.234995
21  0.000048 4.636117 -0.000030  0.035820 0.324593 -0.151767
22  -0.000041 5.008650 0.000015  0.076000 -0.286565 0.276090
23  0.000063 4.781164 0.000012  0.904400 -2.690903 -0.015798
24  2.253052 1.989062 -3.350105  -1.523628 1.324498 0.112404
25  0.000163 6.589456 0.000174  0.206354 -0.002129 -0.080395
26  0.000043 7.491418 0.000046  -0.333514 0.184454 -0.191169
27  0.000029 7.660305 -0.000056  -0.063174 0.127194 -0.062116
28  0.000008 7.256271 0.000018  -0.052940 -0.487829 0.313814
29  -0.791150 2.265115 -1.234655  -0.753898 1.136377 0.824675
30  -0.000258 8.572264 -0.000092  -0.222844 -0.296789 0.176502
31  -0.000093 8.117213 0.000047  0.072256 0.772521 -0.285589
32  -0.000081 8.230034 -0.000068  -0.080491 -0.347232 0.072255
33  0.000061 7.366722 0.000053  -0.015393 -0.663893 0.062740
34  0.224223 0.240124 -3.218157  -0.877373 1.468889 0.577834
35  -0.000102 7.721053 -0.000310  -0.283830 0.060496 -0.167556
36  -0.000031 7.374853 -0.000004  0.007538 -0.195021 0.049539
37  0.000077 6.848104 0.000008  0.005483 0.006497 -0.033649
38  -0.000050 7.777864 0.000009  -0.186096 0.182474 -0.152847
39  -1.514456 2.104651 -1.150167  -0.029093 0.541319 1.555678
40  -0.000164 6.982342 -0.000076  -0.199698 -0.041212 0.153489
41  0.000041 8.382858 -0.000073  0.044865 0.587986 -0.257961
42  0.000011 8.697709 -0.000026  -0.102637 -0.474318 0.290944
43  0.000057 8.921806 -0.000003  -0.076259 0.581005 -0.195605
44  1.196200 2.899150 -2.353086  -0.449718 1.030104 1.287429
45  0.000104 5.476939 0.000006  0.285574 -0.099353 -0.038446
46  -0.000075 6.060435 -0.000090  -0.155020 -0.575032 0.384609
47  0.000017 5.994266 0.000030  0.033940 0.288574 -0.067730
48  -0.000006 6.100481 0.000001  -0.068405 0.299273 -0.162153
49  0.000033 6.916763 0.000007  -0.096319 0.220533 -0.107967
50  0.000151 6.435061 -0.000042  -0.037458 0.171630 -0.116571
51  1.092805 3.649513 -1.738794  -0.148600 0.876612 1.445020
52  -0.000132 6.792207 -0.000097  0.008284 0.107792 -0.048643
53  -0.000085 7.744773 -0.000029  0.057137 -0.256893 0.015458
54  0.000085 9.115020 -0.000035  -0.020393 0.256253 -0.142636
55  3.494524 -1.749101 3.007064  0.118400 1.106974 1.813810
56  0.000014 4.323830 0.000087  -0.229908 -0.770942 0.449225
57  0.000030 4.872898 -0.000021  0.367242 -0.664052 -0.254032
58  0.000000 5.056650 0.000088  -0.511237 0.856586 -0.546325
59  2.292475 1.708615 3.661675  -1.762560 1.789111 -0.218974
60  -0.000173 6.589437 0.000279  -0.007132 -0.169123 0.176909
61  0.000171 7.491495 -0.000150  -0.132413 -0.107097 0.179329
62  -0.000138 8.249665 0.000142  0.041911 -0.058209 0.015813
63  0.000072 8.605234 -0.000027  0.101584 0.501824 -0.079699
64  -0.240476 2.066071 2.349268  -0.357330 2.461713 1.296082
65  -0.000089 7.721101 -0.000005  -0.208231 -0.126224 -0.116496
66  -0.000123 7.374869 -0.000048  -0.111017 0.046939 -0.046460
67  -0.000036 6.848060 -0.000027  0.273533 0.247522 0.299906
68  0.000033 7.777822 -0.000043  0.072920 0.186148 -0.052690
69  -0.000083 8.178054 0.000012  -0.087030 -0.422850 -0.381358
70  1.617610 3.431406 2.399266  -0.249454 2.569514 1.508572
71  -0.000163 5.476948 -0.000029  0.057728 0.074072 0.060285
72  -0.000090 6.060493 -0.000005  -0.015203 0.015650 -0.152065
73  0.000029 5.994256 0.000011  -0.126211 -0.157657 0.153301
74  -0.000080 7.076865 -0.000047  -0.008119 0.010384 0.036400
75  0.000003 7.089862 -0.000069  0.070875 0.098587 -0.025893
76  0.361121 0.886681 3.287746  -0.576377 1.978710 0.939007
77  -0.000067 6.686644 0.000221  -0.146569 0.414163 -0.327709
78  -0.000012 7.638021 0.000013  -0.079523 -0.025948 0.130955
79  -0.000032 7.290231 -0.000022  0.025323 -0.093908 0.023961
80  -0.000032 6.530371 0.000003  -0.261846 -0.300601 0.006736
81  0.000065 7.224885 0.000009  0.036505 0.032481 -0.175821
82  1.071909 3.225797 1.570115  -0.043808 2.859974 1.526249
83  0.000415 6.748901 -0.000066  -0.062699 0.083783 0.022202
84  -0.000049 8.002643 0.000027  -0.067496 -0.117209 -0.115599
85  0.000012 8.580571 -0.000097  0.088211 -0.007187 0.334603
86  0.000169 8.689830 -0.000041  0.065327 -0.412430 -0.134515
87  -1.514524 2.104640 0.318056  -0.024896 3.094490 1.569497
88  0.000190 6.982282 0.000011  -0.107588 -0.057625 -0.215716
89  -0.000005 8.382873 -0.000068  0.135029 -0.099914 0.287073
90  -0.000061 8.697669 0.000023  -0.148088 -0.510100 0.044836
91  -0.000136 8.921825 0.000078  -0.236826 -0.892635 0.098806
92  3.553624 -3.478048 2.409278  0.000822 0.762045 1.535312
93  -0.000000 4.476904 -0.000011  -0.151006 -0.588330 0.377259
94  0.000032 4.514124 -0.000023  -0.228867 -2.996201 0.592369
95  0.000042 4.518383 -0.000023  0.143169 2.612778 0.693385
96  0.000023 3.598331 0.000025  -0.749300 0.869853 -0.773231
97  4.209920 -0.440347 1.018821  -2.152800 -2.143989 0.333989
98  4.265503 1.434232 -0.404991  -1.711081 -0.518756 -0.217283
99  9.400232 0.017940 0.083206  0.067874 -0.066728 -1.264755
100  10.242420 0.033587 0.064478  2.732444 -0.281048 -0.271515
101  3.465856 -0.059683 0.016691  -0.028887 -0.028008 -0.328171
102  1.655594 -0.000022 0.000022  -0.020275 -0.124776 -0.521010
103  0.960769 -0.000003 -0.000004  0.000460 0.000153 -0.231870
104  3.462028 -0.064252 0.939906  0.328601 -0.026095 -0.156121
105  1.497176 -0.000009 0.000022  -0.491598 -0.041073 -0.094107
106  0.793757 -0.000000 0.000000  0.002302 -0.007905 -0.134358
107  0.591662 -0.460698 0.835205  -1.141796 -0.776744 -0.450516
108  1.556141 -0.000001 -0.000000  -0.180562 0.115033 0.422940
109  1.135906 0.000020 0.000003  0.006813 0.027617 0.407964
110  3.084269 -0.668829 -1.257086  -0.668369 0.005091 -0.544271
111  1.064203 -0.000006 0.000005  -0.012068 0.097461 -0.779427
112  0.640334 0.000003 -0.000008  -0.006264 -0.005055 -0.469670
113  3.396823 -0.242141 -0.708694  -0.378987 0.036609 -0.383152
114  1.532969 0.000008 0.000003  0.010386 -0.009005 -0.708151
115  0.832977 -0.000002 -0.000004  0.001510 -0.010822 -0.592717
116  4.209940 -0.440346 -1.019281  -0.748906 0.674923 -2.703235
117  4.266744 1.424939 0.424936  1.423936 -0.024878 -0.533357
118  9.398565 0.011950 -0.082520  -0.022713 0.065956 -0.643728
119  10.242442 0.028176 -0.062905  -1.591392 0.022421 -0.101026
120  3.465751 -0.067531 0.002268  -0.178488 0.226792 -1.631456
121  1.655556 0.000003 0.000005  -0.123156 0.212554 -1.204976
122  0.960907 0.000005 -0.000002  -0.050829 0.145318 -0.983253
123  3.466854 -0.077780 -0.920910  -0.421867 0.095164 -1.603295
124  1.497259 -0.000036 -0.000020  -0.621759 0.348778 -1.113828
125  0.793789 -0.000009 -0.000007  -0.393027 0.524606 -1.028538
126  0.595080 -0.467153 -0.829176  2.360845 0.654098 -0.566848
127  1.555679 0.000017 -0.000001  0.489695 0.402490 0.906484
128  1.136811 -0.000009 -0.000002  0.397581 0.384583 0.874845
129  3.075974 -0.667969 1.277701  0.578525 0.320832 -1.268601
130  1.064591 0.000018 0.000010  0.053348 -0.130902 -1.232098
131  0.640363 -0.000021 -0.000004  -0.037801 -0.047056 -0.900793
132  3.392413 -0.245373 0.728376  0.155477 0.337212 -1.621797
133  1.532739 -0.000007 -0.000001  -0.011109 0.019879 -1.189429
134  0.833153 0.000004 0.000005  -0.046547 -0.021562 -1.211537
135  3.590107 -3.090294 1.193971  1.635457 1.210566 1.548541
136  3.589555 -3.089879 -1.196373  -1.505736 1.210473 -1.592853
137  -0.436561 4.719025 -0.001077  0.000000 -1.570733 1.693438
138  -0.000001 2.775450 -0.000235  -0.135089 0.000001 -0.000000
139  0.000002 3.189770 0.000008  0.207820 -0.000000 0.000000
140  -0.000001 3.504651 0.000047  -0.261876 0.000000 -0.000000
141  -0.000000 2.863204 -0.000003  -0.051268 -0.000000 0.000000
time 12
0 98.088394 0.289648 37.374802 1.570862 0.000000 -0.000000
1  0.002636 43.025146 0.734438  0.392541 -0.973158 -0.655256
2  3.061858 -4.181014 -0.610804  -1.777598 -0.216083 -1.066544
3  18.476774 0.000159 -0.000001  -0.017949 -0.088926 1.179271
4  17.490084 0.000117 0.000004  -0.229927 -0.219713 -1.728639
5  -3.065328 -4.183576 -0.611480  -1.695498 -0.640763 -1.378775
6  18.474859 -0.000032 -0.000010  -0.001927 0.046619 0.600579
7  17.489586 0.001916 -0.000007  -0.223035 -0.154472 -0.637144
8  -0.000117 -0.048881 -0.576226  1.297505 0.065622 1.616081
9  3.224488 0.767049 0.000496  0.075045 -0.062758 0.336432
10  3.223912 0.226399 -0.001943  0.041428 -0.052081 0.537494
11  5.187316 -1.262560 -0.001174  0.000012 0.000066 0.194111
12  6.928406 -1.935312 -0.000230  -3.029138 0.038589 0.214950
13  3.236368 1.079620 0.000057  0.632121 0.132698 0.555928
14  0.833763 3.805352 0.692955  -0.040490 0.554884 1.469874
15  0.000039 6.792212 0.000038  0.007990 0.036070 -0.011408
16  -0.000069 7.744813 0.000016  -0.017441 -0.155305 0.068152
17  0.000076 7.809707 0.000017  -0.033637 0.005025 0.006141
18  -0.000026 7.867675 0.000017  -0.073329 -0.127910 0.026376
19  3.494703 -1.749093 -3.006912  0.152547 2.070418 1.936947
20  0.000121 4.478318 0.000017  -0.194658 0.310432 -0.234995
21  0.000048 4.636110 -0.000028  0.035820 0.324593 -0.151767
22  -0.000041 5.008649 0.000013  0.076000 -0.286565 0.276090
23  0.000066 4.781160 0.000010  0.904400 -2.690903 -0.015798
24  2.253044 1.989058 -3.350106  -1.523628 1.324498 0.112404
25  0.000162 6.589454 0.000171  0.206354 -0.002129 -0.080395
26  0.000043 7.491415 0.000041  -0.333514 0.184454 -0.191169
27  0.000023 7.660309 -0.000056  -0.063174 0.127194 -0.062115
28  0.000006 7.256270 0.000021  -0.052940 -0.487829 0.313814
29  -0.791159 2.265117 -1.234655  -0.753898 1.136377 0.824675
30  -0.000257 8.572261 -0.000092  -0.222844 -0.296789 0.176502
31  -0.000093 8.117208 0.000049  0.072256 0.772521 -0.285589
32  -0.000081 8.230029 -0.000070  -0.080491 -0.347232 0.072256
33  0.000060 7.366723 0.000053  -0.015393 -0.663893 0.062740
34  0.224214 0.240122 -3.218158  -0.877373 1.468889 0.577835
35  -0.000102 7.721057 -0.000311  -0.283830 0.060496 -0.167555
36  -0.000032 7.374853 -0.000001  0.007538 -0.195021 0.049539
37  0.000077 6.848100 0.000010  0.005483 0.006497 -0.033649
38  -0.000048 7.777866 0.000007  -0.186096 0.182474 -0.152847
39  -1.514464 2.104648 -1.150167  -0.029093 0.541319 1.555678
40  -0.000168 6.982347 -0.000077  -0.199698 -0.041212 0.153489
41  0.000038 8.382865 -0.000072  0.044865 0.587986 -0.257961
42  0.000013 8.697702 -0.000026  -0.102637 -0.474318 0.290944
43  0.000057 8.921803 -0.000003  -0.076259 0.581005 -0.195605
44  1.196193 2.899152 -2.353086  -0.449718 1.030104 1.287429
45  0.000105 5.476947 0.000005  0.285574 -0.099353 -0.038446
46  -0.000068 6.060434 -0.000087  -0.155020 -0.575032 0.384609
47  0.000018 5.994266 0.000029  0.033940 0.288574 -0.067730
48  -0.000007 6.100485 0.000002  -0.068405 0.299273 -0.162153
49  0.000034 6.916761 0.000010  -0.096319 0.220533 -0.107967
50  0.000150 6.435058 -0.000046  -0.037458 0.171630 -0.116571
51  1.092795 3.649509 -1.738794  -0.148600 0.876612 1.445020
52  -0.000129 6.792201 -0.000107  0.008284 0.107792 -0.048643
53  -0.000088 7.744775 -0.000031  0.057137 -0.256893 0.015458
54  0.000085 9.115026 -0.000038  -0.020393 0.256253 -0.142636
55  3.494514 -1.749106 3.007063  0.118400 1.106974 1.813810
56  0.000015 4.323837 0.000086  -0.229908 -0.770943 0.449225
57  0.000029 4.872893 -0.000020  0.367242 -0.664052 -0.254032
58  0.000005 5.056655 0.000094  -0.511237 0.856586 -0.546326
59  2.292463 1.708612 3.661675  -1.762560 1.789111 -0.218974
60  -0.000173 6.589442 0.000274  -0.007132 -0.169123 0.176909
61  0.000174 7.491496 -0.000147  -0.132413 -0.107097 0.179329
62  -0.000142 8.249655 0.000144  0.041911 -0.058209 0.015813
63  0.000073 8.605238 -0.000025  0.101584 0.501824 -0.079699
64  -0.240483 2.066070 2.349267  -0.357330 2.461713 1.296082
65  -0.000086 7.721103 -0.000005  -0.208231 -0.126224 -0.116496
66  -0.000123 7.374870 -0.000046  -0.111017 0.046939 -0.046460
67  -0.000037 6.848064 -0.000026  0.273533 0.247522 0.299906
68  0.000030 7.777816 -0.000044  0.072920 0.186148 -0.052690
69  -0.000083 8.178053 0.000011  -0.087030 -0.422850 -0.381358
70  1.617606 3.431409 2.399265  -0.249454 2.569514 1.508572
71  -0.000165 5.476934 -0.000028  0.057728 0.074072 0.060285
72  -0.000093 6.060491 -0.000006  -0.015203 0.015650 -0.152065
73  0.000028 5.994253 0.000011  -0.126211 -0.157657 0.153301
74  -0.000078 7.076871 -0.000047  -0.008119 0.010384 0.036400
75  0.000002 7.089863 -0.000070  0.070875 0.098587 -0.025893
76  0.361112 0.886679 3.287745  -0.576377 1.978710 0.939007
77  -0.000067 6.686646 0.000221  -0.146569 0.414163 -0.327709
78  -0.000012 7.638018 0.000014  -0.079523 -0.025948 0.130955
79  -0.000034 7.290231 -0.000022  0.025323 -0.093908 0.023961
80  -0.000036 6.530368 0.000006  -0.261846 -0.300601 0.006736
81  0.000064 7.224884 0.000009  0.036505 0.032481 -0.175821
82  1.071901 3.225795 1.570115  -0.043808 2.859974 1.526249
83  0.000414 6.748902 -0.000065  -0.062699 0.083783 0.022202
84  -0.000045 8.002650 0.000027  -0.067496 -0.117208 -0.115599
85  0.000014 8.580567 -0.000098  0.088211 -0.007187 0.334603
86  0.000169 8.689831 -0.000040  0.065327 -0.412430 -0.134515
87  -1.514537 2.104637 0.318055  -0.024896 3.094490 1.569497
88  0.000192 6.982283 0.000011  -0.107588 -0.057625 -0.215716
89  -0.000010 8.382874 -0.000069  0.135029 -0.099914 0.287073
90  -0.000061 8.697674 0.000023  -0.148088 -0.510101 0.044836
91  -0.000134 8.921827 0.000079  -0.236826 -0.892635 0.098806
92  3.553613 -3.478046 2.409277  0.000821 0.762045 1.535312
93  0.000001 4.476907 -0.000011  -0.151006 -0.588330 0.377259
94  0.000031 4.514126 -0.000023  -0.228867 -2.996201 0.592369
95  0.000042 4.518384 -0.000021  0.143169 2.612778 0.693385
96  0.000021 3.598334 0.000022  -0.749300 0.869853 -0.773231
97  4.209917 -0.440345 1.018821  -2.109496 -2.149983 0.292048
98  4.265506 1.434231 -0.404989  -1.756467 -0.565248 -0.165712
99  9.400232 0.017941 0.083201  0.066859 -0.066994 -1.250900
100  10.242420 0.033594 0.064477  2.717652 -0.266773 -0.264728
101  3.465855 -0.059678 0.016691  -0.028887 -0.028008 -0.328171
102  1.655591 -0.000014 0.000023  -0.020275 -0.124776 -0.521010
103  0.960767 -0.000000 -0.000007  0.000460 0.000154 -0.231870
104  3.462027 -0.064245 0.939906  0.328601 -0.026095 -0.156121
105  1.497177 -0.000010 0.000022  -0.491598 -0.041073 -0.094107
106  0.793759 -0.000003 -0.000002  0.002302 -0.007905 -0.134358
107  0.591662 -0.460689 0.835204  -1.141796 -0.776744 -0.450516
108  1.556142 0.000001 0.000002  -0.180562 0.115033 0.422940
109  1.135907 0.000016 0.000009  0.006813 0.027617 0.407964
110  3.084270 -0.668819 -1.257087  -0.668369 0.005091 -0.544272
111  1.064205 -0.000006 0.000004  -0.012067 0.097461 -0.779427
112  0.640338 0.000007 -0.000006  -0.006264 -0.005055 -0.469670
113  3.396821 -0.242140 -0.708692  -0.378987 0.036609 -0.383152
114  1.532968 0.000012 0.000006  0.010386 -0.009005 -0.708151
115  0.832980 -0.000010 -0.000002  0.001510 -0.010822 -0.592717
116  4.209941 -0.440345 -1.019283  -0.748952 0.674905 -2.703297
117  4.266745 1.424943 0.424939  1.473745 -0.024377 -0.566585
118  9.398567 0.011951 -0.082516  -0.024081 0.066481 -0.662626
119  10.242438 0.028177 -0.062911  -1.594197 0.020632 -0.101561
120  3.465748 -0.067523 0.002267  -0.178488 0.226792 -1.631456
121  1.655560 0.000004 0.000005  -0.123156 0.212554 -1.204977
122  0.960909 0.000009 0.000001  -0.050829 0.145318 -0.983253
123  3.466854 -0.077778 -0.920910  -0.421867 0.095164 -1.603295
124  1.497258 -0.000033 -0.000023  -0.621759 0.348778 -1.113828
125  0.793789 -0.000007 0.000003  -0.393028 0.524606 -1.028538
126  0.595080 -0.467151 -0.829176  2.360845 0.654098 -0.566848
127  1.555677 0.000021 -0.000002  0.489695 0.402490 0.906484
128  1.136813 -0.000008 -0.000002  0.397581 0.384583 0.874845
129  3.075975 -0.667967 1.277701  0.578525 0.320832 -1.268600
130  1.064594 0.000020 0.000010  0.053348 -0.130902 -1.232098
131  0.640363 -0.000013 -0.000004  -0.037801 -0.047057 -0.900793
132  3.392412 -0.245368 0.728376  0.155477 0.337212 -1.621797
133  1.532738 -0.000008 -0.000001  -0.011109 0.019879 -1.189429
134  0.833151 0.000012 0.000005  -0.046547 -0.021562 -1.211537
135  3.590106 -3.090295 1.193974  1.635457 1.210566 1.548541
136  3.589557 -3.089882 -1.196371  -1.505736 1.210473 -1.592853
137  -0.436562 4.719024 -0.001073  0.000000 -1.570733 1.693481
138  -0.000000 2.775452 -0.000237  -0.135089 0.000001 0.000000
139  0.000000 3.189773 0.000008  0.207820 -0.000000 0.000000
140  0.000000 3.504653 0.000042  -0.261876 0.000000 -0.000000
141  -0.000000 2.863201 -0.000003  -0.051268 -0.000000 0.000000
time 13
0 106.010062 0.251212 37.019527 1.570862 0.000000 -0.000000
1  0.002636 43.025146 0.734438  0.344788 -1.020411 -0.601500
2  3.061855 -4.181014 -0.610803  -1.823804 -0.318396 -1.159948
3  18.476776 0.000159 -0.000001  -0.021195 -0.092354 1.237051
4  17.490082 0.000119 0.000004  -0.159868 -0.265425 -1.689036
5  -3.065331 -4.183579 -0.611479  -1.528903 -0.742787 -1.445518
6  18.474855 -0.000035 -0.000009  0.009885 0.078372 1.017684
7  17.489584 0.001916 -0.000007  -0.252632 -0.190638 -0.701974
8  -0.000118 -0.048884 -0.576226  1.295457 0.084077 1.591642
9  3.224478 0.767047 0.000497  0.103007 -0.050692 0.339649
10  3.223914 0.226399 -0.001944  0.029362 -0.101584 0.568393
11  5.187324 -1.262559 -0.001176  0.000012 0.000066 0.194111
12  6.928409 -1.935312 -0.000226  -3.041552 0.042730 0.216522
13  3.236363 1.079612 0.000057  0.632635 0.110845 0.563899
14  0.833766 3.805352 0.692956  -0.040490 0.554884 1.469874
15  0.000040 6.792211 0.000042  0.007990 0.036070 -0.011408
16  -0.000068 7.744814 0.000014  -0.017440 -0.155305 0.068152
17  0.000077 7.809697 0.000019  -0.033637 0.005026 0.006141
18  -0.000026 7.867673 0.000019  -0.073329 -0.127910 0.026376
19  3.494703 -1.749096 -3.006911  0.152547 2.070418 1.936947
20  0.000121 4.478314 0.000017  -0.194658 0.310432 -0.234995
21  0.000047 4.636118 -0.000030  0.035820 0.324593 -0.151767
22  -0.000041 5.008652 0.000015  0.075999 -0.286565 0.276090
23  0.000062 4.781165 0.000012  0.904400 -2.690903 -0.015798
24  2.253046 1.989060 -3.350105  -1.523628 1.324498 0.112404
25  0.000161 6.589463 0.000170  0.206354 -0.002129 -0.080395
26  0.000043 7.491410 0.000039  -0.333514 0.184454 -0.191169
27  0.000025 7.660307 -0.000057  -0.063174 0.127194 -0.062116
28  0.000004 7.256277 0.000019  -0.052940 -0.487829 0.313814
29  -0.791157 2.265118 -1.234654  -0.753898 1.136377 0.824675
30  -0.000256 8.572262 -0.000089  -0.222844 -0.296789 0.176502
31  -0.000092 8.117210 0.000049  0.072256 0.772521 -0.285589
32  -0.000082 8.230035 -0.000070  -0.080491 -0.347232 0.072255
33  0.000057 7.366727 0.000054  -0.015393 -0.663893 0.062740
34  0.224220 0.240129 -3.218157  -0.877373 1.468889 0.577834
35  -0.000103 7.721057 -0.000312  -0.283830 0.060496 -0.167555
36  -0.000027 7.374853 -0.000002  0.007538 -0.195021 0.049539
37  0.000077 6.848106 0.000006  0.005483 0.006497 -0.033649
38  -0.000050 7.777861 0.000009  -0.186096 0.182474 -0.152847
39  -1.514464 2.104648 -1.150166  -0.029093 0.541319 1.555678
40  -0.000168 6.982350 -0.000074  -0.199698 -0.041212 0.153489
41  0.000038 8.382863 -0.000072  0.044865 0.587986 -0.257961
42  0.000010 8.697704 -0.000029  -0.102637 -0.474318 0.290944
43  0.000060 8.921809 -0.000003  -0.076259 0.581005 -0.195605
44  1.196198 2.899155 -2.353085  -0.449718 1.030104 1.287429
45  0.000105 5.476943 0.000006  0.285574 -0.099353 -0.038446
46  -0.000073 6.060441 -0.000090  -0.155020 -0.575032 0.384609
47  0.000020 5.994259 0.000030  0.033940 0.288574 -0.067730
48  -0.000008 6.100492 0.000003  -0.068405 0.299273 -0.162153
49  0.000034 6.916759 0.000009  -0.096319 0.220533 -0.107967
50  0.000149 6.435057 -0.000043  -0.037458 0.171630 -0.116571
51  1.092804 3.649514 -1.738793  -0.148600 0.876612 1.445020
52  -0.000126 6.792205 -0.000101  0.008284 0.107792 -0.048643
53  -0.000089 7.744780 -0.000034  0.057137 -0.256893 0.015458
54  0.000084 9.115020 -0.000035  -0.020393 0.256253 -0.142636
55  3.494522 -1.749101 3.007065  0.118400 1.106974 1.813810
56  0.000015 4.323836 0.000087  -0.229908 -0.770943 0.449225
57  0.000031 4.872892 -0.000019  0.367242 -0.664052 -0.254032
58  0.000004 5.056652 0.000092  -0.511237 0.856586 -0.546325
59  2.292468 1.708616 3.661675  -1.762561 1.789111 -0.218974
60  -0.000173 6.589440 0.000276  -0.007132 -0.169123 0.176909
61  0.000173 7.491496 -0.000148  -0.132413 -0.107097 0.179329
62  -0.000138 8.249660 0.000142  0.041911 -0.058209 0.015813
63  0.000073 8.605236 -0.000031  0.101584 0.501824 -0.079699
64  -0.240483 2.066070 2.349268  -0.357330 2.461713 1.296082
65  -0.000089 7.721104 -0.000005  -0.208231 -0.126224 -0.116496
66  -0.000123 7.374860 -0.000048  -0.111017 0.046939 -0.046460
67  -0.000034 6.848062 -0.000027  0.273533 0.247522 0.299906
68  0.000035 7.777822 -0.000043  0.072920 0.186148 -0.052690
69  -0.000086 8.178052 0.000011  -0.087030 -0.422850 -0.381358
70  1.617610 3.431410 2.399266  -0.249454 2.569514 1.508572
71  -0.000166 5.476937 -0.000028  0.057728 0.074072 0.060285
72  -0.000092 6.060489 -0.000006  -0.015203 0.015650 -0.152064
73  0.000025 5.994256 0.000012  -0.126211 -0.157657 0.153301
74  -0.000080 7.076871 -0.000047  -0.008119 0.010385 0.036400
75  0.000006 7.089875 -0.000070  0.070875 0.098587 -0.025893
76  0.361117 0.886682 3.287747  -0.576377 1.978710 0.939007
77  -0.000069 6.686643 0.000226  -0.146569 0.414163 -0.327709
78  -0.000013 7.638010 0.000012  -0.079523 -0.025947 0.130955
79  -0.000028 7.290234 -0.000024  0.025323 -0.093908 0.023961
80  -0.000035 6.530366 0.000006  -0.261846 -0.300601 0.006736
81  0.000065 7.224883 0.000008  0.036505 0.032481 -0.175821
82  1.071901 3.225798 1.570116  -0.043808 2.859974 1.526249
83  0.000413 6.748899 -0.000066  -0.062699 0.083783 0.022202
84  -0.000049 8.002645 0.000026  -0.067496 -0.117209 -0.115599
85  0.000013 8.580572 -0.000097  0.088211 -0.007187 0.334603
86  0.000168 8.689831 -0.000041  0.065327 -0.412430 -0.134515
87  -1.514530 2.104640 0.318056  -0.024896 3.094490 1.569497
88  0.000190 6.982284 0.000012  -0.107588 -0.057625 -0.215716
89  -0.000010 8.382874 -0.000067  0.135029 -0.099914 0.287073
90  -0.000058 8.697673 0.000024  -0.148088 -0.510101 0.044836
91  -0.000137 8.921822 0.000079  -0.236826 -0.892635 0.098806
92  3.553621 -3.478045 2.409277  0.000822 0.762045 1.535311
93  -0.000001 4.476898 -0.000009  -0.151006 -0.588330 0.377259
94  0.000031 4.514122 -0.000025  -0.228867 -2.996201 0.592369
95  0.000045 4.518379 -0.000022  0.143169 2.612778 0.693385
96  0.000022 3.598335 0.000025  -0.749300 0.869853 -0.773231
97  4.209921 -0.440347 1.018825  -2.078625 -2.127271 0.268755
98  4.265505 1.434229 -0.404988  -1.795240 -0.544230 -0.130563
99  9.400231 0.017941 0.083201  0.067464 -0.066837 -1.259158
100  10.242420 0.033589 0.064482  2.711689 -0.270890 -0.270131
101  3.465857 -0.059681 0.016693  -0.028887 -0.028008 -0.328171
102  1.655593 -0.000017 0.000018  -0.020275 -0.124776 -0.521010
103  0.960768 -0.000008 -0.000008  0.000460 0.000154 -0.231870
104  3.462029 -0.064247 0.939909  0.328601 -0.026095 -0.156121
105  1.497180 -0.000000 0.000021  -0.491598 -0.041073 -0.094107
106  0.793761 0.000001 -0.000003  0.002302 -0.007905 -0.134358
107  0.591664 -0.460692 0.835205  -1.141796 -0.776744 -0.450516
108  1.556139 0.000006 0.000002  -0.180562 0.115033 0.422940
109  1.135904 0.000016 0.000004  0.006813 0.027617 0.407964
110  3.084270 -0.668821 -1.257086  -0.668369 0.005091 -0.544271
111  1.064202 -0.000000 0.000007  -0.012068 0.097461 -0.779427
112  0.640339 0.000006 -0.000009  -0.006264 -0.005055 -0.469670
113  3.396823 -0.242138 -0.708692  -0.378987 0.036609 -0.383152
114  1.532970 0.000014 0.000005  0.010386 -0.009005 -0.708151
115  0.832975 -0.000003 -0.000002  0.001510 -0.010822 -0.592717
116  4.209943 -0.440345 -1.019279  -0.748997 0.674983 -2.703319
117  4.266745 1.424939 0.424939  1.503246 -0.032741 -0.594546
118  9.398569 0.011949 -0.082516  -0.023680 0.066330 -0.657099
119  10.242436 0.028176 -0.062903  -1.604739 0.022487 -0.113495
120  3.465751 -0.067533 0.002268  -0.178488 0.226792 -1.631456
121  1.655561 0.000007 0.000008  -0.123156 0.212554 -1.204976
122  0.960908 0.000010 -0.000000  -0.050829 0.145318 -0.983253
123  3.466859 -0.077785 -0.920910  -0.421867 0.095164 -1.603295
124  1.497262 -0.000034 -0.000020  -0.621759 0.348778 -1.113828
125  0.793788 -0.000006 0.000001  -0.393028 0.524606 -1.028538
126  0.595081 -0.467154 -0.829176  2.360845 0.654098 -0.566848
127  1.555680 0.000023 0.000001  0.489695 0.402490 0.906484
128  1.136812 -0.000010 -0.000001  0.397581 0.384583 0.874845
129  3.075977 -0.667970 1.277701  0.578525 0.320832 -1.268600
130  1.064595 0.000020 0.000010  0.053348 -0.130902 -1.232098
131  0.640361 -0.000012 -0.000003  -0.037801 -0.047057 -0.900793
132  3.392414 -0.245372 0.728376  0.155477 0.337212 -1.621797
133  1.532738 -0.000010 -0.000001  -0.011109 0.019879 -1.189429
134  0.833151 0.000009 0.000006  -0.046547 -0.021562 -1.211537
135  3.590113 -3.090295 1.193971  1.635457 1.210566 1.548541
136  3.589561 -3.089879 -1.196373  -1.505736 1.210473 -1.592853
137  -0.436559 4.719026 -0.001076  -0.000236 -1.570733 1.693304
138  -0.000001 2.775454 -0.000237  -0.135089 0.000001 -0.000000
139  0.000003 3.189770 0.000007  0.207820 -0.000000 0.000000
140  0.000001 3.504657 0.000043  -0.261876 0.000000 -0.000000
141  -0.000002 2.863199 -0.000004  -0.051268 -0.000000 0.000000
time 14
0 113.677881 0.264208 36.992882 1.570862 0.000000 -0.000000
1  0.002636 43.025146 0.734438  0.320185 -1.070033 -0.560162
2  3.061858 -4.181012 -0.610804  -1.859185 -0.402764 -1.241854
3  18.476776 0.000157 0.000000  -0.020513 -0.091663 1.225168
4  17.490088 0.000118 0.000004  -0.106916 -0.322494 -1.612380
5  -3.065328 -4.183574 -0.611480  -1.338090 -0.824185 -1.528539
6  18.474855 -0.000031 -0.000007  0.033519 0.102528 1.434381
7  17.489584 0.001918 -0.000006  -0.266043 -0.168984 -0.785698
8  -0.000116 -0.048880 -0.576226  1.294890 0.100316 1.557764
9  3.224484 0.767048 0.000495  0.133717 -0.040784 0.325246
10  3.223911 0.226399 -0.001944  0.034664 -0.138653 0.581393
11  5.187324 -1.262562 -0.001177  0.000012 0.000066 0.194111
12  6.928410 -1.935313 -0.000224  -3.055409 0.024571 0.219099
13  3.236365 1.079612 0.000054  0.623360 0.063848 0.541743
14  0.833761 3.805353 0.692955  -0.040490 0.554884 1.469874
15  0.000036 6.792206 0.000038  0.007990 0.036070 -0.011408
16  -0.000066 7.744821 0.000019  -0.017440 -0.155305 0.068152
17  0.000072 7.809704 0.000017  -0.033637 0.005025 0.006141
18  -0.000026 7.867671 0.000016  -0.073329 -0.127910 0.026376
19  3.494696 -1.749093 -3.006912  0.152547 2.070418 1.936946
20  0.000121 4.478319 0.000018  -0.194658 0.310432 -0.234995
21  0.000048 4.636111 -0.000029  0.035820 0.324593 -0.151767
22  -0.000044 5.008654 0.000013  0.076000 -0.286565 0.276090
23  0.000065 4.781160 0.000011  0.904400 -2.690903 -0.015798
24  2.253035 1.989058 -3.350107  -1.523627 1.324498 0.112403
25  0.000163 6.589461 0.000171  0.206354 -0.002129 -0.080395
26  0.000041 7.491415 0.000040  -0.333514 0.184454 -0.191169
27  0.000025 7.660306 -0.000055  -0.063174 0.127194 -0.062115
28  0.000009 7.256275 0.000017  -0.052940 -0.487829 0.313814
29  -0.791162 2.265118 -1.234655  -0.753898 1.136377 0.824675
30  -0.000259 8.572259 -0.000091  -0.222844 -0.296789 0.176502
31  -0.000096 8.117208 0.000048  0.072256 0.772521 -0.285589
32  -0.000082 8.230032 -0.000072  -0.080491 -0.347232 0.072255
33  0.000058 7.366727 0.000054  -0.015393 -0.663893 0.062740
34  0.224215 0.240129 -3.218158  -0.877372 1.468889 0.577835
35  -0.000102 7.721054 -0.000309  -0.283830 0.060496 -0.167555
36  -0.000031 7.374851 -0.000002  0.007538 -0.195021 0.049539
37  0.000077 6.848105 0.000007  0.005483 0.006497 -0.033649
38  -0.000050 7.777865 0.000009  -0.186096 0.182474 -0.152847
39  -1.514468 2.104649 -1.150167  -0.029093 0.541319 1.555678
40  -0.000168 6.982342 -0.000077  -0.199698 -0.041212 0.153489
41  0.000038 8.382857 -0.000072  0.044865 0.587986 -0.257961
42  0.000011 8.697702 -0.000025  -0.102637 -0.474318 0.290944
43  0.000057 8.921800 -0.000003  -0.076259 0.581005 -0.195605
44  1.196193 2.899156 -2.353086  -0.449718 1.030104 1.287429
45  0.000107 5.476944 0.000005  0.285574 -0.099353 -0.038446
46  -0.000072 6.060436 -0.000091  -0.155020 -0.575032 0.384609
47  0.000018 5.994265 0.000030  0.033940 0.288574 -0.067730
48  -0.000007 6.100488 -0.000000  -0.068405 0.299273 -0.162153
49  0.000035 6.916758 0.000010  -0.096319 0.220533 -0.107967
50  0.000150 6.435058 -0.000045  -0.037458 0.171630 -0.116571
51  1.092798 3.649517 -1.738795  -0.148600 0.876612 1.445020
52  -0.000128 6.792196 -0.000102  0.008285 0.107792 -0.048643
53  -0.000086 7.744772 -0.000030  0.057137 -0.256893 0.015458
54  0.000087 9.115016 -0.000036  -0.020393 0.256253 -0.142636
55  3.494518 -1.749099 3.007063  0.118400 1.106974 1.813810
56  0.000015 4.323838 0.000088  -0.229908 -0.770942 0.449225
57  0.000030 4.872897 -0.000024  0.367242 -0.664052 -0.254032
58  0.000004 5.056652 0.000092  -0.511237 0.856586 -0.546325
59  2.292465 1.708617 3.661675  -1.762561 1.789111 -0.218974
60  -0.000174 6.589430 0.000280  -0.007132 -0.169123 0.176909
61  0.000174 7.491494 -0.000153  -0.132413 -0.107097 0.179329
62  -0.000140 8.249656 0.000142  0.041911 -0.058209 0.015813
63  0.000073 8.605236 -0.000028  0.101584 0.501824 -0.079699
64  -0.240487 2.066072 2.349267  -0.357330 2.461713 1.296082
65  -0.000084 7.721101 -0.000003  -0.208231 -0.126224 -0.116496
66  -0.000125 7.374870 -0.000046  -0.111017 0.046939 -0.046460
67  -0.000035 6.848058 -0.000026  0.273533 0.247522 0.299907
68  0.000040 7.777831 -0.000044  0.072920 0.186148 -0.052690
69  -0.000086 8.178055 0.000011  -0.087030 -0.422850 -0.381358
70  1.617607 3.431411 2.399265  -0.249454 2.569514 1.508572
71  -0.000164 5.476947 -0.000029  0.057728 0.074072 0.060285
72  -0.000092 6.060493 -0.000006  -0.015203 0.015650 -0.152064
73  0.000028 5.994250 0.000012  -0.126211 -0.157657 0.153301
74  -0.000078 7.076872 -0.000046  -0.008119 0.010385 0.036400
75  0.000010 7.089874 -0.000070  0.070875 0.098587 -0.025893
76  0.361109 0.886685 3.287745  -0.576377 1.978710 0.939007
77  -0.000068 6.686641 0.000225  -0.146569 0.414163 -0.327709
78  -0.000011 7.638016 0.000013  -0.079523 -0.025948 0.130955
79  -0.000031 7.290232 -0.000022  0.025323 -0.093908 0.023961
80  -0.000035 6.530367 0.000004  -0.261846 -0.300601 0.006736
81  0.000064 7.224878 0.000009  0.036505 0.032481 -0.175821
82  1.071898 3.225798 1.570115  -0.043808 2.859974 1.526249
83  0.000413 6.748902 -0.000067  -0.062699 0.083783 0.022202
84  -0.000044 8.002651 0.000026  -0.067496 -0.117208 -0.115599
85  0.000013 8.580574 -0.000098  0.088211 -0.007187 0.334603
86  0.000167 8.689830 -0.000041  0.065327 -0.412430 -0.134515
87  -1.514536 2.104639 0.318055  -0.024896 3.094490 1.569497
88  0.000195 6.982275 0.000013  -0.107588 -0.057625 -0.215716
89  -0.000009 8.382872 -0.000067  0.135029 -0.099914 0.287073
90  -0.000060 8.697672 0.000022  -0.148088 -0.510101 0.044836
91  -0.000136 8.921822 0.000078  -0.236826 -0.892635 0.098806
92  3.553614 -3.478045 2.409277  0.000822 0.762045 1.535312
93  -0.000000 4.476901 -0.000007  -0.151006 -0.588330 0.377259
94  0.000029 4.514120 -0.000023  -0.228867 -2.996201 0.592369
95  0.000042 4.518385 -0.000022  0.143169 2.612778 0.693385
96  0.000021 3.598326 0.000022  -0.749300 0.869853 -0.773231
97  4.209921 -0.440347 1.018826  -2.051991 -2.086668 0.252468
98  4.265505 1.434227 -0.404990  -1.797875 -0.480088 -0.119528
99  9.400237 0.017941 0.083202  0.068171 -0.066647 -1.268825
100  10.242421 0.033591 0.064479  2.718519 -0.297082 -0.296799
101  3.465856 -0.059679 0.016693  -0.028887 -0.028008 -0.328171
102  1.655598 -0.000019 0.000021  -0.020275 -0.124777 -0.521010
103  0.960769 0.000002 -0.000004  0.000460 0.000154 -0.231870
104  3.462029 -0.064243 0.939908  0.328601 -0.026095 -0.156121
105  1.497176 -0.000007 0.000021  -0.491598 -0.041073 -0.094107
106  0.793760 0.000002 -0.000003  0.002302 -0.007905 -0.134358
107  0.591663 -0.460691 0.835206  -1.141796 -0.776744 -0.450516
108  1.556139 -0.000003 0.000000  -0.180562 0.115033 0.422940
109  1.135903 0.000016 0.000006  0.006813 0.027617 0.407964
110  3.084270 -0.668817 -1.257085  -0.668369 0.005091 -0.544272
111  1.064201 0.000001 0.000005  -0.012068 0.097461 -0.779427
112  0.640335 0.000007 -0.000006  -0.006264 -0.005055 -0.469670
113  3.396823 -0.242136 -0.708688  -0.378987 0.036609 -0.383152
114  1.532970 -0.000000 0.000005  0.010386 -0.009005 -0.708151
115  0.832978 -0.000004 -0.000004  0.001511 -0.010822 -0.592717
116  4.209943 -0.440343 -1.019277  -0.749052 0.674961 -2.703362
117  4.266746 1.424938 0.424937  1.525876 -0.060067 -0.614412
118  9.398564 0.011947 -0.082514  -0.022031 0.065684 -0.634271
119  10.242436 0.028177 -0.062909  -1.622294 0.026921 -0.134767
120  3.465750 -0.067528 0.002268  -0.178488 0.226792 -1.631456
121  1.655557 -0.000001 0.000003  -0.123156 0.212554 -1.204977
122  0.960907 0.000009 0.000001  -0.050829 0.145318 -0.983253
123  3.466857 -0.077779 -0.920910  -0.421867 0.095164 -1.603295
124  1.497259 -0.000034 -0.000022  -0.621759 0.348778 -1.113829
125  0.793789 -0.000009 -0.000001  -0.393028 0.524605 -1.028538
126  0.595081 -0.467153 -0.829176  2.360845 0.654098 -0.566848
127  1.555675 0.000017 -0.000003  0.489695 0.402490 0.906484
128  1.136815 -0.000008 0.000001  0.397581 0.384583 0.874845
129  3.075977 -0.667971 1.277701  0.578525 0.320832 -1.268600
130  1.064592 0.000016 0.000012  0.053348 -0.130902 -1.232098
131  0.640362 -0.000015 -0.000004  -0.037801 -0.047057 -0.900793
132  3.392413 -0.245367 0.728376  0.155477 0.337212 -1.621797
133  1.532738 -0.000008 -0.000001  -0.011109 0.019879 -1.189429
134  0.833154 0.000010 0.000005  -0.046547 -0.021562 -1.211537
135  3.590111 -3.090297 1.193971  1.635457 1.210566 1.548541
136  3.589559 -3.089881 -1.196373  -1.505736 1.210473 -1.592853
137  -0.436558 4.719024 -0.001077  0.000000 -1.570733 1.693247
138  0.000001 2.775453 -0.000235  -0.135089 0.000001 -0.000000
139  -0.000000 3.189767 0.000008  0.207820 -0.000000 0.000000
140  0.000002 3.504654 0.000048  -0.261876 0.000000 -0.000000
141  0.000000 2.863199 -0.000002  -0.051268 -0.000000 0.000000
time 15
0 121.191938 0.310440 37.374805 1.570862 0.000000 -0.000000
1  0.002636 43.025146 0.734438  0.357371 -1.122363 -0.587969
2  3.061858 -4.181009 -0.610803  -1.894891 -0.455675 -1.282142
3  18.476776 0.000160 -0.000001  -0.016516 -0.087269 1.152480
4  17.490088 0.000118 0.000004  -0.071462 -0.375104 -1.500523
5  -3.065328 -4.183574 -0.611479  -1.199094 -0.832426 -1.565318
6  18.474855 -0.000035 -0.000007  0.053921 0.112352 1.712487
7  17.489584 0.001915 -0.000006  -0.253185 -0.118890 -0.865993
8  -0.000117 -0.048880 -0.576225  1.315964 0.103661 1.547480
9  3.224482 0.767049 0.000496  0.169145 -0.036417 0.299182
10  3.223905 0.226399 -0.001943  0.052137 -0.152064 0.571788
11  5.187325 -1.262562 -0.001181  0.000012 0.000066 0.194111
12  6.928412 -1.935313 -0.000228  -3.072024 -0.020237 0.222488
13  3.236367 1.079611 0.000055  0.596077 0.001938 0.508919
14  0.833771 3.805353 0.692954  -0.040490 0.554884 1.469874
15  0.000041 6.792214 0.000039  0.007990 0.036070 -0.011408
16  -0.000066 7.744823 0.000016  -0.017440 -0.155305 0.068152
17  0.000077 7.809701 0.000019  -0.033637 0.005026 0.006141
18  -0.000021 7.867673 0.000018  -0.073329 -0.127910 0.026376
19  3.494708 -1.749094 -3.006913  0.152547 2.070418 1.936947
20  0.000120 4.478313 0.000019  -0.194659 0.310432 -0.234995
21  0.000048 4.636114 -0.000030  0.035820 0.324593 -0.151767
22  -0.000042 5.008654 0.000011  0.076000 -0.286565 0.276090
23  0.000064 4.781165 0.000010  0.904400 -2.690903 -0.015798
24  2.253048 1.989056 -3.350107  -1.523628 1.324498 0.112404
25  0.000161 6.589462 0.000169  0.206354 -0.002129 -0.080395
26  0.000040 7.491411 0.000042  -0.333514 0.184454 -0.191169
27  0.000030 7.660302 -0.000053  -0.063174 0.127194 -0.062116
28  0.000007 7.256270 0.000017  -0.052940 -0.487829 0.313814
29  -0.791148 2.265119 -1.234657  -0.753898 1.136377 0.824675
30  -0.000255 8.572264 -0.000091  -0.222844 -0.296789 0.176502
31  -0.000097 8.117207 0.000049  0.072256 0.772521 -0.285589
32  -0.000086 8.230038 -0.000072  -0.080491 -0.347232 0.072255
33  0.000060 7.366727 0.000057  -0.015393 -0.663893 0.062740
34  0.224227 0.240129 -3.218159  -0.877373 1.468889 0.577834
35  -0.000100 7.721053 -0.000309  -0.283830 0.060496 -0.167556
36  -0.000033 7.374857 -0.000004  0.007538 -0.195021 0.049539
37  0.000077 6.848099 0.000007  0.005483 0.006497 -0.033649
38  -0.000051 7.777861 0.000009  -0.186096 0.182474 -0.152847
39  -1.514455 2.104650 -1.150168  -0.029093 0.541319 1.555678
40  -0.000168 6.982347 -0.000078  -0.199698 -0.041212 0.153489
41  0.000042 8.382857 -0.000073  0.044866 0.587986 -0.257961
42  0.000013 8.697710 -0.000028  -0.102637 -0.474318 0.290944
43  0.000056 8.921808 -0.000002  -0.076259 0.581005 -0.195605
44  1.196205 2.899155 -2.353088  -0.449718 1.030104 1.287429
45  0.000106 5.476943 0.000007  0.285574 -0.099353 -0.038446
46  -0.000074 6.060433 -0.000092  -0.155020 -0.575032 0.384609
47  0.000017 5.994264 0.000028  0.033940 0.288574 -0.067730
48  -0.000004 6.100485 0.000001  -0.068405 0.299273 -0.162153
49  0.000034 6.916758 0.000009  -0.096319 0.220533 -0.107967
50  0.000151 6.435058 -0.000044  -0.037458 0.171631 -0.116571
51  1.092805 3.649510 -1.738795  -0.148600 0.876612 1.445020
52  -0.000128 6.792202 -0.000103  0.008284 0.107792 -0.048643
53  -0.000090 7.744776 -0.000030  0.057137 -0.256893 0.015458
54  0.000084 9.115026 -0.000039  -0.020393 0.256253 -0.142636
55  3.494529 -1.749102 3.007062  0.118400 1.106974 1.813810
56  0.000014 4.323840 0.000083  -0.229908 -0.770942 0.449225
57  0.000027 4.872896 -0.000023  0.367242 -0.664052 -0.254032
58  0.000003 5.056656 0.000094  -0.511237 0.856586 -0.546325
59  2.292474 1.708613 3.661673  -1.762561 1.789111 -0.218974
60  -0.000172 6.589439 0.000278  -0.007132 -0.169123 0.176909
61  0.000172 7.491495 -0.000151  -0.132413 -0.107097 0.179329
62  -0.000139 8.249663 0.000141  0.041911 -0.058209 0.015813
63  0.000073 8.605241 -0.000026  0.101584 0.501824 -0.079699
64  -0.240479 2.066072 2.349265  -0.357330 2.461713 1.296082
65  -0.000084 7.721107 -0.000006  -0.208231 -0.126224 -0.116496
66  -0.000122 7.374860 -0.000045  -0.111017 0.046939 -0.046460
67  -0.000039 6.848056 -0.000026  0.273533 0.247522 0.299906
68  0.000035 7.777828 -0.000044  0.072920 0.186148 -0.052690
69  -0.000086 8.178052 0.000011  -0.087030 -0.422850 -0.381358
70  1.617618 3.431410 2.399263  -0.249454 2.569514 1.508572
71  -0.000165 5.476948 -0.000029  0.057728 0.074072 0.060285
72  -0.000093 6.060494 -0.000007  -0.015203 0.015650 -0.152064
73  0.000025 5.994246 0.000011  -0.126211 -0.157657 0.153301
74  -0.000074 7.076877 -0.000047  -0.008119 0.010385 0.036400
75  0.000003 7.089872 -0.000070  0.070875 0.098587 -0.025893
76  0.361124 0.886681 3.287744  -0.576377 1.978710 0.939006
77  -0.000065 6.686644 0.000222  -0.146569 0.414163 -0.327709
78  -0.000009 7.638023 0.000011  -0.079523 -0.025948 0.130955
79  -0.000029 7.290236 -0.000022  0.025323 -0.093908 0.023961
80  -0.000033 6.530366 0.000004  -0.261846 -0.300601 0.006736
81  0.000062 7.224874 0.000010  0.036505 0.032481 -0.175821
82  1.071910 3.225796 1.570113  -0.043808 2.859974 1.526248
83  0.000416 6.748901 -0.000067  -0.062699 0.083783 0.022202
84  -0.000047 8.002643 0.000027  -0.067496 -0.117208 -0.115599
85  0.000012 8.580571 -0.000097  0.088211 -0.007187 0.334603
86  0.000170 8.689831 -0.000040  0.065327 -0.412430 -0.134515
87  -1.514522 2.104641 0.318053  -0.024896 3.094490 1.569497
88  0.000198 6.982278 0.000012  -0.107588 -0.057625 -0.215716
89  -0.000007 8.382874 -0.000067  0.135029 -0.099914 0.287073
90  -0.000063 8.697668 0.000023  -0.148088 -0.510101 0.044836
91  -0.000135 8.921825 0.000080  -0.236826 -0.892635 0.098806
92  3.553626 -3.478045 2.409275  0.000822 0.762045 1.535312
93  -0.000000 4.476902 -0.000010  -0.151006 -0.588330 0.377259
94  0.000032 4.514121 -0.000023  -0.228867 -2.996201 0.592369
95  0.000042 4.518386 -0.000021  0.143169 2.612778 0.693385
96  0.000022 3.598326 0.000024  -0.749300 0.869853 -0.773231
97  4.209927 -0.440348 1.018822  -2.023436 -2.045760 0.233277
98  4.265508 1.434234 -0.404995  -1.757881 -0.418726 -0.127810
99  9.400232 0.017941 0.083198  0.066321 -0.067129 -1.243580
100  10.242421 0.033590 0.064485  2.741101 -0.336185 -0.356207
101  3.465855 -0.059679 0.016693  -0.028887 -0.028008 -0.328171
102  1.655592 -0.000023 0.000021  -0.020275 -0.124777 -0.521010
103  0.960773 -0.000002 -0.000007  0.000460 0.000153 -0.231870
104  3.462029 -0.064246 0.939908  0.328601 -0.026095 -0.156121
105  1.497176 -0.000005 0.000023  -0.491598 -0.041073 -0.094107
106  0.793760 0.000001 -0.000005  0.002302 -0.007905 -0.134358
107  0.591662 -0.460693 0.835206  -1.141796 -0.776744 -0.450516
108  1.556138 -0.000000 -0.000004  -0.180562 0.115033 0.422940
109  1.135903 0.000018 0.000007  0.006813 0.027617 0.407964
110  3.084270 -0.668821 -1.257086  -0.668369 0.005091 -0.544271
111  1.064202 -0.000003 0.000007  -0.012068 0.097461 -0.779427
112  0.640335 0.000007 -0.000007  -0.006264 -0.005055 -0.469670
113  3.396822 -0.242137 -0.708690  -0.378987 0.036609 -0.383152
114  1.532969 0.000011 0.000006  0.010386 -0.009005 -0.708151
115  0.832975 -0.000007 -0.000003  0.001513 -0.010822 -0.592718
116  4.209945 -0.440344 -1.019280  -0.748787 0.674779 -2.702969
117  4.266746 1.424945 0.424938  1.554077 -0.098333 -0.625281
118  9.398563 0.011951 -0.082517  -0.019740 0.064714 -0.602195
119  10.242437 0.028176 -0.062904  -1.643188 0.032328 -0.160135
120  3.465748 -0.067527 0.002267  -0.178488 0.226792 -1.631456
121  1.655557 0.000006 0.000006  -0.123156 0.212554 -1.204977
122  0.960908 0.000004 -0.000001  -0.050829 0.145318 -0.983253
123  3.466857 -0.077783 -0.920910  -0.421867 0.095164 -1.603295
124  1.497261 -0.000034 -0.000021  -0.621759 0.348778 -1.113829
125  0.793788 -0.000008 0.000004  -0.393028 0.524605 -1.028538
126  0.595080 -0.467152 -0.829176  2.360845 0.654098 -0.566848
127  1.555674 0.000016 -0.000001  0.489695 0.402490 0.906484
128  1.136817 -0.000007 -0.000001  0.397581 0.384583 0.874845
129  3.075974 -0.667966 1.277700  0.578525 0.320832 -1.268600
130  1.064597 0.000018 0.000012  0.053348 -0.130902 -1.232098
131  0.640362 -0.000015 -0.000004  -0.037801 -0.047057 -0.900793
132  3.392414 -0.245370 0.728376  0.155477 0.337212 -1.621797
133  1.532736 -0.000012 -0.000000  -0.011109 0.019879 -1.189429
134  0.833152 0.000001 0.000005  -0.046547 -0.021562 -1.211537
135  3.590112 -3.090295 1.193969  1.635457 1.210566 1.548541
136  3.589561 -3.089880 -1.196374  -1.505736 1.210473 -1.592853
137  -0.436559 4.719025 -0.001078  -0.000236 -1.570733 1.693218
138  -0.000000 2.775456 -0.000234  -0.135089 0.000001 -0.000000
139  -0.000001 3.189771 0.000011  0.207820 -0.000000 0.000000
140  -0.000001 3.504654 0.000045  -0.261876 -0.000000 -0.000000
141  0.000000 2.863201 -0.000001  -0.051268 0.000000 0.000000
time 16
0 128.759667 0.368600 38.129761 1.570862 0.000000 -0.000000
1  0.002636 43.025146 0.734438  0.469457 -1.177750 -0.695814
2  3.061857 -4.181008 -0.610803  -1.943041 -0.472183 -1.287177
3  18.476770 0.000156 -0.000002  -0.009789 -0.078076 1.013025
4  17.490086 0.000116 0.000003  -0.042094 -0.417792 -1.358166
5  -3.065329 -4.183576 -0.611479  -1.180928 -0.696636 -1.504354
6  18.474861 -0.000030 -0.000007  0.056217 0.113050 1.741860
7  17.489584 0.001918 -0.000006  -0.238779 -0.086231 -0.938746
8  -0.000117 -0.048882 -0.576226  1.355453 0.104254 1.576131
9  3.224480 0.767046 0.000498  0.201294 -0.039435 0.277678
10  3.223911 0.226399 -0.001946  0.062941 -0.168854 0.545039
11  5.187328 -1.262559 -0.001177  0.000012 0.000066 0.194111
12  6.928413 -1.935308 -0.000227  -3.079486 -0.065749 0.226380
13  3.236364 1.079612 0.000053  0.570657 -0.047201 0.474739
14  0.833763 3.805354 0.692955  -0.040490 0.554884 1.469874
15  0.000032 6.792212 0.000040  0.007990 0.036070 -0.011408
16  -0.000071 7.744821 0.000014  -0.017440 -0.155305 0.068152
17  0.000070 7.809705 0.000019  -0.033637 0.005025 0.006141
18  -0.000026 7.867674 0.000017  -0.073329 -0.127910 0.026376
19  3.494704 -1.749092 -3.006913  0.152547 2.070418 1.936946
20  0.000118 4.478320 0.000019  -0.194658 0.310432 -0.234995
21  0.000048 4.636116 -0.000029  0.035820 0.324593 -0.151767
22  -0.000044 5.008650 0.000011  0.076000 -0.286565 0.276090
23  0.000064 4.781164 0.000011  0.904400 -2.690903 -0.015798
24  2.253043 1.989058 -3.350106  -1.523628 1.324498 0.112404
25  0.000162 6.589465 0.000169  0.206354 -0.002129 -0.080395
26  0.000037 7.491416 0.000040  -0.333514 0.184454 -0.191169
27  0.000026 7.660303 -0.000060  -0.063174 0.127194 -0.062116
28  0.000005 7.256272 0.000021  -0.052940 -0.487829 0.313814
29  -0.791157 2.265116 -1.234655  -0.753898 1.136377 0.824675
30  -0.000259 8.572266 -0.000095  -0.222844 -0.296789 0.176502
31  -0.000095 8.117216 0.000047  0.072256 0.772521 -0.285589
32  -0.000084 8.230035 -0.000069  -0.080491 -0.347232 0.072255
33  0.000060 7.366725 0.000053  -0.015393 -0.663893 0.062740
34  0.224221 0.240126 -3.218158  -0.877372 1.468889 0.577835
35  -0.000100 7.721044 -0.000311  -0.283830 0.060496 -0.167556
36  -0.000030 7.374850 -0.000001  0.007538 -0.195021 0.049539
37  0.000074 6.848102 0.000007  0.005483 0.006497 -0.033649
38  -0.000050 7.777860 0.000007  -0.186096 0.182474 -0.152847
39  -1.514462 2.104650 -1.150167  -0.029093 0.541319 1.555678
40  -0.000168 6.982343 -0.000077  -0.199698 -0.041212 0.153489
41  0.000035 8.382860 -0.000073  0.044865 0.587986 -0.257961
42  0.000012 8.697701 -0.000026  -0.102637 -0.474318 0.290944
43  0.000057 8.921807 -0.000003  -0.076259 0.581005 -0.195605
44  1.196194 2.899154 -2.353086  -0.449718 1.030104 1.287429
45  0.000107 5.476933 0.000008  0.285574 -0.099353 -0.038446
46  -0.000072 6.060430 -0.000087  -0.155020 -0.575032 0.384609
47  0.000017 5.994263 0.000028  0.033940 0.288574 -0.067730
48  -0.000007 6.100487 0.000001  -0.068405 0.299273 -0.162153
49  0.000036 6.916763 0.000008  -0.096319 0.220533 -0.107967
50  0.000149 6.435059 -0.000045  -0.037458 0.171630 -0.116571
51  1.092797 3.649511 -1.738794  -0.148600 0.876612 1.445020
52  -0.000130 6.792206 -0.000103  0.008285 0.107792 -0.048643
53  -0.000088 7.744769 -0.000029  0.057137 -0.256893 0.015458
54  0.000085 9.115015 -0.000036  -0.020393 0.256253 -0.142636
55  3.494513 -1.749104 3.007063  0.118400 1.106974 1.813810
56  0.000014 4.323835 0.000087  -0.229908 -0.770942 0.449225
57  0.000029 4.872903 -0.000021  0.367242 -0.664052 -0.254032
58  0.000004 5.056643 0.000092  -0.511237 0.856586 -0.546325
59  2.292467 1.708612 3.661674  -1.762561 1.789111 -0.218974
60  -0.000173 6.589440 0.000275  -0.007132 -0.169123 0.176909
61  0.000173 7.491494 -0.000147  -0.132413 -0.107097 0.179329
62  -0.000140 8.249659 0.000146  0.041911 -0.058209 0.015813
63  0.000072 8.605238 -0.000026  0.101584 0.501824 -0.079699
64  -0.240485 2.066072 2.349266  -0.357330 2.461713 1.296082
65  -0.000088 7.721101 -0.000004  -0.208231 -0.126224 -0.116496
66  -0.000121 7.374866 -0.000046  -0.111017 0.046939 -0.046460
67  -0.000035 6.848061 -0.000026  0.273533 0.247522 0.299906
68  0.000037 7.777832 -0.000044  0.072920 0.186148 -0.052690
69  -0.000083 8.178054 0.000012  -0.087030 -0.422850 -0.381358
70  1.617607 3.431411 2.399265  -0.249454 2.569514 1.508572
71  -0.000162 5.476947 -0.000030  0.057728 0.074072 0.060285
72  -0.000087 6.060498 -0.000004  -0.015203 0.015650 -0.152065
73  0.000024 5.994248 0.000011  -0.126211 -0.157657 0.153301
74  -0.000077 7.076873 -0.000047  -0.008119 0.010384 0.036400
75  0.000002 7.089860 -0.000070  0.070875 0.098587 -0.025893
76  0.361116 0.886683 3.287745  -0.576378 1.978710 0.939007
77  -0.000066 6.686638 0.000223  -0.146569 0.414163 -0.327709
78  -0.000009 7.638023 0.000014  -0.079523 -0.025947 0.130955
79  -0.000035 7.290227 -0.000020  0.025323 -0.093908 0.023961
80  -0.000035 6.530369 0.000004  -0.261846 -0.300601 0.006736
81  0.000062 7.224879 0.000009  0.036505 0.032481 -0.175821
82  1.071904 3.225799 1.570115  -0.043808 2.859974 1.526249
83  0.000415 6.748902 -0.000067  -0.062699 0.083783 0.022202
84  -0.000051 8.002640 0.000027  -0.067496 -0.117209 -0.115599
85  0.000014 8.580572 -0.000098  0.088211 -0.007187 0.334603
86  0.000169 8.689828 -0.000041  0.065327 -0.412430 -0.134515
87  -1.514532 2.104637 0.318055  -0.024896 3.094490 1.569497
88  0.000192 6.982283 0.000014  -0.107588 -0.057625 -0.215716
89  -0.000008 8.382873 -0.000068  0.135029 -0.099914 0.287073
90  -0.000062 8.697667 0.000023  -0.148088 -0.510100 0.044836
91  -0.000136 8.921824 0.000082  -0.236826 -0.892635 0.098806
92  3.553620 -3.478044 2.409276  0.000822 0.762045 1.535312
93  -0.000001 4.476900 -0.000011  -0.151006 -0.588330 0.377259
94  0.000032 4.514123 -0.000023  -0.228867 -2.996201 0.592369
95  0.000042 4.518385 -0.000024  0.143169 2.612778 0.693385
96  0.000023 3.598330 0.000024  -0.749300 0.869853 -0.773231
97  4.209923 -0.440341 1.018825  -1.997557 -2.008502 0.214799
98  4.265508 1.434232 -0.404990  -1.704517 -0.363997 -0.135317
99  9.400229 0.017941 0.083202  0.062884 -0.067893 -1.197068
100  10.242422 0.033596 0.064481  2.767393 -0.366024 -0.426594
101  3.465855 -0.059680 0.016695  -0.028887 -0.028008 -0.328171
102  1.655596 -0.000021 0.000020  -0.020275 -0.124777 -0.521010
103  0.960769 -0.000000 -0.000005  0.000460 0.000153 -0.231870
104  3.462029 -0.064243 0.939909  0.328601 -0.026095 -0.156121
105  1.497178 -0.000009 0.000024  -0.491598 -0.041073 -0.094107
106  0.793761 0.000007 -0.000000  0.002302 -0.007905 -0.134358
107  0.591662 -0.460692 0.835209  -1.141796 -0.776744 -0.450516
108  1.556140 0.000006 0.000004  -0.180562 0.115033 0.422940
109  1.135904 0.000016 0.000002  0.006813 0.027617 0.407964
110  3.084269 -0.668819 -1.257083  -0.668369 0.005091 -0.544271
111  1.064200 -0.000008 0.000006  -0.012068 0.097461 -0.779427
112  0.640336 0.000003 -0.000008  -0.006264 -0.005055 -0.469670
113  3.396822 -0.242134 -0.708688  -0.378987 0.036609 -0.383152
114  1.532968 0.000007 0.000004  0.010386 -0.009005 -0.708151
115  0.832974 -0.000009 -0.000002  0.001514 -0.010822 -0.592717
116  4.209943 -0.440338 -1.019279  -0.748860 0.674793 -2.703090
117  4.266746 1.424945 0.424940  1.576565 -0.138437 -0.630348
118  9.398567 0.011951 -0.082518  -0.017413 0.063638 -0.569140
119  10.242440 0.028176 -0.062906  -1.663463 0.037272 -0.184095
120  3.465746 -0.067529 0.002266  -0.178488 0.226792 -1.631456
121  1.655561 0.000003 0.000004  -0.123156 0.212554 -1.204977
122  0.960909 0.000006 -0.000001  -0.050829 0.145318 -0.983253
123  3.466854 -0.077784 -0.920910  -0.421867 0.095164 -1.603294
124  1.497261 -0.000033 -0.000022  -0.621759 0.348778 -1.113828
125  0.793788 -0.000006 -0.000001  -0.393027 0.524606 -1.028538
126  0.595074 -0.467150 -0.829177  2.360845 0.654098 -0.566848
127  1.555676 0.000015 -0.000004  0.489695 0.402490 0.906484
128  1.136812 -0.000008 -0.000002  0.397581 0.384583 0.874845
129  3.075972 -0.667969 1.277700  0.578525 0.320832 -1.268600
130  1.064593 0.000016 0.000010  0.053348 -0.130902 -1.232098
131  0.640361 -0.000016 -0.000003  -0.037801 -0.047057 -0.900793
132  3.392411 -0.245371 0.728375  0.155477 0.337212 -1.621797
133  1.532730 -0.000013 0.000000  -0.011109 0.019879 -1.189429
134  0.833151 0.000009 0.000006  -0.046547 -0.021562 -1.211537
135  3.590115 -3.090294 1.193972  1.635457 1.210566 1.548541
136  3.589567 -3.089881 -1.196374  -1.505736 1.210473 -1.592853
137  -0.436556 4.719028 -0.001076  -0.001181 -1.570733 1.693275
138  -0.000001 2.775456 -0.000234  -0.135089 0.000001 -0.000000
139  -0.000000 3.189771 0.000008  0.207820 -0.000000 0.000000
140  -0.000000 3.504651 0.000046  -0.261876 0.000000 -0.000000
141  -0.000000 2.863199 -0.000003  -0.051268 -0.000000 0.000000
time 17
0 136.616061 0.365437 38.804779 1.570862 0.000000 -0.000000
1  0.002636 43.025146 0.734438  0.583564 -1.229461 -0.805260
2  3.061859 -4.181018 -0.610804  -1.992194 -0.463099 -1.308062
3  18.476774 0.000160 -0.000001  -0.002449 -0.063269 0.810675
4  17.490086 0.000117 0.000003  0.003527 -0.457672 -1.193809
5  -3.065329 -4.183575 -0.611479  -1.217625 -0.461330 -1.433261
6  18.474855 -0.000032 -0.000008  0.045682 0.109213 1.604515
7  17.489586 0.001918 -0.000006  -0.233972 -0.091798 -1.004144
8  -0.000116 -0.048884 -0.576225  1.390339 0.098957 1.603220
9  3.224491 0.767048 0.000496  0.218270 -0.046691 0.267206
10  3.223912 0.226399 -0.001946  0.076606 -0.198230 0.512795
11  5.187317 -1.262558 -0.001178  0.000012 0.000066 0.194111
12  6.928407 -1.935311 -0.000228  -3.067617 -0.085289 0.224949
13  3.236366 1.079612 0.000057  0.547863 -0.064461 0.441560
14  0.833757 3.805349 0.692958  -0.040490 0.554884 1.469874
15  0.000034 6.792212 0.000037  0.007990 0.036070 -0.011408
16  -0.000074 7.744811 0.000016  -0.017441 -0.155305 0.068151
17  0.000073 7.809703 0.000018  -0.033636 0.005026 0.006141
18  -0.000026 7.867672 0.000017  -0.073329 -0.127910 0.026376
19  3.494699 -1.749095 -3.006910  0.152547 2.070418 1.936947
20  0.000119 4.478320 0.000021  -0.194658 0.310432 -0.234995
21  0.000048 4.636115 -0.000029  0.035820 0.324593 -0.151767
22  -0.000044 5.008650 0.000011  0.076000 -0.286565 0.276090
23  0.000064 4.781164 0.000011  0.904400 -2.690903 -0.015798
24  2.253037 1.989056 -3.350104  -1.523628 1.324498 0.112404
25  0.000162 6.589457 0.000173  0.206354 -0.002129 -0.080395
26  0.000043 7.491411 0.000043  -0.333514 0.184454 -0.191169
27  0.000025 7.660308 -0.000056  -0.063174 0.127194 -0.062116
28  0.000007 7.256271 0.000019  -0.052940 -0.487829 0.313814
29  -0.791159 2.265121 -1.234653  -0.753898 1.136377 0.824675
30  -0.000257 8.572260 -0.000089  -0.222844 -0.296789 0.176502
31  -0.000096 8.117218 0.000048  0.072256 0.772521 -0.285589
32  -0.000081 8.230030 -0.000070  -0.080491 -0.347232 0.072255
33  0.000055 7.366727 0.000050  -0.015393 -0.663893 0.062740
34  0.224214 0.240125 -3.218154  -0.877372 1.468889 0.577835
35  -0.000102 7.721060 -0.000310  -0.283830 0.060496 -0.167555
36  -0.000029 7.374855 -0.000002  0.007538 -0.195021 0.049539
37  0.000075 6.848102 0.000005  0.005483 0.006497 -0.033649
38  -0.000050 7.777864 0.000007  -0.186096 0.182474 -0.152847
39  -1.514466 2.104648 -1.150164  -0.029093 0.541319 1.555678
40  -0.000166 6.982344 -0.000078  -0.199698 -0.041212 0.153489
41  0.000039 8.382870 -0.000072  0.044865 0.587986 -0.257961
42  0.000014 8.697700 -0.000025  -0.102637 -0.474318 0.290944
43  0.000056 8.921805 -0.000004  -0.076259 0.581005 -0.195605
44  1.196192 2.899154 -2.353083  -0.449718 1.030104 1.287429
45  0.000105 5.476951 0.000006  0.285574 -0.099353 -0.038446
46  -0.000075 6.060434 -0.000091  -0.155020 -0.575032 0.384609
47  0.000021 5.994260 0.000029  0.033940 0.288574 -0.067730
48  -0.000007 6.100485 0.000000  -0.068405 0.299273 -0.162153
49  0.000034 6.916765 0.000008  -0.096319 0.220533 -0.107967
50  0.000148 6.435061 -0.000043  -0.037458 0.171630 -0.116571
51  1.092794 3.649512 -1.738792  -0.148600 0.876612 1.445020
52  -0.000128 6.792204 -0.000104  0.008284 0.107792 -0.048643
53  -0.000087 7.744774 -0.000034  0.057137 -0.256893 0.015458
54  0.000080 9.115026 -0.000037  -0.020393 0.256253 -0.142636
55  3.494511 -1.749104 3.007067  0.118400 1.106974 1.813810
56  0.000015 4.323836 0.000089  -0.229908 -0.770942 0.449225
57  0.000027 4.872899 -0.000020  0.367242 -0.664052 -0.254032
58  0.000005 5.056650 0.000093  -0.511237 0.856586 -0.546325
59  2.292464 1.708615 3.661678  -1.762561 1.789111 -0.218974
60  -0.000174 6.589437 0.000272  -0.007132 -0.169123 0.176909
61  0.000173 7.491493 -0.000154  -0.132413 -0.107097 0.179329
62  -0.000140 8.249660 0.000143  0.041910 -0.058209 0.015813
63  0.000073 8.605238 -0.000022  0.101584 0.501824 -0.079699
64  -0.240489 2.066071 2.349270  -0.357330 2.461713 1.296082
65  -0.000090 7.721104 -0.000002  -0.208231 -0.126224 -0.116496
66  -0.000121 7.374864 -0.000047  -0.111017 0.046939 -0.046460
67  -0.000035 6.848068 -0.000026  0.273533 0.247522 0.299907
68  0.000031 7.777822 -0.000043  0.072920 0.186148 -0.052690
69  -0.000088 8.178052 0.000010  -0.087030 -0.422850 -0.381358
70  1.617603 3.431410 2.399268  -0.249454 2.569514 1.508572
71  -0.000163 5.476953 -0.000030  0.057728 0.074072 0.060285
72  -0.000094 6.060488 -0.000006  -0.015203 0.015650 -0.152064
73  0.000025 5.994252 0.000011  -0.126211 -0.157657 0.153301
74  -0.000082 7.076874 -0.000047  -0.008119 0.010385 0.036400
75  0.000006 7.089868 -0.000070  0.070875 0.098587 -0.025893
76  0.361113 0.886683 3.287749  -0.576377 1.978710 0.939007
77  -0.000068 6.686642 0.000226  -0.146569 0.414163 -0.327709
78  -0.000010 7.638012 0.000013  -0.079523 -0.025947 0.130955
79  -0.000034 7.290226 -0.000022  0.025323 -0.093908 0.023961
80  -0.000034 6.530369 0.000001  -0.261846 -0.300601 0.006736
81  0.000063 7.224885 0.000010  0.036505 0.032481 -0.175821
82  1.071898 3.225796 1.570117  -0.043808 2.859974 1.526248
83  0.000415 6.748904 -0.000065  -0.062699 0.083783 0.022202
84  -0.000048 8.002641 0.000026  -0.067496 -0.117209 -0.115599
85  0.000013 8.580574 -0.000097  0.088211 -0.007187 0.334603
86  0.000177 8.689831 -0.000041  0.065327 -0.412430 -0.134515
87  -1.514533 2.104641 0.318058  -0.024896 3.094490 1.569497
88  0.000190 6.982282 0.000010  -0.107588 -0.057625 -0.215716
89  -0.000007 8.382876 -0.000068  0.135029 -0.099914 0.287073
90  -0.000064 8.697672 0.000022  -0.148088 -0.510101 0.044836
91  -0.000137 8.921822 0.000077  -0.236826 -0.892635 0.098806
92  3.553615 -3.478043 2.409280  0.000822 0.762045 1.535312
93  0.000000 4.476899 -0.000011  -0.151006 -0.588330 0.377259
94  0.000031 4.514116 -0.000023  -0.228867 -2.996201 0.592369
95  0.000042 4.518380 -0.000022  0.143169 2.612778 0.693385
96  0.000021 3.598327 0.000021  -0.749300 0.869853 -0.773231
97  4.209920 -0.440345 1.018821  -1.974732 -1.973313 0.197986
98  4.265504 1.434228 -0.404992  -1.667992 -0.315812 -0.137040
99  9.400238 0.017941 0.083202  0.060919 -0.068256 -1.170681
100  10.242418 0.033586 0.064486  2.788788 -0.383742 -0.470959
101  3.465855 -0.059682 0.016697  -0.028887 -0.028008 -0.328171
102  1.655593 -0.000022 0.000023  -0.020275 -0.124776 -0.521010
103  0.960772 -0.000006 -0.000006  0.000460 0.000153 -0.231870
104  3.462029 -0.064247 0.939908  0.328601 -0.026095 -0.156121
105  1.497179 -0.000009 0.000026  -0.491598 -0.041073 -0.094107
106  0.793759 0.000005 -0.000001  0.002302 -0.007905 -0.134358
107  0.591663 -0.460693 0.835209  -1.141796 -0.776744 -0.450516
108  1.556140 0.000003 -0.000003  -0.180562 0.115033 0.422940
109  1.135901 0.000021 0.000005  0.006813 0.027617 0.407964
110  3.084270 -0.668821 -1.257086  -0.668369 0.005091 -0.544272
111  1.064200 -0.000000 0.000006  -0.012068 0.097461 -0.779427
112  0.640335 0.000002 -0.000009  -0.006264 -0.005055 -0.469670
113  3.396824 -0.242138 -0.708690  -0.378987 0.036609 -0.383152
114  1.532968 0.000015 0.000006  0.010386 -0.009005 -0.708151
115  0.832971 -0.000004 -0.000001  0.001511 -0.010822 -0.592717
116  4.209939 -0.440342 -1.019281  -0.748915 0.674904 -2.703268
117  4.266745 1.424943 0.424938  1.587744 -0.168805 -0.634266
118  9.398569 0.011950 -0.082517  -0.015613 0.062740 -0.543204
119  10.242438 0.028177 -0.062908  -1.679286 0.040828 -0.201164
120  3.465750 -0.067528 0.002267  -0.178488 0.226792 -1.631456
121  1.655555 0.000002 0.000004  -0.123156 0.212554 -1.204977
122  0.960909 0.000004 0.000002  -0.050829 0.145318 -0.983253
123  3.466856 -0.077782 -0.920910  -0.421867 0.095164 -1.603295
124  1.497259 -0.000034 -0.000023  -0.621759 0.348778 -1.113829
125  0.793787 -0.000009 -0.000003  -0.393027 0.524605 -1.028538
126  0.595082 -0.467153 -0.829176  2.360845 0.654098 -0.566848
127  1.555679 0.000016 -0.000003  0.489695 0.402490 0.906484
128  1.136814 -0.000009 0.000001  0.397581 0.384583 0.874845
129  3.075975 -0.667968 1.277700  0.578525 0.320832 -1.268600
130  1.064597 0.000022 0.000010  0.053348 -0.130902 -1.232098
131  0.640362 -0.000011 -0.000005  -0.037801 -0.047057 -0.900793
132  3.392415 -0.245373 0.728375  0.155477 0.337212 -1.621797
133  1.532732 -0.000007 -0.000000  -0.011109 0.019879 -1.189429
134  0.833153 0.000009 0.000004  -0.046547 -0.021562 -1.211537
135  3.590108 -3.090292 1.193972  1.635457 1.210566 1.548541
136  3.589561 -3.089880 -1.196373  -1.505736 1.210473 -1.592853
137  -0.436560 4.719028 -0.001077  -0.001182 -1.570733 1.693745
138  0.000002 2.775456 -0.000238  -0.135089 0.000001 -0.000000
139  -0.000001 3.189770 0.000010  0.207820 -0.000000 0.000000
140  -0.000001 3.504652 0.000047  -0.261876 0.000000 0.000000
141  -0.000000 2.863201 -0.000003  -0.051268 -0.000000 0.000000
time 18
0 144.752414 0.270306 39.133400 1.570862 0.000000 -0.000000
1  0.002636 43.025146 0.734438  0.641523 -1.284890 -0.857013
2  3.061857 -4.181007 -0.610804  -2.026389 -0.413806 -1.381133
3  18.476776 0.000159 -0.000000  0.002651 -0.038746 0.503709
4  17.490086 0.000116 0.000003  0.064003 -0.497365 -0.981754
5  -3.065330 -4.183569 -0.611480  -1.259196 -0.268126 -1.413628
6  18.474855 -0.000034 -0.000008  0.034503 0.103172 1.448789
7  17.489584 0.001916 -0.000006  -0.239022 -0.126624 -1.036263
8  -0.000117 -0.048879 -0.576228  1.416206 0.084009 1.598132
9  3.224491 0.767047 0.000496  0.215854 -0.057864 0.259035
10  3.223908 0.226400 -0.001943  0.106792 -0.221362 0.480373
11  5.187312 -1.262558 -0.001177  0.000012 0.000066 0.194111
12  6.928411 -1.935313 -0.000228  -3.038395 -0.085954 0.216113
13  3.236367 1.079615 0.000059  0.513189 -0.054378 0.407215
14  0.833756 3.805351 0.692956  -0.040490 0.554884 1.469874
15  0.000034 6.792204 0.000038  0.007990 0.036070 -0.011408
16  -0.000073 7.744821 0.000013  -0.017440 -0.155305 0.068152
17  0.000076 7.809699 0.000017  -0.033637 0.005026 0.006141
18  -0.000026 7.867668 0.000017  -0.073329 -0.127910 0.026376
19  3.494696 -1.749095 -3.006912  0.152547 2.070418 1.936946
20  0.000120 4.478321 0.000015  -0.194658 0.310432 -0.234995
21  0.000049 4.636121 -0.000030  0.035820 0.324593 -0.151767
22  -0.000040 5.008655 0.000014  0.076000 -0.286565 0.276090
23  0.000064 4.781164 0.000011  0.904400 -2.690903 -0.015798
24  2.253035 1.989058 -3.350106  -1.523628 1.324498 0.112404
25  0.000162 6.589460 0.000169  0.206354 -0.002129 -0.080395
26  0.000043 7.491412 0.000041  -0.333514 0.184454 -0.191169
27  0.000024 7.660314 -0.000056  -0.063174 0.127194 -0.062115
28  0.000007 7.256270 0.000021  -0.052940 -0.487829 0.313814
29  -0.791166 2.265116 -1.234655  -0.753898 1.136377 0.824675
30  -0.000258 8.572265 -0.000093  -0.222844 -0.296789 0.176502
31  -0.000097 8.117217 0.000048  0.072256 0.772521 -0.285589
32  -0.000081 8.230032 -0.000074  -0.080491 -0.347232 0.072255
33  0.000057 7.366724 0.000051  -0.015393 -0.663893 0.062740
34  0.224212 0.240124 -3.218157  -0.877372 1.468889 0.577834
35  -0.000101 7.721047 -0.000310  -0.283830 0.060496 -0.167555
36  -0.000031 7.374854 -0.000001  0.007538 -0.195021 0.049539
37  0.000074 6.848108 0.000008  0.005483 0.006497 -0.033649
38  -0.000050 7.777867 0.000012  -0.186096 0.182474 -0.152847
39  -1.514473 2.104646 -1.150167  -0.029093 0.541319 1.555678
40  -0.000165 6.982351 -0.000077  -0.199698 -0.041212 0.153489
41  0.000039 8.382856 -0.000072  0.044865 0.587986 -0.257961
42  0.000011 8.697703 -0.000026  -0.102636 -0.474318 0.290944
43  0.000053 8.921807 -0.000003  -0.076259 0.581005 -0.195605
44  1.196183 2.899149 -2.353086  -0.449718 1.030104 1.287429
45  0.000105 5.476943 0.000007  0.285574 -0.099353 -0.038446
46  -0.000077 6.060437 -0.000091  -0.155020 -0.575032 0.384609
47  0.000020 5.994261 0.000029  0.033940 0.288574 -0.067730
48  -0.000010 6.100486 0.000000  -0.068405 0.299273 -0.162153
49  0.000036 6.916759 0.000008  -0.096319 0.220533 -0.107967
50  0.000150 6.435057 -0.000044  -0.037458 0.171630 -0.116571
51  1.092790 3.649509 -1.738794  -0.148600 0.876612 1.445020
52  -0.000129 6.792195 -0.000102  0.008284 0.107792 -0.048643
53  -0.000086 7.744779 -0.000030  0.057137 -0.256893 0.015458
54  0.000085 9.115022 -0.000038  -0.020393 0.256253 -0.142636
55  3.494513 -1.749101 3.007064  0.118400 1.106974 1.813810
56  0.000014 4.323837 0.000084  -0.229908 -0.770942 0.449225
57  0.000028 4.872895 -0.000020  0.367242 -0.664052 -0.254032
58  0.000005 5.056660 0.000091  -0.511237 0.856586 -0.546325
59  2.292464 1.708613 3.661676  -1.762561 1.789111 -0.218974
60  -0.000171 6.589439 0.000276  -0.007132 -0.169123 0.176909
61  0.000174 7.491498 -0.000151  -0.132413 -0.107097 0.179329
62  -0.000139 8.249662 0.000144  0.041911 -0.058209 0.015813
63  0.000071 8.605238 -0.000028  0.101584 0.501824 -0.079699
64  -0.240491 2.066071 2.349267  -0.357330 2.461713 1.296082
65  -0.000084 7.721104 -0.000005  -0.208231 -0.126224 -0.116496
66  -0.000121 7.374866 -0.000047  -0.111017 0.046939 -0.046460
67  -0.000034 6.848061 -0.000026  0.273533 0.247522 0.299906
68  0.000037 7.777821 -0.000044  0.072920 0.186148 -0.052690
69  -0.000083 8.178053 0.000010  -0.087030 -0.422850 -0.381358
70  1.617598 3.431406 2.399266  -0.249454 2.569514 1.508572
71  -0.000166 5.476937 -0.000030  0.057728 0.074072 0.060285
72  -0.000090 6.060492 -0.000007  -0.015203 0.015650 -0.152064
73  0.000025 5.994254 0.000011  -0.126211 -0.157657 0.153301
74  -0.000076 7.076874 -0.000047  -0.008119 0.010385 0.036400
75  0.000002 7.089867 -0.000070  0.070875 0.098587 -0.025893
76  0.361106 0.886679 3.287746  -0.576377 1.978710 0.939007
77  -0.000067 6.686646 0.000224  -0.146569 0.414163 -0.327709
78  -0.000011 7.638015 0.000015  -0.079523 -0.025948 0.130955
79  -0.000031 7.290227 -0.000024  0.025323 -0.093908 0.023961
80  -0.000037 6.530368 0.000005  -0.261846 -0.300601 0.006736
81  0.000064 7.224875 0.000011  0.036505 0.032481 -0.175821
82  1.071887 3.225792 1.570116  -0.043808 2.859974 1.526249
83  0.000417 6.748908 -0.000066  -0.062699 0.083783 0.022202
84  -0.000050 8.002645 0.000026  -0.067496 -0.117209 -0.115599
85  0.000013 8.580568 -0.000097  0.088211 -0.007187 0.334603
86  0.000174 8.689832 -0.000042  0.065327 -0.412430 -0.134515
87  -1.514540 2.104638 0.318056  -0.024896 3.094490 1.569497
88  0.000191 6.982281 0.000012  -0.107588 -0.057625 -0.215716
89  -0.000010 8.382867 -0.000068  0.135029 -0.099914 0.287073
90  -0.000063 8.697669 0.000023  -0.148088 -0.510101 0.044836
91  -0.000136 8.921822 0.000079  -0.236826 -0.892635 0.098806
92  3.553607 -3.478050 2.409277  0.000822 0.762045 1.535312
93  0.000002 4.476899 -0.000006  -0.151006 -0.588330 0.377259
94  0.000028 4.514122 -0.000024  -0.228867 -2.996201 0.592369
95  0.000044 4.518385 -0.000023  0.143169 2.612778 0.693385
96  0.000025 3.598335 0.000022  -0.749299 0.869853 -0.773231
97  4.209922 -0.440342 1.018822  -1.964780 -1.955127 0.190679
98  4.265508 1.434221 -0.404994  -1.649106 -0.285387 -0.135105
99  9.400240 0.017939 0.083211  0.061673 -0.068123 -1.180790
100  10.242416 0.033588 0.064481  2.797446 -0.395510 -0.474034
101  3.465857 -0.059677 0.016690  -0.028887 -0.028008 -0.328171
102  1.655593 -0.000020 0.000024  -0.020275 -0.124776 -0.521010
103  0.960767 0.000001 -0.000007  0.000460 0.000153 -0.231870
104  3.462029 -0.064249 0.939906  0.328601 -0.026095 -0.156121
105  1.497180 -0.000008 0.000016  -0.491598 -0.041073 -0.094107
106  0.793757 0.000004 0.000001  0.002302 -0.007905 -0.134358
107  0.591664 -0.460694 0.835203  -1.141796 -0.776744 -0.450516
108  1.556143 0.000000 -0.000001  -0.180562 0.115033 0.422940
109  1.135904 0.000019 0.000005  0.006813 0.027617 0.407964
110  3.084271 -0.668823 -1.257088  -0.668369 0.005091 -0.544271
111  1.064205 -0.000010 0.000006  -0.012067 0.097461 -0.779427
112  0.640337 0.000002 -0.000007  -0.006264 -0.005055 -0.469670
113  3.396824 -0.242139 -0.708693  -0.378987 0.036609 -0.383152
114  1.532969 0.000003 0.000009  0.010386 -0.009005 -0.708151
115  0.832972 -0.000005 -0.000001  0.001510 -0.010822 -0.592717
116  4.209946 -0.440342 -1.019279  -0.748960 0.674847 -2.703214
117  4.266746 1.424942 0.424937  1.594329 -0.192045 -0.635127
118  9.398564 0.011948 -0.082524  -0.014877 0.062356 -0.532502
119  10.242440 0.028176 -0.062905  -1.686574 0.042385 -0.205825
120  3.465750 -0.067530 0.002269  -0.178488 0.226792 -1.631456
121  1.655551 0.000003 0.000005  -0.123156 0.212554 -1.204977
122  0.960906 0.000004 0.000000  -0.050829 0.145318 -0.983253
123  3.466857 -0.077782 -0.920909  -0.421867 0.095164 -1.603295
124  1.497258 -0.000032 -0.000023  -0.621759 0.348778 -1.113829
125  0.793789 -0.000005 0.000005  -0.393027 0.524606 -1.028538
126  0.595082 -0.467154 -0.829175  2.360845 0.654098 -0.566848
127  1.555669 0.000014 -0.000004  0.489695 0.402490 0.906484
128  1.136814 -0.000008 -0.000000  0.397581 0.384583 0.874845
129  3.075977 -0.667969 1.277701  0.578525 0.320832 -1.268601
130  1.064601 0.000018 0.000010  0.053348 -0.130902 -1.232098
131  0.640362 -0.000019 -0.000003  -0.037801 -0.047057 -0.900793
132  3.392416 -0.245372 0.728377  0.155477 0.337212 -1.621797
133  1.532739 -0.000012 -0.000000  -0.011109 0.019879 -1.189429
134  0.833151 0.000006 0.000005  -0.046547 -0.021562 -1.211537
135  3.590101 -3.090292 1.193972  1.635456 1.210566 1.548541
136  3.589550 -3.089878 -1.196373  -1.505736 1.210473 -1.592853
137  -0.436566 4.719026 -0.001078  -0.001654 -1.570733 1.692955
138  -0.000002 2.775450 -0.000234  -0.135089 0.000001 -0.000000
139  0.000000 3.189770 0.000011  0.207820 -0.000000 -0.000000
140  -0.000000 3.504653 0.000049  -0.261876 -0.000000 -0.000000
141  0.000001 2.863197 0.000000  -0.051268 0.000000 -0.000000
time 19
0 152.965648 0.140892 39.182243 1.570862 0.000000 -0.000000
1  0.002636 43.025146 0.734438  0.624995 -1.338256 -0.831488
2  3.061857 -4.181013 -0.610804  -1.809460 -0.393497 -1.468612
3  18.476772 0.000157 -0.000001  0.001498 -0.020255 0.277272
4  17.490086 0.000115 0.000004  -0.197076 -0.609681 -0.894661
5  -3.065330 -4.183577 -0.611480  -1.298686 -0.169331 -1.432486
6  18.474857 -0.000035 -0.000007  0.025860 0.096746 1.316833
7  17.489584 0.001917 -0.000007  -0.251879 -0.177561 -1.005493
8  -0.000118 -0.048883 -0.576226  1.430437 0.071353 1.569814
9  3.224488 0.767048 0.000496  0.204465 -0.076938 0.254665
10  3.223907 0.226399 -0.001945  0.135300 -0.227802 0.451134
11  5.187321 -1.262559 -0.001179  0.000012 0.000066 0.194111
12  6.928404 -1.935313 -0.000227  -3.011680 -0.083237 0.205989
13  3.236368 1.079612 0.000052  0.489222 -0.037987 0.381197
14  0.833764 3.805354 0.692955  -0.040490 0.554884 1.469874
15  0.000044 6.792210 0.000040  0.007990 0.036070 -0.011408
16  -0.000066 7.744815 0.000015  -0.017441 -0.155305 0.068151
17  0.000072 7.809704 0.000018  -0.033637 0.005026 0.006141
18  -0.000028 7.867676 0.000019  -0.073329 -0.127910 0.026376
19  3.494698 -1.749094 -3.006913  0.152547 2.070418 1.936947
20  0.000119 4.478318 0.000018  -0.194659 0.310432 -0.234995
21  0.000048 4.636119 -0.000031  0.035820 0.324593 -0.151767
22  -0.000043 5.008650 0.000012  0.076000 -0.286565 0.276090
23  0.000065 4.781162 0.000007  0.904400 -2.690903 -0.015798
24  2.253039 1.989059 -3.350107  -1.523627 1.324498 0.112404
25  0.000159 6.589468 0.000172  0.206354 -0.002129 -0.080395
26  0.000044 7.491412 0.000046  -0.333514 0.184454 -0.191169
27  0.000027 7.660308 -0.000053  -0.063174 0.127194 -0.062115
28  0.000007 7.256274 0.000020  -0.052940 -0.487829 0.313814
29  -0.791161 2.265118 -1.234656  -0.753898 1.136377 0.824675
30  -0.000258 8.572266 -0.000085  -0.222844 -0.296789 0.176502
31  -0.000095 8.117212 0.000049  0.072256 0.772521 -0.285589
32  -0.000084 8.230037 -0.000071  -0.080492 -0.347232 0.072255
33  0.000060 7.366723 0.000053  -0.015393 -0.663893 0.062740
34  0.224218 0.240126 -3.218159  -0.877371 1.468889 0.577835
35  -0.000102 7.721047 -0.000313  -0.283830 0.060496 -0.167556
36  -0.000031 7.374854 -0.000001  0.007538 -0.195021 0.049539
37  0.000077 6.848094 0.000007  0.005483 0.006497 -0.033649
38  -0.000047 7.777863 0.000011  -0.186096 0.182474 -0.152847
39  -1.514469 2.104646 -1.150167  -0.029093 0.541319 1.555678
40  -0.000166 6.982344 -0.000073  -0.199698 -0.041212 0.153489
41  0.000039 8.382864 -0.000073  0.044865 0.587986 -0.257961
42  0.000011 8.697701 -0.000024  -0.102637 -0.474318 0.290944
43  0.000055 8.921803 -0.000003  -0.076259 0.581005 -0.195605
44  1.196193 2.899153 -2.353086  -0.449718 1.030104 1.287429
45  0.000110 5.476937 0.000004  0.285574 -0.099353 -0.038446
46  -0.000072 6.060438 -0.000090  -0.155020 -0.575032 0.384609
47  0.000021 5.994263 0.000029  0.033940 0.288574 -0.067730
48  -0.000009 6.100486 -0.000001  -0.068405 0.299273 -0.162153
49  0.000036 6.916759 0.000007  -0.096319 0.220533 -0.107967
50  0.000150 6.435055 -0.000043  -0.037458 0.171631 -0.116571
51  1.092794 3.649510 -1.738795  -0.148600 0.876612 1.445020
52  -0.000127 6.792195 -0.000101  0.008284 0.107792 -0.048643
53  -0.000087 7.744778 -0.000034  0.057137 -0.256893 0.015458
54  0.000084 9.115024 -0.000039  -0.020393 0.256253 -0.142636
55  3.494516 -1.749102 3.007063  0.118400 1.106974 1.813810
56  0.000014 4.323833 0.000084  -0.229908 -0.770942 0.449225
57  0.000029 4.872893 -0.000020  0.367242 -0.664052 -0.254032
58  0.000004 5.056648 0.000090  -0.511237 0.856586 -0.546325
59  2.292463 1.708612 3.661675  -1.762561 1.789111 -0.218974
60  -0.000173 6.589435 0.000273  -0.007132 -0.169123 0.176909
61  0.000172 7.491503 -0.000156  -0.132413 -0.107097 0.179329
62  -0.000140 8.249659 0.000140  0.041911 -0.058209 0.015813
63  0.000073 8.605239 -0.000032  0.101584 0.501824 -0.079699
64  -0.240489 2.066070 2.349267  -0.357330 2.461713 1.296082
65  -0.000087 7.721105 -0.000003  -0.208231 -0.126224 -0.116496
66  -0.000121 7.374865 -0.000046  -0.111017 0.046939 -0.046460
67  -0.000040 6.848055 -0.000026  0.273533 0.247522 0.299906
68  0.000037 7.777823 -0.000044  0.072920 0.186148 -0.052690
69  -0.000081 8.178053 0.000012  -0.087030 -0.422850 -0.381358
70  1.617605 3.431410 2.399265  -0.249454 2.569514 1.508572
71  -0.000159 5.476945 -0.000029  0.057728 0.074072 0.060285
72  -0.000096 6.060491 -0.000006  -0.015203 0.015650 -0.152065
73  0.000023 5.994245 0.000012  -0.126211 -0.157657 0.153301
74  -0.000078 7.076869 -0.000047  -0.008119 0.010385 0.036400
75  0.000007 7.089870 -0.000071  0.070875 0.098587 -0.025893
76  0.361111 0.886681 3.287745  -0.576377 1.978710 0.939007
77  -0.000069 6.686646 0.000222  -0.146569 0.414163 -0.327709
78  -0.000013 7.638021 0.000012  -0.079523 -0.025948 0.130955
79  -0.000032 7.290231 -0.000022  0.025323 -0.093908 0.023961
80  -0.000037 6.530364 0.000004  -0.261846 -0.300601 0.006736
81  0.000063 7.224878 0.000008  0.036505 0.032481 -0.175821
82  1.071895 3.225793 1.570114  -0.043808 2.859974 1.526249
83  0.000416 6.748902 -0.000066  -0.062699 0.083783 0.022202
84  -0.000051 8.002643 0.000027  -0.067496 -0.117209 -0.115599
85  0.000009 8.580573 -0.000097  0.088211 -0.007187 0.334603
86  0.000172 8.689837 -0.000043  0.065327 -0.412430 -0.134515
87  -1.514539 2.104638 0.318055  -0.024896 3.094490 1.569497
88  0.000190 6.982275 0.000011  -0.107588 -0.057625 -0.215716
89  -0.000009 8.382880 -0.000067  0.135029 -0.099914 0.287073
90  -0.000056 8.697673 0.000025  -0.148088 -0.510101 0.044836
91  -0.000135 8.921823 0.000077  -0.236826 -0.892635 0.098806
92  3.553615 -3.478047 2.409276  0.000822 0.762045 1.535311
93  -0.000001 4.476903 -0.000007  -0.151006 -0.588330 0.377259
94  0.000033 4.514120 -0.000023  -0.228867 -2.996201 0.592369
95  0.000043 4.518378 -0.000021  0.143169 2.612778 0.693385
96  0.000022 3.598332 0.000024  -0.749300 0.869853 -0.773231
97  4.209916 -0.440345 1.018823  -1.980049 -1.968396 0.203592
98  4.265507 1.434231 -0.404992  -1.653519 -0.281780 -0.117462
99  9.400241 0.017939 0.083200  0.063730 -0.067720 -1.208474
100  10.242420 0.033592 0.064480  2.784092 -0.403332 -0.444547
101  3.465857 -0.059674 0.016699  -0.028887 -0.028008 -0.328171
102  1.655593 -0.000019 0.000022  -0.020275 -0.124777 -0.521010
103  0.960769 0.000001 -0.000009  0.000460 0.000154 -0.231870
104  3.462028 -0.064242 0.939917  0.328601 -0.026095 -0.156121
105  1.497178 -0.000011 0.000023  -0.491598 -0.041073 -0.094107
106  0.793760 -0.000000 -0.000003  0.002302 -0.007905 -0.134358
107  0.591662 -0.460687 0.835214  -1.141796 -0.776744 -0.450516
108  1.556140 -0.000003 -0.000001  -0.180562 0.115033 0.422940
109  1.135903 0.000014 0.000004  0.006813 0.027617 0.407964
110  3.084270 -0.668817 -1.257080  -0.668369 0.005091 -0.544272
111  1.064202 -0.000004 0.000006  -0.012068 0.097461 -0.779427
112  0.640339 0.000005 -0.000010  -0.006264 -0.005055 -0.469670
113  3.396823 -0.242135 -0.708683  -0.378987 0.036609 -0.383152
114  1.532970 0.000007 0.000005  0.010386 -0.009005 -0.708151
115  0.832975 0.000000 -0.000004  0.001510 -0.010822 -0.592717
116  4.209939 -0.440343 -1.019281  -0.748955 0.674858 -2.703222
117  4.266746 1.424942 0.424937  1.592923 -0.211769 -0.633433
118  9.398563 0.011953 -0.082517  -0.015292 0.062574 -0.538552
119  10.242443 0.028176 -0.062905  -1.684113 0.041806 -0.195986
120  3.465752 -0.067528 0.002268  -0.178488 0.226792 -1.631456
121  1.655557 0.000002 0.000003  -0.123156 0.212554 -1.204977
122  0.960909 0.000006 0.000000  -0.050829 0.145318 -0.983253
123  3.466856 -0.077780 -0.920909  -0.421867 0.095164 -1.603294
124  1.497255 -0.000034 -0.000021  -0.621759 0.348778 -1.113829
125  0.793788 -0.000005 0.000006  -0.393028 0.524606 -1.028538
126  0.595080 -0.467148 -0.829176  2.360845 0.654098 -0.566848
127  1.555673 0.000017 -0.000003  0.489695 0.402490 0.906484
128  1.136815 -0.000009 -0.000001  0.397581 0.384583 0.874845
129  3.075976 -0.667968 1.277701  0.578525 0.320832 -1.268600
130  1.064587 0.000020 0.000010  0.053348 -0.130902 -1.232098
131  0.640361 -0.000014 -0.000003  -0.037801 -0.047057 -0.900793
132  3.392414 -0.245367 0.728376  0.155477 0.337212 -1.621797
133  1.532735 -0.000013 -0.000002  -0.011109 0.019879 -1.189429
134  0.833150 0.000006 0.000005  -0.046547 -0.021562 -1.211537
135  3.590114 -3.090295 1.193970  1.635457 1.210566 1.548541
136  3.589558 -3.089877 -1.196374  -1.505736 1.210473 -1.592853
137  -0.436560 4.719027 -0.001077  0.000000 -1.570733 1.692835
138  0.000000 2.775453 -0.000238  -0.135089 0.000001 -0.000000
139  0.000000 3.189767 0.000009  0.207820 -0.000000 0.000000
140  0.000001 3.504654 0.000050  -0.261876 0.000000 -0.000000
141  0.000001 2.863198 0.000001  -0.051268 0.000000 0.000000
time 20
0 161.167278 0.022401 39.093414 1.570862 0.000000 -0.000000
1  0.002636 43.025146 0.734438  0.493277 -1.371044 -0.684895
2  3.061857 -4.181005 -0.610802  -1.607770 -0.400879 -1.557596
3  18.476774 0.000158 -0.000001  -0.001154 -0.009545 0.142627
4  17.490086 0.000117 0.000004  -0.365147 -0.736524 -0.837456
5  -3.065329 -4.183571 -0.611478  -1.329167 -0.110085 -1.466443
6  18.474854 -0.000034 -0.000008  0.017176 0.088147 1.167076
7  17.489586 0.001916 -0.000007  -0.267317 -0.239271 -0.937795
8  -0.000117 -0.048880 -0.576225  1.418768 0.070339 1.530548
9  3.224483 0.767047 0.000495  0.195764 -0.103978 0.261105
10  3.223906 0.226399 -0.001944  0.146899 -0.221531 0.425350
11  5.187311 -1.262558 -0.001178  0.000012 0.000066 0.194111
12  6.928407 -1.935310 -0.000226  -3.000995 -0.079674 0.198714
13  3.236367 1.079615 0.000056  0.500721 -0.026149 0.372827
14  0.833765 3.805353 0.692956  -0.040490 0.554884 1.469874
15  0.000039 6.792200 0.000036  0.007990 0.036070 -0.011408
16  -0.000067 7.744808 0.000013  -0.017441 -0.155305 0.068151
17  0.000077 7.809704 0.000017  -0.033637 0.005026 0.006141
18  -0.000025 7.867669 0.000017  -0.073329 -0.127910 0.026376
19  3.494702 -1.749093 -3.006911  0.152547 2.070418 1.936946
20  0.000118 4.478316 0.000017  -0.194658 0.310432 -0.234995
21  0.000049 4.636120 -0.000030  0.035820 0.324593 -0.151767
22  -0.000041 5.008653 0.000012  0.076000 -0.286565 0.276090
23  0.000065 4.781162 0.000010  0.904400 -2.690903 -0.015798
24  2.253041 1.989058 -3.350105  -1.523627 1.324498 0.112404
25  0.000161 6.589469 0.000172  0.206354 -0.002129 -0.080395
26  0.000044 7.491414 0.000042  -0.333514 0.184454 -0.191169
27  0.000024 7.660306 -0.000056  -0.063174 0.127194 -0.062116
28  0.000006 7.256268 0.000018  -0.052940 -0.487829 0.313814
29  -0.791160 2.265117 -1.234655  -0.753898 1.136377 0.824675
30  -0.000255 8.572269 -0.000091  -0.222844 -0.296789 0.176502
31  -0.000095 8.117212 0.000049  0.072256 0.772521 -0.285589
32  -0.000082 8.230037 -0.000067  -0.080491 -0.347232 0.072255
33  0.000055 7.366724 0.000054  -0.015393 -0.663893 0.062740
34  0.224217 0.240126 -3.218157  -0.877372 1.468889 0.577835
35  -0.000101 7.721049 -0.000307  -0.283830 0.060496 -0.167555
36  -0.000029 7.374850 0.000002  0.007538 -0.195021 0.049539
37  0.000077 6.848103 0.000008  0.005483 0.006497 -0.033649
38  -0.000051 7.777863 0.000006  -0.186096 0.182474 -0.152847
39  -1.514466 2.104647 -1.150166  -0.029093 0.541319 1.555678
40  -0.000166 6.982352 -0.000077  -0.199698 -0.041212 0.153489
41  0.000037 8.382864 -0.000073  0.044865 0.587986 -0.257961
42  0.000014 8.697697 -0.000028  -0.102636 -0.474318 0.290944
43  0.000057 8.921800 -0.000003  -0.076259 0.581005 -0.195605
44  1.196193 2.899152 -2.353085  -0.449718 1.030104 1.287429
45  0.000106 5.476938 0.000008  0.285574 -0.099353 -0.038446
46  -0.000075 6.060441 -0.000091  -0.155020 -0.575032 0.384609
47  0.000020 5.994259 0.000030  0.033940 0.288574 -0.067730
48  -0.000007 6.100485 0.000002  -0.068405 0.299273 -0.162153
49  0.000032 6.916763 0.000010  -0.096319 0.220533 -0.107967
50  0.000148 6.435061 -0.000046  -0.037458 0.171631 -0.116571
51  1.092796 3.649513 -1.738793  -0.148600 0.876612 1.445020
52  -0.000124 6.792201 -0.000099  0.008284 0.107792 -0.048643
53  -0.000086 7.744771 -0.000028  0.057137 -0.256893 0.015458
54  0.000084 9.115018 -0.000039  -0.020393 0.256253 -0.142636
55  3.494519 -1.749100 3.007065  0.118400 1.106974 1.813810
56  0.000014 4.323837 0.000088  -0.229908 -0.770942 0.449225
57  0.000032 4.872896 -0.000021  0.367242 -0.664052 -0.254032
58  0.000003 5.056652 0.000091  -0.511237 0.856586 -0.546325
59  2.292462 1.708611 3.661675  -1.762561 1.789111 -0.218974
60  -0.000173 6.589438 0.000273  -0.007132 -0.169123 0.176909
61  0.000173 7.491493 -0.000149  -0.132413 -0.107097 0.179329
62  -0.000138 8.249658 0.000145  0.041911 -0.058209 0.015813
63  0.000072 8.605232 -0.000027  0.101584 0.501824 -0.079699
64  -0.240484 2.066070 2.349268  -0.357330 2.461713 1.296082
65  -0.000091 7.721094 -0.000002  -0.208231 -0.126224 -0.116496
66  -0.000120 7.374864 -0.000045  -0.111017 0.046939 -0.046460
67  -0.000037 6.848059 -0.000027  0.273533 0.247522 0.299907
68  0.000036 7.777824 -0.000043  0.072920 0.186148 -0.052690
69  -0.000081 8.178055 0.000011  -0.087030 -0.422850 -0.381358
70  1.617604 3.431406 2.399266  -0.249454 2.569514 1.508572
71  -0.000158 5.476954 -0.000029  0.057728 0.074072 0.060285
72  -0.000095 6.060495 -0.000005  -0.015203 0.015650 -0.152064
73  0.000024 5.994247 0.000012  -0.126211 -0.157657 0.153301
74  -0.000076 7.076876 -0.000047  -0.008119 0.010384 0.036400
75  0.000005 7.089868 -0.000071  0.070875 0.098587 -0.025893
76  0.361109 0.886678 3.287747  -0.576377 1.978710 0.939007
77  -0.000067 6.686643 0.000220  -0.146569 0.414163 -0.327709
78  -0.000011 7.638019 0.000011  -0.079523 -0.025948 0.130955
79  -0.000032 7.290230 -0.000022  0.025323 -0.093908 0.023961
80  -0.000034 6.530371 0.000007  -0.261846 -0.300601 0.006736
81  0.000065 7.224877 0.000011  0.036505 0.032481 -0.175821
82  1.071898 3.225794 1.570116  -0.043808 2.859974 1.526249
83  0.000420 6.748907 -0.000067  -0.062699 0.083783 0.022202
84  -0.000044 8.002644 0.000027  -0.067496 -0.117209 -0.115599
85  0.000014 8.580575 -0.000097  0.088211 -0.007187 0.334603
86  0.000173 8.689836 -0.000039  0.065327 -0.412430 -0.134515
87  -1.514536 2.104638 0.318056  -0.024896 3.094490 1.569497
88  0.000190 6.982282 0.000012  -0.107588 -0.057625 -0.215716
89  -0.000008 8.382879 -0.000067  0.135029 -0.099914 0.287073
90  -0.000064 8.697668 0.000026  -0.148088 -0.510101 0.044836
91  -0.000135 8.921822 0.000081  -0.236826 -0.892635 0.098806
92  3.553616 -3.478047 2.409278  0.000822 0.762045 1.535311
93  -0.000002 4.476904 -0.000010  -0.151006 -0.588330 0.377259
94  0.000031 4.514124 -0.000024  -0.228867 -2.996201 0.592369
95  0.000044 4.518386 -0.000022  0.143169 2.612778 0.693385
96  0.000021 3.598328 0.000025  -0.749300 0.869853 -0.773231
97  4.209918 -0.440344 1.018824  -2.004394 -1.995368 0.223145
98  4.265512 1.434228 -0.404994  -1.677645 -0.275345 -0.090712
99  9.400231 0.017941 0.083202  0.066870 -0.066991 -1.251052
100  10.242420 0.033595 0.064476  2.759694 -0.407642 -0.400413
101  3.465855 -0.059674 0.016689  -0.028887 -0.028008 -0.328171
102  1.655597 -0.000023 0.000023  -0.020275 -0.124777 -0.521010
103  0.960768 0.000002 -0.000004  0.000460 0.000153 -0.231870
104  3.462028 -0.064247 0.939907  0.328601 -0.026095 -0.156121
105  1.497175 -0.000011 0.000022  -0.491598 -0.041073 -0.094107
106  0.793758 0.000007 -0.000001  0.002302 -0.007905 -0.134358
107  0.591662 -0.460691 0.835202  -1.141796 -0.776744 -0.450516
108  1.556137 0.000005 0.000002  -0.180562 0.115033 0.422940
109  1.135906 0.000023 0.000009  0.006813 0.027617 0.407964
110  3.084269 -0.668821 -1.257091  -0.668369 0.005091 -0.544271
111  1.064198 -0.000003 0.000005  -0.012067 0.097461 -0.779427
112  0.640330 0.000008 -0.000005  -0.006264 -0.005055 -0.469670
113  3.396823 -0.242134 -0.708695  -0.378987 0.036609 -0.383152
114  1.532972 0.000012 0.000005  0.010386 -0.009005 -0.708151
115  0.832975 -0.000005 -0.000002  0.001509 -0.010822 -0.592717
116  4.209938 -0.440339 -1.019277  -0.749030 0.674974 -2.703344
117  4.266744 1.424947 0.424939  1.578228 -0.226015 -0.632048
118  9.398562 0.011950 -0.082519  -0.016447 0.063163 -0.555265
119  10.242440 0.028176 -0.062901  -1.674732 0.039864 -0.175712
120  3.465744 -0.067526 0.002267  -0.178488 0.226792 -1.631456
121  1.655557 0.000003 0.000004  -0.123156 0.212554 -1.204977
122  0.960908 0.000003 0.000001  -0.050829 0.145318 -0.983253
123  3.466852 -0.077778 -0.920910  -0.421867 0.095164 -1.603295
124  1.497261 -0.000034 -0.000023  -0.621759 0.348778 -1.113829
125  0.793790 -0.000005 0.000003  -0.393027 0.524606 -1.028538
126  0.595075 -0.467149 -0.829176  2.360845 0.654098 -0.566848
127  1.555677 0.000016 -0.000003  0.489695 0.402490 0.906484
128  1.136816 -0.000010 -0.000002  0.397581 0.384583 0.874845
129  3.075970 -0.667965 1.277700  0.578525 0.320832 -1.268600
130  1.064589 0.000019 0.000009  0.053348 -0.130902 -1.232098
131  0.640362 -0.000017 -0.000004  -0.037801 -0.047057 -0.900793
132  3.392411 -0.245367 0.728375  0.155477 0.337212 -1.621796
133  1.532740 -0.000011 -0.000002  -0.011109 0.019879 -1.189429
134  0.833153 0.000010 0.000005  -0.046547 -0.021562 -1.211537
135  3.590102 -3.090291 1.193970  1.635457 1.210566 1.548541
136  3.589551 -3.089878 -1.196376  -1.505736 1.210473 -1.592853
137  -0.436568 4.719028 -0.001077  -0.000945 -1.570733 1.693070
138  0.000002 2.775460 -0.000236  -0.135089 0.000001 -0.000000
139  0.000000 3.189767 0.000008  0.207820 -0.000000 0.000000
140  -0.000002 3.504652 0.000044  -0.261876 0.000000 -0.000000
141  -0.000001 2.863200 -0.000001  -0.051268 0.000000 0.000000
time 21
0 169.413875 -0.078934 38.906891 1.570862 0.000000 -0.000000
1  0.002636 43.025146 0.734438  0.302524 -1.369012 -0.473670
2  3.061858 -4.181013 -0.610804  -1.490459 -0.505835 -1.627526
3  18.476770 0.000155 -0.000001  0.001552 -0.020572 0.281191
4  17.490086 0.000115 0.000004  -0.400038 -0.735282 -0.814641
5  -3.065329 -4.183580 -0.611480  -1.343077 -0.076434 -1.495614
6  18.474855 -0.000034 -0.000008  0.010103 0.078700 1.022524
7  17.489584 0.001917 -0.000007  -0.285373 -0.303349 -0.893006
8  -0.000116 -0.048888 -0.576226  1.380786 0.075421 1.484251
9  3.224482 0.767047 0.000496  0.189029 -0.129722 0.270896
10  3.223909 0.226399 -0.001945  0.153057 -0.201829 0.403438
11  5.187322 -1.262560 -0.001180  0.000012 0.000066 0.194111
12  6.928407 -1.935307 -0.000226  -3.001637 -0.072767 0.191946
13  3.236368 1.079612 0.000057  0.534783 -0.015133 0.373968
14  0.833761 3.805353 0.692955  -0.040490 0.554884 1.469874
15  0.000036 6.792214 0.000039  0.007990 0.036070 -0.011408
16  -0.000069 7.744818 0.000011  -0.017441 -0.155305 0.068151
17  0.000076 7.809699 0.000017  -0.033636 0.005026 0.006141
18  -0.000024 7.867670 0.000017  -0.073329 -0.127910 0.026376
19  3.494698 -1.749092 -3.006913  0.152547 2.070418 1.936946
20  0.000120 4.478323 0.000021  -0.194658 0.310432 -0.234995
21  0.000047 4.636120 -0.000030  0.035820 0.324593 -0.151767
22  -0.000041 5.008647 0.000015  0.076000 -0.286565 0.276090
23  0.000065 4.781171 0.000011  0.904400 -2.690903 -0.015798
24  2.253041 1.989062 -3.350107  -1.523628 1.324498 0.112403
25  0.000161 6.589459 0.000166  0.206354 -0.002129 -0.080395
26  0.000043 7.491416 0.000044  -0.333514 0.184454 -0.191169
27  0.000023 7.660309 -0.000055  -0.063174 0.127194 -0.062116
28  0.000007 7.256266 0.000019  -0.052940 -0.487829 0.313814
29  -0.791165 2.265116 -1.234656  -0.753898 1.136377 0.824675
30  -0.000252 8.572259 -0.000092  -0.222844 -0.296789 0.176502
31  -0.000097 8.117212 0.000048  0.072256 0.772521 -0.285589
32  -0.000084 8.230035 -0.000069  -0.080491 -0.347232 0.072256
33  0.000060 7.366726 0.000056  -0.015393 -0.663893 0.062740
34  0.224211 0.240127 -3.218158  -0.877373 1.468889 0.577834
35  -0.000102 7.721053 -0.000310  -0.283830 0.060496 -0.167555
36  -0.000032 7.374852 -0.000002  0.007538 -0.195021 0.049539
37  0.000078 6.848100 0.000009  0.005483 0.006497 -0.033649
38  -0.000052 7.777864 0.000010  -0.186096 0.182474 -0.152847
39  -1.514468 2.104651 -1.150168  -0.029093 0.541319 1.555678
40  -0.000168 6.982350 -0.000077  -0.199698 -0.041212 0.153489
41  0.000039 8.382863 -0.000073  0.044865 0.587987 -0.257961
42  0.000015 8.697701 -0.000027  -0.102637 -0.474318 0.290944
43  0.000056 8.921807 -0.000005  -0.076259 0.581005 -0.195605
44  1.196187 2.899152 -2.353086  -0.449718 1.030104 1.287429
45  0.000109 5.476940 0.000007  0.285574 -0.099353 -0.038446
46  -0.000077 6.060439 -0.000090  -0.155020 -0.575031 0.384609
47  0.000020 5.994253 0.000029  0.033940 0.288574 -0.067730
48  -0.000007 6.100488 0.000001  -0.068405 0.299273 -0.162153
49  0.000036 6.916761 0.000011  -0.096319 0.220533 -0.107967
50  0.000149 6.435055 -0.000045  -0.037458 0.171631 -0.116571
51  1.092793 3.649512 -1.738794  -0.148600 0.876612 1.445020
52  -0.000123 6.792197 -0.000100  0.008285 0.107792 -0.048643
53  -0.000089 7.744777 -0.000032  0.057137 -0.256893 0.015458
54  0.000082 9.115021 -0.000039  -0.020393 0.256253 -0.142636
55  3.494512 -1.749103 3.007064  0.118400 1.106974 1.813810
56  0.000014 4.323837 0.000089  -0.229908 -0.770942 0.449225
57  0.000030 4.872901 -0.000021  0.367242 -0.664052 -0.254032
58  0.000005 5.056650 0.000091  -0.511237 0.856586 -0.546325
59  2.292464 1.708614 3.661675  -1.762560 1.789111 -0.218974
60  -0.000172 6.589443 0.000278  -0.007132 -0.169123 0.176909
61  0.000173 7.491497 -0.000148  -0.132413 -0.107097 0.179329
62  -0.000140 8.249659 0.000145  0.041911 -0.058209 0.015813
63  0.000073 8.605234 -0.000024  0.101584 0.501824 -0.079699
64  -0.240488 2.066072 2.349267  -0.357330 2.461713 1.296082
65  -0.000082 7.721101 -0.000005  -0.208231 -0.126224 -0.116496
66  -0.000125 7.374864 -0.000047  -0.111017 0.046939 -0.046460
67  -0.000036 6.848061 -0.000026  0.273533 0.247522 0.299906
68  0.000039 7.777822 -0.000044  0.072920 0.186148 -0.052690
69  -0.000088 8.178051 0.000011  -0.087030 -0.422850 -0.381358
70  1.617603 3.431414 2.399264  -0.249454 2.569514 1.508572
71  -0.000166 5.476942 -0.000031  0.057728 0.074072 0.060285
72  -0.000094 6.060496 -0.000005  -0.015203 0.015650 -0.152065
73  0.000026 5.994247 0.000012  -0.126211 -0.157657 0.153301
74  -0.000077 7.076872 -0.000047  -0.008119 0.010384 0.036400
75  0.000004 7.089869 -0.000070  0.070875 0.098587 -0.025893
76  0.361109 0.886684 3.287746  -0.576377 1.978710 0.939007
77  -0.000066 6.686646 0.000220  -0.146569 0.414163 -0.327709
78  -0.000009 7.638022 0.000014  -0.079523 -0.025948 0.130955
79  -0.000028 7.290235 -0.000023  0.025323 -0.093908 0.023961
80  -0.000035 6.530370 0.000006  -0.261846 -0.300601 0.006736
81  0.000063 7.224875 0.000008  0.036505 0.032481 -0.175821
82  1.071891 3.225796 1.570114  -0.043808 2.859974 1.526249
83  0.000418 6.748901 -0.000067  -0.062699 0.083783 0.022202
84  -0.000044 8.002644 0.000025  -0.067496 -0.117208 -0.115599
85  0.000013 8.580571 -0.000097  0.088211 -0.007187 0.334603
86  0.000174 8.689833 -0.000040  0.065327 -0.412430 -0.134515
87  -1.514538 2.104638 0.318055  -0.024896 3.094490 1.569497
88  0.000197 6.982280 0.000011  -0.107588 -0.057625 -0.215716
89  -0.000008 8.382874 -0.000068  0.135029 -0.099914 0.287073
90  -0.000064 8.697670 0.000024  -0.148088 -0.510101 0.044836
91  -0.000134 8.921825 0.000076  -0.236826 -0.892635 0.098806
92  3.553611 -3.478047 2.409276  0.000822 0.762045 1.535312
93  0.000000 4.476898 -0.000010  -0.151006 -0.588330 0.377259
94  0.000031 4.514122 -0.000024  -0.228867 -2.996201 0.592369
95  0.000044 4.518384 -0.000024  0.143169 2.612778 0.693385
96  0.000024 3.598325 0.000024  -0.749300 0.869853 -0.773231
97  4.209919 -0.440340 1.018823  -2.030432 -2.027825 0.242809
98  4.265507 1.434230 -0.404990  -1.702718 -0.268210 -0.069235
99  9.400228 0.017943 0.083202  0.070234 -0.066051 -1.297186
100  10.242422 0.033589 0.064481  2.736865 -0.414631 -0.355176
101  3.465855 -0.059682 0.016694  -0.028887 -0.028008 -0.328171
102  1.655596 -0.000019 0.000021  -0.020275 -0.124776 -0.521010
103  0.960775 -0.000003 -0.000005  0.000460 0.000153 -0.231870
104  3.462028 -0.064249 0.939907  0.328601 -0.026095 -0.156121
105  1.497176 -0.000006 0.000024  -0.491598 -0.041073 -0.094107
106  0.793763 0.000002 -0.000003  0.002302 -0.007905 -0.134358
107  0.591661 -0.460691 0.835206  -1.141796 -0.776744 -0.450516
108  1.556139 0.000001 0.000005  -0.180562 0.115033 0.422940
109  1.135905 0.000016 0.000006  0.006813 0.027617 0.407964
110  3.084269 -0.668821 -1.257087  -0.668369 0.005091 -0.544271
111  1.064201 -0.000005 0.000006  -0.012067 0.097461 -0.779427
112  0.640333 0.000003 -0.000009  -0.006265 -0.005055 -0.469670
113  3.396821 -0.242142 -0.708689  -0.378987 0.036609 -0.383152
114  1.532969 0.000005 0.000007  0.010386 -0.009005 -0.708151
115  0.832973 0.000000 -0.000003  0.001509 -0.010822 -0.592717
116  4.209940 -0.440337 -1.019280  -0.749006 0.674968 -2.703329
117  4.266746 1.424940 0.424938  1.555838 -0.236371 -0.628775
118  9.398572 0.011949 -0.082513  -0.018108 0.063969 -0.579070
119  10.242436 0.028176 -0.062908  -1.660892 0.036648 -0.148487
120  3.465755 -0.067531 0.002267  -0.178488 0.226792 -1.631456
121  1.655562 0.000007 0.000004  -0.123156 0.212554 -1.204977
122  0.960907 0.000005 0.000001  -0.050829 0.145318 -0.983253
123  3.466860 -0.077782 -0.920910  -0.421867 0.095164 -1.603295
124  1.497254 -0.000034 -0.000021  -0.621759 0.348778 -1.113829
125  0.793789 -0.000007 -0.000000  -0.393028 0.524606 -1.028538
126  0.595084 -0.467155 -0.829176  2.360845 0.654098 -0.566848
127  1.555674 0.000017 -0.000003  0.489695 0.402490 0.906484
128  1.136811 -0.000009 -0.000004  0.397581 0.384583 0.874845
129  3.075980 -0.667971 1.277700  0.578525 0.320832 -1.268601
130  1.064596 0.000020 0.000010  0.053348 -0.130902 -1.232098
131  0.640361 -0.000009 -0.000004  -0.037801 -0.047057 -0.900793
132  3.392418 -0.245374 0.728375  0.155477 0.337212 -1.621797
133  1.532733 -0.000010 -0.000001  -0.011109 0.019879 -1.189429
134  0.833152 0.000005 0.000005  -0.046547 -0.021562 -1.211537
135  3.590113 -3.090296 1.193970  1.635456 1.210566 1.548541
136  3.589556 -3.089880 -1.196374  -1.505736 1.210473 -1.592853
137  -0.436561 4.719026 -0.001079  -0.000709 -1.570733 1.693012
138  0.000000 2.775455 -0.000237  -0.135089 0.000001 -0.000000
139  -0.000002 3.189769 0.000009  0.207820 0.000000 -0.000000
140  -0.000001 3.504650 0.000045  -0.261876 0.000000 -0.000000
141  -0.000000 2.863203 -0.000003  -0.051268 -0.000000 -0.000000
time 22
0 177.67933 -0.119448 38.538292 1.570862 0.000000 -0.000000
1  0.002636 43.025146 0.734438  0.255323 -1.343104 -0.406557
2  3.061857 -4.181015 -0.610803  -1.402667 -0.639574 -1.673960
3  18.476772 0.000159 -0.000001  0.002588 -0.039734 0.515780
4  17.490084 0.000116 0.000003  -0.402358 -0.661244 -0.791812
5  -3.065330 -4.183576 -0.611478  -1.350655 -0.052942 -1.489471
6  18.474861 -0.000033 -0.000008  0.005448 0.070408 0.906152
7  17.489582 0.001918 -0.000006  -0.304540 -0.362775 -0.930154
8  -0.000117 -0.048884 -0.576226  1.345131 0.084922 1.454598
9  3.224486 0.767047 0.000496  0.175576 -0.141863 0.273507
10  3.223905 0.226399 -0.001945  0.155150 -0.168014 0.395046
11  5.187315 -1.262560 -0.001176  0.000012 0.000066 0.194111
12  6.928409 -1.935316 -0.000227  -3.007605 -0.062951 0.184655
13  3.236364 1.079608 0.000057  0.579661 0.002312 0.374080
14  0.833764 3.805347 0.692956  -0.040490 0.554884 1.469874
15  0.000035 6.792211 0.000035  0.007990 0.036070 -0.011408
16  -0.000068 7.744817 0.000014  -0.017441 -0.155305 0.068151
17  0.000073 7.809705 0.000016  -0.033637 0.005026 0.006141
18  -0.000029 7.867677 0.000019  -0.073329 -0.127910 0.026376
19  3.494703 -1.749096 -3.006911  0.152547 2.070418 1.936947
20  0.000119 4.478317 0.000020  -0.194658 0.310432 -0.234995
21  0.000048 4.636116 -0.000030  0.035820 0.324593 -0.151767
22  -0.000041 5.008653 0.000011  0.076000 -0.286565 0.276090
23  0.000062 4.781168 0.000005  0.904400 -2.690903 -0.015798
24  2.253047 1.989057 -3.350105  -1.523628 1.324498 0.112403
25  0.000161 6.589468 0.000171  0.206354 -0.002129 -0.080395
26  0.000046 7.491414 0.000045  -0.333514 0.184454 -0.191169
27  0.000026 7.660304 -0.000054  -0.063174 0.127194 -0.062115
28  0.000008 7.256259 0.000015  -0.052940 -0.487829 0.313814
29  -0.791157 2.265115 -1.234654  -0.753898 1.136377 0.824675
30  -0.000258 8.572264 -0.000091  -0.222844 -0.296789 0.176502
31  -0.000095 8.117212 0.000049  0.072256 0.772521 -0.285589
32  -0.000087 8.230036 -0.000079  -0.080491 -0.347232 0.072256
33  0.000058 7.366722 0.000051  -0.015393 -0.663893 0.062740
34  0.224220 0.240124 -3.218157  -0.877372 1.468889 0.577834
35  -0.000100 7.721048 -0.000308  -0.283830 0.060496 -0.167555
36  -0.000030 7.374858 -0.000003  0.007538 -0.195021 0.049539
37  0.000076 6.848104 0.000007  0.005483 0.006497 -0.033649
38  -0.000053 7.777864 0.000008  -0.186096 0.182474 -0.152847
39  -1.514461 2.104647 -1.150166  -0.029093 0.541319 1.555678
40  -0.000169 6.982350 -0.000077  -0.199698 -0.041212 0.153489
41  0.000039 8.382866 -0.000073  0.044865 0.587986 -0.257961
42  0.000014 8.697701 -0.000026  -0.102637 -0.474318 0.290944
43  0.000055 8.921807 -0.000001  -0.076259 0.581005 -0.195605
44  1.196197 2.899154 -2.353085  -0.449718 1.030104 1.287429
45  0.000106 5.476946 0.000008  0.285574 -0.099353 -0.038446
46  -0.000071 6.060438 -0.000090  -0.155020 -0.575032 0.384609
47  0.000018 5.994261 0.000029  0.033940 0.288574 -0.067730
48  -0.000008 6.100492 0.000001  -0.068405 0.299273 -0.162153
49  0.000036 6.916761 0.000010  -0.096319 0.220533 -0.107967
50  0.000150 6.435057 -0.000042  -0.037458 0.171631 -0.116571
51  1.092796 3.649508 -1.738793  -0.148600 0.876612 1.445020
52  -0.000126 6.792200 -0.000102  0.008285 0.107792 -0.048643
53  -0.000088 7.744779 -0.000030  0.057137 -0.256893 0.015458
54  0.000084 9.115025 -0.000040  -0.020393 0.256253 -0.142636
55  3.494518 -1.749107 3.007065  0.118400 1.106974 1.813810
56  0.000016 4.323827 0.000086  -0.229908 -0.770943 0.449225
57  0.000028 4.872900 -0.000022  0.367242 -0.664052 -0.254032
58  0.000006 5.056647 0.000093  -0.511237 0.856585 -0.546325
59  2.292472 1.708612 3.661676  -1.762561 1.789111 -0.218974
60  -0.000173 6.589443 0.000271  -0.007132 -0.169123 0.176909
61  0.000174 7.491499 -0.000148  -0.132413 -0.107097 0.179329
62  -0.000140 8.249662 0.000142  0.041911 -0.058209 0.015813
63  0.000072 8.605230 -0.000030  0.101584 0.501824 -0.079699
64  -0.240482 2.066068 2.349268  -0.357330 2.461713 1.296082
65  -0.000087 7.721097 -0.000003  -0.208231 -0.126224 -0.116496
66  -0.000122 7.374863 -0.000046  -0.111017 0.046939 -0.046460
67  -0.000036 6.848062 -0.000026  0.273533 0.247522 0.299907
68  0.000028 7.777822 -0.000043  0.072920 0.186148 -0.052690
69  -0.000082 8.178054 0.000011  -0.087030 -0.422850 -0.381358
70  1.617608 3.431406 2.399266  -0.249454 2.569514 1.508572
71  -0.000162 5.476936 -0.000029  0.057728 0.074072 0.060285
72  -0.000093 6.060493 -0.000007  -0.015203 0.015650 -0.152065
73  0.000026 5.994255 0.000011  -0.126211 -0.157657 0.153301
74  -0.000083 7.076880 -0.000047  -0.008119 0.010384 0.036400
75  0.000006 7.089869 -0.000071  0.070875 0.098587 -0.025893
76  0.361114 0.886677 3.287746  -0.576377 1.978710 0.939007
77  -0.000066 6.686641 0.000225  -0.146569 0.414163 -0.327709
78  -0.000012 7.638011 0.000013  -0.079523 -0.025948 0.130955
79  -0.000031 7.290234 -0.000021  0.025323 -0.093908 0.023961
80  -0.000035 6.530365 0.000005  -0.261846 -0.300601 0.006736
81  0.000062 7.224881 0.000010  0.036505 0.032481 -0.175821
82  1.071902 3.225792 1.570116  -0.043808 2.859974 1.526249
83  0.000412 6.748895 -0.000067  -0.062699 0.083783 0.022202
84  -0.000045 8.002645 0.000026  -0.067496 -0.117208 -0.115599
85  0.000012 8.580571 -0.000097  0.088211 -0.007187 0.334603
86  0.000168 8.689830 -0.000042  0.065327 -0.412430 -0.134515
87  -1.514530 2.104635 0.318056  -0.024896 3.094490 1.569497
88  0.000194 6.982286 0.000011  -0.107588 -0.057625 -0.215716
89  -0.000008 8.382869 -0.000067  0.135029 -0.099914 0.287073
90  -0.000064 8.697672 0.000025  -0.148088 -0.510101 0.044836
91  -0.000136 8.921821 0.000079  -0.236826 -0.892635 0.098806
92  3.553619 -3.478047 2.409278  0.000822 0.762045 1.535312
93  -0.000003 4.476910 -0.000010  -0.151006 -0.588330 0.377259
94  0.000031 4.514129 -0.000023  -0.228867 -2.996201 0.592369
95  0.000046 4.518380 -0.000022  0.143169 2.612778 0.693385
96  0.000022 3.598329 0.000024  -0.749300 0.869853 -0.773231
97  4.209918 -0.440351 1.018823  -2.057552 -2.064867 0.261798
98  4.265505 1.434233 -0.404994  -1.720443 -0.260360 -0.059705
99  9.400244 0.017941 0.083203  0.073176 -0.065089 -1.338074
100  10.242420 0.033592 0.064477  2.716879 -0.424107 -0.314286
101  3.465857 -0.059677 0.016694  -0.028887 -0.028008 -0.328171
102  1.655591 -0.000022 0.000023  -0.020275 -0.124777 -0.521010
103  0.960774 -0.000005 -0.000004  0.000460 0.000153 -0.231870
104  3.462029 -0.064243 0.939910  0.328601 -0.026095 -0.156121
105  1.497175 -0.000006 0.000021  -0.491598 -0.041073 -0.094107
106  0.793761 0.000001 -0.000003  0.002302 -0.007905 -0.134358
107  0.591662 -0.460692 0.835208  -1.141796 -0.776744 -0.450516
108  1.556136 0.000003 -0.000002  -0.180562 0.115033 0.422940
109  1.135902 0.000020 0.000005  0.006813 0.027617 0.407964
110  3.084269 -0.668817 -1.257083  -0.668369 0.005091 -0.544271
111  1.064203 -0.000001 0.000005  -0.012067 0.097461 -0.779427
112  0.640337 0.000005 -0.000008  -0.006265 -0.005055 -0.469670
113  3.396824 -0.242136 -0.708687  -0.378987 0.036609 -0.383152
114  1.532970 0.000011 0.000004  0.010386 -0.009005 -0.708151
115  0.832977 -0.000004 -0.000003  0.001508 -0.010822 -0.592717
116  4.209939 -0.440344 -1.019279  -0.749043 0.674930 -2.703396
117  4.266746 1.424942 0.424937  1.527227 -0.241351 -0.614701
118  9.398561 0.011951 -0.082514  -0.020042 0.064847 -0.606445
119  10.242440 0.028177 -0.062903  -1.644809 0.032449 -0.117850
120  3.465750 -0.067528 0.002268  -0.178488 0.226792 -1.631456
121  1.655556 0.000007 0.000005  -0.123156 0.212554 -1.204977
122  0.960908 0.000009 -0.000001  -0.050829 0.145318 -0.983253
123  3.466854 -0.077780 -0.920910  -0.421867 0.095165 -1.603294
124  1.497260 -0.000033 -0.000022  -0.621759 0.348778 -1.113829
125  0.793790 -0.000006 0.000004  -0.393028 0.524606 -1.028538
126  0.595080 -0.467153 -0.829176  2.360845 0.654098 -0.566848
127  1.555674 0.000015 -0.000005  0.489695 0.402490 0.906484
128  1.136809 -0.000010 -0.000002  0.397581 0.384583 0.874845
129  3.075974 -0.667966 1.277701  0.578525 0.320832 -1.268600
130  1.064596 0.000023 0.000011  0.053348 -0.130902 -1.232098
131  0.640361 -0.000012 -0.000004  -0.037801 -0.047057 -0.900793
132  3.392411 -0.245367 0.728376  0.155477 0.337212 -1.621797
133  1.532736 -0.000008 -0.000002  -0.011109 0.019879 -1.189429
134  0.833153 0.000012 0.000006  -0.046547 -0.021562 -1.211537
135  3.590109 -3.090297 1.193971  1.635457 1.210566 1.548541
136  3.589556 -3.089882 -1.196375  -1.505736 1.210473 -1.592853
137  -0.436562 4.719023 -0.001077  -0.000473 -1.570733 1.693481
138  0.000001 2.775457 -0.000239  -0.135089 0.000001 -0.000000
139  -0.000001 3.189765 0.000009  0.207820 -0.000000 -0.000000
140  0.000002 3.504654 0.000044  -0.261876 0.000000 0.000000
141  0.000000 2.863200 -0.000002  -0.051268 -0.000000 -0.000000
time 23
0 185.923027 -0.082510 37.947655 1.570862 0.000000 -0.000000
1  0.002636 43.025146 0.734438  0.345108 -1.303123 -0.481704
2  3.061857 -4.181014 -0.610804  -1.309837 -0.743349 -1.694480
3  18.476776 0.000160 -0.000001  -0.000109 -0.055990 0.717234
4  17.490088 0.000116 0.000003  -0.431095 -0.561024 -0.744744
5  -3.065330 -4.183576 -0.611480  -1.364926 -0.061896 -1.442649
6  18.474857 -0.000033 -0.000008  0.004285 0.067907 0.872443
7  17.489584 0.001917 -0.000007  -0.332641 -0.419680 -1.210818
8  -0.000117 -0.048884 -0.576226  1.324044 0.103296 1.448229
9  3.224481 0.767048 0.000495  0.155443 -0.136922 0.273026
10  3.223908 0.226399 -0.001945  0.151450 -0.120068 0.406130
11  5.187323 -1.262561 -0.001176  0.000012 0.000066 0.194111
12  6.928411 -1.935317 -0.000228  -3.018553 -0.049906 0.177437
13  3.236365 1.079607 0.000054  0.629733 0.033064 0.374196
14  0.833766 3.805351 0.692957  -0.040490 0.554884 1.469874
15  0.000039 6.792208 0.000036  0.007990 0.036070 -0.011408
16  -0.000070 7.744815 0.000017  -0.017441 -0.155305 0.068151
17  0.000071 7.809701 0.000017  -0.033636 0.005026 0.006141
18  -0.000024 7.867677 0.000016  -0.073329 -0.127910 0.026376
19  3.494706 -1.749093 -3.006911  0.152547 2.070418 1.936946
20  0.000121 4.478317 0.000021  -0.194659 0.310432 -0.234995
21  0.000047 4.636122 -0.000029  0.035820 0.324593 -0.151767
22  -0.000042 5.008652 0.000015  0.076000 -0.286565 0.276090
23  0.000064 4.781168 0.000007  0.904400 -2.690903 -0.015798
24  2.253046 1.989059 -3.350105  -1.523628 1.324498 0.112404
25  0.000162 6.589458 0.000175  0.206354 -0.002129 -0.080395
26  0.000043 7.491417 0.000049  -0.333514 0.184454 -0.191169
27  0.000024 7.660305 -0.000055  -0.063174 0.127194 -0.062115
28  0.000006 7.256269 0.000020  -0.052940 -0.487829 0.313814
29  -0.791153 2.265120 -1.234654  -0.753898 1.136377 0.824675
30  -0.000258 8.572267 -0.000093  -0.222844 -0.296789 0.176502
31  -0.000094 8.117214 0.000048  0.072256 0.772521 -0.285589
32  -0.000082 8.230034 -0.000073  -0.080491 -0.347232 0.072256
33  0.000060 7.366721 0.000055  -0.015393 -0.663893 0.062740
34  0.224223 0.240129 -3.218156  -0.877372 1.468889 0.577835
35  -0.000103 7.721056 -0.000313  -0.283830 0.060496 -0.167556
36  -0.000031 7.374854 -0.000000  0.007538 -0.195021 0.049539
37  0.000076 6.848104 0.000006  0.005483 0.006497 -0.033649
38  -0.000052 7.777863 0.000010  -0.186096 0.182474 -0.152847
39  -1.514457 2.104650 -1.150165  -0.029093 0.541319 1.555678
40  -0.000171 6.982348 -0.000078  -0.199698 -0.041212 0.153489
41  0.000037 8.382867 -0.000073  0.044865 0.587986 -0.257961
42  0.000009 8.697708 -0.000026  -0.102637 -0.474318 0.290944
43  0.000056 8.921810 -0.000003  -0.076259 0.581005 -0.195605
44  1.196200 2.899156 -2.353084  -0.449718 1.030104 1.287429
45  0.000105 5.476941 0.000006  0.285574 -0.099353 -0.038446
46  -0.000078 6.060435 -0.000092  -0.155020 -0.575032 0.384609
47  0.000018 5.994259 0.000030  0.033940 0.288574 -0.067730
48  -0.000010 6.100485 0.000000  -0.068405 0.299273 -0.162153
49  0.000034 6.916759 0.000011  -0.096319 0.220533 -0.107967
50  0.000149 6.435059 -0.000044  -0.037458 0.171631 -0.116571
51  1.092800 3.649512 -1.738792  -0.148600 0.876612 1.445020
52  -0.000126 6.792206 -0.000101  0.008284 0.107792 -0.048643
53  -0.000085 7.744781 -0.000026  0.057137 -0.256893 0.015458
54  0.000091 9.115020 -0.000036  -0.020393 0.256253 -0.142636
55  3.494525 -1.749101 3.007065  0.118400 1.106974 1.813810
56  0.000015 4.323831 0.000088  -0.229908 -0.770942 0.449225
57  0.000029 4.872902 -0.000021  0.367242 -0.664052 -0.254032
58  0.000005 5.056649 0.000090  -0.511237 0.856585 -0.546325
59  2.292470 1.708613 3.661677  -1.762561 1.789111 -0.218974
60  -0.000172 6.589443 0.000276  -0.007132 -0.169123 0.176909
61  0.000174 7.491501 -0.000156  -0.132413 -0.107097 0.179329
62  -0.000140 8.249658 0.000141  0.041911 -0.058209 0.015813
63  0.000071 8.605231 -0.000030  0.101584 0.501824 -0.079699
64  -0.240478 2.066072 2.349268  -0.357330 2.461713 1.296082
65  -0.000083 7.721104 -0.000002  -0.208231 -0.126224 -0.116496
66  -0.000122 7.374866 -0.000046  -0.111017 0.046939 -0.046460
67  -0.000040 6.848061 -0.000025  0.273533 0.247522 0.299907
68  0.000032 7.777823 -0.000044  0.072920 0.186148 -0.052690
69  -0.000086 8.178050 0.000011  -0.087030 -0.422850 -0.381358
70  1.617612 3.431412 2.399267  -0.249454 2.569514 1.508572
71  -0.000161 5.476943 -0.000029  0.057728 0.074072 0.060285
72  -0.000090 6.060493 -0.000005  -0.015203 0.015650 -0.152065
73  0.000027 5.994247 0.000012  -0.126211 -0.157657 0.153301
74  -0.000076 7.076872 -0.000047  -0.008119 0.010385 0.036400
75  0.000005 7.089864 -0.000071  0.070875 0.098587 -0.025893
76  0.361120 0.886684 3.287748  -0.576377 1.978710 0.939007
77  -0.000065 6.686645 0.000221  -0.146569 0.414163 -0.327709
78  -0.000013 7.638018 0.000012  -0.079523 -0.025948 0.130955
79  -0.000031 7.290227 -0.000021  0.025323 -0.093908 0.023961
80  -0.000034 6.530369 0.000007  -0.261846 -0.300601 0.006736
81  0.000063 7.224876 0.000009  0.036505 0.032481 -0.175821
82  1.071902 3.225798 1.570117  -0.043808 2.859974 1.526248
83  0.000420 6.748904 -0.000067  -0.062699 0.083783 0.022202
84  -0.000046 8.002642 0.000027  -0.067496 -0.117208 -0.115599
85  0.000010 8.580572 -0.000098  0.088211 -0.007187 0.334603
86  0.000169 8.689833 -0.000042  0.065327 -0.412430 -0.134516
87  -1.514530 2.104639 0.318057  -0.024896 3.094490 1.569497
88  0.000192 6.982287 0.000011  -0.107588 -0.057625 -0.215716
89  -0.000009 8.382867 -0.000067  0.135029 -0.099914 0.287073
90  -0.000060 8.697670 0.000024  -0.148088 -0.510101 0.044836
91  -0.000135 8.921825 0.000079  -0.236826 -0.892635 0.098806
92  3.553621 -3.478044 2.409278  0.000822 0.762045 1.535312
93  0.000000 4.476902 -0.000007  -0.151006 -0.588330 0.377259
94  0.000028 4.514125 -0.000024  -0.228867 -2.996201 0.592369
95  0.000043 4.518386 -0.000024  0.143169 2.612778 0.693385
96  0.000025 3.598325 0.000024  -0.749300 0.869853 -0.773231
97  4.209921 -0.440350 1.018824  -2.084892 -2.107478 0.278845
98  4.265508 1.434234 -0.404994  -1.736563 -0.263237 -0.059621
99  9.400235 0.017943 0.083197  0.075600 -0.064195 -1.372190
100  10.242420 0.033593 0.064481  2.695769 -0.427225 -0.270046
101  3.465856 -0.059676 0.016695  -0.028887 -0.028008 -0.328171
102  1.655592 -0.000014 0.000024  -0.020275 -0.124777 -0.521010
103  0.960769 -0.000003 -0.000009  0.000460 0.000153 -0.231870
104  3.462027 -0.064245 0.939909  0.328601 -0.026095 -0.156121
105  1.497175 -0.000013 0.000020  -0.491598 -0.041073 -0.094107
106  0.793757 -0.000005 -0.000005  0.002302 -0.007905 -0.134358
107  0.591663 -0.460690 0.835207  -1.141796 -0.776744 -0.450517
108  1.556140 -0.000002 -0.000001  -0.180562 0.115033 0.422940
109  1.135905 0.000019 0.000003  0.006813 0.027617 0.407964
110  3.084267 -0.668818 -1.257082  -0.668369 0.005091 -0.544271
111  1.064201 -0.000000 0.000006  -0.012067 0.097461 -0.779427
112  0.640338 0.000004 -0.000007  -0.006265 -0.005055 -0.469670
113  3.396823 -0.242134 -0.708690  -0.378987 0.036609 -0.383152
114  1.532969 0.000011 0.000004  0.010386 -0.009005 -0.708151
115  0.832975 -0.000004 -0.000003  0.001514 -0.010822 -0.592717
116  4.209942 -0.440345 -1.019279  -0.748979 0.674987 -2.703363
117  4.266747 1.424939 0.424938  1.498081 -0.235218 -0.586987
118  9.398563 0.011948 -0.082513  -0.021999 0.065671 -0.633818
119  10.242442 0.028177 -0.062909  -1.628891 0.027829 -0.087220
120  3.465747 -0.067524 0.002268  -0.178488 0.226792 -1.631456
121  1.655561 0.000002 0.000005  -0.123156 0.212554 -1.204977
122  0.960908 0.000002 0.000001  -0.050829 0.145318 -0.983253
123  3.466856 -0.077779 -0.920909  -0.421867 0.095164 -1.603294
124  1.497257 -0.000034 -0.000023  -0.621759 0.348778 -1.113829
125  0.793790 -0.000007 0.000002  -0.393028 0.524606 -1.028538
126  0.595079 -0.467149 -0.829176  2.360845 0.654098 -0.566848
127  1.555675 0.000018 -0.000002  0.489695 0.402490 0.906484
128  1.136812 -0.000008 -0.000003  0.397581 0.384583 0.874845
129  3.075974 -0.667966 1.277701  0.578525 0.320832 -1.268600
130  1.064589 0.000018 0.000010  0.053348 -0.130902 -1.232098
131  0.640362 -0.000015 -0.000004  -0.037801 -0.047057 -0.900793
132  3.392412 -0.245365 0.728377  0.155477 0.337212 -1.621797
133  1.532739 -0.000008 0.000001  -0.011109 0.019879 -1.189429
134  0.833153 0.000008 0.000006  -0.046547 -0.021562 -1.211537
135  3.590111 -3.090294 1.193975  1.635457 1.210566 1.548541
136  3.589562 -3.089880 -1.196371  -1.505736 1.210473 -1.592853
137  -0.436556 4.719024 -0.001074  -0.000473 -1.570733 1.693788
138  0.000001 2.775456 -0.000237  -0.135089 0.000001 -0.000000
139  0.000004 3.189773 0.000009  0.207820 0.000000 0.000000
140  0.000001 3.504653 0.000041  -0.261876 0.000000 -0.000000
141  0.000000 2.863199 -0.000001  -0.051268 0.000000 0.000000
time 24
0 194.099998 -0.002949 37.285965 1.570862 0.000000 -0.000000
1  0.002636 43.025146 0.734438  0.455163 -1.256407 -0.585007
2  3.061858 -4.181009 -0.610804  -1.223872 -0.841275 -1.706181
3  18.476772 0.000158 -0.000001  -0.006177 -0.071685 0.923146
4  17.490088 0.000116 0.000003  -0.439494 -0.437161 -0.707942
5  -3.065330 -4.183570 -0.611480  -1.393729 -0.090771 -1.379270
6  18.474859 -0.000034 -0.000007  0.004522 0.068428 0.879444
7  17.489584 0.001916 -0.000006  -0.360582 -0.475379 -1.615699
8  -0.000117 -0.048882 -0.576226  1.315964 0.131655 1.452970
9  3.224483 0.767048 0.000494  0.133864 -0.121824 0.276936
10  3.223904 0.226399 -0.001945  0.147144 -0.064871 0.431477
11  5.187321 -1.262558 -0.001177  0.000012 0.000066 0.194111
12  6.928413 -1.935318 -0.000227  -3.031258 -0.034991 0.171755
13  3.236369 1.079613 0.000057  0.675820 0.078634 0.375621
14  0.833761 3.805343 0.692956  -0.040490 0.554884 1.469874
15  0.000032 6.792205 0.000039  0.007990 0.036070 -0.011408
16  -0.000064 7.744811 0.000016  -0.017441 -0.155305 0.068151
17  0.000077 7.809698 0.000018  -0.033636 0.005026 0.006141
18  -0.000024 7.867670 0.000015  -0.073329 -0.127910 0.026376
19  3.494702 -1.749101 -3.006912  0.152547 2.070418 1.936946
20  0.000121 4.478322 0.000019  -0.194659 0.310432 -0.234995
21  0.000048 4.636114 -0.000028  0.035820 0.324593 -0.151767
22  -0.000042 5.008650 0.000013  0.076000 -0.286565 0.276090
23  0.000064 4.781167 0.000006  0.904400 -2.690903 -0.015798
24  2.253042 1.989053 -3.350106  -1.523628 1.324498 0.112404
25  0.000159 6.589469 0.000174  0.206354 -0.002129 -0.080395
26  0.000042 7.491416 0.000040  -0.333514 0.184454 -0.191169
27  0.000024 7.660308 -0.000060  -0.063174 0.127194 -0.062115
28  0.000008 7.256270 0.000017  -0.052940 -0.487829 0.313814
29  -0.791156 2.265112 -1.234655  -0.753898 1.136377 0.824675
30  -0.000255 8.572262 -0.000087  -0.222844 -0.296789 0.176502
31  -0.000093 8.117220 0.000048  0.072256 0.772521 -0.285589
32  -0.000083 8.230028 -0.000070  -0.080491 -0.347232 0.072255
33  0.000058 7.366725 0.000058  -0.015393 -0.663893 0.062740
34  0.224216 0.240120 -3.218157  -0.877372 1.468889 0.577835
35  -0.000099 7.721054 -0.000310  -0.283830 0.060496 -0.167556
36  -0.000031 7.374855 -0.000003  0.007538 -0.195021 0.049539
37  0.000075 6.848101 0.000008  0.005483 0.006497 -0.033649
38  -0.000051 7.777865 0.000008  -0.186096 0.182474 -0.152847
39  -1.514462 2.104642 -1.150167  -0.029093 0.541319 1.555678
40  -0.000166 6.982344 -0.000076  -0.199698 -0.041212 0.153489
41  0.000041 8.382867 -0.000074  0.044866 0.587986 -0.257961
42  0.000014 8.697699 -0.000027  -0.102636 -0.474318 0.290944
43  0.000054 8.921807 -0.000004  -0.076259 0.581005 -0.195605
44  1.196201 2.899149 -2.353086  -0.449718 1.030104 1.287429
45  0.000105 5.476934 0.000007  0.285574 -0.099353 -0.038446
46  -0.000078 6.060442 -0.000094  -0.155020 -0.575032 0.384609
47  0.000019 5.994261 0.000029  0.033940 0.288574 -0.067730
48  -0.000008 6.100486 -0.000000  -0.068405 0.299273 -0.162153
49  0.000035 6.916760 0.000008  -0.096319 0.220533 -0.107967
50  0.000149 6.435059 -0.000047  -0.037458 0.171631 -0.116571
51  1.092800 3.649508 -1.738794  -0.148600 0.876612 1.445020
52  -0.000129 6.792199 -0.000105  0.008284 0.107792 -0.048643
53  -0.000089 7.744773 -0.000028  0.057137 -0.256893 0.015458
54  0.000082 9.115020 -0.000040  -0.020393 0.256253 -0.142636
55  3.494518 -1.749111 3.007064  0.118400 1.106974 1.813810
56  0.000014 4.323830 0.000084  -0.229908 -0.770942 0.449225
57  0.000030 4.872897 -0.000021  0.367242 -0.664052 -0.254032
58  0.000002 5.056657 0.000093  -0.511237 0.856586 -0.546325
59  2.292466 1.708608 3.661676  -1.762560 1.789111 -0.218974
60  -0.000174 6.589440 0.000274  -0.007132 -0.169123 0.176909
61  0.000173 7.491498 -0.000156  -0.132413 -0.107097 0.179329
62  -0.000140 8.249661 0.000145  0.041911 -0.058209 0.015813
63  0.000072 8.605236 -0.000029  0.101584 0.501824 -0.079699
64  -0.240481 2.066065 2.349267  -0.357330 2.461713 1.296082
65  -0.000089 7.721106 -0.000003  -0.208231 -0.126224 -0.116496
66  -0.000121 7.374868 -0.000047  -0.111017 0.046939 -0.046460
67  -0.000036 6.848059 -0.000026  0.273533 0.247522 0.299906
68  0.000034 7.777824 -0.000043  0.072920 0.186148 -0.052690
69  -0.000082 8.178054 0.000011  -0.087030 -0.422850 -0.381358
70  1.617610 3.431403 2.399265  -0.249454 2.569514 1.508572
71  -0.000163 5.476948 -0.000029  0.057728 0.074072 0.060285
72  -0.000094 6.060496 -0.000006  -0.015203 0.015650 -0.152065
73  0.000026 5.994251 0.000011  -0.126211 -0.157657 0.153301
74  -0.000078 7.076881 -0.000047  -0.008119 0.010385 0.036400
75  0.000001 7.089869 -0.000070  0.070875 0.098587 -0.025893
76  0.361114 0.886678 3.287746  -0.576377 1.978710 0.939007
77  -0.000068 6.686639 0.000221  -0.146569 0.414163 -0.327709
78  -0.000013 7.638019 0.000014  -0.079523 -0.025948 0.130955
79  -0.000031 7.290234 -0.000023  0.025323 -0.093908 0.023961
80  -0.000033 6.530374 0.000003  -0.261846 -0.300601 0.006736
81  0.000063 7.224879 0.000007  0.036505 0.032481 -0.175821
82  1.071898 3.225790 1.570116  -0.043808 2.859974 1.526249
83  0.000417 6.748906 -0.000066  -0.062699 0.083783 0.022202
84  -0.000044 8.002646 0.000027  -0.067496 -0.117208 -0.115599
85  0.000012 8.580577 -0.000097  0.088211 -0.007187 0.334603
86  0.000172 8.689830 -0.000041  0.065327 -0.412430 -0.134516
87  -1.514532 2.104633 0.318056  -0.024896 3.094490 1.569497
88  0.000193 6.982281 0.000012  -0.107588 -0.057625 -0.215716
89  -0.000009 8.382874 -0.000067  0.135029 -0.099914 0.287073
90  -0.000063 8.697669 0.000024  -0.148088 -0.510101 0.044836
91  -0.000135 8.921825 0.000079  -0.236826 -0.892635 0.098806
92  3.553615 -3.478053 2.409278  0.000822 0.762046 1.535312
93  0.000001 4.476905 -0.000009  -0.151006 -0.588330 0.377259
94  0.000033 4.514117 -0.000023  -0.228867 -2.996201 0.592369
95  0.000046 4.518387 -0.000024  0.143169 2.612778 0.693385
96  0.000020 3.598333 0.000023  -0.749300 0.869853 -0.773231
97  4.209925 -0.440351 1.018823  -2.109477 -2.150023 0.292004
98  4.265503 1.434229 -0.404993  -1.751110 -0.285562 -0.067712
99  9.400238 0.017940 0.083201  0.077030 -0.063622 -1.392538
100  10.242421 0.033589 0.064483  2.677151 -0.420027 -0.225603
101  3.465855 -0.059676 0.016696  -0.028887 -0.028008 -0.328171
102  1.655594 -0.000021 0.000022  -0.020275 -0.124777 -0.521010
103  0.960771 -0.000002 -0.000008  0.000460 0.000153 -0.231870
104  3.462026 -0.064244 0.939913  0.328601 -0.026095 -0.156121
105  1.497179 -0.000006 0.000021  -0.491598 -0.041073 -0.094107
106  0.793762 0.000004 0.000000  0.002302 -0.007905 -0.134358
107  0.591661 -0.460690 0.835208  -1.141796 -0.776744 -0.450516
108  1.556139 0.000002 -0.000002  -0.180562 0.115033 0.422940
109  1.135905 0.000019 -0.000001  0.006813 0.027617 0.407964
110  3.084269 -0.668821 -1.257082  -0.668369 0.005091 -0.544271
111  1.064203 -0.000008 0.000005  -0.012067 0.097461 -0.779427
112  0.640334 0.000006 -0.000008  -0.006265 -0.005055 -0.469670
113  3.396821 -0.242136 -0.708688  -0.378987 0.036609 -0.383152
114  1.532968 0.000009 0.000008  0.010386 -0.009005 -0.708151
115  0.832974 -0.000006 -0.000002  0.001511 -0.010822 -0.592717
116  4.209948 -0.440346 -1.019279  -0.749036 0.675054 -2.703483
117  4.266745 1.424942 0.424937  1.477923 -0.218213 -0.549983
118  9.398571 0.011947 -0.082516  -0.023718 0.066344 -0.657619
119  10.242442 0.028176 -0.062907  -1.615377 0.023408 -0.060271
120  3.465748 -0.067526 0.002267  -0.178488 0.226792 -1.631456
121  1.655560 0.000005 0.000006  -0.123156 0.212554 -1.204977
122  0.960907 0.000005 0.000002  -0.050829 0.145318 -0.983253
123  3.466853 -0.077781 -0.920910  -0.421867 0.095164 -1.603294
124  1.497262 -0.000039 -0.000023  -0.621759 0.348778 -1.113829
125  0.793787 -0.000003 0.000002  -0.393028 0.524606 -1.028538
126  0.595080 -0.467154 -0.829176  2.360845 0.654098 -0.566848
127  1.555678 0.000017 -0.000002  0.489694 0.402490 0.906484
128  1.136814 -0.000008 -0.000003  0.397581 0.384583 0.874845
129  3.075972 -0.667968 1.277701  0.578525 0.320832 -1.268600
130  1.064595 0.000019 0.000010  0.053348 -0.130902 -1.232098
131  0.640361 -0.000013 -0.000003  -0.037801 -0.047057 -0.900793
132  3.392412 -0.245374 0.728376  0.155477 0.337212 -1.621796
133  1.532738 -0.000010 0.000000  -0.011109 0.019879 -1.189429
134  0.833151 0.000005 0.000005  -0.046547 -0.021562 -1.211537
135  3.590115 -3.090295 1.193970  1.635457 1.210566 1.548541
136  3.589561 -3.089879 -1.196373  -1.505736 1.210473 -1.592853
137  -0.436557 4.719027 -0.001076  -0.000473 -1.570733 1.693247
138  0.000002 2.775457 -0.000238  -0.135089 0.000001 -0.000000
139  0.000001 3.189769 0.000006  0.207820 -0.000000 0.000000
140  0.000001 3.504654 0.000045  -0.261876 0.000000 -0.000000
141  0.000000 2.863198 -0.000000  -0.051268 0.000000 0.000000
end


