version 1
nodes
0 "ValveBiped.Bip01" -1
1 "ValveBiped.Bip01_Pelvis" 0
2 "ValveBiped.Bip01_L_Thigh" 1
3 "ValveBiped.Bip01_L_Calf" 2
4 "ValveBiped.Bip01_L_Foot" 3
5 "ValveBiped.Bip01_R_Thigh" 1
6 "ValveBiped.Bip01_R_Calf" 5
7 "ValveBiped.Bip01_R_Foot" 6
8 "ValveBiped.Bip01_Spine" 1
9 "ValveBiped.Bip01_Spine1" 8
10 "ValveBiped.Bip01_Spine2" 9
11 "ValveBiped.Bip01_Spine4" 10
12 "ValveBiped.Bip01_Neck1" 11
13 "ValveBiped.Bip01_Head1" 12
14 "HBN_CK01" 13
15 "HBN_CK02" 14
16 "HBN_CK03" 15
17 "HBN_CK04" 16
18 "HBN_CK05" 17
19 "HBn_LF01" 13
20 "HBn_LF02" 19
21 "HBn_LF03" 20
22 "HBn_LF04" 21
23 "HBn_LF05" 22
24 "HBN_LMA01" 13
25 "HBN_LMA02" 24
26 "HBN_LMA03" 25
27 "HBN_LMA04" 26
28 "HBN_LMA05" 27
29 "HBN_LMB01" 13
30 "HBN_LMB02" 29
31 "HBN_LMB03" 30
32 "HBN_LMB04" 31
33 "HBN_LMB05" 32
34 "HBN_LMC01" 13
35 "HBN_LMC02" 34
36 "HBN_LMC03" 35
37 "HBN_LMC04" 36
38 "HBN_LMC05" 37
39 "HBN_LMD01" 13
40 "HBN_LMD02" 39
41 "HBN_LMD03" 40
42 "HBN_LMD04" 41
43 "HBN_LMD05" 42
44 "HBN_LME01" 13
45 "HBN_LME02" 44
46 "HBN_LME03" 45
47 "HBN_LME04" 46
48 "HBN_LME05" 47
49 "HBN_LME06" 48
50 "HBN_LME07" 49
51 "HBN_LMF01" 13
52 "HBN_LMF02" 51
53 "HBN_LMF03" 52
54 "HBN_LMF04" 53
55 "HBn_RF01" 13
56 "HBn_RF02" 55
57 "HBn_RF03" 56
58 "HBn_RF04" 57
59 "HBN_RMA01" 13
60 "HBN_RMA02" 59
61 "HBN_RMA03" 60
62 "HBN_RMA04" 61
63 "HBN_RMA05" 62
64 "HBN_RMB01" 13
65 "HBN_RMB02" 64
66 "HBN_RMB03" 65
67 "HBN_RMB04" 66
68 "HBN_RMB05" 67
69 "HBN_RMB06" 68
70 "HBN_RMC01" 13
71 "HBN_RMC02" 70
72 "HBN_RMC03" 71
73 "HBN_RMC04" 72
74 "HBN_RMC05" 73
75 "HBN_RMC06" 74
76 "HBN_RMD01" 13
77 "HBN_RMD02" 76
78 "HBN_RMD03" 77
79 "HBN_RMD04" 78
80 "HBN_RMD05" 79
81 "HBN_RMD06" 80
82 "HBN_RME01" 13
83 "HBN_RME02" 82
84 "HBN_RME03" 83
85 "HBN_RME04" 84
86 "HBN_RME05" 85
87 "HBN_RMF01" 13
88 "HBN_RMF02" 87
89 "HBN_RMF03" 88
90 "HBN_RMF04" 89
91 "HBN_RMF05" 90
92 "HBn_RFF01" 13
93 "HBn_RFF02" 92
94 "HBn_RFF03" 93
95 "HBn_RFF04" 94
96 "HBn_RFF05" 95
97 "ValveBiped.Bip01_L_Clavicle" 11
98 "ValveBiped.Bip01_L_UpperArm" 97
99 "ValveBiped.Bip01_L_Forearm" 98
100 "ValveBiped.Bip01_L_Hand" 99
101 "ValveBiped.Bip01_L_Finger2" 100
102 "ValveBiped.Bip01_L_Finger21" 101
103 "ValveBiped.Bip01_L_Finger22" 102
104 "ValveBiped.Bip01_L_Finger1" 100
105 "ValveBiped.Bip01_L_Finger11" 104
106 "ValveBiped.Bip01_L_Finger12" 105
107 "ValveBiped.Bip01_L_Finger0" 100
108 "ValveBiped.Bip01_L_Finger01" 107
109 "ValveBiped.Bip01_L_Finger02" 108
110 "ValveBiped.Bip01_L_Finger4" 100
111 "ValveBiped.Bip01_L_Finger41" 110
112 "ValveBiped.Bip01_L_Finger42" 111
113 "ValveBiped.Bip01_L_Finger3" 100
114 "ValveBiped.Bip01_L_Finger31" 113
115 "ValveBiped.Bip01_L_Finger32" 114
116 "ValveBiped.Bip01_R_Clavicle" 11
117 "ValveBiped.Bip01_R_UpperArm" 116
118 "ValveBiped.Bip01_R_Forearm" 117
119 "ValveBiped.Bip01_R_Hand" 118
120 "ValveBiped.Bip01_R_Finger2" 119
121 "ValveBiped.Bip01_R_Finger21" 120
122 "ValveBiped.Bip01_R_Finger22" 121
123 "ValveBiped.Bip01_R_Finger1" 119
124 "ValveBiped.Bip01_R_Finger11" 123
125 "ValveBiped.Bip01_R_Finger12" 124
126 "ValveBiped.Bip01_R_Finger0" 119
127 "ValveBiped.Bip01_R_Finger01" 126
128 "ValveBiped.Bip01_R_Finger02" 127
129 "ValveBiped.Bip01_R_Finger4" 119
130 "ValveBiped.Bip01_R_Finger41" 129
131 "ValveBiped.Bip01_R_Finger42" 130
132 "ValveBiped.Bip01_R_Finger3" 119
133 "ValveBiped.Bip01_R_Finger31" 132
134 "ValveBiped.Bip01_R_Finger32" 133
135 "lPectoral" 10
136 "rPectoral" 10
137 "Front Cloth" 10
138 "Front Cloth.001" 137
139 "Front Cloth.002" 138
140 "Front Cloth.003" 139
141 "Front Cloth.004" 140
end
skeleton
time 0
0  -1.316955 -0.002423 36.818222  1.570862 0.000000 -0.000000
1  0.002636 43.025146 0.734438  0.014280 -1.017291 -0.073519
2  3.061857 -4.181014 -0.610803  -1.473037 -0.046171 -1.054271
3  18.476772 0.000159 -0.000001  0.002733 -0.036649 0.478129
4  17.490086 0.000117 0.000003  -0.572695 -0.054013 -1.327378
5  -3.065330 -4.183577 -0.611480  -1.333016 -0.561467 -1.628320
6  18.474855 -0.000034 -0.000007  0.010944 0.079996 1.041391
7  17.489586 0.001916 -0.000007  0.006136 -0.028861 -1.460925
8  -0.000117 -0.048885 -0.576226  1.711330 0.128559 1.600319
9  3.224486 0.767047 0.000495  0.190070 0.033546 0.074776
10  3.223912 0.226400 -0.001944  0.130941 -0.008081 0.270756
11  5.187315 -1.262560 -0.001177  0.000012 0.000066 0.194111
12  6.928408 -1.935315 -0.000229  -3.092319 -0.107446 0.350518
13  3.236368 1.079617 0.000056  0.424045 0.112216 0.274329
14  0.833766 3.805351 0.692955  -0.040491 0.554886 1.469873
15  0.000039 6.792210 0.000039  0.007990 0.036071 -0.011408
16  -0.000069 7.744820 0.000016  -0.017443 -0.155305 0.068152
17  0.000075 7.809700 0.000019  -0.033635 0.005026 0.006140
18  -0.000025 7.867672 0.000018  -0.073328 -0.127910 0.026376
19  3.494704 -1.749095 -3.006912  0.152545 2.070420 1.936946
20  0.000119 4.478327 0.000019  -0.194659 0.310432 -0.234994
21  0.000048 4.636118 -0.000029  0.035822 0.324593 -0.151768
22  -0.000040 5.008651 0.000011  0.075997 -0.286565 0.276092
23  0.000064 4.781166 0.000010  0.904398 -2.690903 -0.015798
24  2.253046 1.989058 -3.350106  -1.523636 1.324498 0.112396
25  0.000161 6.589464 0.000171  0.206355 -0.002129 -0.080394
26  0.000041 7.491414 0.000046  -0.333512 0.184454 -0.191168
27  0.000028 7.660306 -0.000055  -0.063176 0.127195 -0.062115
28  0.000007 7.256269 0.000018  -0.052938 -0.487830 0.313810
29  -0.791157 2.265116 -1.234655  -0.753901 1.136378 0.824671
30  -0.000257 8.572260 -0.000091  -0.222843 -0.296789 0.176503
31  -0.000094 8.117212 0.000048  0.072256 0.772520 -0.285588
32  -0.000083 8.230032 -0.000071  -0.080491 -0.347232 0.072253
33  0.000062 7.366722 0.000053  -0.015394 -0.663892 0.062741
34  0.224217 0.240125 -3.218157  -0.877395 1.468889 0.577812
35  -0.000101 7.721055 -0.000303  -0.283828 0.060496 -0.167555
36  -0.000031 7.374849 -0.000002  0.007536 -0.195020 0.049540
37  0.000076 6.848101 0.000006  0.005485 0.006496 -0.033650
38  -0.000050 7.777858 0.000008  -0.186096 0.182474 -0.152846
39  -1.514467 2.104647 -1.150167  -0.029092 0.541321 1.555678
40  -0.000169 6.982350 -0.000078  -0.199699 -0.041213 0.153489
41  0.000037 8.382869 -0.000072  0.044866 0.587987 -0.257961
42  0.000015 8.697703 -0.000028  -0.102636 -0.474319 0.290943
43  0.000054 8.921805 -0.000005  -0.076258 0.581004 -0.195603
44  1.196195 2.899155 -2.353086  -0.449718 1.030106 1.287428
45  0.000107 5.476940 0.000006  0.285572 -0.099353 -0.038445
46  -0.000073 6.060433 -0.000089  -0.155020 -0.575032 0.384608
47  0.000015 5.994266 0.000030  0.033940 0.288575 -0.067729
48  -0.000006 6.100480 0.000001  -0.068406 0.299273 -0.162153
49  0.000035 6.916761 0.000010  -0.096317 0.220533 -0.107965
50  0.000148 6.435058 -0.000041  -0.037459 0.171630 -0.116573
51  1.092804 3.649515 -1.738794  -0.148600 0.876612 1.445020
52  -0.000129 6.792200 -0.000101  0.008284 0.107792 -0.048643
53  -0.000091 7.744778 -0.000031  0.057137 -0.256893 0.015458
54  0.000082 9.115025 -0.000036  -0.020393 0.256253 -0.142636
55  3.494519 -1.749104 3.007064  0.118401 1.106975 1.813812
56  0.000014 4.323833 0.000084  -0.229907 -0.770943 0.449224
57  0.000029 4.872892 -0.000022  0.367242 -0.664052 -0.254032
58  0.000002 5.056655 0.000091  -0.511236 0.856586 -0.546323
59  2.292468 1.708614 3.661675  -1.762553 1.789111 -0.218966
60  -0.000171 6.589439 0.000269  -0.007133 -0.169123 0.176906
61  0.000172 7.491491 -0.000151  -0.132413 -0.107097 0.179330
62  -0.000141 8.249657 0.000145  0.041913 -0.058209 0.015814
63  0.000075 8.605236 -0.000026  0.101584 0.501824 -0.079698
64  -0.240484 2.066071 2.349267  -0.357331 2.461715 1.296081
65  -0.000087 7.721103 -0.000003  -0.208229 -0.126223 -0.116495
66  -0.000122 7.374861 -0.000048  -0.111019 0.046939 -0.046464
67  -0.000034 6.848063 -0.000026  0.273532 0.247522 0.299909
68  0.000035 7.777827 -0.000044  0.072921 0.186148 -0.052690
69  -0.000090 8.178050 0.000010  -0.087029 -0.422849 -0.381358
70  1.617603 3.431406 2.399265  -0.249454 2.569516 1.508572
71  -0.000162 5.476948 -0.000030  0.057730 0.074071 0.060285
72  -0.000094 6.060493 -0.000006  -0.015204 0.015650 -0.152065
73  0.000026 5.994245 0.000012  -0.126212 -0.157657 0.153302
74  -0.000081 7.076873 -0.000047  -0.008118 0.010384 0.036400
75  0.000008 7.089872 -0.000070  0.070875 0.098587 -0.025893
76  0.361119 0.886683 3.287745  -0.576372 1.978710 0.939013
77  -0.000061 6.686649 0.000217  -0.146568 0.414164 -0.327707
78  -0.000012 7.638016 0.000011  -0.079524 -0.025947 0.130955
79  -0.000031 7.290229 -0.000022  0.025325 -0.093908 0.023963
80  -0.000037 6.530366 0.000003  -0.261847 -0.300601 0.006735
81  0.000064 7.224881 0.000011  0.036505 0.032480 -0.175823
82  1.071901 3.225796 1.570115  -0.043806 2.859976 1.526248
83  0.000412 6.748894 -0.000067  -0.062702 0.083784 0.022202
84  -0.000046 8.002645 0.000026  -0.067496 -0.117209 -0.115600
85  0.000013 8.580570 -0.000098  0.088213 -0.007188 0.334603
86  0.000169 8.689829 -0.000041  0.065327 -0.412430 -0.134516
87  -1.514537 2.104634 0.318056  -0.024895 3.094491 1.569497
88  0.000193 6.982285 0.000011  -0.107588 -0.057625 -0.215715
89  -0.000010 8.382874 -0.000068  0.135031 -0.099913 0.287073
90  -0.000064 8.697671 0.000024  -0.148090 -0.510100 0.044838
91  -0.000133 8.921821 0.000079  -0.236827 -0.892638 0.098804
92  3.553612 -3.478049 2.409277  0.000818 0.762047 1.535310
93  -0.000001 4.476904 -0.000007  -0.151002 -0.588331 0.377259
94  0.000032 4.514124 -0.000024  -0.228865 -2.996200 0.592368
95  0.000044 4.518380 -0.000023  0.143172 2.612778 0.693385
96  0.000021 3.598332 0.000027  -0.749301 0.869852 -0.773231
97  4.209919 -0.440348 1.018822  0.927026 -0.823412 -2.803936
98  4.265503 1.434229 -0.404992  -1.356815 -0.037740 -0.499388
99  9.400234 0.017941 0.083202  0.123197 -0.003977 -2.433898
100  10.242420 0.033591 0.064481  -3.074298 -0.060807 -0.711138
101  3.465853 -0.059679 0.016695  0.004342 -0.140828 -0.669671
102  1.655591 -0.000029 0.000020  -0.004728 -0.073097 -0.075656
103  0.960771 0.000001 -0.000009  0.079598 0.069826 0.141314
104  3.462029 -0.064247 0.939907  0.359792 -0.262222 -0.629263
105  1.497176 -0.000008 0.000020  -0.487575 0.020395 -0.044732
106  0.793761 0.000003 -0.000002  -0.014026 0.012612 -0.131358
107  0.591659 -0.460693 0.835207  -1.055125 -0.660900 -0.777041
108  1.556141 0.000006 0.000001  -0.364077 0.096635 0.343639
109  1.135906 0.000020 0.000002  0.074805 -0.123039 0.036743
110  3.084268 -0.668823 -1.257083  -0.724080 0.311506 -0.853421
111  1.064198 0.000001 0.000006  0.026244 0.089032 -0.397340
112  0.640335 -0.000002 -0.000009  -0.089010 -0.031987 -0.244883
113  3.396822 -0.242139 -0.708688  -0.389037 0.072380 -0.747866
114  1.532971 0.000008 0.000004  0.027212 0.011631 -0.316045
115  0.832976 -0.000003 -0.000003  -0.071668 -0.026372 -0.217948
116  4.209942 -0.440344 -1.019281  1.043460 2.085440 -0.645089
117  4.266747 1.424940 0.424939  0.957088 0.872327 -0.786571
118  9.398562 0.011948 -0.082517  -0.097741 0.055868 -1.663119
119  10.242441 0.028173 -0.062911  -0.114139 0.255934 -0.347919
120  3.465747 -0.067528 0.002267  -0.247097 0.249444 -1.711142
121  1.655561 0.000007 0.000004  -0.141463 0.179339 -1.034754
122  0.960910 -0.000001 0.000001  0.011303 0.147518 -0.728650
123  3.466854 -0.077781 -0.920910  -0.489773 0.120332 -1.700515
124  1.497259 -0.000031 -0.000022  -0.548751 0.297750 -0.923514
125  0.793786 -0.000007 -0.000000  -0.172654 0.328956 -0.677184
126  0.595076 -0.467152 -0.829175  2.467865 0.675066 -0.730026
127  1.555673 0.000017 -0.000003  0.629858 0.515700 1.160882
128  1.136813 -0.000004 -0.000000  0.576434 0.458017 1.084198
129  3.075972 -0.667968 1.277700  0.591920 0.294880 -1.438977
130  1.064599 0.000017 0.000014  0.029549 -0.119416 -0.868694
131  0.640362 -0.000012 -0.000006  -0.107942 -0.026354 -0.512627
132  3.392415 -0.245370 0.728374  0.124955 0.326531 -1.766143
133  1.532736 -0.000002 -0.000000  0.008519 0.016005 -0.780528
134  0.833151 0.000005 0.000002  -0.080172 -0.067563 -1.007781
135  3.590110 -3.090297 1.193972  1.635457 1.210566 1.548541
136  3.589558 -3.089881 -1.196372  -1.505736 1.210473 -1.592853
137  -0.436562 4.719024 -0.001076  -0.000487 -1.570733 1.693093
138  -0.000001 2.775446 -0.000236  -0.135089 0.000001 -0.000000
139  0.000000 3.189766 0.000007  0.207820 0.000000 0.000000
140  0.000000 3.504649 0.000046  -0.261876 -0.000000 -0.000000
141  -0.000000 2.863203 -0.000002  -0.051268 -0.000000 -0.000000
time 1
0  -1.067740 -0.453849 36.298561  1.570862 0.000000 -0.000000
1  0.002636 43.025146 0.734438  0.015888 -0.879373 -0.062271
2  3.061857 -4.181007 -0.610803  -1.478574 -0.212481 -1.059577
3  18.476776 0.000159 0.000001  0.001268 -0.050122 0.643682
4  17.490086 0.000117 0.000004  -0.519728 0.048486 -1.410446
5  -3.065329 -4.183573 -0.611480  -1.206687 -0.564470 -1.802943
6  18.474859 -0.000034 -0.000008  0.013627 0.083776 1.098117
7  17.489586 0.001915 -0.000006  0.042381 -0.158106 -1.499110
8  -0.000117 -0.048877 -0.576226  1.643652 0.171860 1.600872
9  3.224484 0.767047 0.000495  0.031664 0.033070 0.081349
10  3.223909 0.226399 -0.001944  0.194274 -0.022185 0.299409
11  5.187326 -1.262560 -0.001177  0.000012 0.000066 0.194111
12  6.928415 -1.935315 -0.000226  -3.128652 -0.064723 0.364367
13  3.236369 1.079616 0.000057  0.489087 0.163423 0.295953
14  0.833759 3.805349 0.692956  -0.040491 0.554886 1.469873
15  0.000044 6.792211 0.000039  0.007990 0.036071 -0.011408
16  -0.000065 7.744817 0.000017  -0.017443 -0.155305 0.068152
17  0.000073 7.809703 0.000017  -0.033636 0.005026 0.006140
18  -0.000023 7.867669 0.000019  -0.073328 -0.127910 0.026376
19  3.494707 -1.749092 -3.006912  0.152545 2.070420 1.936946
20  0.000119 4.478326 0.000018  -0.194659 0.310432 -0.234994
21  0.000047 4.636118 -0.000028  0.035822 0.324593 -0.151768
22  -0.000043 5.008661 0.000013  0.075997 -0.286565 0.276092
23  0.000063 4.781160 0.000010  0.904398 -2.690903 -0.015798
24  2.253038 1.989053 -3.350106  -1.523636 1.324497 0.112396
25  0.000160 6.589460 0.000171  0.206355 -0.002129 -0.080394
26  0.000041 7.491422 0.000042  -0.333512 0.184454 -0.191167
27  0.000027 7.660309 -0.000059  -0.063176 0.127195 -0.062115
28  0.000007 7.256269 0.000021  -0.052938 -0.487830 0.313810
29  -0.791164 2.265114 -1.234655  -0.753901 1.136378 0.824671
30  -0.000256 8.572261 -0.000091  -0.222843 -0.296789 0.176503
31  -0.000096 8.117215 0.000048  0.072256 0.772520 -0.285588
32  -0.000086 8.230034 -0.000075  -0.080491 -0.347232 0.072253
33  0.000058 7.366723 0.000055  -0.015394 -0.663892 0.062741
34  0.224214 0.240123 -3.218157  -0.877395 1.468889 0.577812
35  -0.000101 7.721045 -0.000308  -0.283828 0.060496 -0.167555
36  -0.000031 7.374852 -0.000000  0.007536 -0.195020 0.049540
37  0.000075 6.848107 0.000005  0.005485 0.006496 -0.033650
38  -0.000052 7.777868 0.000009  -0.186096 0.182474 -0.152846
39  -1.514460 2.104648 -1.150167  -0.029092 0.541321 1.555678
40  -0.000168 6.982347 -0.000079  -0.199700 -0.041213 0.153489
41  0.000039 8.382860 -0.000073  0.044866 0.587987 -0.257961
42  0.000013 8.697702 -0.000022  -0.102636 -0.474319 0.290943
43  0.000055 8.921804 -0.000002  -0.076258 0.581004 -0.195603
44  1.196198 2.899153 -2.353086  -0.449718 1.030106 1.287428
45  0.000108 5.476940 0.000009  0.285572 -0.099353 -0.038446
46  -0.000075 6.060432 -0.000092  -0.155020 -0.575032 0.384608
47  0.000018 5.994264 0.000029  0.033940 0.288575 -0.067729
48  -0.000006 6.100483 0.000002  -0.068406 0.299273 -0.162153
49  0.000035 6.916762 0.000010  -0.096317 0.220533 -0.107965
50  0.000152 6.435056 -0.000043  -0.037459 0.171630 -0.116573
51  1.092800 3.649511 -1.738794  -0.148600 0.876612 1.445020
52  -0.000130 6.792202 -0.000104  0.008285 0.107792 -0.048643
53  -0.000087 7.744772 -0.000031  0.057137 -0.256893 0.015458
54  0.000083 9.115020 -0.000036  -0.020393 0.256253 -0.142636
55  3.494519 -1.749105 3.007064  0.118401 1.106975 1.813812
56  0.000014 4.323840 0.000086  -0.229907 -0.770943 0.449224
57  0.000029 4.872898 -0.000021  0.367242 -0.664052 -0.254032
58  0.000005 5.056650 0.000091  -0.511236 0.856586 -0.546323
59  2.292468 1.708612 3.661675  -1.762553 1.789111 -0.218966
60  -0.000172 6.589440 0.000271  -0.007133 -0.169123 0.176906
61  0.000172 7.491498 -0.000150  -0.132413 -0.107098 0.179330
62  -0.000142 8.249655 0.000141  0.041913 -0.058209 0.015814
63  0.000072 8.605236 -0.000025  0.101584 0.501824 -0.079698
64  -0.240483 2.066070 2.349267  -0.357331 2.461715 1.296081
65  -0.000084 7.721106 -0.000003  -0.208229 -0.126223 -0.116495
66  -0.000124 7.374863 -0.000047  -0.111019 0.046939 -0.046464
67  -0.000037 6.848060 -0.000027  0.273532 0.247522 0.299909
68  0.000032 7.777824 -0.000043  0.072921 0.186148 -0.052690
69  -0.000082 8.178055 0.000013  -0.087029 -0.422849 -0.381358
70  1.617604 3.431407 2.399265  -0.249454 2.569516 1.508572
71  -0.000162 5.476942 -0.000028  0.057730 0.074071 0.060285
72  -0.000093 6.060493 -0.000005  -0.015204 0.015650 -0.152065
73  0.000025 5.994251 0.000011  -0.126212 -0.157657 0.153302
74  -0.000078 7.076873 -0.000048  -0.008118 0.010384 0.036400
75  0.000007 7.089868 -0.000070  0.070875 0.098587 -0.025893
76  0.361116 0.886682 3.287746  -0.576372 1.978710 0.939013
77  -0.000065 6.686641 0.000222  -0.146568 0.414164 -0.327707
78  -0.000012 7.638027 0.000014  -0.079524 -0.025947 0.130955
79  -0.000031 7.290231 -0.000021  0.025325 -0.093908 0.023963
80  -0.000034 6.530360 0.000005  -0.261847 -0.300601 0.006735
81  0.000063 7.224882 0.000009  0.036505 0.032480 -0.175823
82  1.071899 3.225796 1.570115  -0.043806 2.859976 1.526248
83  0.000412 6.748899 -0.000067  -0.062702 0.083784 0.022202
84  -0.000046 8.002645 0.000027  -0.067496 -0.117209 -0.115600
85  0.000013 8.580574 -0.000097  0.088213 -0.007188 0.334603
86  0.000169 8.689828 -0.000041  0.065327 -0.412430 -0.134516
87  -1.514534 2.104637 0.318056  -0.024895 3.094491 1.569497
88  0.000195 6.982287 0.000012  -0.107588 -0.057625 -0.215715
89  -0.000010 8.382871 -0.000068  0.135031 -0.099913 0.287073
90  -0.000061 8.697668 0.000024  -0.148090 -0.510100 0.044837
91  -0.000136 8.921824 0.000079  -0.236827 -0.892638 0.098804
92  3.553620 -3.478047 2.409277  0.000818 0.762047 1.535310
93  0.000001 4.476903 -0.000006  -0.151002 -0.588331 0.377259
94  0.000032 4.514118 -0.000023  -0.228865 -2.996200 0.592368
95  0.000045 4.518381 -0.000023  0.143172 2.612779 0.693384
96  0.000024 3.598328 0.000025  -0.749301 0.869852 -0.773231
97  4.209922 -0.440345 1.018825  0.959280 -0.936842 -2.796324
98  4.265509 1.434231 -0.404993  -1.160952 -0.324590 -0.656975
99  9.400236 0.017941 0.083202  0.121231 -0.013559 -2.304966
100  10.242417 0.033596 0.064481  -2.823607 -0.048001 -0.475490
101  3.465856 -0.059680 0.016685  -0.007307 -0.117056 -0.579718
102  1.655597 -0.000026 0.000020  -0.012152 -0.059610 -0.049325
103  0.960767 -0.000000 -0.000005  0.067207 0.068662 0.132434
104  3.462025 -0.064248 0.939905  0.344809 -0.267328 -0.524141
105  1.497177 -0.000009 0.000026  -0.487645 0.033200 0.001371
106  0.793759 0.000002 -0.000000  -0.011206 0.008430 -0.120185
107  0.591659 -0.460694 0.835201  -1.046703 -0.665169 -0.754563
108  1.556140 0.000002 -0.000001  -0.340609 0.077783 0.315495
109  1.135901 0.000018 0.000003  0.076311 -0.112013 0.053499
110  3.084270 -0.668823 -1.257092  -0.730701 0.333467 -0.771834
111  1.064197 -0.000003 0.000006  0.025087 0.083862 -0.381799
112  0.640340 0.000005 -0.000009  -0.077218 -0.030381 -0.175723
113  3.396821 -0.242141 -0.708696  -0.403925 0.077101 -0.691886
114  1.532966 0.000011 0.000004  0.024376 0.009907 -0.251191
115  0.832974 0.000003 -0.000004  -0.061404 -0.020892 -0.217769
116  4.209948 -0.440343 -1.019278  1.051225 2.081512 -0.638907
117  4.266742 1.424942 0.424938  1.007978 0.914998 -0.749418
118  9.398562 0.011948 -0.082518  -0.087399 0.062407 -1.505253
119  10.242439 0.028174 -0.062905  -0.039214 0.229003 -0.501104
120  3.465752 -0.067527 0.002266  -0.247376 0.249632 -1.711358
121  1.655561 0.000004 0.000004  -0.141630 0.179408 -1.035830
122  0.960907 0.000014 0.000000  0.011321 0.147496 -0.728519
123  3.466863 -0.077781 -0.920911  -0.489151 0.120123 -1.700546
124  1.497257 -0.000035 -0.000022  -0.549112 0.298049 -0.924746
125  0.793788 -0.000003 -0.000000  -0.172389 0.328629 -0.676693
126  0.595084 -0.467151 -0.829177  2.481704 0.676581 -0.726815
127  1.555671 0.000016 -0.000003  0.632804 0.516174 1.164726
128  1.136812 -0.000010 0.000003  0.581713 0.458847 1.089745
129  3.075975 -0.667967 1.277702  0.590891 0.295766 -1.438349
130  1.064591 0.000019 0.000013  0.029793 -0.119524 -0.871619
131  0.640362 -0.000019 0.000001  -0.107992 -0.026530 -0.514282
132  3.392415 -0.245368 0.728379  0.123030 0.327192 -1.769239
133  1.532736 -0.000015 -0.000002  0.008433 0.016130 -0.783638
134  0.833153 0.000005 0.000007  -0.080101 -0.067916 -1.013075
135  3.590114 -3.090294 1.193972  1.635457 1.210566 1.548541
136  3.589559 -3.089879 -1.196372  -1.505736 1.210473 -1.592853
137  -0.436556 4.719026 -0.001076  -0.000236 -1.570733 1.692793
138  0.000000 2.775456 -0.000235  -0.135089 0.000001 -0.000000
139  -0.000000 3.189771 0.000008  0.207820 0.000000 0.000000
140  0.000000 3.504648 0.000045  -0.261876 -0.000000 -0.000000
141  -0.000000 2.863203 -0.000002  -0.051268 0.000000 -0.000000
time 2
0  -0.827321 -0.944191 35.738930  1.570862 0.000000 -0.000000
1  0.002636 43.025146 0.734438  0.022222 -0.730052 -0.052589
2  3.061857 -4.181013 -0.610804  -1.487063 -0.370818 -1.069512
3  18.476778 0.000158 -0.000002  -0.001436 -0.060428 0.773878
4  17.490086 0.000118 0.000004  -0.457800 0.162440 -1.469486
5  -3.065329 -4.183571 -0.611479  -1.100257 -0.517973 -1.964873
6  18.474859 -0.000035 -0.000007  0.014893 0.085414 1.123456
7  17.489582 0.001917 -0.000007  0.096536 -0.275580 -1.546086
8  -0.000117 -0.048882 -0.576226  1.569731 0.218248 1.598008
9  3.224475 0.767047 0.000496  -0.145366 0.032749 0.087311
10  3.223907 0.226399 -0.001944  0.263930 -0.039757 0.329661
11  5.187322 -1.262560 -0.001177  0.000012 0.000066 0.194111
12  6.928410 -1.935312 -0.000227  3.114853 -0.017215 0.378503
13  3.236364 1.079611 0.000059  0.560387 0.229017 0.325049
14  0.833762 3.805352 0.692955  -0.040491 0.554886 1.469873
15  0.000035 6.792210 0.000040  0.007990 0.036071 -0.011408
16  -0.000066 7.744817 0.000014  -0.017443 -0.155305 0.068152
17  0.000074 7.809705 0.000018  -0.033636 0.005026 0.006140
18  -0.000025 7.867679 0.000017  -0.073328 -0.127910 0.026376
19  3.494701 -1.749093 -3.006912  0.152545 2.070420 1.936946
20  0.000120 4.478322 0.000021  -0.194659 0.310432 -0.234994
21  0.000048 4.636118 -0.000030  0.035822 0.324593 -0.151768
22  -0.000043 5.008657 0.000015  0.075997 -0.286565 0.276092
23  0.000065 4.781169 0.000008  0.904398 -2.690903 -0.015798
24  2.253045 1.989059 -3.350107  -1.523636 1.324497 0.112396
25  0.000162 6.589466 0.000170  0.206355 -0.002129 -0.080394
26  0.000043 7.491415 0.000042  -0.333512 0.184454 -0.191167
27  0.000022 7.660314 -0.000058  -0.063176 0.127195 -0.062115
28  0.000005 7.256267 0.000018  -0.052938 -0.487830 0.313810
29  -0.791153 2.265121 -1.234656  -0.753901 1.136378 0.824671
30  -0.000256 8.572263 -0.000091  -0.222843 -0.296789 0.176503
31  -0.000095 8.117214 0.000049  0.072256 0.772520 -0.285588
32  -0.000085 8.230034 -0.000074  -0.080491 -0.347232 0.072253
33  0.000062 7.366723 0.000050  -0.015394 -0.663892 0.062741
34  0.224215 0.240126 -3.218158  -0.877395 1.468889 0.577812
35  -0.000102 7.721056 -0.000305  -0.283828 0.060496 -0.167555
36  -0.000031 7.374856 -0.000000  0.007536 -0.195020 0.049540
37  0.000074 6.848103 0.000006  0.005485 0.006496 -0.033650
38  -0.000050 7.777860 0.000009  -0.186096 0.182474 -0.152846
39  -1.514465 2.104650 -1.150167  -0.029092 0.541321 1.555678
40  -0.000168 6.982353 -0.000077  -0.199700 -0.041213 0.153489
41  0.000040 8.382861 -0.000073  0.044866 0.587987 -0.257960
42  0.000013 8.697707 -0.000025  -0.102636 -0.474319 0.290943
43  0.000057 8.921799 -0.000003  -0.076258 0.581004 -0.195604
44  1.196194 2.899155 -2.353086  -0.449718 1.030106 1.287428
45  0.000108 5.476946 0.000006  0.285573 -0.099353 -0.038445
46  -0.000072 6.060430 -0.000091  -0.155020 -0.575032 0.384608
47  0.000017 5.994264 0.000029  0.033940 0.288575 -0.067729
48  -0.000008 6.100486 0.000000  -0.068406 0.299273 -0.162153
49  0.000032 6.916759 0.000010  -0.096317 0.220533 -0.107965
50  0.000147 6.435066 -0.000046  -0.037459 0.171630 -0.116573
51  1.092796 3.649512 -1.738794  -0.148600 0.876612 1.445020
52  -0.000132 6.792207 -0.000101  0.008284 0.107792 -0.048643
53  -0.000086 7.744781 -0.000031  0.057137 -0.256893 0.015458
54  0.000083 9.115019 -0.000039  -0.020393 0.256253 -0.142636
55  3.494519 -1.749101 3.007063  0.118401 1.106975 1.813812
56  0.000013 4.323837 0.000088  -0.229907 -0.770943 0.449224
57  0.000029 4.872894 -0.000019  0.367242 -0.664052 -0.254032
58  0.000004 5.056656 0.000092  -0.511236 0.856586 -0.546323
59  2.292464 1.708615 3.661675  -1.762553 1.789111 -0.218966
60  -0.000173 6.589441 0.000270  -0.007133 -0.169123 0.176906
61  0.000172 7.491504 -0.000149  -0.132413 -0.107098 0.179330
62  -0.000143 8.249660 0.000145  0.041913 -0.058209 0.015814
63  0.000070 8.605235 -0.000025  0.101584 0.501824 -0.079698
64  -0.240489 2.066069 2.349267  -0.357331 2.461715 1.296081
65  -0.000084 7.721108 -0.000005  -0.208229 -0.126223 -0.116495
66  -0.000124 7.374863 -0.000046  -0.111019 0.046939 -0.046464
67  -0.000035 6.848064 -0.000027  0.273532 0.247522 0.299909
68  0.000030 7.777822 -0.000044  0.072921 0.186148 -0.052690
69  -0.000086 8.178051 0.000011  -0.087029 -0.422849 -0.381358
70  1.617605 3.431410 2.399265  -0.249454 2.569516 1.508572
71  -0.000165 5.476943 -0.000029  0.057730 0.074071 0.060285
72  -0.000090 6.060493 -0.000005  -0.015204 0.015650 -0.152065
73  0.000026 5.994245 0.000011  -0.126212 -0.157657 0.153302
74  -0.000076 7.076872 -0.000047  -0.008118 0.010384 0.036400
75  0.000007 7.089869 -0.000070  0.070875 0.098587 -0.025893
76  0.361106 0.886679 3.287746  -0.576372 1.978710 0.939013
77  -0.000065 6.686646 0.000219  -0.146568 0.414164 -0.327707
78  -0.000011 7.638014 0.000013  -0.079524 -0.025947 0.130955
79  -0.000032 7.290229 -0.000022  0.025325 -0.093908 0.023963
80  -0.000035 6.530366 0.000006  -0.261847 -0.300600 0.006735
81  0.000063 7.224883 0.000009  0.036505 0.032480 -0.175823
82  1.071898 3.225797 1.570115  -0.043806 2.859976 1.526248
83  0.000417 6.748897 -0.000066  -0.062702 0.083784 0.022202
84  -0.000045 8.002645 0.000026  -0.067496 -0.117209 -0.115600
85  0.000011 8.580571 -0.000097  0.088213 -0.007188 0.334603
86  0.000168 8.689830 -0.000040  0.065327 -0.412430 -0.134516
87  -1.514533 2.104639 0.318055  -0.024895 3.094491 1.569497
88  0.000192 6.982286 0.000012  -0.107588 -0.057625 -0.215715
89  -0.000009 8.382880 -0.000067  0.135031 -0.099913 0.287073
90  -0.000063 8.697674 0.000024  -0.148090 -0.510100 0.044838
91  -0.000133 8.921824 0.000078  -0.236827 -0.892638 0.098804
92  3.553618 -3.478044 2.409277  0.000818 0.762047 1.535310
93  0.000003 4.476894 -0.000007  -0.151002 -0.588331 0.377259
94  0.000032 4.514116 -0.000023  -0.228865 -2.996200 0.592368
95  0.000043 4.518382 -0.000022  0.143172 2.612778 0.693385
96  0.000024 3.598334 0.000023  -0.749301 0.869852 -0.773231
97  4.209920 -0.440344 1.018824  -2.144129 -2.078070 0.340961
98  4.265505 1.434226 -0.404990  -1.044816 -0.620900 -0.785073
99  9.400236 0.017941 0.083204  0.114126 -0.030830 -2.058224
100  10.242422 0.033592 0.064481  -2.709917 -0.154103 -0.349307
101  3.465857 -0.059679 0.016697  -0.017563 -0.089939 -0.481655
102  1.655595 -0.000018 0.000022  -0.019891 -0.044513 -0.020535
103  0.960774 0.000000 -0.000009  0.053684 0.067643 0.122691
104  3.462029 -0.064246 0.939914  0.327765 -0.271221 -0.408617
105  1.497181 -0.000009 0.000018  -0.487056 0.047266 0.051855
106  0.793761 0.000003 -0.000001  -0.008174 0.004202 -0.107925
107  0.591661 -0.460692 0.835210  -1.037628 -0.670093 -0.729913
108  1.556139 0.000005 -0.000001  -0.314421 0.057738 0.284445
109  1.135904 0.000021 0.000005  0.078209 -0.099875 0.071816
110  3.084268 -0.668822 -1.257082  -0.735746 0.358054 -0.681788
111  1.064202 -0.000002 0.000004  0.023656 0.078359 -0.364584
112  0.640336 0.000007 -0.000008  -0.064222 -0.029588 -0.099883
113  3.396823 -0.242138 -0.708687  -0.419870 0.083282 -0.630529
114  1.532968 0.000006 0.000004  0.021123 0.008501 -0.179932
115  0.832978 -0.000004 -0.000003  -0.050049 -0.014821 -0.217493
116  4.209939 -0.440340 -1.019279  1.059120 2.077551 -0.632631
117  4.266741 1.424946 0.424938  1.029706 0.987827 -0.742366
118  9.398568 0.011951 -0.082511  -0.071480 0.068663 -1.284299
119  10.242440 0.028177 -0.062907  0.029308 0.192585 -0.682389
120  3.465743 -0.067525 0.002269  -0.247689 0.249860 -1.711496
121  1.655560 0.000011 0.000005  -0.141761 0.179430 -1.036909
122  0.960911 0.000001 0.000002  0.011562 0.147281 -0.728554
123  3.466848 -0.077779 -0.920909  -0.488414 0.119876 -1.700737
124  1.497257 -0.000032 -0.000023  -0.549341 0.298220 -0.926013
125  0.793792 -0.000005 0.000000  -0.172152 0.328241 -0.676153
126  0.595074 -0.467149 -0.829175  2.495525 0.678018 -0.723727
127  1.555675 0.000017 -0.000004  0.635838 0.516590 1.168487
128  1.136812 -0.000012 -0.000001  0.587128 0.459747 1.094921
129  3.075966 -0.667965 1.277700  0.589980 0.296603 -1.437565
130  1.064590 0.000019 0.000014  0.030154 -0.119859 -0.874670
131  0.640358 -0.000010 -0.000005  -0.108010 -0.026823 -0.515923
132  3.392407 -0.245367 0.728376  0.121220 0.327766 -1.772243
133  1.532736 -0.000005 -0.000001  0.008375 0.016201 -0.786751
134  0.833147 0.000007 0.000003  -0.079736 -0.068428 -1.018520
135  3.590106 -3.090294 1.193972  1.635457 1.210566 1.548541
136  3.589560 -3.089880 -1.196373  -1.505736 1.210473 -1.592853
137  -0.436559 4.719025 -0.001076  -0.000649 -1.570733 1.692795
138  -0.000001 2.775453 -0.000235  -0.135089 0.000001 -0.000000
139  -0.000000 3.189768 0.000008  0.207820 -0.000000 0.000000
140  0.000000 3.504657 0.000043  -0.261876 0.000000 -0.000000
141  0.000000 2.863201 -0.000003  -0.051268 0.000000 -0.000000
time 3
0  -0.572242 -1.352809 35.259243  1.570862 0.000000 -0.000000
1  0.002636 43.025146 0.734438  0.030927 -0.576217 -0.042882
2  3.061857 -4.181015 -0.610803  -1.497719 -0.515319 -1.087009
3  18.476774 0.000158 -0.000001  -0.004067 -0.067279 0.863561
4  17.490086 0.000117 0.000003  -0.387565 0.282379 -1.496508
5  -3.065330 -4.183574 -0.611479  -1.021885 -0.423516 -2.092664
6  18.474854 -0.000035 -0.000009  0.013854 0.084081 1.102787
7  17.489584 0.001916 -0.000008  0.160114 -0.382215 -1.593186
8  -0.000117 -0.048886 -0.576226  1.506803 0.258865 1.592908
9  3.224478 0.767046 0.000495  -0.284960 0.035213 0.094312
10  3.223913 0.226400 -0.001944  0.319622 -0.055685 0.353713
11  5.187316 -1.262559 -0.001177  0.000012 0.000066 0.194111
12  6.928413 -1.935315 -0.000227  3.074333 0.032652 0.391463
13  3.236367 1.079616 0.000056  0.596306 0.281380 0.355541
14  0.833762 3.805353 0.692955  -0.040491 0.554886 1.469873
15  0.000039 6.792204 0.000040  0.007990 0.036071 -0.011408
16  -0.000071 7.744817 0.000017  -0.017443 -0.155305 0.068152
17  0.000076 7.809699 0.000019  -0.033636 0.005026 0.006140
18  -0.000024 7.867675 0.000017  -0.073328 -0.127910 0.026376
19  3.494695 -1.749095 -3.006912  0.152545 2.070420 1.936946
20  0.000120 4.478321 0.000017  -0.194659 0.310432 -0.234994
21  0.000047 4.636115 -0.000031  0.035822 0.324593 -0.151768
22  -0.000043 5.008655 0.000013  0.075997 -0.286565 0.276092
23  0.000063 4.781164 0.000008  0.904398 -2.690903 -0.015798
24  2.253037 1.989056 -3.350106  -1.523636 1.324497 0.112396
25  0.000161 6.589461 0.000175  0.206355 -0.002129 -0.080394
26  0.000042 7.491409 0.000042  -0.333512 0.184454 -0.191167
27  0.000026 7.660306 -0.000055  -0.063176 0.127195 -0.062115
28  0.000007 7.256268 0.000020  -0.052938 -0.487830 0.313810
29  -0.791162 2.265118 -1.234656  -0.753901 1.136378 0.824671
30  -0.000257 8.572265 -0.000090  -0.222843 -0.296789 0.176503
31  -0.000094 8.117222 0.000048  0.072256 0.772520 -0.285588
32  -0.000084 8.230030 -0.000073  -0.080491 -0.347232 0.072253
33  0.000061 7.366725 0.000053  -0.015394 -0.663892 0.062741
34  0.224211 0.240125 -3.218157  -0.877395 1.468889 0.577812
35  -0.000102 7.721056 -0.000308  -0.283828 0.060496 -0.167555
36  -0.000031 7.374851 -0.000001  0.007536 -0.195020 0.049540
37  0.000072 6.848101 0.000008  0.005485 0.006496 -0.033650
38  -0.000052 7.777855 0.000012  -0.186096 0.182474 -0.152846
39  -1.514468 2.104650 -1.150167  -0.029092 0.541321 1.555678
40  -0.000165 6.982342 -0.000075  -0.199699 -0.041213 0.153489
41  0.000038 8.382861 -0.000072  0.044866 0.587987 -0.257961
42  0.000013 8.697702 -0.000027  -0.102636 -0.474319 0.290943
43  0.000059 8.921800 -0.000004  -0.076258 0.581004 -0.195603
44  1.196192 2.899153 -2.353086  -0.449718 1.030106 1.287428
45  0.000107 5.476940 0.000008  0.285573 -0.099353 -0.038445
46  -0.000077 6.060434 -0.000092  -0.155020 -0.575032 0.384608
47  0.000015 5.994263 0.000030  0.033940 0.288575 -0.067729
48  -0.000009 6.100482 0.000004  -0.068406 0.299273 -0.162153
49  0.000038 6.916750 0.000008  -0.096317 0.220533 -0.107965
50  0.000147 6.435058 -0.000045  -0.037459 0.171630 -0.116573
51  1.092797 3.649513 -1.738794  -0.148600 0.876612 1.445020
52  -0.000127 6.792200 -0.000101  0.008284 0.107792 -0.048643
53  -0.000088 7.744776 -0.000031  0.057137 -0.256893 0.015458
54  0.000088 9.115016 -0.000037  -0.020393 0.256253 -0.142636
55  3.494513 -1.749104 3.007064  0.118401 1.106975 1.813812
56  0.000015 4.323833 0.000086  -0.229907 -0.770943 0.449224
57  0.000029 4.872900 -0.000021  0.367242 -0.664052 -0.254032
58  0.000005 5.056655 0.000093  -0.511236 0.856586 -0.546323
59  2.292463 1.708613 3.661675  -1.762553 1.789111 -0.218966
60  -0.000172 6.589444 0.000274  -0.007133 -0.169123 0.176906
61  0.000173 7.491496 -0.000149  -0.132413 -0.107098 0.179330
62  -0.000140 8.249659 0.000143  0.041913 -0.058209 0.015814
63  0.000073 8.605239 -0.000028  0.101584 0.501824 -0.079698
64  -0.240484 2.066071 2.349266  -0.357331 2.461715 1.296081
65  -0.000083 7.721108 -0.000003  -0.208229 -0.126223 -0.116495
66  -0.000127 7.374864 -0.000046  -0.111019 0.046939 -0.046464
67  -0.000034 6.848070 -0.000026  0.273532 0.247522 0.299909
68  0.000032 7.777818 -0.000044  0.072921 0.186148 -0.052690
69  -0.000082 8.178053 0.000012  -0.087029 -0.422849 -0.381358
70  1.617608 3.431412 2.399264  -0.249454 2.569516 1.508572
71  -0.000167 5.476939 -0.000028  0.057730 0.074071 0.060285
72  -0.000091 6.060493 -0.000007  -0.015204 0.015650 -0.152065
73  0.000025 5.994253 0.000012  -0.126212 -0.157657 0.153302
74  -0.000080 7.076877 -0.000049  -0.008118 0.010384 0.036400
75  0.000004 7.089864 -0.000069  0.070875 0.098587 -0.025893
76  0.361105 0.886678 3.287746  -0.576372 1.978710 0.939013
77  -0.000064 6.686642 0.000224  -0.146568 0.414164 -0.327707
78  -0.000010 7.638025 0.000011  -0.079523 -0.025947 0.130955
79  -0.000031 7.290229 -0.000022  0.025325 -0.093908 0.023963
80  -0.000033 6.530361 0.000006  -0.261847 -0.300600 0.006735
81  0.000062 7.224883 0.000008  0.036505 0.032480 -0.175823
82  1.071893 3.225794 1.570115  -0.043806 2.859976 1.526248
83  0.000413 6.748899 -0.000067  -0.062702 0.083784 0.022202
84  -0.000043 8.002649 0.000027  -0.067496 -0.117209 -0.115600
85  0.000013 8.580576 -0.000098  0.088213 -0.007188 0.334603
86  0.000167 8.689828 -0.000041  0.065327 -0.412430 -0.134516
87  -1.514535 2.104638 0.318055  -0.024895 3.094491 1.569497
88  0.000195 6.982288 0.000012  -0.107588 -0.057625 -0.215715
89  -0.000008 8.382867 -0.000068  0.135031 -0.099913 0.287073
90  -0.000062 8.697667 0.000024  -0.148090 -0.510100 0.044837
91  -0.000135 8.921830 0.000080  -0.236827 -0.892638 0.098804
92  3.553610 -3.478048 2.409276  0.000819 0.762047 1.535310
93  0.000002 4.476900 -0.000009  -0.151002 -0.588331 0.377259
94  0.000030 4.514122 -0.000023  -0.228865 -2.996200 0.592368
95  0.000041 4.518386 -0.000023  0.143172 2.612779 0.693385
96  0.000020 3.598332 0.000021  -0.749301 0.869852 -0.773231
97  4.209922 -0.440346 1.018824  -2.092715 -1.945297 0.314408
98  4.265505 1.434234 -0.404991  -0.969910 -0.911342 -0.878821
99  9.400232 0.017941 0.083200  0.099393 -0.049391 -1.744321
100  10.242419 0.033589 0.064484  -2.733347 -0.275943 -0.319821
101  3.465863 -0.059678 0.016691  -0.025249 -0.060890 -0.380651
102  1.655597 -0.000019 0.000021  -0.027424 -0.028716 0.009136
103  0.960767 -0.000003 -0.000010  0.039652 0.065546 0.112616
104  3.462034 -0.064247 0.939906  0.309828 -0.273238 -0.288890
105  1.497177 -0.000007 0.000021  -0.485583 0.061750 0.104323
106  0.793760 0.000005 0.000004  -0.005040 -0.001066 -0.095342
107  0.591668 -0.460691 0.835204  -1.028288 -0.675361 -0.704105
108  1.556138 -0.000000 -0.000000  -0.286550 0.038055 0.251199
109  1.135901 0.000012 0.000005  0.080385 -0.087382 0.090711
110  3.084273 -0.668821 -1.257085  -0.738504 0.383843 -0.587611
111  1.064204 -0.000003 0.000006  0.022170 0.072378 -0.347256
112  0.640340 0.000008 -0.000010  -0.050707 -0.029835 -0.021328
113  3.396828 -0.242138 -0.708690  -0.435952 0.090662 -0.567033
114  1.532968 0.000007 0.000007  0.017754 0.006865 -0.106402
115  0.832977 0.000001 -0.000000  -0.038362 -0.008589 -0.217153
116  4.209940 -0.440343 -1.019279  1.067206 2.073627 -0.626151
117  4.266745 1.424944 0.424938  1.079665 1.061133 -0.715813
118  9.398568 0.011949 -0.082522  -0.054544 0.071286 -1.062886
119  10.242439 0.028177 -0.062904  0.075712 0.156804 -0.851151
120  3.465749 -0.067528 0.002268  -0.247819 0.249933 -1.711687
121  1.655559 0.000003 0.000005  -0.141768 0.179266 -1.038138
122  0.960909 0.000003 0.000001  0.011376 0.147428 -0.728123
123  3.466857 -0.077782 -0.920911  -0.487838 0.119794 -1.700690
124  1.497260 -0.000027 -0.000023  -0.549614 0.298426 -0.927426
125  0.793788 -0.000010 -0.000000  -0.171760 0.327776 -0.675901
126  0.595080 -0.467151 -0.829177  2.509382 0.679471 -0.720332
127  1.555682 0.000015 -0.000003  0.638850 0.517014 1.172355
128  1.136812 -0.000010 0.000000  0.592237 0.460362 1.100738
129  3.075974 -0.667967 1.277701  0.588916 0.297536 -1.436928
130  1.064594 0.000017 0.000018  0.030307 -0.119795 -0.877472
131  0.640363 -0.000012 -0.000008  -0.108060 -0.026992 -0.517515
132  3.392412 -0.245370 0.728376  0.119209 0.328485 -1.775267
133  1.532737 -0.000006 0.000001  0.008409 0.015981 -0.790072
134  0.833152 0.000001 0.000010  -0.079915 -0.068665 -1.023548
135  3.590104 -3.090294 1.193972  1.635457 1.210566 1.548541
136  3.589553 -3.089879 -1.196373  -1.505736 1.210473 -1.592853
137  -0.436563 4.719026 -0.001076  -0.000355 -1.570733 1.692926
138  0.000001 2.775450 -0.000237  -0.135089 0.000001 -0.000000
139  -0.000000 3.189770 0.000008  0.207820 0.000000 0.000000
140  -0.000001 3.504654 0.000047  -0.261876 -0.000000 0.000000
141  0.000000 2.863196 -0.000002  -0.051268 -0.000000 -0.000000
time 4
0  -0.270250 -1.557117 35.002270  1.570862 0.000000 -0.000000
1  0.002636 43.025146 0.734438  0.040399 -0.424773 -0.032437
2  3.061858 -4.181008 -0.610804  -1.507367 -0.638119 -1.115483
3  18.476778 0.000159 -0.000001  -0.005476 -0.070331 0.904646
4  17.490082 0.000118 0.000002  -0.307972 0.400982 -1.482060
5  -3.065330 -4.183574 -0.611480  -0.965631 -0.290225 -2.176254
6  18.474855 -0.000035 -0.000007  0.010149 0.078793 1.023769
7  17.489584 0.001916 -0.000007  0.222157 -0.480924 -1.626335
8  -0.000117 -0.048885 -0.576226  1.472864 0.285201 1.589369
9  3.224484 0.767047 0.000496  -0.330951 0.042642 0.103634
10  3.223906 0.226399 -0.001944  0.341107 -0.063226 0.364942
11  5.187319 -1.262561 -0.001176  0.000012 0.000066 0.194111
12  6.928410 -1.935315 -0.000227  3.034972 0.082044 0.402137
13  3.236364 1.079617 0.000056  0.558263 0.286282 0.376718
14  0.833761 3.805350 0.692955  -0.040491 0.554886 1.469873
15  0.000040 6.792203 0.000038  0.007990 0.036071 -0.011408
16  -0.000069 7.744813 0.000012  -0.017443 -0.155305 0.068152
17  0.000074 7.809703 0.000018  -0.033636 0.005026 0.006140
18  -0.000026 7.867671 0.000017  -0.073328 -0.127910 0.026376
19  3.494701 -1.749095 -3.006912  0.152545 2.070420 1.936946
20  0.000119 4.478324 0.000020  -0.194659 0.310432 -0.234994
21  0.000049 4.636119 -0.000029  0.035822 0.324593 -0.151768
22  -0.000042 5.008652 0.000013  0.075997 -0.286564 0.276092
23  0.000064 4.781168 0.000009  0.904398 -2.690903 -0.015798
24  2.253036 1.989055 -3.350106  -1.523636 1.324497 0.112396
25  0.000163 6.589460 0.000171  0.206355 -0.002129 -0.080394
26  0.000044 7.491417 0.000044  -0.333512 0.184454 -0.191167
27  0.000027 7.660308 -0.000058  -0.063176 0.127195 -0.062116
28  0.000005 7.256273 0.000020  -0.052938 -0.487830 0.313810
29  -0.791166 2.265114 -1.234655  -0.753901 1.136378 0.824671
30  -0.000255 8.572260 -0.000089  -0.222843 -0.296789 0.176503
31  -0.000090 8.117215 0.000049  0.072256 0.772520 -0.285588
32  -0.000084 8.230034 -0.000070  -0.080491 -0.347232 0.072253
33  0.000055 7.366724 0.000055  -0.015394 -0.663892 0.062742
34  0.224216 0.240126 -3.218158  -0.877395 1.468889 0.577812
35  -0.000102 7.721058 -0.000310  -0.283828 0.060496 -0.167555
36  -0.000030 7.374857 -0.000002  0.007536 -0.195020 0.049540
37  0.000073 6.848106 0.000006  0.005485 0.006496 -0.033650
38  -0.000049 7.777859 0.000009  -0.186096 0.182474 -0.152846
39  -1.514465 2.104648 -1.150167  -0.029092 0.541321 1.555678
40  -0.000168 6.982349 -0.000074  -0.199699 -0.041213 0.153489
41  0.000038 8.382860 -0.000073  0.044866 0.587987 -0.257961
42  0.000014 8.697701 -0.000025  -0.102636 -0.474319 0.290943
43  0.000056 8.921807 -0.000002  -0.076258 0.581004 -0.195603
44  1.196192 2.899153 -2.353086  -0.449718 1.030106 1.287428
45  0.000107 5.476943 0.000006  0.285573 -0.099353 -0.038445
46  -0.000075 6.060438 -0.000088  -0.155020 -0.575032 0.384608
47  0.000019 5.994257 0.000030  0.033940 0.288575 -0.067729
48  -0.000006 6.100483 0.000003  -0.068406 0.299273 -0.162153
49  0.000036 6.916758 0.000008  -0.096317 0.220533 -0.107965
50  0.000146 6.435061 -0.000046  -0.037459 0.171630 -0.116573
51  1.092789 3.649508 -1.738794  -0.148600 0.876612 1.445020
52  -0.000127 6.792198 -0.000101  0.008285 0.107792 -0.048643
53  -0.000086 7.744770 -0.000030  0.057137 -0.256893 0.015458
54  0.000081 9.115020 -0.000035  -0.020393 0.256253 -0.142636
55  3.494517 -1.749103 3.007064  0.118401 1.106975 1.813812
56  0.000014 4.323841 0.000084  -0.229907 -0.770943 0.449224
57  0.000029 4.872894 -0.000021  0.367242 -0.664052 -0.254032
58  0.000003 5.056650 0.000091  -0.511236 0.856586 -0.546323
59  2.292465 1.708613 3.661676  -1.762553 1.789111 -0.218966
60  -0.000173 6.589445 0.000273  -0.007133 -0.169123 0.176906
61  0.000173 7.491497 -0.000154  -0.132413 -0.107098 0.179330
62  -0.000139 8.249660 0.000143  0.041913 -0.058209 0.015814
63  0.000073 8.605234 -0.000027  0.101584 0.501824 -0.079698
64  -0.240493 2.066067 2.349268  -0.357331 2.461715 1.296081
65  -0.000088 7.721105 -0.000002  -0.208229 -0.126223 -0.116495
66  -0.000120 7.374863 -0.000046  -0.111019 0.046939 -0.046464
67  -0.000038 6.848057 -0.000027  0.273532 0.247522 0.299909
68  0.000035 7.777825 -0.000044  0.072921 0.186148 -0.052690
69  -0.000085 8.178055 0.000011  -0.087029 -0.422849 -0.381358
70  1.617600 3.431406 2.399266  -0.249454 2.569516 1.508572
71  -0.000160 5.476943 -0.000029  0.057730 0.074071 0.060285
72  -0.000087 6.060493 -0.000005  -0.015204 0.015650 -0.152066
73  0.000023 5.994255 0.000012  -0.126212 -0.157657 0.153302
74  -0.000082 7.076877 -0.000046  -0.008118 0.010384 0.036400
75  0.000008 7.089868 -0.000069  0.070875 0.098587 -0.025893
76  0.361116 0.886681 3.287745  -0.576372 1.978710 0.939013
77  -0.000066 6.686644 0.000219  -0.146568 0.414164 -0.327707
78  -0.000009 7.638020 0.000012  -0.079523 -0.025947 0.130955
79  -0.000032 7.290231 -0.000021  0.025325 -0.093908 0.023963
80  -0.000034 6.530365 0.000003  -0.261847 -0.300601 0.006735
81  0.000062 7.224882 0.000010  0.036505 0.032480 -0.175823
82  1.071898 3.225795 1.570115  -0.043806 2.859976 1.526248
83  0.000418 6.748903 -0.000067  -0.062702 0.083784 0.022202
84  -0.000045 8.002647 0.000027  -0.067496 -0.117209 -0.115600
85  0.000015 8.580574 -0.000098  0.088213 -0.007188 0.334603
86  0.000175 8.689832 -0.000043  0.065327 -0.412430 -0.134516
87  -1.514534 2.104638 0.318055  -0.024895 3.094491 1.569497
88  0.000193 6.982284 0.000011  -0.107588 -0.057625 -0.215715
89  -0.000008 8.382873 -0.000067  0.135031 -0.099913 0.287073
90  -0.000062 8.697672 0.000023  -0.148090 -0.510100 0.044838
91  -0.000135 8.921824 0.000079  -0.236827 -0.892638 0.098804
92  3.553612 -3.478050 2.409277  0.000819 0.762047 1.535310
93  0.000001 4.476897 -0.000007  -0.151002 -0.588331 0.377259
94  0.000031 4.514119 -0.000023  -0.228865 -2.996200 0.592368
95  0.000044 4.518379 -0.000022  0.143172 2.612779 0.693385
96  0.000026 3.598323 0.000026  -0.749301 0.869852 -0.773231
97  4.209920 -0.440348 1.018824  -2.002284 -1.814824 0.238922
98  4.265506 1.434237 -0.404993  -0.782145 -1.212207 -1.038266
99  9.400237 0.017940 0.083202  0.078003 -0.063213 -1.406476
100  10.242420 0.033591 0.064483  -2.837539 -0.376110 -0.336583
101  3.465863 -0.059678 0.016689  -0.029973 -0.031773 -0.281725
102  1.655596 -0.000023 0.000023  -0.034344 -0.013055 0.038119
103  0.960770 -0.000002 -0.000011  0.025931 0.063836 0.102680
104  3.462035 -0.064247 0.939905  0.292049 -0.273205 -0.171101
105  1.497176 -0.000007 0.000020  -0.483552 0.075931 0.155679
106  0.793761 0.000003 -0.000005  -0.002017 -0.005865 -0.082969
107  0.591667 -0.460692 0.835206  -1.019363 -0.680703 -0.678784
108  1.556139 -0.000004 0.000002  -0.258577 0.019509 0.218226
109  1.135905 0.000024 0.000004  0.082695 -0.075178 0.109362
110  3.084275 -0.668821 -1.257087  -0.738710 0.409261 -0.494321
111  1.064197 -0.000005 0.000003  0.020605 0.066622 -0.329990
112  0.640341 0.000007 -0.000009  -0.037468 -0.031069 0.055816
113  3.396827 -0.242138 -0.708693  -0.451327 0.098871 -0.504795
114  1.532965 0.000009 0.000006  0.014264 0.005653 -0.034070
115  0.832966 -0.000010 -0.000002  -0.026850 -0.002415 -0.216744
116  4.209939 -0.440343 -1.019279  1.075221 2.069650 -0.619715
117  4.266744 1.424939 0.424937  1.274522 1.061853 -0.564818
118  9.398563 0.011946 -0.082522  -0.046995 0.071245 -0.965512
119  10.242439 0.028173 -0.062908  0.094695 0.134480 -0.947471
120  3.465750 -0.067525 0.002271  -0.248265 0.250277 -1.711765
121  1.655561 0.000008 0.000006  -0.142110 0.179482 -1.039069
122  0.960907 0.000009 0.000000  0.011416 0.147392 -0.727938
123  3.466860 -0.077781 -0.920906  -0.487180 0.119616 -1.700763
124  1.497261 -0.000032 -0.000022  -0.550143 0.298970 -0.928439
125  0.793792 -0.000003 -0.000000  -0.171548 0.327522 -0.675245
126  0.595082 -0.467151 -0.829173  2.523293 0.680867 -0.717034
127  1.555676 0.000017 -0.000004  0.641862 0.517405 1.176157
128  1.136811 -0.000010 0.000000  0.597515 0.461147 1.106233
129  3.075976 -0.667967 1.277702  0.587912 0.298429 -1.436235
130  1.064594 0.000022 0.000012  0.030581 -0.119930 -0.880419
131  0.640360 -0.000013 -0.000003  -0.108117 -0.027217 -0.519125
132  3.392415 -0.245367 0.728379  0.117284 0.329130 -1.778336
133  1.532736 -0.000007 -0.000004  0.008236 0.016262 -0.793051
134  0.833154 0.000001 0.000003  -0.079800 -0.069063 -1.028795
135  3.590110 -3.090294 1.193972  1.635457 1.210566 1.548541
136  3.589557 -3.089880 -1.196372  -1.505736 1.210473 -1.592853
137  -0.436560 4.719025 -0.001076  -0.000709 -1.570733 1.692873
138  0.000000 2.775449 -0.000237  -0.135089 0.000001 -0.000000
139  0.000000 3.189771 0.000007  0.207820 -0.000000 0.000000
140  -0.000000 3.504649 0.000048  -0.261876 0.000000 -0.000000
141  -0.000000 2.863197 -0.000002  -0.051268 -0.000000 -0.000000
time 5
0  0.128497 -1.415069 35.059380  1.570862 0.000000 -0.000000
1  0.002636 43.025146 0.734438  0.049651 -0.282736 -0.021343
2  3.061857 -4.181013 -0.610804  -1.510786 -0.730471 -1.159065
3  18.476774 0.000160 -0.000003  -0.004862 -0.069039 0.887162
4  17.490084 0.000117 0.000004  -0.217077 0.509205 -1.415500
5  -3.065330 -4.183575 -0.611480  -0.916192 -0.130331 -2.214734
6  18.474857 -0.000032 -0.000008  0.004319 0.068028 0.873907
7  17.489586 0.001917 -0.000006  0.268096 -0.577131 -1.622407
8  -0.000117 -0.048882 -0.576226  1.464382 0.300526 1.588788
9  3.224486 0.767049 0.000495  -0.292637 0.054910 0.115994
10  3.223910 0.226399 -0.001944  0.332686 -0.062538 0.366845
11  5.187325 -1.262560 -0.001177  0.000012 0.000066 0.194111
12  6.928412 -1.935313 -0.000227  2.999139 0.128210 0.409800
13  3.236364 1.079610 0.000057  0.459060 0.247793 0.388590
14  0.833756 3.805350 0.692956  -0.040491 0.554886 1.469873
15  0.000043 6.792206 0.000042  0.007990 0.036071 -0.011408
16  -0.000067 7.744818 0.000015  -0.017443 -0.155305 0.068153
17  0.000072 7.809705 0.000017  -0.033636 0.005026 0.006140
18  -0.000026 7.867671 0.000018  -0.073328 -0.127910 0.026376
19  3.494694 -1.749096 -3.006911  0.152545 2.070420 1.936946
20  0.000121 4.478320 0.000017  -0.194659 0.310432 -0.234994
21  0.000049 4.636121 -0.000030  0.035821 0.324593 -0.151768
22  -0.000042 5.008653 0.000015  0.075997 -0.286565 0.276092
23  0.000064 4.781162 0.000012  0.904398 -2.690904 -0.015798
24  2.253037 1.989057 -3.350106  -1.523636 1.324497 0.112396
25  0.000162 6.589466 0.000172  0.206355 -0.002129 -0.080394
26  0.000041 7.491416 0.000039  -0.333512 0.184454 -0.191168
27  0.000025 7.660299 -0.000056  -0.063176 0.127195 -0.062116
28  0.000007 7.256270 0.000018  -0.052938 -0.487830 0.313810
29  -0.791160 2.265117 -1.234656  -0.753901 1.136378 0.824671
30  -0.000258 8.572259 -0.000093  -0.222843 -0.296789 0.176503
31  -0.000096 8.117215 0.000047  0.072256 0.772520 -0.285588
32  -0.000083 8.230032 -0.000067  -0.080491 -0.347232 0.072253
33  0.000062 7.366724 0.000052  -0.015394 -0.663892 0.062741
34  0.224214 0.240125 -3.218157  -0.877395 1.468889 0.577812
35  -0.000102 7.721055 -0.000309  -0.283828 0.060496 -0.167555
36  -0.000029 7.374850 -0.000001  0.007536 -0.195020 0.049540
37  0.000076 6.848103 0.000005  0.005485 0.006496 -0.033650
38  -0.000051 7.777866 0.000007  -0.186096 0.182474 -0.152846
39  -1.514466 2.104648 -1.150167  -0.029092 0.541321 1.555678
40  -0.000170 6.982347 -0.000077  -0.199699 -0.041213 0.153489
41  0.000038 8.382865 -0.000073  0.044866 0.587987 -0.257961
42  0.000012 8.697704 -0.000025  -0.102636 -0.474319 0.290943
43  0.000056 8.921799 -0.000004  -0.076258 0.581004 -0.195603
44  1.196196 2.899154 -2.353086  -0.449718 1.030106 1.287428
45  0.000104 5.476940 0.000007  0.285573 -0.099353 -0.038445
46  -0.000071 6.060433 -0.000091  -0.155020 -0.575032 0.384608
47  0.000019 5.994263 0.000030  0.033940 0.288575 -0.067729
48  -0.000006 6.100484 0.000001  -0.068406 0.299273 -0.162153
49  0.000035 6.916758 0.000009  -0.096317 0.220533 -0.107965
50  0.000152 6.435057 -0.000046  -0.037458 0.171630 -0.116573
51  1.092802 3.649514 -1.738795  -0.148600 0.876612 1.445020
52  -0.000129 6.792202 -0.000101  0.008284 0.107792 -0.048643
53  -0.000087 7.744772 -0.000031  0.057137 -0.256893 0.015458
54  0.000086 9.115025 -0.000037  -0.020393 0.256253 -0.142636
55  3.494511 -1.749107 3.007064  0.118401 1.106975 1.813812
56  0.000013 4.323839 0.000087  -0.229907 -0.770943 0.449224
57  0.000029 4.872902 -0.000022  0.367242 -0.664052 -0.254032
58  0.000006 5.056650 0.000091  -0.511236 0.856586 -0.546323
59  2.292464 1.708613 3.661676  -1.762553 1.789111 -0.218966
60  -0.000173 6.589437 0.000274  -0.007133 -0.169123 0.176906
61  0.000173 7.491498 -0.000149  -0.132413 -0.107097 0.179330
62  -0.000137 8.249662 0.000142  0.041913 -0.058209 0.015814
63  0.000070 8.605234 -0.000024  0.101584 0.501824 -0.079698
64  -0.240489 2.066072 2.349267  -0.357331 2.461715 1.296081
65  -0.000085 7.721106 -0.000002  -0.208229 -0.126223 -0.116495
66  -0.000124 7.374865 -0.000047  -0.111019 0.046939 -0.046464
67  -0.000037 6.848057 -0.000025  0.273532 0.247522 0.299909
68  0.000037 7.777829 -0.000044  0.072921 0.186148 -0.052690
69  -0.000082 8.178053 0.000011  -0.087029 -0.422849 -0.381358
70  1.617602 3.431408 2.399266  -0.249454 2.569516 1.508572
71  -0.000165 5.476947 -0.000031  0.057730 0.074071 0.060285
72  -0.000090 6.060490 -0.000007  -0.015204 0.015650 -0.152065
73  0.000025 5.994244 0.000011  -0.126212 -0.157657 0.153302
74  -0.000080 7.076868 -0.000046  -0.008118 0.010384 0.036400
75  0.000005 7.089863 -0.000072  0.070875 0.098587 -0.025893
76  0.361113 0.886682 3.287745  -0.576372 1.978710 0.939013
77  -0.000066 6.686639 0.000223  -0.146568 0.414164 -0.327707
78  -0.000010 7.638021 0.000012  -0.079523 -0.025947 0.130955
79  -0.000035 7.290222 -0.000023  0.025325 -0.093908 0.023963
80  -0.000035 6.530363 0.000006  -0.261847 -0.300601 0.006735
81  0.000064 7.224881 0.000009  0.036505 0.032480 -0.175823
82  1.071894 3.225795 1.570115  -0.043806 2.859976 1.526248
83  0.000416 6.748902 -0.000067  -0.062702 0.083784 0.022202
84  -0.000046 8.002637 0.000028  -0.067496 -0.117209 -0.115600
85  0.000011 8.580572 -0.000097  0.088213 -0.007188 0.334603
86  0.000173 8.689832 -0.000041  0.065327 -0.412430 -0.134516
87  -1.514536 2.104638 0.318055  -0.024895 3.094491 1.569497
88  0.000192 6.982284 0.000012  -0.107588 -0.057625 -0.215715
89  -0.000009 8.382877 -0.000067  0.135031 -0.099913 0.287073
90  -0.000060 8.697675 0.000024  -0.148090 -0.510100 0.044838
91  -0.000134 8.921829 0.000078  -0.236827 -0.892638 0.098804
92  3.553613 -3.478046 2.409277  0.000819 0.762047 1.535310
93  0.000002 4.476901 -0.000011  -0.151002 -0.588331 0.377259
94  0.000032 4.514118 -0.000023  -0.228865 -2.996200 0.592368
95  0.000042 4.518386 -0.000022  0.143172 2.612778 0.693384
96  0.000022 3.598327 0.000023  -0.749301 0.869852 -0.773231
97  4.209925 -0.440345 1.018824  -1.766185 -1.697497 0.008506
98  4.265505 1.434232 -0.404991  0.215867 -1.445130 -1.970009
99  9.400233 0.017941 0.083207  0.056168 -0.068914 -1.107318
100  10.242422 0.033594 0.064477  -2.981981 -0.445514 -0.361713
101  3.465862 -0.059679 0.016697  -0.031754 -0.004411 -0.189846
102  1.655589 -0.000021 0.000027  -0.040415 0.001799 0.065020
103  0.960775 -0.000003 -0.000006  0.013116 0.062049 0.093537
104  3.462034 -0.064246 0.939914  0.275621 -0.271311 -0.061607
105  1.497182 -0.000009 0.000019  -0.480911 0.088949 0.203737
106  0.793762 0.000003 0.000002  0.000736 -0.010391 -0.071431
107  0.591668 -0.460693 0.835209  -1.011136 -0.685874 -0.655230
108  1.556139 0.000006 -0.000000  -0.232035 0.003089 0.187127
109  1.135905 0.000019 0.000005  0.085136 -0.063851 0.126722
110  3.084275 -0.668822 -1.257082  -0.736508 0.432895 -0.406514
111  1.064202 -0.000012 0.000004  0.019025 0.061352 -0.313930
112  0.640336 0.000006 -0.000008  -0.025270 -0.033086 0.127631
113  3.396828 -0.242139 -0.708686  -0.465092 0.107351 -0.446917
114  1.532969 0.000006 0.000005  0.010991 0.004836 0.033259
115  0.832975 -0.000005 -0.000000  -0.016139 0.003249 -0.216326
116  4.209946 -0.440343 -1.019278  1.083527 2.065762 -0.613045
117  4.266744 1.424946 0.424939  1.512778 0.945186 -0.375235
118  9.398564 0.011945 -0.082518  -0.053408 0.071326 -1.048224
119  10.242440 0.028170 -0.062908  0.089134 0.142627 -0.940193
120  3.465751 -0.067525 0.002268  -0.248552 0.250482 -1.711916
121  1.655561 0.000002 0.000005  -0.142284 0.179517 -1.040151
122  0.960907 0.000005 -0.000002  0.011455 0.147355 -0.727752
123  3.466861 -0.077780 -0.920910  -0.486522 0.119437 -1.700835
124  1.497260 -0.000037 -0.000021  -0.550493 0.299240 -0.929682
125  0.793790 -0.000004 0.000003  -0.171329 0.327223 -0.674628
126  0.595085 -0.467150 -0.829178  2.537225 0.682228 -0.713708
127  1.555669 0.000019 -0.000004  0.644876 0.517786 1.179961
128  1.136811 -0.000007 0.000002  0.602802 0.461863 1.111783
129  3.075978 -0.667967 1.277700  0.586909 0.299323 -1.435544
130  1.064592 0.000021 0.000013  0.030855 -0.120065 -0.883366
131  0.640361 -0.000020 -0.000004  -0.108173 -0.027442 -0.520733
132  3.392418 -0.245368 0.728376  0.115357 0.329769 -1.781407
133  1.532739 -0.000008 0.000001  0.008148 0.016387 -0.796170
134  0.833154 0.000005 0.000006  -0.079723 -0.069415 -1.034047
135  3.590113 -3.090295 1.193971  1.635457 1.210566 1.548541
136  3.589563 -3.089880 -1.196373  -1.505736 1.210473 -1.592853
137  -0.436558 4.719026 -0.001077  -0.000236 -1.570733 1.692935
138  -0.000000 2.775456 -0.000236  -0.135089 0.000001 0.000000
139  -0.000001 3.189774 0.000008  0.207820 -0.000000 0.000000
140  0.000001 3.504652 0.000044  -0.261876 0.000000 -0.000000
141  -0.000000 2.863206 -0.000003  -0.051268 -0.000000 0.000000
time 6
0  0.594680 -1.029792 35.344917  1.570862 0.000000 -0.000000
1  0.002636 43.025146 0.734438  0.057379 -0.156818 -0.009946
2  3.061857 -4.181014 -0.610804  -1.502707 -0.788049 -1.218175
3  18.476774 0.000158 0.000000  -0.002847 -0.064324 0.824502
4  17.490084 0.000118 0.000006  -0.118058 0.597886 -1.309380
5  -3.065330 -4.183576 -0.611480  -0.923096 -0.076150 -2.186826
6  18.474855 -0.000034 -0.000008  0.002698 0.064141 0.822420
7  17.489584 0.001915 -0.000007  0.322453 -0.471096 -1.607764
8  -0.000117 -0.048881 -0.576226  1.464069 0.313616 1.589392
9  3.224483 0.767048 0.000495  -0.222298 0.069620 0.130854
10  3.223914 0.226400 -0.001945  0.313755 -0.058832 0.367103
11  5.187327 -1.262560 -0.001177  0.000012 0.000066 0.194111
12  6.928407 -1.935313 -0.000226  2.968604 0.168222 0.414049
13  3.236370 1.079608 0.000057  0.342425 0.197645 0.398846
14  0.833762 3.805351 0.692956  -0.040491 0.554886 1.469873
15  0.000043 6.792204 0.000039  0.007990 0.036071 -0.011408
16  -0.000066 7.744817 0.000016  -0.017443 -0.155305 0.068152
17  0.000069 7.809704 0.000017  -0.033636 0.005026 0.006140
18  -0.000026 7.867673 0.000016  -0.073328 -0.127910 0.026376
19  3.494701 -1.749093 -3.006911  0.152545 2.070420 1.936946
20  0.000118 4.478320 0.000019  -0.194659 0.310432 -0.234994
21  0.000047 4.636119 -0.000028  0.035821 0.324593 -0.151768
22  -0.000042 5.008655 0.000014  0.075997 -0.286564 0.276092
23  0.000064 4.781159 0.000010  0.904398 -2.690903 -0.015798
24  2.253049 1.989059 -3.350106  -1.523636 1.324497 0.112396
25  0.000165 6.589463 0.000170  0.206355 -0.002129 -0.080394
26  0.000044 7.491415 0.000044  -0.333512 0.184454 -0.191167
27  0.000027 7.660301 -0.000056  -0.063176 0.127195 -0.062116
28  0.000006 7.256271 0.000021  -0.052938 -0.487830 0.313810
29  -0.791151 2.265118 -1.234655  -0.753901 1.136378 0.824671
30  -0.000257 8.572260 -0.000092  -0.222843 -0.296789 0.176503
31  -0.000094 8.117212 0.000047  0.072256 0.772520 -0.285588
32  -0.000080 8.230032 -0.000068  -0.080491 -0.347232 0.072253
33  0.000054 7.366729 0.000055  -0.015394 -0.663892 0.062741
34  0.224226 0.240129 -3.218157  -0.877395 1.468889 0.577812
35  -0.000100 7.721052 -0.000308  -0.283828 0.060496 -0.167555
36  -0.000030 7.374849 -0.000003  0.007536 -0.195020 0.049540
37  0.000076 6.848103 0.000006  0.005485 0.006496 -0.033650
38  -0.000051 7.777857 0.000010  -0.186096 0.182474 -0.152846
39  -1.514455 2.104651 -1.150167  -0.029092 0.541321 1.555678
40  -0.000168 6.982348 -0.000075  -0.199699 -0.041213 0.153489
41  0.000043 8.382865 -0.000072  0.044866 0.587987 -0.257961
42  0.000010 8.697702 -0.000028  -0.102636 -0.474319 0.290943
43  0.000058 8.921803 -0.000003  -0.076258 0.581004 -0.195603
44  1.196195 2.899153 -2.353085  -0.449718 1.030106 1.287428
45  0.000107 5.476943 0.000008  0.285573 -0.099353 -0.038445
46  -0.000074 6.060432 -0.000092  -0.155020 -0.575032 0.384608
47  0.000016 5.994267 0.000030  0.033940 0.288575 -0.067729
48  -0.000009 6.100490 -0.000000  -0.068406 0.299273 -0.162153
49  0.000035 6.916757 0.000007  -0.096317 0.220533 -0.107965
50  0.000149 6.435058 -0.000047  -0.037459 0.171630 -0.116573
51  1.092806 3.649514 -1.738794  -0.148600 0.876612 1.445020
52  -0.000126 6.792198 -0.000103  0.008285 0.107792 -0.048643
53  -0.000088 7.744778 -0.000032  0.057137 -0.256893 0.015458
54  0.000085 9.115029 -0.000038  -0.020393 0.256253 -0.142636
55  3.494519 -1.749104 3.007065  0.118401 1.106975 1.813812
56  0.000014 4.323837 0.000087  -0.229907 -0.770943 0.449224
57  0.000028 4.872897 -0.000021  0.367242 -0.664052 -0.254032
58  0.000002 5.056653 0.000094  -0.511236 0.856586 -0.546323
59  2.292477 1.708618 3.661674  -1.762553 1.789111 -0.218966
60  -0.000172 6.589442 0.000275  -0.007133 -0.169123 0.176906
61  0.000174 7.491493 -0.000150  -0.132413 -0.107097 0.179330
62  -0.000139 8.249660 0.000141  0.041913 -0.058209 0.015814
63  0.000073 8.605239 -0.000025  0.101584 0.501824 -0.079698
64  -0.240479 2.066072 2.349267  -0.357330 2.461715 1.296081
65  -0.000085 7.721107 -0.000003  -0.208229 -0.126223 -0.116495
66  -0.000125 7.374863 -0.000046  -0.111019 0.046939 -0.046464
67  -0.000035 6.848063 -0.000025  0.273532 0.247522 0.299909
68  0.000033 7.777821 -0.000044  0.072921 0.186148 -0.052690
69  -0.000085 8.178051 0.000009  -0.087029 -0.422849 -0.381358
70  1.617608 3.431408 2.399266  -0.249454 2.569516 1.508572
71  -0.000161 5.476942 -0.000032  0.057730 0.074072 0.060285
72  -0.000093 6.060500 -0.000005  -0.015204 0.015650 -0.152065
73  0.000026 5.994252 0.000011  -0.126212 -0.157657 0.153302
74  -0.000079 7.076874 -0.000047  -0.008118 0.010385 0.036400
75  0.000006 7.089870 -0.000068  0.070875 0.098587 -0.025893
76  0.361118 0.886682 3.287746  -0.576372 1.978710 0.939013
77  -0.000067 6.686641 0.000221  -0.146568 0.414164 -0.327707
78  -0.000011 7.638022 0.000012  -0.079523 -0.025947 0.130955
79  -0.000031 7.290234 -0.000021  0.025325 -0.093908 0.023963
80  -0.000033 6.530375 0.000003  -0.261847 -0.300601 0.006735
81  0.000064 7.224885 0.000008  0.036505 0.032480 -0.175823
82  1.071899 3.225794 1.570116  -0.043806 2.859976 1.526248
83  0.000415 6.748905 -0.000068  -0.062702 0.083784 0.022202
84  -0.000047 8.002647 0.000026  -0.067496 -0.117209 -0.115600
85  0.000011 8.580569 -0.000098  0.088213 -0.007188 0.334603
86  0.000164 8.689831 -0.000041  0.065327 -0.412430 -0.134516
87  -1.514531 2.104638 0.318056  -0.024895 3.094491 1.569497
88  0.000192 6.982282 0.000010  -0.107588 -0.057625 -0.215715
89  -0.000009 8.382868 -0.000068  0.135031 -0.099913 0.287073
90  -0.000057 8.697674 0.000022  -0.148090 -0.510100 0.044837
91  -0.000135 8.921825 0.000080  -0.236827 -0.892638 0.098804
92  3.553627 -3.478041 2.409277  0.000819 0.762047 1.535310
93  0.000002 4.476900 -0.000004  -0.151002 -0.588331 0.377259
94  0.000030 4.514121 -0.000022  -0.228865 -2.996200 0.592368
95  0.000041 4.518382 -0.000021  0.143172 2.612779 0.693385
96  0.000021 3.598327 0.000025  -0.749301 0.869852 -0.773231
97  4.209918 -0.440346 1.018825  -0.749647 -1.628962 -1.009431
98  4.265505 1.434222 -0.404992  -1.486425 -1.806214 -0.196882
99  9.400236 0.017942 0.083204  0.040005 -0.068903 -0.893437
100  10.242419 0.033590 0.064486  -3.130769 -0.486929 -0.377055
101  3.465856 -0.059679 0.016692  -0.031241 0.019457 -0.110004
102  1.655591 -0.000022 0.000022  -0.045327 0.014823 0.088330
103  0.960767 -0.000003 -0.000008  0.002060 0.060458 0.085597
104  3.462028 -0.064247 0.939910  0.261562 -0.268306 0.033455
105  1.497179 -0.000009 0.000017  -0.478189 0.100234 0.245567
106  0.793761 0.000004 0.000004  0.003022 -0.014336 -0.061428
107  0.591662 -0.460693 0.835205  -1.003982 -0.690452 -0.634700
108  1.556140 0.000004 -0.000001  -0.208577 -0.010507 0.159779
109  1.135904 0.000019 0.000003  0.087294 -0.053985 0.141792
110  3.084269 -0.668824 -1.257083  -0.732707 0.453200 -0.329343
111  1.064208 -0.000005 0.000006  0.017641 0.056814 -0.299966
112  0.640338 0.000013 -0.000008  -0.014826 -0.035604 0.190046
113  3.396822 -0.242140 -0.708688  -0.476667 0.115368 -0.396655
114  1.532970 0.000002 0.000009  0.008150 0.004310 0.091815
115  0.832974 -0.000009 0.000001  -0.006814 0.008227 -0.215860
116  4.209941 -0.440343 -1.019277  1.091846 2.061827 -0.606255
117  4.266743 1.424942 0.424938  1.653616 0.781700 -0.269151
118  9.398575 0.011953 -0.082511  -0.065576 0.070015 -1.206188
119  10.242440 0.028174 -0.062906  0.066113 0.178562 -0.879882
120  3.465743 -0.067526 0.002270  -0.248838 0.250686 -1.712067
121  1.655561 0.000004 0.000005  -0.142457 0.179552 -1.041232
122  0.960915 0.000005 -0.000000  0.011495 0.147318 -0.727566
123  3.466853 -0.077779 -0.920907  -0.485865 0.119259 -1.700908
124  1.497259 -0.000034 -0.000023  -0.550844 0.299511 -0.930924
125  0.793790 -0.000014 -0.000000  -0.171050 0.326877 -0.674111
126  0.595078 -0.467150 -0.829174  2.551177 0.683553 -0.710353
127  1.555674 0.000018 -0.000005  0.647892 0.518156 1.183768
128  1.136810 -0.000012 0.000001  0.608095 0.462553 1.117338
129  3.075974 -0.667964 1.277702  0.585906 0.300217 -1.434852
130  1.064591 0.000022 0.000003  0.031129 -0.120198 -0.886313
131  0.640362 -0.000012 -0.000004  -0.108229 -0.027668 -0.522341
132  3.392408 -0.245367 0.728380  0.113427 0.330402 -1.784480
133  1.532736 -0.000006 0.000000  0.008090 0.016458 -0.799291
134  0.833155 0.000007 0.000004  -0.079558 -0.069774 -1.039310
135  3.590116 -3.090295 1.193972  1.635457 1.210566 1.548541
136  3.589561 -3.089879 -1.196372  -1.505736 1.210473 -1.592853
137  -0.436556 4.719026 -0.001076  0.000000 -1.570733 1.693195
138  0.000001 2.775450 -0.000236  -0.135089 0.000001 -0.000000
139  0.000001 3.189773 0.000008  0.207820 -0.000000 0.000000
140  -0.000001 3.504656 0.000045  -0.261876 0.000000 -0.000000
141  0.000000 2.863206 -0.000002  -0.051268 -0.000000 -0.000000
time 7
0  1.031544 -0.640627 35.693264  1.570862 0.000000 -0.000000
1  0.002636 43.025146 0.734438  0.061999 -0.054052 0.000912
2  3.061858 -4.181013 -0.610804  -1.485885 -0.812239 -1.282451
3  18.476774 0.000160 -0.000001  -0.000691 -0.058067 0.743631
4  17.490086 0.000118 0.000001  -0.021950 0.662849 -1.193041
5  -3.065330 -4.183576 -0.611480  -0.927146 -0.025709 -2.159564
6  18.474854 -0.000032 -0.000007  0.001032 0.059411 0.761134
7  17.489584 0.001916 -0.000006  0.362068 -0.385649 -1.576944
8  -0.000117 -0.048880 -0.576226  1.470284 0.324411 1.591130
9  3.224484 0.767048 0.000495  -0.128340 0.084548 0.148350
10  3.223909 0.226399 -0.001944  0.286794 -0.052902 0.365478
11  5.187324 -1.262562 -0.001177  0.000012 0.000066 0.194111
12  6.928407 -1.935312 -0.000228  2.945677 0.199220 0.414870
13  3.236367 1.079615 0.000057  0.217315 0.141521 0.406309
14  0.833756 3.805352 0.692956  -0.040491 0.554886 1.469873
15  0.000040 6.792205 0.000041  0.007990 0.036071 -0.011408
16  -0.000065 7.744816 0.000014  -0.017443 -0.155305 0.068153
17  0.000071 7.809702 0.000018  -0.033636 0.005026 0.006140
18  -0.000028 7.867674 0.000017  -0.073328 -0.127910 0.026376
19  3.494693 -1.749095 -3.006911  0.152545 2.070420 1.936946
20  0.000119 4.478326 0.000018  -0.194659 0.310432 -0.234994
21  0.000049 4.636114 -0.000029  0.035821 0.324593 -0.151768
22  -0.000040 5.008647 0.000013  0.075997 -0.286565 0.276092
23  0.000065 4.781166 0.000010  0.904398 -2.690903 -0.015798
24  2.253038 1.989058 -3.350106  -1.523636 1.324497 0.112396
25  0.000159 6.589461 0.000168  0.206355 -0.002129 -0.080394
26  0.000043 7.491418 0.000046  -0.333512 0.184454 -0.191168
27  0.000026 7.660301 -0.000055  -0.063176 0.127195 -0.062116
28  0.000005 7.256270 0.000020  -0.052938 -0.487830 0.313810
29  -0.791166 2.265117 -1.234655  -0.753901 1.136378 0.824671
30  -0.000257 8.572264 -0.000092  -0.222843 -0.296789 0.176503
31  -0.000098 8.117211 0.000047  0.072256 0.772520 -0.285588
32  -0.000083 8.230036 -0.000071  -0.080491 -0.347232 0.072253
33  0.000066 7.366721 0.000054  -0.015394 -0.663892 0.062741
34  0.224208 0.240125 -3.218157  -0.877395 1.468889 0.577812
35  -0.000101 7.721058 -0.000308  -0.283828 0.060496 -0.167555
36  -0.000033 7.374848 -0.000003  0.007536 -0.195020 0.049540
37  0.000074 6.848107 0.000006  0.005485 0.006496 -0.033650
38  -0.000050 7.777863 0.000008  -0.186096 0.182474 -0.152846
39  -1.514476 2.104646 -1.150166  -0.029092 0.541321 1.555678
40  -0.000168 6.982348 -0.000076  -0.199699 -0.041213 0.153489
41  0.000039 8.382857 -0.000072  0.044866 0.587987 -0.257961
42  0.000011 8.697704 -0.000024  -0.102636 -0.474319 0.290943
43  0.000057 8.921800 -0.000003  -0.076258 0.581004 -0.195603
44  1.196185 2.899152 -2.353085  -0.449718 1.030106 1.287428
45  0.000104 5.476943 0.000005  0.285573 -0.099353 -0.038445
46  -0.000073 6.060439 -0.000090  -0.155020 -0.575032 0.384608
47  0.000021 5.994263 0.000029  0.033940 0.288575 -0.067729
48  -0.000008 6.100487 0.000000  -0.068406 0.299273 -0.162153
49  0.000035 6.916757 0.000010  -0.096317 0.220533 -0.107965
50  0.000150 6.435063 -0.000044  -0.037459 0.171630 -0.116573
51  1.092792 3.649513 -1.738794  -0.148600 0.876612 1.445020
52  -0.000123 6.792194 -0.000101  0.008284 0.107792 -0.048643
53  -0.000089 7.744779 -0.000033  0.057137 -0.256893 0.015458
54  0.000083 9.115011 -0.000040  -0.020393 0.256253 -0.142636
55  3.494506 -1.749107 3.007065  0.118401 1.106975 1.813812
56  0.000016 4.323841 0.000083  -0.229907 -0.770943 0.449224
57  0.000029 4.872897 -0.000021  0.367242 -0.664052 -0.254032
58  0.000006 5.056650 0.000094  -0.511236 0.856586 -0.546323
59  2.292462 1.708615 3.661676  -1.762553 1.789111 -0.218966
60  -0.000172 6.589440 0.000271  -0.007133 -0.169123 0.176906
61  0.000174 7.491497 -0.000146  -0.132413 -0.107098 0.179330
62  -0.000141 8.249664 0.000142  0.041913 -0.058209 0.015814
63  0.000072 8.605234 -0.000028  0.101584 0.501824 -0.079698
64  -0.240494 2.066071 2.349268  -0.357330 2.461715 1.296081
65  -0.000084 7.721101 -0.000003  -0.208229 -0.126223 -0.116495
66  -0.000122 7.374872 -0.000047  -0.111019 0.046939 -0.046464
67  -0.000035 6.848063 -0.000024  0.273532 0.247522 0.299909
68  0.000036 7.777824 -0.000044  0.072921 0.186148 -0.052690
69  -0.000084 8.178053 0.000014  -0.087029 -0.422849 -0.381358
70  1.617601 3.431411 2.399265  -0.249454 2.569516 1.508572
71  -0.000161 5.476953 -0.000029  0.057730 0.074072 0.060285
72  -0.000098 6.060491 -0.000006  -0.015204 0.015650 -0.152065
73  0.000024 5.994249 0.000010  -0.126212 -0.157657 0.153302
74  -0.000080 7.076872 -0.000045  -0.008118 0.010384 0.036400
75  0.000004 7.089870 -0.000072  0.070875 0.098587 -0.025893
76  0.361104 0.886680 3.287748  -0.576372 1.978710 0.939013
77  -0.000067 6.686651 0.000219  -0.146568 0.414164 -0.327707
78  -0.000012 7.638018 0.000011  -0.079523 -0.025948 0.130955
79  -0.000034 7.290228 -0.000022  0.025325 -0.093908 0.023963
80  -0.000033 6.530367 0.000008  -0.261847 -0.300600 0.006735
81  0.000063 7.224879 0.000007  0.036505 0.032480 -0.175823
82  1.071888 3.225796 1.570115  -0.043806 2.859976 1.526248
83  0.000417 6.748910 -0.000066  -0.062702 0.083784 0.022202
84  -0.000044 8.002650 0.000027  -0.067496 -0.117209 -0.115600
85  0.000013 8.580570 -0.000097  0.088213 -0.007188 0.334603
86  0.000167 8.689827 -0.000041  0.065327 -0.412430 -0.134516
87  -1.514543 2.104636 0.318056  -0.024895 3.094491 1.569497
88  0.000193 6.982279 0.000012  -0.107588 -0.057625 -0.215715
89  -0.000009 8.382876 -0.000068  0.135031 -0.099913 0.287073
90  -0.000059 8.697666 0.000024  -0.148090 -0.510100 0.044838
91  -0.000135 8.921824 0.000082  -0.236827 -0.892638 0.098804
92  3.553610 -3.478046 2.409278  0.000819 0.762047 1.535310
93  0.000000 4.476899 -0.000009  -0.151002 -0.588331 0.377259
94  0.000031 4.514126 -0.000024  -0.228865 -2.996200 0.592368
95  0.000041 4.518381 -0.000022  0.143172 2.612778 0.693384
96  0.000024 3.598329 0.000025  -0.749301 0.869852 -0.773231
97  4.209918 -0.440345 1.018822  0.269397 -1.669855 -2.033648
98  4.265507 1.434234 -0.404994  -1.194366 -1.977849 -0.425573
99  9.400233 0.017941 0.083210  0.030229 -0.067197 -0.762275
100  10.242420 0.033589 0.064487  3.030697 -0.508951 -0.385990
101  3.465858 -0.059678 0.016690  -0.029494 0.038087 -0.047330
102  1.655594 -0.000022 0.000023  -0.048968 0.025093 0.106581
103  0.960767 -0.000003 -0.000003  -0.006610 0.059116 0.079366
104  3.462031 -0.064246 0.939903  0.250834 -0.265049 0.108006
105  1.497177 -0.000010 0.000025  -0.475661 0.108935 0.278447
106  0.793760 0.000000 0.000001  0.004777 -0.017384 -0.053601
107  0.591664 -0.460692 0.835202  -0.998543 -0.694172 -0.618548
108  1.556140 0.000004 0.000001  -0.189993 -0.020727 0.138121
109  1.135905 0.000013 0.000005  0.089132 -0.046363 0.153689
110  3.084272 -0.668821 -1.257092  -0.728517 0.468924 -0.268182
111  1.064207 -0.000001 0.000006  0.016486 0.053274 -0.288931
112  0.640336 0.000008 -0.000012  -0.006782 -0.038025 0.239002
113  3.396825 -0.242137 -0.708692  -0.485515 0.122078 -0.357250
114  1.532973 0.000009 0.000001  0.005822 0.003993 0.137778
115  0.832974 -0.000005 -0.000005  0.000440 0.012052 -0.215493
116  4.209939 -0.440342 -1.019279  1.100408 2.057968 -0.599295
117  4.266747 1.424939 0.424938  1.735558 0.614554 -0.224406
118  9.398567 0.011950 -0.082511  -0.077793 0.066664 -1.369696
119  10.242439 0.028179 -0.062908  0.032882 0.222504 -0.811480
120  3.465751 -0.067525 0.002271  -0.249125 0.250891 -1.712219
121  1.655563 0.000003 0.000005  -0.142630 0.179586 -1.042312
122  0.960911 0.000001 -0.000000  0.011535 0.147282 -0.727380
123  3.466860 -0.077780 -0.920907  -0.485207 0.119080 -1.700982
124  1.497259 -0.000032 -0.000022  -0.551190 0.299817 -0.932159
125  0.793789 -0.000007 0.000002  -0.170772 0.326532 -0.673594
126  0.595086 -0.467151 -0.829176  2.565150 0.684841 -0.706973
127  1.555677 0.000014 -0.000002  0.650910 0.518516 1.187576
128  1.136813 -0.000011 0.000000  0.613350 0.463202 1.122850
129  3.075979 -0.667966 1.277704  0.584903 0.301112 -1.434162
130  1.064593 0.000017 0.000012  0.031404 -0.120332 -0.889260
131  0.640360 -0.000009 -0.000005  -0.108284 -0.027893 -0.523950
132  3.392418 -0.245368 0.728378  0.111496 0.331030 -1.787555
133  1.532738 -0.000008 -0.000003  0.007949 0.016552 -0.802413
134  0.833152 0.000007 0.000005  -0.079479 -0.070126 -1.044576
135  3.590115 -3.090297 1.193972  1.635457 1.210566 1.548541
136  3.589561 -3.089881 -1.196373  -1.505736 1.210473 -1.592853
137  -0.436555 4.719024 -0.001076  -0.000310 -1.570733 1.692751
138  0.000000 2.775459 -0.000236  -0.135089 0.000001 -0.000000
139  -0.000001 3.189772 0.000007  0.207820 -0.000000 0.000000
140  0.000000 3.504650 0.000045  -0.261876 0.000000 -0.000000
141  -0.000001 2.863203 -0.000003  -0.051268 0.000000 -0.000000
time 8
0  1.339401 -0.483023 35.938812  1.570862 0.000000 -0.000000
1  0.002636 43.025146 0.734438  0.061740 0.018706 0.010267
2  3.061857 -4.181012 -0.610804  -1.470905 -0.815740 -1.335687
3  18.476776 0.000156 -0.000001  0.000561 -0.053394 0.684544
4  17.490086 0.000118 0.000003  0.055505 0.706109 -1.105597
5  -3.065329 -4.183574 -0.611479  -0.930561 0.021413 -2.138764
6  18.474857 -0.000034 -0.000008  -0.000196 0.055155 0.707008
7  17.489582 0.001916 -0.000008  0.391096 -0.327622 -1.550609
8  -0.000117 -0.048881 -0.576226  1.481330 0.332954 1.593668
9  3.224478 0.767045 0.000496  -0.019164 0.097698 0.168031
10  3.223907 0.226399 -0.001945  0.254513 -0.045579 0.361677
11  5.187327 -1.262560 -0.001176  0.000012 0.000066 0.194111
12  6.928407 -1.935315 -0.000227  2.932559 0.218286 0.412264
13  3.236371 1.079611 0.000055  0.092089 0.085397 0.407809
14  0.833758 3.805349 0.692956  -0.040491 0.554886 1.469873
15  0.000039 6.792202 0.000041  0.007990 0.036071 -0.011408
16  -0.000067 7.744818 0.000017  -0.017443 -0.155305 0.068152
17  0.000076 7.809701 0.000017  -0.033636 0.005026 0.006140
18  -0.000026 7.867674 0.000018  -0.073328 -0.127910 0.026376
19  3.494701 -1.749092 -3.006912  0.152545 2.070420 1.936946
20  0.000120 4.478317 0.000020  -0.194659 0.310432 -0.234994
21  0.000047 4.636116 -0.000029  0.035822 0.324593 -0.151768
22  -0.000042 5.008649 0.000014  0.075997 -0.286565 0.276092
23  0.000064 4.781160 0.000010  0.904398 -2.690904 -0.015798
24  2.253038 1.989057 -3.350106  -1.523636 1.324497 0.112396
25  0.000162 6.589468 0.000170  0.206355 -0.002129 -0.080394
26  0.000042 7.491415 0.000045  -0.333512 0.184454 -0.191168
27  0.000029 7.660308 -0.000055  -0.063176 0.127195 -0.062115
28  0.000005 7.256271 0.000022  -0.052938 -0.487830 0.313810
29  -0.791155 2.265121 -1.234656  -0.753901 1.136378 0.824671
30  -0.000258 8.572260 -0.000089  -0.222843 -0.296789 0.176503
31  -0.000094 8.117213 0.000049  0.072256 0.772520 -0.285588
32  -0.000085 8.230034 -0.000071  -0.080491 -0.347232 0.072253
33  0.000060 7.366723 0.000054  -0.015394 -0.663892 0.062741
34  0.224221 0.240130 -3.218158  -0.877395 1.468889 0.577812
35  -0.000101 7.721050 -0.000307  -0.283828 0.060496 -0.167555
36  -0.000031 7.374850 -0.000005  0.007536 -0.195020 0.049540
37  0.000073 6.848103 0.000006  0.005485 0.006496 -0.033650
38  -0.000049 7.777856 0.000011  -0.186096 0.182474 -0.152846
39  -1.514467 2.104649 -1.150167  -0.029092 0.541321 1.555678
40  -0.000165 6.982340 -0.000076  -0.199699 -0.041213 0.153489
41  0.000037 8.382864 -0.000073  0.044866 0.587987 -0.257960
42  0.000013 8.697699 -0.000026  -0.102636 -0.474319 0.290943
43  0.000057 8.921810 -0.000003  -0.076258 0.581004 -0.195603
44  1.196191 2.899153 -2.353086  -0.449718 1.030106 1.287428
45  0.000106 5.476940 0.000006  0.285573 -0.099353 -0.038445
46  -0.000072 6.060433 -0.000090  -0.155020 -0.575032 0.384608
47  0.000017 5.994264 0.000029  0.033940 0.288575 -0.067729
48  -0.000006 6.100491 -0.000000  -0.068406 0.299273 -0.162153
49  0.000036 6.916757 0.000009  -0.096317 0.220533 -0.107965
50  0.000150 6.435061 -0.000046  -0.037459 0.171630 -0.116573
51  1.092794 3.649513 -1.738793  -0.148600 0.876612 1.445020
52  -0.000129 6.792202 -0.000103  0.008284 0.107792 -0.048643
53  -0.000089 7.744773 -0.000032  0.057137 -0.256893 0.015458
54  0.000085 9.115025 -0.000036  -0.020393 0.256253 -0.142636
55  3.494514 -1.749104 3.007064  0.118401 1.106975 1.813812
56  0.000015 4.323835 0.000087  -0.229907 -0.770943 0.449224
57  0.000029 4.872900 -0.000021  0.367242 -0.664052 -0.254032
58  0.000003 5.056645 0.000090  -0.511236 0.856586 -0.546323
59  2.292463 1.708613 3.661676  -1.762553 1.789111 -0.218966
60  -0.000173 6.589443 0.000270  -0.007133 -0.169123 0.176906
61  0.000173 7.491497 -0.000148  -0.132413 -0.107098 0.179330
62  -0.000139 8.249657 0.000145  0.041913 -0.058209 0.015814
63  0.000072 8.605236 -0.000029  0.101584 0.501824 -0.079698
64  -0.240487 2.066072 2.349268  -0.357330 2.461715 1.296081
65  -0.000083 7.721102 -0.000004  -0.208229 -0.126223 -0.116495
66  -0.000124 7.374856 -0.000045  -0.111019 0.046939 -0.046464
67  -0.000035 6.848063 -0.000027  0.273532 0.247522 0.299909
68  0.000038 7.777828 -0.000043  0.072921 0.186148 -0.052690
69  -0.000082 8.178051 0.000011  -0.087029 -0.422849 -0.381358
70  1.617607 3.431410 2.399265  -0.249454 2.569516 1.508572
71  -0.000163 5.476935 -0.000030  0.057730 0.074072 0.060285
72  -0.000093 6.060498 -0.000005  -0.015204 0.015650 -0.152066
73  0.000025 5.994251 0.000010  -0.126212 -0.157657 0.153302
74  -0.000080 7.076865 -0.000049  -0.008118 0.010384 0.036400
75  0.000003 7.089868 -0.000071  0.070875 0.098587 -0.025893
76  0.361105 0.886679 3.287747  -0.576372 1.978710 0.939013
77  -0.000065 6.686646 0.000223  -0.146568 0.414164 -0.327707
78  -0.000010 7.638023 0.000015  -0.079523 -0.025947 0.130955
79  -0.000034 7.290229 -0.000021  0.025325 -0.093908 0.023963
80  -0.000034 6.530366 0.000004  -0.261847 -0.300601 0.006735
81  0.000064 7.224886 0.000009  0.036505 0.032480 -0.175823
82  1.071894 3.225795 1.570116  -0.043806 2.859976 1.526248
83  0.000413 6.748898 -0.000066  -0.062702 0.083784 0.022202
84  -0.000047 8.002640 0.000027  -0.067496 -0.117209 -0.115600
85  0.000012 8.580574 -0.000098  0.088213 -0.007188 0.334603
86  0.000170 8.689830 -0.000041  0.065327 -0.412430 -0.134516
87  -1.514536 2.104638 0.318056  -0.024895 3.094491 1.569497
88  0.000193 6.982282 0.000011  -0.107588 -0.057625 -0.215715
89  -0.000006 8.382880 -0.000068  0.135031 -0.099913 0.287073
90  -0.000060 8.697672 0.000024  -0.148090 -0.510100 0.044838
91  -0.000134 8.921820 0.000081  -0.236827 -0.892638 0.098804
92  3.553613 -3.478046 2.409278  0.000819 0.762047 1.535310
93  -0.000000 4.476898 -0.000006  -0.151002 -0.588331 0.377259
94  0.000030 4.514122 -0.000022  -0.228865 -2.996200 0.592368
95  0.000045 4.518384 -0.000024  0.143172 2.612778 0.693385
96  0.000021 3.598331 0.000023  -0.749301 0.869852 -0.773231
97  4.209915 -0.440347 1.018823  0.485170 -1.717485 -2.254675
98  4.265504 1.434226 -0.404991  -1.056506 -2.057733 -0.533287
99  9.400234 0.017942 0.083201  0.033647 -0.067944 -0.808485
100  10.242421 0.033589 0.064477  2.950628 -0.508943 -0.339512
101  3.465853 -0.059678 0.016693  -0.027732 0.049965 -0.006908
102  1.655593 -0.000022 0.000020  -0.051197 0.031742 0.118287
103  0.960774 -0.000003 0.000000  -0.012158 0.058205 0.075328
104  3.462029 -0.064245 0.939904  0.244015 -0.262551 0.155917
105  1.497176 -0.000008 0.000021  -0.473917 0.114520 0.299629
106  0.793757 0.000004 -0.000006  0.005949 -0.019345 -0.048540
107  0.591663 -0.460690 0.835202  -0.994968 -0.696595 -0.608191
108  1.556142 0.000002 0.000000  -0.177861 -0.027075 0.124038
109  1.135904 0.000017 0.000003  0.090393 -0.041423 0.161280
110  3.084269 -0.668821 -1.257088  -0.725153 0.478933 -0.228469
111  1.064205 -0.000008 0.000004  0.015722 0.050980 -0.281899
112  0.640349 0.000014 -0.000010  -0.001625 -0.039785 0.270494
113  3.396821 -0.242138 -0.708690  -0.491052 0.126570 -0.331882
114  1.532968 0.000007 0.000004  0.004324 0.003802 0.167334
115  0.832969 -0.000009 -0.000005  0.005172 0.014526 -0.215255
116  4.209938 -0.440343 -1.019279  1.108998 2.054127 -0.592154
117  4.266745 1.424938 0.424939  1.772019 0.465472 -0.223630
118  9.398569 0.011949 -0.082515  -0.090138 0.060893 -1.545601
119  10.242437 0.028179 -0.062909  -0.012836 0.267222 -0.722684
120  3.465748 -0.067524 0.002271  -0.249412 0.251095 -1.712370
121  1.655563 0.000006 0.000006  -0.142804 0.179621 -1.043394
122  0.960910 0.000010 0.000001  0.011575 0.147246 -0.727194
123  3.466854 -0.077780 -0.920905  -0.484549 0.118902 -1.701055
124  1.497258 -0.000040 -0.000023  -0.551537 0.300122 -0.933393
125  0.793787 -0.000005 -0.000001  -0.170500 0.326160 -0.673144
126  0.595080 -0.467149 -0.829173  2.579143 0.686092 -0.703565
127  1.555668 0.000016 -0.000001  0.653931 0.518867 1.191387
128  1.136812 -0.000010 -0.000001  0.618610 0.463826 1.128368
129  3.075974 -0.667966 1.277705  0.583901 0.302007 -1.433473
130  1.064590 0.000019 0.000009  0.031679 -0.120463 -0.892207
131  0.640361 -0.000016 -0.000004  -0.108339 -0.028119 -0.525559
132  3.392418 -0.245369 0.728378  0.109561 0.331652 -1.790632
133  1.532735 -0.000013 -0.000000  0.007860 0.016675 -0.805538
134  0.833153 0.000004 0.000004  -0.079378 -0.070500 -1.049818
135  3.590111 -3.090295 1.193972  1.635457 1.210566 1.548541
136  3.589566 -3.089880 -1.196373  -1.505736 1.210473 -1.592853
137  -0.436556 4.719026 -0.001076  -0.000354 -1.570733 1.692835
138  -0.000001 2.775460 -0.000238  -0.135089 0.000001 0.000000
139  -0.000001 3.189771 0.000007  0.207820 -0.000000 0.000000
140  0.000000 3.504653 0.000048  -0.261876 0.000000 -0.000000
141  0.000001 2.863201 -0.000002  -0.051268 0.000000 -0.000000
time 9
0  1.518250 -0.642600 36.070141  1.570862 0.000000 -0.000000
1  0.002636 43.025146 0.734438  0.057601 0.069926 0.018058
2  3.061857 -4.181010 -0.610804  -1.462134 -0.813016 -1.375417
3  18.476776 0.000161 -0.000001  0.000955 -0.051638 0.662575
4  17.490086 0.000116 0.000005  0.114560 0.737299 -1.057889
5  -3.065330 -4.183573 -0.611480  -0.934111 0.071060 -2.121117
6  18.474854 -0.000035 -0.000007  -0.001116 0.051206 0.657489
7  17.489582 0.001916 -0.000008  0.414132 -0.289562 -1.533115
8  -0.000117 -0.048880 -0.576226  1.495420 0.339178 1.596711
9  3.224480 0.767047 0.000495  0.096630 0.107596 0.189038
10  3.223912 0.226399 -0.001945  0.219444 -0.037813 0.355439
11  5.187318 -1.262560 -0.001176  0.000012 0.000066 0.194111
12  6.928408 -1.935316 -0.000227  2.926557 0.228681 0.407487
13  3.236368 1.079618 0.000057  -0.029541 0.030033 0.405716
14  0.833759 3.805350 0.692954  -0.040491 0.554886 1.469873
15  0.000037 6.792201 0.000041  0.007990 0.036071 -0.011408
16  -0.000063 7.744815 0.000016  -0.017443 -0.155305 0.068152
17  0.000074 7.809703 0.000017  -0.033636 0.005026 0.006140
18  -0.000027 7.867676 0.000017  -0.073328 -0.127910 0.026376
19  3.494692 -1.749097 -3.006912  0.152545 2.070420 1.936946
20  0.000120 4.478323 0.000018  -0.194659 0.310432 -0.234994
21  0.000048 4.636119 -0.000028  0.035821 0.324593 -0.151768
22  -0.000043 5.008652 0.000014  0.075997 -0.286564 0.276092
23  0.000065 4.781160 0.000012  0.904398 -2.690903 -0.015798
24  2.253033 1.989056 -3.350107  -1.523636 1.324497 0.112396
25  0.000162 6.589463 0.000169  0.206355 -0.002129 -0.080394
26  0.000041 7.491406 0.000044  -0.333512 0.184454 -0.191168
27  0.000025 7.660302 -0.000056  -0.063176 0.127195 -0.062116
28  0.000007 7.256271 0.000018  -0.052938 -0.487830 0.313810
29  -0.791162 2.265118 -1.234656  -0.753901 1.136378 0.824671
30  -0.000255 8.572261 -0.000089  -0.222843 -0.296789 0.176503
31  -0.000092 8.117214 0.000047  0.072256 0.772520 -0.285588
32  -0.000082 8.230032 -0.000076  -0.080491 -0.347232 0.072253
33  0.000057 7.366724 0.000057  -0.015394 -0.663892 0.062742
34  0.224212 0.240124 -3.218159  -0.877395 1.468889 0.577812
35  -0.000100 7.721050 -0.000307  -0.283828 0.060496 -0.167555
36  -0.000033 7.374854 -0.000001  0.007536 -0.195020 0.049540
37  0.000074 6.848104 0.000005  0.005485 0.006496 -0.033650
38  -0.000051 7.777867 0.000011  -0.186096 0.182474 -0.152846
39  -1.514470 2.104648 -1.150168  -0.029092 0.541321 1.555678
40  -0.000168 6.982349 -0.000077  -0.199699 -0.041213 0.153489
41  0.000039 8.382860 -0.000072  0.044866 0.587987 -0.257961
42  0.000013 8.697703 -0.000026  -0.102636 -0.474319 0.290943
43  0.000057 8.921809 -0.000002  -0.076258 0.581004 -0.195604
44  1.196191 2.899155 -2.353087  -0.449718 1.030106 1.287428
45  0.000107 5.476941 0.000006  0.285573 -0.099353 -0.038445
46  -0.000074 6.060431 -0.000088  -0.155020 -0.575032 0.384609
47  0.000018 5.994262 0.000029  0.033940 0.288575 -0.067729
48  -0.000006 6.100490 0.000002  -0.068406 0.299273 -0.162153
49  0.000032 6.916757 0.000010  -0.096317 0.220533 -0.107965
50  0.000148 6.435057 -0.000040  -0.037459 0.171630 -0.116573
51  1.092792 3.649509 -1.738795  -0.148600 0.876612 1.445020
52  -0.000130 6.792202 -0.000105  0.008284 0.107792 -0.048643
53  -0.000088 7.744773 -0.000031  0.057137 -0.256893 0.015458
54  0.000083 9.115025 -0.000037  -0.020393 0.256253 -0.142636
55  3.494514 -1.749105 3.007063  0.118401 1.106975 1.813812
56  0.000015 4.323844 0.000088  -0.229907 -0.770943 0.449224
57  0.000028 4.872900 -0.000021  0.367242 -0.664052 -0.254032
58  0.000004 5.056656 0.000093  -0.511236 0.856586 -0.546323
59  2.292468 1.708614 3.661674  -1.762553 1.789111 -0.218966
60  -0.000174 6.589433 0.000277  -0.007133 -0.169123 0.176906
61  0.000174 7.491496 -0.000149  -0.132413 -0.107098 0.179330
62  -0.000139 8.249658 0.000141  0.041913 -0.058209 0.015814
63  0.000072 8.605237 -0.000025  0.101584 0.501824 -0.079698
64  -0.240487 2.066071 2.349266  -0.357330 2.461715 1.296081
65  -0.000085 7.721105 -0.000003  -0.208229 -0.126223 -0.116495
66  -0.000127 7.374857 -0.000046  -0.111019 0.046939 -0.046464
67  -0.000036 6.848059 -0.000026  0.273532 0.247522 0.299909
68  0.000035 7.777827 -0.000043  0.072921 0.186148 -0.052690
69  -0.000086 8.178051 0.000011  -0.087029 -0.422849 -0.381358
70  1.617605 3.431409 2.399265  -0.249454 2.569516 1.508572
71  -0.000164 5.476938 -0.000030  0.057730 0.074072 0.060285
72  -0.000092 6.060492 -0.000005  -0.015204 0.015650 -0.152066
73  0.000027 5.994264 0.000010  -0.126212 -0.157657 0.153302
74  -0.000078 7.076876 -0.000046  -0.008118 0.010385 0.036400
75  0.000006 7.089876 -0.000070  0.070875 0.098587 -0.025893
76  0.361108 0.886680 3.287745  -0.576372 1.978710 0.939013
77  -0.000064 6.686643 0.000217  -0.146568 0.414164 -0.327707
78  -0.000011 7.638023 0.000013  -0.079523 -0.025947 0.130955
79  -0.000033 7.290234 -0.000021  0.025325 -0.093908 0.023963
80  -0.000033 6.530369 0.000006  -0.261847 -0.300601 0.006735
81  0.000063 7.224881 0.000008  0.036505 0.032480 -0.175823
82  1.071894 3.225794 1.570115  -0.043806 2.859976 1.526248
83  0.000412 6.748900 -0.000066  -0.062702 0.083784 0.022202
84  -0.000051 8.002645 0.000026  -0.067496 -0.117209 -0.115600
85  0.000013 8.580576 -0.000098  0.088213 -0.007188 0.334603
86  0.000167 8.689830 -0.000040  0.065327 -0.412430 -0.134516
87  -1.514533 2.104640 0.318054  -0.024895 3.094491 1.569497
88  0.000192 6.982286 0.000011  -0.107588 -0.057625 -0.215715
89  -0.000008 8.382874 -0.000068  0.135031 -0.099913 0.287073
90  -0.000060 8.697676 0.000023  -0.148090 -0.510100 0.044837
91  -0.000136 8.921821 0.000080  -0.236827 -0.892638 0.098804
92  3.553609 -3.478050 2.409276  0.000819 0.762047 1.535310
93  0.000001 4.476896 -0.000007  -0.151002 -0.588331 0.377259
94  0.000032 4.514119 -0.000023  -0.228865 -2.996200 0.592368
95  0.000043 4.518386 -0.000022  0.143172 2.612778 0.693384
96  0.000021 3.598329 0.000024  -0.749301 0.869852 -0.773231
97  4.209918 -0.440347 1.018822  0.555571 -1.747807 -2.328936
98  4.265506 1.434240 -0.404992  -0.938447 -2.065938 -0.656281
99  9.400236 0.017940 0.083205  0.047639 -0.069338 -0.994469
100  10.242419 0.033592 0.064480  2.899777 -0.493148 -0.245382
101  3.465855 -0.059679 0.016697  -0.026468 0.057072 0.017333
102  1.655594 -0.000023 0.000019  -0.052550 0.035778 0.125299
103  0.960762 -0.000003 -0.000004  -0.015520 0.057669 0.072965
104  3.462030 -0.064248 0.939910  0.240060 -0.260852 0.184539
105  1.497179 -0.000008 0.000013  -0.472793 0.117846 0.312310
106  0.793758 0.000002 -0.000000  0.006579 -0.020593 -0.045485
107  0.591664 -0.460693 0.835207  -0.992957 -0.698025 -0.601943
108  1.556137 0.000007 0.000001  -0.170510 -0.030764 0.115578
109  1.135903 0.000014 0.000004  0.091179 -0.038468 0.165825
110  3.084270 -0.668822 -1.257082  -0.723003 0.484789 -0.204664
111  1.064202 -0.000002 0.000004  0.015250 0.049647 -0.277602
112  0.640334 0.000005 -0.000007  0.001384 -0.040929 0.289321
113  3.396825 -0.242140 -0.708686  -0.494336 0.129339 -0.316732
114  1.532966 0.000003 0.000006  0.003421 0.003744 0.185034
115  0.832978 -0.000004 -0.000006  0.007970 0.016023 -0.215095
116  4.209939 -0.440342 -1.019281  1.117782 2.050371 -0.584860
117  4.266746 1.424939 0.424940  1.774273 0.345834 -0.249556
118  9.398567 0.011950 -0.082517  -0.101764 0.052641 -1.729596
119  10.242438 0.028181 -0.062908  -0.077956 0.311020 -0.613514
120  3.465747 -0.067525 0.002267  -0.249698 0.251299 -1.712522
121  1.655561 0.000011 0.000006  -0.142977 0.179655 -1.044474
122  0.960905 0.000005 -0.000001  0.011614 0.147209 -0.727008
123  3.466850 -0.077778 -0.920910  -0.483891 0.118723 -1.701128
124  1.497262 -0.000031 -0.000022  -0.551884 0.300428 -0.934628
125  0.793794 -0.000011 0.000002  -0.170312 0.325897 -0.672581
126  0.595073 -0.467148 -0.829176  2.593156 0.687307 -0.700132
127  1.555671 0.000015 -0.000004  0.656953 0.519207 1.195199
128  1.136813 -0.000012 -0.000005  0.623956 0.464444 1.133977
129  3.075971 -0.667965 1.277700  0.582899 0.302904 -1.432785
130  1.064590 0.000019 0.000012  0.031960 -0.120625 -0.895212
131  0.640361 -0.000017 -0.000010  -0.108394 -0.028345 -0.527167
132  3.392412 -0.245366 0.728375  0.107624 0.332269 -1.793710
133  1.532739 -0.000007 0.000003  0.007802 0.016745 -0.808666
134  0.833149 0.000006 0.000011  -0.079275 -0.070875 -1.055060
135  3.590111 -3.090296 1.193973  1.635457 1.210566 1.548541
136  3.589558 -3.089881 -1.196371  -1.505736 1.210473 -1.592853
137  -0.436561 4.719024 -0.001075  -0.000768 -1.570733 1.692983
138  -0.000001 2.775455 -0.000236  -0.135089 0.000001 0.000000
139  0.000000 3.189773 0.000008  0.207820 -0.000000 0.000000
140  -0.000000 3.504654 0.000046  -0.261876 0.000000 -0.000000
141  -0.000000 2.863203 -0.000003  -0.051268 -0.000000 -0.000000
time 10
0  1.629663 -0.973419 36.190029  1.570862 0.000000 -0.000000
1  0.002636 43.025146 0.734438  0.052152 0.112858 0.025137
2  3.061858 -4.181017 -0.610803  -1.457448 -0.806493 -1.407771
3  18.476776 0.000163 -0.000001  0.001072 -0.051080 0.655611
4  17.490082 0.000116 0.000005  0.166848 0.764440 -1.026918
5  -3.065329 -4.183577 -0.611480  -0.936554 0.126517 -2.100647
6  18.474854 -0.000034 -0.000009  -0.001935 0.046577 0.600072
7  17.489582 0.001916 -0.000007  0.433769 -0.258927 -1.514848
8  -0.000117 -0.048883 -0.576226  1.510874 0.343081 1.599942
9  3.224487 0.767047 0.000495  0.210550 0.113236 0.209878
10  3.223904 0.226398 -0.001944  0.184172 -0.030455 0.346711
11  5.187322 -1.262559 -0.001176  0.000012 0.000066 0.194111
12  6.928407 -1.935315 -0.000228  2.923244 0.235757 0.401949
13  3.236362 1.079611 0.000058  -0.145997 -0.024534 0.404614
14  0.833762 3.805350 0.692956  -0.040491 0.554886 1.469873
15  0.000044 6.792210 0.000040  0.007990 0.036071 -0.011408
16  -0.000066 7.744816 0.000014  -0.017443 -0.155305 0.068152
17  0.000072 7.809711 0.000017  -0.033636 0.005026 0.006140
18  -0.000025 7.867669 0.000019  -0.073328 -0.127910 0.026376
19  3.494706 -1.749094 -3.006911  0.152545 2.070420 1.936946
20  0.000119 4.478321 0.000016  -0.194659 0.310432 -0.234994
21  0.000048 4.636120 -0.000029  0.035821 0.324593 -0.151768
22  -0.000043 5.008649 0.000015  0.075997 -0.286564 0.276092
23  0.000063 4.781164 0.000012  0.904398 -2.690904 -0.015798
24  2.253043 1.989056 -3.350106  -1.523636 1.324497 0.112396
25  0.000161 6.589469 0.000169  0.206355 -0.002129 -0.080394
26  0.000042 7.491414 0.000041  -0.333512 0.184454 -0.191168
27  0.000027 7.660301 -0.000056  -0.063176 0.127195 -0.062115
28  0.000004 7.256269 0.000015  -0.052938 -0.487830 0.313810
29  -0.791154 2.265118 -1.234655  -0.753901 1.136378 0.824671
30  -0.000254 8.572263 -0.000089  -0.222843 -0.296789 0.176503
31  -0.000097 8.117211 0.000048  0.072256 0.772520 -0.285588
32  -0.000081 8.230036 -0.000072  -0.080491 -0.347232 0.072253
33  0.000059 7.366724 0.000057  -0.015394 -0.663892 0.062741
34  0.224222 0.240127 -3.218157  -0.877395 1.468889 0.577812
35  -0.000102 7.721051 -0.000313  -0.283828 0.060496 -0.167555
36  -0.000031 7.374856 -0.000003  0.007536 -0.195020 0.049540
37  0.000073 6.848107 0.000005  0.005485 0.006496 -0.033650
38  -0.000051 7.777864 0.000009  -0.186096 0.182474 -0.152846
39  -1.514461 2.104650 -1.150167  -0.029092 0.541321 1.555678
40  -0.000167 6.982348 -0.000076  -0.199699 -0.041213 0.153489
41  0.000035 8.382863 -0.000072  0.044866 0.587987 -0.257961
42  0.000014 8.697700 -0.000028  -0.102636 -0.474319 0.290943
43  0.000058 8.921806 -0.000004  -0.076258 0.581004 -0.195603
44  1.196192 2.899153 -2.353084  -0.449718 1.030106 1.287428
45  0.000109 5.476945 0.000005  0.285573 -0.099353 -0.038445
46  -0.000074 6.060441 -0.000089  -0.155020 -0.575032 0.384608
47  0.000019 5.994260 0.000029  0.033940 0.288575 -0.067729
48  -0.000006 6.100486 0.000001  -0.068406 0.299273 -0.162153
49  0.000034 6.916761 0.000011  -0.096317 0.220533 -0.107965
50  0.000152 6.435060 -0.000046  -0.037459 0.171630 -0.116573
51  1.092793 3.649509 -1.738793  -0.148600 0.876612 1.445020
52  -0.000130 6.792197 -0.000100  0.008284 0.107792 -0.048643
53  -0.000089 7.744779 -0.000031  0.057137 -0.256893 0.015458
54  0.000087 9.115024 -0.000039  -0.020393 0.256253 -0.142636
55  3.494515 -1.749107 3.007065  0.118401 1.106975 1.813812
56  0.000015 4.323836 0.000087  -0.229907 -0.770943 0.449224
57  0.000029 4.872897 -0.000021  0.367242 -0.664052 -0.254032
58  0.000002 5.056649 0.000094  -0.511236 0.856586 -0.546323
59  2.292474 1.708616 3.661675  -1.762553 1.789111 -0.218966
60  -0.000174 6.589433 0.000278  -0.007133 -0.169123 0.176906
61  0.000171 7.491492 -0.000153  -0.132412 -0.107098 0.179330
62  -0.000140 8.249659 0.000143  0.041913 -0.058209 0.015814
63  0.000074 8.605240 -0.000024  0.101584 0.501824 -0.079698
64  -0.240482 2.066070 2.349267  -0.357330 2.461715 1.296081
65  -0.000083 7.721101 -0.000004  -0.208229 -0.126223 -0.116495
66  -0.000125 7.374862 -0.000046  -0.111019 0.046939 -0.046464
67  -0.000036 6.848064 -0.000026  0.273532 0.247522 0.299909
68  0.000034 7.777822 -0.000042  0.072921 0.186148 -0.052690
69  -0.000084 8.178055 0.000010  -0.087029 -0.422849 -0.381358
70  1.617608 3.431409 2.399266  -0.249454 2.569516 1.508572
71  -0.000158 5.476943 -0.000031  0.057730 0.074072 0.060285
72  -0.000094 6.060497 -0.000007  -0.015204 0.015650 -0.152066
73  0.000027 5.994257 0.000012  -0.126212 -0.157657 0.153302
74  -0.000079 7.076877 -0.000046  -0.008118 0.010384 0.036400
75  0.000003 7.089867 -0.000072  0.070875 0.098587 -0.025893
76  0.361116 0.886681 3.287746  -0.576372 1.978710 0.939013
77  -0.000069 6.686630 0.000224  -0.146568 0.414164 -0.327707
78  -0.000013 7.638015 0.000012  -0.079523 -0.025948 0.130955
79  -0.000031 7.290226 -0.000023  0.025325 -0.093908 0.023963
80  -0.000033 6.530371 0.000004  -0.261847 -0.300601 0.006735
81  0.000063 7.224882 0.000009  0.036505 0.032480 -0.175823
82  1.071901 3.225797 1.570115  -0.043806 2.859976 1.526248
83  0.000417 6.748899 -0.000068  -0.062702 0.083784 0.022202
84  -0.000047 8.002639 0.000027  -0.067496 -0.117209 -0.115600
85  0.000012 8.580570 -0.000099  0.088213 -0.007188 0.334603
86  0.000171 8.689833 -0.000042  0.065327 -0.412430 -0.134516
87  -1.514531 2.104638 0.318056  -0.024895 3.094491 1.569497
88  0.000195 6.982289 0.000011  -0.107588 -0.057625 -0.215715
89  -0.000008 8.382872 -0.000068  0.135031 -0.099913 0.287073
90  -0.000058 8.697680 0.000023  -0.148090 -0.510100 0.044838
91  -0.000134 8.921819 0.000082  -0.236827 -0.892638 0.098804
92  3.553619 -3.478046 2.409278  0.000819 0.762047 1.535310
93  0.000003 4.476901 -0.000006  -0.151002 -0.588331 0.377259
94  0.000032 4.514118 -0.000023  -0.228865 -2.996200 0.592368
95  0.000043 4.518385 -0.000022  0.143172 2.612779 0.693385
96  0.000023 3.598328 0.000022  -0.749301 0.869852 -0.773231
97  4.209921 -0.440348 1.018823  -2.548479 -1.370867 0.771933
98  4.265505 1.434228 -0.404990  -0.817342 -2.055005 -0.800336
99  9.400234 0.017942 0.083201  0.063897 -0.067685 -1.210732
100  10.242418 0.033591 0.064479  2.858244 -0.472066 -0.149992
101  3.465855 -0.059678 0.016693  -0.025443 0.062361 0.035303
102  1.655599 -0.000022 0.000013  -0.053465 0.038721 0.130545
103  0.960770 -0.000001 -0.000008  -0.018021 0.057419 0.071194
104  3.462030 -0.064245 0.939907  0.237137 -0.259515 0.205875
105  1.497175 -0.000009 0.000022  -0.471948 0.120292 0.321764
106  0.793759 0.000002 0.000002  0.007124 -0.021519 -0.043256
107  0.591664 -0.460692 0.835204  -0.991403 -0.699113 -0.597292
108  1.556140 -0.000003 0.000000  -0.165084 -0.033478 0.109300
109  1.135901 0.000026 0.000005  0.091744 -0.036275 0.169259
110  3.084270 -0.668820 -1.257084  -0.721214 0.489150 -0.186870
111  1.064200 -0.000004 0.000005  0.014884 0.048700 -0.274437
112  0.640332 -0.000004 -0.000005  0.003658 -0.041849 0.303311
113  3.396821 -0.242138 -0.708688  -0.496683 0.131348 -0.305448
114  1.532972 0.000006 0.000009  0.002757 0.003801 0.198209
115  0.832973 0.000004 -0.000003  0.010062 0.017112 -0.214942
116  4.209943 -0.440344 -1.019279  1.126648 2.046627 -0.577494
117  4.266747 1.424939 0.424937  1.749434 0.267403 -0.285259
118  9.398569 0.011949 -0.082516  -0.110728 0.043565 -1.894097
119  10.242440 0.028179 -0.062904  -0.167422 0.357195 -0.500005
120  3.465743 -0.067529 0.002268  -0.250012 0.251527 -1.712661
121  1.655559 0.000011 0.000006  -0.143110 0.179675 -1.045556
122  0.960910 0.000008 0.000002  0.011641 0.147175 -0.726810
123  3.466852 -0.077782 -0.920909  -0.483280 0.118511 -1.701248
124  1.497262 -0.000027 -0.000022  -0.552250 0.300723 -0.935867
125  0.793786 -0.000006 0.000003  -0.170012 0.325488 -0.672076
126  0.595072 -0.467151 -0.829176  2.607163 0.688435 -0.696668
127  1.555676 0.000017 -0.000004  0.660009 0.519512 1.199044
128  1.136813 -0.000014 -0.000002  0.629252 0.465019 1.139531
129  3.075968 -0.667966 1.277701  0.581914 0.303797 -1.432089
130  1.064590 0.000023 0.000016  0.032202 -0.120724 -0.898087
131  0.640363 -0.000017 -0.000003  -0.108425 -0.028581 -0.528819
132  3.392408 -0.245371 0.728375  0.105680 0.332853 -1.796734
133  1.532738 -0.000004 -0.000000  0.007742 0.016816 -0.811796
134  0.833154 0.000004 0.000005  -0.079191 -0.071227 -1.060346
135  3.590114 -3.090294 1.193973  1.635457 1.210566 1.548541
136  3.589560 -3.089880 -1.196371  -1.505736 1.210473 -1.592853
137  -0.436558 4.719026 -0.001075  -0.000598 -1.570733 1.692835
138  -0.000001 2.775456 -0.000235  -0.135089 0.000001 -0.000000
139  -0.000000 3.189775 0.000007  0.207820 0.000000 0.000000
140  0.000000 3.504652 0.000047  -0.261876 0.000000 -0.000000
141  -0.000001 2.863200 -0.000003  -0.051268 -0.000000 -0.000000
time 11
0  1.682437 -1.364560 36.269951  1.570862 0.000000 -0.000000
1  0.002636 43.025146 0.734438  0.045263 0.148490 0.031454
2  3.061858 -4.181008 -0.610804  -1.456937 -0.798555 -1.432488
3  18.476772 0.000157 -0.000002  0.001019 -0.051331 0.658741
4  17.490086 0.000116 0.000003  0.212207 0.788811 -1.007246
5  -3.065330 -4.183573 -0.611480  -0.937253 0.181887 -2.079804
6  18.474854 -0.000033 -0.000008  -0.002487 0.041920 0.542825
7  17.489586 0.001916 -0.000005  0.449613 -0.234441 -1.497663
8  -0.000117 -0.048879 -0.576226  1.525798 0.344742 1.602902
9  3.224488 0.767048 0.000496  0.313640 0.114323 0.228891
10  3.223907 0.226399 -0.001944  0.151261 -0.024380 0.335506
11  5.187319 -1.262560 -0.001177  0.000012 0.000066 0.194111
12  6.928412 -1.935313 -0.000228  2.922390 0.239823 0.395706
13  3.236360 1.079617 0.000058  -0.251510 -0.074752 0.402639
14  0.833768 3.805351 0.692955  -0.040491 0.554886 1.469873
15  0.000037 6.792202 0.000040  0.007990 0.036071 -0.011408
16  -0.000065 7.744821 0.000017  -0.017443 -0.155305 0.068152
17  0.000068 7.809702 0.000018  -0.033636 0.005026 0.006140
18  -0.000023 7.867676 0.000018  -0.073328 -0.127910 0.026376
19  3.494700 -1.749097 -3.006912  0.152545 2.070420 1.936946
20  0.000120 4.478318 0.000016  -0.194659 0.310432 -0.234994
21  0.000047 4.636119 -0.000031  0.035821 0.324593 -0.151768
22  -0.000042 5.008650 0.000013  0.075997 -0.286564 0.276092
23  0.000065 4.781161 0.000007  0.904398 -2.690904 -0.015798
24  2.253038 1.989054 -3.350106  -1.523636 1.324497 0.112396
25  0.000164 6.589465 0.000168  0.206355 -0.002129 -0.080394
26  0.000040 7.491416 0.000050  -0.333512 0.184454 -0.191168
27  0.000027 7.660308 -0.000054  -0.063176 0.127195 -0.062115
28  0.000008 7.256266 0.000018  -0.052938 -0.487830 0.313810
29  -0.791155 2.265118 -1.234656  -0.753901 1.136378 0.824671
30  -0.000255 8.572256 -0.000086  -0.222843 -0.296789 0.176503
31  -0.000092 8.117208 0.000049  0.072256 0.772520 -0.285588
32  -0.000083 8.230030 -0.000064  -0.080491 -0.347232 0.072253
33  0.000056 7.366723 0.000054  -0.015394 -0.663892 0.062742
34  0.224222 0.240125 -3.218158  -0.877395 1.468889 0.577812
35  -0.000103 7.721056 -0.000310  -0.283828 0.060496 -0.167555
36  -0.000031 7.374857 0.000001  0.007536 -0.195020 0.049540
37  0.000074 6.848102 0.000005  0.005485 0.006496 -0.033650
38  -0.000049 7.777861 0.000008  -0.186096 0.182474 -0.152846
39  -1.514464 2.104645 -1.150167  -0.029092 0.541321 1.555678
40  -0.000170 6.982344 -0.000077  -0.199699 -0.041213 0.153489
41  0.000039 8.382856 -0.000073  0.044866 0.587987 -0.257961
42  0.000014 8.697699 -0.000027  -0.102636 -0.474318 0.290943
43  0.000056 8.921806 -0.000003  -0.076258 0.581004 -0.195603
44  1.196205 2.899155 -2.353087  -0.449718 1.030106 1.287428
45  0.000111 5.476942 0.000007  0.285573 -0.099353 -0.038446
46  -0.000074 6.060436 -0.000093  -0.155020 -0.575032 0.384608
47  0.000018 5.994265 0.000029  0.033940 0.288575 -0.067730
48  -0.000007 6.100483 0.000000  -0.068406 0.299273 -0.162153
49  0.000035 6.916762 0.000007  -0.096317 0.220533 -0.107965
50  0.000147 6.435057 -0.000046  -0.037459 0.171630 -0.116573
51  1.092802 3.649513 -1.738795  -0.148600 0.876612 1.445020
52  -0.000124 6.792200 -0.000105  0.008285 0.107792 -0.048643
53  -0.000086 7.744773 -0.000026  0.057137 -0.256893 0.015458
54  0.000086 9.115025 -0.000038  -0.020393 0.256253 -0.142636
55  3.494520 -1.749105 3.007064  0.118401 1.106975 1.813812
56  0.000015 4.323843 0.000085  -0.229907 -0.770943 0.449224
57  0.000028 4.872897 -0.000020  0.367242 -0.664052 -0.254032
58  0.000002 5.056656 0.000093  -0.511236 0.856586 -0.546323
59  2.292470 1.708613 3.661675  -1.762553 1.789111 -0.218966
60  -0.000172 6.589441 0.000272  -0.007133 -0.169123 0.176906
61  0.000172 7.491492 -0.000151  -0.132413 -0.107098 0.179330
62  -0.000141 8.249658 0.000145  0.041913 -0.058209 0.015814
63  0.000072 8.605245 -0.000033  0.101584 0.501824 -0.079698
64  -0.240486 2.066071 2.349267  -0.357330 2.461715 1.296081
65  -0.000086 7.721100 -0.000000  -0.208229 -0.126223 -0.116495
66  -0.000124 7.374868 -0.000047  -0.111019 0.046939 -0.046464
67  -0.000034 6.848070 -0.000027  0.273532 0.247522 0.299909
68  0.000034 7.777824 -0.000042  0.072921 0.186148 -0.052690
69  -0.000082 8.178053 0.000013  -0.087029 -0.422849 -0.381358
70  1.617610 3.431409 2.399265  -0.249455 2.569516 1.508572
71  -0.000161 5.476944 -0.000029  0.057730 0.074072 0.060285
72  -0.000095 6.060487 -0.000005  -0.015204 0.015650 -0.152066
73  0.000023 5.994256 0.000010  -0.126212 -0.157657 0.153302
74  -0.000079 7.076877 -0.000048  -0.008118 0.010385 0.036400
75  0.000003 7.089869 -0.000068  0.070875 0.098587 -0.025893
76  0.361117 0.886681 3.287746  -0.576372 1.978710 0.939013
77  -0.000065 6.686648 0.000228  -0.146568 0.414164 -0.327707
78  -0.000011 7.638013 0.000012  -0.079523 -0.025947 0.130955
79  -0.000031 7.290229 -0.000024  0.025325 -0.093908 0.023963
80  -0.000033 6.530370 0.000004  -0.261847 -0.300601 0.006735
81  0.000065 7.224883 0.000010  0.036505 0.032480 -0.175823
82  1.071898 3.225794 1.570115  -0.043806 2.859976 1.526248
83  0.000414 6.748905 -0.000068  -0.062702 0.083784 0.022202
84  -0.000050 8.002647 0.000027  -0.067496 -0.117209 -0.115600
85  0.000014 8.580573 -0.000097  0.088213 -0.007188 0.334603
86  0.000168 8.689835 -0.000041  0.065327 -0.412430 -0.134516
87  -1.514531 2.104638 0.318056  -0.024895 3.094491 1.569497
88  0.000192 6.982285 0.000012  -0.107588 -0.057625 -0.215715
89  -0.000008 8.382879 -0.000067  0.135031 -0.099913 0.287073
90  -0.000060 8.697674 0.000023  -0.148090 -0.510100 0.044837
91  -0.000135 8.921826 0.000077  -0.236827 -0.892638 0.098804
92  3.553621 -3.478045 2.409276  0.000819 0.762047 1.535310
93  0.000002 4.476895 -0.000006  -0.151002 -0.588331 0.377259
94  0.000031 4.514118 -0.000023  -0.228865 -2.996200 0.592368
95  0.000046 4.518387 -0.000023  0.143172 2.612778 0.693384
96  0.000024 3.598335 0.000023  -0.749301 0.869852 -0.773231
97  4.209923 -0.440346 1.018823  -2.527702 -1.354981 0.748772
98  4.265507 1.434239 -0.404993  -0.685555 -2.030267 -0.970022
99  9.400233 0.017941 0.083199  0.079021 -0.062768 -1.421150
100  10.242420 0.033590 0.064482  2.823707 -0.447278 -0.075661
101  3.465853 -0.059680 0.016694  -0.024648 0.065966 0.047704
102  1.655598 -0.000022 0.000026  -0.054150 0.040757 0.134109
103  0.960766 -0.000003 -0.000005  -0.019694 0.057109 0.070145
104  3.462028 -0.064247 0.939909  0.235096 -0.258607 0.220554
105  1.497176 -0.000007 0.000014  -0.471306 0.121969 0.328274
106  0.793758 0.000004 0.000004  0.007463 -0.022081 -0.041724
107  0.591660 -0.460693 0.835207  -0.990398 -0.699861 -0.594105
108  1.556139 -0.000001 0.000001  -0.161300 -0.035428 0.105019
109  1.135905 0.000014 0.000004  0.092149 -0.034793 0.171562
110  3.084268 -0.668822 -1.257086  -0.720009 0.492161 -0.174541
111  1.064208 -0.000002 0.000003  0.014657 0.047946 -0.272298
112  0.640332 0.000005 -0.000010  0.005195 -0.042492 0.312950
113  3.396820 -0.242140 -0.708689  -0.498300 0.132841 -0.297679
114  1.532963 0.000008 0.000004  0.002337 0.003729 0.207346
115  0.832975 -0.000005 -0.000000  0.011491 0.017868 -0.214859
116  4.209944 -0.440342 -1.019279  1.135597 2.042861 -0.570023
117  4.266745 1.424940 0.424936  1.695444 0.252769 -0.320005
118  9.398566 0.011950 -0.082515  -0.116216 0.036150 -2.012939
119  10.242443 0.028175 -0.062908  -0.277944 0.406261 -0.389117
120  3.465743 -0.067526 0.002268  -0.250276 0.251716 -1.712792
121  1.655558 0.000006 0.000004  -0.143253 0.179699 -1.046710
122  0.960910 0.000005 -0.000001  0.011661 0.147152 -0.726678
123  3.466852 -0.077779 -0.920910  -0.482572 0.118309 -1.701276
124  1.497258 -0.000038 -0.000023  -0.552590 0.300966 -0.937120
125  0.793790 -0.000003 0.000002  -0.169748 0.325160 -0.671588
126  0.595075 -0.467152 -0.829177  2.621189 0.689526 -0.693180
127  1.555671 0.000018 -0.000004  0.663041 0.519826 1.202788
128  1.136814 -0.000008 -0.000001  0.634568 0.465609 1.144952
129  3.075971 -0.667967 1.277699  0.580930 0.304692 -1.431394
130  1.064596 0.000020 0.000009  0.032478 -0.120881 -0.901029
131  0.640362 -0.000017 -0.000005  -0.108442 -0.028858 -0.530337
132  3.392407 -0.245368 0.728376  0.103733 0.333431 -1.799760
133  1.532736 -0.000013 -0.000001  0.007683 0.016886 -0.814928
134  0.833151 0.000009 0.000004  -0.079066 -0.071624 -1.065573
135  3.590105 -3.090295 1.193971  1.635456 1.210566 1.548541
136  3.589553 -3.089880 -1.196372  -1.505736 1.210473 -1.592853
137  -0.436564 4.719027 -0.001076  -0.001094 -1.570733 1.692837
138  0.000000 2.775453 -0.000234  -0.135089 0.000001 0.000000
139  0.000001 3.189770 0.000007  0.207820 0.000000 0.000000
140  0.000001 3.504653 0.000045  -0.261876 -0.000000 -0.000000
141  -0.000000 2.863198 -0.000003  -0.051268 -0.000000 -0.000000
time 12
0  1.682436 -1.710940 36.298477  1.570862 0.000000 -0.000000
1  0.002636 43.025146 0.734438  0.037194 0.177555 0.037085
2  3.061857 -4.181014 -0.610803  -1.459807 -0.791030 -1.450352
3  18.476774 0.000156 -0.000003  0.000886 -0.051955 0.666540
4  17.490089 0.000116 0.000003  0.251078 0.810993 -0.992591
5  -3.065330 -4.183580 -0.611479  -0.936678 0.229505 -2.062568
6  18.474855 -0.000034 -0.000006  -0.002729 0.038312 0.498675
7  17.489584 0.001915 -0.000007  0.461649 -0.214979 -1.485987
8  -0.000117 -0.048888 -0.576226  1.538434 0.344256 1.605219
9  3.224480 0.767045 0.000496  0.397220 0.111214 0.244391
10  3.223912 0.226400 -0.001945  0.123361 -0.020332 0.321778
11  5.187317 -1.262558 -0.001177  0.000012 0.000066 0.194111
12  6.928411 -1.935314 -0.000227  2.923749 0.241292 0.388906
13  3.236367 1.079612 0.000058  -0.340048 -0.116986 0.396919
14  0.833764 3.805351 0.692956  -0.040491 0.554886 1.469873
15  0.000044 6.792206 0.000039  0.007990 0.036071 -0.011408
16  -0.000071 7.744819 0.000018  -0.017443 -0.155305 0.068153
17  0.000069 7.809703 0.000019  -0.033636 0.005026 0.006140
18  -0.000028 7.867675 0.000017  -0.073328 -0.127910 0.026376
19  3.494700 -1.749094 -3.006911  0.152545 2.070420 1.936946
20  0.000119 4.478325 0.000019  -0.194659 0.310432 -0.234994
21  0.000047 4.636120 -0.000030  0.035821 0.324592 -0.151768
22  -0.000044 5.008653 0.000012  0.075997 -0.286564 0.276092
23  0.000065 4.781164 0.000009  0.904398 -2.690904 -0.015798
24  2.253040 1.989056 -3.350106  -1.523636 1.324498 0.112396
25  0.000162 6.589465 0.000172  0.206355 -0.002129 -0.080394
26  0.000039 7.491409 0.000041  -0.333512 0.184454 -0.191167
27  0.000027 7.660298 -0.000058  -0.063176 0.127195 -0.062115
28  0.000005 7.256265 0.000022  -0.052938 -0.487830 0.313810
29  -0.791156 2.265119 -1.234655  -0.753901 1.136378 0.824671
30  -0.000255 8.572261 -0.000086  -0.222843 -0.296789 0.176503
31  -0.000093 8.117213 0.000048  0.072256 0.772520 -0.285588
32  -0.000085 8.230029 -0.000072  -0.080491 -0.347232 0.072253
33  0.000059 7.366722 0.000056  -0.015394 -0.663892 0.062741
34  0.224217 0.240126 -3.218157  -0.877395 1.468889 0.577812
35  -0.000101 7.721056 -0.000308  -0.283828 0.060496 -0.167554
36  -0.000033 7.374855 -0.000000  0.007536 -0.195020 0.049540
37  0.000075 6.848104 0.000009  0.005485 0.006496 -0.033650
38  -0.000052 7.777864 0.000011  -0.186096 0.182474 -0.152846
39  -1.514473 2.104644 -1.150165  -0.029092 0.541321 1.555678
40  -0.000165 6.982340 -0.000076  -0.199699 -0.041213 0.153489
41  0.000038 8.382864 -0.000072  0.044866 0.587987 -0.257961
42  0.000018 8.697701 -0.000027  -0.102636 -0.474319 0.290943
43  0.000057 8.921805 -0.000003  -0.076258 0.581004 -0.195603
44  1.196192 2.899154 -2.353085  -0.449718 1.030106 1.287428
45  0.000107 5.476935 0.000005  0.285573 -0.099353 -0.038446
46  -0.000077 6.060436 -0.000090  -0.155020 -0.575032 0.384608
47  0.000015 5.994267 0.000029  0.033940 0.288575 -0.067729
48  -0.000006 6.100488 0.000001  -0.068406 0.299273 -0.162153
49  0.000035 6.916754 0.000008  -0.096317 0.220533 -0.107965
50  0.000145 6.435062 -0.000046  -0.037459 0.171630 -0.116573
51  1.092798 3.649510 -1.738793  -0.148600 0.876612 1.445020
52  -0.000124 6.792197 -0.000105  0.008284 0.107792 -0.048643
53  -0.000088 7.744781 -0.000030  0.057137 -0.256893 0.015458
54  0.000087 9.115021 -0.000037  -0.020393 0.256253 -0.142636
55  3.494510 -1.749107 3.007066  0.118401 1.106975 1.813812
56  0.000014 4.323840 0.000084  -0.229907 -0.770943 0.449224
57  0.000028 4.872901 -0.000021  0.367242 -0.664052 -0.254032
58  0.000004 5.056652 0.000095  -0.511236 0.856586 -0.546323
59  2.292464 1.708614 3.661676  -1.762553 1.789111 -0.218966
60  -0.000174 6.589446 0.000268  -0.007133 -0.169123 0.176906
61  0.000172 7.491489 -0.000151  -0.132413 -0.107097 0.179330
62  -0.000139 8.249666 0.000144  0.041913 -0.058209 0.015814
63  0.000075 8.605232 -0.000029  0.101584 0.501824 -0.079698
64  -0.240491 2.066068 2.349268  -0.357330 2.461715 1.296081
65  -0.000088 7.721110 -0.000002  -0.208229 -0.126223 -0.116495
66  -0.000124 7.374856 -0.000046  -0.111019 0.046939 -0.046464
67  -0.000035 6.848065 -0.000026  0.273532 0.247522 0.299909
68  0.000035 7.777823 -0.000044  0.072921 0.186148 -0.052690
69  -0.000083 8.178053 0.000011  -0.087029 -0.422849 -0.381358
70  1.617597 3.431406 2.399267  -0.249455 2.569516 1.508572
71  -0.000161 5.476938 -0.000029  0.057730 0.074071 0.060285
72  -0.000094 6.060491 -0.000005  -0.015204 0.015650 -0.152065
73  0.000024 5.994249 0.000010  -0.126212 -0.157657 0.153302
74  -0.000079 7.076880 -0.000048  -0.008118 0.010384 0.036400
75  0.000005 7.089867 -0.000070  0.070875 0.098587 -0.025893
76  0.361111 0.886680 3.287747  -0.576372 1.978710 0.939013
77  -0.000067 6.686645 0.000224  -0.146568 0.414164 -0.327707
78  -0.000012 7.638012 0.000010  -0.079523 -0.025947 0.130955
79  -0.000029 7.290234 -0.000022  0.025325 -0.093908 0.023963
80  -0.000033 6.530366 0.000004  -0.261847 -0.300601 0.006735
81  0.000063 7.224886 0.000006  0.036505 0.032480 -0.175823
82  1.071894 3.225793 1.570116  -0.043806 2.859976 1.526248
83  0.000418 6.748909 -0.000066  -0.062703 0.083784 0.022202
84  -0.000044 8.002645 0.000026  -0.067496 -0.117209 -0.115600
85  0.000013 8.580570 -0.000098  0.088213 -0.007188 0.334603
86  0.000168 8.689830 -0.000041  0.065327 -0.412430 -0.134516
87  -1.514535 2.104638 0.318056  -0.024895 3.094491 1.569497
88  0.000191 6.982289 0.000011  -0.107588 -0.057625 -0.215715
89  -0.000009 8.382879 -0.000068  0.135031 -0.099913 0.287073
90  -0.000064 8.697678 0.000024  -0.148090 -0.510100 0.044838
91  -0.000136 8.921820 0.000079  -0.236827 -0.892638 0.098804
92  3.553615 -3.478048 2.409278  0.000819 0.762047 1.535310
93  -0.000000 4.476902 -0.000006  -0.151002 -0.588331 0.377259
94  0.000033 4.514120 -0.000023  -0.228865 -2.996200 0.592368
95  0.000044 4.518390 -0.000022  0.143172 2.612779 0.693384
96  0.000021 3.598331 0.000022  -0.749301 0.869852 -0.773231
97  4.209922 -0.440347 1.018823  -2.516691 -1.345410 0.736286
98  4.265504 1.434231 -0.404990  -0.520033 -1.994377 -1.184211
99  9.400233 0.017942 0.083200  0.091052 -0.056030 -1.603487
100  10.242420 0.033592 0.064479  2.793492 -0.420770 -0.037062
101  3.465856 -0.059678 0.016696  -0.024162 0.068127 0.055165
102  1.655595 -0.000022 0.000030  -0.054545 0.042013 0.136279
103  0.960771 -0.000002 -0.000006  -0.020749 0.056802 0.069240
104  3.462030 -0.064245 0.939906  0.233920 -0.258054 0.229298
105  1.497179 -0.000008 0.000020  -0.470964 0.122973 0.332196
106  0.793760 0.000004 0.000001  0.007669 -0.022470 -0.040785
107  0.591663 -0.460692 0.835208  -0.989698 -0.700317 -0.592241
108  1.556137 0.000002 0.000003  -0.159030 -0.036468 0.102391
109  1.135903 0.000021 0.000003  0.092359 -0.033896 0.172959
110  3.084267 -0.668821 -1.257084  -0.719229 0.493924 -0.167215
111  1.064199 -0.000001 0.000002  0.014488 0.047541 -0.271048
112  0.640338 -0.000003 -0.000006  0.006102 -0.042893 0.318722
113  3.396822 -0.242137 -0.708688  -0.499316 0.133692 -0.293070
114  1.532966 0.000007 0.000010  0.002035 0.003710 0.212744
115  0.832977 -0.000006 -0.000005  0.012371 0.018329 -0.214844
116  4.209945 -0.440344 -1.019279  1.144685 2.039197 -0.562453
117  4.266747 1.424938 0.424938  1.619181 0.310438 -0.347468
118  9.398562 0.011950 -0.082518  -0.118380 0.032630 -2.066127
119  10.242440 0.028177 -0.062902  -0.392193 0.459549 -0.289599
120  3.465749 -0.067526 0.002269  -0.250556 0.251904 -1.713009
121  1.655558 0.000014 0.000005  -0.143460 0.179726 -1.047722
122  0.960906 0.000001 0.000001  0.011687 0.147119 -0.726481
123  3.466857 -0.077780 -0.920910  -0.481967 0.118183 -1.701398
124  1.497259 -0.000040 -0.000022  -0.552903 0.301290 -0.938352
125  0.793787 -0.000006 -0.000002  -0.169458 0.324796 -0.671045
126  0.595078 -0.467151 -0.829174  2.635241 0.690681 -0.689713
127  1.555676 0.000018 -0.000003  0.666080 0.520128 1.206746
128  1.136811 -0.000004 -0.000003  0.639839 0.466126 1.150583
129  3.075976 -0.667966 1.277700  0.579913 0.305579 -1.430745
130  1.064592 0.000024 0.000008  0.032745 -0.121012 -0.904008
131  0.640359 -0.000014 -0.000005  -0.108506 -0.028978 -0.532005
132  3.392413 -0.245368 0.728377  0.101755 0.334056 -1.802895
133  1.532737 -0.000009 -0.000001  0.007571 0.016925 -0.818062
134  0.833153 0.000005 0.000004  -0.078938 -0.072021 -1.070805
135  3.590109 -3.090294 1.193972  1.635457 1.210566 1.548541
136  3.589555 -3.089879 -1.196372  -1.505736 1.210473 -1.592853
137  -0.436566 4.719028 -0.001076  -0.000413 -1.570733 1.693012
138  0.000000 2.775452 -0.000233  -0.135089 0.000001 -0.000000
139  0.000001 3.189770 0.000008  0.207820 -0.000000 0.000000
140  0.000001 3.504647 0.000048  -0.261876 -0.000000 -0.000000
141  0.000000 2.863198 -0.000002  -0.051268 -0.000000 -0.000000
time 13
0  1.641388 -1.899694 36.258495  1.570862 0.000000 -0.000000
1  0.002636 43.025146 0.734438  0.027891 0.200927 0.042017
2  3.061858 -4.181012 -0.610804  -1.464701 -0.785574 -1.462939
3  18.476778 0.000162 -0.000000  0.000748 -0.052575 0.674286
4  17.490086 0.000116 0.000003  0.284195 0.830824 -0.976818
5  -3.065330 -4.183576 -0.611480  -0.936462 0.259828 -2.054662
6  18.474855 -0.000033 -0.000007  -0.002769 0.037269 0.485945
7  17.489582 0.001916 -0.000007  0.470529 -0.199446 -1.487420
8  -0.000117 -0.048878 -0.576226  1.547031 0.341666 1.606541
9  3.224483 0.767049 0.000495  0.452557 0.104580 0.255014
10  3.223907 0.226399 -0.001945  0.103134 -0.019029 0.305751
11  5.187326 -1.262560 -0.001177  0.000012 0.000066 0.194111
12  6.928414 -1.935315 -0.000228  2.927027 0.240513 0.381560
13  3.236362 1.079616 0.000058  -0.405147 -0.148264 0.383833
14  0.833765 3.805352 0.692956  -0.040491 0.554886 1.469873
15  0.000040 6.792212 0.000038  0.007990 0.036071 -0.011408
16  -0.000066 7.744812 0.000017  -0.017443 -0.155305 0.068152
17  0.000076 7.809704 0.000018  -0.033636 0.005026 0.006140
18  -0.000027 7.867674 0.000016  -0.073328 -0.127910 0.026376
19  3.494702 -1.749093 -3.006911  0.152545 2.070420 1.936946
20  0.000120 4.478312 0.000019  -0.194659 0.310432 -0.234994
21  0.000049 4.636117 -0.000031  0.035821 0.324593 -0.151768
22  -0.000044 5.008650 0.000011  0.075997 -0.286564 0.276092
23  0.000064 4.781160 0.000008  0.904398 -2.690904 -0.015798
24  2.253042 1.989058 -3.350105  -1.523636 1.324497 0.112396
25  0.000161 6.589470 0.000167  0.206355 -0.002129 -0.080394
26  0.000040 7.491416 0.000043  -0.333512 0.184454 -0.191168
27  0.000023 7.660306 -0.000057  -0.063176 0.127195 -0.062116
28  0.000003 7.256276 0.000019  -0.052938 -0.487830 0.313810
29  -0.791153 2.265120 -1.234655  -0.753901 1.136378 0.824671
30  -0.000258 8.572264 -0.000095  -0.222843 -0.296789 0.176503
31  -0.000094 8.117212 0.000049  0.072256 0.772520 -0.285588
32  -0.000085 8.230040 -0.000070  -0.080491 -0.347232 0.072253
33  0.000059 7.366722 0.000054  -0.015394 -0.663892 0.062742
34  0.224220 0.240126 -3.218157  -0.877395 1.468889 0.577812
35  -0.000102 7.721054 -0.000309  -0.283828 0.060496 -0.167554
36  -0.000028 7.374854 -0.000002  0.007536 -0.195020 0.049540
37  0.000079 6.848100 0.000008  0.005485 0.006496 -0.033650
38  -0.000050 7.777864 0.000010  -0.186096 0.182474 -0.152846
39  -1.514462 2.104647 -1.150166  -0.029092 0.541321 1.555678
40  -0.000164 6.982341 -0.000076  -0.199699 -0.041213 0.153489
41  0.000037 8.382859 -0.000073  0.044866 0.587987 -0.257961
42  0.000016 8.697701 -0.000027  -0.102636 -0.474318 0.290943
43  0.000055 8.921807 -0.000003  -0.076258 0.581004 -0.195603
44  1.196198 2.899156 -2.353085  -0.449718 1.030106 1.287428
45  0.000105 5.476941 0.000007  0.285573 -0.099353 -0.038446
46  -0.000074 6.060436 -0.000091  -0.155020 -0.575032 0.384608
47  0.000017 5.994263 0.000030  0.033940 0.288575 -0.067729
48  -0.000007 6.100485 0.000002  -0.068406 0.299273 -0.162153
49  0.000035 6.916758 0.000009  -0.096317 0.220533 -0.107965
50  0.000150 6.435059 -0.000045  -0.037459 0.171630 -0.116573
51  1.092797 3.649511 -1.738793  -0.148600 0.876612 1.445020
52  -0.000125 6.792199 -0.000105  0.008285 0.107792 -0.048643
53  -0.000088 7.744782 -0.000033  0.057137 -0.256893 0.015458
54  0.000086 9.115020 -0.000036  -0.020393 0.256253 -0.142636
55  3.494527 -1.749101 3.007064  0.118401 1.106975 1.813812
56  0.000015 4.323834 0.000085  -0.229907 -0.770943 0.449224
57  0.000029 4.872893 -0.000022  0.367242 -0.664052 -0.254032
58  0.000004 5.056651 0.000092  -0.511236 0.856586 -0.546323
59  2.292474 1.708617 3.661675  -1.762553 1.789111 -0.218966
60  -0.000173 6.589443 0.000275  -0.007133 -0.169123 0.176906
61  0.000171 7.491492 -0.000147  -0.132413 -0.107098 0.179330
62  -0.000140 8.249661 0.000140  0.041913 -0.058209 0.015814
63  0.000071 8.605232 -0.000027  0.101584 0.501824 -0.079698
64  -0.240483 2.066070 2.349267  -0.357330 2.461715 1.296081
65  -0.000089 7.721107 -0.000002  -0.208230 -0.126223 -0.116495
66  -0.000122 7.374866 -0.000048  -0.111019 0.046939 -0.046464
67  -0.000035 6.848064 -0.000027  0.273532 0.247522 0.299909
68  0.000034 7.777824 -0.000043  0.072921 0.186148 -0.052690
69  -0.000081 8.178058 0.000013  -0.087029 -0.422849 -0.381358
70  1.617608 3.431408 2.399265  -0.249455 2.569516 1.508572
71  -0.000161 5.476946 -0.000030  0.057730 0.074071 0.060285
72  -0.000093 6.060493 -0.000005  -0.015204 0.015650 -0.152065
73  0.000024 5.994257 0.000011  -0.126212 -0.157657 0.153302
74  -0.000076 7.076874 -0.000049  -0.008118 0.010384 0.036400
75  0.000006 7.089871 -0.000069  0.070875 0.098587 -0.025893
76  0.361120 0.886683 3.287746  -0.576372 1.978710 0.939013
77  -0.000066 6.686644 0.000222  -0.146568 0.414164 -0.327707
78  -0.000011 7.638019 0.000015  -0.079523 -0.025947 0.130955
79  -0.000031 7.290229 -0.000022  0.025325 -0.093908 0.023963
80  -0.000033 6.530371 0.000005  -0.261847 -0.300600 0.006735
81  0.000064 7.224886 0.000009  0.036505 0.032480 -0.175823
82  1.071902 3.225795 1.570115  -0.043806 2.859976 1.526248
83  0.000415 6.748907 -0.000066  -0.062702 0.083784 0.022202
84  -0.000047 8.002644 0.000027  -0.067496 -0.117209 -0.115600
85  0.000012 8.580571 -0.000098  0.088213 -0.007188 0.334603
86  0.000172 8.689831 -0.000042  0.065327 -0.412430 -0.134516
87  -1.514533 2.104636 0.318056  -0.024895 3.094491 1.569497
88  0.000190 6.982278 0.000012  -0.107588 -0.057625 -0.215715
89  -0.000010 8.382874 -0.000067  0.135031 -0.099913 0.287073
90  -0.000064 8.697674 0.000023  -0.148090 -0.510100 0.044838
91  -0.000139 8.921821 0.000081  -0.236827 -0.892638 0.098804
92  3.553626 -3.478042 2.409276  0.000819 0.762047 1.535310
93  -0.000001 4.476907 -0.000008  -0.151002 -0.588331 0.377259
94  0.000030 4.514119 -0.000023  -0.228865 -2.996200 0.592368
95  0.000044 4.518387 -0.000023  0.143172 2.612778 0.693384
96  0.000024 3.598330 0.000023  -0.749301 0.869852 -0.773231
97  4.209923 -0.440348 1.018822  -2.512443 -1.341364 0.731356
98  4.265508 1.434234 -0.404992  -0.285839 -1.957726 -1.471307
99  9.400232 0.017941 0.083202  0.099139 -0.049624 -1.739781
100  10.242421 0.033591 0.064478  2.766004 -0.395626 -0.044074
101  3.465857 -0.059678 0.016695  -0.023920 0.069011 0.058273
102  1.655594 -0.000021 0.000022  -0.054652 0.042511 0.137172
103  0.960767 -0.000003 -0.000008  -0.021181 0.056642 0.068885
104  3.462030 -0.064245 0.939906  0.233394 -0.257871 0.232952
105  1.497178 -0.000008 0.000020  -0.470829 0.123410 0.333818
106  0.793759 0.000003 -0.000002  0.007739 -0.022630 -0.040372
107  0.591663 -0.460692 0.835207  -0.989513 -0.700501 -0.591337
108  1.556140 -0.000001 0.000001  -0.158108 -0.036911 0.101217
109  1.135906 0.000013 0.000005  0.092510 -0.033515 0.173542
110  3.084271 -0.668822 -1.257084  -0.718898 0.494642 -0.164176
111  1.064204 -0.000002 0.000000  0.014470 0.047297 -0.270518
112  0.640332 -0.000001 -0.000006  0.006485 -0.043047 0.321180
113  3.396825 -0.242138 -0.708691  -0.499698 0.134068 -0.291094
114  1.532965 0.000008 0.000009  0.001914 0.003631 0.214954
115  0.832974 -0.000002 0.000003  0.012762 0.018513 -0.214776
116  4.209944 -0.440346 -1.019280  1.153865 2.035472 -0.554710
117  4.266750 1.424934 0.424939  1.538878 0.427736 -0.369052
118  9.398570 0.011949 -0.082518  -0.117506 0.034103 -2.044085
119  10.242439 0.028177 -0.062900  -0.480757 0.511924 -0.214941
120  3.465751 -0.067529 0.002267  -0.250869 0.252131 -1.713149
121  1.655558 -0.000000 0.000005  -0.143592 0.179745 -1.048804
122  0.960910 0.000001 -0.000003  0.011715 0.147085 -0.726284
123  3.466859 -0.077782 -0.920910  -0.481259 0.117981 -1.701427
124  1.497259 -0.000043 -0.000022  -0.553277 0.301597 -0.939590
125  0.793789 -0.000010 0.000003  -0.169204 0.324512 -0.670518
126  0.595079 -0.467152 -0.829176  2.649354 0.691717 -0.686151
127  1.555678 0.000016 -0.000002  0.669069 0.520460 1.210496
128  1.136809 -0.000005 -0.000002  0.645181 0.466628 1.156183
129  3.075976 -0.667967 1.277701  0.578896 0.306467 -1.430098
130  1.064591 0.000015 0.000014  0.033012 -0.121142 -0.906988
131  0.640359 -0.000012 -0.000004  -0.108536 -0.029214 -0.533658
132  3.392417 -0.245371 0.728375  0.099774 0.334674 -1.806031
133  1.532735 -0.000006 -0.000002  0.007452 0.017099 -0.821130
134  0.833155 0.000002 0.000006  -0.078850 -0.072372 -1.076044
135  3.590110 -3.090294 1.193971  1.635457 1.210566 1.548541
136  3.589561 -3.089879 -1.196373  -1.505736 1.210473 -1.592853
137  -0.436557 4.719026 -0.001076  -0.000236 -1.570733 1.693029
138  -0.000002 2.775455 -0.000236  -0.135089 0.000001 -0.000000
139  -0.000000 3.189770 0.000007  0.207820 -0.000000 0.000000
140  -0.000000 3.504654 0.000046  -0.261876 -0.000000 -0.000000
141  -0.000000 2.863200 -0.000002  -0.051268 -0.000000 0.000000
time 14
0  1.571020 -1.960011 36.149994  1.570862 0.000000 -0.000000
1  0.002636 43.025146 0.734438  0.017540 0.219536 0.046530
2  3.061857 -4.181008 -0.610804  -1.470509 -0.783629 -1.472151
3  18.476772 0.000156 -0.000001  0.000551 -0.053429 0.684993
4  17.490086 0.000117 0.000003  0.312109 0.848542 -0.961816
5  -3.065330 -4.183573 -0.611480  -0.937855 0.273687 -2.056890
6  18.474855 -0.000034 -0.000008  -0.002702 0.038854 0.505298
7  17.489582 0.001917 -0.000009  0.477625 -0.187366 -1.502921
8  -0.000117 -0.048883 -0.576226  1.551830 0.333429 1.606697
9  3.224477 0.767045 0.000496  0.465309 0.091533 0.256697
10  3.223909 0.226399 -0.001944  0.092516 -0.022256 0.282190
11  5.187322 -1.262560 -0.001177  0.000012 0.000066 0.194111
12  6.928408 -1.935315 -0.000227  2.931938 0.237850 0.373793
13  3.236371 1.079614 0.000056  -0.434455 -0.167152 0.354825
14  0.833765 3.805353 0.692958  -0.040491 0.554886 1.469873
15  0.000039 6.792207 0.000040  0.007990 0.036071 -0.011408
16  -0.000064 7.744817 0.000014  -0.017443 -0.155305 0.068152
17  0.000075 7.809698 0.000019  -0.033636 0.005026 0.006140
18  -0.000025 7.867673 0.000019  -0.073328 -0.127910 0.026376
19  3.494705 -1.749089 -3.006910  0.152545 2.070420 1.936946
20  0.000120 4.478322 0.000019  -0.194659 0.310432 -0.234994
21  0.000048 4.636120 -0.000029  0.035821 0.324592 -0.151768
22  -0.000041 5.008655 0.000010  0.075997 -0.286564 0.276092
23  0.000065 4.781162 0.000008  0.904398 -2.690904 -0.015798
24  2.253047 1.989061 -3.350105  -1.523636 1.324497 0.112396
25  0.000164 6.589460 0.000172  0.206355 -0.002129 -0.080394
26  0.000040 7.491412 0.000047  -0.333513 0.184454 -0.191168
27  0.000026 7.660305 -0.000057  -0.063176 0.127195 -0.062116
28  0.000003 7.256270 0.000017  -0.052938 -0.487830 0.313810
29  -0.791150 2.265124 -1.234655  -0.753901 1.136378 0.824671
30  -0.000256 8.572264 -0.000090  -0.222843 -0.296789 0.176503
31  -0.000096 8.117211 0.000047  0.072256 0.772520 -0.285588
32  -0.000084 8.230033 -0.000070  -0.080491 -0.347232 0.072253
33  0.000060 7.366721 0.000054  -0.015394 -0.663892 0.062741
34  0.224226 0.240134 -3.218157  -0.877395 1.468889 0.577812
35  -0.000100 7.721054 -0.000309  -0.283828 0.060496 -0.167555
36  -0.000027 7.374852 0.000001  0.007536 -0.195020 0.049540
37  0.000074 6.848097 0.000007  0.005485 0.006496 -0.033650
38  -0.000051 7.777866 0.000007  -0.186096 0.182474 -0.152846
39  -1.514455 2.104654 -1.150166  -0.029092 0.541321 1.555678
40  -0.000167 6.982343 -0.000076  -0.199699 -0.041213 0.153489
41  0.000040 8.382863 -0.000072  0.044866 0.587987 -0.257960
42  0.000012 8.697704 -0.000026  -0.102636 -0.474319 0.290943
43  0.000056 8.921805 -0.000002  -0.076258 0.581004 -0.195603
44  1.196202 2.899161 -2.353085  -0.449718 1.030106 1.287428
45  0.000104 5.476942 0.000006  0.285573 -0.099353 -0.038445
46  -0.000078 6.060436 -0.000093  -0.155020 -0.575032 0.384608
47  0.000018 5.994257 0.000029  0.033940 0.288575 -0.067729
48  -0.000007 6.100489 0.000002  -0.068406 0.299273 -0.162153
49  0.000038 6.916756 0.000010  -0.096317 0.220533 -0.107965
50  0.000147 6.435057 -0.000043  -0.037459 0.171630 -0.116573
51  1.092804 3.649516 -1.738793  -0.148600 0.876612 1.445020
52  -0.000133 6.792201 -0.000104  0.008284 0.107792 -0.048643
53  -0.000090 7.744773 -0.000028  0.057137 -0.256893 0.015458
54  0.000087 9.115013 -0.000038  -0.020393 0.256253 -0.142636
55  3.494525 -1.749099 3.007065  0.118401 1.106975 1.813812
56  0.000012 4.323837 0.000086  -0.229907 -0.770943 0.449224
57  0.000029 4.872896 -0.000022  0.367242 -0.664052 -0.254032
58  0.000003 5.056652 0.000092  -0.511236 0.856586 -0.546323
59  2.292477 1.708623 3.661676  -1.762553 1.789111 -0.218965
60  -0.000172 6.589446 0.000273  -0.007133 -0.169123 0.176906
61  0.000174 7.491498 -0.000149  -0.132413 -0.107098 0.179330
62  -0.000138 8.249665 0.000142  0.041913 -0.058209 0.015814
63  0.000071 8.605229 -0.000026  0.101584 0.501824 -0.079698
64  -0.240480 2.066077 2.349269  -0.357330 2.461715 1.296081
65  -0.000089 7.721100 -0.000003  -0.208229 -0.126223 -0.116495
66  -0.000124 7.374862 -0.000045  -0.111019 0.046939 -0.046464
67  -0.000036 6.848063 -0.000027  0.273532 0.247522 0.299909
68  0.000033 7.777826 -0.000044  0.072921 0.186148 -0.052690
69  -0.000081 8.178054 0.000010  -0.087029 -0.422849 -0.381358
70  1.617615 3.431413 2.399266  -0.249454 2.569516 1.508572
71  -0.000161 5.476944 -0.000029  0.057730 0.074072 0.060285
72  -0.000092 6.060497 -0.000007  -0.015204 0.015650 -0.152065
73  0.000028 5.994250 0.000012  -0.126212 -0.157657 0.153302
74  -0.000075 7.076868 -0.000049  -0.008118 0.010384 0.036400
75  0.000003 7.089871 -0.000071  0.070875 0.098587 -0.025893
76  0.361119 0.886687 3.287748  -0.576372 1.978710 0.939013
77  -0.000068 6.686647 0.000224  -0.146568 0.414164 -0.327707
78  -0.000012 7.638018 0.000013  -0.079523 -0.025947 0.130955
79  -0.000031 7.290233 -0.000020  0.025325 -0.093908 0.023963
80  -0.000035 6.530372 0.000004  -0.261847 -0.300601 0.006735
81  0.000063 7.224887 0.000008  0.036505 0.032480 -0.175823
82  1.071905 3.225799 1.570117  -0.043806 2.859976 1.526248
83  0.000418 6.748903 -0.000066  -0.062703 0.083784 0.022202
84  -0.000046 8.002644 0.000026  -0.067496 -0.117209 -0.115600
85  0.000011 8.580573 -0.000098  0.088213 -0.007188 0.334603
86  0.000172 8.689834 -0.000041  0.065327 -0.412430 -0.134516
87  -1.514532 2.104642 0.318057  -0.024895 3.094491 1.569497
88  0.000192 6.982279 0.000011  -0.107588 -0.057625 -0.215715
89  -0.000009 8.382871 -0.000068  0.135031 -0.099913 0.287073
90  -0.000060 8.697667 0.000023  -0.148090 -0.510100 0.044838
91  -0.000136 8.921822 0.000081  -0.236827 -0.892638 0.098804
92  3.553623 -3.478042 2.409278  0.000819 0.762047 1.535310
93  -0.000002 4.476903 -0.000007  -0.151002 -0.588331 0.377259
94  0.000031 4.514114 -0.000023  -0.228865 -2.996200 0.592368
95  0.000045 4.518384 -0.000024  0.143172 2.612779 0.693384
96  0.000022 3.598329 0.000022  -0.749301 0.869852 -0.773231
97  4.209920 -0.440347 1.018823  -2.513269 -1.342033 0.732275
98  4.265505 1.434237 -0.404992  0.039807 -1.940991 -1.843041
99  9.400234 0.017940 0.083200  0.103828 -0.044968 -1.827016
100  10.242421 0.033590 0.064483  2.740266 -0.372376 -0.084623
101  3.465856 -0.059678 0.016691  -0.023951 0.068860 0.057735
102  1.655595 -0.000021 0.000020  -0.054655 0.042413 0.137006
103  0.960772 -0.000003 -0.000006  -0.021073 0.057009 0.069126
104  3.462028 -0.064245 0.939905  0.233519 -0.257830 0.232356
105  1.497179 -0.000009 0.000025  -0.470862 0.123356 0.333508
106  0.793759 0.000004 -0.000003  0.007739 -0.022618 -0.040494
107  0.591663 -0.460691 0.835203  -0.989486 -0.700472 -0.591580
108  1.556141 0.000003 -0.000001  -0.158294 -0.036856 0.101467
109  1.135902 0.000024 0.000005  0.092501 -0.033603 0.173690
110  3.084269 -0.668820 -1.257081  -0.718978 0.494580 -0.164712
111  1.064207 0.000001 0.000005  0.014454 0.047411 -0.270445
112  0.640340 -0.000001 -0.000005  0.006445 -0.043003 0.320752
113  3.396822 -0.242137 -0.708688  -0.499661 0.133962 -0.291443
114  1.532970 0.000009 0.000007  0.001914 0.003684 0.214585
115  0.832973 -0.000007 -0.000001  0.012645 0.018478 -0.214779
116  4.209941 -0.440345 -1.019279  1.163371 2.031800 -0.546631
117  4.266746 1.424935 0.424939  1.453062 0.577350 -0.405185
118  9.398568 0.011951 -0.082520  -0.113770 0.039685 -1.957590
119  10.242435 0.028179 -0.062908  -0.530501 0.553381 -0.179860
120  3.465750 -0.067526 0.002265  -0.251183 0.252359 -1.713289
121  1.655558 0.000002 0.000006  -0.143759 0.179782 -1.049889
122  0.960906 0.000002 0.000000  0.011746 0.147042 -0.726101
123  3.466853 -0.077781 -0.920911  -0.480646 0.117858 -1.701465
124  1.497258 -0.000043 -0.000022  -0.553652 0.301904 -0.940829
125  0.793797 -0.000009 0.000002  -0.168911 0.324147 -0.669976
126  0.595078 -0.467150 -0.829178  2.663478 0.692749 -0.682601
127  1.555675 0.000015 -0.000004  0.672144 0.520731 1.214368
128  1.136812 -0.000008 -0.000002  0.650538 0.467104 1.161799
129  3.075973 -0.667967 1.277699  0.577868 0.307476 -1.429383
130  1.064594 0.000024 0.000009  0.033284 -0.121156 -0.909875
131  0.640361 -0.000019 -0.000006  -0.108627 -0.029459 -0.535246
132  3.392412 -0.245368 0.728376  0.097825 0.335267 -1.809128
133  1.532740 -0.000000 -0.000001  0.007374 0.017181 -0.824251
134  0.833149 0.000006 0.000003  -0.078720 -0.072770 -1.081291
135  3.590109 -3.090295 1.193971  1.635457 1.210566 1.548541
136  3.589560 -3.089880 -1.196373  -1.505736 1.210473 -1.592853
137  -0.436562 4.719027 -0.001076  -0.000354 -1.570733 1.692925
138  -0.000001 2.775455 -0.000236  -0.135089 0.000001 -0.000000
139  0.000001 3.189767 0.000008  0.207820 0.000000 0.000000
140  -0.000000 3.504647 0.000046  -0.261876 -0.000000 -0.000000
141  0.000000 2.863198 -0.000002  -0.051268 0.000000 -0.000000
time 15
0  1.483061 -1.989188 35.978687  1.570862 0.000000 -0.000000
1  0.002636 43.025146 0.734438  0.006230 0.234259 0.050549
2  3.061857 -4.181015 -0.610804  -1.477146 -0.784641 -1.478705
3  18.476780 0.000161 0.000000  0.000202 -0.054845 0.702796
4  17.490082 0.000115 0.000002  0.335401 0.864348 -0.952383
5  -3.065329 -4.183576 -0.611480  -0.940774 0.280370 -2.064627
6  18.474859 -0.000034 -0.000009  -0.002505 0.041700 0.540125
7  17.489584 0.001915 -0.000006  0.483911 -0.178453 -1.526310
8  -0.000117 -0.048889 -0.576226  1.554781 0.317625 1.605928
9  3.224480 0.767045 0.000496  0.437645 0.070959 0.249288
10  3.223907 0.226399 -0.001945  0.090115 -0.030098 0.248923
11  5.187323 -1.262560 -0.001177  0.000012 0.000066 0.194111
12  6.928414 -1.935311 -0.000228  2.938303 0.233603 0.365742
13  3.236367 1.079616 0.000057  -0.429063 -0.176461 0.308424
14  0.833772 3.805353 0.692955  -0.040491 0.554886 1.469873
15  0.000038 6.792211 0.000042  0.007990 0.036071 -0.011408
16  -0.000068 7.744813 0.000015  -0.017443 -0.155305 0.068152
17  0.000069 7.809706 0.000017  -0.033636 0.005026 0.006140
18  -0.000031 7.867675 0.000016  -0.073328 -0.127910 0.026376
19  3.494708 -1.749092 -3.006912  0.152545 2.070420 1.936946
20  0.000120 4.478323 0.000019  -0.194659 0.310432 -0.234994
21  0.000048 4.636117 -0.000030  0.035821 0.324592 -0.151768
22  -0.000042 5.008649 0.000011  0.075997 -0.286564 0.276092
23  0.000064 4.781158 0.000009  0.904398 -2.690904 -0.015798
24  2.253049 1.989059 -3.350106  -1.523636 1.324497 0.112396
25  0.000162 6.589462 0.000173  0.206355 -0.002129 -0.080394
26  0.000040 7.491416 0.000037  -0.333513 0.184454 -0.191168
27  0.000025 7.660307 -0.000058  -0.063176 0.127195 -0.062116
28  0.000008 7.256273 0.000017  -0.052938 -0.487830 0.313810
29  -0.791150 2.265117 -1.234656  -0.753901 1.136378 0.824671
30  -0.000259 8.572264 -0.000092  -0.222843 -0.296789 0.176503
31  -0.000095 8.117211 0.000048  0.072256 0.772520 -0.285588
32  -0.000084 8.230034 -0.000069  -0.080491 -0.347232 0.072253
33  0.000059 7.366720 0.000056  -0.015394 -0.663892 0.062742
34  0.224229 0.240130 -3.218158  -0.877395 1.468889 0.577812
35  -0.000100 7.721050 -0.000307  -0.283828 0.060496 -0.167555
36  -0.000033 7.374854 0.000001  0.007536 -0.195020 0.049540
37  0.000076 6.848099 0.000006  0.005485 0.006497 -0.033650
38  -0.000051 7.777864 0.000009  -0.186096 0.182474 -0.152846
39  -1.514463 2.104648 -1.150167  -0.029092 0.541321 1.555678
40  -0.000169 6.982351 -0.000075  -0.199699 -0.041213 0.153489
41  0.000039 8.382856 -0.000072  0.044866 0.587987 -0.257960
42  0.000015 8.697710 -0.000026  -0.102636 -0.474319 0.290943
43  0.000057 8.921802 -0.000003  -0.076258 0.581004 -0.195603
44  1.196202 2.899154 -2.353086  -0.449718 1.030106 1.287428
45  0.000106 5.476946 0.000006  0.285573 -0.099353 -0.038446
46  -0.000072 6.060431 -0.000090  -0.155020 -0.575032 0.384608
47  0.000015 5.994267 0.000030  0.033940 0.288575 -0.067729
48  -0.000009 6.100492 -0.000000  -0.068406 0.299273 -0.162153
49  0.000034 6.916756 0.000009  -0.096317 0.220533 -0.107965
50  0.000149 6.435060 -0.000044  -0.037459 0.171630 -0.116573
51  1.092806 3.649512 -1.738794  -0.148600 0.876612 1.445020
52  -0.000128 6.792202 -0.000105  0.008284 0.107792 -0.048643
53  -0.000090 7.744777 -0.000029  0.057137 -0.256893 0.015458
54  0.000084 9.115017 -0.000037  -0.020393 0.256253 -0.142636
55  3.494530 -1.749100 3.007063  0.118401 1.106975 1.813812
56  0.000014 4.323835 0.000089  -0.229907 -0.770943 0.449224
57  0.000029 4.872901 -0.000022  0.367242 -0.664052 -0.254032
58  0.000003 5.056652 0.000090  -0.511236 0.856586 -0.546323
59  2.292475 1.708616 3.661675  -1.762553 1.789111 -0.218966
60  -0.000172 6.589438 0.000273  -0.007133 -0.169123 0.176906
61  0.000173 7.491493 -0.000152  -0.132413 -0.107098 0.179330
62  -0.000140 8.249655 0.000140  0.041913 -0.058209 0.015814
63  0.000070 8.605229 -0.000024  0.101584 0.501824 -0.079698
64  -0.240479 2.066073 2.349267  -0.357330 2.461715 1.296081
65  -0.000082 7.721106 -0.000001  -0.208229 -0.126223 -0.116495
66  -0.000123 7.374858 -0.000046  -0.111019 0.046939 -0.046464
67  -0.000036 6.848060 -0.000025  0.273532 0.247522 0.299909
68  0.000036 7.777822 -0.000043  0.072921 0.186148 -0.052690
69  -0.000083 8.178056 0.000010  -0.087029 -0.422849 -0.381358
70  1.617612 3.431410 2.399265  -0.249455 2.569516 1.508572
71  -0.000162 5.476949 -0.000028  0.057730 0.074072 0.060285
72  -0.000092 6.060499 -0.000007  -0.015204 0.015650 -0.152066
73  0.000029 5.994250 0.000011  -0.126212 -0.157657 0.153302
74  -0.000076 7.076876 -0.000047  -0.008118 0.010384 0.036400
75  0.000003 7.089871 -0.000070  0.070875 0.098587 -0.025893
76  0.361123 0.886687 3.287745  -0.576372 1.978710 0.939013
77  -0.000065 6.686646 0.000224  -0.146568 0.414164 -0.327707
78  -0.000012 7.638015 0.000013  -0.079524 -0.025948 0.130955
79  -0.000029 7.290234 -0.000022  0.025325 -0.093908 0.023963
80  -0.000037 6.530371 0.000008  -0.261847 -0.300601 0.006735
81  0.000065 7.224879 0.000009  0.036505 0.032480 -0.175823
82  1.071906 3.225796 1.570115  -0.043806 2.859976 1.526248
83  0.000414 6.748901 -0.000067  -0.062702 0.083784 0.022202
84  -0.000046 8.002645 0.000025  -0.067496 -0.117209 -0.115600
85  0.000012 8.580578 -0.000098  0.088213 -0.007188 0.334603
86  0.000169 8.689829 -0.000041  0.065327 -0.412430 -0.134516
87  -1.514522 2.104643 0.318055  -0.024895 3.094491 1.569497
88  0.000190 6.982280 0.000011  -0.107588 -0.057625 -0.215715
89  -0.000007 8.382875 -0.000067  0.135031 -0.099913 0.287073
90  -0.000058 8.697674 0.000023  -0.148090 -0.510100 0.044838
91  -0.000137 8.921820 0.000078  -0.236827 -0.892638 0.098804
92  3.553621 -3.478045 2.409277  0.000819 0.762047 1.535310
93  0.000000 4.476896 -0.000005  -0.151002 -0.588331 0.377259
94  0.000032 4.514127 -0.000024  -0.228865 -2.996200 0.592368
95  0.000043 4.518384 -0.000021  0.143172 2.612778 0.693384
96  0.000024 3.598334 0.000022  -0.749301 0.869852 -0.773231
97  4.209923 -0.440345 1.018823  -2.518127 -1.346660 0.737915
98  4.265505 1.434234 -0.404993  0.383268 -1.966449 -2.217090
99  9.400234 0.017941 0.083200  0.106296 -0.042157 -1.876370
100  10.242421 0.033589 0.064476  2.717920 -0.349887 -0.135282
101  3.465859 -0.059678 0.016691  -0.024221 0.067835 0.054150
102  1.655594 -0.000024 0.000036  -0.054487 0.041832 0.136005
103  0.960772 -0.000001 -0.000010  -0.020626 0.056822 0.069302
104  3.462029 -0.064246 0.939911  0.234090 -0.258156 0.228087
105  1.497177 -0.000007 0.000022  -0.471029 0.122831 0.331655
106  0.793759 0.000004 0.000007  0.007668 -0.022458 -0.040906
107  0.591664 -0.460691 0.835207  -0.989854 -0.700237 -0.592411
108  1.556140 -0.000002 -0.000004  -0.159335 -0.036325 0.102672
109  1.135901 0.000029 0.000004  0.092335 -0.033997 0.172797
110  3.084270 -0.668821 -1.257081  -0.719362 0.493684 -0.168233
111  1.064199 -0.000005 0.000009  0.014543 0.047568 -0.271229
112  0.640338 -0.000000 -0.000005  0.005956 -0.042806 0.317988
113  3.396824 -0.242138 -0.708688  -0.499184 0.133587 -0.293670
114  1.532969 0.000006 0.000015  0.002096 0.003634 0.211948
115  0.832976 -0.000003 -0.000003  0.012255 0.018293 -0.214847
116  4.209948 -0.440342 -1.019280  1.172674 2.028207 -0.538711
117  4.266745 1.424941 0.424939  1.347840 0.727405 -0.478289
118  9.398572 0.011951 -0.082517  -0.107719 0.046954 -1.835717
119  10.242435 0.028178 -0.062906  -0.550655 0.580609 -0.185712
120  3.465752 -0.067527 0.002269  -0.251480 0.252566 -1.713468
121  1.655559 0.000009 0.000005  -0.143927 0.179818 -1.050973
122  0.960904 0.000012 0.000000  0.011777 0.147000 -0.725918
123  3.466860 -0.077781 -0.920909  -0.479990 0.117650 -1.701582
124  1.497257 -0.000034 -0.000024  -0.554027 0.302210 -0.942066
125  0.793787 -0.000003 -0.000001  -0.168620 0.323782 -0.669434
126  0.595078 -0.467150 -0.829174  2.677605 0.693742 -0.679012
127  1.555679 0.000015 -0.000005  0.675183 0.521023 1.218212
128  1.136811 -0.000009 0.000001  0.655836 0.467582 1.167355
129  3.075975 -0.667967 1.277702  0.576931 0.308264 -1.428722
130  1.064592 0.000015 0.000007  0.033617 -0.121419 -0.912821
131  0.640358 -0.000015 -0.000005  -0.108657 -0.029695 -0.536900
132  3.392416 -0.245369 0.728377  0.095883 0.335853 -1.812189
133  1.532737 -0.000003 0.000000  0.007295 0.017263 -0.827373
134  0.833153 0.000005 0.000007  -0.078600 -0.073123 -1.086552
135  3.590112 -3.090295 1.193972  1.635457 1.210566 1.548541
136  3.589558 -3.089880 -1.196373  -1.505736 1.210473 -1.592853
137  -0.436558 4.719026 -0.001077  -0.000472 -1.570733 1.692976
138  0.000000 2.775452 -0.000236  -0.135089 0.000001 -0.000000
139  0.000000 3.189772 0.000008  0.207820 0.000000 0.000000
140  -0.000000 3.504648 0.000047  -0.261876 0.000000 -0.000000
141  -0.000000 2.863197 -0.000002  -0.051268 -0.000000 -0.000000
time 16
0  1.380443 -1.993066 35.773121  1.570862 0.000000 -0.000000
1  0.002636 43.025146 0.734438  -0.005735 0.245919 0.054196
2  3.061858 -4.181012 -0.610804  -1.484268 -0.787463 -1.483063
3  18.476776 0.000158 0.000001  -0.000264 -0.056584 0.724791
4  17.490082 0.000118 0.000004  0.354895 0.878714 -0.946783
5  -3.065330 -4.183578 -0.611479  -0.944754 0.282640 -2.075770
6  18.474854 -0.000035 -0.000008  -0.002117 0.045263 0.583884
7  17.489584 0.001916 -0.000006  0.489223 -0.172005 -1.553970
8  -0.000117 -0.048886 -0.576226  1.556409 0.297017 1.604352
9  3.224484 0.767046 0.000496  0.385742 0.045908 0.237903
10  3.223909 0.226399 -0.001944  0.093703 -0.040003 0.210615
11  5.187319 -1.262560 -0.001177  0.000012 0.000066 0.194111
12  6.928402 -1.935311 -0.000227  2.945724 0.228223 0.357315
13  3.236365 1.079617 0.000056  -0.402817 -0.180192 0.252677
14  0.833766 3.805357 0.692955  -0.040491 0.554886 1.469873
15  0.000043 6.792211 0.000035  0.007990 0.036071 -0.011408
16  -0.000065 7.744814 0.000014  -0.017443 -0.155305 0.068153
17  0.000076 7.809698 0.000018  -0.033636 0.005026 0.006140
18  -0.000023 7.867675 0.000018  -0.073328 -0.127910 0.026376
19  3.494697 -1.749090 -3.006912  0.152545 2.070420 1.936946
20  0.000120 4.478321 0.000019  -0.194659 0.310432 -0.234995
21  0.000047 4.636120 -0.000029  0.035821 0.324593 -0.151768
22  -0.000044 5.008648 0.000011  0.075997 -0.286564 0.276092
23  0.000064 4.781155 0.000010  0.904398 -2.690904 -0.015798
24  2.253045 1.989064 -3.350107  -1.523636 1.324497 0.112396
25  0.000162 6.589466 0.000171  0.206355 -0.002129 -0.080394
26  0.000044 7.491413 0.000041  -0.333512 0.184454 -0.191167
27  0.000029 7.660303 -0.000052  -0.063176 0.127195 -0.062116
28  0.000009 7.256270 0.000018  -0.052938 -0.487830 0.313810
29  -0.791160 2.265120 -1.234655  -0.753901 1.136378 0.824671
30  -0.000259 8.572262 -0.000091  -0.222843 -0.296789 0.176503
31  -0.000093 8.117213 0.000048  0.072256 0.772520 -0.285588
32  -0.000084 8.230034 -0.000068  -0.080491 -0.347232 0.072253
33  0.000057 7.366730 0.000055  -0.015394 -0.663892 0.062742
34  0.224220 0.240133 -3.218158  -0.877395 1.468889 0.577812
35  -0.000101 7.721050 -0.000310  -0.283828 0.060496 -0.167555
36  -0.000030 7.374855 -0.000004  0.007536 -0.195020 0.049540
37  0.000077 6.848102 0.000010  0.005485 0.006496 -0.033650
38  -0.000051 7.777865 0.000010  -0.186096 0.182474 -0.152846
39  -1.514462 2.104654 -1.150168  -0.029092 0.541321 1.555678
40  -0.000171 6.982347 -0.000077  -0.199700 -0.041213 0.153489
41  0.000042 8.382853 -0.000072  0.044866 0.587987 -0.257960
42  0.000015 8.697703 -0.000025  -0.102636 -0.474319 0.290943
43  0.000055 8.921804 -0.000004  -0.076258 0.581004 -0.195603
44  1.196196 2.899160 -2.353086  -0.449718 1.030106 1.287428
45  0.000108 5.476944 0.000007  0.285573 -0.099353 -0.038446
46  -0.000073 6.060438 -0.000090  -0.155020 -0.575032 0.384608
47  0.000019 5.994264 0.000029  0.033940 0.288575 -0.067729
48  -0.000008 6.100489 0.000001  -0.068406 0.299273 -0.162153
49  0.000033 6.916758 0.000009  -0.096317 0.220533 -0.107965
50  0.000147 6.435061 -0.000045  -0.037459 0.171630 -0.116573
51  1.092803 3.649518 -1.738795  -0.148600 0.876612 1.445020
52  -0.000125 6.792204 -0.000101  0.008285 0.107792 -0.048643
53  -0.000089 7.744777 -0.000031  0.057137 -0.256893 0.015458
54  0.000085 9.115020 -0.000037  -0.020393 0.256253 -0.142636
55  3.494518 -1.749098 3.007063  0.118401 1.106975 1.813812
56  0.000016 4.323830 0.000088  -0.229907 -0.770943 0.449224
57  0.000029 4.872891 -0.000022  0.367242 -0.664052 -0.254032
58  0.000004 5.056647 0.000095  -0.511236 0.856586 -0.546323
59  2.292462 1.708617 3.661675  -1.762552 1.789111 -0.218966
60  -0.000174 6.589437 0.000270  -0.007133 -0.169123 0.176906
61  0.000173 7.491490 -0.000147  -0.132413 -0.107098 0.179330
62  -0.000139 8.249661 0.000144  0.041913 -0.058209 0.015814
63  0.000074 8.605234 -0.000027  0.101584 0.501824 -0.079698
64  -0.240486 2.066076 2.349267  -0.357330 2.461715 1.296081
65  -0.000088 7.721102 -0.000005  -0.208230 -0.126223 -0.116495
66  -0.000121 7.374854 -0.000045  -0.111019 0.046939 -0.046464
67  -0.000039 6.848062 -0.000028  0.273532 0.247522 0.299909
68  0.000033 7.777826 -0.000043  0.072921 0.186148 -0.052690
69  -0.000083 8.178052 0.000011  -0.087029 -0.422849 -0.381358
70  1.617604 3.431413 2.399265  -0.249455 2.569516 1.508572
71  -0.000159 5.476945 -0.000029  0.057730 0.074072 0.060285
72  -0.000093 6.060493 -0.000006  -0.015204 0.015650 -0.152066
73  0.000026 5.994253 0.000011  -0.126212 -0.157657 0.153302
74  -0.000079 7.076871 -0.000044  -0.008118 0.010385 0.036400
75  0.000004 7.089869 -0.000071  0.070875 0.098587 -0.025893
76  0.361114 0.886684 3.287745  -0.576372 1.978710 0.939013
77  -0.000067 6.686644 0.000224  -0.146568 0.414164 -0.327707
78  -0.000013 7.638017 0.000012  -0.079523 -0.025948 0.130955
79  -0.000032 7.290236 -0.000024  0.025325 -0.093908 0.023963
80  -0.000034 6.530370 0.000006  -0.261847 -0.300601 0.006735
81  0.000065 7.224882 0.000011  0.036505 0.032480 -0.175823
82  1.071899 3.225797 1.570114  -0.043806 2.859976 1.526248
83  0.000416 6.748899 -0.000067  -0.062703 0.083784 0.022202
84  -0.000049 8.002641 0.000026  -0.067496 -0.117209 -0.115600
85  0.000012 8.580572 -0.000096  0.088213 -0.007188 0.334603
86  0.000173 8.689837 -0.000042  0.065327 -0.412430 -0.134516
87  -1.514535 2.104641 0.318055  -0.024895 3.094491 1.569497
88  0.000187 6.982285 0.000011  -0.107588 -0.057625 -0.215715
89  -0.000007 8.382872 -0.000068  0.135031 -0.099913 0.287073
90  -0.000056 8.697672 0.000022  -0.148090 -0.510100 0.044838
91  -0.000139 8.921824 0.000078  -0.236827 -0.892638 0.098804
92  3.553620 -3.478040 2.409276  0.000819 0.762047 1.535310
93  0.000002 4.476907 -0.000007  -0.151002 -0.588331 0.377259
94  0.000032 4.514127 -0.000023  -0.228865 -2.996200 0.592368
95  0.000044 4.518384 -0.000021  0.143172 2.612779 0.693384
96  0.000023 3.598336 0.000023  -0.749301 0.869852 -0.773231
97  4.209917 -0.440345 1.018824  -2.526955 -1.354267 0.747926
98  4.265507 1.434235 -0.404993  -2.504796 -1.120487 0.659178
99  9.400234 0.017941 0.083206  0.107169 -0.041093 -1.894520
100  10.242421 0.033588 0.064483  2.704062 -0.327064 -0.182041
101  3.465861 -0.059679 0.016694  -0.024618 0.066117 0.048242
102  1.655591 -0.000022 0.000014  -0.054152 0.040915 0.134263
103  0.960770 -0.000002 -0.000011  -0.019813 0.056934 0.069928
104  3.462033 -0.064248 0.939910  0.235041 -0.258593 0.221128
105  1.497177 -0.000007 0.000029  -0.471334 0.122032 0.328582
106  0.793760 0.000004 -0.000001  0.007467 -0.022148 -0.041669
107  0.591667 -0.460693 0.835211  -0.990352 -0.699925 -0.593940
108  1.556140 0.000000 0.000003  -0.161171 -0.035426 0.104744
109  1.135905 0.000014 0.000005  0.092173 -0.034692 0.171724
110  3.084274 -0.668822 -1.257083  -0.719959 0.492259 -0.174094
111  1.064201 0.000002 0.000004  0.014668 0.047879 -0.272243
112  0.640337 0.000007 -0.000006  0.005244 -0.042475 0.313383
113  3.396824 -0.242139 -0.708685  -0.498390 0.132860 -0.297369
114  1.532964 0.000004 0.000014  0.002276 0.003673 0.207653
115  0.832968 -0.000004 -0.000001  0.011549 0.017886 -0.214858
116  4.209938 -0.440342 -1.019278  1.182413 2.024626 -0.530477
117  4.266744 1.424944 0.424939  1.224315 0.853303 -0.588187
118  9.398568 0.011948 -0.082522  -0.100360 0.053818 -1.705983
119  10.242439 0.028176 -0.062910  -0.549166 0.595310 -0.221476
120  3.465752 -0.067525 0.002270  -0.251777 0.252774 -1.713647
121  1.655561 0.000004 0.000006  -0.144095 0.179854 -1.052057
122  0.960912 0.000006 -0.000000  0.011808 0.146957 -0.725736
123  3.466862 -0.077781 -0.920908  -0.479335 0.117442 -1.701701
124  1.497260 -0.000035 -0.000023  -0.554403 0.302516 -0.943305
125  0.793790 -0.000002 0.000001  -0.168415 0.323430 -0.668950
126  0.595080 -0.467149 -0.829175  2.691748 0.694696 -0.675402
127  1.555674 0.000016 -0.000002  0.678223 0.521306 1.222057
128  1.136812 -0.000005 -0.000002  0.661138 0.468033 1.172915
129  3.075978 -0.667966 1.277702  0.575924 0.309144 -1.428039
130  1.064593 0.000016 0.000016  0.033869 -0.121518 -0.915774
131  0.640364 -0.000015 -0.000004  -0.108696 -0.029894 -0.538495
132  3.392414 -0.245368 0.728378  0.093938 0.336432 -1.815251
133  1.532737 -0.000008 0.000000  0.007216 0.017344 -0.830494
134  0.833152 0.000002 0.000004  -0.078478 -0.073477 -1.091812
135  3.590108 -3.090295 1.193972  1.635457 1.210566 1.548541
136  3.589556 -3.089880 -1.196373  -1.505736 1.210473 -1.592853
137  -0.436561 4.719026 -0.001076  -0.000591 -1.570733 1.693251
138  -0.000000 2.775458 -0.000236  -0.135089 0.000001 -0.000000
139  0.000000 3.189774 0.000008  0.207820 0.000000 0.000000
140  0.000000 3.504652 0.000045  -0.261876 -0.000000 -0.000000
141  -0.000000 2.863199 -0.000002  -0.051268 -0.000000 -0.000000
time 17
0  1.263164 -1.979429 35.544712  1.570862 0.000000 -0.000000
1  0.002636 43.025146 0.734438  -0.018289 0.255320 0.057648
2  3.061857 -4.181010 -0.610804  -1.491645 -0.790866 -1.485675
3  18.476776 0.000162 0.000000  -0.000802 -0.058427 0.748238
4  17.490088 0.000117 0.000003  0.371470 0.891858 -0.943114
5  -3.065330 -4.183576 -0.611480  -0.949426 0.282786 -2.088559
6  18.474859 -0.000034 -0.000010  -0.001524 0.049084 0.631100
7  17.489582 0.001917 -0.000008  0.493749 -0.167287 -1.583144
8  -0.000117 -0.048884 -0.576226  1.557364 0.274231 1.602126
9  3.224485 0.767046 0.000496  0.325618 0.019503 0.226770
10  3.223912 0.226399 -0.001944  0.100653 -0.049465 0.171857
11  5.187321 -1.262560 -0.001177  0.000012 0.000066 0.194111
12  6.928409 -1.935312 -0.000228  2.954012 0.222002 0.348648
13  3.236364 1.079609 0.000057  -0.369549 -0.181940 0.195989
14  0.833758 3.805347 0.692955  -0.040491 0.554886 1.469873
15  0.000042 6.792210 0.000037  0.007990 0.036071 -0.011408
16  -0.000068 7.744813 0.000017  -0.017443 -0.155305 0.068153
17  0.000071 7.809706 0.000016  -0.033636 0.005026 0.006140
18  -0.000028 7.867679 0.000016  -0.073328 -0.127910 0.026376
19  3.494701 -1.749097 -3.006913  0.152545 2.070420 1.936946
20  0.000120 4.478321 0.000018  -0.194659 0.310432 -0.234994
21  0.000048 4.636117 -0.000031  0.035821 0.324592 -0.151768
22  -0.000042 5.008660 0.000015  0.075997 -0.286564 0.276092
23  0.000064 4.781166 0.000010  0.904398 -2.690904 -0.015798
24  2.253034 1.989051 -3.350106  -1.523636 1.324498 0.112396
25  0.000160 6.589461 0.000169  0.206355 -0.002129 -0.080394
26  0.000042 7.491411 0.000041  -0.333512 0.184454 -0.191168
27  0.000026 7.660307 -0.000060  -0.063176 0.127195 -0.062115
28  0.000004 7.256269 0.000018  -0.052938 -0.487830 0.313810
29  -0.791164 2.265115 -1.234656  -0.753901 1.136378 0.824671
30  -0.000256 8.572262 -0.000091  -0.222843 -0.296789 0.176503
31  -0.000094 8.117212 0.000048  0.072256 0.772520 -0.285588
32  -0.000080 8.230036 -0.000070  -0.080491 -0.347232 0.072253
33  0.000063 7.366724 0.000055  -0.015394 -0.663892 0.062742
34  0.224214 0.240121 -3.218158  -0.877395 1.468889 0.577812
35  -0.000103 7.721063 -0.000304  -0.283828 0.060496 -0.167555
36  -0.000029 7.374854 -0.000001  0.007536 -0.195020 0.049540
37  0.000076 6.848100 0.000007  0.005485 0.006496 -0.033650
38  -0.000051 7.777860 0.000010  -0.186096 0.182474 -0.152846
39  -1.514476 2.104639 -1.150167  -0.029092 0.541321 1.555678
40  -0.000167 6.982349 -0.000077  -0.199699 -0.041213 0.153489
41  0.000039 8.382864 -0.000073  0.044866 0.587987 -0.257960
42  0.000012 8.697695 -0.000025  -0.102636 -0.474319 0.290943
43  0.000057 8.921805 -0.000003  -0.076258 0.581004 -0.195603
44  1.196191 2.899151 -2.353086  -0.449719 1.030106 1.287428
45  0.000105 5.476938 0.000006  0.285573 -0.099353 -0.038446
46  -0.000075 6.060442 -0.000092  -0.155020 -0.575032 0.384608
47  0.000018 5.994258 0.000029  0.033940 0.288575 -0.067729
48  -0.000009 6.100492 0.000002  -0.068406 0.299273 -0.162153
49  0.000037 6.916754 0.000010  -0.096317 0.220533 -0.107965
50  0.000149 6.435059 -0.000043  -0.037459 0.171630 -0.116573
51  1.092798 3.649512 -1.738795  -0.148600 0.876612 1.445020
52  -0.000131 6.792201 -0.000099  0.008285 0.107792 -0.048643
53  -0.000092 7.744778 -0.000031  0.057137 -0.256893 0.015458
54  0.000085 9.115026 -0.000038  -0.020393 0.256253 -0.142636
55  3.494510 -1.749111 3.007064  0.118401 1.106975 1.813812
56  0.000016 4.323830 0.000086  -0.229907 -0.770943 0.449224
57  0.000028 4.872903 -0.000020  0.367242 -0.664052 -0.254032
58  0.000006 5.056649 0.000094  -0.511236 0.856586 -0.546323
59  2.292466 1.708610 3.661675  -1.762553 1.789111 -0.218966
60  -0.000174 6.589433 0.000279  -0.007133 -0.169123 0.176906
61  0.000172 7.491498 -0.000152  -0.132413 -0.107097 0.179330
62  -0.000139 8.249658 0.000142  0.041913 -0.058209 0.015814
63  0.000070 8.605238 -0.000030  0.101584 0.501824 -0.079698
64  -0.240486 2.066070 2.349266  -0.357330 2.461715 1.296081
65  -0.000093 7.721105 -0.000004  -0.208229 -0.126223 -0.116495
66  -0.000122 7.374866 -0.000048  -0.111019 0.046939 -0.046464
67  -0.000034 6.848063 -0.000026  0.273532 0.247522 0.299909
68  0.000032 7.777824 -0.000042  0.072921 0.186148 -0.052690
69  -0.000085 8.178052 0.000010  -0.087029 -0.422849 -0.381358
70  1.617602 3.431406 2.399264  -0.249455 2.569516 1.508572
71  -0.000163 5.476947 -0.000030  0.057730 0.074071 0.060285
72  -0.000091 6.060494 -0.000006  -0.015204 0.015650 -0.152066
73  0.000027 5.994248 0.000010  -0.126212 -0.157657 0.153302
74  -0.000078 7.076870 -0.000047  -0.008118 0.010384 0.036400
75  0.000002 7.089865 -0.000070  0.070875 0.098587 -0.025893
76  0.361108 0.886676 3.287745  -0.576372 1.978710 0.939013
77  -0.000065 6.686643 0.000229  -0.146568 0.414164 -0.327707
78  -0.000012 7.638021 0.000015  -0.079523 -0.025948 0.130955
79  -0.000031 7.290230 -0.000027  0.025325 -0.093908 0.023963
80  -0.000034 6.530364 0.000006  -0.261847 -0.300601 0.006735
81  0.000063 7.224884 0.000010  0.036505 0.032480 -0.175823
82  1.071898 3.225795 1.570114  -0.043806 2.859976 1.526248
83  0.000417 6.748897 -0.000065  -0.062703 0.083784 0.022202
84  -0.000047 8.002648 0.000026  -0.067496 -0.117209 -0.115600
85  0.000011 8.580571 -0.000097  0.088213 -0.007188 0.334603
86  0.000170 8.689832 -0.000042  0.065327 -0.412430 -0.134516
87  -1.514540 2.104634 0.318055  -0.024895 3.094491 1.569497
88  0.000197 6.982283 0.000011  -0.107588 -0.057625 -0.215715
89  -0.000010 8.382876 -0.000068  0.135031 -0.099913 0.287073
90  -0.000064 8.697669 0.000024  -0.148090 -0.510100 0.044838
91  -0.000139 8.921822 0.000082  -0.236827 -0.892638 0.098804
92  3.553611 -3.478052 2.409276  0.000819 0.762047 1.535310
93  0.000001 4.476898 -0.000010  -0.151002 -0.588331 0.377259
94  0.000030 4.514122 -0.000023  -0.228865 -2.996200 0.592368
95  0.000041 4.518389 -0.000022  0.143172 2.612779 0.693384
96  0.000025 3.598327 0.000022  -0.749301 0.869852 -0.773231
97  4.209919 -0.440345 1.018823  -2.539234 -1.364102 0.761681
98  4.265505 1.434229 -0.404992  -2.351721 -1.072506 0.511097
99  9.400233 0.017942 0.083204  0.107036 -0.041257 -1.891745
100  10.242422 0.033591 0.064481  2.703473 -0.301491 -0.211101
101  3.465855 -0.059679 0.016688  -0.025098 0.063863 0.040615
102  1.655596 -0.000023 0.000028  -0.053752 0.039588 0.132047
103  0.960771 -0.000002 -0.000007  -0.018758 0.057145 0.070665
104  3.462027 -0.064247 0.939903  0.236247 -0.259182 0.212077
105  1.497177 -0.000010 0.000024  -0.471688 0.120982 0.324547
106  0.793759 0.000004 -0.000002  0.007261 -0.021759 -0.042608
107  0.591660 -0.460692 0.835204  -0.990981 -0.699463 -0.595926
108  1.556139 0.000002 -0.000003  -0.163496 -0.034270 0.107456
109  1.135902 0.000015 0.000002  0.091885 -0.035667 0.170229
110  3.084266 -0.668822 -1.257082  -0.720724 0.490409 -0.181648
111  1.064201 -0.000004 0.000000  0.014833 0.048296 -0.273616
112  0.640337 -0.000002 -0.000004  0.004275 -0.042115 0.307424
113  3.396819 -0.242139 -0.708688  -0.497385 0.131955 -0.302154
114  1.532966 0.000005 0.000006  0.002578 0.003690 0.202073
115  0.832975 -0.000002 -0.000005  0.010669 0.017425 -0.214932
116  4.209942 -0.440342 -1.019280  1.192057 2.021133 -0.522261
117  4.266744 1.424954 0.424936  1.098217 0.938995 -0.713351
118  9.398561 0.011951 -0.082522  -0.093529 0.058810 -1.596895
119  10.242443 0.028174 -0.062907  -0.533097 0.601550 -0.270353
120  3.465747 -0.067526 0.002268  -0.252067 0.252960 -1.713803
121  1.655558 0.000001 0.000006  -0.144262 0.179890 -1.053141
122  0.960910 -0.000001 0.000002  0.011838 0.146914 -0.725553
123  3.466856 -0.077782 -0.920909  -0.478677 0.117257 -1.701778
124  1.497260 -0.000039 -0.000022  -0.554721 0.302790 -0.944515
125  0.793792 -0.000008 -0.000001  -0.168054 0.323000 -0.668481
126  0.595080 -0.467153 -0.829177  2.705887 0.695598 -0.671794
127  1.555683 0.000017 -0.000004  0.681265 0.521578 1.225904
128  1.136813 -0.000012 0.000000  0.666473 0.468419 1.178503
129  3.075975 -0.667969 1.277700  0.574922 0.310055 -1.427355
130  1.064592 0.000021 0.000005  0.034121 -0.121617 -0.918730
131  0.640359 -0.000011 -0.000000  -0.108734 -0.030093 -0.540090
132  3.392411 -0.245368 0.728377  0.091973 0.336992 -1.818344
133  1.532735 -0.000008 -0.000002  0.007137 0.017425 -0.833615
134  0.833155 0.000005 0.000007  -0.078355 -0.073829 -1.097074
135  3.590115 -3.090295 1.193972  1.635457 1.210566 1.548541
136  3.589562 -3.089880 -1.196372  -1.505736 1.210473 -1.592853
137  -0.436555 4.719026 -0.001076  -0.000650 -1.570733 1.692997
138  0.000000 2.775454 -0.000236  -0.135089 0.000001 -0.000000
139  0.000000 3.189763 0.000008  0.207820 0.000000 0.000000
140  0.000000 3.504653 0.000045  -0.261876 -0.000000 -0.000000
141  0.000000 2.863198 -0.000002  -0.051268 0.000000 -0.000000
time 18
0  1.140022 -1.946332 35.310593  1.570862 0.000000 -0.000000
1  0.002636 43.025146 0.734438  -0.031104 0.263395 0.060924
2  3.061857 -4.181013 -0.610803  -1.499117 -0.793803 -1.486987
3  18.476772 0.000156 0.000000  -0.001360 -0.060184 0.770747
4  17.490086 0.000118 0.000003  0.386251 0.904142 -0.939595
5  -3.065330 -4.183582 -0.611480  -0.954459 0.282458 -2.101583
6  18.474854 -0.000033 -0.000009  -0.000760 0.052833 0.677836
7  17.489584 0.001915 -0.000008  0.497401 -0.163634 -1.611664
8  -0.000118 -0.048886 -0.576226  1.558348 0.251947 1.599401
9  3.224491 0.767049 0.000495  0.272793 -0.004424 0.219263
10  3.223902 0.226399 -0.001944  0.108294 -0.056254 0.137552
11  5.187316 -1.262560 -0.001177  0.000012 0.000066 0.194111
12  6.928413 -1.935314 -0.000227  2.962803 0.215307 0.339792
13  3.236367 1.079611 0.000056  -0.343538 -0.184880 0.146160
14  0.833754 3.805351 0.692955  -0.040491 0.554886 1.469873
15  0.000035 6.792214 0.000041  0.007990 0.036071 -0.011408
16  -0.000068 7.744810 0.000013  -0.017443 -0.155305 0.068152
17  0.000069 7.809702 0.000018  -0.033636 0.005026 0.006140
18  -0.000026 7.867676 0.000017  -0.073328 -0.127910 0.026376
19  3.494691 -1.749096 -3.006912  0.152545 2.070420 1.936946
20  0.000120 4.478320 0.000016  -0.194659 0.310432 -0.234994
21  0.000048 4.636118 -0.000029  0.035821 0.324592 -0.151768
22  -0.000042 5.008655 0.000011  0.075997 -0.286564 0.276092
23  0.000064 4.781165 0.000009  0.904398 -2.690904 -0.015798
24  2.253031 1.989056 -3.350106  -1.523636 1.324497 0.112396
25  0.000161 6.589459 0.000170  0.206355 -0.002129 -0.080394
26  0.000042 7.491407 0.000044  -0.333513 0.184454 -0.191168
27  0.000025 7.660304 -0.000056  -0.063176 0.127195 -0.062116
28  0.000009 7.256267 0.000021  -0.052938 -0.487830 0.313810
29  -0.791165 2.265117 -1.234656  -0.753901 1.136378 0.824671
30  -0.000257 8.572267 -0.000092  -0.222843 -0.296789 0.176503
31  -0.000095 8.117211 0.000047  0.072256 0.772520 -0.285588
32  -0.000082 8.230034 -0.000078  -0.080491 -0.347232 0.072253
33  0.000062 7.366724 0.000052  -0.015394 -0.663892 0.062741
34  0.224210 0.240123 -3.218158  -0.877395 1.468889 0.577812
35  -0.000102 7.721052 -0.000313  -0.283828 0.060496 -0.167555
36  -0.000029 7.374851 -0.000003  0.007536 -0.195020 0.049540
37  0.000073 6.848104 0.000009  0.005485 0.006496 -0.033650
38  -0.000052 7.777869 0.000007  -0.186096 0.182474 -0.152846
39  -1.514468 2.104649 -1.150168  -0.029092 0.541321 1.555678
40  -0.000171 6.982354 -0.000078  -0.199700 -0.041213 0.153489
41  0.000039 8.382856 -0.000072  0.044866 0.587987 -0.257960
42  0.000015 8.697700 -0.000026  -0.102636 -0.474319 0.290943
43  0.000054 8.921805 -0.000001  -0.076258 0.581004 -0.195603
44  1.196184 2.899150 -2.353086  -0.449719 1.030106 1.287428
45  0.000103 5.476935 0.000008  0.285573 -0.099353 -0.038446
46  -0.000071 6.060441 -0.000089  -0.155020 -0.575032 0.384608
47  0.000020 5.994262 0.000029  0.033940 0.288575 -0.067730
48  -0.000007 6.100491 0.000000  -0.068406 0.299273 -0.162153
49  0.000032 6.916760 0.000007  -0.096317 0.220533 -0.107965
50  0.000149 6.435055 -0.000048  -0.037459 0.171630 -0.116573
51  1.092793 3.649515 -1.738795  -0.148600 0.876612 1.445020
52  -0.000128 6.792195 -0.000101  0.008284 0.107792 -0.048643
53  -0.000092 7.744783 -0.000029  0.057137 -0.256893 0.015458
54  0.000088 9.115024 -0.000036  -0.020393 0.256253 -0.142636
55  3.494514 -1.749104 3.007063  0.118401 1.106975 1.813812
56  0.000014 4.323832 0.000088  -0.229907 -0.770943 0.449224
57  0.000028 4.872896 -0.000021  0.367242 -0.664052 -0.254032
58  0.000003 5.056657 0.000092  -0.511236 0.856586 -0.546323
59  2.292459 1.708613 3.661675  -1.762552 1.789111 -0.218966
60  -0.000172 6.589442 0.000274  -0.007133 -0.169123 0.176906
61  0.000173 7.491496 -0.000147  -0.132413 -0.107098 0.179330
62  -0.000140 8.249662 0.000143  0.041913 -0.058209 0.015814
63  0.000072 8.605234 -0.000026  0.101584 0.501824 -0.079698
64  -0.240490 2.066071 2.349267  -0.357330 2.461715 1.296081
65  -0.000086 7.721106 -0.000005  -0.208230 -0.126223 -0.116495
66  -0.000126 7.374863 -0.000047  -0.111019 0.046939 -0.046464
67  -0.000038 6.848063 -0.000026  0.273532 0.247522 0.299909
68  0.000033 7.777826 -0.000044  0.072921 0.186148 -0.052690
69  -0.000085 8.178053 0.000011  -0.087029 -0.422849 -0.381358
70  1.617597 3.431409 2.399265  -0.249455 2.569516 1.508572
71  -0.000160 5.476948 -0.000028  0.057730 0.074072 0.060285
72  -0.000088 6.060492 -0.000008  -0.015204 0.015650 -0.152066
73  0.000028 5.994252 0.000010  -0.126212 -0.157657 0.153302
74  -0.000075 7.076869 -0.000047  -0.008118 0.010385 0.036400
75  0.000008 7.089866 -0.000069  0.070875 0.098587 -0.025893
76  0.361106 0.886681 3.287746  -0.576372 1.978710 0.939013
77  -0.000069 6.686635 0.000219  -0.146568 0.414164 -0.327707
78  -0.000011 7.638021 0.000015  -0.079523 -0.025948 0.130955
79  -0.000032 7.290227 -0.000019  0.025325 -0.093908 0.023963
80  -0.000034 6.530370 0.000007  -0.261847 -0.300601 0.006735
81  0.000062 7.224880 0.000008  0.036505 0.032480 -0.175823
82  1.071894 3.225795 1.570115  -0.043806 2.859976 1.526248
83  0.000410 6.748902 -0.000067  -0.062703 0.083784 0.022202
84  -0.000042 8.002640 0.000026  -0.067496 -0.117209 -0.115600
85  0.000011 8.580568 -0.000098  0.088213 -0.007188 0.334603
86  0.000171 8.689833 -0.000041  0.065327 -0.412430 -0.134516
87  -1.514539 2.104636 0.318055  -0.024895 3.094491 1.569497
88  0.000195 6.982285 0.000011  -0.107588 -0.057625 -0.215715
89  -0.000010 8.382878 -0.000068  0.135031 -0.099913 0.287073
90  -0.000063 8.697671 0.000023  -0.148090 -0.510100 0.044838
91  -0.000138 8.921822 0.000080  -0.236827 -0.892638 0.098804
92  3.553611 -3.478047 2.409277  0.000819 0.762047 1.535310
93  -0.000003 4.476899 -0.000004  -0.151002 -0.588331 0.377259
94  0.000031 4.514123 -0.000023  -0.228865 -2.996200 0.592368
95  0.000043 4.518389 -0.000025  0.143172 2.612778 0.693384
96  0.000024 3.598326 0.000023  -0.749301 0.869852 -0.773231
97  4.209924 -0.440348 1.018824  -2.555056 -1.375253 0.779117
98  4.265505 1.434230 -0.404991  -2.263099 -1.051151 0.435660
99  9.400233 0.017941 0.083200  0.106409 -0.042022 -1.878692
100  10.242422 0.033595 0.064478  2.717082 -0.273081 -0.220750
101  3.465856 -0.059679 0.016697  -0.025624 0.061353 0.031848
102  1.655590 -0.000022 0.000028  -0.053294 0.038141 0.129544
103  0.960771 -0.000002 -0.000005  -0.017512 0.057331 0.071538
104  3.462029 -0.064246 0.939912  0.237699 -0.259809 0.201802
105  1.497178 -0.000006 0.000028  -0.472100 0.119788 0.319972
106  0.793760 0.000003 0.000001  0.006989 -0.021302 -0.043661
107  0.591664 -0.460692 0.835207  -0.991692 -0.698915 -0.598204
108  1.556142 0.000006 0.000002  -0.166125 -0.032994 0.110527
109  1.135904 0.000016 0.000003  0.091645 -0.036695 0.168553
110  3.084270 -0.668821 -1.257082  -0.721584 0.488336 -0.190349
111  1.064201 -0.000007 0.000003  0.014985 0.048786 -0.275105
112  0.640334 0.000002 -0.000003  0.003221 -0.041679 0.300671
113  3.396825 -0.242138 -0.708689  -0.496263 0.130989 -0.307620
114  1.532967 0.000007 0.000007  0.002879 0.003694 0.195697
115  0.832973 -0.000006 -0.000001  0.009623 0.016880 -0.215010
116  4.209949 -0.440345 -1.019279  1.202020 2.017564 -0.513737
117  4.266743 1.424942 0.424938  0.998855 0.985707 -0.816941
118  9.398568 0.011950 -0.082513  -0.088665 0.061725 -1.523782
119  10.242438 0.028173 -0.062911  -0.509604 0.603598 -0.317184
120  3.465750 -0.067526 0.002268  -0.252358 0.253146 -1.713959
121  1.655561 0.000008 0.000004  -0.144431 0.179926 -1.054226
122  0.960914 0.000001 -0.000000  0.011868 0.146872 -0.725371
123  3.466856 -0.077780 -0.920911  -0.478020 0.117072 -1.701855
124  1.497260 -0.000038 -0.000024  -0.555040 0.303062 -0.945725
125  0.793785 -0.000011 0.000003  -0.167865 0.322736 -0.667921
126  0.595081 -0.467151 -0.829177  2.720042 0.696461 -0.668168
127  1.555672 0.000018 -0.000004  0.684309 0.521787 1.229719
128  1.136811 -0.000010 -0.000002  0.671821 0.468779 1.184106
129  3.075973 -0.667966 1.277700  0.573921 0.310966 -1.426670
130  1.064595 0.000019 0.000015  0.034457 -0.121877 -0.921682
131  0.640362 -0.000016 -0.000007  -0.108747 -0.030388 -0.541737
132  3.392412 -0.245368 0.728376  0.090005 0.337547 -1.821439
133  1.532740 -0.000016 -0.000003  0.007057 0.017506 -0.836737
134  0.833155 0.000010 0.000003  -0.078131 -0.074230 -1.102352
135  3.590108 -3.090295 1.193972  1.635457 1.210566 1.548541
136  3.589554 -3.089880 -1.196372  -1.505736 1.210473 -1.592853
137  -0.436562 4.719026 -0.001076  -0.000399 -1.570733 1.693104
138  -0.000000 2.775459 -0.000237  -0.135089 0.000001 -0.000000
139  -0.000000 3.189774 0.000007  0.207820 -0.000000 0.000000
140  -0.000000 3.504649 0.000046  -0.261876 -0.000000 -0.000000
141  -0.000000 2.863200 -0.000002  -0.051268 0.000000 -0.000000
time 19
0  1.011016 -1.905452 35.087898  1.570862 0.000000 -0.000000
1  0.002636 43.025146 0.734438  -0.044118 0.270920 0.063996
2  3.061857 -4.181008 -0.610804  -1.506230 -0.795408 -1.487707
3  18.476778 0.000157 -0.000001  -0.001874 -0.061692 0.790214
4  17.490088 0.000118 0.000004  0.400393 0.915730 -0.934588
5  -3.065330 -4.183575 -0.611480  -0.959327 0.282951 -2.113629
6  18.474855 -0.000034 -0.000011  0.000104 0.056271 0.721134
7  17.489582 0.001916 -0.000007  0.500323 -0.160217 -1.638042
8  -0.000117 -0.048883 -0.576226  1.559846 0.232907 1.596256
9  3.224488 0.767048 0.000496  0.242830 -0.021564 0.217382
10  3.223906 0.226399 -0.001945  0.113616 -0.058541 0.112256
11  5.187321 -1.262560 -0.001177  0.000012 0.000066 0.194111
12  6.928409 -1.935313 -0.000228  2.971847 0.208447 0.330881
13  3.236368 1.079611 0.000056  -0.339161 -0.191622 0.110873
14  0.833765 3.805357 0.692956  -0.040491 0.554886 1.469873
15  0.000041 6.792204 0.000040  0.007990 0.036071 -0.011408
16  -0.000067 7.744820 0.000014  -0.017443 -0.155305 0.068153
17  0.000072 7.809703 0.000017  -0.033636 0.005026 0.006140
18  -0.000024 7.867673 0.000017  -0.073328 -0.127910 0.026376
19  3.494707 -1.749089 -3.006912  0.152545 2.070420 1.936946
20  0.000119 4.478319 0.000018  -0.194659 0.310432 -0.234995
21  0.000048 4.636123 -0.000029  0.035821 0.324592 -0.151768
22  -0.000042 5.008658 0.000013  0.075997 -0.286564 0.276092
23  0.000062 4.781163 0.000010  0.904398 -2.690904 -0.015798
24  2.253047 1.989066 -3.350106  -1.523636 1.324497 0.112396
25  0.000164 6.589463 0.000170  0.206355 -0.002129 -0.080394
26  0.000046 7.491412 0.000046  -0.333513 0.184454 -0.191168
27  0.000023 7.660310 -0.000053  -0.063176 0.127195 -0.062116
28  0.000005 7.256272 0.000013  -0.052938 -0.487830 0.313810
29  -0.791155 2.265122 -1.234655  -0.753901 1.136378 0.824671
30  -0.000262 8.572257 -0.000091  -0.222843 -0.296789 0.176503
31  -0.000097 8.117218 0.000048  0.072256 0.772520 -0.285588
32  -0.000078 8.230035 -0.000067  -0.080491 -0.347232 0.072253
33  0.000058 7.366726 0.000054  -0.015394 -0.663892 0.062742
34  0.224223 0.240133 -3.218157  -0.877395 1.468889 0.577812
35  -0.000102 7.721055 -0.000314  -0.283828 0.060496 -0.167555
36  -0.000031 7.374849 -0.000000  0.007536 -0.195020 0.049540
37  0.000078 6.848100 0.000006  0.005485 0.006496 -0.033650
38  -0.000051 7.777864 0.000006  -0.186096 0.182474 -0.152846
39  -1.514460 2.104656 -1.150167  -0.029092 0.541321 1.555678
40  -0.000170 6.982345 -0.000079  -0.199699 -0.041213 0.153489
41  0.000040 8.382860 -0.000073  0.044866 0.587987 -0.257960
42  0.000012 8.697706 -0.000028  -0.102636 -0.474319 0.290943
43  0.000056 8.921812 -0.000003  -0.076258 0.581004 -0.195603
44  1.196196 2.899158 -2.353085  -0.449718 1.030106 1.287428
45  0.000106 5.476942 0.000005  0.285573 -0.099353 -0.038445
46  -0.000074 6.060441 -0.000092  -0.155020 -0.575032 0.384609
47  0.000017 5.994261 0.000028  0.033940 0.288575 -0.067730
48  -0.000006 6.100480 0.000002  -0.068406 0.299273 -0.162153
49  0.000037 6.916759 0.000008  -0.096317 0.220533 -0.107965
50  0.000150 6.435061 -0.000047  -0.037459 0.171630 -0.116572
51  1.092803 3.649519 -1.738794  -0.148600 0.876612 1.445020
52  -0.000131 6.792206 -0.000104  0.008284 0.107792 -0.048643
53  -0.000090 7.744776 -0.000032  0.057137 -0.256893 0.015458
54  0.000083 9.115026 -0.000033  -0.020393 0.256253 -0.142636
55  3.494523 -1.749099 3.007065  0.118401 1.106975 1.813812
56  0.000016 4.323832 0.000090  -0.229907 -0.770943 0.449224
57  0.000029 4.872898 -0.000023  0.367242 -0.664052 -0.254032
58  0.000005 5.056646 0.000095  -0.511236 0.856586 -0.546323
59  2.292472 1.708617 3.661676  -1.762552 1.789111 -0.218965
60  -0.000173 6.589442 0.000272  -0.007133 -0.169123 0.176906
61  0.000174 7.491498 -0.000153  -0.132413 -0.107098 0.179330
62  -0.000140 8.249663 0.000141  0.041913 -0.058209 0.015814
63  0.000074 8.605240 -0.000024  0.101584 0.501824 -0.079698
64  -0.240483 2.066073 2.349268  -0.357330 2.461715 1.296081
65  -0.000090 7.721107 -0.000004  -0.208230 -0.126223 -0.116495
66  -0.000121 7.374863 -0.000045  -0.111019 0.046939 -0.046464
67  -0.000034 6.848064 -0.000027  0.273532 0.247522 0.299909
68  0.000034 7.777824 -0.000044  0.072921 0.186148 -0.052690
69  -0.000083 8.178057 0.000013  -0.087029 -0.422849 -0.381358
70  1.617612 3.431414 2.399266  -0.249455 2.569516 1.508572
71  -0.000163 5.476948 -0.000029  0.057730 0.074072 0.060285
72  -0.000095 6.060498 -0.000004  -0.015204 0.015650 -0.152065
73  0.000028 5.994249 0.000011  -0.126212 -0.157657 0.153302
74  -0.000078 7.076877 -0.000048  -0.008118 0.010384 0.036400
75  0.000000 7.089873 -0.000067  0.070875 0.098587 -0.025893
76  0.361115 0.886683 3.287746  -0.576372 1.978710 0.939013
77  -0.000066 6.686647 0.000225  -0.146568 0.414164 -0.327707
78  -0.000012 7.638019 0.000013  -0.079523 -0.025948 0.130955
79  -0.000031 7.290229 -0.000022  0.025325 -0.093908 0.023963
80  -0.000033 6.530371 0.000007  -0.261847 -0.300600 0.006735
81  0.000066 7.224882 0.000007  0.036505 0.032480 -0.175823
82  1.071897 3.225798 1.570115  -0.043806 2.859976 1.526248
83  0.000416 6.748902 -0.000065  -0.062703 0.083784 0.022202
84  -0.000050 8.002647 0.000027  -0.067496 -0.117209 -0.115600
85  0.000013 8.580567 -0.000098  0.088213 -0.007188 0.334603
86  0.000171 8.689837 -0.000042  0.065327 -0.412430 -0.134516
87  -1.514527 2.104646 0.318055  -0.024895 3.094491 1.569497
88  0.000192 6.982289 0.000011  -0.107588 -0.057625 -0.215715
89  -0.000008 8.382879 -0.000067  0.135031 -0.099913 0.287073
90  -0.000062 8.697670 0.000024  -0.148090 -0.510100 0.044838
91  -0.000141 8.921822 0.000079  -0.236827 -0.892638 0.098804
92  3.553619 -3.478041 2.409277  0.000819 0.762047 1.535310
93  0.000001 4.476904 -0.000008  -0.151002 -0.588331 0.377259
94  0.000032 4.514121 -0.000023  -0.228865 -2.996200 0.592368
95  0.000043 4.518381 -0.000021  0.143172 2.612778 0.693385
96  0.000022 3.598333 0.000023  -0.749301 0.869852 -0.773231
97  4.209917 -0.440346 1.018823  0.567670 -1.754671 -2.341943
98  4.265506 1.434229 -0.404992  -2.214537 -1.061967 0.399504
99  9.400235 0.017942 0.083201  0.105494 -0.043102 -1.860010
100  10.242420 0.033588 0.064480  2.744994 -0.246107 -0.221061
101  3.465852 -0.059678 0.016696  -0.026144 0.058659 0.022746
102  1.655594 -0.000021 0.000025  -0.052839 0.036657 0.126861
103  0.960768 -0.000002 -0.000019  -0.016266 0.057515 0.072412
104  3.462025 -0.064246 0.939907  0.239142 -0.260496 0.190982
105  1.497178 -0.000007 0.000018  -0.472532 0.118560 0.315147
106  0.793760 0.000004 -0.000007  0.006781 -0.020890 -0.044844
107  0.591661 -0.460692 0.835203  -0.992511 -0.698311 -0.600532
108  1.556136 0.000001 0.000002  -0.168867 -0.031596 0.113681
109  1.135904 0.000021 0.000004  0.091360 -0.037814 0.166873
110  3.084268 -0.668820 -1.257090  -0.722496 0.486092 -0.199326
111  1.064195 -0.000004 0.000005  0.015132 0.049288 -0.276716
112  0.640334 0.000003 -0.000004  0.002059 -0.041204 0.293553
113  3.396821 -0.242138 -0.708694  -0.495022 0.129900 -0.313357
114  1.532969 0.000009 0.000008  0.003240 0.003755 0.189016
115  0.832973 -0.000003 0.000003  0.008577 0.016336 -0.215086
116  4.209939 -0.440342 -1.019280  1.212127 2.014059 -0.504943
117  4.266746 1.424943 0.424937  0.956469 1.003320 -0.862578
118  9.398567 0.011952 -0.082515  -0.086214 0.063018 -1.488066
119  10.242442 0.028180 -0.062907  -0.485078 0.604292 -0.354229
120  3.465749 -0.067527 0.002268  -0.252648 0.253333 -1.714115
121  1.655559 0.000006 0.000007  -0.144598 0.179961 -1.055309
122  0.960907 0.000007 0.000001  0.011897 0.146838 -0.725173
123  3.466855 -0.077782 -0.920908  -0.477362 0.116887 -1.701932
124  1.497259 -0.000035 -0.000024  -0.555411 0.303355 -0.946970
125  0.793798 -0.000011 0.000001  -0.167589 0.322389 -0.667407
126  0.595081 -0.467151 -0.829176  2.734210 0.697284 -0.664523
127  1.555668 0.000018 -0.000005  0.687358 0.522020 1.233562
128  1.136814 -0.000017 0.000000  0.677161 0.469130 1.189700
129  3.075974 -0.667968 1.277702  0.572920 0.311878 -1.425987
130  1.064595 0.000022 0.000010  0.034739 -0.122028 -0.924640
131  0.640361 -0.000015 -0.000014  -0.108852 -0.030575 -0.543335
132  3.392411 -0.245370 0.728378  0.088036 0.338096 -1.824536
133  1.532738 -0.000010 -0.000004  0.006978 0.017586 -0.839858
134  0.833154 0.000007 0.000004  -0.077950 -0.074581 -1.107432
135  3.590112 -3.090295 1.193972  1.635457 1.210566 1.548541
136  3.589561 -3.089880 -1.196372  -1.505736 1.210473 -1.592853
137  -0.436560 4.719026 -0.001076  -0.000480 -1.570733 1.692921
138  -0.000000 2.775451 -0.000235  -0.135089 0.000001 -0.000000
139  -0.000000 3.189772 0.000008  0.207820 -0.000000 0.000000
140  -0.000000 3.504641 0.000046  -0.261876 -0.000000 -0.000000
141  0.000000 2.863192 -0.000002  -0.051268 -0.000000 -0.000000
time 20
0  0.876146 -1.856788 34.865204  1.570862 0.000000 -0.000000
1  0.002636 43.025146 0.734438  -0.056963 0.278884 0.067029
2  3.061857 -4.181012 -0.610803  -1.512710 -0.796636 -1.488487
3  18.476772 0.000159 -0.000001  -0.002372 -0.063070 0.808115
4  17.490088 0.000117 0.000004  0.414722 0.927041 -0.928239
5  -3.065329 -4.183570 -0.611479  -0.964098 0.284254 -2.124715
6  18.474857 -0.000034 -0.000009  0.001055 0.059476 0.761979
7  17.489584 0.001915 -0.000007  0.503021 -0.156452 -1.663020
8  -0.000117 -0.048882 -0.576226  1.561844 0.217045 1.592314
9  3.224484 0.767045 0.000495  0.238432 -0.029819 0.221161
10  3.223907 0.226399 -0.001944  0.117035 -0.054816 0.098975
11  5.187315 -1.262560 -0.001177  0.000012 0.000066 0.194111
12  6.928406 -1.935313 -0.000228  2.980905 0.201761 0.321930
13  3.236370 1.079615 0.000057  -0.361572 -0.200934 0.095243
14  0.833757 3.805354 0.692956  -0.040491 0.554886 1.469873
15  0.000043 6.792210 0.000038  0.007990 0.036071 -0.011408
16  -0.000063 7.744823 0.000016  -0.017443 -0.155305 0.068153
17  0.000078 7.809697 0.000017  -0.033636 0.005026 0.006140
18  -0.000029 7.867671 0.000017  -0.073328 -0.127910 0.026376
19  3.494696 -1.749093 -3.006912  0.152545 2.070420 1.936946
20  0.000119 4.478312 0.000017  -0.194659 0.310432 -0.234994
21  0.000047 4.636113 -0.000030  0.035821 0.324593 -0.151768
22  -0.000041 5.008651 0.000015  0.075997 -0.286564 0.276092
23  0.000063 4.781165 0.000010  0.904398 -2.690904 -0.015798
24  2.253034 1.989056 -3.350106  -1.523636 1.324497 0.112396
25  0.000161 6.589458 0.000169  0.206355 -0.002129 -0.080394
26  0.000044 7.491412 0.000041  -0.333513 0.184454 -0.191168
27  0.000025 7.660307 -0.000056  -0.063176 0.127195 -0.062116
28  0.000006 7.256275 0.000016  -0.052938 -0.487830 0.313810
29  -0.791168 2.265118 -1.234655  -0.753901 1.136378 0.824671
30  -0.000260 8.572261 -0.000093  -0.222843 -0.296789 0.176503
31  -0.000093 8.117209 0.000047  0.072256 0.772520 -0.285588
32  -0.000085 8.230032 -0.000071  -0.080491 -0.347232 0.072253
33  0.000058 7.366724 0.000055  -0.015394 -0.663892 0.062742
34  0.224216 0.240130 -3.218158  -0.877395 1.468889 0.577812
35  -0.000100 7.721050 -0.000314  -0.283828 0.060496 -0.167555
36  -0.000031 7.374857 -0.000004  0.007536 -0.195020 0.049540
37  0.000075 6.848104 0.000009  0.005485 0.006496 -0.033650
38  -0.000052 7.777864 0.000009  -0.186096 0.182474 -0.152846
39  -1.514477 2.104646 -1.150166  -0.029092 0.541321 1.555678
40  -0.000172 6.982352 -0.000079  -0.199700 -0.041213 0.153489
41  0.000035 8.382867 -0.000072  0.044866 0.587987 -0.257960
42  0.000011 8.697698 -0.000027  -0.102636 -0.474319 0.290943
43  0.000053 8.921807 -0.000004  -0.076258 0.581004 -0.195603
44  1.196182 2.899151 -2.353085  -0.449719 1.030106 1.287428
45  0.000109 5.476941 0.000005  0.285573 -0.099353 -0.038445
46  -0.000072 6.060436 -0.000094  -0.155020 -0.575032 0.384609
47  0.000018 5.994263 0.000028  0.033940 0.288575 -0.067730
48  -0.000008 6.100483 0.000005  -0.068406 0.299273 -0.162153
49  0.000033 6.916761 0.000009  -0.096317 0.220533 -0.107965
50  0.000150 6.435059 -0.000044  -0.037459 0.171630 -0.116573
51  1.092794 3.649515 -1.738794  -0.148600 0.876612 1.445020
52  -0.000124 6.792203 -0.000106  0.008285 0.107792 -0.048643
53  -0.000087 7.744772 -0.000031  0.057137 -0.256893 0.015458
54  0.000084 9.115018 -0.000038  -0.020393 0.256253 -0.142636
55  3.494514 -1.749103 3.007064  0.118401 1.106975 1.813812
56  0.000014 4.323833 0.000086  -0.229907 -0.770943 0.449224
57  0.000029 4.872891 -0.000022  0.367242 -0.664052 -0.254032
58  0.000006 5.056647 0.000092  -0.511236 0.856586 -0.546323
59  2.292452 1.708612 3.661677  -1.762552 1.789111 -0.218965
60  -0.000173 6.589439 0.000276  -0.007133 -0.169122 0.176906
61  0.000173 7.491496 -0.000154  -0.132413 -0.107098 0.179330
62  -0.000142 8.249655 0.000141  0.041913 -0.058209 0.015814
63  0.000072 8.605236 -0.000026  0.101584 0.501824 -0.079698
64  -0.240491 2.066074 2.349268  -0.357330 2.461715 1.296082
65  -0.000084 7.721101 -0.000002  -0.208230 -0.126223 -0.116495
66  -0.000123 7.374862 -0.000045  -0.111019 0.046939 -0.046464
67  -0.000035 6.848063 -0.000026  0.273532 0.247522 0.299909
68  0.000034 7.777828 -0.000044  0.072921 0.186148 -0.052690
69  -0.000079 8.178054 0.000011  -0.087029 -0.422849 -0.381358
70  1.617597 3.431407 2.399266  -0.249455 2.569516 1.508572
71  -0.000165 5.476944 -0.000028  0.057730 0.074072 0.060285
72  -0.000091 6.060487 -0.000006  -0.015204 0.015650 -0.152065
73  0.000027 5.994250 0.000010  -0.126212 -0.157657 0.153302
74  -0.000078 7.076871 -0.000046  -0.008118 0.010385 0.036400
75  0.000003 7.089865 -0.000069  0.070875 0.098587 -0.025893
76  0.361107 0.886683 3.287747  -0.576372 1.978710 0.939013
77  -0.000068 6.686647 0.000224  -0.146569 0.414164 -0.327707
78  -0.000013 7.638017 0.000011  -0.079523 -0.025948 0.130955
79  -0.000031 7.290230 -0.000025  0.025325 -0.093908 0.023963
80  -0.000033 6.530366 0.000005  -0.261847 -0.300601 0.006735
81  0.000064 7.224884 0.000009  0.036505 0.032480 -0.175823
82  1.071894 3.225796 1.570115  -0.043806 2.859976 1.526248
83  0.000423 6.748900 -0.000066  -0.062702 0.083784 0.022202
84  -0.000044 8.002648 0.000026  -0.067496 -0.117209 -0.115600
85  0.000011 8.580570 -0.000097  0.088213 -0.007188 0.334603
86  0.000172 8.689832 -0.000041  0.065327 -0.412430 -0.134516
87  -1.514539 2.104638 0.318055  -0.024895 3.094491 1.569497
88  0.000190 6.982285 0.000012  -0.107588 -0.057625 -0.215715
89  -0.000009 8.382877 -0.000067  0.135031 -0.099913 0.287073
90  -0.000061 8.697677 0.000023  -0.148090 -0.510100 0.044838
91  -0.000135 8.921821 0.000077  -0.236827 -0.892638 0.098804
92  3.553609 -3.478047 2.409278  0.000819 0.762047 1.535310
93  -0.000001 4.476897 -0.000006  -0.151002 -0.588331 0.377259
94  0.000032 4.514121 -0.000024  -0.228865 -2.996200 0.592368
95  0.000043 4.518390 -0.000022  0.143172 2.612779 0.693384
96  0.000021 3.598334 0.000024  -0.749301 0.869852 -0.773231
97  4.209918 -0.440346 1.018823  0.546887 -1.743306 -2.319635
98  4.265505 1.434234 -0.404992  -2.198867 -1.097952 0.387683
99  9.400234 0.017941 0.083206  0.104529 -0.044198 -1.840743
100  10.242419 0.033590 0.064483  2.783449 -0.223358 -0.217782
101  3.465857 -0.059679 0.016695  -0.026637 0.056042 0.013762
102  1.655594 -0.000022 0.000028  -0.052313 0.035217 0.124356
103  0.960768 -0.000002 -0.000016  -0.015019 0.057711 0.073345
104  3.462030 -0.064245 0.939908  0.240631 -0.261148 0.180409
105  1.497178 -0.000006 0.000027  -0.472948 0.117318 0.310461
106  0.793760 0.000003 0.000010  0.006507 -0.020427 -0.045958
107  0.591664 -0.460692 0.835208  -0.993241 -0.697828 -0.602858
108  1.556142 0.000006 0.000004  -0.171608 -0.030244 0.116858
109  1.135904 0.000015 0.000006  0.091077 -0.038933 0.165193
110  3.084271 -0.668821 -1.257083  -0.723297 0.483979 -0.208122
111  1.064203 0.000002 0.000007  0.015341 0.049793 -0.278264
112  0.640341 0.000010 -0.000008  0.000949 -0.040756 0.286561
113  3.396824 -0.242137 -0.708689  -0.493842 0.128921 -0.318942
114  1.532970 0.000004 -0.000002  0.003541 0.003759 0.182460
115  0.832974 -0.000005 -0.000007  0.007588 0.015810 -0.215131
116  4.209939 -0.440344 -1.019280  1.221981 2.010679 -0.496491
117  4.266746 1.424940 0.424937  0.975895 1.004396 -0.840149
118  9.398565 0.011949 -0.082520  -0.086010 0.063121 -1.485116
119  10.242438 0.028173 -0.062907  -0.462873 0.604637 -0.377091
120  3.465746 -0.067525 0.002266  -0.252938 0.253519 -1.714270
121  1.655558 0.000005 0.000007  -0.144766 0.179996 -1.056394
122  0.960902 0.000005 0.000002  0.011924 0.146804 -0.724975
123  3.466853 -0.077780 -0.920912  -0.476704 0.116702 -1.702009
124  1.497259 -0.000033 -0.000023  -0.555782 0.303647 -0.948216
125  0.793796 -0.000007 0.000001  -0.167313 0.322042 -0.666893
126  0.595080 -0.467151 -0.829179  2.748390 0.698068 -0.660860
127  1.555674 0.000020 -0.000003  0.690408 0.522243 1.237406
128  1.136811 -0.000014 -0.000002  0.682504 0.469455 1.195297
129  3.075975 -0.667967 1.277696  0.571924 0.312771 -1.425314
130  1.064596 0.000023 0.000014  0.034931 -0.122013 -0.927538
131  0.640361 -0.000010 -0.000008  -0.108886 -0.030792 -0.544947
132  3.392409 -0.245368 0.728373  0.086075 0.338647 -1.827612
133  1.532738 -0.000012 -0.000001  0.006875 0.017665 -0.842978
134  0.833152 0.000004 0.000006  -0.077977 -0.074887 -1.112852
135  3.590104 -3.090295 1.193972  1.635457 1.210566 1.548541
136  3.589550 -3.089880 -1.196372  -1.505736 1.210473 -1.592853
137  -0.436564 4.719026 -0.001076  -0.000577 -1.570733 1.692956
138  0.000000 2.775460 -0.000236  -0.135089 0.000001 -0.000000
139  0.000000 3.189772 0.000008  0.207820 -0.000000 0.000000
140  0.000000 3.504649 0.000046  -0.261876 0.000000 -0.000000
141  -0.000000 2.863200 -0.000003  -0.051268 0.000000 -0.000000
time 21
0  0.741276 -1.806177 34.625378  1.570862 0.000000 -0.000000
1  0.002636 43.025146 0.734438  -0.069570 0.287968 0.069959
2  3.061857 -4.181015 -0.610803  -1.518158 -0.799002 -1.490169
3  18.476774 0.000158 0.000000  -0.002915 -0.064487 0.826647
4  17.490089 0.000116 0.000005  0.430050 0.938491 -0.920875
5  -3.065330 -4.183580 -0.611480  -0.968760 0.286172 -2.135084
6  18.474859 -0.000034 -0.000009  0.002116 0.062583 0.802101
7  17.489582 0.001916 -0.000006  0.506181 -0.151648 -1.687828
8  -0.000117 -0.048887 -0.576226  1.563824 0.202290 1.587298
9  3.224482 0.767047 0.000496  0.248204 -0.031852 0.228638
10  3.223907 0.226399 -0.001944  0.120959 -0.046314 0.094610
11  5.187316 -1.262560 -0.001177  0.000012 0.000066 0.194111
12  6.928408 -1.935314 -0.000227  2.989550 0.195629 0.313066
13  3.236368 1.079614 0.000057  -0.401354 -0.210035 0.095729
14  0.833761 3.805351 0.692956  -0.040491 0.554886 1.469873
15  0.000033 6.792210 0.000038  0.007990 0.036071 -0.011408
16  -0.000068 7.744816 0.000016  -0.017443 -0.155305 0.068153
17  0.000075 7.809700 0.000019  -0.033635 0.005026 0.006140
18  -0.000027 7.867676 0.000016  -0.073328 -0.127910 0.026376
19  3.494700 -1.749096 -3.006912  0.152545 2.070420 1.936946
20  0.000120 4.478324 0.000019  -0.194659 0.310432 -0.234994
21  0.000047 4.636117 -0.000028  0.035821 0.324593 -0.151768
22  -0.000042 5.008654 0.000015  0.075997 -0.286564 0.276092
23  0.000064 4.781168 0.000012  0.904398 -2.690904 -0.015798
24  2.253038 1.989058 -3.350106  -1.523636 1.324497 0.112396
25  0.000164 6.589463 0.000171  0.206355 -0.002129 -0.080394
26  0.000042 7.491413 0.000045  -0.333513 0.184454 -0.191168
27  0.000023 7.660306 -0.000058  -0.063176 0.127195 -0.062116
28  0.000005 7.256268 0.000017  -0.052938 -0.487830 0.313810
29  -0.791159 2.265115 -1.234655  -0.753901 1.136378 0.824671
30  -0.000258 8.572262 -0.000089  -0.222843 -0.296789 0.176503
31  -0.000093 8.117214 0.000050  0.072256 0.772520 -0.285588
32  -0.000081 8.230034 -0.000071  -0.080491 -0.347232 0.072253
33  0.000058 7.366725 0.000053  -0.015394 -0.663892 0.062742
34  0.224220 0.240126 -3.218158  -0.877395 1.468889 0.577812
35  -0.000101 7.721053 -0.000309  -0.283828 0.060496 -0.167555
36  -0.000028 7.374852 -0.000002  0.007536 -0.195020 0.049540
37  0.000075 6.848101 0.000007  0.005485 0.006497 -0.033650
38  -0.000050 7.777863 0.000008  -0.186096 0.182474 -0.152846
39  -1.514468 2.104646 -1.150167  -0.029092 0.541321 1.555678
40  -0.000170 6.982349 -0.000076  -0.199700 -0.041213 0.153489
41  0.000035 8.382870 -0.000073  0.044866 0.587987 -0.257960
42  0.000014 8.697701 -0.000026  -0.102636 -0.474319 0.290943
43  0.000057 8.921806 -0.000002  -0.076258 0.581004 -0.195603
44  1.196190 2.899150 -2.353086  -0.449719 1.030106 1.287428
45  0.000106 5.476940 0.000005  0.285573 -0.099353 -0.038446
46  -0.000074 6.060437 -0.000086  -0.155020 -0.575032 0.384608
47  0.000019 5.994265 0.000030  0.033940 0.288575 -0.067730
48  -0.000004 6.100488 0.000001  -0.068406 0.299273 -0.162153
49  0.000035 6.916753 0.000005  -0.096317 0.220533 -0.107965
50  0.000150 6.435060 -0.000045  -0.037459 0.171630 -0.116573
51  1.092799 3.649515 -1.738794  -0.148600 0.876612 1.445020
52  -0.000130 6.792202 -0.000103  0.008285 0.107792 -0.048643
53  -0.000087 7.744777 -0.000029  0.057137 -0.256893 0.015458
54  0.000086 9.115024 -0.000037  -0.020393 0.256253 -0.142636
55  3.494515 -1.749105 3.007064  0.118401 1.106975 1.813812
56  0.000015 4.323833 0.000088  -0.229907 -0.770943 0.449224
57  0.000029 4.872895 -0.000021  0.367242 -0.664052 -0.254032
58  0.000003 5.056650 0.000094  -0.511236 0.856586 -0.546323
59  2.292467 1.708614 3.661675  -1.762552 1.789111 -0.218965
60  -0.000172 6.589445 0.000274  -0.007133 -0.169122 0.176906
61  0.000172 7.491502 -0.000146  -0.132413 -0.107098 0.179330
62  -0.000141 8.249655 0.000140  0.041913 -0.058209 0.015814
63  0.000073 8.605236 -0.000031  0.101584 0.501824 -0.079698
64  -0.240485 2.066070 2.349267  -0.357330 2.461715 1.296082
65  -0.000088 7.721104 -0.000001  -0.208230 -0.126223 -0.116495
66  -0.000124 7.374861 -0.000045  -0.111019 0.046939 -0.046464
67  -0.000037 6.848063 -0.000028  0.273532 0.247522 0.299909
68  0.000034 7.777826 -0.000044  0.072921 0.186148 -0.052690
69  -0.000088 8.178055 0.000011  -0.087029 -0.422849 -0.381358
70  1.617604 3.431407 2.399265  -0.249455 2.569516 1.508572
71  -0.000161 5.476941 -0.000030  0.057730 0.074072 0.060285
72  -0.000092 6.060498 -0.000005  -0.015204 0.015650 -0.152066
73  0.000026 5.994254 0.000010  -0.126212 -0.157657 0.153302
74  -0.000078 7.076878 -0.000048  -0.008118 0.010385 0.036400
75  0.000001 7.089866 -0.000069  0.070875 0.098587 -0.025893
76  0.361112 0.886682 3.287746  -0.576372 1.978710 0.939013
77  -0.000069 6.686643 0.000221  -0.146568 0.414164 -0.327707
78  -0.000011 7.638017 0.000010  -0.079523 -0.025948 0.130955
79  -0.000030 7.290232 -0.000023  0.025325 -0.093908 0.023963
80  -0.000034 6.530366 0.000005  -0.261847 -0.300601 0.006735
81  0.000066 7.224886 0.000008  0.036505 0.032480 -0.175823
82  1.071898 3.225793 1.570115  -0.043806 2.859976 1.526248
83  0.000411 6.748903 -0.000067  -0.062703 0.083784 0.022202
84  -0.000049 8.002645 0.000027  -0.067496 -0.117209 -0.115600
85  0.000009 8.580569 -0.000098  0.088213 -0.007188 0.334603
86  0.000172 8.689830 -0.000042  0.065327 -0.412430 -0.134516
87  -1.514538 2.104635 0.318056  -0.024895 3.094491 1.569497
88  0.000195 6.982290 0.000011  -0.107588 -0.057625 -0.215715
89  -0.000012 8.382871 -0.000068  0.135031 -0.099913 0.287073
90  -0.000065 8.697665 0.000023  -0.148090 -0.510100 0.044838
91  -0.000134 8.921831 0.000079  -0.236827 -0.892638 0.098804
92  3.553616 -3.478051 2.409277  0.000819 0.762047 1.535310
93  -0.000001 4.476908 -0.000009  -0.151002 -0.588331 0.377259
94  0.000032 4.514114 -0.000023  -0.228865 -2.996200 0.592368
95  0.000043 4.518383 -0.000021  0.143172 2.612778 0.693384
96  0.000022 3.598327 0.000022  -0.749301 0.869852 -0.773231
97  4.209916 -0.440346 1.018824  0.525288 -1.733164 -2.296697
98  4.265505 1.434232 -0.404992  -2.213374 -1.145326 0.398100
99  9.400234 0.017941 0.083195  0.103692 -0.045115 -1.824367
100  10.242420 0.033591 0.064485  2.825732 -0.204939 -0.210401
101  3.465857 -0.059679 0.016689  -0.027131 0.053692 0.005676
102  1.655596 -0.000023 0.000023  -0.051906 0.033855 0.121960
103  0.960769 -0.000002 -0.000013  -0.013902 0.057922 0.074085
104  3.462029 -0.064247 0.939906  0.241974 -0.261658 0.170851
105  1.497177 -0.000010 0.000023  -0.473299 0.116252 0.306238
106  0.793760 0.000004 0.000002  0.006299 -0.020033 -0.046959
107  0.591661 -0.460692 0.835209  -0.993965 -0.697313 -0.604901
108  1.556141 0.000000 0.000000  -0.174038 -0.029001 0.119671
109  1.135902 0.000021 0.000002  0.090791 -0.039924 0.163640
110  3.084269 -0.668822 -1.257085  -0.724059 0.481978 -0.216073
111  1.064201 -0.000000 0.000009  0.015493 0.050277 -0.279692
112  0.640339 0.000005 -0.000007  -0.000076 -0.040389 0.280303
113  3.396821 -0.242139 -0.708685  -0.492726 0.127967 -0.324023
114  1.532973 0.000009 0.000005  0.003842 0.003778 0.176580
115  0.832977 -0.000007 0.000003  0.006600 0.015283 -0.215175
116  4.209939 -0.440343 -1.019279  1.232614 2.007243 -0.487125
117  4.266746 1.424941 0.424938  1.033756 0.997216 -0.773340
118  9.398561 0.011949 -0.082518  -0.087346 0.062435 -1.504488
119  10.242438 0.028180 -0.062910  -0.442661 0.604605 -0.387641
120  3.465744 -0.067527 0.002262  -0.253240 0.253736 -1.714409
121  1.655559 0.000011 0.000005  -0.144942 0.180020 -1.057481
122  0.960905 0.000010 -0.000003  0.011963 0.146780 -0.724794
123  3.466853 -0.077782 -0.920914  -0.476058 0.116526 -1.702089
124  1.497259 -0.000036 -0.000022  -0.556154 0.303939 -0.949461
125  0.793793 -0.000011 -0.000001  -0.167039 0.321695 -0.666379
126  0.595080 -0.467150 -0.829182  2.762585 0.698812 -0.657182
127  1.555674 0.000016 -0.000004  0.693460 0.522455 1.241250
128  1.136811 -0.000017 -0.000003  0.687850 0.469752 1.200896
129  3.075973 -0.667967 1.277694  0.570929 0.313666 -1.424641
130  1.064592 0.000021 0.000011  0.035227 -0.122121 -0.930503
131  0.640362 -0.000011 -0.000008  -0.108919 -0.031008 -0.546557
132  3.392411 -0.245369 0.728369  0.084111 0.339192 -1.830690
133  1.532738 -0.000018 -0.000000  0.006773 0.017743 -0.846096
134  0.833152 0.000008 0.000006  -0.077846 -0.075251 -1.118108
135  3.590107 -3.090295 1.193972  1.635457 1.210566 1.548541
136  3.589557 -3.089880 -1.196373  -1.505736 1.210473 -1.592853
137  -0.436560 4.719025 -0.001076  -0.000651 -1.570733 1.693157
138  0.000001 2.775455 -0.000236  -0.135089 0.000001 -0.000000
139  0.000000 3.189770 0.000008  0.207820 -0.000000 0.000000
140  -0.000000 3.504646 0.000046  -0.261876 0.000000 -0.000000
141  0.000000 2.863202 -0.000002  -0.051268 -0.000000 -0.000000
time 22
0  0.606406 -1.759458 34.385551  1.570862 0.000000 -0.000000
1  0.002636 43.025146 0.734438  -0.081606 0.299225 0.072866
2  3.061857 -4.181011 -0.610803  -1.522444 -0.802315 -1.493146
3  18.476776 0.000159 0.000000  -0.003483 -0.065893 0.845181
4  17.490086 0.000117 0.000004  0.447812 0.950324 -0.911117
5  -3.065330 -4.183574 -0.611480  -0.973124 0.289492 -2.143918
6  18.474857 -0.000034 -0.000005  0.003241 0.065499 0.840310
7  17.489584 0.001915 -0.000005  0.510169 -0.145100 -1.711878
8  -0.000117 -0.048882 -0.576226  1.565868 0.188096 1.581778
9  3.224483 0.767047 0.000496  0.266028 -0.030448 0.238211
10  3.223912 0.226399 -0.001944  0.125140 -0.035141 0.095396
11  5.187321 -1.262560 -0.001177  0.000012 0.000066 0.194111
12  6.928412 -1.935313 -0.000228  2.997508 0.190323 0.304316
13  3.236369 1.079614 0.000057  -0.451672 -0.218420 0.106660
14  0.833764 3.805358 0.692955  -0.040491 0.554886 1.469873
15  0.000039 6.792208 0.000039  0.007990 0.036071 -0.011408
16  -0.000067 7.744818 0.000015  -0.017443 -0.155305 0.068153
17  0.000071 7.809708 0.000019  -0.033636 0.005026 0.006140
18  -0.000023 7.867674 0.000018  -0.073328 -0.127910 0.026376
19  3.494700 -1.749090 -3.006912  0.152546 2.070420 1.936946
20  0.000121 4.478319 0.000018  -0.194659 0.310432 -0.234995
21  0.000047 4.636113 -0.000030  0.035821 0.324592 -0.151768
22  -0.000042 5.008649 0.000012  0.075997 -0.286564 0.276092
23  0.000064 4.781167 0.000008  0.904398 -2.690904 -0.015798
24  2.253042 1.989060 -3.350107  -1.523636 1.324497 0.112396
25  0.000160 6.589462 0.000170  0.206355 -0.002129 -0.080394
26  0.000042 7.491418 0.000046  -0.333513 0.184454 -0.191168
27  0.000026 7.660306 -0.000054  -0.063176 0.127195 -0.062115
28  0.000008 7.256268 0.000019  -0.052938 -0.487830 0.313810
29  -0.791153 2.265126 -1.234656  -0.753901 1.136378 0.824671
30  -0.000258 8.572265 -0.000090  -0.222843 -0.296789 0.176503
31  -0.000095 8.117216 0.000047  0.072256 0.772520 -0.285588
32  -0.000081 8.230038 -0.000069  -0.080491 -0.347232 0.072253
33  0.000059 7.366724 0.000054  -0.015394 -0.663892 0.062742
34  0.224218 0.240130 -3.218158  -0.877395 1.468889 0.577812
35  -0.000101 7.721054 -0.000308  -0.283829 0.060496 -0.167555
36  -0.000033 7.374856 -0.000004  0.007536 -0.195020 0.049540
37  0.000075 6.848100 0.000009  0.005485 0.006497 -0.033650
38  -0.000050 7.777866 0.000011  -0.186096 0.182474 -0.152846
39  -1.514464 2.104653 -1.150167  -0.029092 0.541321 1.555678
40  -0.000170 6.982349 -0.000077  -0.199699 -0.041213 0.153489
41  0.000037 8.382861 -0.000071  0.044866 0.587987 -0.257960
42  0.000014 8.697701 -0.000026  -0.102636 -0.474319 0.290943
43  0.000055 8.921806 -0.000002  -0.076258 0.581004 -0.195603
44  1.196201 2.899162 -2.353086  -0.449719 1.030106 1.287428
45  0.000105 5.476935 0.000006  0.285573 -0.099353 -0.038445
46  -0.000076 6.060439 -0.000096  -0.155020 -0.575032 0.384608
47  0.000021 5.994262 0.000029  0.033940 0.288575 -0.067730
48  -0.000006 6.100486 0.000003  -0.068406 0.299273 -0.162153
49  0.000037 6.916758 0.000007  -0.096317 0.220533 -0.107965
50  0.000150 6.435061 -0.000041  -0.037459 0.171630 -0.116572
51  1.092798 3.649517 -1.738794  -0.148600 0.876612 1.445020
52  -0.000126 6.792194 -0.000097  0.008284 0.107792 -0.048643
53  -0.000089 7.744778 -0.000030  0.057137 -0.256893 0.015458
54  0.000082 9.115023 -0.000035  -0.020393 0.256253 -0.142636
55  3.494519 -1.749101 3.007065  0.118401 1.106975 1.813812
56  0.000014 4.323835 0.000088  -0.229907 -0.770943 0.449224
57  0.000029 4.872894 -0.000021  0.367242 -0.664052 -0.254032
58  0.000004 5.056646 0.000093  -0.511236 0.856586 -0.546323
59  2.292473 1.708620 3.661676  -1.762552 1.789111 -0.218965
60  -0.000172 6.589441 0.000274  -0.007133 -0.169123 0.176906
61  0.000173 7.491501 -0.000152  -0.132413 -0.107098 0.179330
62  -0.000142 8.249660 0.000140  0.041913 -0.058209 0.015814
63  0.000072 8.605238 -0.000021  0.101584 0.501824 -0.079698
64  -0.240482 2.066079 2.349267  -0.357330 2.461715 1.296081
65  -0.000087 7.721105 -0.000002  -0.208230 -0.126223 -0.116495
66  -0.000124 7.374861 -0.000046  -0.111019 0.046939 -0.046464
67  -0.000039 6.848066 -0.000027  0.273532 0.247522 0.299909
68  0.000033 7.777822 -0.000044  0.072921 0.186148 -0.052690
69  -0.000083 8.178055 0.000012  -0.087029 -0.422849 -0.381358
70  1.617609 3.431416 2.399265  -0.249455 2.569516 1.508572
71  -0.000164 5.476942 -0.000031  0.057730 0.074072 0.060285
72  -0.000091 6.060496 -0.000009  -0.015204 0.015650 -0.152065
73  0.000026 5.994252 0.000011  -0.126212 -0.157657 0.153302
74  -0.000077 7.076868 -0.000046  -0.008118 0.010385 0.036400
75  0.000006 7.089866 -0.000069  0.070875 0.098587 -0.025893
76  0.361112 0.886684 3.287747  -0.576372 1.978710 0.939013
77  -0.000068 6.686646 0.000222  -0.146568 0.414164 -0.327707
78  -0.000012 7.638024 0.000011  -0.079523 -0.025948 0.130955
79  -0.000033 7.290229 -0.000025  0.025325 -0.093908 0.023963
80  -0.000037 6.530364 0.000005  -0.261847 -0.300601 0.006735
81  0.000066 7.224888 0.000009  0.036505 0.032480 -0.175823
82  1.071901 3.225802 1.570115  -0.043806 2.859976 1.526248
83  0.000414 6.748899 -0.000067  -0.062703 0.083784 0.022202
84  -0.000047 8.002645 0.000025  -0.067496 -0.117209 -0.115600
85  0.000013 8.580570 -0.000097  0.088213 -0.007188 0.334603
86  0.000172 8.689833 -0.000041  0.065327 -0.412430 -0.134516
87  -1.514531 2.104643 0.318055  -0.024895 3.094491 1.569497
88  0.000195 6.982284 0.000012  -0.107588 -0.057625 -0.215715
89  -0.000010 8.382874 -0.000068  0.135031 -0.099913 0.287073
90  -0.000059 8.697673 0.000022  -0.148090 -0.510100 0.044838
91  -0.000131 8.921826 0.000077  -0.236827 -0.892638 0.098804
92  3.553618 -3.478040 2.409277  0.000819 0.762047 1.535310
93  0.000001 4.476900 -0.000007  -0.151002 -0.588331 0.377259
94  0.000033 4.514116 -0.000023  -0.228865 -2.996200 0.592368
95  0.000044 4.518386 -0.000021  0.143172 2.612778 0.693384
96  0.000022 3.598330 0.000025  -0.749301 0.869852 -0.773231
97  4.209924 -0.440345 1.018823  0.505335 -1.724988 -2.275747
98  4.265505 1.434221 -0.404992  -2.257514 -1.195107 0.433844
99  9.400233 0.017941 0.083195  0.102961 -0.045892 -1.810284
100  10.242420 0.033592 0.064483  2.866667 -0.190903 -0.201488
101  3.465855 -0.059677 0.016697  -0.027415 0.051730 -0.000850
102  1.655596 -0.000022 0.000023  -0.051550 0.032726 0.120077
103  0.960774 -0.000001 -0.000011  -0.013026 0.058046 0.074772
104  3.462029 -0.064244 0.939904  0.243022 -0.262112 0.163096
105  1.497178 -0.000008 0.000015  -0.473622 0.115370 0.302807
106  0.793759 0.000003 0.000010  0.006096 -0.019718 -0.047782
107  0.591663 -0.460691 0.835208  -0.994487 -0.696943 -0.606608
108  1.556144 -0.000001 -0.000002  -0.176044 -0.028037 0.121924
109  1.135904 0.000022 0.000002  0.090613 -0.040722 0.162407
110  3.084272 -0.668821 -1.257092  -0.724640 0.480395 -0.222526
111  1.064201 -0.000002 0.000005  0.015602 0.050662 -0.280824
112  0.640339 0.000006 -0.000012  -0.000903 -0.040088 0.275151
113  3.396821 -0.242136 -0.708684  -0.491838 0.127230 -0.328097
114  1.532970 0.000007 0.000004  0.004082 0.003815 0.171742
115  0.832973 -0.000005 0.000002  0.005837 0.014858 -0.215185
116  4.209948 -0.440343 -1.019280  1.242914 2.003890 -0.478251
117  4.266747 1.424944 0.424939  1.110154 0.984700 -0.685250
118  9.398566 0.011950 -0.082519  -0.089428 0.061300 -1.535050
119  10.242442 0.028174 -0.062912  -0.424414 0.604644 -0.389991
120  3.465742 -0.067525 0.002270  -0.253542 0.253954 -1.714549
121  1.655560 0.000007 0.000005  -0.145118 0.180044 -1.058568
122  0.960910 0.000004 -0.000001  0.012002 0.146755 -0.724612
123  3.466853 -0.077780 -0.920909  -0.475412 0.116351 -1.702168
124  1.497260 -0.000040 -0.000021  -0.556500 0.304223 -0.950711
125  0.793791 -0.000011 0.000002  -0.166764 0.321347 -0.665865
126  0.595076 -0.467150 -0.829176  2.776791 0.699515 -0.653487
127  1.555673 0.000017 -0.000005  0.696513 0.522657 1.245097
128  1.136812 -0.000010 -0.000003  0.693196 0.470023 1.206497
129  3.075969 -0.667967 1.277702  0.569934 0.314561 -1.423968
130  1.064593 0.000018 0.000008  0.035523 -0.122230 -0.933469
131  0.640362 -0.000014 -0.000004  -0.108952 -0.031224 -0.548168
132  3.392408 -0.245369 0.728377  0.082146 0.339731 -1.833770
133  1.532735 -0.000011 -0.000001  0.006684 0.017818 -0.849232
134  0.833149 0.000008 0.000008  -0.077713 -0.075615 -1.123365
135  3.590107 -3.090295 1.193972  1.635457 1.210566 1.548541
136  3.589559 -3.089880 -1.196372  -1.505736 1.210473 -1.592853
137  -0.436564 4.719025 -0.001076  -0.000642 -1.570733 1.693078
138  -0.000000 2.775450 -0.000236  -0.135089 0.000001 -0.000000
139  -0.000000 3.189772 0.000008  0.207820 0.000000 0.000000
140  0.000000 3.504649 0.000047  -0.261876 0.000000 -0.000000
141  -0.000000 2.863203 -0.000002  -0.051268 -0.000000 -0.000000
time 23
0  0.477399 -1.720522 34.140015  1.570862 0.000000 -0.000000
1  0.002636 43.025146 0.734438  -0.092851 0.313383 0.075724
2  3.061857 -4.181013 -0.610803  -1.525283 -0.806586 -1.498188
3  18.476770 0.000159 0.000000  -0.004059 -0.067247 0.863162
4  17.490084 0.000116 0.000003  0.469326 0.962640 -0.897878
5  -3.065330 -4.183580 -0.611479  -0.976760 0.294847 -2.150599
6  18.474855 -0.000033 -0.000007  0.004373 0.068140 0.875439
7  17.489586 0.001917 -0.000006  0.515037 -0.136212 -1.734620
8  -0.000118 -0.048888 -0.576226  1.567924 0.174099 1.576050
9  3.224480 0.767045 0.000495  0.285947 -0.028367 0.248297
10  3.223910 0.226399 -0.001945  0.129441 -0.023334 0.097551
11  5.187313 -1.262560 -0.001177  0.000012 0.000066 0.194111
12  6.928410 -1.935312 -0.000227  3.004545 0.186175 0.295902
13  3.236367 1.079608 0.000058  -0.505615 -0.226266 0.122207
14  0.833754 3.805351 0.692956  -0.040491 0.554886 1.469873
15  0.000039 6.792204 0.000039  0.007990 0.036071 -0.011408
16  -0.000067 7.744816 0.000014  -0.017443 -0.155305 0.068153
17  0.000074 7.809700 0.000017  -0.033636 0.005026 0.006140
18  -0.000024 7.867671 0.000018  -0.073328 -0.127910 0.026376
19  3.494695 -1.749096 -3.006912  0.152546 2.070420 1.936946
20  0.000119 4.478317 0.000019  -0.194659 0.310432 -0.234995
21  0.000049 4.636115 -0.000030  0.035821 0.324592 -0.151768
22  -0.000041 5.008650 0.000014  0.075997 -0.286564 0.276092
23  0.000065 4.781164 0.000007  0.904398 -2.690904 -0.015798
24  2.253042 1.989061 -3.350107  -1.523636 1.324497 0.112396
25  0.000161 6.589463 0.000169  0.206355 -0.002129 -0.080394
26  0.000044 7.491412 0.000041  -0.333512 0.184454 -0.191168
27  0.000021 7.660311 -0.000058  -0.063176 0.127195 -0.062115
28  0.000006 7.256269 0.000020  -0.052938 -0.487830 0.313810
29  -0.791165 2.265117 -1.234655  -0.753901 1.136378 0.824671
30  -0.000257 8.572268 -0.000091  -0.222843 -0.296789 0.176503
31  -0.000096 8.117217 0.000048  0.072256 0.772520 -0.285588
32  -0.000083 8.230032 -0.000072  -0.080491 -0.347232 0.072253
33  0.000061 7.366724 0.000053  -0.015394 -0.663892 0.062742
34  0.224213 0.240125 -3.218158  -0.877396 1.468889 0.577812
35  -0.000102 7.721048 -0.000307  -0.283828 0.060496 -0.167555
36  -0.000031 7.374851 -0.000000  0.007536 -0.195020 0.049540
37  0.000075 6.848105 0.000006  0.005485 0.006497 -0.033650
38  -0.000052 7.777867 0.000011  -0.186096 0.182474 -0.152846
39  -1.514470 2.104649 -1.150167  -0.029092 0.541321 1.555678
40  -0.000170 6.982352 -0.000076  -0.199699 -0.041213 0.153489
41  0.000040 8.382862 -0.000073  0.044866 0.587987 -0.257960
42  0.000011 8.697702 -0.000030  -0.102636 -0.474319 0.290943
43  0.000056 8.921804 -0.000004  -0.076258 0.581004 -0.195603
44  1.196189 2.899153 -2.353086  -0.449719 1.030106 1.287428
45  0.000108 5.476947 0.000005  0.285573 -0.099353 -0.038445
46  -0.000073 6.060438 -0.000089  -0.155020 -0.575032 0.384609
47  0.000020 5.994260 0.000029  0.033940 0.288575 -0.067729
48  -0.000006 6.100488 -0.000000  -0.068406 0.299273 -0.162153
49  0.000037 6.916759 0.000012  -0.096317 0.220533 -0.107965
50  0.000150 6.435056 -0.000045  -0.037459 0.171630 -0.116573
51  1.092787 3.649511 -1.738793  -0.148600 0.876612 1.445020
52  -0.000127 6.792202 -0.000103  0.008285 0.107792 -0.048643
53  -0.000089 7.744778 -0.000031  0.057137 -0.256893 0.015458
54  0.000087 9.115017 -0.000035  -0.020393 0.256253 -0.142636
55  3.494515 -1.749104 3.007064  0.118401 1.106975 1.813812
56  0.000014 4.323838 0.000085  -0.229907 -0.770943 0.449224
57  0.000028 4.872895 -0.000021  0.367242 -0.664052 -0.254032
58  0.000005 5.056647 0.000093  -0.511236 0.856586 -0.546323
59  2.292463 1.708613 3.661676  -1.762552 1.789111 -0.218965
60  -0.000173 6.589445 0.000279  -0.007133 -0.169123 0.176906
61  0.000174 7.491497 -0.000152  -0.132413 -0.107098 0.179330
62  -0.000138 8.249658 0.000142  0.041913 -0.058209 0.015814
63  0.000072 8.605238 -0.000030  0.101584 0.501824 -0.079698
64  -0.240485 2.066076 2.349267  -0.357330 2.461715 1.296081
65  -0.000087 7.721100 -0.000003  -0.208230 -0.126223 -0.116495
66  -0.000125 7.374863 -0.000048  -0.111019 0.046939 -0.046464
67  -0.000037 6.848060 -0.000026  0.273532 0.247522 0.299909
68  0.000037 7.777828 -0.000044  0.072921 0.186148 -0.052690
69  -0.000086 8.178049 0.000013  -0.087029 -0.422849 -0.381358
70  1.617600 3.431409 2.399265  -0.249455 2.569516 1.508572
71  -0.000158 5.476944 -0.000030  0.057730 0.074072 0.060285
72  -0.000090 6.060493 -0.000007  -0.015204 0.015650 -0.152065
73  0.000027 5.994255 0.000011  -0.126212 -0.157657 0.153302
74  -0.000072 7.076873 -0.000045  -0.008118 0.010385 0.036400
75  0.000002 7.089865 -0.000070  0.070875 0.098587 -0.025893
76  0.361108 0.886683 3.287745  -0.576372 1.978710 0.939013
77  -0.000065 6.686647 0.000227  -0.146568 0.414164 -0.327707
78  -0.000014 7.638018 0.000013  -0.079523 -0.025948 0.130955
79  -0.000032 7.290229 -0.000023  0.025325 -0.093908 0.023963
80  -0.000031 6.530361 0.000007  -0.261847 -0.300601 0.006735
81  0.000066 7.224877 0.000008  0.036505 0.032480 -0.175823
82  1.071887 3.225791 1.570116  -0.043806 2.859976 1.526248
83  0.000417 6.748906 -0.000067  -0.062703 0.083784 0.022202
84  -0.000047 8.002646 0.000027  -0.067496 -0.117209 -0.115600
85  0.000014 8.580576 -0.000096  0.088213 -0.007188 0.334603
86  0.000170 8.689829 -0.000041  0.065327 -0.412430 -0.134516
87  -1.514542 2.104637 0.318056  -0.024895 3.094491 1.569497
88  0.000184 6.982277 0.000011  -0.107588 -0.057625 -0.215715
89  -0.000007 8.382867 -0.000068  0.135031 -0.099913 0.287073
90  -0.000065 8.697668 0.000024  -0.148090 -0.510100 0.044838
91  -0.000136 8.921823 0.000075  -0.236827 -0.892638 0.098804
92  3.553613 -3.478046 2.409277  0.000819 0.762047 1.535310
93  0.000001 4.476901 -0.000006  -0.151002 -0.588331 0.377259
94  0.000033 4.514125 -0.000023  -0.228865 -2.996200 0.592368
95  0.000044 4.518380 -0.000023  0.143172 2.612778 0.693384
96  0.000022 3.598330 0.000023  -0.749301 0.869852 -0.773231
97  4.209919 -0.440345 1.018824  0.490927 -1.719517 -2.260645
98  4.265505 1.434233 -0.404993  -2.330233 -1.238037 0.496625
99  9.400232 0.017940 0.083206  0.102289 -0.046587 -1.797528
100  10.242419 0.033590 0.064482  2.901417 -0.180695 -0.193591
101  3.465858 -0.059680 0.016688  -0.027662 0.050431 -0.005242
102  1.655594 -0.000020 0.000028  -0.051317 0.032029 0.118788
103  0.960770 -0.000003 -0.000000  -0.012405 0.058166 0.075203
104  3.462029 -0.064246 0.939908  0.243772 -0.262429 0.157818
105  1.497178 -0.000006 0.000022  -0.473825 0.114719 0.300478
106  0.793759 0.000003 0.000010  0.005959 -0.019490 -0.048309
107  0.591662 -0.460691 0.835209  -0.994919 -0.696668 -0.607696
108  1.556140 -0.000002 0.000005  -0.177375 -0.027310 0.123455
109  1.135903 0.000022 0.000001  0.090434 -0.041234 0.161544
110  3.084269 -0.668821 -1.257082  -0.725021 0.479311 -0.226903
111  1.064206 -0.000001 0.000005  0.015680 0.050880 -0.281601
112  0.640345 0.000004 -0.000017  -0.001430 -0.039852 0.271721
113  3.396824 -0.242138 -0.708691  -0.491267 0.126725 -0.330853
114  1.532965 0.000006 0.000011  0.004263 0.003822 0.168558
115  0.832972 -0.000007 0.000002  0.005330 0.014638 -0.215253
116  4.209945 -0.440343 -1.019279  1.253372 2.000585 -0.469143
117  4.266749 1.424938 0.424937  1.187055 0.971909 -0.596758
118  9.398569 0.011951 -0.082515  -0.091493 0.060089 -1.565905
119  10.242435 0.028174 -0.062910  -0.408245 0.605365 -0.388196
120  3.465747 -0.067526 0.002269  -0.253844 0.254171 -1.714687
121  1.655560 0.000008 0.000006  -0.145295 0.180067 -1.059655
122  0.960903 0.000002 0.000000  0.012041 0.146731 -0.724429
123  3.466852 -0.077780 -0.920908  -0.474766 0.116176 -1.702248
124  1.497260 -0.000026 -0.000022  -0.556846 0.304506 -0.951960
125  0.793790 -0.000011 -0.000000  -0.166487 0.320930 -0.665456
126  0.595080 -0.467150 -0.829175  2.791008 0.700179 -0.649778
127  1.555676 0.000018 -0.000005  0.699567 0.522849 1.248944
128  1.136813 -0.000005 -0.000002  0.698553 0.470243 1.212103
129  3.075967 -0.667966 1.277701  0.568940 0.315456 -1.423297
130  1.064592 0.000017 0.000014  0.035790 -0.122349 -0.936403
131  0.640363 -0.000011 -0.000006  -0.108984 -0.031441 -0.549780
132  3.392411 -0.245368 0.728376  0.080179 0.340264 -1.836852
133  1.532738 -0.000014 -0.000001  0.006594 0.017893 -0.852368
134  0.833153 0.000009 0.000009  -0.077577 -0.075977 -1.128621
135  3.590103 -3.090295 1.193972  1.635457 1.210566 1.548541
136  3.589552 -3.089880 -1.196373  -1.505736 1.210473 -1.592853
137  -0.436562 4.719026 -0.001076  -0.000650 -1.570733 1.693029
138  -0.000000 2.775452 -0.000236  -0.135089 0.000001 -0.000000
139  0.000000 3.189773 0.000008  0.207820 0.000000 0.000000
140  0.000000 3.504644 0.000046  -0.261876 -0.000000 -0.000000
141  -0.000000 2.863194 -0.000003  -0.051268 -0.000000 -0.000000
time 24
0  0.357189 -1.695209 33.900185  1.570862 0.000000 -0.000000
1  0.002636 43.025146 0.734438  -0.103079 0.331228 0.078501
2  3.061857 -4.181010 -0.610803  -1.526560 -0.811759 -1.505723
3  18.476772 0.000158 -0.000002  -0.004626 -0.068516 0.880148
4  17.490088 0.000116 0.000005  0.496169 0.975666 -0.879559
5  -3.065329 -4.183570 -0.611479  -0.979298 0.302787 -2.154309
6  18.474857 -0.000034 -0.000010  0.005458 0.070454 0.906687
7  17.489584 0.001916 -0.000005  0.521225 -0.124307 -1.755740
8  -0.000117 -0.048881 -0.576226  1.570055 0.159869 1.570673
9  3.224484 0.767048 0.000496  0.301796 -0.028220 0.257386
10  3.223910 0.226399 -0.001944  0.133536 -0.012814 0.097163
11  5.187321 -1.262560 -0.001177  0.000012 0.000066 0.194111
12  6.928414 -1.935313 -0.000227  3.010289 0.183423 0.287852
13  3.236366 1.079614 0.000057  -0.556288 -0.234308 0.136226
14  0.833753 3.805351 0.692956  -0.040491 0.554886 1.469873
15  0.000042 6.792207 0.000039  0.007990 0.036071 -0.011408
16  -0.000071 7.744821 0.000016  -0.017443 -0.155305 0.068153
17  0.000073 7.809702 0.000017  -0.033636 0.005026 0.006140
18  -0.000026 7.867668 0.000017  -0.073328 -0.127910 0.026376
19  3.494698 -1.749092 -3.006912  0.152546 2.070420 1.936946
20  0.000118 4.478315 0.000018  -0.194659 0.310432 -0.234995
21  0.000049 4.636114 -0.000030  0.035821 0.324592 -0.151768
22  -0.000043 5.008649 0.000012  0.075997 -0.286564 0.276092
23  0.000064 4.781167 0.000010  0.904399 -2.690904 -0.015798
24  2.253036 1.989060 -3.350106  -1.523636 1.324497 0.112396
25  0.000161 6.589465 0.000168  0.206355 -0.002129 -0.080394
26  0.000040 7.491419 0.000041  -0.333512 0.184454 -0.191168
27  0.000022 7.660315 -0.000060  -0.063176 0.127195 -0.062116
28  0.000006 7.256269 0.000020  -0.052938 -0.487830 0.313810
29  -0.791157 2.265124 -1.234655  -0.753901 1.136378 0.824671
30  -0.000260 8.572257 -0.000093  -0.222843 -0.296789 0.176503
31  -0.000091 8.117214 0.000049  0.072256 0.772520 -0.285588
32  -0.000082 8.230034 -0.000071  -0.080491 -0.347232 0.072253
33  0.000063 7.366723 0.000057  -0.015394 -0.663892 0.062742
34  0.224211 0.240129 -3.218157  -0.877396 1.468889 0.577812
35  -0.000101 7.721050 -0.000302  -0.283829 0.060496 -0.167555
36  -0.000031 7.374857 -0.000005  0.007536 -0.195020 0.049540
37  0.000074 6.848105 0.000004  0.005485 0.006497 -0.033650
38  -0.000048 7.777868 0.000009  -0.186096 0.182474 -0.152846
39  -1.514470 2.104650 -1.150167  -0.029092 0.541321 1.555678
40  -0.000172 6.982348 -0.000079  -0.199699 -0.041213 0.153489
41  0.000038 8.382860 -0.000071  0.044866 0.587987 -0.257960
42  0.000015 8.697703 -0.000024  -0.102636 -0.474319 0.290943
43  0.000058 8.921807 -0.000004  -0.076258 0.581004 -0.195603
44  1.196190 2.899158 -2.353086  -0.449719 1.030106 1.287428
45  0.000104 5.476939 0.000005  0.285573 -0.099353 -0.038446
46  -0.000070 6.060437 -0.000089  -0.155020 -0.575032 0.384609
47  0.000018 5.994256 0.000029  0.033940 0.288575 -0.067730
48  -0.000004 6.100483 0.000003  -0.068406 0.299273 -0.162153
49  0.000033 6.916762 0.000010  -0.096317 0.220533 -0.107965
50  0.000149 6.435061 -0.000048  -0.037459 0.171630 -0.116572
51  1.092791 3.649517 -1.738794  -0.148600 0.876612 1.445020
52  -0.000127 6.792205 -0.000104  0.008284 0.107792 -0.048643
53  -0.000090 7.744772 -0.000031  0.057137 -0.256893 0.015458
54  0.000085 9.115022 -0.000035  -0.020393 0.256253 -0.142636
55  3.494519 -1.749097 3.007064  0.118401 1.106975 1.813812
56  0.000014 4.323836 0.000089  -0.229907 -0.770943 0.449224
57  0.000029 4.872900 -0.000020  0.367242 -0.664052 -0.254032
58  0.000003 5.056649 0.000095  -0.511236 0.856586 -0.546323
59  2.292462 1.708614 3.661676  -1.762552 1.789111 -0.218965
60  -0.000171 6.589446 0.000281  -0.007133 -0.169122 0.176906
61  0.000172 7.491493 -0.000147  -0.132413 -0.107098 0.179330
62  -0.000139 8.249657 0.000142  0.041913 -0.058209 0.015814
63  0.000071 8.605236 -0.000031  0.101584 0.501824 -0.079698
64  -0.240490 2.066074 2.349267  -0.357330 2.461715 1.296081
65  -0.000083 7.721104 -0.000004  -0.208230 -0.126223 -0.116495
66  -0.000123 7.374861 -0.000048  -0.111019 0.046939 -0.046464
67  -0.000039 6.848061 -0.000027  0.273532 0.247522 0.299909
68  0.000037 7.777826 -0.000042  0.072921 0.186148 -0.052690
69  -0.000086 8.178051 0.000010  -0.087029 -0.422849 -0.381358
70  1.617606 3.431413 2.399265  -0.249455 2.569516 1.508572
71  -0.000161 5.476944 -0.000029  0.057730 0.074072 0.060285
72  -0.000093 6.060490 -0.000004  -0.015204 0.015650 -0.152065
73  0.000026 5.994253 0.000010  -0.126212 -0.157657 0.153302
74  -0.000076 7.076872 -0.000045  -0.008118 0.010385 0.036400
75  -0.000001 7.089869 -0.000069  0.070875 0.098587 -0.025893
76  0.361106 0.886683 3.287746  -0.576372 1.978710 0.939013
77  -0.000065 6.686645 0.000220  -0.146568 0.414164 -0.327707
78  -0.000010 7.638014 0.000016  -0.079523 -0.025948 0.130955
79  -0.000031 7.290226 -0.000022  0.025325 -0.093908 0.023963
80  -0.000034 6.530363 0.000006  -0.261847 -0.300600 0.006735
81  0.000063 7.224875 0.000009  0.036505 0.032480 -0.175823
82  1.071896 3.225801 1.570115  -0.043806 2.859976 1.526248
83  0.000410 6.748901 -0.000067  -0.062703 0.083784 0.022202
84  -0.000047 8.002644 0.000027  -0.067496 -0.117209 -0.115600
85  0.000013 8.580576 -0.000097  0.088213 -0.007188 0.334603
86  0.000167 8.689832 -0.000041  0.065327 -0.412430 -0.134516
87  -1.514538 2.104641 0.318056  -0.024895 3.094491 1.569497
88  0.000189 6.982288 0.000012  -0.107588 -0.057625 -0.215715
89  -0.000008 8.382873 -0.000068  0.135031 -0.099913 0.287073
90  -0.000060 8.697669 0.000024  -0.148090 -0.510100 0.044838
91  -0.000136 8.921824 0.000077  -0.236827 -0.892638 0.098804
92  3.553612 -3.478045 2.409277  0.000819 0.762047 1.535310
93  0.000000 4.476906 -0.000008  -0.151002 -0.588331 0.377259
94  0.000031 4.514118 -0.000023  -0.228865 -2.996200 0.592368
95  0.000041 4.518386 -0.000022  0.143172 2.612779 0.693384
96  0.000025 3.598334 0.000023  -0.749301 0.869852 -0.773231
97  4.209924 -0.440346 1.018823  0.485242 -1.717478 -2.254711
98  4.265505 1.434229 -0.404991  -2.419347 -1.265331 0.576078
99  9.400233 0.017940 0.083197  0.101619 -0.047263 -1.784976
100  10.242422 0.033590 0.064475  2.925627 -0.172959 -0.189739
101  3.465853 -0.059678 0.016695  -0.027733 0.049965 -0.006908
102  1.655596 -0.000021 0.000015  -0.051197 0.031742 0.118287
103  0.960773 -0.000003 -0.000010  -0.012158 0.058205 0.075328
104  3.462028 -0.064247 0.939904  0.244015 -0.262551 0.155917
105  1.497178 -0.000013 0.000024  -0.473917 0.114520 0.299629
106  0.793760 0.000002 0.000003  0.005953 -0.019406 -0.048546
107  0.591662 -0.460692 0.835199  -0.995042 -0.696560 -0.608113
108  1.556141 0.000009 0.000000  -0.177861 -0.027076 0.124038
109  1.135903 0.000019 0.000004  0.090388 -0.041438 0.161221
110  3.084267 -0.668822 -1.257084  -0.725153 0.478933 -0.228469
111  1.064200 -0.000003 0.000006  0.015721 0.050980 -0.281899
112  0.640336 0.000001 -0.000007  -0.001624 -0.039785 0.270494
113  3.396821 -0.242139 -0.708688  -0.491052 0.126571 -0.331882
114  1.532971 0.000010 0.000003  0.004324 0.003802 0.167334
115  0.832969 -0.000005 0.000002  0.005172 0.014526 -0.215255
116  4.209949 -0.440343 -1.019279  1.264158 1.997235 -0.459643
117  4.266746 1.424937 0.424937  1.249690 0.966758 -0.524602
118  9.398569 0.011950 -0.082513  -0.092787 0.059287 -1.585536
119  10.242439 0.028176 -0.062914  -0.394687 0.607544 -0.386709
120  3.465751 -0.067526 0.002265  -0.254146 0.254388 -1.714827
121  1.655560 0.000008 0.000006  -0.145471 0.180091 -1.060742
122  0.960905 0.000002 -0.000000  0.012081 0.146707 -0.724247
123  3.466854 -0.077780 -0.920911  -0.474121 0.116001 -1.702327
124  1.497259 -0.000033 -0.000023  -0.557193 0.304790 -0.953210
125  0.793789 -0.000002 0.000000  -0.166198 0.320564 -0.664916
126  0.595078 -0.467150 -0.829180  2.805247 0.700807 -0.646067
127  1.555677 0.000016 -0.000005  0.702609 0.523088 1.252769
128  1.136811 -0.000006 -0.000002  0.703910 0.470437 1.217710
129  3.075972 -0.667967 1.277699  0.567945 0.316352 -1.422626
130  1.064594 0.000019 0.000015  0.036057 -0.122468 -0.939337
131  0.640364 -0.000019 -0.000005  -0.108978 -0.031794 -0.551422
132  3.392413 -0.245368 0.728373  0.078210 0.340792 -1.839934
133  1.532738 -0.000006 0.000001  0.006504 0.017967 -0.855504
134  0.833152 0.000005 0.000010  -0.077441 -0.076339 -1.133879
135  3.590108 -3.090295 1.193972  1.635457 1.210566 1.548541
136  3.589555 -3.089880 -1.196373  -1.505736 1.210473 -1.592853
137  -0.436561 4.719026 -0.001076  -0.000443 -1.570733 1.692975
138  -0.000000 2.775457 -0.000237  -0.135089 0.000001 -0.000000
139  -0.000000 3.189767 0.000008  0.207820 0.000000 0.000000
140  0.000000 3.504646 0.000046  -0.261876 -0.000000 -0.000000
141  -0.000000 2.863196 -0.000002  -0.051268 0.000000 -0.000000
end
