version 1
nodes
0 "ValveBiped.Bip01" -1
1 "ValveBiped.Bip01_Pelvis" 0
2 "ValveBiped.Bip01_L_Thigh" 1
3 "ValveBiped.Bip01_L_Calf" 2
4 "ValveBiped.Bip01_L_Foot" 3
5 "ValveBiped.Bip01_R_Thigh" 1
6 "ValveBiped.Bip01_R_Calf" 5
7 "ValveBiped.Bip01_R_Foot" 6
8 "ValveBiped.Bip01_Spine" 1
9 "ValveBiped.Bip01_Spine1" 8
10 "ValveBiped.Bip01_Spine2" 9
11 "ValveBiped.Bip01_Spine4" 10
12 "ValveBiped.Bip01_Neck1" 11
13 "ValveBiped.Bip01_Head1" 12
14 "HBN_CK01" 13
15 "HBN_CK02" 14
16 "HBN_CK03" 15
17 "HBN_CK04" 16
18 "HBN_CK05" 17
19 "HBn_LF01" 13
20 "HBn_LF02" 19
21 "HBn_LF03" 20
22 "HBn_LF04" 21
23 "HBn_LF05" 22
24 "HBN_LMA01" 13
25 "HBN_LMA02" 24
26 "HBN_LMA03" 25
27 "HBN_LMA04" 26
28 "HBN_LMA05" 27
29 "HBN_LMB01" 13
30 "HBN_LMB02" 29
31 "HBN_LMB03" 30
32 "HBN_LMB04" 31
33 "HBN_LMB05" 32
34 "HBN_LMC01" 13
35 "HBN_LMC02" 34
36 "HBN_LMC03" 35
37 "HBN_LMC04" 36
38 "HBN_LMC05" 37
39 "HBN_LMD01" 13
40 "HBN_LMD02" 39
41 "HBN_LMD03" 40
42 "HBN_LMD04" 41
43 "HBN_LMD05" 42
44 "HBN_LME01" 13
45 "HBN_LME02" 44
46 "HBN_LME03" 45
47 "HBN_LME04" 46
48 "HBN_LME05" 47
49 "HBN_LME06" 48
50 "HBN_LME07" 49
51 "HBN_LMF01" 13
52 "HBN_LMF02" 51
53 "HBN_LMF03" 52
54 "HBN_LMF04" 53
55 "HBn_RF01" 13
56 "HBn_RF02" 55
57 "HBn_RF03" 56
58 "HBn_RF04" 57
59 "HBN_RMA01" 13
60 "HBN_RMA02" 59
61 "HBN_RMA03" 60
62 "HBN_RMA04" 61
63 "HBN_RMA05" 62
64 "HBN_RMB01" 13
65 "HBN_RMB02" 64
66 "HBN_RMB03" 65
67 "HBN_RMB04" 66
68 "HBN_RMB05" 67
69 "HBN_RMB06" 68
70 "HBN_RMC01" 13
71 "HBN_RMC02" 70
72 "HBN_RMC03" 71
73 "HBN_RMC04" 72
74 "HBN_RMC05" 73
75 "HBN_RMC06" 74
76 "HBN_RMD01" 13
77 "HBN_RMD02" 76
78 "HBN_RMD03" 77
79 "HBN_RMD04" 78
80 "HBN_RMD05" 79
81 "HBN_RMD06" 80
82 "HBN_RME01" 13
83 "HBN_RME02" 82
84 "HBN_RME03" 83
85 "HBN_RME04" 84
86 "HBN_RME05" 85
87 "HBN_RMF01" 13
88 "HBN_RMF02" 87
89 "HBN_RMF03" 88
90 "HBN_RMF04" 89
91 "HBN_RMF05" 90
92 "HBn_RFF01" 13
93 "HBn_RFF02" 92
94 "HBn_RFF03" 93
95 "HBn_RFF04" 94
96 "HBn_RFF05" 95
97 "ValveBiped.Bip01_L_Clavicle" 11
98 "ValveBiped.Bip01_L_UpperArm" 97
99 "ValveBiped.Bip01_L_Forearm" 98
100 "ValveBiped.Bip01_L_Hand" 99
101 "ValveBiped.Bip01_L_Finger2" 100
102 "ValveBiped.Bip01_L_Finger21" 101
103 "ValveBiped.Bip01_L_Finger22" 102
104 "ValveBiped.Bip01_L_Finger1" 100
105 "ValveBiped.Bip01_L_Finger11" 104
106 "ValveBiped.Bip01_L_Finger12" 105
107 "ValveBiped.Bip01_L_Finger0" 100
108 "ValveBiped.Bip01_L_Finger01" 107
109 "ValveBiped.Bip01_L_Finger02" 108
110 "ValveBiped.Bip01_L_Finger4" 100
111 "ValveBiped.Bip01_L_Finger41" 110
112 "ValveBiped.Bip01_L_Finger42" 111
113 "ValveBiped.Bip01_L_Finger3" 100
114 "ValveBiped.Bip01_L_Finger31" 113
115 "ValveBiped.Bip01_L_Finger32" 114
116 "ValveBiped.Bip01_R_Clavicle" 11
117 "ValveBiped.Bip01_R_UpperArm" 116
118 "ValveBiped.Bip01_R_Forearm" 117
119 "ValveBiped.Bip01_R_Hand" 118
120 "ValveBiped.Bip01_R_Finger2" 119
121 "ValveBiped.Bip01_R_Finger21" 120
122 "ValveBiped.Bip01_R_Finger22" 121
123 "ValveBiped.Bip01_R_Finger1" 119
124 "ValveBiped.Bip01_R_Finger11" 123
125 "ValveBiped.Bip01_R_Finger12" 124
126 "ValveBiped.Bip01_R_Finger0" 119
127 "ValveBiped.Bip01_R_Finger01" 126
128 "ValveBiped.Bip01_R_Finger02" 127
129 "ValveBiped.Bip01_R_Finger4" 119
130 "ValveBiped.Bip01_R_Finger41" 129
131 "ValveBiped.Bip01_R_Finger42" 130
132 "ValveBiped.Bip01_R_Finger3" 119
133 "ValveBiped.Bip01_R_Finger31" 132
134 "ValveBiped.Bip01_R_Finger32" 133
135 "lPectoral" 10
136 "rPectoral" 10
137 "Front Cloth" 10
138 "Front Cloth.001" 137
139 "Front Cloth.002" 138
140 "Front Cloth.003" 139
141 "Front Cloth.004" 140
end
skeleton
time 0
0  -0.000000 -0.444789 41.524681  1.570862 0.000000 0.000000
1  0.002636 43.025146 0.734438  0.000060 0.000127 0.000060
2  3.061857 -4.181010 -0.610804  -1.576836 -0.012448 -1.560884
3  18.476774 0.000159 -0.000001  -0.001647 -0.008084 0.123877
4  17.490086 0.000117 0.000003  0.183691 0.150321 -1.112635
5  -3.065330 -4.183575 -0.611480  -1.564806 -0.012486 -1.580759
6  18.474854 -0.000034 -0.000008  0.001600 0.008079 0.123840
7  17.489582 0.001916 -0.000006  -0.177097 -0.152052 -1.112162
8  -0.000117 -0.048881 -0.576226  1.570797 0.086303 1.570791
9  3.224479 0.767047 0.000496  -0.000001 0.000004 -0.028768
10  3.223909 0.226399 -0.001944  -0.000011 -0.000060 0.100383
11  5.187324 -1.262560 -0.001177  0.000012 0.000066 0.194111
12  6.928412 -1.935314 -0.000227  -3.141476 -0.000096 0.372954
13  3.236366 1.079613 0.000057  -0.000128 -0.000017 0.303162
14  0.833764 3.805350 0.692955  0.293038 -2.575130 1.490426
15  0.000041 6.792202 0.000040  0.028838 0.006623 -0.014709
16  -0.000067 7.744814 0.000015  -0.072468 -0.091379 -0.000119
17  0.000073 7.809702 0.000016  -0.028444 -0.003203 0.003240
18  -0.000024 7.867672 0.000017  -0.149958 0.019577 0.123293
19  3.494711 -1.749092 -3.006912  -3.050487 -0.067719 0.559006
20  0.000119 4.478321 0.000018  0.186158 0.024383 -0.084290
21  0.000048 4.636116 -0.000030  0.187768 0.230491 0.018203
22  -0.000047 5.008650 0.000013  -0.179089 -0.121340 -0.116574
23  0.000060 4.781161 0.000010  0.519535 2.927402 -0.155214
24  2.253042 1.989057 -3.350106  -2.842490 -0.469583 -0.491236
25  0.000162 6.589464 0.000169  0.122343 0.200181 0.182201
26  0.000044 7.491410 0.000046  -0.251493 0.127725 0.052217
27  0.000028 7.660300 -0.000056  0.056192 -0.024545 -0.058424
28  0.000007 7.256271 0.000021  0.021828 -0.417634 -0.248220
29  -0.791155 2.265118 -1.234655  0.376189 -2.442913 1.781309
30  -0.000257 8.572254 -0.000091  -0.151315 -0.347442 -0.138863
31  -0.000094 8.117212 0.000048  0.297398 0.518629 0.319408
32  -0.000082 8.230040 -0.000072  -0.288929 -0.032240 -0.005615
33  0.000060 7.366722 0.000053  -0.481206 -0.064396 0.181606
34  0.224220 0.240127 -3.218157  -3.043066 -0.286185 0.098799
35  -0.000103 7.721053 -0.000307  0.014982 0.184503 0.424333
36  -0.000034 7.374855 -0.000004  -0.096443 -0.023595 0.101132
37  0.000076 6.848101 0.000006  -0.006476 0.077702 0.087287
38  -0.000051 7.777859 0.000010  -0.059472 0.076938 0.070675
39  -1.514459 2.104648 -1.150167  0.190329 -2.704334 1.748779
40  -0.000168 6.982354 -0.000078  -0.144957 -0.281963 -0.141277
41  0.000039 8.382866 -0.000073  0.315415 0.467093 0.197555
42  0.000013 8.697701 -0.000027  -0.099498 -0.496170 -0.197729
43  0.000055 8.921810 -0.000003  0.217303 0.267449 -0.142951
44  1.196195 2.899153 -2.353086  -2.979185 -0.489533 -1.088837
45  0.000105 5.476950 0.000006  0.138544 0.136564 0.156302
46  -0.000073 6.060440 -0.000092  -0.315129 -0.521745 -0.008230
47  0.000018 5.994265 0.000029  0.075304 0.079808 -0.251422
48  -0.000008 6.100484 0.000003  0.138867 0.242580 0.063960
49  0.000035 6.916759 0.000010  0.036684 0.115206 0.032342
50  0.000151 6.435057 -0.000044  -0.020752 0.191342 0.124572
51  1.092802 3.649511 -1.738794  -0.148600 0.876612 1.445020
52  -0.000128 6.792208 -0.000103  0.008284 0.107792 -0.048643
53  -0.000087 7.744776 -0.000029  0.057137 -0.256893 0.015458
54  0.000085 9.115025 -0.000038  -0.020393 0.256253 -0.142636
55  3.494520 -1.749102 3.007064  3.105432 0.019778 -0.221953
56  0.000013 4.323833 0.000087  -0.445034 -0.880751 0.399289
57  0.000030 4.872900 -0.000021  -0.045832 -0.392073 0.219234
58  0.000006 5.056655 0.000100  0.344494 1.141870 -0.023140
59  2.292461 1.708612 3.661675  2.873631 0.226728 0.387023
60  -0.000169 6.589443 0.000275  -0.186599 -0.324046 0.031999
61  0.000177 7.491496 -0.000152  -0.174766 -0.579772 -0.100862
62  -0.000137 8.249658 0.000141  -0.006642 -0.026489 0.049677
63  0.000074 8.605228 -0.000025  -0.098903 0.563215 -0.081522
64  -0.240479 2.066074 2.349267  2.802598 0.297129 1.102310
65  -0.000082 7.721110 -0.000002  0.185496 -0.340469 -0.147411
66  -0.000120 7.374863 -0.000048  0.037721 -0.163779 -0.158236
67  -0.000036 6.848061 -0.000027  -0.295643 0.461314 0.045165
68  0.000030 7.777825 -0.000041  0.033686 0.172821 -0.097899
69  -0.000084 8.178050 0.000013  0.423400 -0.296149 0.137285
70  1.617603 3.431407 2.399265  2.957859 0.284582 1.246925
71  -0.000170 5.476948 -0.000028  -0.068092 0.095905 -0.023039
72  -0.000089 6.060500 -0.000005  0.150829 0.006529 -0.025174
73  0.000029 5.994248 0.000011  -0.127079 -0.262287 0.070572
74  -0.000079 7.076873 -0.000048  -0.036066 -0.020829 -0.006613
75  0.000005 7.089869 -0.000069  0.070875 0.098587 -0.025893
76  0.361120 0.886683 3.287746  2.805848 0.190674 0.699915
77  -0.000071 6.686638 0.000222  0.235511 0.236492 -0.224284
78  -0.000017 7.638018 0.000012  -0.123648 -0.206684 -0.053483
79  -0.000024 7.290236 -0.000022  -0.015665 0.002760 0.078228
80  -0.000035 6.530359 0.000005  0.123553 -0.446884 0.032944
81  0.000053 7.224874 0.000008  0.272216 0.340583 0.266231
82  1.071903 3.225796 1.570115  2.934970 -0.008227 1.462242
83  0.000411 6.748899 -0.000066  -0.023647 -0.041652 -0.060202
84  -0.000046 8.002641 0.000026  0.119731 -0.145387 0.030381
85  0.000009 8.580567 -0.000097  -0.328608 0.224093 0.075008
86  0.000170 8.689834 -0.000040  0.106407 -0.142465 0.238161
87  -1.514528 2.104638 0.318055  2.969273 -0.030187 1.657823
88  0.000191 6.982272 0.000012  0.221955 -0.177060 -0.037997
89  -0.000008 8.382889 -0.000068  -0.283155 0.223589 0.105771
90  -0.000059 8.697683 0.000023  -0.036581 -0.281096 0.367321
91  -0.000134 8.921823 0.000078  0.077035 -0.415968 0.646183
92  3.553616 -3.478046 2.409277  -2.940121 -0.396762 -1.021200
93  0.000001 4.476898 -0.000007  -0.374556 -0.587066 0.138796
94  0.000033 4.514122 -0.000023  0.575261 -2.645105 0.050158
95  0.000044 4.518382 -0.000017  0.680085 2.756965 0.166920
96  0.000023 3.598328 0.000023  0.380988 0.642351 0.128996
97  4.209924 -0.440347 1.018824  -1.577219 -2.025540 -0.171644
98  4.265504 1.434233 -0.404992  -1.589420 0.045546 -0.689159
99  9.400231 0.017941 0.083201  -0.006117 -0.046487 -0.202669
100  10.242415 0.033590 0.064479  1.697691 0.092009 0.064180
101  3.465859 -0.059679 0.016694  -0.025555 -0.048842 -0.423906
102  1.655591 -0.000021 0.000023  -0.025568 -0.114485 -0.467192
103  0.960766 -0.000004 -0.000007  -0.000000 0.003101 -0.216324
104  3.462033 -0.064246 0.939909  0.332571 -0.040088 -0.385572
105  1.497174 -0.000008 0.000021  -0.490561 -0.021262 -0.048814
106  0.793761 0.000003 -0.000001  -0.000572 0.004562 -0.264948
107  0.591668 -0.460692 0.835206  -1.134576 -0.717293 -0.462339
108  1.556141 0.000004 0.000000  -0.178220 0.121881 0.438108
109  1.135907 0.000020 0.000004  0.004827 0.022557 0.396202
110  3.084272 -0.668822 -1.257085  -0.666830 0.043255 -0.487733
111  1.064198 -0.000004 0.000005  0.003766 0.083622 -0.584609
112  0.640341 0.000005 -0.000009  -0.000352 -0.001434 -0.169762
113  3.396824 -0.242139 -0.708689  -0.381718 -0.022043 -0.522960
114  1.532963 0.000006 0.000006  0.013633 -0.007332 -0.706327
115  0.832977 -0.000002 -0.000003  -0.000009 0.007359 -0.430493
116  4.209939 -0.440343 -1.019279  1.565975 2.023833 -0.184447
117  4.266747 1.424939 0.424938  1.590116 -0.050322 -0.690807
118  9.398572 0.011950 -0.082516  0.005381 0.046914 -0.202739
119  10.242444 0.028177 -0.062906  -1.687983 -0.090752 0.057742
120  3.465746 -0.067524 0.002267  0.032093 0.044648 -0.423147
121  1.655556 0.000006 0.000005  0.024891 0.112868 -0.466971
122  0.960907 0.000004 -0.000001  -0.000004 -0.004468 -0.216285
123  3.466851 -0.077779 -0.920910  -0.329987 0.034939 -0.386044
124  1.497262 -0.000035 -0.000023  -0.414600 0.020814 -0.047914
125  0.793789 -0.000008 -0.000000  -0.003598 0.010261 -0.258763
126  0.595076 -0.467148 -0.829176  2.438760 0.680474 -0.243149
127  1.555678 0.000015 -0.000003  0.314911 0.070848 0.436166
128  1.136809 -0.000009 -0.000001  0.014606 0.014492 0.384378
129  3.075968 -0.667964 1.277700  0.669253 -0.049614 -0.486272
130  1.064592 0.000019 0.000011  -0.015024 -0.091461 -0.583344
131  0.640365 -0.000015 -0.000004  0.000646 -0.000278 -0.169760
132  3.392412 -0.245366 0.728376  0.375990 0.013276 -0.523857
133  1.532736 -0.000009 -0.000001  -0.011784 0.008997 -0.706152
134  0.833153 0.000008 0.000005  0.000013 -0.009685 -0.430431
135  3.590113 -3.090295 1.193972  1.635457 1.210566 1.548541
136  3.589559 -3.089880 -1.196373  -1.505736 1.210473 -1.592853
137  -0.436557 4.719026 -0.001076  -0.000591 -1.570733 1.692996
138  -0.000000 2.775453 -0.000236  -0.135089 0.000001 -0.000000
139  -0.000000 3.189764 0.000008  0.207820 -0.000000 0.000000
140  -0.000000 3.504653 0.000045  -0.261876 0.000000 -0.000000
141  -0.000000 2.863196 -0.000002  -0.051268 0.000000 -0.000000
time 1
0  -0.000000 -0.444789 41.524681  1.570862 0.000000 0.000000
1  0.002636 43.025146 0.734438  0.000060 0.000127 0.000060
2  3.061857 -4.181010 -0.610804  -1.576836 -0.012448 -1.560884
3  18.476774 0.000159 -0.000001  -0.001647 -0.008084 0.123877
4  17.490086 0.000117 0.000003  0.183691 0.150321 -1.112635
5  -3.065330 -4.183575 -0.611480  -1.564806 -0.012486 -1.580759
6  18.474854 -0.000034 -0.000008  0.001600 0.008079 0.123840
7  17.489582 0.001916 -0.000006  -0.177097 -0.152052 -1.112162
8  -0.000117 -0.048881 -0.576226  1.570797 0.086303 1.570791
9  3.224479 0.767047 0.000496  -0.000001 0.000004 -0.028768
10  3.223909 0.226399 -0.001944  -0.000011 -0.000060 0.100383
11  5.187324 -1.262560 -0.001177  0.000012 0.000066 0.194111
12  6.928412 -1.935314 -0.000227  -3.141476 -0.000096 0.372954
13  3.236366 1.079613 0.000057  -0.000128 -0.000017 0.303162
14  0.833764 3.805350 0.692955  0.293038 -2.575130 1.490426
15  0.000041 6.792202 0.000040  0.028838 0.006623 -0.014709
16  -0.000067 7.744814 0.000015  -0.072468 -0.091379 -0.000119
17  0.000073 7.809702 0.000016  -0.028444 -0.003203 0.003240
18  -0.000024 7.867672 0.000017  -0.149958 0.019577 0.123293
19  3.494711 -1.749092 -3.006912  -3.050487 -0.067719 0.559006
20  0.000119 4.478321 0.000018  0.186158 0.024383 -0.084290
21  0.000048 4.636116 -0.000030  0.187768 0.230491 0.018203
22  -0.000047 5.008650 0.000013  -0.179089 -0.121340 -0.116574
23  0.000061 4.781158 0.000008  0.519535 2.927402 -0.155214
24  2.253042 1.989057 -3.350106  -2.842490 -0.469583 -0.491236
25  0.000162 6.589464 0.000169  0.122343 0.200181 0.182201
26  0.000044 7.491410 0.000046  -0.251493 0.127725 0.052217
27  0.000028 7.660300 -0.000056  0.056192 -0.024545 -0.058424
28  0.000007 7.256271 0.000021  0.021828 -0.417634 -0.248220
29  -0.791155 2.265118 -1.234655  0.376189 -2.442913 1.781309
30  -0.000257 8.572254 -0.000091  -0.151315 -0.347442 -0.138863
31  -0.000094 8.117212 0.000048  0.297398 0.518629 0.319408
32  -0.000082 8.230040 -0.000072  -0.288929 -0.032240 -0.005615
33  0.000060 7.366726 0.000054  -0.481206 -0.064396 0.181606
34  0.224220 0.240127 -3.218157  -3.043066 -0.286185 0.098799
35  -0.000103 7.721053 -0.000307  0.014982 0.184503 0.424333
36  -0.000034 7.374855 -0.000004  -0.096443 -0.023595 0.101132
37  0.000076 6.848101 0.000006  -0.006476 0.077702 0.087287
38  -0.000051 7.777859 0.000010  -0.059472 0.076938 0.070675
39  -1.514459 2.104648 -1.150167  0.190329 -2.704334 1.748779
40  -0.000169 6.982350 -0.000075  -0.144957 -0.281963 -0.141277
41  0.000038 8.382866 -0.000073  0.315415 0.467093 0.197555
42  0.000013 8.697705 -0.000027  -0.099498 -0.496170 -0.197729
43  0.000057 8.921803 -0.000004  0.217303 0.267449 -0.142951
44  1.196195 2.899153 -2.353086  -2.979185 -0.489533 -1.088837
45  0.000105 5.476950 0.000006  0.138544 0.136564 0.156302
46  -0.000073 6.060440 -0.000092  -0.315129 -0.521745 -0.008230
47  0.000018 5.994265 0.000029  0.075304 0.079808 -0.251422
48  -0.000008 6.100484 0.000003  0.138867 0.242580 0.063960
49  0.000035 6.916759 0.000010  0.036684 0.115206 0.032342
50  0.000151 6.435057 -0.000044  -0.020752 0.191342 0.124572
51  1.092802 3.649511 -1.738794  -0.148600 0.876612 1.445020
52  -0.000128 6.792208 -0.000103  0.008284 0.107792 -0.048643
53  -0.000087 7.744776 -0.000029  0.057137 -0.256893 0.015458
54  0.000085 9.115025 -0.000038  -0.020393 0.256253 -0.142636
55  3.494520 -1.749102 3.007064  3.105432 0.019778 -0.221953
56  0.000013 4.323833 0.000087  -0.445034 -0.880751 0.399289
57  0.000030 4.872900 -0.000021  -0.045832 -0.392073 0.219234
58  0.000006 5.056655 0.000100  0.344494 1.141870 -0.023140
59  2.292461 1.708612 3.661675  2.873631 0.226728 0.387023
60  -0.000169 6.589443 0.000275  -0.186599 -0.324046 0.031999
61  0.000177 7.491496 -0.000152  -0.174766 -0.579772 -0.100862
62  -0.000137 8.249658 0.000141  -0.006642 -0.026489 0.049677
63  0.000074 8.605228 -0.000025  -0.098903 0.563215 -0.081522
64  -0.240479 2.066074 2.349267  2.802598 0.297129 1.102310
65  -0.000082 7.721110 -0.000002  0.185496 -0.340469 -0.147411
66  -0.000124 7.374866 -0.000047  0.037721 -0.163779 -0.158236
67  -0.000035 6.848061 -0.000028  -0.295643 0.461314 0.045165
68  0.000030 7.777825 -0.000042  0.033686 0.172821 -0.097899
69  -0.000084 8.178050 0.000013  0.423400 -0.296149 0.137285
70  1.617603 3.431407 2.399265  2.957859 0.284582 1.246925
71  -0.000170 5.476948 -0.000028  -0.068092 0.095905 -0.023039
72  -0.000089 6.060500 -0.000004  0.150829 0.006529 -0.025174
73  0.000030 5.994248 0.000011  -0.127079 -0.262287 0.070572
74  -0.000078 7.076866 -0.000045  -0.036066 -0.020829 -0.006613
75  0.000001 7.089862 -0.000071  0.070875 0.098587 -0.025893
76  0.361120 0.886683 3.287746  2.805848 0.190674 0.699915
77  -0.000071 6.686638 0.000222  0.235511 0.236492 -0.224284
78  -0.000013 7.638023 0.000013  -0.123648 -0.206684 -0.053483
79  -0.000025 7.290241 -0.000021  -0.015665 0.002760 0.078228
80  -0.000040 6.530366 0.000006  0.123553 -0.446884 0.032944
81  0.000064 7.224878 0.000012  0.272216 0.340583 0.266231
82  1.071903 3.225796 1.570115  2.934970 -0.008227 1.462242
83  0.000411 6.748899 -0.000066  -0.023647 -0.041652 -0.060202
84  -0.000046 8.002641 0.000026  0.119731 -0.145387 0.030381
85  0.000009 8.580567 -0.000097  -0.328608 0.224093 0.075008
86  0.000170 8.689834 -0.000040  0.106407 -0.142465 0.238161
87  -1.514528 2.104638 0.318055  2.969273 -0.030187 1.657823
88  0.000191 6.982272 0.000012  0.221955 -0.177060 -0.037997
89  -0.000008 8.382889 -0.000068  -0.283155 0.223589 0.105771
90  -0.000055 8.697683 0.000027  -0.036581 -0.281096 0.367321
91  -0.000136 8.921823 0.000079  0.077035 -0.415968 0.646183
92  3.553616 -3.478046 2.409277  -2.940121 -0.396762 -1.021200
93  0.000001 4.476898 -0.000007  -0.374556 -0.587066 0.138796
94  0.000034 4.514122 -0.000022  0.575261 -2.645105 0.050158
95  0.000044 4.518382 -0.000018  0.680085 2.756965 0.166920
96  0.000024 3.598329 0.000024  0.380988 0.642351 0.128996
97  4.209924 -0.440347 1.018824  -1.577219 -2.025540 -0.171644
98  4.265504 1.434233 -0.404992  -1.589420 0.045546 -0.689159
99  9.400231 0.017941 0.083201  -0.006117 -0.046487 -0.202669
100  10.242415 0.033590 0.064479  1.697691 0.092009 0.064180
101  3.465859 -0.059679 0.016694  -0.025555 -0.048842 -0.423906
102  1.655591 -0.000021 0.000023  -0.025568 -0.114485 -0.467192
103  0.960766 -0.000004 -0.000007  -0.000000 0.003101 -0.216324
104  3.462033 -0.064246 0.939909  0.332571 -0.040088 -0.385572
105  1.497174 -0.000008 0.000021  -0.490561 -0.021262 -0.048814
106  0.793761 0.000003 -0.000001  -0.000572 0.004562 -0.264948
107  0.591668 -0.460692 0.835206  -1.134576 -0.717293 -0.462339
108  1.556141 0.000004 0.000000  -0.178220 0.121881 0.438108
109  1.135907 0.000020 0.000004  0.004827 0.022557 0.396202
110  3.084272 -0.668822 -1.257085  -0.666830 0.043255 -0.487733
111  1.064198 -0.000004 0.000005  0.003766 0.083622 -0.584609
112  0.640341 0.000005 -0.000009  -0.000352 -0.001434 -0.169762
113  3.396824 -0.242139 -0.708689  -0.381718 -0.022043 -0.522960
114  1.532963 0.000006 0.000006  0.013633 -0.007332 -0.706327
115  0.832977 -0.000002 -0.000003  -0.000009 0.007359 -0.430493
116  4.209939 -0.440343 -1.019279  1.565975 2.023833 -0.184447
117  4.266747 1.424939 0.424938  1.590116 -0.050322 -0.690807
118  9.398572 0.011950 -0.082516  0.005381 0.046914 -0.202739
119  10.242444 0.028177 -0.062906  -1.687983 -0.090752 0.057742
120  3.465746 -0.067524 0.002267  0.032093 0.044648 -0.423147
121  1.655556 0.000006 0.000005  0.024891 0.112868 -0.466971
122  0.960907 0.000004 -0.000001  -0.000004 -0.004468 -0.216285
123  3.466851 -0.077779 -0.920910  -0.329987 0.034939 -0.386044
124  1.497262 -0.000035 -0.000023  -0.414600 0.020814 -0.047914
125  0.793789 -0.000008 -0.000000  -0.003598 0.010261 -0.258763
126  0.595076 -0.467148 -0.829176  2.438760 0.680474 -0.243149
127  1.555678 0.000015 -0.000003  0.314911 0.070848 0.436166
128  1.136809 -0.000009 -0.000001  0.014606 0.014492 0.384378
129  3.075968 -0.667964 1.277700  0.669253 -0.049614 -0.486272
130  1.064592 0.000019 0.000011  -0.015024 -0.091461 -0.583344
131  0.640365 -0.000015 -0.000004  0.000646 -0.000278 -0.169760
132  3.392412 -0.245366 0.728376  0.375990 0.013276 -0.523857
133  1.532736 -0.000009 -0.000001  -0.011784 0.008997 -0.706152
134  0.833153 0.000008 0.000005  0.000013 -0.009685 -0.430431
135  3.590113 -3.090295 1.193972  1.635457 1.210566 1.548541
136  3.589559 -3.089880 -1.196373  -1.505736 1.210473 -1.592853
137  -0.436557 4.719026 -0.001076  -0.000591 -1.570733 1.692996
138  -0.000000 2.775453 -0.000236  -0.135089 0.000001 -0.000000
139  -0.000000 3.189764 0.000008  0.207820 -0.000000 0.000000
140  -0.000000 3.504653 0.000045  -0.261876 0.000000 -0.000000
141  -0.000000 2.863196 -0.000002  -0.051268 0.000000 -0.000000
time 2
0  -0.000000 -0.444789 41.524681  1.570862 0.000000 0.000000
1  0.002636 43.025146 0.734438  0.000060 0.000127 0.000060
2  3.061857 -4.181010 -0.610804  -1.576836 -0.012448 -1.560884
3  18.476774 0.000159 -0.000001  -0.001647 -0.008084 0.123877
4  17.490086 0.000117 0.000003  0.183691 0.150321 -1.112635
5  -3.065330 -4.183575 -0.611480  -1.564806 -0.012486 -1.580759
6  18.474854 -0.000034 -0.000008  0.001600 0.008079 0.123840
7  17.489582 0.001916 -0.000006  -0.177097 -0.152052 -1.112162
8  -0.000117 -0.048881 -0.576226  1.570797 0.086303 1.570791
9  3.224479 0.767047 0.000496  -0.000001 0.000004 -0.028768
10  3.223909 0.226399 -0.001944  -0.000011 -0.000060 0.100383
11  5.187324 -1.262560 -0.001177  0.000012 0.000066 0.194111
12  6.928412 -1.935314 -0.000227  -3.141476 -0.000096 0.372954
13  3.236366 1.079613 0.000057  -0.000128 -0.000017 0.303162
14  0.833764 3.805350 0.692955  0.293038 -2.575130 1.490426
15  0.000041 6.792202 0.000040  0.028838 0.006623 -0.014709
16  -0.000067 7.744814 0.000015  -0.072468 -0.091379 -0.000119
17  0.000073 7.809702 0.000016  -0.028444 -0.003203 0.003240
18  -0.000024 7.867672 0.000017  -0.149958 0.019577 0.123293
19  3.494711 -1.749092 -3.006912  -3.050487 -0.067719 0.559006
20  0.000119 4.478321 0.000018  0.186158 0.024383 -0.084290
21  0.000048 4.636116 -0.000030  0.187768 0.230491 0.018203
22  -0.000047 5.008650 0.000013  -0.179089 -0.121340 -0.116574
23  0.000060 4.781161 0.000010  0.519535 2.927402 -0.155214
24  2.253042 1.989057 -3.350106  -2.842490 -0.469583 -0.491236
25  0.000162 6.589464 0.000169  0.122343 0.200181 0.182201
26  0.000044 7.491410 0.000046  -0.251493 0.127725 0.052217
27  0.000028 7.660300 -0.000056  0.056192 -0.024545 -0.058424
28  0.000007 7.256271 0.000021  0.021828 -0.417634 -0.248220
29  -0.791155 2.265118 -1.234655  0.376189 -2.442913 1.781309
30  -0.000257 8.572254 -0.000091  -0.151315 -0.347442 -0.138863
31  -0.000094 8.117212 0.000048  0.297398 0.518629 0.319408
32  -0.000082 8.230040 -0.000072  -0.288929 -0.032240 -0.005615
33  0.000060 7.366726 0.000052  -0.481206 -0.064396 0.181606
34  0.224220 0.240127 -3.218157  -3.043066 -0.286185 0.098799
35  -0.000103 7.721053 -0.000307  0.014982 0.184503 0.424333
36  -0.000034 7.374855 -0.000004  -0.096443 -0.023595 0.101132
37  0.000076 6.848101 0.000006  -0.006476 0.077702 0.087287
38  -0.000051 7.777859 0.000010  -0.059472 0.076938 0.070675
39  -1.514459 2.104648 -1.150167  0.190329 -2.704334 1.748779
40  -0.000168 6.982354 -0.000078  -0.144957 -0.281963 -0.141277
41  0.000039 8.382866 -0.000073  0.315415 0.467093 0.197555
42  0.000013 8.697701 -0.000027  -0.099498 -0.496170 -0.197729
43  0.000057 8.921810 -0.000004  0.217303 0.267449 -0.142951
44  1.196195 2.899153 -2.353086  -2.979185 -0.489533 -1.088837
45  0.000105 5.476950 0.000006  0.138544 0.136564 0.156302
46  -0.000073 6.060440 -0.000092  -0.315129 -0.521745 -0.008230
47  0.000018 5.994265 0.000029  0.075304 0.079808 -0.251422
48  -0.000008 6.100484 0.000003  0.138867 0.242580 0.063960
49  0.000035 6.916759 0.000010  0.036684 0.115206 0.032342
50  0.000151 6.435057 -0.000044  -0.020752 0.191342 0.124572
51  1.092802 3.649511 -1.738794  -0.148600 0.876612 1.445020
52  -0.000128 6.792208 -0.000103  0.008284 0.107792 -0.048643
53  -0.000087 7.744776 -0.000029  0.057137 -0.256893 0.015458
54  0.000085 9.115025 -0.000038  -0.020393 0.256253 -0.142636
55  3.494520 -1.749102 3.007064  3.105432 0.019778 -0.221953
56  0.000013 4.323833 0.000087  -0.445034 -0.880751 0.399289
57  0.000030 4.872900 -0.000021  -0.045832 -0.392073 0.219234
58  0.000006 5.056655 0.000100  0.344494 1.141870 -0.023140
59  2.292461 1.708612 3.661675  2.873631 0.226728 0.387023
60  -0.000169 6.589443 0.000275  -0.186599 -0.324046 0.031999
61  0.000177 7.491496 -0.000152  -0.174766 -0.579772 -0.100862
62  -0.000137 8.249658 0.000141  -0.006642 -0.026489 0.049677
63  0.000074 8.605228 -0.000025  -0.098903 0.563215 -0.081522
64  -0.240479 2.066074 2.349267  2.802598 0.297129 1.102310
65  -0.000082 7.721110 -0.000002  0.185496 -0.340469 -0.147411
66  -0.000120 7.374859 -0.000047  0.037721 -0.163779 -0.158237
67  -0.000036 6.848061 -0.000026  -0.295643 0.461314 0.045165
68  0.000034 7.777832 -0.000042  0.033686 0.172821 -0.097899
69  -0.000083 8.178049 0.000011  0.423400 -0.296149 0.137285
70  1.617603 3.431407 2.399265  2.957859 0.284582 1.246925
71  -0.000170 5.476948 -0.000028  -0.068092 0.095905 -0.023039
72  -0.000089 6.060500 -0.000005  0.150829 0.006529 -0.025174
73  0.000029 5.994248 0.000011  -0.127079 -0.262287 0.070572
74  -0.000079 7.076873 -0.000048  -0.036066 -0.020829 -0.006613
75  0.000005 7.089869 -0.000069  0.070875 0.098587 -0.025893
76  0.361120 0.886683 3.287746  2.805848 0.190674 0.699915
77  -0.000075 6.686637 0.000223  0.235512 0.236492 -0.224284
78  -0.000021 7.638011 0.000013  -0.123648 -0.206684 -0.053483
79  -0.000032 7.290226 -0.000024  -0.015665 0.002760 0.078228
80  -0.000029 6.530361 0.000005  0.123553 -0.446884 0.032944
81  0.000065 7.224880 0.000005  0.272216 0.340584 0.266231
82  1.071903 3.225796 1.570115  2.934970 -0.008227 1.462242
83  0.000411 6.748899 -0.000066  -0.023647 -0.041652 -0.060202
84  -0.000046 8.002641 0.000026  0.119731 -0.145387 0.030381
85  0.000011 8.580575 -0.000098  -0.328608 0.224093 0.075008
86  0.000167 8.689827 -0.000038  0.106407 -0.142465 0.238161
87  -1.514528 2.104638 0.318055  2.969273 -0.030187 1.657823
88  0.000191 6.982272 0.000012  0.221955 -0.177060 -0.037997
89  -0.000008 8.382889 -0.000068  -0.283155 0.223589 0.105771
90  -0.000059 8.697683 0.000027  -0.036581 -0.281096 0.367321
91  -0.000139 8.921822 0.000079  0.077035 -0.415968 0.646183
92  3.553616 -3.478046 2.409277  -2.940121 -0.396762 -1.021200
93  0.000001 4.476898 -0.000007  -0.374556 -0.587066 0.138796
94  0.000030 4.514122 -0.000022  0.575261 -2.645105 0.050158
95  0.000044 4.518379 -0.000017  0.680085 2.756966 0.166920
96  0.000025 3.598325 0.000023  0.380988 0.642351 0.128996
97  4.209924 -0.440347 1.018824  -1.577219 -2.025540 -0.171644
98  4.265504 1.434233 -0.404992  -1.589420 0.045546 -0.689159
99  9.400231 0.017941 0.083201  -0.006117 -0.046487 -0.202669
100  10.242415 0.033590 0.064479  1.697691 0.092009 0.064180
101  3.465859 -0.059679 0.016694  -0.025555 -0.048842 -0.423906
102  1.655591 -0.000021 0.000023  -0.025568 -0.114485 -0.467192
103  0.960766 -0.000004 -0.000007  -0.000000 0.003101 -0.216324
104  3.462033 -0.064246 0.939909  0.332571 -0.040088 -0.385572
105  1.497174 -0.000008 0.000021  -0.490561 -0.021262 -0.048814
106  0.793761 0.000003 -0.000001  -0.000572 0.004562 -0.264948
107  0.591668 -0.460692 0.835206  -1.134576 -0.717293 -0.462339
108  1.556141 0.000004 0.000000  -0.178220 0.121881 0.438108
109  1.135907 0.000019 0.000004  0.004827 0.022557 0.396202
110  3.084272 -0.668822 -1.257085  -0.666830 0.043255 -0.487733
111  1.064198 -0.000004 0.000005  0.003766 0.083622 -0.584609
112  0.640341 0.000005 -0.000009  -0.000352 -0.001434 -0.169762
113  3.396824 -0.242139 -0.708689  -0.381718 -0.022043 -0.522960
114  1.532963 0.000006 0.000006  0.013633 -0.007332 -0.706327
115  0.832977 -0.000002 -0.000003  -0.000009 0.007359 -0.430493
116  4.209939 -0.440343 -1.019279  1.565975 2.023833 -0.184447
117  4.266747 1.424939 0.424938  1.590116 -0.050322 -0.690807
118  9.398572 0.011950 -0.082516  0.005381 0.046914 -0.202739
119  10.242444 0.028177 -0.062906  -1.687983 -0.090752 0.057742
120  3.465746 -0.067524 0.002267  0.032093 0.044648 -0.423147
121  1.655556 0.000006 0.000005  0.024891 0.112868 -0.466971
122  0.960907 0.000004 -0.000001  -0.000004 -0.004468 -0.216285
123  3.466851 -0.077779 -0.920910  -0.329987 0.034939 -0.386044
124  1.497262 -0.000035 -0.000023  -0.414600 0.020814 -0.047914
125  0.793789 -0.000008 -0.000000  -0.003598 0.010261 -0.258763
126  0.595076 -0.467148 -0.829176  2.438760 0.680474 -0.243149
127  1.555678 0.000015 -0.000003  0.314911 0.070848 0.436166
128  1.136809 -0.000009 -0.000001  0.014606 0.014492 0.384378
129  3.075968 -0.667964 1.277700  0.669253 -0.049614 -0.486272
130  1.064592 0.000019 0.000011  -0.015024 -0.091461 -0.583344
131  0.640365 -0.000015 -0.000004  0.000646 -0.000278 -0.169760
132  3.392412 -0.245366 0.728376  0.375990 0.013276 -0.523857
133  1.532736 -0.000009 -0.000001  -0.011784 0.008997 -0.706152
134  0.833153 0.000008 0.000005  0.000013 -0.009685 -0.430431
135  3.590113 -3.090295 1.193972  1.635457 1.210566 1.548541
136  3.589559 -3.089880 -1.196373  -1.505736 1.210473 -1.592853
137  -0.436557 4.719026 -0.001076  -0.000591 -1.570733 1.692996
138  -0.000000 2.775453 -0.000236  -0.135089 0.000001 -0.000000
139  -0.000000 3.189764 0.000008  0.207820 -0.000000 0.000000
140  -0.000000 3.504653 0.000045  -0.261876 0.000000 -0.000000
141  -0.000000 2.863196 -0.000002  -0.051268 0.000000 -0.000000
time 3
0  -0.000000 -0.444789 41.524681  1.570862 0.000000 0.000000
1  0.002636 43.025146 0.734438  0.000060 0.000127 0.000060
2  3.061857 -4.181010 -0.610804  -1.576836 -0.012448 -1.560884
3  18.476774 0.000159 -0.000001  -0.001647 -0.008084 0.123877
4  17.490086 0.000117 0.000003  0.183691 0.150321 -1.112635
5  -3.065330 -4.183575 -0.611480  -1.564806 -0.012486 -1.580759
6  18.474854 -0.000034 -0.000008  0.001600 0.008079 0.123840
7  17.489582 0.001916 -0.000006  -0.177097 -0.152052 -1.112162
8  -0.000117 -0.048881 -0.576226  1.570797 0.086303 1.570791
9  3.224479 0.767047 0.000496  -0.000001 0.000004 -0.028768
10  3.223909 0.226399 -0.001944  -0.000011 -0.000060 0.100383
11  5.187324 -1.262560 -0.001177  0.000012 0.000066 0.194111
12  6.928412 -1.935314 -0.000227  -3.141476 -0.000096 0.372954
13  3.236366 1.079613 0.000057  -0.000128 -0.000017 0.303162
14  0.833764 3.805350 0.692955  0.293038 -2.575130 1.490426
15  0.000041 6.792202 0.000040  0.028838 0.006623 -0.014709
16  -0.000067 7.744814 0.000015  -0.072468 -0.091379 -0.000119
17  0.000073 7.809702 0.000016  -0.028444 -0.003203 0.003240
18  -0.000024 7.867672 0.000017  -0.149958 0.019577 0.123293
19  3.494711 -1.749092 -3.006912  -3.050487 -0.067719 0.559006
20  0.000119 4.478321 0.000018  0.186158 0.024383 -0.084290
21  0.000048 4.636116 -0.000030  0.187768 0.230491 0.018203
22  -0.000047 5.008650 0.000013  -0.179089 -0.121340 -0.116574
23  0.000061 4.781158 0.000008  0.519535 2.927402 -0.155214
24  2.253042 1.989057 -3.350106  -2.842490 -0.469583 -0.491236
25  0.000162 6.589464 0.000169  0.122343 0.200181 0.182201
26  0.000044 7.491410 0.000046  -0.251493 0.127725 0.052217
27  0.000028 7.660300 -0.000056  0.056192 -0.024545 -0.058424
28  0.000007 7.256271 0.000021  0.021828 -0.417634 -0.248220
29  -0.791155 2.265118 -1.234655  0.376189 -2.442913 1.781309
30  -0.000257 8.572254 -0.000091  -0.151315 -0.347442 -0.138863
31  -0.000094 8.117212 0.000048  0.297398 0.518629 0.319408
32  -0.000082 8.230040 -0.000072  -0.288929 -0.032240 -0.005615
33  0.000060 7.366726 0.000053  -0.481206 -0.064396 0.181606
34  0.224220 0.240127 -3.218157  -3.043066 -0.286185 0.098799
35  -0.000103 7.721053 -0.000307  0.014982 0.184503 0.424333
36  -0.000034 7.374855 -0.000004  -0.096443 -0.023595 0.101132
37  0.000076 6.848101 0.000006  -0.006476 0.077702 0.087287
38  -0.000051 7.777859 0.000010  -0.059472 0.076938 0.070675
39  -1.514459 2.104648 -1.150167  0.190329 -2.704334 1.748779
40  -0.000168 6.982350 -0.000077  -0.144957 -0.281963 -0.141277
41  0.000038 8.382866 -0.000073  0.315415 0.467093 0.197555
42  0.000012 8.697706 -0.000027  -0.099498 -0.496170 -0.197729
43  0.000055 8.921803 -0.000004  0.217303 0.267449 -0.142951
44  1.196195 2.899153 -2.353086  -2.979185 -0.489533 -1.088837
45  0.000105 5.476950 0.000006  0.138544 0.136564 0.156302
46  -0.000073 6.060440 -0.000092  -0.315129 -0.521745 -0.008230
47  0.000018 5.994265 0.000029  0.075304 0.079808 -0.251422
48  -0.000008 6.100484 0.000003  0.138867 0.242580 0.063960
49  0.000035 6.916759 0.000010  0.036684 0.115206 0.032342
50  0.000151 6.435057 -0.000044  -0.020752 0.191342 0.124572
51  1.092802 3.649511 -1.738794  -0.148600 0.876612 1.445020
52  -0.000128 6.792208 -0.000103  0.008284 0.107792 -0.048643
53  -0.000087 7.744776 -0.000029  0.057137 -0.256893 0.015458
54  0.000085 9.115025 -0.000038  -0.020393 0.256253 -0.142636
55  3.494520 -1.749102 3.007064  3.105432 0.019778 -0.221953
56  0.000013 4.323833 0.000087  -0.445034 -0.880751 0.399289
57  0.000030 4.872900 -0.000021  -0.045832 -0.392073 0.219234
58  0.000006 5.056655 0.000100  0.344494 1.141870 -0.023140
59  2.292461 1.708612 3.661675  2.873631 0.226728 0.387023
60  -0.000169 6.589443 0.000275  -0.186599 -0.324046 0.031999
61  0.000177 7.491496 -0.000152  -0.174766 -0.579772 -0.100862
62  -0.000137 8.249658 0.000141  -0.006642 -0.026489 0.049677
63  0.000074 8.605228 -0.000025  -0.098903 0.563215 -0.081522
64  -0.240479 2.066074 2.349267  2.802598 0.297129 1.102310
65  -0.000082 7.721110 -0.000002  0.185496 -0.340469 -0.147411
66  -0.000119 7.374859 -0.000048  0.037721 -0.163779 -0.158237
67  -0.000036 6.848062 -0.000026  -0.295643 0.461314 0.045165
68  0.000030 7.777824 -0.000042  0.033686 0.172821 -0.097899
69  -0.000082 8.178050 0.000010  0.423400 -0.296149 0.137285
70  1.617603 3.431407 2.399265  2.957859 0.284582 1.246925
71  -0.000170 5.476948 -0.000028  -0.068092 0.095905 -0.023039
72  -0.000089 6.060500 -0.000004  0.150829 0.006529 -0.025174
73  0.000030 5.994248 0.000011  -0.127079 -0.262287 0.070572
74  -0.000078 7.076873 -0.000047  -0.036066 -0.020829 -0.006613
75  0.000004 7.089862 -0.000070  0.070875 0.098587 -0.025893
76  0.361120 0.886683 3.287746  2.805848 0.190674 0.699915
77  -0.000071 6.686639 0.000224  0.235512 0.236492 -0.224284
78  -0.000015 7.638015 0.000013  -0.123648 -0.206684 -0.053483
79  -0.000032 7.290228 -0.000021  -0.015665 0.002760 0.078228
80  -0.000040 6.530370 0.000005  0.123553 -0.446884 0.032944
81  0.000068 7.224876 0.000011  0.272216 0.340584 0.266231
82  1.071903 3.225796 1.570115  2.934970 -0.008227 1.462242
83  0.000413 6.748895 -0.000069  -0.023647 -0.041652 -0.060201
84  -0.000041 8.002648 0.000026  0.119731 -0.145387 0.030381
85  0.000011 8.580576 -0.000097  -0.328608 0.224093 0.075008
86  0.000168 8.689819 -0.000037  0.106407 -0.142465 0.238161
87  -1.514528 2.104638 0.318055  2.969273 -0.030187 1.657823
88  0.000191 6.982272 0.000012  0.221955 -0.177060 -0.037997
89  -0.000008 8.382889 -0.000068  -0.283154 0.223589 0.105771
90  -0.000055 8.697683 0.000024  -0.036581 -0.281096 0.367321
91  -0.000139 8.921823 0.000079  0.077035 -0.415968 0.646183
92  3.553616 -3.478046 2.409277  -2.940121 -0.396762 -1.021200
93  0.000001 4.476898 -0.000007  -0.374556 -0.587066 0.138796
94  0.000033 4.514122 -0.000022  0.575261 -2.645105 0.050158
95  0.000044 4.518382 -0.000017  0.680085 2.756965 0.166920
96  0.000024 3.598325 0.000023  0.380988 0.642351 0.128996
97  4.209924 -0.440347 1.018824  -1.577219 -2.025540 -0.171644
98  4.265504 1.434233 -0.404992  -1.589420 0.045546 -0.689159
99  9.400231 0.017941 0.083201  -0.006117 -0.046487 -0.202669
100  10.242415 0.033590 0.064479  1.697691 0.092009 0.064180
101  3.465859 -0.059679 0.016694  -0.025555 -0.048842 -0.423906
102  1.655591 -0.000021 0.000023  -0.025568 -0.114485 -0.467192
103  0.960766 -0.000004 -0.000007  -0.000000 0.003101 -0.216324
104  3.462033 -0.064246 0.939909  0.332571 -0.040088 -0.385572
105  1.497174 -0.000008 0.000021  -0.490561 -0.021262 -0.048814
106  0.793761 0.000003 -0.000001  -0.000572 0.004562 -0.264948
107  0.591668 -0.460692 0.835206  -1.134576 -0.717293 -0.462339
108  1.556141 0.000004 0.000000  -0.178220 0.121881 0.438108
109  1.135907 0.000020 0.000004  0.004827 0.022557 0.396202
110  3.084272 -0.668822 -1.257085  -0.666830 0.043255 -0.487733
111  1.064198 -0.000004 0.000005  0.003766 0.083622 -0.584609
112  0.640341 0.000005 -0.000009  -0.000352 -0.001434 -0.169762
113  3.396824 -0.242139 -0.708689  -0.381718 -0.022043 -0.522960
114  1.532963 0.000006 0.000006  0.013633 -0.007332 -0.706327
115  0.832977 -0.000002 -0.000003  -0.000009 0.007359 -0.430493
116  4.209939 -0.440343 -1.019279  1.565975 2.023833 -0.184447
117  4.266747 1.424939 0.424938  1.590116 -0.050322 -0.690807
118  9.398572 0.011950 -0.082516  0.005381 0.046914 -0.202739
119  10.242444 0.028177 -0.062906  -1.687983 -0.090752 0.057742
120  3.465746 -0.067524 0.002267  0.032093 0.044648 -0.423147
121  1.655556 0.000006 0.000005  0.024891 0.112868 -0.466971
122  0.960907 0.000004 -0.000001  -0.000004 -0.004468 -0.216285
123  3.466851 -0.077779 -0.920910  -0.329987 0.034939 -0.386044
124  1.497262 -0.000035 -0.000023  -0.414600 0.020814 -0.047914
125  0.793789 -0.000008 -0.000000  -0.003598 0.010261 -0.258763
126  0.595076 -0.467148 -0.829176  2.438760 0.680474 -0.243149
127  1.555678 0.000015 -0.000003  0.314911 0.070848 0.436166
128  1.136809 -0.000009 -0.000001  0.014606 0.014492 0.384378
129  3.075968 -0.667964 1.277700  0.669253 -0.049614 -0.486272
130  1.064592 0.000019 0.000011  -0.015024 -0.091461 -0.583344
131  0.640365 -0.000015 -0.000004  0.000646 -0.000278 -0.169760
132  3.392412 -0.245366 0.728376  0.375990 0.013276 -0.523857
133  1.532736 -0.000009 -0.000001  -0.011784 0.008997 -0.706152
134  0.833153 0.000008 0.000005  0.000013 -0.009685 -0.430431
135  3.590113 -3.090295 1.193972  1.635457 1.210566 1.548541
136  3.589559 -3.089880 -1.196373  -1.505736 1.210473 -1.592853
137  -0.436557 4.719026 -0.001076  -0.000591 -1.570733 1.692996
138  -0.000000 2.775453 -0.000236  -0.135089 0.000001 -0.000000
139  -0.000000 3.189764 0.000008  0.207820 -0.000000 0.000000
140  -0.000000 3.504653 0.000045  -0.261876 0.000000 -0.000000
141  -0.000000 2.863196 -0.000002  -0.051268 0.000000 -0.000000
time 4
0  -0.000000 -0.444789 41.524681  1.570862 0.000000 0.000000
1  0.002636 43.025146 0.734438  0.000060 0.000127 0.000060
2  3.061857 -4.181010 -0.610804  -1.576836 -0.012448 -1.560884
3  18.476774 0.000159 -0.000001  -0.001647 -0.008084 0.123877
4  17.490086 0.000117 0.000003  0.183691 0.150321 -1.112635
5  -3.065330 -4.183575 -0.611480  -1.564806 -0.012486 -1.580759
6  18.474854 -0.000034 -0.000008  0.001600 0.008079 0.123840
7  17.489582 0.001916 -0.000006  -0.177097 -0.152052 -1.112162
8  -0.000117 -0.048881 -0.576226  1.570797 0.086303 1.570791
9  3.224479 0.767047 0.000496  -0.000001 0.000004 -0.028768
10  3.223909 0.226399 -0.001944  -0.000011 -0.000060 0.100383
11  5.187324 -1.262560 -0.001177  0.000012 0.000066 0.194111
12  6.928412 -1.935314 -0.000227  -3.141476 -0.000096 0.372954
13  3.236366 1.079613 0.000057  -0.000128 -0.000017 0.303162
14  0.833764 3.805350 0.692955  0.293038 -2.575130 1.490426
15  0.000041 6.792202 0.000040  0.028838 0.006623 -0.014709
16  -0.000067 7.744814 0.000015  -0.072468 -0.091379 -0.000119
17  0.000073 7.809702 0.000016  -0.028444 -0.003203 0.003240
18  -0.000024 7.867672 0.000017  -0.149958 0.019577 0.123293
19  3.494711 -1.749092 -3.006912  -3.050487 -0.067719 0.559006
20  0.000119 4.478321 0.000018  0.186158 0.024383 -0.084290
21  0.000048 4.636116 -0.000030  0.187768 0.230491 0.018203
22  -0.000046 5.008650 0.000014  -0.179089 -0.121340 -0.116574
23  0.000059 4.781163 0.000010  0.519535 2.927402 -0.155214
24  2.253042 1.989057 -3.350106  -2.842490 -0.469583 -0.491236
25  0.000162 6.589464 0.000169  0.122343 0.200181 0.182201
26  0.000044 7.491410 0.000046  -0.251493 0.127725 0.052217
27  0.000028 7.660300 -0.000056  0.056192 -0.024545 -0.058424
28  0.000007 7.256271 0.000021  0.021828 -0.417634 -0.248220
29  -0.791155 2.265118 -1.234655  0.376189 -2.442913 1.781309
30  -0.000257 8.572254 -0.000091  -0.151315 -0.347442 -0.138863
31  -0.000094 8.117212 0.000048  0.297398 0.518629 0.319408
32  -0.000082 8.230040 -0.000072  -0.288929 -0.032240 -0.005615
33  0.000060 7.366726 0.000053  -0.481206 -0.064396 0.181606
34  0.224220 0.240127 -3.218157  -3.043066 -0.286185 0.098799
35  -0.000103 7.721053 -0.000307  0.014982 0.184503 0.424333
36  -0.000034 7.374855 -0.000004  -0.096443 -0.023595 0.101132
37  0.000076 6.848101 0.000006  -0.006476 0.077702 0.087287
38  -0.000051 7.777859 0.000010  -0.059472 0.076938 0.070675
39  -1.514459 2.104648 -1.150167  0.190329 -2.704334 1.748779
40  -0.000168 6.982354 -0.000078  -0.144957 -0.281963 -0.141277
41  0.000039 8.382866 -0.000073  0.315415 0.467093 0.197555
42  0.000013 8.697701 -0.000027  -0.099498 -0.496170 -0.197729
43  0.000055 8.921810 -0.000003  0.217303 0.267449 -0.142951
44  1.196195 2.899153 -2.353086  -2.979185 -0.489533 -1.088837
45  0.000105 5.476950 0.000006  0.138544 0.136564 0.156302
46  -0.000073 6.060440 -0.000092  -0.315129 -0.521745 -0.008230
47  0.000018 5.994265 0.000029  0.075304 0.079808 -0.251422
48  -0.000008 6.100484 0.000003  0.138867 0.242580 0.063960
49  0.000035 6.916759 0.000010  0.036684 0.115206 0.032342
50  0.000151 6.435057 -0.000044  -0.020752 0.191342 0.124572
51  1.092802 3.649511 -1.738794  -0.148600 0.876612 1.445020
52  -0.000128 6.792208 -0.000103  0.008284 0.107792 -0.048643
53  -0.000087 7.744776 -0.000029  0.057137 -0.256893 0.015458
54  0.000085 9.115025 -0.000038  -0.020393 0.256253 -0.142636
55  3.494520 -1.749102 3.007064  3.105432 0.019778 -0.221953
56  0.000013 4.323833 0.000087  -0.445034 -0.880751 0.399289
57  0.000030 4.872900 -0.000021  -0.045832 -0.392073 0.219234
58  0.000006 5.056655 0.000100  0.344494 1.141870 -0.023140
59  2.292461 1.708612 3.661675  2.873631 0.226728 0.387023
60  -0.000169 6.589443 0.000275  -0.186599 -0.324046 0.031999
61  0.000177 7.491496 -0.000152  -0.174766 -0.579772 -0.100862
62  -0.000137 8.249658 0.000141  -0.006642 -0.026489 0.049677
63  0.000074 8.605228 -0.000025  -0.098903 0.563215 -0.081522
64  -0.240479 2.066074 2.349267  2.802598 0.297129 1.102310
65  -0.000082 7.721110 -0.000002  0.185496 -0.340469 -0.147411
66  -0.000120 7.374859 -0.000047  0.037721 -0.163779 -0.158237
67  -0.000036 6.848061 -0.000026  -0.295643 0.461314 0.045165
68  0.000034 7.777832 -0.000042  0.033686 0.172821 -0.097899
69  -0.000083 8.178049 0.000011  0.423400 -0.296149 0.137285
70  1.617603 3.431407 2.399265  2.957859 0.284582 1.246925
71  -0.000170 5.476948 -0.000028  -0.068092 0.095905 -0.023039
72  -0.000089 6.060500 -0.000005  0.150829 0.006529 -0.025174
73  0.000029 5.994248 0.000011  -0.127079 -0.262287 0.070572
74  -0.000078 7.076865 -0.000048  -0.036066 -0.020829 -0.006613
75  0.000000 7.089862 -0.000070  0.070875 0.098587 -0.025893
76  0.361120 0.886683 3.287746  2.805848 0.190674 0.699915
77  -0.000071 6.686639 0.000224  0.235511 0.236492 -0.224284
78  -0.000011 7.638015 0.000013  -0.123648 -0.206684 -0.053483
79  -0.000028 7.290235 -0.000021  -0.015665 0.002760 0.078228
80  -0.000036 6.530362 0.000005  0.123553 -0.446884 0.032944
81  0.000061 7.224882 0.000011  0.272216 0.340583 0.266231
82  1.071903 3.225796 1.570115  2.934970 -0.008227 1.462242
83  0.000413 6.748895 -0.000069  -0.023647 -0.041652 -0.060201
84  -0.000041 8.002648 0.000026  0.119731 -0.145387 0.030381
85  0.000011 8.580576 -0.000097  -0.328608 0.224093 0.075008
86  0.000168 8.689819 -0.000037  0.106407 -0.142465 0.238161
87  -1.514528 2.104638 0.318055  2.969273 -0.030187 1.657823
88  0.000191 6.982272 0.000012  0.221955 -0.177060 -0.037997
89  -0.000008 8.382889 -0.000068  -0.283155 0.223589 0.105771
90  -0.000059 8.697683 0.000028  -0.036581 -0.281096 0.367321
91  -0.000138 8.921822 0.000078  0.077035 -0.415968 0.646183
92  3.553616 -3.478046 2.409277  -2.940121 -0.396762 -1.021200
93  0.000001 4.476898 -0.000007  -0.374556 -0.587066 0.138796
94  0.000034 4.514122 -0.000022  0.575261 -2.645105 0.050158
95  0.000044 4.518382 -0.000018  0.680085 2.756965 0.166920
96  0.000024 3.598329 0.000024  0.380988 0.642351 0.128996
97  4.209924 -0.440347 1.018824  -1.577219 -2.025540 -0.171644
98  4.265504 1.434233 -0.404992  -1.589420 0.045546 -0.689159
99  9.400231 0.017941 0.083201  -0.006117 -0.046487 -0.202669
100  10.242415 0.033590 0.064479  1.697691 0.092009 0.064180
101  3.465859 -0.059679 0.016694  -0.025555 -0.048842 -0.423906
102  1.655591 -0.000021 0.000023  -0.025568 -0.114485 -0.467192
103  0.960766 -0.000004 -0.000007  -0.000000 0.003101 -0.216324
104  3.462033 -0.064246 0.939909  0.332571 -0.040088 -0.385572
105  1.497174 -0.000008 0.000021  -0.490561 -0.021262 -0.048814
106  0.793761 0.000003 -0.000001  -0.000572 0.004562 -0.264948
107  0.591668 -0.460692 0.835206  -1.134576 -0.717293 -0.462339
108  1.556141 0.000004 0.000000  -0.178220 0.121881 0.438108
109  1.135907 0.000020 0.000004  0.004827 0.022557 0.396202
110  3.084272 -0.668822 -1.257085  -0.666830 0.043255 -0.487733
111  1.064198 -0.000004 0.000005  0.003766 0.083622 -0.584609
112  0.640341 0.000005 -0.000009  -0.000352 -0.001434 -0.169762
113  3.396824 -0.242139 -0.708689  -0.381718 -0.022043 -0.522960
114  1.532963 0.000006 0.000006  0.013633 -0.007332 -0.706327
115  0.832977 -0.000002 -0.000003  -0.000009 0.007359 -0.430493
116  4.209939 -0.440343 -1.019279  1.565975 2.023833 -0.184447
117  4.266747 1.424939 0.424938  1.590116 -0.050322 -0.690807
118  9.398572 0.011950 -0.082516  0.005381 0.046914 -0.202739
119  10.242444 0.028177 -0.062906  -1.687983 -0.090752 0.057742
120  3.465746 -0.067524 0.002267  0.032093 0.044648 -0.423147
121  1.655556 0.000006 0.000005  0.024891 0.112868 -0.466971
122  0.960907 0.000004 -0.000001  -0.000004 -0.004468 -0.216285
123  3.466851 -0.077779 -0.920910  -0.329987 0.034939 -0.386044
124  1.497262 -0.000035 -0.000023  -0.414600 0.020814 -0.047914
125  0.793789 -0.000008 -0.000000  -0.003598 0.010261 -0.258763
126  0.595076 -0.467148 -0.829176  2.438760 0.680474 -0.243149
127  1.555678 0.000015 -0.000003  0.314911 0.070848 0.436166
128  1.136809 -0.000009 -0.000001  0.014606 0.014492 0.384378
129  3.075968 -0.667964 1.277700  0.669253 -0.049614 -0.486272
130  1.064592 0.000019 0.000011  -0.015024 -0.091461 -0.583344
131  0.640365 -0.000015 -0.000004  0.000646 -0.000278 -0.169760
132  3.392412 -0.245366 0.728376  0.375990 0.013276 -0.523857
133  1.532736 -0.000009 -0.000001  -0.011784 0.008997 -0.706152
134  0.833153 0.000008 0.000005  0.000013 -0.009685 -0.430431
135  3.590113 -3.090295 1.193972  1.635457 1.210566 1.548541
136  3.589559 -3.089880 -1.196373  -1.505736 1.210473 -1.592853
137  -0.436557 4.719026 -0.001076  -0.000591 -1.570733 1.692996
138  -0.000000 2.775453 -0.000236  -0.135089 0.000001 -0.000000
139  -0.000000 3.189764 0.000008  0.207820 -0.000000 0.000000
140  -0.000000 3.504653 0.000045  -0.261876 0.000000 -0.000000
141  -0.000000 2.863196 -0.000002  -0.051268 0.000000 -0.000000
time 5
0  -0.000000 -0.444789 41.524681  1.570862 0.000000 0.000000
1  0.002636 43.025146 0.734438  0.000060 0.000127 0.000060
2  3.061857 -4.181010 -0.610804  -1.576836 -0.012448 -1.560884
3  18.476774 0.000159 -0.000001  -0.001647 -0.008084 0.123877
4  17.490086 0.000117 0.000003  0.183691 0.150321 -1.112635
5  -3.065330 -4.183575 -0.611480  -1.564806 -0.012486 -1.580759
6  18.474854 -0.000034 -0.000008  0.001600 0.008079 0.123840
7  17.489582 0.001916 -0.000006  -0.177097 -0.152052 -1.112162
8  -0.000117 -0.048881 -0.576226  1.570797 0.086303 1.570791
9  3.224479 0.767047 0.000496  -0.000001 0.000004 -0.028768
10  3.223909 0.226399 -0.001944  -0.000011 -0.000060 0.100383
11  5.187324 -1.262560 -0.001177  0.000012 0.000066 0.194111
12  6.928412 -1.935314 -0.000227  -3.141476 -0.000096 0.372954
13  3.236366 1.079613 0.000057  -0.000128 -0.000017 0.303162
14  0.833764 3.805350 0.692955  0.293038 -2.575130 1.490426
15  0.000041 6.792202 0.000040  0.028838 0.006623 -0.014709
16  -0.000067 7.744814 0.000015  -0.072468 -0.091379 -0.000119
17  0.000073 7.809702 0.000016  -0.028444 -0.003203 0.003240
18  -0.000024 7.867672 0.000017  -0.149958 0.019577 0.123293
19  3.494711 -1.749092 -3.006912  -3.050487 -0.067719 0.559006
20  0.000119 4.478321 0.000018  0.186158 0.024383 -0.084290
21  0.000048 4.636116 -0.000030  0.187768 0.230491 0.018203
22  -0.000047 5.008650 0.000013  -0.179089 -0.121340 -0.116574
23  0.000059 4.781161 0.000011  0.519535 2.927402 -0.155214
24  2.253042 1.989057 -3.350106  -2.842490 -0.469583 -0.491236
25  0.000162 6.589464 0.000169  0.122343 0.200181 0.182201
26  0.000044 7.491410 0.000046  -0.251493 0.127725 0.052217
27  0.000028 7.660300 -0.000056  0.056192 -0.024545 -0.058424
28  0.000007 7.256271 0.000021  0.021828 -0.417634 -0.248220
29  -0.791155 2.265118 -1.234655  0.376189 -2.442913 1.781309
30  -0.000257 8.572254 -0.000091  -0.151315 -0.347442 -0.138863
31  -0.000094 8.117212 0.000048  0.297398 0.518629 0.319408
32  -0.000082 8.230040 -0.000072  -0.288929 -0.032240 -0.005615
33  0.000060 7.366722 0.000053  -0.481206 -0.064396 0.181606
34  0.224220 0.240127 -3.218157  -3.043066 -0.286185 0.098799
35  -0.000103 7.721053 -0.000307  0.014982 0.184503 0.424333
36  -0.000034 7.374855 -0.000004  -0.096443 -0.023595 0.101132
37  0.000076 6.848101 0.000006  -0.006476 0.077702 0.087287
38  -0.000051 7.777859 0.000010  -0.059472 0.076938 0.070675
39  -1.514459 2.104648 -1.150167  0.190329 -2.704334 1.748779
40  -0.000169 6.982350 -0.000076  -0.144957 -0.281963 -0.141277
41  0.000038 8.382866 -0.000073  0.315415 0.467093 0.197555
42  0.000013 8.697701 -0.000028  -0.099498 -0.496169 -0.197729
43  0.000056 8.921804 -0.000003  0.217303 0.267449 -0.142951
44  1.196195 2.899153 -2.353086  -2.979185 -0.489533 -1.088837
45  0.000105 5.476950 0.000006  0.138544 0.136564 0.156302
46  -0.000073 6.060440 -0.000092  -0.315129 -0.521745 -0.008230
47  0.000018 5.994265 0.000029  0.075304 0.079808 -0.251422
48  -0.000008 6.100484 0.000003  0.138867 0.242580 0.063960
49  0.000035 6.916759 0.000010  0.036684 0.115206 0.032342
50  0.000151 6.435057 -0.000044  -0.020752 0.191342 0.124572
51  1.092802 3.649511 -1.738794  -0.148600 0.876612 1.445020
52  -0.000128 6.792208 -0.000103  0.008284 0.107792 -0.048643
53  -0.000087 7.744776 -0.000029  0.057137 -0.256893 0.015458
54  0.000085 9.115025 -0.000038  -0.020393 0.256253 -0.142636
55  3.494520 -1.749102 3.007064  3.105432 0.019778 -0.221953
56  0.000013 4.323833 0.000087  -0.445034 -0.880751 0.399289
57  0.000030 4.872900 -0.000021  -0.045832 -0.392073 0.219234
58  0.000006 5.056655 0.000100  0.344494 1.141870 -0.023140
59  2.292461 1.708612 3.661675  2.873631 0.226728 0.387023
60  -0.000169 6.589443 0.000275  -0.186599 -0.324046 0.031999
61  0.000177 7.491496 -0.000152  -0.174766 -0.579772 -0.100862
62  -0.000137 8.249658 0.000141  -0.006642 -0.026489 0.049677
63  0.000074 8.605228 -0.000025  -0.098903 0.563215 -0.081522
64  -0.240479 2.066074 2.349267  2.802598 0.297129 1.102310
65  -0.000082 7.721110 -0.000002  0.185496 -0.340469 -0.147411
66  -0.000120 7.374859 -0.000047  0.037721 -0.163779 -0.158237
67  -0.000036 6.848061 -0.000026  -0.295643 0.461314 0.045165
68  0.000034 7.777832 -0.000042  0.033686 0.172821 -0.097899
69  -0.000083 8.178049 0.000011  0.423400 -0.296149 0.137285
70  1.617603 3.431407 2.399265  2.957859 0.284582 1.246925
71  -0.000170 5.476948 -0.000028  -0.068092 0.095905 -0.023039
72  -0.000089 6.060500 -0.000005  0.150829 0.006529 -0.025174
73  0.000029 5.994248 0.000011  -0.127079 -0.262287 0.070572
74  -0.000079 7.076873 -0.000048  -0.036066 -0.020829 -0.006613
75  0.000005 7.089869 -0.000069  0.070875 0.098587 -0.025893
76  0.361120 0.886683 3.287746  2.805848 0.190674 0.699915
77  -0.000071 6.686639 0.000224  0.235511 0.236492 -0.224284
78  -0.000014 7.638015 0.000013  -0.123648 -0.206684 -0.053483
79  -0.000035 7.290228 -0.000021  -0.015665 0.002760 0.078228
80  -0.000028 6.530372 0.000007  0.123553 -0.446884 0.032944
81  0.000060 7.224874 0.000008  0.272216 0.340584 0.266231
82  1.071903 3.225796 1.570115  2.934970 -0.008227 1.462242
83  0.000411 6.748895 -0.000068  -0.023647 -0.041652 -0.060201
84  -0.000043 8.002648 0.000027  0.119731 -0.145387 0.030381
85  0.000010 8.580576 -0.000097  -0.328608 0.224093 0.075008
86  0.000165 8.689819 -0.000041  0.106407 -0.142465 0.238161
87  -1.514528 2.104638 0.318055  2.969273 -0.030187 1.657823
88  0.000191 6.982272 0.000012  0.221955 -0.177060 -0.037997
89  -0.000008 8.382889 -0.000068  -0.283155 0.223589 0.105771
90  -0.000059 8.697683 0.000027  -0.036581 -0.281096 0.367321
91  -0.000139 8.921822 0.000079  0.077035 -0.415968 0.646183
92  3.553616 -3.478046 2.409277  -2.940121 -0.396762 -1.021200
93  0.000001 4.476898 -0.000007  -0.374556 -0.587066 0.138796
94  0.000030 4.514122 -0.000022  0.575261 -2.645105 0.050158
95  0.000044 4.518379 -0.000017  0.680085 2.756966 0.166920
96  0.000022 3.598325 0.000023  0.380988 0.642351 0.128996
97  4.209924 -0.440347 1.018824  -1.577219 -2.025540 -0.171644
98  4.265504 1.434233 -0.404992  -1.589420 0.045546 -0.689159
99  9.400231 0.017941 0.083201  -0.006117 -0.046487 -0.202669
100  10.242415 0.033590 0.064479  1.697691 0.092009 0.064180
101  3.465859 -0.059679 0.016694  -0.025555 -0.048842 -0.423906
102  1.655591 -0.000021 0.000023  -0.025568 -0.114485 -0.467192
103  0.960766 -0.000004 -0.000007  -0.000000 0.003101 -0.216324
104  3.462033 -0.064246 0.939909  0.332571 -0.040088 -0.385572
105  1.497174 -0.000008 0.000021  -0.490561 -0.021262 -0.048814
106  0.793761 0.000003 -0.000001  -0.000572 0.004562 -0.264948
107  0.591668 -0.460692 0.835206  -1.134576 -0.717293 -0.462339
108  1.556141 0.000004 0.000000  -0.178220 0.121881 0.438108
109  1.135907 0.000020 0.000004  0.004827 0.022557 0.396202
110  3.084272 -0.668822 -1.257085  -0.666830 0.043255 -0.487733
111  1.064198 -0.000004 0.000005  0.003766 0.083622 -0.584609
112  0.640341 0.000005 -0.000009  -0.000352 -0.001434 -0.169762
113  3.396824 -0.242139 -0.708689  -0.381718 -0.022043 -0.522960
114  1.532963 0.000006 0.000006  0.013633 -0.007332 -0.706327
115  0.832977 -0.000002 -0.000003  -0.000009 0.007359 -0.430493
116  4.209939 -0.440343 -1.019279  1.565975 2.023833 -0.184447
117  4.266747 1.424939 0.424938  1.590116 -0.050322 -0.690807
118  9.398572 0.011950 -0.082516  0.005381 0.046914 -0.202739
119  10.242444 0.028177 -0.062906  -1.687983 -0.090752 0.057742
120  3.465746 -0.067524 0.002267  0.032093 0.044648 -0.423147
121  1.655556 0.000006 0.000005  0.024891 0.112868 -0.466971
122  0.960907 0.000004 -0.000001  -0.000004 -0.004468 -0.216285
123  3.466851 -0.077779 -0.920910  -0.329987 0.034939 -0.386044
124  1.497262 -0.000035 -0.000023  -0.414600 0.020814 -0.047914
125  0.793789 -0.000008 -0.000000  -0.003598 0.010261 -0.258763
126  0.595076 -0.467148 -0.829176  2.438760 0.680474 -0.243149
127  1.555678 0.000015 -0.000003  0.314911 0.070848 0.436166
128  1.136809 -0.000009 -0.000001  0.014606 0.014492 0.384378
129  3.075968 -0.667964 1.277700  0.669253 -0.049614 -0.486272
130  1.064592 0.000019 0.000011  -0.015024 -0.091461 -0.583344
131  0.640365 -0.000015 -0.000004  0.000646 -0.000278 -0.169760
132  3.392412 -0.245366 0.728376  0.375990 0.013276 -0.523857
133  1.532736 -0.000009 -0.000001  -0.011784 0.008997 -0.706152
134  0.833153 0.000008 0.000005  0.000013 -0.009685 -0.430431
135  3.590113 -3.090295 1.193972  1.635457 1.210566 1.548541
136  3.589559 -3.089880 -1.196373  -1.505736 1.210473 -1.592853
137  -0.436557 4.719026 -0.001076  -0.000591 -1.570733 1.692996
138  -0.000000 2.775453 -0.000236  -0.135089 0.000001 -0.000000
139  -0.000000 3.189764 0.000008  0.207820 -0.000000 0.000000
140  -0.000000 3.504653 0.000045  -0.261876 0.000000 -0.000000
141  -0.000000 2.863196 -0.000002  -0.051268 0.000000 -0.000000
time 6
0  -0.000000 -0.444789 41.524681  1.570862 0.000000 0.000000
1  0.002636 43.025146 0.734438  0.000060 0.000127 0.000060
2  3.061857 -4.181010 -0.610804  -1.576836 -0.012448 -1.560884
3  18.476774 0.000159 -0.000001  -0.001647 -0.008084 0.123877
4  17.490086 0.000117 0.000003  0.183691 0.150321 -1.112635
5  -3.065330 -4.183575 -0.611480  -1.564806 -0.012486 -1.580759
6  18.474854 -0.000034 -0.000008  0.001600 0.008079 0.123840
7  17.489582 0.001916 -0.000006  -0.177097 -0.152052 -1.112162
8  -0.000117 -0.048881 -0.576226  1.570797 0.086303 1.570791
9  3.224479 0.767047 0.000496  -0.000001 0.000004 -0.028768
10  3.223909 0.226399 -0.001944  -0.000011 -0.000060 0.100383
11  5.187324 -1.262560 -0.001177  0.000012 0.000066 0.194111
12  6.928412 -1.935314 -0.000227  -3.141476 -0.000096 0.372954
13  3.236366 1.079613 0.000057  -0.000128 -0.000017 0.303162
14  0.833764 3.805350 0.692955  0.293038 -2.575130 1.490426
15  0.000041 6.792202 0.000040  0.028838 0.006623 -0.014709
16  -0.000067 7.744814 0.000015  -0.072468 -0.091379 -0.000119
17  0.000073 7.809702 0.000016  -0.028444 -0.003203 0.003240
18  -0.000024 7.867672 0.000017  -0.149958 0.019577 0.123293
19  3.494711 -1.749092 -3.006912  -3.050487 -0.067719 0.559006
20  0.000119 4.478321 0.000018  0.186158 0.024383 -0.084290
21  0.000048 4.636116 -0.000030  0.187768 0.230491 0.018203
22  -0.000047 5.008650 0.000013  -0.179089 -0.121340 -0.116574
23  0.000064 4.781157 0.000009  0.519535 2.927402 -0.155214
24  2.253042 1.989057 -3.350106  -2.842490 -0.469583 -0.491236
25  0.000162 6.589464 0.000169  0.122343 0.200181 0.182201
26  0.000044 7.491410 0.000046  -0.251493 0.127725 0.052217
27  0.000028 7.660300 -0.000056  0.056192 -0.024545 -0.058424
28  0.000007 7.256271 0.000021  0.021828 -0.417634 -0.248220
29  -0.791155 2.265118 -1.234655  0.376189 -2.442913 1.781309
30  -0.000257 8.572254 -0.000091  -0.151315 -0.347442 -0.138863
31  -0.000094 8.117212 0.000048  0.297398 0.518629 0.319408
32  -0.000082 8.230040 -0.000072  -0.288929 -0.032240 -0.005615
33  0.000060 7.366726 0.000053  -0.481206 -0.064396 0.181606
34  0.224220 0.240127 -3.218157  -3.043066 -0.286185 0.098799
35  -0.000103 7.721053 -0.000307  0.014982 0.184503 0.424333
36  -0.000034 7.374855 -0.000004  -0.096443 -0.023595 0.101132
37  0.000076 6.848101 0.000006  -0.006476 0.077702 0.087287
38  -0.000051 7.777859 0.000010  -0.059472 0.076938 0.070675
39  -1.514459 2.104648 -1.150167  0.190329 -2.704334 1.748779
40  -0.000168 6.982354 -0.000078  -0.144957 -0.281963 -0.141277
41  0.000039 8.382866 -0.000073  0.315415 0.467093 0.197555
42  0.000013 8.697701 -0.000027  -0.099498 -0.496170 -0.197729
43  0.000057 8.921808 -0.000003  0.217303 0.267449 -0.142951
44  1.196195 2.899153 -2.353086  -2.979185 -0.489533 -1.088837
45  0.000105 5.476950 0.000006  0.138544 0.136564 0.156302
46  -0.000073 6.060440 -0.000092  -0.315129 -0.521745 -0.008230
47  0.000018 5.994265 0.000029  0.075304 0.079808 -0.251422
48  -0.000008 6.100484 0.000003  0.138867 0.242580 0.063960
49  0.000035 6.916759 0.000010  0.036684 0.115206 0.032342
50  0.000151 6.435057 -0.000044  -0.020752 0.191342 0.124572
51  1.092802 3.649511 -1.738794  -0.148600 0.876612 1.445020
52  -0.000128 6.792208 -0.000103  0.008284 0.107792 -0.048643
53  -0.000087 7.744776 -0.000029  0.057137 -0.256893 0.015458
54  0.000085 9.115025 -0.000038  -0.020393 0.256253 -0.142636
55  3.494520 -1.749102 3.007064  3.105432 0.019778 -0.221953
56  0.000013 4.323833 0.000087  -0.445034 -0.880751 0.399289
57  0.000030 4.872900 -0.000021  -0.045832 -0.392073 0.219234
58  0.000006 5.056655 0.000100  0.344494 1.141870 -0.023140
59  2.292461 1.708612 3.661675  2.873631 0.226728 0.387023
60  -0.000169 6.589443 0.000275  -0.186599 -0.324046 0.031999
61  0.000177 7.491496 -0.000152  -0.174766 -0.579772 -0.100862
62  -0.000137 8.249658 0.000141  -0.006642 -0.026489 0.049677
63  0.000074 8.605228 -0.000025  -0.098903 0.563215 -0.081522
64  -0.240479 2.066074 2.349267  2.802598 0.297129 1.102310
65  -0.000082 7.721110 -0.000002  0.185496 -0.340469 -0.147411
66  -0.000124 7.374866 -0.000045  0.037721 -0.163780 -0.158236
67  -0.000038 6.848069 -0.000026  -0.295643 0.461314 0.045165
68  0.000033 7.777817 -0.000042  0.033686 0.172821 -0.097899
69  -0.000084 8.178041 0.000010  0.423400 -0.296149 0.137285
70  1.617603 3.431407 2.399265  2.957859 0.284582 1.246925
71  -0.000170 5.476948 -0.000028  -0.068092 0.095905 -0.023039
72  -0.000089 6.060500 -0.000004  0.150829 0.006529 -0.025174
73  0.000030 5.994248 0.000011  -0.127079 -0.262287 0.070572
74  -0.000078 7.076873 -0.000047  -0.036066 -0.020829 -0.006613
75  0.000004 7.089862 -0.000070  0.070875 0.098587 -0.025893
76  0.361120 0.886683 3.287746  2.805848 0.190674 0.699915
77  -0.000071 6.686639 0.000224  0.235511 0.236492 -0.224284
78  -0.000003 7.638016 0.000013  -0.123648 -0.206684 -0.053483
79  -0.000035 7.290232 -0.000021  -0.015665 0.002760 0.078228
80  -0.000035 6.530366 0.000005  0.123553 -0.446884 0.032944
81  0.000062 7.224885 0.000012  0.272216 0.340584 0.266231
82  1.071903 3.225796 1.570115  2.934970 -0.008227 1.462242
83  0.000411 6.748895 -0.000068  -0.023647 -0.041652 -0.060201
84  -0.000043 8.002648 0.000027  0.119731 -0.145387 0.030381
85  0.000010 8.580576 -0.000097  -0.328608 0.224093 0.075008
86  0.000165 8.689819 -0.000041  0.106407 -0.142465 0.238161
87  -1.514528 2.104638 0.318055  2.969273 -0.030187 1.657823
88  0.000191 6.982272 0.000012  0.221955 -0.177060 -0.037997
89  -0.000008 8.382889 -0.000068  -0.283155 0.223589 0.105771
90  -0.000057 8.697683 0.000026  -0.036581 -0.281096 0.367321
91  -0.000131 8.921829 0.000078  0.077035 -0.415968 0.646183
92  3.553616 -3.478046 2.409277  -2.940121 -0.396762 -1.021200
93  0.000001 4.476898 -0.000007  -0.374556 -0.587066 0.138796
94  0.000033 4.514122 -0.000023  0.575261 -2.645105 0.050158
95  0.000044 4.518382 -0.000017  0.680085 2.756965 0.166920
96  0.000024 3.598328 0.000024  0.380988 0.642351 0.128996
97  4.209924 -0.440347 1.018824  -1.577219 -2.025540 -0.171644
98  4.265504 1.434233 -0.404992  -1.589420 0.045546 -0.689159
99  9.400231 0.017941 0.083201  -0.006117 -0.046487 -0.202669
100  10.242415 0.033590 0.064479  1.697691 0.092009 0.064180
101  3.465859 -0.059679 0.016694  -0.025555 -0.048842 -0.423906
102  1.655591 -0.000021 0.000023  -0.025568 -0.114485 -0.467192
103  0.960766 -0.000004 -0.000007  -0.000000 0.003101 -0.216324
104  3.462033 -0.064246 0.939909  0.332571 -0.040088 -0.385572
105  1.497174 -0.000008 0.000021  -0.490561 -0.021262 -0.048814
106  0.793761 0.000003 -0.000001  -0.000572 0.004562 -0.264948
107  0.591668 -0.460692 0.835206  -1.134576 -0.717293 -0.462339
108  1.556141 0.000004 0.000000  -0.178220 0.121881 0.438108
109  1.135907 0.000020 0.000004  0.004827 0.022557 0.396202
110  3.084272 -0.668822 -1.257085  -0.666830 0.043255 -0.487733
111  1.064198 -0.000004 0.000005  0.003766 0.083622 -0.584609
112  0.640341 0.000005 -0.000009  -0.000352 -0.001434 -0.169762
113  3.396824 -0.242139 -0.708689  -0.381718 -0.022043 -0.522960
114  1.532963 0.000006 0.000006  0.013633 -0.007332 -0.706327
115  0.832977 -0.000002 -0.000003  -0.000009 0.007359 -0.430493
116  4.209939 -0.440343 -1.019279  1.565975 2.023833 -0.184447
117  4.266747 1.424939 0.424938  1.590116 -0.050322 -0.690807
118  9.398572 0.011950 -0.082516  0.005381 0.046914 -0.202739
119  10.242444 0.028177 -0.062906  -1.687983 -0.090752 0.057742
120  3.465746 -0.067524 0.002267  0.032093 0.044648 -0.423147
121  1.655556 0.000006 0.000005  0.024891 0.112868 -0.466971
122  0.960907 0.000004 -0.000001  -0.000004 -0.004468 -0.216285
123  3.466851 -0.077779 -0.920910  -0.329987 0.034939 -0.386044
124  1.497262 -0.000035 -0.000023  -0.414600 0.020814 -0.047914
125  0.793789 -0.000008 -0.000000  -0.003598 0.010261 -0.258763
126  0.595076 -0.467148 -0.829176  2.438760 0.680474 -0.243149
127  1.555678 0.000015 -0.000003  0.314911 0.070848 0.436166
128  1.136809 -0.000009 -0.000001  0.014606 0.014492 0.384378
129  3.075968 -0.667964 1.277700  0.669253 -0.049614 -0.486272
130  1.064592 0.000019 0.000011  -0.015024 -0.091461 -0.583344
131  0.640365 -0.000015 -0.000004  0.000646 -0.000278 -0.169760
132  3.392412 -0.245366 0.728376  0.375990 0.013276 -0.523857
133  1.532736 -0.000009 -0.000001  -0.011784 0.008997 -0.706152
134  0.833153 0.000008 0.000005  0.000013 -0.009685 -0.430431
135  3.590113 -3.090295 1.193972  1.635457 1.210566 1.548541
136  3.589559 -3.089880 -1.196373  -1.505736 1.210473 -1.592853
137  -0.436557 4.719026 -0.001076  -0.000591 -1.570733 1.692996
138  -0.000000 2.775453 -0.000236  -0.135089 0.000001 -0.000000
139  -0.000000 3.189764 0.000008  0.207820 -0.000000 0.000000
140  -0.000000 3.504653 0.000045  -0.261876 0.000000 -0.000000
141  -0.000000 2.863196 -0.000002  -0.051268 0.000000 -0.000000
time 7
0  -0.000000 -0.444789 41.524681  1.570862 0.000000 0.000000
1  0.002636 43.025146 0.734438  0.000060 0.000127 0.000060
2  3.061857 -4.181010 -0.610804  -1.576836 -0.012448 -1.560884
3  18.476774 0.000159 -0.000001  -0.001647 -0.008084 0.123877
4  17.490086 0.000117 0.000003  0.183691 0.150321 -1.112635
5  -3.065330 -4.183575 -0.611480  -1.564806 -0.012486 -1.580759
6  18.474854 -0.000034 -0.000008  0.001600 0.008079 0.123840
7  17.489582 0.001916 -0.000006  -0.177097 -0.152052 -1.112162
8  -0.000117 -0.048881 -0.576226  1.570797 0.086303 1.570791
9  3.224479 0.767047 0.000496  -0.000001 0.000004 -0.028768
10  3.223909 0.226399 -0.001944  -0.000011 -0.000060 0.100383
11  5.187324 -1.262560 -0.001177  0.000012 0.000066 0.194111
12  6.928412 -1.935314 -0.000227  -3.141476 -0.000096 0.372954
13  3.236366 1.079613 0.000057  -0.000128 -0.000017 0.303162
14  0.833764 3.805350 0.692955  0.293038 -2.575130 1.490426
15  0.000041 6.792202 0.000040  0.028838 0.006623 -0.014709
16  -0.000067 7.744814 0.000015  -0.072468 -0.091379 -0.000119
17  0.000073 7.809702 0.000016  -0.028444 -0.003203 0.003240
18  -0.000024 7.867672 0.000017  -0.149958 0.019577 0.123293
19  3.494711 -1.749092 -3.006912  -3.050487 -0.067719 0.559006
20  0.000119 4.478321 0.000018  0.186158 0.024383 -0.084290
21  0.000048 4.636116 -0.000030  0.187768 0.230491 0.018203
22  -0.000046 5.008650 0.000014  -0.179089 -0.121340 -0.116574
23  0.000060 4.781166 0.000009  0.519535 2.927402 -0.155214
24  2.253042 1.989057 -3.350106  -2.842490 -0.469583 -0.491236
25  0.000162 6.589464 0.000169  0.122343 0.200181 0.182201
26  0.000044 7.491410 0.000046  -0.251493 0.127725 0.052217
27  0.000028 7.660300 -0.000056  0.056192 -0.024545 -0.058424
28  0.000007 7.256271 0.000021  0.021828 -0.417634 -0.248220
29  -0.791155 2.265118 -1.234655  0.376189 -2.442913 1.781309
30  -0.000257 8.572254 -0.000091  -0.151315 -0.347442 -0.138863
31  -0.000094 8.117212 0.000048  0.297398 0.518629 0.319408
32  -0.000082 8.230040 -0.000072  -0.288929 -0.032240 -0.005615
33  0.000060 7.366722 0.000053  -0.481206 -0.064396 0.181606
34  0.224220 0.240127 -3.218157  -3.043066 -0.286185 0.098799
35  -0.000103 7.721053 -0.000307  0.014982 0.184503 0.424333
36  -0.000034 7.374855 -0.000004  -0.096443 -0.023595 0.101132
37  0.000076 6.848101 0.000006  -0.006476 0.077702 0.087287
38  -0.000051 7.777859 0.000010  -0.059472 0.076938 0.070675
39  -1.514459 2.104648 -1.150167  0.190329 -2.704334 1.748779
40  -0.000168 6.982350 -0.000077  -0.144957 -0.281963 -0.141277
41  0.000038 8.382862 -0.000073  0.315415 0.467093 0.197555
42  0.000013 8.697702 -0.000027  -0.099498 -0.496169 -0.197729
43  0.000057 8.921807 -0.000004  0.217303 0.267449 -0.142951
44  1.196195 2.899153 -2.353086  -2.979185 -0.489533 -1.088837
45  0.000105 5.476950 0.000006  0.138544 0.136564 0.156302
46  -0.000073 6.060440 -0.000092  -0.315129 -0.521745 -0.008230
47  0.000018 5.994265 0.000029  0.075304 0.079808 -0.251422
48  -0.000008 6.100484 0.000003  0.138867 0.242580 0.063960
49  0.000035 6.916759 0.000010  0.036684 0.115206 0.032342
50  0.000151 6.435057 -0.000044  -0.020752 0.191342 0.124572
51  1.092802 3.649511 -1.738794  -0.148600 0.876612 1.445020
52  -0.000128 6.792208 -0.000103  0.008284 0.107792 -0.048643
53  -0.000087 7.744776 -0.000029  0.057137 -0.256893 0.015458
54  0.000085 9.115025 -0.000038  -0.020393 0.256253 -0.142636
55  3.494520 -1.749102 3.007064  3.105432 0.019778 -0.221953
56  0.000013 4.323833 0.000087  -0.445034 -0.880751 0.399289
57  0.000030 4.872900 -0.000021  -0.045832 -0.392073 0.219234
58  0.000006 5.056655 0.000100  0.344494 1.141870 -0.023140
59  2.292461 1.708612 3.661675  2.873631 0.226728 0.387023
60  -0.000169 6.589443 0.000275  -0.186599 -0.324046 0.031999
61  0.000177 7.491496 -0.000152  -0.174766 -0.579772 -0.100862
62  -0.000137 8.249658 0.000141  -0.006642 -0.026489 0.049677
63  0.000074 8.605228 -0.000025  -0.098903 0.563215 -0.081522
64  -0.240479 2.066074 2.349267  2.802598 0.297129 1.102310
65  -0.000082 7.721110 -0.000002  0.185496 -0.340469 -0.147411
66  -0.000124 7.374866 -0.000045  0.037721 -0.163780 -0.158236
67  -0.000038 6.848069 -0.000026  -0.295643 0.461314 0.045165
68  0.000033 7.777817 -0.000042  0.033686 0.172821 -0.097899
69  -0.000084 8.178041 0.000010  0.423400 -0.296149 0.137285
70  1.617603 3.431407 2.399265  2.957859 0.284582 1.246925
71  -0.000170 5.476948 -0.000028  -0.068092 0.095905 -0.023039
72  -0.000089 6.060500 -0.000004  0.150829 0.006529 -0.025174
73  0.000030 5.994248 0.000011  -0.127079 -0.262287 0.070572
74  -0.000078 7.076873 -0.000047  -0.036066 -0.020829 -0.006613
75  0.000004 7.089862 -0.000070  0.070875 0.098587 -0.025893
76  0.361120 0.886683 3.287746  2.805848 0.190674 0.699915
77  -0.000071 6.686639 0.000224  0.235511 0.236492 -0.224284
78  -0.000003 7.638016 0.000013  -0.123648 -0.206684 -0.053483
79  -0.000032 7.290231 -0.000021  -0.015665 0.002760 0.078228
80  -0.000036 6.530365 0.000006  0.123553 -0.446884 0.032944
81  0.000058 7.224881 0.000012  0.272216 0.340583 0.266231
82  1.071903 3.225796 1.570115  2.934970 -0.008227 1.462242
83  0.000417 6.748895 -0.000067  -0.023647 -0.041652 -0.060202
84  -0.000045 8.002648 0.000026  0.119731 -0.145387 0.030381
85  0.000012 8.580561 -0.000098  -0.328608 0.224093 0.075008
86  0.000169 8.689836 -0.000037  0.106407 -0.142465 0.238161
87  -1.514528 2.104638 0.318055  2.969273 -0.030187 1.657823
88  0.000191 6.982272 0.000012  0.221955 -0.177060 -0.037997
89  -0.000008 8.382889 -0.000068  -0.283155 0.223589 0.105771
90  -0.000055 8.697683 0.000027  -0.036581 -0.281096 0.367321
91  -0.000136 8.921823 0.000079  0.077035 -0.415968 0.646183
92  3.553616 -3.478046 2.409277  -2.940121 -0.396762 -1.021200
93  0.000001 4.476898 -0.000007  -0.374556 -0.587066 0.138796
94  0.000034 4.514122 -0.000022  0.575261 -2.645105 0.050158
95  0.000044 4.518382 -0.000018  0.680085 2.756965 0.166920
96  0.000023 3.598329 0.000024  0.380988 0.642351 0.128996
97  4.209924 -0.440347 1.018824  -1.577219 -2.025540 -0.171644
98  4.265504 1.434233 -0.404992  -1.589420 0.045546 -0.689159
99  9.400231 0.017941 0.083201  -0.006117 -0.046487 -0.202669
100  10.242415 0.033590 0.064479  1.697691 0.092009 0.064180
101  3.465859 -0.059679 0.016694  -0.025555 -0.048842 -0.423906
102  1.655591 -0.000021 0.000023  -0.025568 -0.114485 -0.467192
103  0.960766 -0.000004 -0.000007  -0.000000 0.003101 -0.216324
104  3.462033 -0.064246 0.939909  0.332571 -0.040088 -0.385572
105  1.497174 -0.000008 0.000021  -0.490561 -0.021262 -0.048814
106  0.793761 0.000003 -0.000001  -0.000572 0.004562 -0.264948
107  0.591668 -0.460692 0.835206  -1.134576 -0.717293 -0.462339
108  1.556141 0.000004 0.000000  -0.178220 0.121881 0.438108
109  1.135907 0.000020 0.000004  0.004827 0.022557 0.396202
110  3.084272 -0.668822 -1.257085  -0.666830 0.043255 -0.487733
111  1.064198 -0.000004 0.000005  0.003766 0.083622 -0.584609
112  0.640341 0.000005 -0.000009  -0.000352 -0.001434 -0.169762
113  3.396824 -0.242139 -0.708689  -0.381718 -0.022043 -0.522960
114  1.532963 0.000006 0.000006  0.013633 -0.007332 -0.706327
115  0.832977 -0.000002 -0.000003  -0.000009 0.007359 -0.430493
116  4.209939 -0.440343 -1.019279  1.565975 2.023833 -0.184447
117  4.266747 1.424939 0.424938  1.590116 -0.050322 -0.690807
118  9.398572 0.011950 -0.082516  0.005381 0.046914 -0.202739
119  10.242444 0.028177 -0.062906  -1.687983 -0.090752 0.057742
120  3.465746 -0.067524 0.002267  0.032093 0.044648 -0.423147
121  1.655556 0.000006 0.000005  0.024891 0.112868 -0.466971
122  0.960907 0.000004 -0.000001  -0.000004 -0.004468 -0.216285
123  3.466851 -0.077779 -0.920910  -0.329987 0.034939 -0.386044
124  1.497262 -0.000035 -0.000023  -0.414600 0.020814 -0.047914
125  0.793789 -0.000008 -0.000000  -0.003598 0.010261 -0.258763
126  0.595076 -0.467148 -0.829176  2.438760 0.680474 -0.243149
127  1.555678 0.000015 -0.000003  0.314911 0.070848 0.436166
128  1.136809 -0.000009 -0.000001  0.014606 0.014492 0.384378
129  3.075968 -0.667964 1.277700  0.669253 -0.049614 -0.486272
130  1.064592 0.000019 0.000011  -0.015024 -0.091461 -0.583344
131  0.640365 -0.000015 -0.000004  0.000646 -0.000278 -0.169760
132  3.392412 -0.245366 0.728376  0.375990 0.013276 -0.523857
133  1.532736 -0.000009 -0.000001  -0.011784 0.008997 -0.706152
134  0.833153 0.000008 0.000005  0.000013 -0.009685 -0.430431
135  3.590113 -3.090295 1.193972  1.635457 1.210566 1.548541
136  3.589559 -3.089880 -1.196373  -1.505736 1.210473 -1.592853
137  -0.436557 4.719026 -0.001076  -0.000591 -1.570733 1.692996
138  -0.000000 2.775453 -0.000236  -0.135089 0.000001 -0.000000
139  -0.000000 3.189764 0.000008  0.207820 -0.000000 0.000000
140  -0.000000 3.504653 0.000045  -0.261876 0.000000 -0.000000
141  -0.000000 2.863196 -0.000002  -0.051268 0.000000 -0.000000
time 8
0  -0.000000 -0.444789 41.524681  1.570862 0.000000 0.000000
1  0.002636 43.025146 0.734438  0.000060 0.000127 0.000060
2  3.061857 -4.181010 -0.610804  -1.576836 -0.012448 -1.560884
3  18.476774 0.000159 -0.000001  -0.001647 -0.008084 0.123877
4  17.490086 0.000117 0.000003  0.183691 0.150321 -1.112635
5  -3.065330 -4.183575 -0.611480  -1.564806 -0.012486 -1.580759
6  18.474854 -0.000034 -0.000008  0.001600 0.008079 0.123840
7  17.489582 0.001916 -0.000006  -0.177097 -0.152052 -1.112162
8  -0.000117 -0.048881 -0.576226  1.570797 0.086303 1.570791
9  3.224479 0.767047 0.000496  -0.000001 0.000004 -0.028768
10  3.223909 0.226399 -0.001944  -0.000011 -0.000060 0.100383
11  5.187324 -1.262560 -0.001177  0.000012 0.000066 0.194111
12  6.928412 -1.935314 -0.000227  -3.141476 -0.000096 0.372954
13  3.236366 1.079613 0.000057  -0.000128 -0.000017 0.303162
14  0.833764 3.805350 0.692955  0.293038 -2.575130 1.490426
15  0.000041 6.792202 0.000040  0.028838 0.006623 -0.014709
16  -0.000067 7.744814 0.000015  -0.072468 -0.091379 -0.000119
17  0.000073 7.809702 0.000016  -0.028444 -0.003203 0.003240
18  -0.000024 7.867672 0.000017  -0.149958 0.019577 0.123293
19  3.494711 -1.749092 -3.006912  -3.050487 -0.067719 0.559006
20  0.000119 4.478321 0.000018  0.186158 0.024383 -0.084290
21  0.000048 4.636116 -0.000030  0.187768 0.230491 0.018203
22  -0.000046 5.008650 0.000014  -0.179089 -0.121340 -0.116574
23  0.000060 4.781164 0.000008  0.519535 2.927402 -0.155214
24  2.253042 1.989057 -3.350106  -2.842490 -0.469583 -0.491236
25  0.000162 6.589464 0.000169  0.122343 0.200181 0.182201
26  0.000044 7.491410 0.000046  -0.251493 0.127725 0.052217
27  0.000028 7.660300 -0.000056  0.056192 -0.024545 -0.058424
28  0.000007 7.256271 0.000021  0.021828 -0.417634 -0.248220
29  -0.791155 2.265118 -1.234655  0.376189 -2.442913 1.781309
30  -0.000257 8.572254 -0.000091  -0.151315 -0.347442 -0.138863
31  -0.000094 8.117212 0.000048  0.297398 0.518629 0.319408
32  -0.000082 8.230040 -0.000072  -0.288929 -0.032240 -0.005615
33  0.000060 7.366723 0.000053  -0.481206 -0.064396 0.181606
34  0.224220 0.240127 -3.218157  -3.043066 -0.286185 0.098799
35  -0.000103 7.721053 -0.000307  0.014982 0.184503 0.424333
36  -0.000034 7.374855 -0.000004  -0.096443 -0.023595 0.101132
37  0.000076 6.848101 0.000006  -0.006476 0.077702 0.087287
38  -0.000051 7.777859 0.000010  -0.059472 0.076938 0.070675
39  -1.514459 2.104648 -1.150167  0.190329 -2.704334 1.748779
40  -0.000168 6.982354 -0.000078  -0.144957 -0.281963 -0.141277
41  0.000039 8.382866 -0.000073  0.315415 0.467093 0.197555
42  0.000013 8.697701 -0.000027  -0.099498 -0.496170 -0.197729
43  0.000056 8.921808 -0.000003  0.217303 0.267449 -0.142951
44  1.196195 2.899153 -2.353086  -2.979185 -0.489533 -1.088837
45  0.000105 5.476950 0.000006  0.138544 0.136564 0.156302
46  -0.000073 6.060440 -0.000092  -0.315129 -0.521745 -0.008230
47  0.000018 5.994265 0.000029  0.075304 0.079808 -0.251422
48  -0.000008 6.100484 0.000003  0.138867 0.242580 0.063960
49  0.000035 6.916759 0.000010  0.036684 0.115206 0.032342
50  0.000151 6.435057 -0.000044  -0.020752 0.191342 0.124572
51  1.092802 3.649511 -1.738794  -0.148600 0.876612 1.445020
52  -0.000128 6.792208 -0.000103  0.008284 0.107792 -0.048643
53  -0.000087 7.744776 -0.000029  0.057137 -0.256893 0.015458
54  0.000085 9.115025 -0.000038  -0.020393 0.256253 -0.142636
55  3.494520 -1.749102 3.007064  3.105432 0.019778 -0.221953
56  0.000013 4.323833 0.000087  -0.445034 -0.880751 0.399289
57  0.000030 4.872900 -0.000021  -0.045832 -0.392073 0.219234
58  0.000006 5.056655 0.000100  0.344494 1.141870 -0.023140
59  2.292461 1.708612 3.661675  2.873631 0.226728 0.387023
60  -0.000169 6.589443 0.000275  -0.186599 -0.324046 0.031999
61  0.000177 7.491496 -0.000152  -0.174766 -0.579772 -0.100862
62  -0.000137 8.249658 0.000141  -0.006642 -0.026489 0.049677
63  0.000074 8.605228 -0.000025  -0.098903 0.563215 -0.081522
64  -0.240479 2.066074 2.349267  2.802598 0.297129 1.102310
65  -0.000082 7.721110 -0.000002  0.185496 -0.340469 -0.147411
66  -0.000124 7.374859 -0.000047  0.037721 -0.163780 -0.158236
67  -0.000037 6.848054 -0.000023  -0.295643 0.461314 0.045165
68  0.000034 7.777825 -0.000044  0.033686 0.172821 -0.097899
69  -0.000087 8.178036 0.000010  0.423400 -0.296149 0.137285
70  1.617603 3.431407 2.399265  2.957859 0.284582 1.246925
71  -0.000170 5.476948 -0.000028  -0.068092 0.095905 -0.023039
72  -0.000089 6.060501 -0.000004  0.150829 0.006529 -0.025174
73  0.000030 5.994248 0.000011  -0.127079 -0.262287 0.070572
74  -0.000075 7.076874 -0.000047  -0.036066 -0.020829 -0.006613
75  0.000004 7.089862 -0.000071  0.070875 0.098587 -0.025893
76  0.361120 0.886683 3.287746  2.805848 0.190674 0.699915
77  -0.000076 6.686635 0.000223  0.235512 0.236492 -0.224284
78  -0.000006 7.638014 0.000013  -0.123648 -0.206684 -0.053483
79  -0.000026 7.290237 -0.000022  -0.015665 0.002760 0.078228
80  -0.000031 6.530366 0.000004  0.123553 -0.446884 0.032944
81  0.000060 7.224874 0.000015  0.272216 0.340584 0.266231
82  1.071903 3.225796 1.570115  2.934970 -0.008227 1.462242
83  0.000413 6.748895 -0.000069  -0.023647 -0.041652 -0.060202
84  -0.000043 8.002656 0.000027  0.119731 -0.145387 0.030381
85  0.000011 8.580576 -0.000098  -0.328608 0.224093 0.075008
86  0.000168 8.689819 -0.000038  0.106407 -0.142465 0.238161
87  -1.514528 2.104638 0.318055  2.969273 -0.030187 1.657823
88  0.000191 6.982272 0.000012  0.221955 -0.177060 -0.037997
89  -0.000008 8.382889 -0.000068  -0.283154 0.223589 0.105771
90  -0.000057 8.697683 0.000024  -0.036581 -0.281096 0.367321
91  -0.000131 8.921822 0.000078  0.077035 -0.415968 0.646183
92  3.553616 -3.478046 2.409277  -2.940121 -0.396762 -1.021200
93  0.000001 4.476898 -0.000007  -0.374556 -0.587066 0.138796
94  0.000033 4.514122 -0.000023  0.575261 -2.645105 0.050158
95  0.000043 4.518382 -0.000023  0.680085 2.756965 0.166920
96  0.000024 3.598328 0.000024  0.380988 0.642351 0.128996
97  4.209924 -0.440347 1.018824  -1.577219 -2.025540 -0.171644
98  4.265504 1.434233 -0.404992  -1.589420 0.045546 -0.689159
99  9.400231 0.017941 0.083201  -0.006117 -0.046487 -0.202669
100  10.242415 0.033590 0.064479  1.697691 0.092009 0.064180
101  3.465859 -0.059679 0.016694  -0.025555 -0.048842 -0.423906
102  1.655591 -0.000021 0.000023  -0.025568 -0.114485 -0.467192
103  0.960766 -0.000004 -0.000007  -0.000000 0.003101 -0.216324
104  3.462033 -0.064246 0.939909  0.332571 -0.040088 -0.385572
105  1.497174 -0.000008 0.000021  -0.490561 -0.021262 -0.048814
106  0.793761 0.000003 -0.000001  -0.000572 0.004562 -0.264948
107  0.591668 -0.460692 0.835206  -1.134576 -0.717293 -0.462339
108  1.556141 0.000004 0.000000  -0.178220 0.121881 0.438108
109  1.135907 0.000020 0.000004  0.004827 0.022557 0.396202
110  3.084272 -0.668822 -1.257085  -0.666830 0.043255 -0.487733
111  1.064198 -0.000004 0.000005  0.003766 0.083622 -0.584609
112  0.640341 0.000005 -0.000009  -0.000352 -0.001434 -0.169762
113  3.396824 -0.242139 -0.708689  -0.381718 -0.022043 -0.522960
114  1.532963 0.000006 0.000006  0.013633 -0.007332 -0.706327
115  0.832977 -0.000002 -0.000003  -0.000009 0.007359 -0.430493
116  4.209939 -0.440343 -1.019279  1.565975 2.023833 -0.184447
117  4.266747 1.424939 0.424938  1.590116 -0.050322 -0.690807
118  9.398572 0.011950 -0.082516  0.005381 0.046914 -0.202739
119  10.242444 0.028177 -0.062906  -1.687983 -0.090752 0.057742
120  3.465746 -0.067524 0.002267  0.032093 0.044648 -0.423147
121  1.655556 0.000006 0.000005  0.024891 0.112868 -0.466971
122  0.960907 0.000004 -0.000001  -0.000004 -0.004468 -0.216285
123  3.466851 -0.077779 -0.920910  -0.329987 0.034939 -0.386044
124  1.497262 -0.000035 -0.000023  -0.414600 0.020814 -0.047914
125  0.793789 -0.000008 -0.000000  -0.003598 0.010261 -0.258763
126  0.595076 -0.467148 -0.829176  2.438760 0.680474 -0.243149
127  1.555678 0.000015 -0.000003  0.314911 0.070848 0.436166
128  1.136809 -0.000009 -0.000001  0.014606 0.014492 0.384378
129  3.075968 -0.667964 1.277700  0.669253 -0.049614 -0.486272
130  1.064592 0.000019 0.000011  -0.015024 -0.091461 -0.583344
131  0.640365 -0.000015 -0.000004  0.000646 -0.000278 -0.169760
132  3.392412 -0.245366 0.728376  0.375990 0.013276 -0.523857
133  1.532736 -0.000009 -0.000001  -0.011784 0.008997 -0.706152
134  0.833153 0.000008 0.000005  0.000013 -0.009685 -0.430431
135  3.590113 -3.090295 1.193972  1.635457 1.210566 1.548541
136  3.589559 -3.089880 -1.196373  -1.505736 1.210473 -1.592853
137  -0.436557 4.719026 -0.001076  -0.000591 -1.570733 1.692996
138  -0.000000 2.775453 -0.000236  -0.135089 0.000001 -0.000000
139  -0.000000 3.189764 0.000008  0.207820 -0.000000 0.000000
140  -0.000000 3.504653 0.000045  -0.261876 0.000000 -0.000000
141  -0.000000 2.863196 -0.000002  -0.051268 0.000000 -0.000000
time 9
0  -0.000000 -0.444789 41.524681  1.570862 0.000000 0.000000
1  0.002636 43.025146 0.734438  0.000060 0.000127 0.000060
2  3.061857 -4.181010 -0.610804  -1.576836 -0.012448 -1.560884
3  18.476774 0.000159 -0.000001  -0.001647 -0.008084 0.123877
4  17.490086 0.000117 0.000003  0.183691 0.150321 -1.112635
5  -3.065330 -4.183575 -0.611480  -1.564806 -0.012486 -1.580759
6  18.474854 -0.000034 -0.000008  0.001600 0.008079 0.123840
7  17.489582 0.001916 -0.000006  -0.177097 -0.152052 -1.112162
8  -0.000117 -0.048881 -0.576226  1.570797 0.086303 1.570791
9  3.224479 0.767047 0.000496  -0.000001 0.000004 -0.028768
10  3.223909 0.226399 -0.001944  -0.000011 -0.000060 0.100383
11  5.187324 -1.262560 -0.001177  0.000012 0.000066 0.194111
12  6.928412 -1.935314 -0.000227  -3.141476 -0.000096 0.372954
13  3.236366 1.079613 0.000057  -0.000128 -0.000017 0.303162
14  0.833764 3.805350 0.692955  0.293038 -2.575130 1.490426
15  0.000041 6.792202 0.000040  0.028838 0.006623 -0.014709
16  -0.000067 7.744814 0.000015  -0.072468 -0.091379 -0.000119
17  0.000073 7.809702 0.000016  -0.028444 -0.003203 0.003240
18  -0.000024 7.867672 0.000017  -0.149958 0.019577 0.123293
19  3.494711 -1.749092 -3.006912  -3.050487 -0.067719 0.559006
20  0.000119 4.478321 0.000018  0.186158 0.024383 -0.084290
21  0.000048 4.636116 -0.000030  0.187768 0.230491 0.018203
22  -0.000047 5.008650 0.000013  -0.179089 -0.121340 -0.116574
23  0.000060 4.781165 0.000009  0.519535 2.927402 -0.155214
24  2.253042 1.989057 -3.350106  -2.842490 -0.469583 -0.491236
25  0.000162 6.589464 0.000169  0.122343 0.200181 0.182201
26  0.000044 7.491410 0.000046  -0.251493 0.127725 0.052217
27  0.000028 7.660300 -0.000056  0.056192 -0.024545 -0.058424
28  0.000007 7.256271 0.000021  0.021828 -0.417634 -0.248220
29  -0.791155 2.265118 -1.234655  0.376189 -2.442913 1.781309
30  -0.000257 8.572254 -0.000091  -0.151315 -0.347442 -0.138863
31  -0.000094 8.117212 0.000048  0.297398 0.518629 0.319408
32  -0.000082 8.230040 -0.000072  -0.288929 -0.032240 -0.005615
33  0.000060 7.366726 0.000052  -0.481206 -0.064396 0.181606
34  0.224220 0.240127 -3.218157  -3.043066 -0.286185 0.098799
35  -0.000103 7.721053 -0.000307  0.014982 0.184503 0.424333
36  -0.000034 7.374855 -0.000004  -0.096443 -0.023595 0.101132
37  0.000076 6.848101 0.000006  -0.006476 0.077702 0.087287
38  -0.000051 7.777859 0.000010  -0.059472 0.076938 0.070675
39  -1.514459 2.104648 -1.150167  0.190329 -2.704334 1.748779
40  -0.000169 6.982350 -0.000076  -0.144957 -0.281963 -0.141277
41  0.000039 8.382862 -0.000073  0.315415 0.467093 0.197555
42  0.000013 8.697705 -0.000028  -0.099498 -0.496170 -0.197729
43  0.000056 8.921806 -0.000003  0.217303 0.267449 -0.142951
44  1.196195 2.899153 -2.353086  -2.979185 -0.489533 -1.088837
45  0.000105 5.476950 0.000006  0.138544 0.136564 0.156302
46  -0.000073 6.060440 -0.000092  -0.315129 -0.521745 -0.008230
47  0.000018 5.994265 0.000029  0.075304 0.079808 -0.251422
48  -0.000008 6.100484 0.000003  0.138867 0.242580 0.063960
49  0.000035 6.916759 0.000010  0.036684 0.115206 0.032342
50  0.000151 6.435057 -0.000044  -0.020752 0.191342 0.124572
51  1.092802 3.649511 -1.738794  -0.148600 0.876612 1.445020
52  -0.000128 6.792208 -0.000103  0.008284 0.107792 -0.048643
53  -0.000087 7.744776 -0.000029  0.057137 -0.256893 0.015458
54  0.000085 9.115025 -0.000038  -0.020393 0.256253 -0.142636
55  3.494520 -1.749102 3.007064  3.105432 0.019778 -0.221953
56  0.000013 4.323833 0.000087  -0.445034 -0.880751 0.399289
57  0.000030 4.872900 -0.000021  -0.045832 -0.392073 0.219234
58  0.000006 5.056655 0.000100  0.344494 1.141870 -0.023140
59  2.292461 1.708612 3.661675  2.873631 0.226728 0.387023
60  -0.000169 6.589443 0.000275  -0.186599 -0.324046 0.031999
61  0.000177 7.491496 -0.000152  -0.174766 -0.579772 -0.100862
62  -0.000137 8.249658 0.000141  -0.006642 -0.026489 0.049677
63  0.000074 8.605228 -0.000025  -0.098903 0.563215 -0.081522
64  -0.240479 2.066074 2.349267  2.802598 0.297129 1.102310
65  -0.000082 7.721110 -0.000002  0.185496 -0.340469 -0.147411
66  -0.000124 7.374856 -0.000047  0.037721 -0.163779 -0.158237
67  -0.000035 6.848062 -0.000023  -0.295643 0.461314 0.045165
68  0.000031 7.777817 -0.000045  0.033686 0.172821 -0.097899
69  -0.000084 8.178051 0.000011  0.423399 -0.296149 0.137285
70  1.617603 3.431407 2.399265  2.957859 0.284582 1.246925
71  -0.000170 5.476948 -0.000028  -0.068092 0.095905 -0.023039
72  -0.000089 6.060500 -0.000004  0.150829 0.006529 -0.025174
73  0.000030 5.994248 0.000011  -0.127079 -0.262287 0.070572
74  -0.000078 7.076873 -0.000047  -0.036066 -0.020829 -0.006613
75  0.000004 7.089862 -0.000070  0.070875 0.098587 -0.025893
76  0.361120 0.886683 3.287746  2.805848 0.190674 0.699915
77  -0.000076 6.686635 0.000223  0.235512 0.236492 -0.224284
78  -0.000006 7.638014 0.000013  -0.123648 -0.206684 -0.053483
79  -0.000023 7.290236 -0.000023  -0.015665 0.002760 0.078228
80  -0.000034 6.530367 0.000006  0.123553 -0.446884 0.032944
81  0.000062 7.224872 0.000010  0.272216 0.340584 0.266231
82  1.071903 3.225796 1.570115  2.934970 -0.008227 1.462242
83  0.000413 6.748899 -0.000066  -0.023647 -0.041652 -0.060202
84  -0.000045 8.002641 0.000027  0.119731 -0.145387 0.030381
85  0.000013 8.580568 -0.000098  -0.328608 0.224093 0.075008
86  0.000170 8.689827 -0.000037  0.106407 -0.142465 0.238161
87  -1.514528 2.104638 0.318055  2.969273 -0.030187 1.657823
88  0.000191 6.982272 0.000012  0.221955 -0.177060 -0.037997
89  -0.000008 8.382889 -0.000068  -0.283154 0.223589 0.105771
90  -0.000055 8.697683 0.000024  -0.036581 -0.281096 0.367321
91  -0.000139 8.921823 0.000079  0.077035 -0.415968 0.646183
92  3.553616 -3.478046 2.409277  -2.940121 -0.396762 -1.021200
93  0.000001 4.476898 -0.000007  -0.374556 -0.587066 0.138796
94  0.000033 4.514122 -0.000023  0.575261 -2.645105 0.050158
95  0.000043 4.518385 -0.000023  0.680085 2.756965 0.166920
96  0.000022 3.598324 0.000024  0.380988 0.642351 0.128996
97  4.209924 -0.440347 1.018824  -1.577219 -2.025540 -0.171644
98  4.265504 1.434233 -0.404992  -1.589420 0.045546 -0.689159
99  9.400231 0.017941 0.083201  -0.006117 -0.046487 -0.202669
100  10.242415 0.033590 0.064479  1.697691 0.092009 0.064180
101  3.465859 -0.059679 0.016694  -0.025555 -0.048842 -0.423906
102  1.655591 -0.000021 0.000023  -0.025568 -0.114485 -0.467192
103  0.960766 -0.000004 -0.000007  -0.000000 0.003101 -0.216324
104  3.462033 -0.064246 0.939909  0.332571 -0.040088 -0.385572
105  1.497174 -0.000008 0.000021  -0.490561 -0.021262 -0.048814
106  0.793761 0.000003 -0.000001  -0.000572 0.004562 -0.264948
107  0.591668 -0.460692 0.835206  -1.134576 -0.717293 -0.462339
108  1.556141 0.000004 0.000000  -0.178220 0.121881 0.438108
109  1.135907 0.000020 0.000004  0.004827 0.022557 0.396202
110  3.084272 -0.668822 -1.257085  -0.666830 0.043255 -0.487733
111  1.064198 -0.000004 0.000005  0.003766 0.083622 -0.584609
112  0.640341 0.000005 -0.000009  -0.000352 -0.001434 -0.169762
113  3.396824 -0.242139 -0.708689  -0.381718 -0.022043 -0.522960
114  1.532963 0.000006 0.000006  0.013633 -0.007332 -0.706327
115  0.832977 -0.000002 -0.000003  -0.000009 0.007359 -0.430493
116  4.209939 -0.440343 -1.019279  1.565975 2.023833 -0.184447
117  4.266747 1.424939 0.424938  1.590116 -0.050322 -0.690807
118  9.398572 0.011950 -0.082516  0.005381 0.046914 -0.202739
119  10.242444 0.028177 -0.062906  -1.687983 -0.090752 0.057742
120  3.465746 -0.067524 0.002267  0.032093 0.044648 -0.423147
121  1.655556 0.000006 0.000005  0.024891 0.112868 -0.466971
122  0.960907 0.000004 -0.000001  -0.000004 -0.004468 -0.216285
123  3.466851 -0.077779 -0.920910  -0.329987 0.034939 -0.386044
124  1.497262 -0.000035 -0.000023  -0.414600 0.020814 -0.047914
125  0.793789 -0.000008 -0.000000  -0.003598 0.010261 -0.258763
126  0.595076 -0.467148 -0.829176  2.438760 0.680474 -0.243149
127  1.555678 0.000015 -0.000003  0.314911 0.070848 0.436166
128  1.136809 -0.000009 -0.000001  0.014606 0.014492 0.384378
129  3.075968 -0.667964 1.277700  0.669253 -0.049614 -0.486272
130  1.064592 0.000019 0.000011  -0.015024 -0.091461 -0.583344
131  0.640365 -0.000015 -0.000004  0.000646 -0.000278 -0.169760
132  3.392412 -0.245366 0.728376  0.375990 0.013276 -0.523857
133  1.532736 -0.000009 -0.000001  -0.011784 0.008997 -0.706152
134  0.833153 0.000008 0.000005  0.000013 -0.009685 -0.430431
135  3.590113 -3.090295 1.193972  1.635457 1.210566 1.548541
136  3.589559 -3.089880 -1.196373  -1.505736 1.210473 -1.592853
137  -0.436557 4.719026 -0.001076  -0.000591 -1.570733 1.692996
138  -0.000000 2.775453 -0.000236  -0.135089 0.000001 -0.000000
139  -0.000000 3.189764 0.000008  0.207820 -0.000000 0.000000
140  -0.000000 3.504653 0.000045  -0.261876 0.000000 -0.000000
141  -0.000000 2.863196 -0.000002  -0.051268 0.000000 -0.000000
time 10
0  -0.000000 -0.444789 41.524681  1.570862 0.000000 0.000000
1  0.002636 43.025146 0.734438  0.000060 0.000127 0.000060
2  3.061857 -4.181010 -0.610804  -1.576836 -0.012448 -1.560884
3  18.476774 0.000159 -0.000001  -0.001647 -0.008084 0.123877
4  17.490086 0.000117 0.000003  0.183691 0.150321 -1.112635
5  -3.065330 -4.183575 -0.611480  -1.564806 -0.012486 -1.580759
6  18.474854 -0.000034 -0.000008  0.001600 0.008079 0.123840
7  17.489582 0.001916 -0.000006  -0.177097 -0.152052 -1.112162
8  -0.000117 -0.048881 -0.576226  1.570797 0.086303 1.570791
9  3.224479 0.767047 0.000496  -0.000001 0.000004 -0.028768
10  3.223909 0.226399 -0.001944  -0.000011 -0.000060 0.100383
11  5.187324 -1.262560 -0.001177  0.000012 0.000066 0.194111
12  6.928412 -1.935314 -0.000227  -3.141476 -0.000096 0.372954
13  3.236366 1.079613 0.000057  -0.000128 -0.000017 0.303162
14  0.833764 3.805350 0.692955  0.293038 -2.575130 1.490426
15  0.000041 6.792202 0.000040  0.028838 0.006623 -0.014709
16  -0.000067 7.744814 0.000015  -0.072468 -0.091379 -0.000119
17  0.000073 7.809702 0.000016  -0.028444 -0.003203 0.003240
18  -0.000024 7.867672 0.000017  -0.149958 0.019577 0.123293
19  3.494711 -1.749092 -3.006912  -3.050487 -0.067719 0.559006
20  0.000119 4.478321 0.000018  0.186158 0.024383 -0.084290
21  0.000048 4.636116 -0.000030  0.187768 0.230491 0.018203
22  -0.000046 5.008650 0.000013  -0.179089 -0.121340 -0.116574
23  0.000064 4.781164 0.000009  0.519535 2.927402 -0.155214
24  2.253042 1.989057 -3.350106  -2.842490 -0.469583 -0.491236
25  0.000162 6.589464 0.000169  0.122343 0.200181 0.182201
26  0.000044 7.491410 0.000046  -0.251493 0.127725 0.052217
27  0.000028 7.660300 -0.000056  0.056192 -0.024545 -0.058424
28  0.000007 7.256271 0.000021  0.021828 -0.417634 -0.248220
29  -0.791155 2.265118 -1.234655  0.376189 -2.442913 1.781309
30  -0.000257 8.572254 -0.000091  -0.151315 -0.347442 -0.138863
31  -0.000094 8.117212 0.000048  0.297398 0.518629 0.319408
32  -0.000082 8.230040 -0.000072  -0.288929 -0.032240 -0.005615
33  0.000060 7.366722 0.000053  -0.481206 -0.064396 0.181606
34  0.224220 0.240127 -3.218157  -3.043066 -0.286185 0.098799
35  -0.000103 7.721053 -0.000307  0.014982 0.184503 0.424333
36  -0.000034 7.374855 -0.000004  -0.096443 -0.023595 0.101132
37  0.000076 6.848101 0.000006  -0.006476 0.077702 0.087287
38  -0.000051 7.777859 0.000010  -0.059472 0.076938 0.070675
39  -1.514459 2.104648 -1.150167  0.190329 -2.704334 1.748779
40  -0.000169 6.982350 -0.000076  -0.144957 -0.281963 -0.141277
41  0.000039 8.382862 -0.000073  0.315415 0.467093 0.197555
42  0.000013 8.697702 -0.000025  -0.099498 -0.496169 -0.197729
43  0.000057 8.921806 -0.000004  0.217303 0.267449 -0.142951
44  1.196195 2.899153 -2.353086  -2.979185 -0.489533 -1.088837
45  0.000105 5.476950 0.000006  0.138544 0.136564 0.156302
46  -0.000073 6.060440 -0.000092  -0.315129 -0.521745 -0.008230
47  0.000018 5.994265 0.000029  0.075304 0.079808 -0.251422
48  -0.000008 6.100484 0.000002  0.138867 0.242580 0.063960
49  0.000033 6.916759 0.000011  0.036684 0.115206 0.032342
50  0.000151 6.435055 -0.000043  -0.020752 0.191342 0.124572
51  1.092802 3.649511 -1.738794  -0.148600 0.876612 1.445020
52  -0.000128 6.792208 -0.000103  0.008284 0.107792 -0.048643
53  -0.000087 7.744776 -0.000029  0.057137 -0.256893 0.015458
54  0.000085 9.115025 -0.000038  -0.020393 0.256253 -0.142636
55  3.494520 -1.749102 3.007064  3.105432 0.019778 -0.221953
56  0.000013 4.323833 0.000087  -0.445034 -0.880751 0.399289
57  0.000030 4.872900 -0.000021  -0.045832 -0.392073 0.219234
58  0.000006 5.056655 0.000100  0.344494 1.141870 -0.023140
59  2.292461 1.708612 3.661675  2.873631 0.226728 0.387023
60  -0.000169 6.589443 0.000275  -0.186599 -0.324046 0.031999
61  0.000177 7.491496 -0.000152  -0.174766 -0.579772 -0.100862
62  -0.000139 8.249658 0.000141  -0.006642 -0.026489 0.049677
63  0.000075 8.605228 -0.000026  -0.098903 0.563215 -0.081522
64  -0.240479 2.066074 2.349267  2.802598 0.297129 1.102310
65  -0.000082 7.721110 -0.000002  0.185496 -0.340469 -0.147411
66  -0.000124 7.374859 -0.000047  0.037721 -0.163780 -0.158236
67  -0.000037 6.848054 -0.000023  -0.295643 0.461314 0.045165
68  0.000034 7.777825 -0.000044  0.033686 0.172821 -0.097899
69  -0.000087 8.178036 0.000010  0.423400 -0.296149 0.137285
70  1.617603 3.431407 2.399265  2.957859 0.284582 1.246925
71  -0.000170 5.476948 -0.000028  -0.068092 0.095905 -0.023039
72  -0.000089 6.060501 -0.000004  0.150829 0.006529 -0.025174
73  0.000030 5.994248 0.000011  -0.127079 -0.262287 0.070572
74  -0.000075 7.076874 -0.000047  -0.036066 -0.020829 -0.006613
75  0.000004 7.089862 -0.000071  0.070875 0.098587 -0.025893
76  0.361120 0.886683 3.287746  2.805848 0.190674 0.699915
77  -0.000076 6.686635 0.000223  0.235511 0.236492 -0.224284
78  -0.000006 7.638014 0.000012  -0.123648 -0.206684 -0.053483
79  -0.000022 7.290237 -0.000022  -0.015665 0.002760 0.078228
80  -0.000033 6.530367 0.000006  0.123553 -0.446884 0.032944
81  0.000070 7.224874 0.000014  0.272216 0.340583 0.266231
82  1.071903 3.225796 1.570115  2.934970 -0.008227 1.462242
83  0.000413 6.748899 -0.000066  -0.023647 -0.041652 -0.060202
84  -0.000045 8.002641 0.000027  0.119731 -0.145387 0.030381
85  0.000013 8.580568 -0.000098  -0.328608 0.224093 0.075008
86  0.000170 8.689827 -0.000037  0.106407 -0.142465 0.238161
87  -1.514528 2.104638 0.318055  2.969273 -0.030187 1.657823
88  0.000191 6.982272 0.000012  0.221955 -0.177060 -0.037997
89  -0.000008 8.382889 -0.000068  -0.283155 0.223589 0.105771
90  -0.000055 8.697683 0.000027  -0.036581 -0.281096 0.367321
91  -0.000136 8.921823 0.000079  0.077035 -0.415968 0.646183
92  3.553616 -3.478046 2.409277  -2.940121 -0.396762 -1.021200
93  0.000001 4.476898 -0.000007  -0.374556 -0.587066 0.138796
94  0.000034 4.514122 -0.000022  0.575261 -2.645105 0.050158
95  0.000044 4.518382 -0.000018  0.680085 2.756965 0.166920
96  0.000025 3.598326 0.000023  0.380988 0.642351 0.128996
97  4.209924 -0.440347 1.018824  -1.577219 -2.025540 -0.171644
98  4.265504 1.434233 -0.404992  -1.589420 0.045546 -0.689159
99  9.400231 0.017941 0.083201  -0.006117 -0.046487 -0.202669
100  10.242415 0.033590 0.064479  1.697691 0.092009 0.064180
101  3.465859 -0.059679 0.016694  -0.025555 -0.048842 -0.423906
102  1.655591 -0.000021 0.000023  -0.025568 -0.114485 -0.467192
103  0.960766 -0.000004 -0.000007  -0.000000 0.003101 -0.216324
104  3.462033 -0.064246 0.939909  0.332571 -0.040088 -0.385572
105  1.497174 -0.000007 0.000021  -0.490561 -0.021262 -0.048814
106  0.793761 0.000004 -0.000002  -0.000572 0.004562 -0.264948
107  0.591668 -0.460692 0.835206  -1.134576 -0.717293 -0.462339
108  1.556141 0.000004 0.000000  -0.178220 0.121881 0.438108
109  1.135907 0.000019 0.000004  0.004827 0.022557 0.396202
110  3.084272 -0.668822 -1.257085  -0.666830 0.043255 -0.487733
111  1.064198 -0.000003 0.000006  0.003766 0.083622 -0.584609
112  0.640335 0.000004 -0.000009  -0.000352 -0.001434 -0.169762
113  3.396824 -0.242139 -0.708689  -0.381718 -0.022043 -0.522960
114  1.532963 0.000006 0.000006  0.013633 -0.007332 -0.706327
115  0.832977 -0.000002 -0.000003  -0.000009 0.007359 -0.430493
116  4.209939 -0.440343 -1.019279  1.565975 2.023833 -0.184447
117  4.266747 1.424939 0.424938  1.590116 -0.050322 -0.690807
118  9.398572 0.011950 -0.082516  0.005381 0.046914 -0.202739
119  10.242444 0.028177 -0.062906  -1.687983 -0.090752 0.057742
120  3.465746 -0.067524 0.002267  0.032093 0.044648 -0.423147
121  1.655556 0.000006 0.000005  0.024891 0.112868 -0.466971
122  0.960907 0.000004 -0.000001  -0.000004 -0.004468 -0.216285
123  3.466851 -0.077779 -0.920910  -0.329987 0.034939 -0.386044
124  1.497262 -0.000035 -0.000023  -0.414600 0.020814 -0.047914
125  0.793789 -0.000008 -0.000000  -0.003598 0.010261 -0.258763
126  0.595076 -0.467148 -0.829176  2.438760 0.680474 -0.243149
127  1.555678 0.000015 -0.000003  0.314911 0.070848 0.436166
128  1.136809 -0.000009 -0.000001  0.014606 0.014492 0.384378
129  3.075968 -0.667964 1.277700  0.669253 -0.049614 -0.486272
130  1.064592 0.000019 0.000011  -0.015024 -0.091461 -0.583344
131  0.640365 -0.000015 -0.000004  0.000646 -0.000278 -0.169760
132  3.392412 -0.245366 0.728376  0.375990 0.013276 -0.523857
133  1.532736 -0.000009 -0.000001  -0.011784 0.008997 -0.706152
134  0.833153 0.000008 0.000005  0.000013 -0.009685 -0.430431
135  3.590113 -3.090295 1.193972  1.635457 1.210566 1.548541
136  3.589559 -3.089880 -1.196373  -1.505736 1.210473 -1.592853
137  -0.436557 4.719026 -0.001076  -0.000591 -1.570733 1.692996
138  -0.000000 2.775453 -0.000236  -0.135089 0.000001 -0.000000
139  -0.000000 3.189764 0.000008  0.207820 -0.000000 0.000000
140  -0.000000 3.504653 0.000045  -0.261876 0.000000 -0.000000
141  -0.000000 2.863196 -0.000002  -0.051268 0.000000 -0.000000
time 11
0  -0.000000 -0.444789 41.524681  1.570862 0.000000 0.000000
1  0.002636 43.025146 0.734438  0.000060 0.000127 0.000060
2  3.061857 -4.181010 -0.610804  -1.576836 -0.012448 -1.560884
3  18.476774 0.000159 -0.000001  -0.001647 -0.008084 0.123877
4  17.490086 0.000117 0.000003  0.183691 0.150321 -1.112635
5  -3.065330 -4.183575 -0.611480  -1.564806 -0.012486 -1.580759
6  18.474854 -0.000034 -0.000008  0.001600 0.008079 0.123840
7  17.489582 0.001916 -0.000006  -0.177097 -0.152052 -1.112162
8  -0.000117 -0.048881 -0.576226  1.570797 0.086303 1.570791
9  3.224479 0.767047 0.000496  -0.000001 0.000004 -0.028768
10  3.223909 0.226399 -0.001944  -0.000011 -0.000060 0.100383
11  5.187324 -1.262560 -0.001177  0.000012 0.000066 0.194111
12  6.928412 -1.935314 -0.000227  -3.141476 -0.000096 0.372954
13  3.236366 1.079613 0.000057  -0.000128 -0.000017 0.303162
14  0.833764 3.805350 0.692955  0.293038 -2.575130 1.490426
15  0.000041 6.792202 0.000040  0.028838 0.006623 -0.014709
16  -0.000067 7.744814 0.000015  -0.072468 -0.091379 -0.000119
17  0.000073 7.809702 0.000016  -0.028444 -0.003203 0.003240
18  -0.000024 7.867672 0.000017  -0.149958 0.019577 0.123293
19  3.494711 -1.749092 -3.006912  -3.050487 -0.067719 0.559006
20  0.000119 4.478321 0.000018  0.186158 0.024383 -0.084290
21  0.000048 4.636116 -0.000030  0.187768 0.230491 0.018203
22  -0.000046 5.008650 0.000013  -0.179089 -0.121340 -0.116574
23  0.000060 4.781162 0.000009  0.519535 2.927402 -0.155214
24  2.253042 1.989057 -3.350106  -2.842489 -0.469583 -0.491236
25  0.000165 6.589461 0.000173  0.122343 0.200181 0.182201
26  0.000041 7.491411 0.000053  -0.251493 0.127725 0.052217
27  0.000026 7.660303 -0.000060  0.056192 -0.024545 -0.058424
28  0.000011 7.256267 0.000019  0.021828 -0.417634 -0.248220
29  -0.791155 2.265118 -1.234655  0.376189 -2.442913 1.781309
30  -0.000257 8.572254 -0.000091  -0.151315 -0.347442 -0.138863
31  -0.000094 8.117212 0.000048  0.297398 0.518629 0.319408
32  -0.000082 8.230040 -0.000072  -0.288929 -0.032240 -0.005615
33  0.000060 7.366726 0.000053  -0.481206 -0.064396 0.181606
34  0.224220 0.240127 -3.218157  -3.043066 -0.286185 0.098799
35  -0.000103 7.721053 -0.000307  0.014982 0.184503 0.424333
36  -0.000034 7.374855 -0.000004  -0.096443 -0.023595 0.101132
37  0.000076 6.848101 0.000006  -0.006476 0.077702 0.087287
38  -0.000051 7.777859 0.000010  -0.059472 0.076938 0.070675
39  -1.514459 2.104648 -1.150167  0.190329 -2.704334 1.748779
40  -0.000168 6.982354 -0.000078  -0.144957 -0.281963 -0.141277
41  0.000039 8.382862 -0.000073  0.315415 0.467093 0.197555
42  0.000012 8.697705 -0.000027  -0.099498 -0.496170 -0.197729
43  0.000056 8.921808 -0.000004  0.217303 0.267449 -0.142951
44  1.196195 2.899153 -2.353086  -2.979185 -0.489533 -1.088837
45  0.000105 5.476950 0.000006  0.138544 0.136564 0.156302
46  -0.000073 6.060440 -0.000092  -0.315129 -0.521745 -0.008230
47  0.000018 5.994265 0.000029  0.075304 0.079808 -0.251422
48  -0.000006 6.100488 0.000001  0.138867 0.242580 0.063960
49  0.000034 6.916759 0.000010  0.036684 0.115206 0.032342
50  0.000151 6.435054 -0.000044  -0.020752 0.191342 0.124572
51  1.092802 3.649511 -1.738794  -0.148600 0.876612 1.445020
52  -0.000128 6.792208 -0.000103  0.008284 0.107792 -0.048643
53  -0.000087 7.744776 -0.000029  0.057137 -0.256893 0.015458
54  0.000085 9.115025 -0.000038  -0.020393 0.256253 -0.142636
55  3.494520 -1.749102 3.007064  3.105432 0.019778 -0.221953
56  0.000013 4.323833 0.000087  -0.445034 -0.880751 0.399289
57  0.000030 4.872900 -0.000021  -0.045832 -0.392073 0.219234
58  0.000006 5.056655 0.000100  0.344494 1.141870 -0.023140
59  2.292461 1.708612 3.661675  2.873631 0.226728 0.387023
60  -0.000169 6.589443 0.000275  -0.186599 -0.324046 0.031999
61  0.000177 7.491496 -0.000152  -0.174766 -0.579772 -0.100862
62  -0.000139 8.249658 0.000141  -0.006642 -0.026489 0.049677
63  0.000075 8.605228 -0.000026  -0.098903 0.563215 -0.081522
64  -0.240479 2.066074 2.349267  2.802598 0.297129 1.102310
65  -0.000082 7.721110 -0.000002  0.185496 -0.340469 -0.147411
66  -0.000120 7.374863 -0.000049  0.037721 -0.163779 -0.158237
67  -0.000036 6.848069 -0.000024  -0.295643 0.461314 0.045165
68  0.000030 7.777825 -0.000044  0.033686 0.172822 -0.097899
69  -0.000084 8.178057 0.000013  0.423400 -0.296149 0.137285
70  1.617603 3.431407 2.399265  2.957859 0.284582 1.246925
71  -0.000170 5.476948 -0.000028  -0.068092 0.095905 -0.023039
72  -0.000089 6.060500 -0.000004  0.150829 0.006529 -0.025174
73  0.000030 5.994248 0.000011  -0.127079 -0.262287 0.070572
74  -0.000078 7.076873 -0.000047  -0.036066 -0.020829 -0.006613
75  0.000004 7.089862 -0.000070  0.070875 0.098587 -0.025893
76  0.361120 0.886683 3.287746  2.805848 0.190674 0.699915
77  -0.000076 6.686635 0.000223  0.235511 0.236492 -0.224284
78  -0.000005 7.638013 0.000012  -0.123648 -0.206684 -0.053483
79  -0.000022 7.290236 -0.000023  -0.015665 0.002760 0.078228
80  -0.000033 6.530368 0.000004  0.123553 -0.446884 0.032944
81  0.000064 7.224878 0.000008  0.272216 0.340584 0.266231
82  1.071903 3.225796 1.570115  2.934970 -0.008227 1.462242
83  0.000413 6.748895 -0.000069  -0.023647 -0.041652 -0.060201
84  -0.000041 8.002648 0.000026  0.119731 -0.145387 0.030381
85  0.000011 8.580576 -0.000097  -0.328608 0.224093 0.075008
86  0.000168 8.689819 -0.000037  0.106407 -0.142465 0.238161
87  -1.514528 2.104638 0.318055  2.969273 -0.030187 1.657823
88  0.000191 6.982272 0.000012  0.221955 -0.177060 -0.037997
89  -0.000008 8.382889 -0.000068  -0.283155 0.223589 0.105771
90  -0.000057 8.697683 0.000026  -0.036581 -0.281096 0.367321
91  -0.000131 8.921829 0.000080  0.077035 -0.415968 0.646183
92  3.553616 -3.478046 2.409277  -2.940121 -0.396762 -1.021200
93  0.000001 4.476898 -0.000007  -0.374556 -0.587066 0.138796
94  0.000033 4.514122 -0.000023  0.575261 -2.645105 0.050158
95  0.000043 4.518385 -0.000023  0.680085 2.756965 0.166920
96  0.000023 3.598329 0.000023  0.380988 0.642351 0.128996
97  4.209924 -0.440347 1.018824  -1.577219 -2.025540 -0.171644
98  4.265504 1.434233 -0.404992  -1.589420 0.045546 -0.689159
99  9.400231 0.017941 0.083201  -0.006117 -0.046487 -0.202669
100  10.242415 0.033590 0.064479  1.697691 0.092009 0.064180
101  3.465859 -0.059679 0.016694  -0.025555 -0.048842 -0.423906
102  1.655591 -0.000021 0.000023  -0.025568 -0.114485 -0.467192
103  0.960766 -0.000004 -0.000007  -0.000000 0.003101 -0.216324
104  3.462033 -0.064246 0.939909  0.332571 -0.040088 -0.385572
105  1.497174 -0.000007 0.000021  -0.490561 -0.021262 -0.048814
106  0.793761 0.000004 -0.000002  -0.000572 0.004562 -0.264948
107  0.591668 -0.460692 0.835206  -1.134576 -0.717293 -0.462339
108  1.556141 0.000004 0.000000  -0.178220 0.121881 0.438108
109  1.135907 0.000020 0.000004  0.004827 0.022557 0.396202
110  3.084272 -0.668822 -1.257085  -0.666830 0.043255 -0.487733
111  1.064198 -0.000003 0.000006  0.003766 0.083622 -0.584609
112  0.640335 0.000004 -0.000009  -0.000352 -0.001434 -0.169762
113  3.396824 -0.242139 -0.708689  -0.381718 -0.022043 -0.522960
114  1.532963 0.000006 0.000006  0.013633 -0.007332 -0.706327
115  0.832977 -0.000002 -0.000003  -0.000009 0.007359 -0.430493
116  4.209939 -0.440343 -1.019279  1.565975 2.023833 -0.184447
117  4.266747 1.424939 0.424938  1.590116 -0.050322 -0.690807
118  9.398572 0.011949 -0.082516  0.005381 0.046914 -0.202739
119  10.242444 0.028177 -0.062905  -1.687983 -0.090752 0.057742
120  3.465746 -0.067524 0.002267  0.032093 0.044648 -0.423147
121  1.655556 0.000006 0.000006  0.024891 0.112868 -0.466971
122  0.960907 0.000004 -0.000001  -0.000004 -0.004468 -0.216285
123  3.466851 -0.077779 -0.920910  -0.329987 0.034939 -0.386044
124  1.497266 -0.000035 -0.000022  -0.414600 0.020814 -0.047914
125  0.793789 -0.000007 -0.000001  -0.003598 0.010261 -0.258763
126  0.595076 -0.467148 -0.829176  2.438760 0.680474 -0.243149
127  1.555672 0.000010 -0.000003  0.314911 0.070848 0.436166
128  1.136812 -0.000010 -0.000000  0.014606 0.014493 0.384378
129  3.075968 -0.667964 1.277700  0.669253 -0.049614 -0.486272
130  1.064588 0.000018 0.000010  -0.015024 -0.091461 -0.583344
131  0.640364 -0.000012 -0.000004  0.000646 -0.000278 -0.169760
132  3.392412 -0.245366 0.728376  0.375990 0.013276 -0.523857
133  1.532736 -0.000010 -0.000001  -0.011784 0.008997 -0.706152
134  0.833151 0.000007 0.000005  0.000013 -0.009685 -0.430431
135  3.590113 -3.090295 1.193972  1.635457 1.210566 1.548541
136  3.589559 -3.089880 -1.196373  -1.505736 1.210473 -1.592853
137  -0.436557 4.719026 -0.001076  -0.000591 -1.570733 1.692996
138  -0.000000 2.775453 -0.000236  -0.135089 0.000001 -0.000000
139  -0.000000 3.189764 0.000008  0.207820 -0.000000 0.000000
140  -0.000000 3.504653 0.000045  -0.261876 0.000000 -0.000000
141  -0.000000 2.863196 -0.000002  -0.051268 0.000000 -0.000000
time 12
0  -0.000000 -0.444789 41.524681  1.570862 0.000000 0.000000
1  0.002636 43.025146 0.734438  0.000060 0.000127 0.000060
2  3.061857 -4.181010 -0.610804  -1.576836 -0.012448 -1.560884
3  18.476774 0.000159 -0.000001  -0.001647 -0.008084 0.123877
4  17.490086 0.000117 0.000003  0.183691 0.150321 -1.112635
5  -3.065330 -4.183575 -0.611480  -1.564806 -0.012486 -1.580759
6  18.474854 -0.000034 -0.000008  0.001600 0.008079 0.123840
7  17.489582 0.001916 -0.000006  -0.177097 -0.152052 -1.112162
8  -0.000117 -0.048881 -0.576226  1.570797 0.086303 1.570791
9  3.224479 0.767047 0.000496  -0.000001 0.000004 -0.028768
10  3.223909 0.226399 -0.001944  -0.000011 -0.000060 0.100383
11  5.187324 -1.262560 -0.001177  0.000012 0.000066 0.194111
12  6.928412 -1.935314 -0.000227  -3.141476 -0.000096 0.372954
13  3.236366 1.079613 0.000057  -0.000128 -0.000017 0.303162
14  0.833764 3.805350 0.692955  0.293038 -2.575130 1.490426
15  0.000041 6.792202 0.000040  0.028838 0.006623 -0.014709
16  -0.000067 7.744814 0.000015  -0.072468 -0.091379 -0.000119
17  0.000073 7.809702 0.000016  -0.028444 -0.003203 0.003240
18  -0.000024 7.867672 0.000017  -0.149958 0.019577 0.123293
19  3.494711 -1.749092 -3.006912  -3.050487 -0.067719 0.559006
20  0.000119 4.478321 0.000018  0.186158 0.024383 -0.084290
21  0.000048 4.636116 -0.000030  0.187768 0.230491 0.018203
22  -0.000046 5.008650 0.000013  -0.179089 -0.121340 -0.116574
23  0.000060 4.781162 0.000009  0.519535 2.927402 -0.155214
24  2.253042 1.989057 -3.350106  -2.842489 -0.469583 -0.491236
25  0.000165 6.589461 0.000173  0.122343 0.200181 0.182201
26  0.000041 7.491411 0.000053  -0.251493 0.127725 0.052217
27  0.000026 7.660303 -0.000060  0.056192 -0.024545 -0.058424
28  0.000011 7.256267 0.000019  0.021828 -0.417634 -0.248220
29  -0.791155 2.265118 -1.234655  0.376189 -2.442913 1.781309
30  -0.000257 8.572254 -0.000091  -0.151315 -0.347442 -0.138863
31  -0.000094 8.117212 0.000048  0.297398 0.518629 0.319408
32  -0.000082 8.230040 -0.000072  -0.288929 -0.032240 -0.005615
33  0.000060 7.366726 0.000052  -0.481206 -0.064396 0.181606
34  0.224220 0.240127 -3.218157  -3.043066 -0.286185 0.098799
35  -0.000103 7.721053 -0.000307  0.014982 0.184503 0.424333
36  -0.000034 7.374855 -0.000004  -0.096443 -0.023595 0.101132
37  0.000076 6.848101 0.000006  -0.006476 0.077702 0.087287
38  -0.000051 7.777859 0.000010  -0.059472 0.076938 0.070675
39  -1.514459 2.104648 -1.150167  0.190329 -2.704334 1.748779
40  -0.000169 6.982350 -0.000076  -0.144957 -0.281963 -0.141277
41  0.000038 8.382866 -0.000073  0.315415 0.467093 0.197556
42  0.000013 8.697705 -0.000029  -0.099498 -0.496170 -0.197729
43  0.000056 8.921809 -0.000004  0.217303 0.267449 -0.142951
44  1.196195 2.899153 -2.353086  -2.979185 -0.489533 -1.088837
45  0.000105 5.476950 0.000006  0.138544 0.136564 0.156302
46  -0.000073 6.060440 -0.000092  -0.315129 -0.521745 -0.008230
47  0.000018 5.994265 0.000029  0.075304 0.079808 -0.251422
48  -0.000006 6.100488 0.000001  0.138867 0.242580 0.063960
49  0.000034 6.916759 0.000010  0.036684 0.115206 0.032342
50  0.000151 6.435054 -0.000044  -0.020752 0.191342 0.124572
51  1.092802 3.649511 -1.738794  -0.148600 0.876612 1.445020
52  -0.000128 6.792208 -0.000103  0.008284 0.107792 -0.048643
53  -0.000087 7.744776 -0.000029  0.057137 -0.256893 0.015458
54  0.000085 9.115025 -0.000038  -0.020393 0.256253 -0.142636
55  3.494520 -1.749102 3.007064  3.105432 0.019778 -0.221953
56  0.000013 4.323833 0.000087  -0.445034 -0.880751 0.399289
57  0.000030 4.872900 -0.000021  -0.045832 -0.392073 0.219234
58  0.000006 5.056655 0.000100  0.344494 1.141870 -0.023140
59  2.292461 1.708612 3.661675  2.873631 0.226728 0.387023
60  -0.000169 6.589443 0.000275  -0.186599 -0.324046 0.031999
61  0.000177 7.491496 -0.000152  -0.174766 -0.579772 -0.100862
62  -0.000139 8.249658 0.000141  -0.006642 -0.026489 0.049677
63  0.000075 8.605228 -0.000026  -0.098903 0.563215 -0.081522
64  -0.240479 2.066074 2.349267  2.802598 0.297129 1.102310
65  -0.000082 7.721110 -0.000002  0.185496 -0.340469 -0.147411
66  -0.000124 7.374866 -0.000045  0.037721 -0.163780 -0.158236
67  -0.000038 6.848069 -0.000026  -0.295643 0.461314 0.045165
68  0.000033 7.777817 -0.000042  0.033686 0.172821 -0.097899
69  -0.000084 8.178041 0.000010  0.423400 -0.296149 0.137285
70  1.617603 3.431407 2.399265  2.957859 0.284582 1.246925
71  -0.000170 5.476948 -0.000028  -0.068092 0.095905 -0.023039
72  -0.000089 6.060500 -0.000005  0.150829 0.006529 -0.025174
73  0.000029 5.994248 0.000011  -0.127079 -0.262287 0.070572
74  -0.000079 7.076873 -0.000048  -0.036066 -0.020829 -0.006613
75  0.000005 7.089869 -0.000069  0.070875 0.098587 -0.025893
76  0.361120 0.886683 3.287746  2.805848 0.190674 0.699915
77  -0.000076 6.686635 0.000223  0.235512 0.236492 -0.224284
78  -0.000006 7.638014 0.000013  -0.123648 -0.206684 -0.053483
79  -0.000024 7.290236 -0.000022  -0.015665 0.002760 0.078228
80  -0.000039 6.530360 0.000006  0.123553 -0.446884 0.032944
81  0.000062 7.224879 0.000007  0.272216 0.340584 0.266231
82  1.071903 3.225796 1.570115  2.934970 -0.008227 1.462242
83  0.000411 6.748899 -0.000066  -0.023647 -0.041652 -0.060202
84  -0.000046 8.002641 0.000026  0.119731 -0.145387 0.030381
85  0.000011 8.580575 -0.000098  -0.328608 0.224093 0.075008
86  0.000167 8.689827 -0.000038  0.106407 -0.142465 0.238161
87  -1.514528 2.104638 0.318055  2.969273 -0.030187 1.657823
88  0.000191 6.982272 0.000012  0.221955 -0.177060 -0.037997
89  -0.000008 8.382889 -0.000068  -0.283155 0.223589 0.105771
90  -0.000059 8.697683 0.000024  -0.036581 -0.281096 0.367321
91  -0.000140 8.921823 0.000080  0.077035 -0.415968 0.646183
92  3.553616 -3.478046 2.409277  -2.940121 -0.396762 -1.021200
93  0.000001 4.476898 -0.000007  -0.374556 -0.587066 0.138796
94  0.000033 4.514122 -0.000023  0.575261 -2.645105 0.050158
95  0.000043 4.518385 -0.000023  0.680085 2.756965 0.166920
96  0.000024 3.598325 0.000023  0.380988 0.642351 0.128996
97  4.209924 -0.440347 1.018824  -1.577219 -2.025540 -0.171644
98  4.265504 1.434233 -0.404992  -1.589420 0.045546 -0.689159
99  9.400231 0.017941 0.083201  -0.006117 -0.046487 -0.202669
100  10.242415 0.033590 0.064479  1.697691 0.092009 0.064180
101  3.465859 -0.059679 0.016694  -0.025555 -0.048842 -0.423906
102  1.655591 -0.000021 0.000023  -0.025568 -0.114485 -0.467192
103  0.960766 -0.000004 -0.000007  -0.000000 0.003101 -0.216324
104  3.462033 -0.064246 0.939909  0.332571 -0.040088 -0.385572
105  1.497174 -0.000007 0.000021  -0.490561 -0.021262 -0.048814
106  0.793761 0.000004 -0.000002  -0.000572 0.004562 -0.264948
107  0.591668 -0.460692 0.835206  -1.134576 -0.717293 -0.462339
108  1.556141 0.000004 0.000000  -0.178220 0.121881 0.438108
109  1.135907 0.000020 0.000004  0.004827 0.022557 0.396202
110  3.084272 -0.668822 -1.257085  -0.666830 0.043255 -0.487733
111  1.064198 -0.000003 0.000006  0.003766 0.083622 -0.584609
112  0.640335 0.000004 -0.000009  -0.000352 -0.001434 -0.169762
113  3.396824 -0.242139 -0.708689  -0.381718 -0.022043 -0.522960
114  1.532963 0.000006 0.000006  0.013633 -0.007332 -0.706327
115  0.832977 -0.000002 -0.000003  -0.000009 0.007359 -0.430493
116  4.209939 -0.440343 -1.019279  1.565975 2.023833 -0.184447
117  4.266747 1.424939 0.424938  1.590116 -0.050322 -0.690807
118  9.398572 0.011949 -0.082516  0.005381 0.046914 -0.202739
119  10.242444 0.028177 -0.062905  -1.687983 -0.090752 0.057742
120  3.465746 -0.067524 0.002267  0.032093 0.044648 -0.423147
121  1.655556 0.000006 0.000006  0.024891 0.112868 -0.466971
122  0.960907 0.000004 -0.000001  -0.000004 -0.004468 -0.216285
123  3.466851 -0.077779 -0.920910  -0.329987 0.034939 -0.386044
124  1.497266 -0.000035 -0.000022  -0.414600 0.020814 -0.047914
125  0.793789 -0.000007 -0.000001  -0.003598 0.010261 -0.258763
126  0.595076 -0.467148 -0.829176  2.438760 0.680474 -0.243149
127  1.555672 0.000010 -0.000003  0.314911 0.070848 0.436166
128  1.136812 -0.000010 -0.000000  0.014606 0.014493 0.384378
129  3.075968 -0.667964 1.277700  0.669253 -0.049614 -0.486272
130  1.064588 0.000018 0.000010  -0.015024 -0.091461 -0.583344
131  0.640364 -0.000012 -0.000004  0.000646 -0.000278 -0.169760
132  3.392412 -0.245366 0.728376  0.375990 0.013276 -0.523857
133  1.532736 -0.000010 -0.000001  -0.011784 0.008997 -0.706152
134  0.833151 0.000007 0.000005  0.000013 -0.009685 -0.430431
135  3.590113 -3.090295 1.193972  1.635457 1.210566 1.548541
136  3.589559 -3.089880 -1.196373  -1.505736 1.210473 -1.592853
137  -0.436557 4.719026 -0.001076  -0.000591 -1.570733 1.692996
138  -0.000000 2.775453 -0.000236  -0.135089 0.000001 -0.000000
139  -0.000000 3.189764 0.000008  0.207820 -0.000000 0.000000
140  -0.000000 3.504653 0.000045  -0.261876 0.000000 -0.000000
141  -0.000000 2.863196 -0.000002  -0.051268 0.000000 -0.000000
time 13
0  -0.000000 -0.444789 41.524681  1.570862 0.000000 0.000000
1  0.002636 43.025146 0.734438  0.000060 0.000127 0.000060
2  3.061857 -4.181010 -0.610804  -1.576836 -0.012448 -1.560884
3  18.476774 0.000159 -0.000001  -0.001647 -0.008084 0.123877
4  17.490086 0.000117 0.000003  0.183691 0.150321 -1.112635
5  -3.065330 -4.183575 -0.611480  -1.564806 -0.012486 -1.580759
6  18.474854 -0.000034 -0.000008  0.001600 0.008079 0.123840
7  17.489582 0.001916 -0.000006  -0.177097 -0.152052 -1.112162
8  -0.000117 -0.048881 -0.576226  1.570797 0.086303 1.570791
9  3.224479 0.767047 0.000496  -0.000001 0.000004 -0.028768
10  3.223909 0.226399 -0.001944  -0.000011 -0.000060 0.100383
11  5.187324 -1.262560 -0.001177  0.000012 0.000066 0.194111
12  6.928412 -1.935314 -0.000227  -3.141476 -0.000096 0.372954
13  3.236366 1.079613 0.000057  -0.000128 -0.000017 0.303162
14  0.833764 3.805350 0.692955  0.293038 -2.575130 1.490426
15  0.000041 6.792202 0.000040  0.028838 0.006623 -0.014709
16  -0.000067 7.744814 0.000015  -0.072468 -0.091379 -0.000119
17  0.000073 7.809702 0.000016  -0.028444 -0.003203 0.003240
18  -0.000024 7.867672 0.000017  -0.149958 0.019577 0.123293
19  3.494711 -1.749092 -3.006912  -3.050487 -0.067719 0.559006
20  0.000119 4.478321 0.000018  0.186158 0.024383 -0.084290
21  0.000048 4.636116 -0.000030  0.187768 0.230491 0.018203
22  -0.000046 5.008650 0.000013  -0.179089 -0.121340 -0.116574
23  0.000057 4.781162 0.000011  0.519535 2.927402 -0.155214
24  2.253042 1.989057 -3.350106  -2.842489 -0.469583 -0.491236
25  0.000165 6.589461 0.000173  0.122343 0.200181 0.182201
26  0.000041 7.491411 0.000053  -0.251493 0.127725 0.052217
27  0.000026 7.660303 -0.000060  0.056192 -0.024545 -0.058424
28  0.000011 7.256267 0.000019  0.021828 -0.417634 -0.248220
29  -0.791155 2.265118 -1.234655  0.376189 -2.442913 1.781309
30  -0.000257 8.572254 -0.000091  -0.151315 -0.347442 -0.138863
31  -0.000094 8.117212 0.000048  0.297398 0.518629 0.319408
32  -0.000082 8.230040 -0.000072  -0.288929 -0.032240 -0.005615
33  0.000060 7.366722 0.000053  -0.481206 -0.064396 0.181606
34  0.224220 0.240127 -3.218157  -3.043066 -0.286185 0.098799
35  -0.000103 7.721053 -0.000307  0.014982 0.184503 0.424333
36  -0.000034 7.374855 -0.000004  -0.096443 -0.023595 0.101132
37  0.000076 6.848101 0.000006  -0.006476 0.077702 0.087287
38  -0.000051 7.777859 0.000010  -0.059472 0.076938 0.070675
39  -1.514459 2.104648 -1.150167  0.190329 -2.704334 1.748779
40  -0.000167 6.982354 -0.000078  -0.144957 -0.281963 -0.141277
41  0.000039 8.382862 -0.000073  0.315415 0.467093 0.197556
42  0.000012 8.697701 -0.000027  -0.099498 -0.496170 -0.197729
43  0.000056 8.921808 -0.000003  0.217303 0.267449 -0.142951
44  1.196195 2.899153 -2.353086  -2.979185 -0.489533 -1.088837
45  0.000105 5.476950 0.000006  0.138544 0.136564 0.156302
46  -0.000073 6.060440 -0.000092  -0.315129 -0.521745 -0.008230
47  0.000018 5.994265 0.000029  0.075304 0.079808 -0.251422
48  -0.000006 6.100488 0.000001  0.138867 0.242580 0.063960
49  0.000034 6.916759 0.000010  0.036684 0.115206 0.032342
50  0.000151 6.435054 -0.000044  -0.020752 0.191342 0.124572
51  1.092802 3.649511 -1.738794  -0.148600 0.876612 1.445020
52  -0.000128 6.792208 -0.000103  0.008284 0.107792 -0.048643
53  -0.000087 7.744776 -0.000029  0.057137 -0.256893 0.015458
54  0.000085 9.115025 -0.000038  -0.020393 0.256253 -0.142636
55  3.494520 -1.749102 3.007064  3.105432 0.019778 -0.221953
56  0.000013 4.323833 0.000087  -0.445034 -0.880751 0.399289
57  0.000030 4.872900 -0.000021  -0.045832 -0.392073 0.219234
58  0.000006 5.056655 0.000100  0.344494 1.141870 -0.023140
59  2.292461 1.708612 3.661675  2.873631 0.226728 0.387023
60  -0.000169 6.589443 0.000275  -0.186599 -0.324046 0.031999
61  0.000177 7.491496 -0.000152  -0.174766 -0.579772 -0.100862
62  -0.000139 8.249658 0.000141  -0.006642 -0.026489 0.049677
63  0.000075 8.605228 -0.000026  -0.098903 0.563215 -0.081522
64  -0.240479 2.066074 2.349267  2.802598 0.297129 1.102310
65  -0.000082 7.721110 -0.000002  0.185496 -0.340469 -0.147411
66  -0.000120 7.374859 -0.000051  0.037721 -0.163780 -0.158237
67  -0.000037 6.848054 -0.000023  -0.295643 0.461314 0.045165
68  0.000032 7.777825 -0.000045  0.033686 0.172821 -0.097899
69  -0.000085 8.178042 0.000011  0.423400 -0.296149 0.137285
70  1.617603 3.431407 2.399265  2.957859 0.284582 1.246925
71  -0.000170 5.476948 -0.000028  -0.068092 0.095905 -0.023039
72  -0.000089 6.060500 -0.000004  0.150829 0.006529 -0.025174
73  0.000030 5.994248 0.000011  -0.127079 -0.262287 0.070572
74  -0.000078 7.076873 -0.000047  -0.036066 -0.020829 -0.006613
75  0.000004 7.089862 -0.000070  0.070875 0.098587 -0.025893
76  0.361120 0.886683 3.287746  2.805848 0.190674 0.699915
77  -0.000075 6.686637 0.000223  0.235512 0.236492 -0.224284
78  -0.000013 7.638015 0.000012  -0.123648 -0.206684 -0.053483
79  -0.000025 7.290234 -0.000022  -0.015665 0.002760 0.078228
80  -0.000037 6.530361 0.000005  0.123553 -0.446884 0.032944
81  0.000057 7.224873 0.000011  0.272216 0.340583 0.266231
82  1.071903 3.225796 1.570115  2.934970 -0.008227 1.462242
83  0.000413 6.748895 -0.000069  -0.023647 -0.041652 -0.060201
84  -0.000041 8.002648 0.000026  0.119731 -0.145387 0.030381
85  0.000011 8.580576 -0.000097  -0.328608 0.224093 0.075008
86  0.000168 8.689819 -0.000037  0.106407 -0.142465 0.238161
87  -1.514528 2.104638 0.318055  2.969273 -0.030187 1.657823
88  0.000191 6.982272 0.000012  0.221955 -0.177060 -0.037997
89  -0.000008 8.382889 -0.000068  -0.283154 0.223589 0.105771
90  -0.000057 8.697675 0.000029  -0.036581 -0.281096 0.367321
91  -0.000132 8.921822 0.000079  0.077035 -0.415968 0.646183
92  3.553616 -3.478046 2.409277  -2.940121 -0.396762 -1.021200
93  0.000001 4.476898 -0.000007  -0.374556 -0.587066 0.138796
94  0.000034 4.514122 -0.000022  0.575261 -2.645105 0.050158
95  0.000044 4.518382 -0.000018  0.680085 2.756965 0.166920
96  0.000023 3.598329 0.000024  0.380988 0.642351 0.128996
97  4.209924 -0.440347 1.018824  -1.577219 -2.025540 -0.171644
98  4.265504 1.434233 -0.404992  -1.589420 0.045546 -0.689159
99  9.400231 0.017941 0.083201  -0.006117 -0.046487 -0.202669
100  10.242415 0.033590 0.064479  1.697691 0.092009 0.064180
101  3.465859 -0.059679 0.016694  -0.025555 -0.048842 -0.423906
102  1.655591 -0.000021 0.000023  -0.025568 -0.114485 -0.467192
103  0.960766 -0.000004 -0.000007  -0.000000 0.003101 -0.216324
104  3.462033 -0.064246 0.939909  0.332571 -0.040088 -0.385572
105  1.497174 -0.000007 0.000021  -0.490561 -0.021262 -0.048814
106  0.793761 0.000004 -0.000002  -0.000572 0.004562 -0.264948
107  0.591668 -0.460692 0.835206  -1.134576 -0.717293 -0.462339
108  1.556141 0.000004 0.000000  -0.178220 0.121881 0.438108
109  1.135907 0.000020 0.000004  0.004827 0.022557 0.396202
110  3.084272 -0.668822 -1.257085  -0.666830 0.043255 -0.487733
111  1.064198 -0.000003 0.000006  0.003766 0.083622 -0.584609
112  0.640335 0.000004 -0.000009  -0.000352 -0.001434 -0.169762
113  3.396824 -0.242139 -0.708689  -0.381718 -0.022043 -0.522960
114  1.532963 0.000006 0.000006  0.013633 -0.007332 -0.706327
115  0.832977 -0.000002 -0.000003  -0.000009 0.007359 -0.430493
116  4.209939 -0.440343 -1.019279  1.565975 2.023833 -0.184447
117  4.266747 1.424939 0.424938  1.590116 -0.050322 -0.690807
118  9.398572 0.011949 -0.082516  0.005381 0.046914 -0.202739
119  10.242444 0.028177 -0.062905  -1.687983 -0.090752 0.057742
120  3.465746 -0.067524 0.002267  0.032093 0.044648 -0.423147
121  1.655556 0.000006 0.000006  0.024891 0.112868 -0.466971
122  0.960907 0.000004 -0.000001  -0.000004 -0.004468 -0.216285
123  3.466851 -0.077779 -0.920910  -0.329987 0.034939 -0.386044
124  1.497266 -0.000035 -0.000022  -0.414600 0.020814 -0.047914
125  0.793789 -0.000007 -0.000001  -0.003598 0.010261 -0.258763
126  0.595076 -0.467148 -0.829176  2.438760 0.680474 -0.243149
127  1.555672 0.000010 -0.000003  0.314911 0.070848 0.436166
128  1.136812 -0.000010 -0.000000  0.014606 0.014493 0.384378
129  3.075968 -0.667964 1.277700  0.669253 -0.049614 -0.486272
130  1.064588 0.000018 0.000010  -0.015024 -0.091461 -0.583344
131  0.640364 -0.000012 -0.000004  0.000646 -0.000278 -0.169760
132  3.392412 -0.245366 0.728376  0.375990 0.013276 -0.523857
133  1.532736 -0.000010 -0.000001  -0.011784 0.008997 -0.706152
134  0.833151 0.000007 0.000005  0.000013 -0.009685 -0.430431
135  3.590113 -3.090295 1.193972  1.635457 1.210566 1.548541
136  3.589559 -3.089880 -1.196373  -1.505736 1.210473 -1.592853
137  -0.436557 4.719026 -0.001076  -0.000591 -1.570733 1.692996
138  -0.000000 2.775453 -0.000236  -0.135089 0.000001 -0.000000
139  -0.000000 3.189764 0.000008  0.207820 -0.000000 0.000000
140  -0.000000 3.504653 0.000045  -0.261876 0.000000 -0.000000
141  -0.000000 2.863196 -0.000002  -0.051268 0.000000 -0.000000
time 14
0  -0.000000 -0.444789 41.524681  1.570862 0.000000 0.000000
1  0.002636 43.025146 0.734438  0.000060 0.000127 0.000060
2  3.061857 -4.181010 -0.610804  -1.576836 -0.012448 -1.560884
3  18.476774 0.000159 -0.000001  -0.001647 -0.008084 0.123877
4  17.490086 0.000117 0.000003  0.183691 0.150321 -1.112635
5  -3.065330 -4.183575 -0.611480  -1.564806 -0.012486 -1.580759
6  18.474854 -0.000034 -0.000008  0.001600 0.008079 0.123840
7  17.489582 0.001916 -0.000006  -0.177097 -0.152052 -1.112162
8  -0.000117 -0.048881 -0.576226  1.570797 0.086303 1.570791
9  3.224479 0.767047 0.000496  -0.000001 0.000004 -0.028768
10  3.223909 0.226399 -0.001944  -0.000011 -0.000060 0.100383
11  5.187324 -1.262560 -0.001177  0.000012 0.000066 0.194111
12  6.928412 -1.935314 -0.000227  -3.141476 -0.000096 0.372954
13  3.236366 1.079613 0.000057  -0.000128 -0.000017 0.303162
14  0.833764 3.805350 0.692955  0.293038 -2.575130 1.490426
15  0.000041 6.792202 0.000040  0.028838 0.006623 -0.014709
16  -0.000067 7.744814 0.000015  -0.072468 -0.091379 -0.000119
17  0.000073 7.809702 0.000016  -0.028444 -0.003203 0.003240
18  -0.000024 7.867672 0.000017  -0.149958 0.019577 0.123293
19  3.494711 -1.749092 -3.006912  -3.050487 -0.067719 0.559006
20  0.000119 4.478321 0.000018  0.186158 0.024383 -0.084290
21  0.000048 4.636116 -0.000030  0.187768 0.230491 0.018203
22  -0.000046 5.008650 0.000013  -0.179089 -0.121340 -0.116574
23  0.000060 4.781162 0.000009  0.519535 2.927402 -0.155214
24  2.253042 1.989057 -3.350106  -2.842489 -0.469583 -0.491236
25  0.000165 6.589461 0.000173  0.122343 0.200181 0.182201
26  0.000041 7.491411 0.000053  -0.251493 0.127725 0.052217
27  0.000026 7.660303 -0.000060  0.056192 -0.024545 -0.058424
28  0.000011 7.256267 0.000019  0.021828 -0.417634 -0.248220
29  -0.791155 2.265118 -1.234655  0.376189 -2.442913 1.781309
30  -0.000257 8.572254 -0.000091  -0.151315 -0.347442 -0.138863
31  -0.000094 8.117212 0.000048  0.297398 0.518629 0.319408
32  -0.000082 8.230040 -0.000072  -0.288929 -0.032240 -0.005615
33  0.000059 7.366726 0.000053  -0.481206 -0.064396 0.181606
34  0.224220 0.240127 -3.218157  -3.043066 -0.286185 0.098799
35  -0.000103 7.721053 -0.000307  0.014982 0.184503 0.424333
36  -0.000034 7.374855 -0.000004  -0.096443 -0.023595 0.101132
37  0.000076 6.848101 0.000006  -0.006476 0.077702 0.087287
38  -0.000051 7.777859 0.000010  -0.059472 0.076938 0.070675
39  -1.514459 2.104648 -1.150167  0.190329 -2.704334 1.748779
40  -0.000169 6.982350 -0.000076  -0.144957 -0.281963 -0.141277
41  0.000038 8.382866 -0.000073  0.315415 0.467093 0.197556
42  0.000013 8.697705 -0.000029  -0.099498 -0.496170 -0.197729
43  0.000056 8.921803 -0.000003  0.217303 0.267449 -0.142951
44  1.196195 2.899153 -2.353086  -2.979185 -0.489533 -1.088837
45  0.000105 5.476950 0.000006  0.138544 0.136564 0.156302
46  -0.000073 6.060440 -0.000092  -0.315129 -0.521745 -0.008230
47  0.000018 5.994265 0.000029  0.075304 0.079808 -0.251422
48  -0.000006 6.100488 0.000001  0.138867 0.242580 0.063960
49  0.000034 6.916759 0.000010  0.036684 0.115206 0.032342
50  0.000151 6.435054 -0.000044  -0.020752 0.191342 0.124572
51  1.092802 3.649511 -1.738794  -0.148600 0.876612 1.445020
52  -0.000128 6.792208 -0.000103  0.008284 0.107792 -0.048643
53  -0.000087 7.744776 -0.000029  0.057137 -0.256893 0.015458
54  0.000085 9.115025 -0.000038  -0.020393 0.256253 -0.142636
55  3.494520 -1.749102 3.007064  3.105432 0.019778 -0.221953
56  0.000013 4.323833 0.000087  -0.445034 -0.880751 0.399289
57  0.000030 4.872900 -0.000021  -0.045832 -0.392073 0.219234
58  0.000006 5.056655 0.000100  0.344494 1.141870 -0.023140
59  2.292461 1.708612 3.661675  2.873631 0.226728 0.387023
60  -0.000169 6.589443 0.000275  -0.186599 -0.324046 0.031999
61  0.000177 7.491496 -0.000152  -0.174766 -0.579772 -0.100862
62  -0.000139 8.249658 0.000141  -0.006642 -0.026489 0.049677
63  0.000075 8.605228 -0.000026  -0.098903 0.563215 -0.081522
64  -0.240479 2.066074 2.349267  2.802598 0.297129 1.102310
65  -0.000082 7.721110 -0.000002  0.185496 -0.340469 -0.147411
66  -0.000124 7.374859 -0.000047  0.037721 -0.163780 -0.158236
67  -0.000037 6.848054 -0.000023  -0.295643 0.461314 0.045165
68  0.000034 7.777825 -0.000044  0.033686 0.172821 -0.097899
69  -0.000087 8.178036 0.000010  0.423400 -0.296149 0.137285
70  1.617603 3.431407 2.399265  2.957859 0.284582 1.246925
71  -0.000170 5.476948 -0.000028  -0.068092 0.095905 -0.023039
72  -0.000089 6.060500 -0.000005  0.150829 0.006529 -0.025174
73  0.000029 5.994248 0.000011  -0.127079 -0.262287 0.070572
74  -0.000079 7.076873 -0.000048  -0.036066 -0.020829 -0.006613
75  0.000005 7.089869 -0.000069  0.070875 0.098587 -0.025893
76  0.361120 0.886683 3.287746  2.805848 0.190674 0.699915
77  -0.000075 6.686637 0.000223  0.235512 0.236492 -0.224284
78  -0.000012 7.638019 0.000012  -0.123648 -0.206684 -0.053482
79  -0.000024 7.290236 -0.000022  -0.015665 0.002760 0.078228
80  -0.000037 6.530362 0.000004  0.123553 -0.446884 0.032944
81  0.000058 7.224873 0.000012  0.272216 0.340583 0.266231
82  1.071903 3.225796 1.570115  2.934970 -0.008227 1.462242
83  0.000411 6.748899 -0.000066  -0.023647 -0.041652 -0.060202
84  -0.000046 8.002641 0.000026  0.119731 -0.145387 0.030381
85  0.000009 8.580567 -0.000097  -0.328608 0.224093 0.075008
86  0.000170 8.689834 -0.000040  0.106407 -0.142465 0.238161
87  -1.514528 2.104638 0.318055  2.969273 -0.030187 1.657823
88  0.000191 6.982272 0.000012  0.221955 -0.177060 -0.037997
89  -0.000008 8.382889 -0.000068  -0.283154 0.223589 0.105771
90  -0.000055 8.697683 0.000026  -0.036581 -0.281096 0.367321
91  -0.000136 8.921822 0.000080  0.077035 -0.415968 0.646183
92  3.553616 -3.478046 2.409277  -2.940121 -0.396762 -1.021200
93  0.000001 4.476898 -0.000007  -0.374556 -0.587066 0.138796
94  0.000033 4.514122 -0.000023  0.575261 -2.645105 0.050158
95  0.000043 4.518382 -0.000023  0.680085 2.756965 0.166920
96  0.000022 3.598329 0.000023  0.380988 0.642351 0.128996
97  4.209924 -0.440347 1.018824  -1.577219 -2.025540 -0.171644
98  4.265504 1.434233 -0.404992  -1.589420 0.045546 -0.689159
99  9.400231 0.017941 0.083201  -0.006117 -0.046487 -0.202669
100  10.242415 0.033590 0.064479  1.697691 0.092009 0.064180
101  3.465859 -0.059679 0.016694  -0.025555 -0.048842 -0.423906
102  1.655591 -0.000021 0.000023  -0.025568 -0.114485 -0.467192
103  0.960766 -0.000004 -0.000007  -0.000000 0.003101 -0.216324
104  3.462033 -0.064246 0.939909  0.332571 -0.040088 -0.385572
105  1.497174 -0.000007 0.000021  -0.490561 -0.021262 -0.048814
106  0.793761 0.000004 -0.000002  -0.000572 0.004562 -0.264948
107  0.591668 -0.460692 0.835206  -1.134576 -0.717293 -0.462339
108  1.556141 0.000004 0.000000  -0.178220 0.121881 0.438108
109  1.135907 0.000020 0.000004  0.004827 0.022557 0.396202
110  3.084272 -0.668822 -1.257085  -0.666830 0.043255 -0.487733
111  1.064198 -0.000003 0.000006  0.003766 0.083622 -0.584609
112  0.640335 0.000004 -0.000009  -0.000352 -0.001434 -0.169762
113  3.396824 -0.242139 -0.708689  -0.381718 -0.022043 -0.522960
114  1.532963 0.000006 0.000006  0.013633 -0.007332 -0.706327
115  0.832977 -0.000002 -0.000003  -0.000009 0.007359 -0.430493
116  4.209939 -0.440343 -1.019279  1.565975 2.023833 -0.184447
117  4.266747 1.424939 0.424938  1.590116 -0.050322 -0.690807
118  9.398572 0.011949 -0.082516  0.005381 0.046914 -0.202739
119  10.242444 0.028177 -0.062905  -1.687983 -0.090752 0.057742
120  3.465746 -0.067524 0.002267  0.032093 0.044648 -0.423147
121  1.655556 0.000006 0.000006  0.024891 0.112868 -0.466971
122  0.960907 0.000004 -0.000001  -0.000004 -0.004468 -0.216285
123  3.466851 -0.077779 -0.920910  -0.329987 0.034939 -0.386044
124  1.497266 -0.000035 -0.000022  -0.414600 0.020814 -0.047914
125  0.793789 -0.000007 -0.000001  -0.003598 0.010261 -0.258763
126  0.595076 -0.467148 -0.829176  2.438760 0.680474 -0.243149
127  1.555672 0.000010 -0.000003  0.314911 0.070848 0.436166
128  1.136812 -0.000010 -0.000000  0.014606 0.014493 0.384378
129  3.075968 -0.667964 1.277700  0.669253 -0.049614 -0.486272
130  1.064588 0.000018 0.000010  -0.015024 -0.091461 -0.583344
131  0.640364 -0.000012 -0.000004  0.000646 -0.000278 -0.169760
132  3.392412 -0.245366 0.728376  0.375990 0.013276 -0.523857
133  1.532736 -0.000010 -0.000001  -0.011784 0.008997 -0.706152
134  0.833151 0.000007 0.000005  0.000013 -0.009685 -0.430431
135  3.590113 -3.090295 1.193972  1.635457 1.210566 1.548541
136  3.589559 -3.089880 -1.196373  -1.505736 1.210473 -1.592853
137  -0.436557 4.719026 -0.001076  -0.000591 -1.570733 1.692996
138  -0.000000 2.775453 -0.000236  -0.135089 0.000001 -0.000000
139  -0.000000 3.189764 0.000008  0.207820 -0.000000 0.000000
140  -0.000000 3.504653 0.000045  -0.261876 0.000000 -0.000000
141  -0.000000 2.863196 -0.000002  -0.051268 0.000000 -0.000000
time 15
0  -0.000000 -0.444789 41.524681  1.570862 0.000000 0.000000
1  0.002636 43.025146 0.734438  0.000060 0.000127 0.000060
2  3.061857 -4.181010 -0.610804  -1.576836 -0.012448 -1.560884
3  18.476774 0.000159 -0.000001  -0.001647 -0.008084 0.123877
4  17.490086 0.000117 0.000003  0.183691 0.150321 -1.112635
5  -3.065330 -4.183575 -0.611480  -1.564806 -0.012486 -1.580759
6  18.474854 -0.000034 -0.000008  0.001600 0.008079 0.123840
7  17.489582 0.001916 -0.000006  -0.177097 -0.152052 -1.112162
8  -0.000117 -0.048881 -0.576226  1.570797 0.086303 1.570791
9  3.224479 0.767047 0.000496  -0.000001 0.000004 -0.028768
10  3.223909 0.226399 -0.001944  -0.000011 -0.000060 0.100383
11  5.187324 -1.262560 -0.001177  0.000012 0.000066 0.194111
12  6.928412 -1.935314 -0.000227  -3.141476 -0.000096 0.372954
13  3.236366 1.079613 0.000057  -0.000128 -0.000017 0.303162
14  0.833764 3.805350 0.692955  0.293038 -2.575130 1.490426
15  0.000041 6.792202 0.000040  0.028838 0.006623 -0.014709
16  -0.000067 7.744814 0.000015  -0.072468 -0.091379 -0.000119
17  0.000073 7.809702 0.000016  -0.028444 -0.003203 0.003240
18  -0.000024 7.867672 0.000017  -0.149958 0.019577 0.123293
19  3.494711 -1.749092 -3.006912  -3.050487 -0.067719 0.559006
20  0.000119 4.478321 0.000018  0.186158 0.024383 -0.084290
21  0.000048 4.636116 -0.000030  0.187768 0.230491 0.018203
22  -0.000046 5.008650 0.000013  -0.179089 -0.121340 -0.116574
23  0.000060 4.781163 0.000009  0.519536 2.927402 -0.155214
24  2.253042 1.989057 -3.350106  -2.842489 -0.469583 -0.491236
25  0.000165 6.589461 0.000173  0.122343 0.200181 0.182201
26  0.000041 7.491411 0.000053  -0.251493 0.127725 0.052217
27  0.000026 7.660303 -0.000060  0.056192 -0.024545 -0.058424
28  0.000011 7.256267 0.000019  0.021828 -0.417634 -0.248220
29  -0.791155 2.265118 -1.234655  0.376189 -2.442913 1.781309
30  -0.000257 8.572254 -0.000091  -0.151315 -0.347442 -0.138863
31  -0.000094 8.117212 0.000048  0.297398 0.518629 0.319408
32  -0.000082 8.230040 -0.000072  -0.288929 -0.032240 -0.005615
33  0.000060 7.366726 0.000053  -0.481206 -0.064396 0.181606
34  0.224220 0.240127 -3.218157  -3.043066 -0.286185 0.098799
35  -0.000103 7.721053 -0.000307  0.014982 0.184503 0.424333
36  -0.000034 7.374855 -0.000004  -0.096443 -0.023595 0.101132
37  0.000076 6.848101 0.000006  -0.006476 0.077702 0.087287
38  -0.000051 7.777859 0.000010  -0.059472 0.076938 0.070675
39  -1.514459 2.104648 -1.150167  0.190329 -2.704334 1.748779
40  -0.000168 6.982354 -0.000078  -0.144957 -0.281963 -0.141277
41  0.000039 8.382866 -0.000073  0.315415 0.467093 0.197555
42  0.000013 8.697701 -0.000027  -0.099498 -0.496170 -0.197729
43  0.000056 8.921808 -0.000003  0.217303 0.267449 -0.142951
44  1.196195 2.899153 -2.353086  -2.979185 -0.489533 -1.088837
45  0.000105 5.476950 0.000006  0.138544 0.136564 0.156302
46  -0.000073 6.060440 -0.000092  -0.315129 -0.521745 -0.008230
47  0.000018 5.994265 0.000029  0.075304 0.079808 -0.251422
48  -0.000006 6.100488 0.000001  0.138867 0.242580 0.063960
49  0.000034 6.916759 0.000010  0.036684 0.115206 0.032342
50  0.000151 6.435054 -0.000044  -0.020752 0.191342 0.124572
51  1.092802 3.649511 -1.738794  -0.148600 0.876612 1.445020
52  -0.000128 6.792208 -0.000103  0.008284 0.107792 -0.048643
53  -0.000087 7.744776 -0.000029  0.057137 -0.256893 0.015458
54  0.000085 9.115025 -0.000038  -0.020393 0.256253 -0.142636
55  3.494520 -1.749102 3.007064  3.105432 0.019778 -0.221953
56  0.000013 4.323833 0.000087  -0.445034 -0.880751 0.399289
57  0.000030 4.872900 -0.000021  -0.045832 -0.392073 0.219234
58  0.000006 5.056655 0.000100  0.344494 1.141870 -0.023140
59  2.292461 1.708612 3.661675  2.873631 0.226728 0.387023
60  -0.000169 6.589443 0.000275  -0.186599 -0.324046 0.031999
61  0.000177 7.491496 -0.000152  -0.174766 -0.579772 -0.100862
62  -0.000139 8.249658 0.000141  -0.006642 -0.026489 0.049677
63  0.000075 8.605228 -0.000026  -0.098903 0.563215 -0.081522
64  -0.240479 2.066074 2.349267  2.802598 0.297129 1.102310
65  -0.000082 7.721110 -0.000002  0.185496 -0.340469 -0.147411
66  -0.000124 7.374859 -0.000047  0.037721 -0.163780 -0.158236
67  -0.000037 6.848054 -0.000023  -0.295643 0.461314 0.045165
68  0.000034 7.777825 -0.000044  0.033686 0.172821 -0.097899
69  -0.000087 8.178036 0.000010  0.423400 -0.296149 0.137285
70  1.617603 3.431407 2.399265  2.957859 0.284582 1.246925
71  -0.000170 5.476948 -0.000028  -0.068092 0.095905 -0.023039
72  -0.000089 6.060501 -0.000004  0.150829 0.006529 -0.025174
73  0.000030 5.994248 0.000011  -0.127079 -0.262287 0.070572
74  -0.000075 7.076874 -0.000047  -0.036066 -0.020829 -0.006613
75  0.000004 7.089862 -0.000071  0.070875 0.098587 -0.025893
76  0.361120 0.886683 3.287746  2.805848 0.190674 0.699915
77  -0.000075 6.686637 0.000223  0.235512 0.236492 -0.224284
78  -0.000013 7.638015 0.000012  -0.123648 -0.206684 -0.053482
79  -0.000024 7.290236 -0.000024  -0.015665 0.002760 0.078228
80  -0.000039 6.530363 0.000004  0.123553 -0.446884 0.032944
81  0.000061 7.224873 0.000006  0.272216 0.340583 0.266231
82  1.071903 3.225796 1.570115  2.934970 -0.008227 1.462242
83  0.000411 6.748899 -0.000069  -0.023647 -0.041652 -0.060202
84  -0.000043 8.002648 0.000027  0.119731 -0.145387 0.030381
85  0.000011 8.580567 -0.000097  -0.328608 0.224093 0.075008
86  0.000170 8.689834 -0.000042  0.106407 -0.142465 0.238161
87  -1.514528 2.104638 0.318055  2.969273 -0.030187 1.657823
88  0.000191 6.982272 0.000012  0.221955 -0.177060 -0.037997
89  -0.000008 8.382889 -0.000068  -0.283154 0.223589 0.105771
90  -0.000060 8.697682 0.000026  -0.036581 -0.281096 0.367321
91  -0.000136 8.921822 0.000078  0.077035 -0.415968 0.646183
92  3.553616 -3.478046 2.409277  -2.940121 -0.396762 -1.021200
93  0.000001 4.476898 -0.000007  -0.374556 -0.587066 0.138796
94  0.000034 4.514122 -0.000021  0.575261 -2.645105 0.050158
95  0.000042 4.518389 -0.000023  0.680085 2.756965 0.166920
96  0.000022 3.598332 0.000024  0.380988 0.642351 0.128996
97  4.209924 -0.440347 1.018824  -1.577219 -2.025540 -0.171644
98  4.265504 1.434233 -0.404992  -1.589420 0.045546 -0.689159
99  9.400231 0.017941 0.083201  -0.006117 -0.046487 -0.202669
100  10.242415 0.033590 0.064479  1.697691 0.092009 0.064180
101  3.465859 -0.059679 0.016694  -0.025555 -0.048842 -0.423906
102  1.655591 -0.000021 0.000023  -0.025568 -0.114485 -0.467192
103  0.960766 -0.000004 -0.000007  -0.000000 0.003101 -0.216324
104  3.462033 -0.064246 0.939909  0.332571 -0.040088 -0.385572
105  1.497174 -0.000007 0.000021  -0.490561 -0.021262 -0.048814
106  0.793761 0.000004 -0.000002  -0.000572 0.004562 -0.264948
107  0.591668 -0.460692 0.835206  -1.134576 -0.717293 -0.462339
108  1.556141 0.000004 0.000000  -0.178220 0.121881 0.438108
109  1.135903 0.000020 0.000004  0.004827 0.022557 0.396202
110  3.084272 -0.668822 -1.257085  -0.666830 0.043255 -0.487733
111  1.064198 -0.000003 0.000006  0.003766 0.083622 -0.584609
112  0.640335 0.000004 -0.000009  -0.000352 -0.001434 -0.169762
113  3.396824 -0.242139 -0.708689  -0.381718 -0.022043 -0.522960
114  1.532963 0.000006 0.000006  0.013633 -0.007332 -0.706327
115  0.832977 -0.000002 -0.000003  -0.000009 0.007359 -0.430493
116  4.209939 -0.440343 -1.019279  1.565975 2.023833 -0.184447
117  4.266747 1.424939 0.424938  1.590116 -0.050322 -0.690807
118  9.398572 0.011949 -0.082516  0.005381 0.046914 -0.202739
119  10.242444 0.028177 -0.062905  -1.687983 -0.090752 0.057742
120  3.465746 -0.067524 0.002267  0.032093 0.044648 -0.423147
121  1.655556 0.000006 0.000006  0.024891 0.112868 -0.466971
122  0.960907 0.000004 -0.000001  -0.000004 -0.004468 -0.216285
123  3.466851 -0.077779 -0.920910  -0.329987 0.034939 -0.386044
124  1.497266 -0.000035 -0.000022  -0.414600 0.020814 -0.047914
125  0.793789 -0.000007 -0.000001  -0.003598 0.010261 -0.258763
126  0.595076 -0.467148 -0.829176  2.438760 0.680474 -0.243149
127  1.555672 0.000010 -0.000003  0.314911 0.070848 0.436166
128  1.136812 -0.000010 -0.000000  0.014606 0.014493 0.384378
129  3.075968 -0.667964 1.277700  0.669253 -0.049614 -0.486272
130  1.064588 0.000018 0.000010  -0.015024 -0.091461 -0.583344
131  0.640364 -0.000012 -0.000004  0.000646 -0.000278 -0.169760
132  3.392412 -0.245366 0.728376  0.375990 0.013276 -0.523857
133  1.532736 -0.000010 -0.000001  -0.011784 0.008997 -0.706152
134  0.833151 0.000007 0.000005  0.000013 -0.009685 -0.430431
135  3.590113 -3.090295 1.193972  1.635457 1.210566 1.548541
136  3.589559 -3.089880 -1.196373  -1.505736 1.210473 -1.592853
137  -0.436557 4.719026 -0.001076  -0.000591 -1.570733 1.692996
138  -0.000000 2.775453 -0.000236  -0.135089 0.000001 -0.000000
139  -0.000000 3.189764 0.000008  0.207820 -0.000000 0.000000
140  -0.000000 3.504653 0.000045  -0.261876 0.000000 -0.000000
141  -0.000000 2.863196 -0.000002  -0.051268 0.000000 -0.000000
time 16
0  -0.000000 -0.444789 41.524681  1.570862 0.000000 0.000000
1  0.002636 43.025146 0.734438  0.000060 0.000127 0.000060
2  3.061857 -4.181010 -0.610804  -1.576836 -0.012448 -1.560884
3  18.476774 0.000159 -0.000001  -0.001647 -0.008084 0.123877
4  17.490086 0.000117 0.000003  0.183691 0.150321 -1.112635
5  -3.065330 -4.183575 -0.611480  -1.564806 -0.012486 -1.580759
6  18.474854 -0.000034 -0.000008  0.001600 0.008079 0.123840
7  17.489582 0.001916 -0.000006  -0.177097 -0.152052 -1.112162
8  -0.000117 -0.048881 -0.576226  1.570797 0.086303 1.570791
9  3.224479 0.767047 0.000496  -0.000001 0.000004 -0.028768
10  3.223909 0.226399 -0.001944  -0.000011 -0.000060 0.100383
11  5.187324 -1.262560 -0.001177  0.000012 0.000066 0.194111
12  6.928412 -1.935314 -0.000227  -3.141476 -0.000096 0.372954
13  3.236366 1.079613 0.000057  -0.000128 -0.000017 0.303162
14  0.833764 3.805350 0.692955  0.293038 -2.575130 1.490426
15  0.000041 6.792202 0.000040  0.028838 0.006623 -0.014709
16  -0.000067 7.744814 0.000015  -0.072468 -0.091379 -0.000119
17  0.000073 7.809702 0.000016  -0.028444 -0.003203 0.003240
18  -0.000024 7.867672 0.000017  -0.149958 0.019577 0.123293
19  3.494711 -1.749092 -3.006912  -3.050487 -0.067719 0.559006
20  0.000119 4.478321 0.000018  0.186158 0.024383 -0.084290
21  0.000048 4.636116 -0.000030  0.187768 0.230491 0.018203
22  -0.000046 5.008650 0.000013  -0.179089 -0.121340 -0.116574
23  0.000056 4.781162 0.000010  0.519536 2.927402 -0.155214
24  2.253042 1.989057 -3.350106  -2.842489 -0.469583 -0.491236
25  0.000165 6.589461 0.000173  0.122343 0.200181 0.182201
26  0.000041 7.491411 0.000053  -0.251493 0.127725 0.052217
27  0.000026 7.660303 -0.000060  0.056192 -0.024545 -0.058424
28  0.000011 7.256267 0.000019  0.021828 -0.417634 -0.248220
29  -0.791155 2.265118 -1.234655  0.376189 -2.442913 1.781309
30  -0.000257 8.572254 -0.000091  -0.151315 -0.347442 -0.138863
31  -0.000094 8.117212 0.000048  0.297398 0.518629 0.319408
32  -0.000082 8.230040 -0.000072  -0.288929 -0.032240 -0.005615
33  0.000060 7.366726 0.000053  -0.481206 -0.064396 0.181606
34  0.224220 0.240127 -3.218157  -3.043066 -0.286185 0.098799
35  -0.000103 7.721053 -0.000307  0.014982 0.184503 0.424333
36  -0.000034 7.374855 -0.000004  -0.096443 -0.023595 0.101132
37  0.000076 6.848101 0.000006  -0.006476 0.077702 0.087287
38  -0.000051 7.777859 0.000010  -0.059472 0.076938 0.070675
39  -1.514459 2.104648 -1.150167  0.190329 -2.704334 1.748779
40  -0.000169 6.982350 -0.000076  -0.144957 -0.281963 -0.141277
41  0.000038 8.382866 -0.000073  0.315415 0.467093 0.197555
42  0.000013 8.697705 -0.000027  -0.099498 -0.496170 -0.197729
43  0.000055 8.921806 -0.000003  0.217303 0.267449 -0.142951
44  1.196195 2.899153 -2.353086  -2.979185 -0.489533 -1.088837
45  0.000105 5.476950 0.000006  0.138544 0.136564 0.156302
46  -0.000073 6.060440 -0.000092  -0.315129 -0.521745 -0.008230
47  0.000018 5.994265 0.000029  0.075304 0.079808 -0.251422
48  -0.000006 6.100488 0.000001  0.138867 0.242580 0.063960
49  0.000034 6.916759 0.000010  0.036684 0.115206 0.032342
50  0.000151 6.435054 -0.000044  -0.020752 0.191342 0.124572
51  1.092802 3.649511 -1.738794  -0.148600 0.876612 1.445020
52  -0.000128 6.792208 -0.000103  0.008284 0.107792 -0.048643
53  -0.000087 7.744776 -0.000029  0.057137 -0.256893 0.015458
54  0.000085 9.115025 -0.000038  -0.020393 0.256253 -0.142636
55  3.494520 -1.749102 3.007064  3.105432 0.019778 -0.221953
56  0.000013 4.323833 0.000087  -0.445034 -0.880751 0.399289
57  0.000030 4.872900 -0.000021  -0.045832 -0.392073 0.219234
58  0.000006 5.056655 0.000100  0.344494 1.141870 -0.023140
59  2.292461 1.708612 3.661675  2.873631 0.226728 0.387023
60  -0.000169 6.589443 0.000275  -0.186599 -0.324046 0.031999
61  0.000177 7.491496 -0.000152  -0.174766 -0.579772 -0.100862
62  -0.000139 8.249658 0.000141  -0.006642 -0.026489 0.049677
63  0.000075 8.605228 -0.000026  -0.098903 0.563215 -0.081522
64  -0.240479 2.066074 2.349267  2.802598 0.297129 1.102310
65  -0.000082 7.721110 -0.000002  0.185496 -0.340469 -0.147411
66  -0.000124 7.374859 -0.000047  0.037721 -0.163780 -0.158236
67  -0.000037 6.848054 -0.000023  -0.295643 0.461314 0.045165
68  0.000034 7.777825 -0.000044  0.033686 0.172821 -0.097899
69  -0.000087 8.178036 0.000010  0.423400 -0.296149 0.137285
70  1.617603 3.431407 2.399265  2.957859 0.284582 1.246925
71  -0.000170 5.476948 -0.000028  -0.068092 0.095905 -0.023039
72  -0.000089 6.060500 -0.000004  0.150829 0.006529 -0.025174
73  0.000030 5.994248 0.000011  -0.127079 -0.262287 0.070572
74  -0.000078 7.076873 -0.000047  -0.036066 -0.020829 -0.006613
75  0.000004 7.089862 -0.000070  0.070875 0.098587 -0.025893
76  0.361120 0.886683 3.287746  2.805848 0.190674 0.699915
77  -0.000079 6.686642 0.000223  0.235512 0.236492 -0.224284
78  -0.000013 7.638019 0.000012  -0.123648 -0.206684 -0.053483
79  -0.000020 7.290233 -0.000021  -0.015665 0.002760 0.078228
80  -0.000044 6.530368 0.000006  0.123553 -0.446884 0.032944
81  0.000062 7.224874 0.000006  0.272216 0.340583 0.266231
82  1.071903 3.225796 1.570115  2.934970 -0.008227 1.462242
83  0.000414 6.748899 -0.000067  -0.023647 -0.041652 -0.060202
84  -0.000046 8.002641 0.000028  0.119731 -0.145387 0.030381
85  0.000013 8.580568 -0.000097  -0.328608 0.224093 0.075008
86  0.000168 8.689834 -0.000041  0.106407 -0.142465 0.238161
87  -1.514528 2.104638 0.318055  2.969273 -0.030187 1.657823
88  0.000191 6.982272 0.000012  0.221955 -0.177060 -0.037997
89  -0.000008 8.382889 -0.000068  -0.283154 0.223589 0.105771
90  -0.000058 8.697676 0.000027  -0.036581 -0.281096 0.367321
91  -0.000136 8.921815 0.000080  0.077035 -0.415968 0.646183
92  3.553616 -3.478046 2.409277  -2.940121 -0.396762 -1.021200
93  0.000001 4.476898 -0.000007  -0.374556 -0.587066 0.138796
94  0.000034 4.514122 -0.000022  0.575261 -2.645105 0.050158
95  0.000044 4.518382 -0.000018  0.680085 2.756965 0.166920
96  0.000024 3.598325 0.000024  0.380988 0.642351 0.128996
97  4.209924 -0.440347 1.018824  -1.577219 -2.025540 -0.171644
98  4.265504 1.434233 -0.404992  -1.589420 0.045546 -0.689159
99  9.400231 0.017941 0.083201  -0.006117 -0.046487 -0.202669
100  10.242415 0.033590 0.064479  1.697691 0.092009 0.064180
101  3.465859 -0.059679 0.016694  -0.025555 -0.048842 -0.423906
102  1.655591 -0.000021 0.000023  -0.025568 -0.114485 -0.467192
103  0.960766 -0.000004 -0.000007  -0.000000 0.003101 -0.216324
104  3.462033 -0.064246 0.939909  0.332571 -0.040088 -0.385572
105  1.497174 -0.000007 0.000021  -0.490561 -0.021262 -0.048814
106  0.793761 0.000004 -0.000002  -0.000572 0.004562 -0.264948
107  0.591668 -0.460692 0.835206  -1.134576 -0.717293 -0.462339
108  1.556141 0.000004 0.000000  -0.178220 0.121881 0.438108
109  1.135903 0.000020 0.000004  0.004827 0.022557 0.396202
110  3.084272 -0.668822 -1.257085  -0.666830 0.043255 -0.487733
111  1.064198 -0.000003 0.000006  0.003766 0.083622 -0.584609
112  0.640335 0.000004 -0.000009  -0.000352 -0.001434 -0.169762
113  3.396824 -0.242139 -0.708689  -0.381718 -0.022043 -0.522960
114  1.532963 0.000006 0.000006  0.013633 -0.007332 -0.706327
115  0.832977 -0.000002 -0.000003  -0.000009 0.007359 -0.430493
116  4.209939 -0.440343 -1.019279  1.565975 2.023833 -0.184447
117  4.266747 1.424939 0.424938  1.590116 -0.050322 -0.690807
118  9.398572 0.011949 -0.082516  0.005381 0.046914 -0.202739
119  10.242444 0.028177 -0.062905  -1.687983 -0.090752 0.057742
120  3.465746 -0.067524 0.002267  0.032093 0.044648 -0.423147
121  1.655556 0.000006 0.000006  0.024891 0.112868 -0.466971
122  0.960907 0.000004 -0.000001  -0.000004 -0.004468 -0.216285
123  3.466851 -0.077779 -0.920910  -0.329987 0.034939 -0.386044
124  1.497266 -0.000035 -0.000022  -0.414600 0.020814 -0.047914
125  0.793789 -0.000007 -0.000001  -0.003598 0.010261 -0.258763
126  0.595076 -0.467148 -0.829176  2.438760 0.680474 -0.243149
127  1.555672 0.000010 -0.000003  0.314911 0.070848 0.436166
128  1.136812 -0.000010 -0.000000  0.014606 0.014493 0.384378
129  3.075968 -0.667964 1.277700  0.669253 -0.049614 -0.486272
130  1.064588 0.000018 0.000010  -0.015024 -0.091461 -0.583344
131  0.640364 -0.000012 -0.000004  0.000646 -0.000278 -0.169760
132  3.392412 -0.245366 0.728376  0.375990 0.013276 -0.523857
133  1.532736 -0.000010 -0.000001  -0.011784 0.008997 -0.706152
134  0.833151 0.000007 0.000005  0.000013 -0.009685 -0.430431
135  3.590113 -3.090295 1.193972  1.635457 1.210566 1.548541
136  3.589559 -3.089880 -1.196373  -1.505736 1.210473 -1.592853
137  -0.436557 4.719026 -0.001076  -0.000591 -1.570733 1.692996
138  -0.000000 2.775453 -0.000236  -0.135089 0.000001 -0.000000
139  -0.000000 3.189764 0.000008  0.207820 -0.000000 0.000000
140  -0.000000 3.504653 0.000045  -0.261876 0.000000 -0.000000
141  -0.000000 2.863196 -0.000002  -0.051268 0.000000 -0.000000
time 17
0  -0.000000 -0.444789 41.524681  1.570862 0.000000 0.000000
1  0.002636 43.025146 0.734438  0.000060 0.000127 0.000060
2  3.061857 -4.181010 -0.610804  -1.576836 -0.012448 -1.560884
3  18.476774 0.000159 -0.000001  -0.001647 -0.008084 0.123877
4  17.490086 0.000117 0.000003  0.183691 0.150321 -1.112635
5  -3.065330 -4.183575 -0.611480  -1.564806 -0.012486 -1.580759
6  18.474854 -0.000034 -0.000008  0.001600 0.008079 0.123840
7  17.489582 0.001916 -0.000006  -0.177097 -0.152052 -1.112162
8  -0.000117 -0.048881 -0.576226  1.570797 0.086303 1.570791
9  3.224479 0.767047 0.000496  -0.000001 0.000004 -0.028768
10  3.223909 0.226399 -0.001944  -0.000011 -0.000060 0.100383
11  5.187324 -1.262560 -0.001177  0.000012 0.000066 0.194111
12  6.928412 -1.935314 -0.000227  -3.141476 -0.000096 0.372954
13  3.236366 1.079613 0.000057  -0.000128 -0.000017 0.303162
14  0.833764 3.805350 0.692955  0.293038 -2.575130 1.490426
15  0.000041 6.792202 0.000040  0.028838 0.006623 -0.014709
16  -0.000067 7.744814 0.000015  -0.072468 -0.091379 -0.000119
17  0.000073 7.809702 0.000016  -0.028444 -0.003203 0.003240
18  -0.000024 7.867672 0.000017  -0.149958 0.019577 0.123293
19  3.494711 -1.749092 -3.006912  -3.050487 -0.067719 0.559006
20  0.000119 4.478321 0.000018  0.186158 0.024383 -0.084290
21  0.000048 4.636116 -0.000030  0.187768 0.230491 0.018203
22  -0.000046 5.008650 0.000013  -0.179089 -0.121340 -0.116574
23  0.000061 4.781167 0.000009  0.519535 2.927402 -0.155214
24  2.253042 1.989057 -3.350106  -2.842489 -0.469583 -0.491236
25  0.000165 6.589461 0.000173  0.122343 0.200181 0.182201
26  0.000041 7.491411 0.000053  -0.251493 0.127725 0.052217
27  0.000026 7.660303 -0.000060  0.056192 -0.024545 -0.058424
28  0.000011 7.256267 0.000019  0.021828 -0.417634 -0.248220
29  -0.791155 2.265118 -1.234655  0.376189 -2.442913 1.781309
30  -0.000257 8.572254 -0.000091  -0.151315 -0.347442 -0.138863
31  -0.000094 8.117212 0.000048  0.297398 0.518629 0.319408
32  -0.000082 8.230040 -0.000072  -0.288929 -0.032240 -0.005615
33  0.000060 7.366726 0.000053  -0.481206 -0.064396 0.181606
34  0.224220 0.240127 -3.218157  -3.043066 -0.286185 0.098799
35  -0.000103 7.721053 -0.000307  0.014982 0.184503 0.424333
36  -0.000034 7.374855 -0.000004  -0.096443 -0.023595 0.101132
37  0.000076 6.848101 0.000006  -0.006476 0.077702 0.087287
38  -0.000051 7.777859 0.000010  -0.059472 0.076938 0.070675
39  -1.514459 2.104648 -1.150167  0.190329 -2.704334 1.748779
40  -0.000167 6.982354 -0.000078  -0.144957 -0.281963 -0.141277
41  0.000039 8.382866 -0.000073  0.315415 0.467093 0.197555
42  0.000013 8.697701 -0.000026  -0.099498 -0.496170 -0.197729
43  0.000056 8.921810 -0.000004  0.217303 0.267449 -0.142951
44  1.196195 2.899153 -2.353086  -2.979185 -0.489533 -1.088837
45  0.000105 5.476950 0.000006  0.138544 0.136564 0.156302
46  -0.000073 6.060440 -0.000092  -0.315129 -0.521745 -0.008230
47  0.000018 5.994265 0.000029  0.075304 0.079808 -0.251422
48  -0.000006 6.100488 0.000001  0.138867 0.242580 0.063960
49  0.000034 6.916759 0.000010  0.036684 0.115206 0.032342
50  0.000151 6.435054 -0.000044  -0.020752 0.191342 0.124572
51  1.092802 3.649511 -1.738794  -0.148600 0.876612 1.445020
52  -0.000128 6.792208 -0.000103  0.008284 0.107792 -0.048643
53  -0.000087 7.744776 -0.000029  0.057137 -0.256893 0.015458
54  0.000085 9.115025 -0.000038  -0.020393 0.256253 -0.142636
55  3.494520 -1.749102 3.007064  3.105432 0.019778 -0.221953
56  0.000013 4.323833 0.000087  -0.445034 -0.880751 0.399289
57  0.000030 4.872900 -0.000021  -0.045832 -0.392073 0.219234
58  0.000006 5.056655 0.000100  0.344494 1.141870 -0.023140
59  2.292461 1.708612 3.661675  2.873631 0.226728 0.387023
60  -0.000169 6.589443 0.000275  -0.186599 -0.324046 0.031999
61  0.000177 7.491496 -0.000152  -0.174766 -0.579772 -0.100862
62  -0.000139 8.249658 0.000141  -0.006642 -0.026489 0.049677
63  0.000075 8.605228 -0.000026  -0.098903 0.563215 -0.081522
64  -0.240479 2.066074 2.349267  2.802598 0.297129 1.102310
65  -0.000082 7.721110 -0.000002  0.185496 -0.340469 -0.147411
66  -0.000120 7.374859 -0.000051  0.037721 -0.163780 -0.158237
67  -0.000037 6.848054 -0.000023  -0.295643 0.461314 0.045165
68  0.000032 7.777825 -0.000045  0.033686 0.172821 -0.097899
69  -0.000085 8.178042 0.000011  0.423400 -0.296149 0.137285
70  1.617603 3.431407 2.399265  2.957859 0.284582 1.246925
71  -0.000170 5.476948 -0.000028  -0.068092 0.095905 -0.023039
72  -0.000089 6.060500 -0.000005  0.150829 0.006529 -0.025174
73  0.000029 5.994248 0.000011  -0.127079 -0.262287 0.070572
74  -0.000079 7.076873 -0.000048  -0.036066 -0.020829 -0.006613
75  0.000005 7.089869 -0.000069  0.070875 0.098587 -0.025893
76  0.361120 0.886683 3.287746  2.805848 0.190674 0.699915
77  -0.000079 6.686642 0.000223  0.235511 0.236492 -0.224284
78  -0.000012 7.638016 0.000012  -0.123648 -0.206684 -0.053483
79  -0.000033 7.290236 -0.000021  -0.015665 0.002760 0.078228
80  -0.000032 6.530362 0.000005  0.123553 -0.446884 0.032944
81  0.000062 7.224880 0.000009  0.272216 0.340584 0.266231
82  1.071903 3.225796 1.570115  2.934970 -0.008227 1.462242
83  0.000414 6.748899 -0.000067  -0.023647 -0.041652 -0.060202
84  -0.000046 8.002641 0.000028  0.119731 -0.145387 0.030381
85  0.000013 8.580568 -0.000097  -0.328608 0.224093 0.075008
86  0.000168 8.689834 -0.000041  0.106407 -0.142465 0.238161
87  -1.514528 2.104638 0.318055  2.969273 -0.030187 1.657823
88  0.000191 6.982272 0.000012  0.221955 -0.177060 -0.037997
89  -0.000008 8.382889 -0.000068  -0.283154 0.223589 0.105771
90  -0.000057 8.697683 0.000024  -0.036581 -0.281096 0.367321
91  -0.000132 8.921822 0.000077  0.077035 -0.415968 0.646183
92  3.553616 -3.478046 2.409277  -2.940121 -0.396762 -1.021200
93  0.000001 4.476898 -0.000007  -0.374556 -0.587066 0.138796
94  0.000033 4.514122 -0.000023  0.575261 -2.645105 0.050158
95  0.000043 4.518385 -0.000023  0.680085 2.756965 0.166920
96  0.000022 3.598325 0.000023  0.380988 0.642351 0.128996
97  4.209924 -0.440347 1.018824  -1.577219 -2.025540 -0.171644
98  4.265504 1.434233 -0.404992  -1.589420 0.045546 -0.689159
99  9.400231 0.017941 0.083201  -0.006117 -0.046487 -0.202669
100  10.242415 0.033590 0.064479  1.697691 0.092009 0.064180
101  3.465859 -0.059679 0.016694  -0.025555 -0.048842 -0.423906
102  1.655591 -0.000021 0.000023  -0.025568 -0.114485 -0.467192
103  0.960766 -0.000004 -0.000007  -0.000000 0.003101 -0.216324
104  3.462033 -0.064246 0.939909  0.332571 -0.040088 -0.385572
105  1.497174 -0.000007 0.000021  -0.490561 -0.021262 -0.048814
106  0.793761 0.000004 -0.000002  -0.000572 0.004562 -0.264948
107  0.591668 -0.460692 0.835206  -1.134576 -0.717293 -0.462339
108  1.556141 0.000004 0.000000  -0.178220 0.121881 0.438108
109  1.135907 0.000020 0.000004  0.004827 0.022557 0.396202
110  3.084272 -0.668822 -1.257085  -0.666830 0.043255 -0.487733
111  1.064198 -0.000003 0.000006  0.003766 0.083622 -0.584609
112  0.640335 0.000004 -0.000009  -0.000352 -0.001434 -0.169762
113  3.396824 -0.242139 -0.708689  -0.381718 -0.022043 -0.522960
114  1.532963 0.000006 0.000006  0.013633 -0.007332 -0.706327
115  0.832977 -0.000002 -0.000003  -0.000009 0.007359 -0.430493
116  4.209939 -0.440343 -1.019279  1.565975 2.023833 -0.184447
117  4.266747 1.424939 0.424938  1.590116 -0.050322 -0.690807
118  9.398572 0.011949 -0.082516  0.005381 0.046914 -0.202739
119  10.242444 0.028177 -0.062905  -1.687983 -0.090752 0.057742
120  3.465746 -0.067524 0.002267  0.032093 0.044648 -0.423147
121  1.655556 0.000006 0.000006  0.024891 0.112868 -0.466971
122  0.960907 0.000004 -0.000001  -0.000004 -0.004468 -0.216285
123  3.466851 -0.077779 -0.920910  -0.329987 0.034939 -0.386044
124  1.497266 -0.000035 -0.000022  -0.414600 0.020814 -0.047914
125  0.793789 -0.000007 -0.000001  -0.003598 0.010261 -0.258763
126  0.595076 -0.467148 -0.829176  2.438760 0.680474 -0.243149
127  1.555672 0.000010 -0.000003  0.314911 0.070848 0.436166
128  1.136812 -0.000010 -0.000000  0.014606 0.014493 0.384378
129  3.075968 -0.667964 1.277700  0.669253 -0.049614 -0.486272
130  1.064588 0.000018 0.000010  -0.015024 -0.091461 -0.583344
131  0.640364 -0.000012 -0.000004  0.000646 -0.000278 -0.169760
132  3.392412 -0.245366 0.728376  0.375990 0.013276 -0.523857
133  1.532736 -0.000010 -0.000001  -0.011784 0.008997 -0.706152
134  0.833151 0.000007 0.000005  0.000013 -0.009685 -0.430431
135  3.590113 -3.090295 1.193972  1.635457 1.210566 1.548541
136  3.589559 -3.089880 -1.196373  -1.505736 1.210473 -1.592853
137  -0.436557 4.719026 -0.001076  -0.000591 -1.570733 1.692996
138  -0.000000 2.775453 -0.000236  -0.135089 0.000001 -0.000000
139  -0.000000 3.189764 0.000008  0.207820 -0.000000 0.000000
140  -0.000000 3.504653 0.000045  -0.261876 0.000000 -0.000000
141  -0.000000 2.863196 -0.000002  -0.051268 0.000000 -0.000000
time 18
0  -0.000000 -0.444789 41.524681  1.570862 0.000000 0.000000
1  0.002636 43.025146 0.734438  0.000060 0.000127 0.000060
2  3.061857 -4.181010 -0.610804  -1.576836 -0.012448 -1.560884
3  18.476774 0.000159 -0.000001  -0.001647 -0.008084 0.123877
4  17.490086 0.000117 0.000003  0.183691 0.150321 -1.112635
5  -3.065330 -4.183575 -0.611480  -1.564806 -0.012486 -1.580759
6  18.474854 -0.000034 -0.000008  0.001600 0.008079 0.123840
7  17.489582 0.001916 -0.000006  -0.177097 -0.152052 -1.112162
8  -0.000117 -0.048881 -0.576226  1.570797 0.086303 1.570791
9  3.224479 0.767047 0.000496  -0.000001 0.000004 -0.028768
10  3.223909 0.226399 -0.001944  -0.000011 -0.000060 0.100383
11  5.187324 -1.262560 -0.001177  0.000012 0.000066 0.194111
12  6.928412 -1.935314 -0.000227  -3.141476 -0.000096 0.372954
13  3.236366 1.079613 0.000057  -0.000128 -0.000017 0.303162
14  0.833764 3.805350 0.692955  0.293038 -2.575130 1.490426
15  0.000041 6.792202 0.000040  0.028838 0.006623 -0.014709
16  -0.000067 7.744814 0.000015  -0.072468 -0.091379 -0.000119
17  0.000073 7.809702 0.000016  -0.028444 -0.003203 0.003240
18  -0.000024 7.867672 0.000017  -0.149958 0.019577 0.123293
19  3.494711 -1.749092 -3.006912  -3.050487 -0.067719 0.559006
20  0.000119 4.478321 0.000018  0.186158 0.024383 -0.084290
21  0.000048 4.636116 -0.000030  0.187768 0.230491 0.018203
22  -0.000046 5.008650 0.000013  -0.179089 -0.121340 -0.116574
23  0.000061 4.781164 0.000008  0.519535 2.927402 -0.155214
24  2.253042 1.989057 -3.350106  -2.842489 -0.469583 -0.491236
25  0.000165 6.589461 0.000173  0.122343 0.200181 0.182201
26  0.000041 7.491411 0.000053  -0.251493 0.127725 0.052217
27  0.000026 7.660303 -0.000060  0.056192 -0.024545 -0.058424
28  0.000011 7.256267 0.000019  0.021828 -0.417634 -0.248220
29  -0.791155 2.265118 -1.234655  0.376189 -2.442913 1.781309
30  -0.000257 8.572254 -0.000091  -0.151315 -0.347442 -0.138863
31  -0.000094 8.117212 0.000048  0.297398 0.518629 0.319408
32  -0.000082 8.230040 -0.000072  -0.288929 -0.032240 -0.005615
33  0.000060 7.366726 0.000053  -0.481206 -0.064396 0.181606
34  0.224220 0.240127 -3.218157  -3.043066 -0.286185 0.098799
35  -0.000103 7.721053 -0.000307  0.014982 0.184503 0.424333
36  -0.000034 7.374855 -0.000004  -0.096443 -0.023595 0.101132
37  0.000076 6.848101 0.000006  -0.006476 0.077702 0.087287
38  -0.000051 7.777859 0.000010  -0.059472 0.076938 0.070675
39  -1.514459 2.104648 -1.150167  0.190329 -2.704334 1.748779
40  -0.000169 6.982350 -0.000076  -0.144957 -0.281963 -0.141277
41  0.000038 8.382866 -0.000073  0.315415 0.467093 0.197555
42  0.000013 8.697705 -0.000028  -0.099498 -0.496169 -0.197729
43  0.000056 8.921807 -0.000003  0.217303 0.267449 -0.142951
44  1.196195 2.899153 -2.353086  -2.979185 -0.489533 -1.088837
45  0.000105 5.476950 0.000006  0.138544 0.136564 0.156302
46  -0.000073 6.060440 -0.000092  -0.315129 -0.521745 -0.008230
47  0.000018 5.994265 0.000029  0.075304 0.079808 -0.251422
48  -0.000006 6.100488 0.000001  0.138867 0.242580 0.063960
49  0.000034 6.916759 0.000010  0.036684 0.115206 0.032342
50  0.000151 6.435054 -0.000044  -0.020752 0.191342 0.124572
51  1.092802 3.649511 -1.738794  -0.148600 0.876612 1.445020
52  -0.000128 6.792208 -0.000103  0.008284 0.107792 -0.048643
53  -0.000087 7.744776 -0.000029  0.057137 -0.256893 0.015458
54  0.000085 9.115025 -0.000038  -0.020393 0.256253 -0.142636
55  3.494520 -1.749102 3.007064  3.105432 0.019778 -0.221953
56  0.000013 4.323833 0.000087  -0.445034 -0.880751 0.399289
57  0.000030 4.872900 -0.000021  -0.045832 -0.392073 0.219234
58  0.000006 5.056655 0.000100  0.344494 1.141870 -0.023140
59  2.292461 1.708612 3.661675  2.873631 0.226728 0.387023
60  -0.000169 6.589443 0.000275  -0.186599 -0.324046 0.031999
61  0.000177 7.491496 -0.000152  -0.174766 -0.579772 -0.100862
62  -0.000139 8.249658 0.000141  -0.006642 -0.026489 0.049677
63  0.000075 8.605228 -0.000026  -0.098903 0.563215 -0.081522
64  -0.240479 2.066074 2.349267  2.802598 0.297129 1.102310
65  -0.000082 7.721110 -0.000002  0.185496 -0.340469 -0.147411
66  -0.000124 7.374859 -0.000047  0.037721 -0.163780 -0.158236
67  -0.000037 6.848054 -0.000023  -0.295643 0.461314 0.045165
68  0.000034 7.777825 -0.000044  0.033686 0.172821 -0.097899
69  -0.000087 8.178036 0.000010  0.423400 -0.296149 0.137285
70  1.617603 3.431407 2.399265  2.957859 0.284582 1.246925
71  -0.000170 5.476948 -0.000028  -0.068092 0.095905 -0.023039
72  -0.000089 6.060500 -0.000004  0.150829 0.006529 -0.025174
73  0.000030 5.994248 0.000011  -0.127079 -0.262287 0.070572
74  -0.000078 7.076873 -0.000047  -0.036066 -0.020829 -0.006613
75  0.000004 7.089862 -0.000070  0.070875 0.098587 -0.025893
76  0.361120 0.886683 3.287746  2.805848 0.190674 0.699915
77  -0.000071 6.686638 0.000222  0.235511 0.236492 -0.224284
78  -0.000009 7.638019 0.000013  -0.123648 -0.206684 -0.053483
79  -0.000026 7.290234 -0.000022  -0.015665 0.002760 0.078228
80  -0.000038 6.530359 0.000005  0.123553 -0.446884 0.032944
81  0.000059 7.224874 0.000007  0.272216 0.340584 0.266231
82  1.071903 3.225796 1.570115  2.934970 -0.008227 1.462242
83  0.000411 6.748899 -0.000069  -0.023647 -0.041652 -0.060202
84  -0.000043 8.002648 0.000027  0.119731 -0.145387 0.030381
85  0.000011 8.580567 -0.000097  -0.328608 0.224093 0.075008
86  0.000170 8.689834 -0.000042  0.106407 -0.142465 0.238161
87  -1.514528 2.104638 0.318055  2.969273 -0.030187 1.657823
88  0.000191 6.982272 0.000012  0.221955 -0.177060 -0.037997
89  -0.000008 8.382889 -0.000068  -0.283155 0.223589 0.105771
90  -0.000057 8.697683 0.000026  -0.036581 -0.281096 0.367321
91  -0.000136 8.921823 0.000077  0.077035 -0.415968 0.646183
92  3.553616 -3.478046 2.409277  -2.940121 -0.396762 -1.021200
93  0.000001 4.476898 -0.000007  -0.374556 -0.587066 0.138796
94  0.000034 4.514122 -0.000021  0.575261 -2.645105 0.050158
95  0.000042 4.518385 -0.000023  0.680085 2.756965 0.166920
96  0.000023 3.598328 0.000022  0.380988 0.642351 0.128996
97  4.209924 -0.440347 1.018824  -1.577219 -2.025540 -0.171644
98  4.265504 1.434233 -0.404992  -1.589420 0.045546 -0.689159
99  9.400231 0.017941 0.083201  -0.006117 -0.046487 -0.202669
100  10.242415 0.033590 0.064479  1.697691 0.092009 0.064180
101  3.465859 -0.059679 0.016694  -0.025555 -0.048842 -0.423906
102  1.655591 -0.000021 0.000023  -0.025568 -0.114485 -0.467192
103  0.960766 -0.000004 -0.000007  -0.000000 0.003101 -0.216324
104  3.462033 -0.064246 0.939909  0.332571 -0.040088 -0.385572
105  1.497174 -0.000007 0.000021  -0.490561 -0.021262 -0.048814
106  0.793761 0.000004 -0.000002  -0.000572 0.004562 -0.264948
107  0.591668 -0.460692 0.835206  -1.134576 -0.717293 -0.462339
108  1.556141 0.000004 0.000000  -0.178220 0.121881 0.438108
109  1.135907 0.000019 0.000004  0.004827 0.022557 0.396202
110  3.084272 -0.668822 -1.257085  -0.666830 0.043255 -0.487733
111  1.064198 -0.000003 0.000006  0.003766 0.083622 -0.584609
112  0.640335 0.000004 -0.000009  -0.000352 -0.001434 -0.169762
113  3.396824 -0.242139 -0.708689  -0.381718 -0.022043 -0.522960
114  1.532963 0.000006 0.000006  0.013633 -0.007332 -0.706327
115  0.832977 -0.000002 -0.000003  -0.000009 0.007359 -0.430493
116  4.209939 -0.440343 -1.019279  1.565975 2.023833 -0.184447
117  4.266747 1.424939 0.424938  1.590116 -0.050322 -0.690807
118  9.398572 0.011949 -0.082516  0.005381 0.046914 -0.202739
119  10.242444 0.028177 -0.062905  -1.687983 -0.090752 0.057742
120  3.465746 -0.067524 0.002267  0.032093 0.044648 -0.423147
121  1.655556 0.000006 0.000006  0.024891 0.112868 -0.466971
122  0.960907 0.000004 -0.000001  -0.000004 -0.004468 -0.216285
123  3.466851 -0.077779 -0.920910  -0.329987 0.034939 -0.386044
124  1.497266 -0.000035 -0.000022  -0.414600 0.020814 -0.047914
125  0.793789 -0.000007 -0.000001  -0.003598 0.010261 -0.258763
126  0.595076 -0.467148 -0.829176  2.438760 0.680474 -0.243149
127  1.555672 0.000010 -0.000003  0.314911 0.070848 0.436166
128  1.136812 -0.000010 -0.000000  0.014606 0.014493 0.384378
129  3.075968 -0.667964 1.277700  0.669253 -0.049614 -0.486272
130  1.064588 0.000018 0.000010  -0.015024 -0.091461 -0.583344
131  0.640364 -0.000012 -0.000004  0.000646 -0.000278 -0.169760
132  3.392412 -0.245366 0.728376  0.375990 0.013276 -0.523857
133  1.532736 -0.000010 -0.000001  -0.011784 0.008997 -0.706152
134  0.833151 0.000007 0.000005  0.000013 -0.009685 -0.430431
135  3.590113 -3.090295 1.193972  1.635457 1.210566 1.548541
136  3.589559 -3.089880 -1.196373  -1.505736 1.210473 -1.592853
137  -0.436557 4.719026 -0.001076  -0.000591 -1.570733 1.692996
138  -0.000000 2.775453 -0.000236  -0.135089 0.000001 -0.000000
139  -0.000000 3.189764 0.000008  0.207820 -0.000000 0.000000
140  -0.000000 3.504653 0.000045  -0.261876 0.000000 -0.000000
141  -0.000000 2.863196 -0.000002  -0.051268 0.000000 -0.000000
time 19
0  -0.000000 -0.444789 41.524681  1.570862 0.000000 0.000000
1  0.002636 43.025146 0.734438  0.000060 0.000127 0.000060
2  3.061857 -4.181010 -0.610804  -1.576836 -0.012448 -1.560884
3  18.476774 0.000159 -0.000001  -0.001647 -0.008084 0.123877
4  17.490086 0.000117 0.000003  0.183691 0.150321 -1.112635
5  -3.065330 -4.183575 -0.611480  -1.564806 -0.012486 -1.580759
6  18.474854 -0.000034 -0.000008  0.001600 0.008079 0.123840
7  17.489582 0.001916 -0.000006  -0.177097 -0.152052 -1.112162
8  -0.000117 -0.048881 -0.576226  1.570797 0.086303 1.570791
9  3.224479 0.767047 0.000496  -0.000001 0.000004 -0.028768
10  3.223909 0.226399 -0.001944  -0.000011 -0.000060 0.100383
11  5.187324 -1.262560 -0.001177  0.000012 0.000066 0.194111
12  6.928412 -1.935314 -0.000227  -3.141476 -0.000096 0.372954
13  3.236366 1.079613 0.000057  -0.000128 -0.000017 0.303162
14  0.833764 3.805350 0.692955  0.293038 -2.575130 1.490426
15  0.000041 6.792202 0.000040  0.028838 0.006623 -0.014709
16  -0.000067 7.744814 0.000015  -0.072468 -0.091379 -0.000119
17  0.000073 7.809702 0.000016  -0.028444 -0.003203 0.003240
18  -0.000024 7.867672 0.000017  -0.149958 0.019577 0.123293
19  3.494711 -1.749092 -3.006912  -3.050487 -0.067719 0.559006
20  0.000119 4.478321 0.000018  0.186158 0.024383 -0.084290
21  0.000048 4.636116 -0.000030  0.187768 0.230491 0.018203
22  -0.000046 5.008650 0.000013  -0.179089 -0.121340 -0.116574
23  0.000056 4.781160 0.000010  0.519535 2.927402 -0.155214
24  2.253042 1.989057 -3.350106  -2.842489 -0.469583 -0.491236
25  0.000165 6.589461 0.000173  0.122343 0.200181 0.182201
26  0.000041 7.491411 0.000053  -0.251493 0.127725 0.052217
27  0.000026 7.660303 -0.000060  0.056192 -0.024545 -0.058424
28  0.000011 7.256267 0.000019  0.021828 -0.417634 -0.248220
29  -0.791155 2.265118 -1.234655  0.376189 -2.442913 1.781309
30  -0.000257 8.572254 -0.000091  -0.151315 -0.347442 -0.138863
31  -0.000094 8.117212 0.000048  0.297398 0.518629 0.319408
32  -0.000082 8.230040 -0.000072  -0.288929 -0.032240 -0.005615
33  0.000060 7.366726 0.000053  -0.481206 -0.064396 0.181606
34  0.224220 0.240127 -3.218157  -3.043066 -0.286185 0.098799
35  -0.000103 7.721053 -0.000307  0.014982 0.184503 0.424333
36  -0.000034 7.374855 -0.000004  -0.096443 -0.023595 0.101132
37  0.000076 6.848101 0.000006  -0.006476 0.077702 0.087287
38  -0.000051 7.777859 0.000010  -0.059472 0.076938 0.070675
39  -1.514459 2.104648 -1.150167  0.190329 -2.704334 1.748779
40  -0.000168 6.982354 -0.000078  -0.144957 -0.281963 -0.141277
41  0.000039 8.382866 -0.000073  0.315415 0.467093 0.197555
42  0.000013 8.697701 -0.000027  -0.099498 -0.496170 -0.197729
43  0.000056 8.921810 -0.000004  0.217303 0.267449 -0.142951
44  1.196195 2.899153 -2.353086  -2.979185 -0.489533 -1.088837
45  0.000105 5.476950 0.000006  0.138544 0.136564 0.156302
46  -0.000073 6.060440 -0.000092  -0.315129 -0.521745 -0.008230
47  0.000018 5.994265 0.000029  0.075304 0.079808 -0.251422
48  -0.000006 6.100488 0.000001  0.138867 0.242580 0.063960
49  0.000034 6.916759 0.000010  0.036684 0.115206 0.032342
50  0.000151 6.435054 -0.000044  -0.020752 0.191342 0.124572
51  1.092802 3.649511 -1.738794  -0.148600 0.876612 1.445020
52  -0.000128 6.792208 -0.000103  0.008284 0.107792 -0.048643
53  -0.000087 7.744776 -0.000029  0.057137 -0.256893 0.015458
54  0.000085 9.115025 -0.000038  -0.020393 0.256253 -0.142636
55  3.494520 -1.749102 3.007064  3.105432 0.019778 -0.221953
56  0.000013 4.323833 0.000087  -0.445034 -0.880751 0.399289
57  0.000030 4.872900 -0.000021  -0.045832 -0.392073 0.219234
58  0.000006 5.056655 0.000100  0.344494 1.141870 -0.023140
59  2.292461 1.708612 3.661675  2.873631 0.226728 0.387023
60  -0.000169 6.589443 0.000275  -0.186599 -0.324046 0.031999
61  0.000177 7.491496 -0.000152  -0.174766 -0.579772 -0.100862
62  -0.000139 8.249658 0.000141  -0.006642 -0.026489 0.049677
63  0.000075 8.605228 -0.000026  -0.098903 0.563215 -0.081522
64  -0.240479 2.066074 2.349267  2.802598 0.297129 1.102310
65  -0.000082 7.721110 -0.000002  0.185496 -0.340469 -0.147411
66  -0.000124 7.374859 -0.000047  0.037721 -0.163780 -0.158236
67  -0.000037 6.848054 -0.000023  -0.295643 0.461314 0.045165
68  0.000034 7.777825 -0.000044  0.033686 0.172821 -0.097899
69  -0.000087 8.178036 0.000010  0.423400 -0.296149 0.137285
70  1.617603 3.431407 2.399265  2.957859 0.284582 1.246925
71  -0.000170 5.476948 -0.000028  -0.068092 0.095905 -0.023039
72  -0.000089 6.060500 -0.000005  0.150829 0.006529 -0.025174
73  0.000029 5.994248 0.000011  -0.127079 -0.262287 0.070572
74  -0.000079 7.076873 -0.000048  -0.036066 -0.020829 -0.006613
75  0.000005 7.089869 -0.000069  0.070875 0.098587 -0.025893
76  0.361120 0.886683 3.287746  2.805848 0.190674 0.699915
77  -0.000075 6.686637 0.000223  0.235511 0.236492 -0.224284
78  -0.000020 7.638011 0.000012  -0.123648 -0.206684 -0.053483
79  -0.000028 7.290226 -0.000024  -0.015665 0.002760 0.078228
80  -0.000035 6.530359 0.000006  0.123553 -0.446884 0.032944
81  0.000063 7.224884 0.000006  0.272216 0.340584 0.266231
82  1.071903 3.225796 1.570115  2.934970 -0.008227 1.462242
83  0.000414 6.748899 -0.000067  -0.023647 -0.041652 -0.060202
84  -0.000046 8.002641 0.000028  0.119731 -0.145387 0.030381
85  0.000013 8.580568 -0.000097  -0.328608 0.224093 0.075008
86  0.000168 8.689834 -0.000041  0.106407 -0.142465 0.238161
87  -1.514528 2.104638 0.318055  2.969273 -0.030187 1.657823
88  0.000191 6.982272 0.000012  0.221955 -0.177060 -0.037997
89  -0.000008 8.382889 -0.000068  -0.283155 0.223589 0.105771
90  -0.000055 8.697683 0.000027  -0.036581 -0.281096 0.367321
91  -0.000131 8.921822 0.000078  0.077035 -0.415968 0.646183
92  3.553616 -3.478046 2.409277  -2.940121 -0.396762 -1.021200
93  0.000001 4.476898 -0.000007  -0.374556 -0.587066 0.138796
94  0.000034 4.514122 -0.000022  0.575261 -2.645105 0.050158
95  0.000042 4.518382 -0.000021  0.680085 2.756965 0.166920
96  0.000023 3.598325 0.000023  0.380988 0.642351 0.128996
97  4.209924 -0.440347 1.018824  -1.577219 -2.025540 -0.171644
98  4.265504 1.434233 -0.404992  -1.589420 0.045546 -0.689159
99  9.400231 0.017941 0.083201  -0.006117 -0.046487 -0.202669
100  10.242415 0.033590 0.064479  1.697691 0.092009 0.064180
101  3.465859 -0.059679 0.016694  -0.025555 -0.048842 -0.423906
102  1.655591 -0.000021 0.000023  -0.025568 -0.114485 -0.467192
103  0.960766 -0.000004 -0.000007  -0.000000 0.003101 -0.216324
104  3.462033 -0.064246 0.939909  0.332571 -0.040088 -0.385572
105  1.497174 -0.000007 0.000021  -0.490561 -0.021262 -0.048814
106  0.793761 0.000004 -0.000002  -0.000572 0.004562 -0.264948
107  0.591668 -0.460692 0.835206  -1.134576 -0.717293 -0.462339
108  1.556141 0.000004 0.000000  -0.178220 0.121881 0.438108
109  1.135907 0.000020 0.000004  0.004827 0.022557 0.396202
110  3.084272 -0.668822 -1.257085  -0.666830 0.043255 -0.487733
111  1.064198 -0.000003 0.000006  0.003766 0.083622 -0.584609
112  0.640335 0.000004 -0.000009  -0.000352 -0.001434 -0.169762
113  3.396824 -0.242139 -0.708689  -0.381718 -0.022043 -0.522960
114  1.532963 0.000006 0.000006  0.013633 -0.007332 -0.706327
115  0.832977 -0.000002 -0.000003  -0.000009 0.007359 -0.430493
116  4.209939 -0.440343 -1.019279  1.565975 2.023833 -0.184447
117  4.266747 1.424939 0.424938  1.590116 -0.050322 -0.690807
118  9.398572 0.011949 -0.082516  0.005381 0.046914 -0.202739
119  10.242444 0.028177 -0.062905  -1.687983 -0.090752 0.057742
120  3.465746 -0.067524 0.002267  0.032093 0.044648 -0.423147
121  1.655556 0.000006 0.000006  0.024891 0.112868 -0.466971
122  0.960907 0.000004 -0.000001  -0.000004 -0.004468 -0.216285
123  3.466851 -0.077779 -0.920910  -0.329987 0.034939 -0.386044
124  1.497266 -0.000035 -0.000022  -0.414600 0.020814 -0.047914
125  0.793789 -0.000007 -0.000001  -0.003598 0.010261 -0.258763
126  0.595076 -0.467148 -0.829176  2.438760 0.680474 -0.243149
127  1.555672 0.000010 -0.000003  0.314911 0.070848 0.436166
128  1.136812 -0.000010 -0.000000  0.014606 0.014493 0.384378
129  3.075968 -0.667964 1.277700  0.669253 -0.049614 -0.486272
130  1.064588 0.000018 0.000010  -0.015024 -0.091461 -0.583344
131  0.640364 -0.000012 -0.000004  0.000646 -0.000278 -0.169760
132  3.392412 -0.245366 0.728376  0.375990 0.013276 -0.523857
133  1.532736 -0.000010 -0.000001  -0.011784 0.008997 -0.706152
134  0.833151 0.000007 0.000005  0.000013 -0.009685 -0.430431
135  3.590113 -3.090295 1.193972  1.635457 1.210566 1.548541
136  3.589559 -3.089880 -1.196373  -1.505736 1.210473 -1.592853
137  -0.436557 4.719026 -0.001076  -0.000591 -1.570733 1.692996
138  -0.000000 2.775453 -0.000236  -0.135089 0.000001 -0.000000
139  -0.000000 3.189764 0.000008  0.207820 -0.000000 0.000000
140  -0.000000 3.504653 0.000045  -0.261876 0.000000 -0.000000
141  -0.000000 2.863196 -0.000002  -0.051268 0.000000 -0.000000
time 20
0  -0.000000 -0.444789 41.524681  1.570862 0.000000 0.000000
1  0.002636 43.025146 0.734438  0.000060 0.000127 0.000060
2  3.061857 -4.181010 -0.610804  -1.576836 -0.012448 -1.560884
3  18.476774 0.000159 -0.000001  -0.001647 -0.008084 0.123877
4  17.490086 0.000117 0.000003  0.183691 0.150321 -1.112635
5  -3.065330 -4.183575 -0.611480  -1.564806 -0.012486 -1.580759
6  18.474854 -0.000034 -0.000008  0.001600 0.008079 0.123840
7  17.489582 0.001916 -0.000006  -0.177097 -0.152052 -1.112162
8  -0.000117 -0.048881 -0.576226  1.570797 0.086303 1.570791
9  3.224479 0.767047 0.000496  -0.000001 0.000004 -0.028768
10  3.223909 0.226399 -0.001944  -0.000011 -0.000060 0.100383
11  5.187324 -1.262560 -0.001177  0.000012 0.000066 0.194111
12  6.928412 -1.935314 -0.000227  -3.141476 -0.000096 0.372954
13  3.236366 1.079613 0.000057  -0.000128 -0.000017 0.303162
14  0.833764 3.805350 0.692955  0.293038 -2.575130 1.490426
15  0.000041 6.792202 0.000040  0.028838 0.006623 -0.014709
16  -0.000067 7.744814 0.000015  -0.072468 -0.091379 -0.000119
17  0.000073 7.809702 0.000016  -0.028444 -0.003203 0.003240
18  -0.000024 7.867672 0.000017  -0.149958 0.019577 0.123293
19  3.494711 -1.749092 -3.006912  -3.050487 -0.067719 0.559006
20  0.000119 4.478321 0.000018  0.186158 0.024383 -0.084290
21  0.000048 4.636116 -0.000030  0.187768 0.230491 0.018203
22  -0.000046 5.008650 0.000013  -0.179089 -0.121340 -0.116574
23  0.000057 4.781162 0.000011  0.519535 2.927402 -0.155214
24  2.253042 1.989057 -3.350106  -2.842489 -0.469583 -0.491236
25  0.000165 6.589461 0.000173  0.122343 0.200181 0.182201
26  0.000041 7.491411 0.000053  -0.251493 0.127725 0.052217
27  0.000026 7.660303 -0.000060  0.056192 -0.024545 -0.058424
28  0.000011 7.256267 0.000019  0.021828 -0.417634 -0.248220
29  -0.791155 2.265118 -1.234655  0.376189 -2.442913 1.781309
30  -0.000257 8.572254 -0.000091  -0.151315 -0.347442 -0.138863
31  -0.000094 8.117212 0.000048  0.297398 0.518629 0.319408
32  -0.000082 8.230040 -0.000072  -0.288929 -0.032240 -0.005615
33  0.000060 7.366722 0.000053  -0.481206 -0.064396 0.181606
34  0.224220 0.240127 -3.218157  -3.043066 -0.286185 0.098799
35  -0.000103 7.721053 -0.000307  0.014982 0.184503 0.424333
36  -0.000034 7.374855 -0.000004  -0.096443 -0.023595 0.101132
37  0.000076 6.848101 0.000006  -0.006476 0.077702 0.087287
38  -0.000051 7.777859 0.000010  -0.059472 0.076938 0.070675
39  -1.514459 2.104648 -1.150167  0.190329 -2.704334 1.748779
40  -0.000168 6.982350 -0.000077  -0.144957 -0.281963 -0.141277
41  0.000039 8.382858 -0.000073  0.315415 0.467093 0.197556
42  0.000013 8.697701 -0.000027  -0.099498 -0.496170 -0.197729
43  0.000056 8.921808 -0.000003  0.217303 0.267449 -0.142951
44  1.196195 2.899153 -2.353086  -2.979185 -0.489533 -1.088837
45  0.000105 5.476950 0.000006  0.138544 0.136564 0.156302
46  -0.000073 6.060440 -0.000092  -0.315129 -0.521745 -0.008230
47  0.000018 5.994265 0.000029  0.075304 0.079808 -0.251422
48  -0.000006 6.100488 0.000001  0.138867 0.242580 0.063960
49  0.000034 6.916759 0.000010  0.036684 0.115206 0.032342
50  0.000151 6.435054 -0.000044  -0.020752 0.191342 0.124572
51  1.092802 3.649511 -1.738794  -0.148600 0.876612 1.445020
52  -0.000128 6.792208 -0.000103  0.008284 0.107792 -0.048643
53  -0.000087 7.744776 -0.000029  0.057137 -0.256893 0.015458
54  0.000085 9.115025 -0.000038  -0.020393 0.256253 -0.142636
55  3.494520 -1.749102 3.007064  3.105432 0.019778 -0.221953
56  0.000013 4.323833 0.000087  -0.445034 -0.880751 0.399289
57  0.000030 4.872900 -0.000021  -0.045832 -0.392073 0.219234
58  0.000006 5.056655 0.000100  0.344494 1.141870 -0.023140
59  2.292461 1.708612 3.661675  2.873631 0.226728 0.387023
60  -0.000169 6.589443 0.000275  -0.186599 -0.324046 0.031999
61  0.000177 7.491496 -0.000152  -0.174766 -0.579772 -0.100862
62  -0.000139 8.249658 0.000141  -0.006642 -0.026489 0.049677
63  0.000075 8.605228 -0.000026  -0.098903 0.563215 -0.081522
64  -0.240479 2.066074 2.349267  2.802598 0.297129 1.102310
65  -0.000082 7.721110 -0.000002  0.185496 -0.340469 -0.147411
66  -0.000120 7.374859 -0.000051  0.037721 -0.163780 -0.158237
67  -0.000037 6.848054 -0.000023  -0.295643 0.461314 0.045165
68  0.000032 7.777825 -0.000045  0.033686 0.172821 -0.097899
69  -0.000085 8.178042 0.000011  0.423400 -0.296149 0.137285
70  1.617603 3.431407 2.399265  2.957859 0.284582 1.246925
71  -0.000170 5.476948 -0.000028  -0.068092 0.095905 -0.023039
72  -0.000089 6.060500 -0.000004  0.150829 0.006529 -0.025174
73  0.000030 5.994248 0.000011  -0.127079 -0.262287 0.070572
74  -0.000078 7.076873 -0.000047  -0.036066 -0.020829 -0.006613
75  0.000004 7.089862 -0.000070  0.070875 0.098587 -0.025893
76  0.361120 0.886683 3.287746  2.805848 0.190674 0.699915
77  -0.000075 6.686637 0.000223  0.235511 0.236492 -0.224284
78  -0.000013 7.638012 0.000012  -0.123648 -0.206684 -0.053483
79  -0.000032 7.290227 -0.000023  -0.015665 0.002760 0.078228
80  -0.000038 6.530364 0.000005  0.123553 -0.446884 0.032944
81  0.000062 7.224875 0.000007  0.272216 0.340584 0.266231
82  1.071903 3.225796 1.570115  2.934970 -0.008227 1.462242
83  0.000414 6.748899 -0.000067  -0.023647 -0.041652 -0.060202
84  -0.000046 8.002641 0.000028  0.119731 -0.145387 0.030381
85  0.000013 8.580568 -0.000097  -0.328608 0.224093 0.075008
86  0.000168 8.689834 -0.000041  0.106407 -0.142465 0.238161
87  -1.514528 2.104638 0.318055  2.969273 -0.030187 1.657823
88  0.000191 6.982272 0.000012  0.221955 -0.177060 -0.037997
89  -0.000008 8.382889 -0.000068  -0.283155 0.223589 0.105771
90  -0.000057 8.697683 0.000026  -0.036581 -0.281096 0.367321
91  -0.000136 8.921823 0.000077  0.077035 -0.415968 0.646183
92  3.553616 -3.478046 2.409277  -2.940121 -0.396762 -1.021200
93  0.000001 4.476898 -0.000007  -0.374556 -0.587066 0.138796
94  0.000034 4.514118 -0.000023  0.575261 -2.645105 0.050158
95  0.000042 4.518381 -0.000019  0.680085 2.756965 0.166920
96  0.000024 3.598333 0.000024  0.380988 0.642351 0.128996
97  4.209924 -0.440347 1.018824  -1.577219 -2.025540 -0.171644
98  4.265504 1.434233 -0.404992  -1.589420 0.045546 -0.689159
99  9.400231 0.017941 0.083201  -0.006117 -0.046487 -0.202669
100  10.242415 0.033590 0.064479  1.697691 0.092009 0.064180
101  3.465859 -0.059679 0.016694  -0.025555 -0.048842 -0.423906
102  1.655591 -0.000021 0.000023  -0.025568 -0.114485 -0.467192
103  0.960766 -0.000004 -0.000007  -0.000000 0.003101 -0.216324
104  3.462033 -0.064246 0.939909  0.332571 -0.040088 -0.385572
105  1.497174 -0.000007 0.000021  -0.490561 -0.021262 -0.048814
106  0.793761 0.000004 -0.000002  -0.000572 0.004562 -0.264948
107  0.591668 -0.460692 0.835206  -1.134576 -0.717293 -0.462339
108  1.556141 0.000004 0.000000  -0.178220 0.121881 0.438108
109  1.135903 0.000020 0.000004  0.004827 0.022557 0.396202
110  3.084272 -0.668822 -1.257085  -0.666830 0.043255 -0.487733
111  1.064198 -0.000003 0.000006  0.003766 0.083622 -0.584609
112  0.640335 0.000004 -0.000009  -0.000352 -0.001434 -0.169762
113  3.396824 -0.242139 -0.708689  -0.381718 -0.022043 -0.522960
114  1.532963 0.000006 0.000006  0.013633 -0.007332 -0.706327
115  0.832977 -0.000002 -0.000003  -0.000009 0.007359 -0.430493
116  4.209939 -0.440343 -1.019279  1.565975 2.023833 -0.184447
117  4.266747 1.424939 0.424938  1.590116 -0.050322 -0.690807
118  9.398572 0.011949 -0.082516  0.005381 0.046914 -0.202739
119  10.242444 0.028177 -0.062905  -1.687983 -0.090752 0.057742
120  3.465746 -0.067524 0.002267  0.032093 0.044648 -0.423147
121  1.655556 0.000006 0.000006  0.024891 0.112868 -0.466971
122  0.960907 0.000004 -0.000001  -0.000004 -0.004468 -0.216285
123  3.466851 -0.077779 -0.920910  -0.329987 0.034939 -0.386044
124  1.497266 -0.000035 -0.000022  -0.414600 0.020814 -0.047914
125  0.793789 -0.000007 -0.000001  -0.003598 0.010261 -0.258763
126  0.595076 -0.467148 -0.829176  2.438760 0.680474 -0.243149
127  1.555672 0.000010 -0.000003  0.314911 0.070848 0.436166
128  1.136812 -0.000010 -0.000000  0.014606 0.014493 0.384378
129  3.075968 -0.667964 1.277700  0.669253 -0.049614 -0.486272
130  1.064588 0.000018 0.000010  -0.015024 -0.091461 -0.583344
131  0.640364 -0.000012 -0.000004  0.000646 -0.000278 -0.169760
132  3.392412 -0.245366 0.728376  0.375990 0.013276 -0.523857
133  1.532736 -0.000010 -0.000001  -0.011784 0.008997 -0.706152
134  0.833151 0.000007 0.000005  0.000013 -0.009685 -0.430431
135  3.590113 -3.090295 1.193972  1.635457 1.210566 1.548541
136  3.589559 -3.089880 -1.196373  -1.505736 1.210473 -1.592853
137  -0.436557 4.719026 -0.001076  -0.000591 -1.570733 1.692996
138  -0.000000 2.775453 -0.000236  -0.135089 0.000001 -0.000000
139  -0.000000 3.189764 0.000008  0.207820 -0.000000 0.000000
140  -0.000000 3.504653 0.000045  -0.261876 0.000000 -0.000000
141  -0.000000 2.863196 -0.000002  -0.051268 0.000000 -0.000000
end
