version 1
nodes
0 "ValveBiped.Bip01" -1
1 "ValveBiped.Bip01_Pelvis" 0
2 "ValveBiped.Bip01_L_Thigh" 1
3 "ValveBiped.Bip01_L_Calf" 2
4 "ValveBiped.Bip01_L_Foot" 3
5 "ValveBiped.Bip01_R_Thigh" 1
6 "ValveBiped.Bip01_R_Calf" 5
7 "ValveBiped.Bip01_R_Foot" 6
8 "ValveBiped.Bip01_Spine" 1
9 "ValveBiped.Bip01_Spine1" 8
10 "ValveBiped.Bip01_Spine2" 9
11 "ValveBiped.Bip01_Spine4" 10
12 "ValveBiped.Bip01_Neck1" 11
13 "ValveBiped.Bip01_Head1" 12
14 "HBN_CK01" 13
15 "HBN_CK02" 14
16 "HBN_CK03" 15
17 "HBN_CK04" 16
18 "HBN_CK05" 17
19 "HBn_LF01" 13
20 "HBn_LF02" 19
21 "HBn_LF03" 20
22 "HBn_LF04" 21
23 "HBn_LF05" 22
24 "HBN_LMA01" 13
25 "HBN_LMA02" 24
26 "HBN_LMA03" 25
27 "HBN_LMA04" 26
28 "HBN_LMA05" 27
29 "HBN_LMB01" 13
30 "HBN_LMB02" 29
31 "HBN_LMB03" 30
32 "HBN_LMB04" 31
33 "HBN_LMB05" 32
34 "HBN_LMC01" 13
35 "HBN_LMC02" 34
36 "HBN_LMC03" 35
37 "HBN_LMC04" 36
38 "HBN_LMC05" 37
39 "HBN_LMD01" 13
40 "HBN_LMD02" 39
41 "HBN_LMD03" 40
42 "HBN_LMD04" 41
43 "HBN_LMD05" 42
44 "HBN_LME01" 13
45 "HBN_LME02" 44
46 "HBN_LME03" 45
47 "HBN_LME04" 46
48 "HBN_LME05" 47
49 "HBN_LME06" 48
50 "HBN_LME07" 49
51 "HBN_LMF01" 13
52 "HBN_LMF02" 51
53 "HBN_LMF03" 52
54 "HBN_LMF04" 53
55 "HBn_RF01" 13
56 "HBn_RF02" 55
57 "HBn_RF03" 56
58 "HBn_RF04" 57
59 "HBN_RMA01" 13
60 "HBN_RMA02" 59
61 "HBN_RMA03" 60
62 "HBN_RMA04" 61
63 "HBN_RMA05" 62
64 "HBN_RMB01" 13
65 "HBN_RMB02" 64
66 "HBN_RMB03" 65
67 "HBN_RMB04" 66
68 "HBN_RMB05" 67
69 "HBN_RMB06" 68
70 "HBN_RMC01" 13
71 "HBN_RMC02" 70
72 "HBN_RMC03" 71
73 "HBN_RMC04" 72
74 "HBN_RMC05" 73
75 "HBN_RMC06" 74
76 "HBN_RMD01" 13
77 "HBN_RMD02" 76
78 "HBN_RMD03" 77
79 "HBN_RMD04" 78
80 "HBN_RMD05" 79
81 "HBN_RMD06" 80
82 "HBN_RME01" 13
83 "HBN_RME02" 82
84 "HBN_RME03" 83
85 "HBN_RME04" 84
86 "HBN_RME05" 85
87 "HBN_RMF01" 13
88 "HBN_RMF02" 87
89 "HBN_RMF03" 88
90 "HBN_RMF04" 89
91 "HBN_RMF05" 90
92 "HBn_RFF01" 13
93 "HBn_RFF02" 92
94 "HBn_RFF03" 93
95 "HBn_RFF04" 94
96 "HBn_RFF05" 95
97 "ValveBiped.Bip01_L_Clavicle" 11
98 "ValveBiped.Bip01_L_UpperArm" 97
99 "ValveBiped.Bip01_L_Forearm" 98
100 "ValveBiped.Bip01_L_Hand" 99
101 "ValveBiped.Bip01_L_Finger2" 100
102 "ValveBiped.Bip01_L_Finger21" 101
103 "ValveBiped.Bip01_L_Finger22" 102
104 "ValveBiped.Bip01_L_Finger1" 100
105 "ValveBiped.Bip01_L_Finger11" 104
106 "ValveBiped.Bip01_L_Finger12" 105
107 "ValveBiped.Bip01_L_Finger0" 100
108 "ValveBiped.Bip01_L_Finger01" 107
109 "ValveBiped.Bip01_L_Finger02" 108
110 "ValveBiped.Bip01_L_Finger4" 100
111 "ValveBiped.Bip01_L_Finger41" 110
112 "ValveBiped.Bip01_L_Finger42" 111
113 "ValveBiped.Bip01_L_Finger3" 100
114 "ValveBiped.Bip01_L_Finger31" 113
115 "ValveBiped.Bip01_L_Finger32" 114
116 "ValveBiped.Bip01_R_Clavicle" 11
117 "ValveBiped.Bip01_R_UpperArm" 116
118 "ValveBiped.Bip01_R_Forearm" 117
119 "ValveBiped.Bip01_R_Hand" 118
120 "ValveBiped.Bip01_R_Finger2" 119
121 "ValveBiped.Bip01_R_Finger21" 120
122 "ValveBiped.Bip01_R_Finger22" 121
123 "ValveBiped.Bip01_R_Finger1" 119
124 "ValveBiped.Bip01_R_Finger11" 123
125 "ValveBiped.Bip01_R_Finger12" 124
126 "ValveBiped.Bip01_R_Finger0" 119
127 "ValveBiped.Bip01_R_Finger01" 126
128 "ValveBiped.Bip01_R_Finger02" 127
129 "ValveBiped.Bip01_R_Finger4" 119
130 "ValveBiped.Bip01_R_Finger41" 129
131 "ValveBiped.Bip01_R_Finger42" 130
132 "ValveBiped.Bip01_R_Finger3" 119
133 "ValveBiped.Bip01_R_Finger31" 132
134 "ValveBiped.Bip01_R_Finger32" 133
135 "lPectoral" 10
136 "rPectoral" 10
137 "Front Cloth" 10
138 "Front Cloth.001" 137
139 "Front Cloth.002" 138
140 "Front Cloth.003" 139
141 "Front Cloth.004" 140
end
skeleton
time 0
0  -1.596000 -0.002624 39.816113  1.570862 0.000000 -0.000000
1  0.002636 43.025146 0.734438  -0.022303 -0.669023 -0.158646
2  3.061857 -4.181009 -0.610804  -1.434409 -0.074068 -1.087742
3  18.476780 0.000160 -0.000001  0.001996 -0.023389 0.315956
4  17.490084 0.000118 0.000004  0.020536 0.452136 -1.173857
5  -3.065331 -4.183571 -0.611480  -1.436740 0.202323 -1.671426
6  18.474863 -0.000034 -0.000008  -0.001263 0.018755 0.258816
7  17.489582 0.001915 -0.000006  0.105162 -0.056463 -1.279224
8  -0.000117 -0.048880 -0.576226  1.375778 0.267814 1.562671
9  3.224489 0.767044 0.000495  0.064900 0.023798 0.214076
10  3.223910 0.226400 -0.001945  -0.198691 -0.064595 0.267343
11  5.187316 -1.262560 -0.001177  0.000012 0.000066 0.194111
12  6.928400 -1.935312 -0.000228  -3.133744 0.003499 0.321170
13  3.236361 1.079614 0.000058  0.967338 0.130633 0.318098
14 0.833755 3.805353 0.692955  -0.040491 0.554885 1.469871
15 0.000049 6.792204 0.000039  0.007990 0.036070 -0.011406
16 -0.000068 7.744817 0.000017  -0.017441 -0.155305 0.068150
17 0.000069 7.809700 0.000017  -0.033637 0.005026 0.006142
18 -0.000025 7.867676 0.000019  -0.073329 -0.127909 0.026375
19 3.494699 -1.749089 -3.006912  0.152547 2.070419 1.936945
20 0.000118 4.478323 0.000017  -0.194658 0.310431 -0.234995
21 0.000049 4.636110 -0.000029  0.035821 0.324592 -0.151768
22 -0.000043 5.008652 0.000012  0.075999 -0.286564 0.276091
23 0.000064 4.781164 0.000011  0.904399 -2.690903 -0.015798
24 2.253036 1.989063 -3.350106  -1.523631 1.324497 0.112400
25 0.000160 6.589460 0.000173  0.206354 -0.002129 -0.080395
26 0.000043 7.491420 0.000040  -0.333512 0.184455 -0.191166
27 0.000027 7.660300 -0.000058  -0.063175 0.127194 -0.062118
28 0.000007 7.256266 0.000021  -0.052939 -0.487829 0.313813
29 -0.791161 2.265123 -1.234655  -0.753899 1.136377 0.824672
30 -0.000260 8.572267 -0.000091  -0.222843 -0.296789 0.176504
31 -0.000096 8.117216 0.000047  0.072255 0.772520 -0.285589
32 -0.000081 8.230029 -0.000068  -0.080491 -0.347232 0.072254
33 0.000058 7.366725 0.000052  -0.015395 -0.663891 0.062742
34 0.224212 0.240128 -3.218158  -0.877381 1.468889 0.577825
35 -0.000101 7.721057 -0.000314  -0.283829 0.060497 -0.167556
36 -0.000030 7.374850 -0.000002  0.007536 -0.195022 0.049540
37 0.000074 6.848102 0.000007  0.005484 0.006496 -0.033649
38 -0.000054 7.777872 0.000009  -0.186097 0.182474 -0.152847
39 -1.514468 2.104650 -1.150167  -0.029092 0.541320 1.555677
40 -0.000168 6.982347 -0.000077  -0.199699 -0.041213 0.153490
41 0.000041 8.382865 -0.000072  0.044866 0.587987 -0.257961
42 0.000012 8.697711 -0.000026  -0.102637 -0.474319 0.290944
43 0.000055 8.921804 -0.000003  -0.076258 0.581004 -0.195605
44 1.196186 2.899154 -2.353086  -0.449719 1.030105 1.287427
45 0.000105 5.476939 0.000005  0.285574 -0.099352 -0.038446
46 -0.000075 6.060445 -0.000095  -0.155020 -0.575032 0.384610
47 0.000015 5.994262 0.000029  0.033940 0.288575 -0.067729
48 -0.000006 6.100487 0.000003  -0.068405 0.299273 -0.162153
49 0.000032 6.916760 0.000008  -0.096317 0.220533 -0.107966
50 0.000149 6.435059 -0.000044  -0.037459 0.171630 -0.116572
51 1.092790 3.649513 -1.738794  -0.148600 0.876612 1.445020
52 -0.000129 6.792200 -0.000103  0.008285 0.107792 -0.048643
53 -0.000088 7.744781 -0.000034  0.057137 -0.256893 0.015458
54 0.000083 9.115019 -0.000039  -0.020393 0.256253 -0.142636
55 3.494517 -1.749100 3.007064  0.118402 1.106974 1.813810
56 0.000015 4.323837 0.000088  -0.229909 -0.770942 0.449225
57 0.000028 4.872903 -0.000023  0.367244 -0.664052 -0.254033
58 0.000005 5.056655 0.000092  -0.511236 0.856586 -0.546324
59 2.292462 1.708619 3.661675  -1.762558 1.789110 -0.218972
60 -0.000174 6.589435 0.000268  -0.007132 -0.169123 0.176909
61 0.000171 7.491494 -0.000154  -0.132413 -0.107098 0.179328
62 -0.000139 8.249660 0.000142  0.041912 -0.058209 0.015814
63 0.000072 8.605236 -0.000026  0.101585 0.501824 -0.079697
64 -0.240492 2.066073 2.349267  -0.357331 2.461714 1.296080
65 -0.000082 7.721110 -0.000003  -0.208230 -0.126223 -0.116496
66 -0.000122 7.374869 -0.000047  -0.111018 0.046939 -0.046463
67 -0.000035 6.848060 -0.000027  0.273532 0.247523 0.299908
68 0.000034 7.777824 -0.000044  0.072921 0.186148 -0.052688
69 -0.000086 8.178052 0.000011  -0.087029 -0.422849 -0.381360
70 1.617601 3.431415 2.399266  -0.249454 2.569515 1.508571
71 -0.000167 5.476944 -0.000029  0.057729 0.074072 0.060285
72 -0.000094 6.060497 -0.000006  -0.015204 0.015650 -0.152065
73 0.000028 5.994255 0.000011  -0.126212 -0.157657 0.153302
74 -0.000080 7.076877 -0.000046  -0.008117 0.010385 0.036400
75 0.000006 7.089869 -0.000071  0.070875 0.098587 -0.025893
76 0.361109 0.886684 3.287746  -0.576373 1.978709 0.939011
77 -0.000065 6.686645 0.000223  -0.146568 0.414164 -0.327707
78 -0.000011 7.638015 0.000013  -0.079524 -0.025948 0.130956
79 -0.000031 7.290228 -0.000019  0.025325 -0.093908 0.023963
80 -0.000033 6.530373 0.000007  -0.261847 -0.300601 0.006734
81 0.000063 7.224882 0.000005  0.036506 0.032481 -0.175824
82 1.071894 3.225800 1.570115  -0.043806 2.859975 1.526247
83 0.000414 6.748898 -0.000065  -0.062702 0.083784 0.022202
84 -0.000046 8.002646 0.000026  -0.067496 -0.117209 -0.115599
85 0.000012 8.580572 -0.000098  0.088213 -0.007187 0.334604
86 0.000168 8.689829 -0.000041  0.065327 -0.412430 -0.134518
87 -1.514545 2.104638 0.318055  -0.024895 3.094490 1.569496
88 0.000193 6.982283 0.000011  -0.107589 -0.057624 -0.215715
89 -0.000008 8.382873 -0.000067  0.135031 -0.099914 0.287073
90 -0.000058 8.697672 0.000023  -0.148091 -0.510100 0.044839
91 -0.000133 8.921824 0.000080  -0.236826 -0.892635 0.098804
92 3.553612 -3.478043 2.409277  0.000820 0.762046 1.535309
93 -0.000003 4.476908 -0.000008  -0.151004 -0.588331 0.377259
94 0.000032 4.514120 -0.000024  -0.228867 -2.996200 0.592368
95 0.000044 4.518385 -0.000024  0.143171 2.612778 0.693385
96 0.000021 3.598325 0.000023  -0.749301 0.869853 -0.773231
97  4.209913 -0.440345 1.018823  -1.806245 -1.905835 0.044201
98  4.265504 1.434236 -0.404990  -1.703359 0.382082 -0.566697
99  9.400232 0.017942 0.083203  0.086731 -0.058782 -1.535823
100  10.242420 0.033590 0.064485  1.969110 -0.642964 -0.236225
101  3.465856 -0.059670 0.016695  -0.016089 0.105975 0.027194
102  1.655596 -0.000021 0.000025  0.040670 -0.198580 -0.918911
103  0.960767 0.000000 -0.000003  0.018696 -0.077773 -0.787709
104  3.462030 -0.064238 0.939909  0.316648 -0.070174 0.031376
105  1.497179 -0.000008 0.000022  -0.465019 -0.145858 -0.359618
106  0.793757 -0.000001 -0.000000  -0.023174 0.043630 -0.730042
107  0.591662 -0.460687 0.835206  -0.998976 -0.654566 -0.477416
108  1.556141 0.000002 0.000003  -0.190373 0.081480 0.349972
109  1.135906 0.000019 0.000006  -0.017173 -0.043979 0.207746
110  3.084269 -0.668816 -1.257085  -0.570470 0.154710 -0.762373
111  1.064203 -0.000006 0.000006  -0.077901 0.129860 -1.490420
112  0.640337 0.000001 -0.000008  -0.043310 0.083916 -1.147868
113  3.396823 -0.242131 -0.708689  -0.276951 0.187592 -0.366797
114  1.532968 0.000015 0.000009  0.022486 -0.009572 -1.301200
115  0.832975 -0.000003 0.000000  0.012109 0.002141 -1.308529
116  4.209934 -0.440343 -1.019280  1.588282 2.049812 -0.164634
117  4.266747 1.424945 0.424938  1.338090 -0.148764 -0.482699
118  9.398568 0.011947 -0.082515  -0.011077 0.060206 -0.476210
119  10.242445 0.028178 -0.062903  -1.865551 -0.034503 0.013583
120  3.465751 -0.067528 0.002266  -0.146662 0.144439 -1.482378
121  1.655560 0.000007 0.000005  -0.164156 0.184463 -1.166696
122  0.960909 0.000007 0.000001  -0.018935 0.176620 -0.890998
123  3.466853 -0.077781 -0.920911  -0.345906 0.021130 -1.405113
124  1.497261 -0.000030 -0.000023  -0.569246 0.313524 -0.986932
125  0.793791 -0.000007 -0.000001  -0.224980 0.388706 -0.772651
126  0.595081 -0.467154 -0.829177  2.496989 0.699763 -0.529555
127  1.555671 0.000016 -0.000003  0.444198 0.348312 0.809838
128  1.136817 -0.000010 -0.000001  0.424999 0.399058 0.906784
129  3.075975 -0.667969 1.277699  0.301081 0.277000 -1.620654
130  1.064594 0.000018 0.000010  0.046915 -0.125236 -1.038822
131  0.640363 -0.000015 -0.000006  -0.104291 -0.023771 -0.471513
132  3.392411 -0.245371 0.728374  0.063844 0.192823 -1.598641
133  1.532738 -0.000007 -0.000002  -0.000848 0.025485 -1.121846
134  0.833151 0.000009 0.000005  -0.082770 -0.069998 -1.040855
135  3.590108 -3.090295 1.193972  1.635457 1.210566 1.548541
136  3.589558 -3.089880 -1.196373  -1.505736 1.210473 -1.592853
137  -0.436564 4.719026 -0.001076  -0.000709 -1.570733 1.693206
138  0.000001 2.775458 -0.000237  -0.135089 0.000001 -0.000000
139  -0.000000 3.189769 0.000008  0.207820 -0.000000 0.000000
140  0.000000 3.504653 0.000046  -0.261876 0.000000 -0.000000
141  0.000000 2.863197 -0.000002  -0.051268 0.000000 -0.000000
time 1
0  -1.183146 1.565837 39.229061  1.570862 0.000000 -0.000000
1  0.002636 43.025146 0.734438  -0.054934 -0.640031 -0.081000
2  3.061857 -4.181015 -0.610805  -1.693916 -0.298913 -1.027214
3  18.476778 0.000159 0.000001  0.002756 -0.033797 0.443306
4  17.490086 0.000118 0.000003  0.148946 0.480954 -1.298773
5  -3.065330 -4.183579 -0.611480  -1.421035 -0.089924 -1.685412
6  18.474852 -0.000034 -0.000009  -0.000689 0.053152 0.681813
7  17.489586 0.001916 -0.000007  0.009643 -0.077974 -1.456153
8  -0.000117 -0.048884 -0.576227  1.438396 0.212082 1.528837
9  3.224484 0.767047 0.000496  0.142751 -0.048113 0.293453
10  3.223913 0.226399 -0.001944  -0.150832 -0.119404 0.316925
11  5.187320 -1.262560 -0.001177  0.000012 0.000066 0.194111
12  6.928409 -1.935311 -0.000226  3.055716 0.014298 0.403163
13  3.236369 1.079615 0.000061  0.790109 0.291349 0.330409
14 0.833755 3.805353 0.692955  -0.040491 0.554885 1.469871
15 0.000049 6.792204 0.000039  0.007990 0.036070 -0.011406
16 -0.000068 7.744817 0.000017  -0.017441 -0.155305 0.068150
17 0.000069 7.809700 0.000017  -0.033637 0.005026 0.006142
18 -0.000025 7.867676 0.000019  -0.073329 -0.127909 0.026375
19 3.494699 -1.749089 -3.006912  0.152547 2.070419 1.936945
20 0.000118 4.478323 0.000017  -0.194658 0.310431 -0.234995
21 0.000049 4.636110 -0.000029  0.035821 0.324592 -0.151768
22 -0.000043 5.008652 0.000012  0.075999 -0.286564 0.276091
23 0.000064 4.781164 0.000011  0.904399 -2.690903 -0.015798
24 2.253036 1.989063 -3.350106  -1.523631 1.324497 0.112400
25 0.000160 6.589460 0.000173  0.206354 -0.002129 -0.080395
26 0.000043 7.491420 0.000040  -0.333512 0.184455 -0.191166
27 0.000027 7.660300 -0.000058  -0.063175 0.127194 -0.062118
28 0.000007 7.256266 0.000021  -0.052939 -0.487829 0.313813
29 -0.791161 2.265123 -1.234655  -0.753899 1.136377 0.824672
30 -0.000260 8.572267 -0.000091  -0.222843 -0.296789 0.176504
31 -0.000096 8.117216 0.000047  0.072255 0.772520 -0.285589
32 -0.000081 8.230029 -0.000068  -0.080491 -0.347232 0.072254
33 0.000058 7.366725 0.000052  -0.015395 -0.663891 0.062742
34 0.224212 0.240128 -3.218158  -0.877381 1.468889 0.577825
35 -0.000101 7.721057 -0.000314  -0.283829 0.060497 -0.167556
36 -0.000030 7.374850 -0.000002  0.007536 -0.195022 0.049540
37 0.000074 6.848102 0.000007  0.005484 0.006496 -0.033649
38 -0.000054 7.777872 0.000009  -0.186097 0.182474 -0.152847
39 -1.514468 2.104650 -1.150167  -0.029092 0.541320 1.555677
40 -0.000168 6.982347 -0.000077  -0.199699 -0.041213 0.153490
41 0.000041 8.382865 -0.000072  0.044866 0.587987 -0.257961
42 0.000012 8.697711 -0.000026  -0.102637 -0.474319 0.290944
43 0.000055 8.921804 -0.000003  -0.076258 0.581004 -0.195605
44 1.196186 2.899154 -2.353086  -0.449719 1.030105 1.287427
45 0.000105 5.476939 0.000005  0.285574 -0.099352 -0.038446
46 -0.000075 6.060445 -0.000095  -0.155020 -0.575032 0.384610
47 0.000015 5.994262 0.000029  0.033940 0.288575 -0.067729
48 -0.000006 6.100487 0.000003  -0.068405 0.299273 -0.162153
49 0.000032 6.916760 0.000008  -0.096317 0.220533 -0.107966
50 0.000149 6.435059 -0.000044  -0.037459 0.171630 -0.116572
51 1.092790 3.649513 -1.738794  -0.148600 0.876612 1.445020
52 -0.000129 6.792200 -0.000103  0.008285 0.107792 -0.048643
53 -0.000088 7.744781 -0.000034  0.057137 -0.256893 0.015458
54 0.000083 9.115019 -0.000039  -0.020393 0.256253 -0.142636
55 3.494517 -1.749100 3.007064  0.118402 1.106974 1.813810
56 0.000015 4.323837 0.000088  -0.229909 -0.770942 0.449225
57 0.000028 4.872903 -0.000023  0.367244 -0.664052 -0.254033
58 0.000005 5.056655 0.000092  -0.511236 0.856586 -0.546324
59 2.292462 1.708619 3.661675  -1.762558 1.789110 -0.218972
60 -0.000174 6.589435 0.000268  -0.007132 -0.169123 0.176909
61 0.000171 7.491494 -0.000154  -0.132413 -0.107098 0.179328
62 -0.000139 8.249660 0.000142  0.041912 -0.058209 0.015814
63 0.000072 8.605236 -0.000026  0.101585 0.501824 -0.079697
64 -0.240492 2.066073 2.349267  -0.357331 2.461714 1.296080
65 -0.000082 7.721110 -0.000003  -0.208230 -0.126223 -0.116496
66 -0.000122 7.374869 -0.000047  -0.111018 0.046939 -0.046463
67 -0.000035 6.848060 -0.000027  0.273532 0.247523 0.299908
68 0.000034 7.777824 -0.000044  0.072921 0.186148 -0.052688
69 -0.000086 8.178052 0.000011  -0.087029 -0.422849 -0.381360
70 1.617601 3.431415 2.399266  -0.249454 2.569515 1.508571
71 -0.000167 5.476944 -0.000029  0.057729 0.074072 0.060285
72 -0.000094 6.060497 -0.000006  -0.015204 0.015650 -0.152065
73 0.000028 5.994255 0.000011  -0.126212 -0.157657 0.153302
74 -0.000080 7.076877 -0.000046  -0.008117 0.010385 0.036400
75 0.000006 7.089869 -0.000071  0.070875 0.098587 -0.025893
76 0.361109 0.886684 3.287746  -0.576373 1.978709 0.939011
77 -0.000065 6.686645 0.000223  -0.146568 0.414164 -0.327707
78 -0.000011 7.638015 0.000013  -0.079524 -0.025948 0.130956
79 -0.000031 7.290228 -0.000019  0.025325 -0.093908 0.023963
80 -0.000033 6.530373 0.000007  -0.261847 -0.300601 0.006734
81 0.000063 7.224882 0.000005  0.036506 0.032481 -0.175824
82 1.071894 3.225800 1.570115  -0.043806 2.859975 1.526247
83 0.000414 6.748898 -0.000065  -0.062702 0.083784 0.022202
84 -0.000046 8.002646 0.000026  -0.067496 -0.117209 -0.115599
85 0.000012 8.580572 -0.000098  0.088213 -0.007187 0.334604
86 0.000168 8.689829 -0.000041  0.065327 -0.412430 -0.134518
87 -1.514545 2.104638 0.318055  -0.024895 3.094490 1.569496
88 0.000193 6.982283 0.000011  -0.107589 -0.057624 -0.215715
89 -0.000008 8.382873 -0.000067  0.135031 -0.099914 0.287073
90 -0.000058 8.697672 0.000023  -0.148091 -0.510100 0.044839
91 -0.000133 8.921824 0.000080  -0.236826 -0.892635 0.098804
92 3.553612 -3.478043 2.409277  0.000820 0.762046 1.535309
93 -0.000003 4.476908 -0.000008  -0.151004 -0.588331 0.377259
94 0.000032 4.514120 -0.000024  -0.228867 -2.996200 0.592368
95 0.000044 4.518385 -0.000024  0.143171 2.612778 0.693385
96 0.000021 3.598325 0.000023  -0.749301 0.869853 -0.773231
97  4.209919 -0.440343 1.018825  -1.466877 -1.739002 -0.285802
98  4.265507 1.434230 -0.404991  -1.772971 0.145266 -0.551799
99  9.400235 0.017941 0.083203  0.063244 -0.067817 -1.201939
100  10.242422 0.033586 0.064480  1.849212 -0.617491 -0.097327
101  3.465854 -0.059683 0.016692  -0.025378 0.063377 -0.091129
102  1.655594 -0.000026 0.000021  0.024788 -0.179516 -0.766487
103  0.960767 -0.000002 -0.000006  0.018781 -0.047749 -0.621931
104  3.462029 -0.064250 0.939908  0.313906 -0.104362 -0.062480
105  1.497180 -0.000008 0.000022  -0.471781 -0.121955 -0.314977
106  0.793760 -0.000001 -0.000000  -0.020973 0.039563 -0.636844
107  0.591663 -0.460692 0.835206  -0.932725 -0.676009 -0.569967
108  1.556139 0.000002 -0.000001  -0.217812 0.095390 0.376995
109  1.135904 0.000019 0.000004  -0.002397 -0.059485 0.176192
110  3.084269 -0.668828 -1.257087  -0.593875 0.177435 -0.786389
111  1.064196 -0.000003 0.000009  -0.052756 0.130947 -1.254970
112  0.640340 0.000005 -0.000007  -0.039877 0.064306 -0.943024
113  3.396824 -0.242143 -0.708690  -0.299882 0.168189 -0.441914
114  1.532971 0.000009 0.000003  0.021887 -0.004763 -1.099125
115  0.832975 -0.000003 0.000001  0.000964 -0.006179 -1.087059
116  4.209939 -0.440342 -1.019278  1.522156 1.969081 -0.224884
117  4.266745 1.424946 0.424938  1.409340 0.101853 -0.765951
118  9.398571 0.011950 -0.082515  -0.027067 0.067520 -0.703373
119  10.242433 0.028176 -0.062908  -1.819465 -0.007399 0.282374
120  3.465752 -0.067531 0.002267  -0.146662 0.144439 -1.482378
121  1.655558 0.000005 0.000006  -0.164156 0.184463 -1.166697
122  0.960908 0.000002 0.000000  -0.018935 0.176620 -0.890998
123  3.466860 -0.077785 -0.920910  -0.345906 0.021130 -1.405113
124  1.497258 -0.000037 -0.000022  -0.569246 0.313524 -0.986932
125  0.793788 -0.000009 0.000005  -0.224980 0.388706 -0.772651
126  0.595084 -0.467156 -0.829177  2.496989 0.699763 -0.529555
127  1.555673 0.000016 -0.000002  0.444198 0.348312 0.809838
128  1.136808 -0.000011 -0.000003  0.424999 0.399059 0.906784
129  3.075974 -0.667971 1.277700  0.301081 0.277000 -1.620654
130  1.064592 0.000017 0.000010  0.046915 -0.125236 -1.038822
131  0.640363 -0.000017 -0.000004  -0.104291 -0.023771 -0.471513
132  3.392413 -0.245371 0.728375  0.063844 0.192823 -1.598641
133  1.532736 -0.000006 -0.000002  -0.000848 0.025485 -1.121846
134  0.833149 0.000007 0.000005  -0.082770 -0.069998 -1.040855
135  3.590109 -3.090295 1.193973  1.635457 1.210566 1.548541
136  3.589561 -3.089881 -1.196373  -1.505736 1.210473 -1.592853
137  -0.436560 4.719025 -0.001077  -0.000768 -1.570733 1.692732
138  0.000000 2.775460 -0.000236  -0.135089 0.000001 -0.000000
139  0.000001 3.189765 0.000009  0.207820 0.000000 0.000000
140  0.000001 3.504654 0.000045  -0.261876 -0.000000 -0.000000
141  0.000000 2.863203 -0.000003  -0.051268 -0.000000 -0.000000
time 2
0  -0.784970 3.261290 38.750797  1.570862 0.000000 -0.000000
1  0.002636 43.025146 0.734438  -0.022832 -0.558874 -0.021529
2  3.061858 -4.181014 -0.610804  -1.852853 -0.342319 -1.037088
3  18.476776 0.000162 0.000000  -0.003882 -0.002243 0.047522
4  17.490086 0.000115 0.000004  0.296839 0.469158 -1.074439
5  -3.065330 -4.183573 -0.611480  -1.401952 -0.330390 -1.681438
6  18.474857 -0.000035 -0.000007  0.003960 0.067210 0.862992
7  17.489582 0.001917 -0.000006  -0.075681 -0.055600 -1.455968
8  -0.000117 -0.048880 -0.576226  1.480425 0.163876 1.501736
9  3.224483 0.767047 0.000497  0.189040 -0.103034 0.360419
10  3.223907 0.226401 -0.001944  -0.121958 -0.159473 0.360479
11  5.187317 -1.262559 -0.001175  0.000012 0.000066 0.194111
12  6.928408 -1.935320 -0.000231  2.976464 0.037619 0.462899
13  3.236366 1.079610 0.000058  0.595445 0.375291 0.267846
14 0.833755 3.805353 0.692955  -0.040491 0.554885 1.469871
15 0.000049 6.792204 0.000039  0.007990 0.036070 -0.011406
16 -0.000068 7.744817 0.000017  -0.017441 -0.155305 0.068150
17 0.000069 7.809700 0.000017  -0.033637 0.005026 0.006142
18 -0.000025 7.867676 0.000019  -0.073329 -0.127909 0.026375
19 3.494699 -1.749089 -3.006912  0.152547 2.070419 1.936945
20 0.000118 4.478323 0.000017  -0.194658 0.310431 -0.234995
21 0.000049 4.636110 -0.000029  0.035821 0.324592 -0.151768
22 -0.000043 5.008652 0.000012  0.075999 -0.286564 0.276091
23 0.000064 4.781164 0.000011  0.904399 -2.690903 -0.015798
24 2.253036 1.989063 -3.350106  -1.523631 1.324497 0.112400
25 0.000160 6.589460 0.000173  0.206354 -0.002129 -0.080395
26 0.000043 7.491420 0.000040  -0.333512 0.184455 -0.191166
27 0.000027 7.660300 -0.000058  -0.063175 0.127194 -0.062118
28 0.000007 7.256266 0.000021  -0.052939 -0.487829 0.313813
29 -0.791161 2.265123 -1.234655  -0.753899 1.136377 0.824672
30 -0.000260 8.572267 -0.000091  -0.222843 -0.296789 0.176504
31 -0.000096 8.117216 0.000047  0.072255 0.772520 -0.285589
32 -0.000081 8.230029 -0.000068  -0.080491 -0.347232 0.072254
33 0.000058 7.366725 0.000052  -0.015395 -0.663891 0.062742
34 0.224212 0.240128 -3.218158  -0.877381 1.468889 0.577825
35 -0.000101 7.721057 -0.000314  -0.283829 0.060497 -0.167556
36 -0.000030 7.374850 -0.000002  0.007536 -0.195022 0.049540
37 0.000074 6.848102 0.000007  0.005484 0.006496 -0.033649
38 -0.000054 7.777872 0.000009  -0.186097 0.182474 -0.152847
39 -1.514468 2.104650 -1.150167  -0.029092 0.541320 1.555677
40 -0.000168 6.982347 -0.000077  -0.199699 -0.041213 0.153490
41 0.000041 8.382865 -0.000072  0.044866 0.587987 -0.257961
42 0.000012 8.697711 -0.000026  -0.102637 -0.474319 0.290944
43 0.000055 8.921804 -0.000003  -0.076258 0.581004 -0.195605
44 1.196186 2.899154 -2.353086  -0.449719 1.030105 1.287427
45 0.000105 5.476939 0.000005  0.285574 -0.099352 -0.038446
46 -0.000075 6.060445 -0.000095  -0.155020 -0.575032 0.384610
47 0.000015 5.994262 0.000029  0.033940 0.288575 -0.067729
48 -0.000006 6.100487 0.000003  -0.068405 0.299273 -0.162153
49 0.000032 6.916760 0.000008  -0.096317 0.220533 -0.107966
50 0.000149 6.435059 -0.000044  -0.037459 0.171630 -0.116572
51 1.092790 3.649513 -1.738794  -0.148600 0.876612 1.445020
52 -0.000129 6.792200 -0.000103  0.008285 0.107792 -0.048643
53 -0.000088 7.744781 -0.000034  0.057137 -0.256893 0.015458
54 0.000083 9.115019 -0.000039  -0.020393 0.256253 -0.142636
55 3.494517 -1.749100 3.007064  0.118402 1.106974 1.813810
56 0.000015 4.323837 0.000088  -0.229909 -0.770942 0.449225
57 0.000028 4.872903 -0.000023  0.367244 -0.664052 -0.254033
58 0.000005 5.056655 0.000092  -0.511236 0.856586 -0.546324
59 2.292462 1.708619 3.661675  -1.762558 1.789110 -0.218972
60 -0.000174 6.589435 0.000268  -0.007132 -0.169123 0.176909
61 0.000171 7.491494 -0.000154  -0.132413 -0.107098 0.179328
62 -0.000139 8.249660 0.000142  0.041912 -0.058209 0.015814
63 0.000072 8.605236 -0.000026  0.101585 0.501824 -0.079697
64 -0.240492 2.066073 2.349267  -0.357331 2.461714 1.296080
65 -0.000082 7.721110 -0.000003  -0.208230 -0.126223 -0.116496
66 -0.000122 7.374869 -0.000047  -0.111018 0.046939 -0.046463
67 -0.000035 6.848060 -0.000027  0.273532 0.247523 0.299908
68 0.000034 7.777824 -0.000044  0.072921 0.186148 -0.052688
69 -0.000086 8.178052 0.000011  -0.087029 -0.422849 -0.381360
70 1.617601 3.431415 2.399266  -0.249454 2.569515 1.508571
71 -0.000167 5.476944 -0.000029  0.057729 0.074072 0.060285
72 -0.000094 6.060497 -0.000006  -0.015204 0.015650 -0.152065
73 0.000028 5.994255 0.000011  -0.126212 -0.157657 0.153302
74 -0.000080 7.076877 -0.000046  -0.008117 0.010385 0.036400
75 0.000006 7.089869 -0.000071  0.070875 0.098587 -0.025893
76 0.361109 0.886684 3.287746  -0.576373 1.978709 0.939011
77 -0.000065 6.686645 0.000223  -0.146568 0.414164 -0.327707
78 -0.000011 7.638015 0.000013  -0.079524 -0.025948 0.130956
79 -0.000031 7.290228 -0.000019  0.025325 -0.093908 0.023963
80 -0.000033 6.530373 0.000007  -0.261847 -0.300601 0.006734
81 0.000063 7.224882 0.000005  0.036506 0.032481 -0.175824
82 1.071894 3.225800 1.570115  -0.043806 2.859975 1.526247
83 0.000414 6.748898 -0.000065  -0.062702 0.083784 0.022202
84 -0.000046 8.002646 0.000026  -0.067496 -0.117209 -0.115599
85 0.000012 8.580572 -0.000098  0.088213 -0.007187 0.334604
86 0.000168 8.689829 -0.000041  0.065327 -0.412430 -0.134518
87 -1.514545 2.104638 0.318055  -0.024895 3.094490 1.569496
88 0.000193 6.982283 0.000011  -0.107589 -0.057624 -0.215715
89 -0.000008 8.382873 -0.000067  0.135031 -0.099914 0.287073
90 -0.000058 8.697672 0.000023  -0.148091 -0.510100 0.044839
91 -0.000133 8.921824 0.000080  -0.236826 -0.892635 0.098804
92 3.553612 -3.478043 2.409277  0.000820 0.762046 1.535309
93 -0.000003 4.476908 -0.000008  -0.151004 -0.588331 0.377259
94 0.000032 4.514120 -0.000024  -0.228867 -2.996200 0.592368
95 0.000044 4.518385 -0.000024  0.143171 2.612778 0.693385
96 0.000021 3.598325 0.000023  -0.749301 0.869853 -0.773231
97  4.209918 -0.440353 1.018822  -0.392638 -1.677984 -1.364302
98  4.265510 1.434237 -0.404992  -1.851716 -0.036580 -0.540953
99  9.400242 0.017941 0.083204  0.044404 -0.069245 -0.951725
100  10.242417 0.033589 0.064478  1.724835 -0.591813 0.040062
101  3.465856 -0.059678 0.016694  -0.029283 0.018687 -0.214445
102  1.655593 -0.000017 0.000023  0.012033 -0.158283 -0.614524
103  0.960766 -0.000000 -0.000006  0.023889 -0.018134 -0.455891
104  3.462028 -0.064246 0.939910  0.314656 -0.139641 -0.172921
105  1.497181 -0.000013 0.000021  -0.477643 -0.096639 -0.268095
106  0.793759 0.000003 -0.000003  -0.019087 0.035128 -0.540803
107  0.591662 -0.460695 0.835206  -0.862688 -0.689599 -0.666431
108  1.556139 0.000003 0.000000  -0.244212 0.112553 0.409287
109  1.135906 0.000019 0.000003  0.013176 -0.073882 0.147145
110  3.084270 -0.668820 -1.257083  -0.618065 0.199705 -0.810969
111  1.064199 0.000000 0.000007  -0.028246 0.126203 -1.021288
112  0.640340 0.000005 -0.000005  -0.040717 0.044220 -0.740336
113  3.396821 -0.242138 -0.708690  -0.321246 0.147222 -0.516296
114  1.532966 0.000012 0.000006  0.022278 0.000045 -0.896546
115  0.832980 -0.000005 -0.000004  -0.011943 -0.011818 -0.864946
116  4.209943 -0.440353 -1.019281  1.438505 1.888350 -0.306444
117  4.266746 1.424942 0.424940  1.505215 0.345710 -0.937744
118  9.398572 0.011948 -0.082519  -0.040909 0.070675 -0.886671
119  10.242437 0.028175 -0.062909  -1.778734 0.008863 0.454161
120  3.465750 -0.067527 0.002267  -0.146662 0.144439 -1.482378
121  1.655555 0.000003 0.000006  -0.164156 0.184463 -1.166697
122  0.960905 0.000005 0.000000  -0.018935 0.176620 -0.890998
123  3.466854 -0.077780 -0.920909  -0.345906 0.021130 -1.405113
124  1.497262 -0.000033 -0.000022  -0.569246 0.313524 -0.986932
125  0.793790 -0.000010 -0.000000  -0.224980 0.388706 -0.772651
126  0.595079 -0.467150 -0.829176  2.496989 0.699763 -0.529556
127  1.555670 0.000013 -0.000002  0.444198 0.348312 0.809838
128  1.136814 -0.000009 -0.000002  0.424999 0.399059 0.906784
129  3.075976 -0.667966 1.277701  0.301081 0.277000 -1.620654
130  1.064597 0.000019 0.000011  0.046915 -0.125236 -1.038822
131  0.640363 -0.000015 -0.000003  -0.104291 -0.023771 -0.471513
132  3.392414 -0.245369 0.728376  0.063844 0.192823 -1.598641
133  1.532742 -0.000005 -0.000001  -0.000848 0.025485 -1.121846
134  0.833151 0.000011 0.000005  -0.082770 -0.069998 -1.040855
135  3.590110 -3.090297 1.193973  1.635457 1.210566 1.548541
136  3.589556 -3.089880 -1.196370  -1.505736 1.210473 -1.592853
137  -0.436561 4.719025 -0.001074  -0.000059 -1.570733 1.693100
138  0.000001 2.775458 -0.000235  -0.135089 0.000001 -0.000000
139  0.000001 3.189767 0.000003  0.207820 -0.000000 0.000000
140  0.000001 3.504654 0.000046  -0.261876 -0.000000 -0.000000
141  0.000000 2.863202 0.000000  -0.051268 0.000000 -0.000000
time 3
0  -0.395808 5.732057 38.560474  1.570862 0.000000 -0.000000
1  0.002636 43.025146 0.734438  0.217545 -0.301448 0.028082
2  3.061857 -4.181011 -0.610803  -1.664274 -0.824803 -1.135838
3  18.476774 0.000158 -0.000001  -0.003919 -0.002156 0.046366
4  17.490084 0.000116 0.000005  0.369058 0.274375 -0.898332
5  -3.065330 -4.183573 -0.611479  -1.387981 -0.724357 -1.694669
6  18.474857 -0.000034 -0.000008  0.006198 0.071937 0.926953
7  17.489584 0.001915 -0.000007  -0.026676 0.115075 -1.341520
8  -0.000117 -0.048884 -0.576225  1.461965 0.128749 1.504150
9  3.224483 0.767047 0.000495  0.160755 -0.091625 0.409745
10  3.223908 0.226401 -0.001944  -0.139674 -0.149817 0.395290
11  5.187321 -1.262559 -0.001177  0.000012 0.000066 0.194111
12  6.928411 -1.935314 -0.000229  2.935778 0.086906 0.458964
13  3.236364 1.079616 0.000060  0.400802 0.360666 0.281279
14 0.833755 3.805353 0.692955  -0.040491 0.554885 1.469871
15 0.000049 6.792204 0.000039  0.007990 0.036070 -0.011406
16 -0.000068 7.744817 0.000017  -0.017441 -0.155305 0.068150
17 0.000069 7.809700 0.000017  -0.033637 0.005026 0.006142
18 -0.000025 7.867676 0.000019  -0.073329 -0.127909 0.026375
19 3.494699 -1.749089 -3.006912  0.152547 2.070419 1.936945
20 0.000118 4.478323 0.000017  -0.194658 0.310431 -0.234995
21 0.000049 4.636110 -0.000029  0.035821 0.324592 -0.151768
22 -0.000043 5.008652 0.000012  0.075999 -0.286564 0.276091
23 0.000064 4.781164 0.000011  0.904399 -2.690903 -0.015798
24 2.253036 1.989063 -3.350106  -1.523631 1.324497 0.112400
25 0.000160 6.589460 0.000173  0.206354 -0.002129 -0.080395
26 0.000043 7.491420 0.000040  -0.333512 0.184455 -0.191166
27 0.000027 7.660300 -0.000058  -0.063175 0.127194 -0.062118
28 0.000007 7.256266 0.000021  -0.052939 -0.487829 0.313813
29 -0.791161 2.265123 -1.234655  -0.753899 1.136377 0.824672
30 -0.000260 8.572267 -0.000091  -0.222843 -0.296789 0.176504
31 -0.000096 8.117216 0.000047  0.072255 0.772520 -0.285589
32 -0.000081 8.230029 -0.000068  -0.080491 -0.347232 0.072254
33 0.000058 7.366725 0.000052  -0.015395 -0.663891 0.062742
34 0.224212 0.240128 -3.218158  -0.877381 1.468889 0.577825
35 -0.000101 7.721057 -0.000314  -0.283829 0.060497 -0.167556
36 -0.000030 7.374850 -0.000002  0.007536 -0.195022 0.049540
37 0.000074 6.848102 0.000007  0.005484 0.006496 -0.033649
38 -0.000054 7.777872 0.000009  -0.186097 0.182474 -0.152847
39 -1.514468 2.104650 -1.150167  -0.029092 0.541320 1.555677
40 -0.000168 6.982347 -0.000077  -0.199699 -0.041213 0.153490
41 0.000041 8.382865 -0.000072  0.044866 0.587987 -0.257961
42 0.000012 8.697711 -0.000026  -0.102637 -0.474319 0.290944
43 0.000055 8.921804 -0.000003  -0.076258 0.581004 -0.195605
44 1.196186 2.899154 -2.353086  -0.449719 1.030105 1.287427
45 0.000105 5.476939 0.000005  0.285574 -0.099352 -0.038446
46 -0.000075 6.060445 -0.000095  -0.155020 -0.575032 0.384610
47 0.000015 5.994262 0.000029  0.033940 0.288575 -0.067729
48 -0.000006 6.100487 0.000003  -0.068405 0.299273 -0.162153
49 0.000032 6.916760 0.000008  -0.096317 0.220533 -0.107966
50 0.000149 6.435059 -0.000044  -0.037459 0.171630 -0.116572
51 1.092790 3.649513 -1.738794  -0.148600 0.876612 1.445020
52 -0.000129 6.792200 -0.000103  0.008285 0.107792 -0.048643
53 -0.000088 7.744781 -0.000034  0.057137 -0.256893 0.015458
54 0.000083 9.115019 -0.000039  -0.020393 0.256253 -0.142636
55 3.494517 -1.749100 3.007064  0.118402 1.106974 1.813810
56 0.000015 4.323837 0.000088  -0.229909 -0.770942 0.449225
57 0.000028 4.872903 -0.000023  0.367244 -0.664052 -0.254033
58 0.000005 5.056655 0.000092  -0.511236 0.856586 -0.546324
59 2.292462 1.708619 3.661675  -1.762558 1.789110 -0.218972
60 -0.000174 6.589435 0.000268  -0.007132 -0.169123 0.176909
61 0.000171 7.491494 -0.000154  -0.132413 -0.107098 0.179328
62 -0.000139 8.249660 0.000142  0.041912 -0.058209 0.015814
63 0.000072 8.605236 -0.000026  0.101585 0.501824 -0.079697
64 -0.240492 2.066073 2.349267  -0.357331 2.461714 1.296080
65 -0.000082 7.721110 -0.000003  -0.208230 -0.126223 -0.116496
66 -0.000122 7.374869 -0.000047  -0.111018 0.046939 -0.046463
67 -0.000035 6.848060 -0.000027  0.273532 0.247523 0.299908
68 0.000034 7.777824 -0.000044  0.072921 0.186148 -0.052688
69 -0.000086 8.178052 0.000011  -0.087029 -0.422849 -0.381360
70 1.617601 3.431415 2.399266  -0.249454 2.569515 1.508571
71 -0.000167 5.476944 -0.000029  0.057729 0.074072 0.060285
72 -0.000094 6.060497 -0.000006  -0.015204 0.015650 -0.152065
73 0.000028 5.994255 0.000011  -0.126212 -0.157657 0.153302
74 -0.000080 7.076877 -0.000046  -0.008117 0.010385 0.036400
75 0.000006 7.089869 -0.000071  0.070875 0.098587 -0.025893
76 0.361109 0.886684 3.287746  -0.576373 1.978709 0.939011
77 -0.000065 6.686645 0.000223  -0.146568 0.414164 -0.327707
78 -0.000011 7.638015 0.000013  -0.079524 -0.025948 0.130956
79 -0.000031 7.290228 -0.000019  0.025325 -0.093908 0.023963
80 -0.000033 6.530373 0.000007  -0.261847 -0.300601 0.006734
81 0.000063 7.224882 0.000005  0.036506 0.032481 -0.175824
82 1.071894 3.225800 1.570115  -0.043806 2.859975 1.526247
83 0.000414 6.748898 -0.000065  -0.062702 0.083784 0.022202
84 -0.000046 8.002646 0.000026  -0.067496 -0.117209 -0.115599
85 0.000012 8.580572 -0.000098  0.088213 -0.007187 0.334604
86 0.000168 8.689829 -0.000041  0.065327 -0.412430 -0.134518
87 -1.514545 2.104638 0.318055  -0.024895 3.094490 1.569496
88 0.000193 6.982283 0.000011  -0.107589 -0.057624 -0.215715
89 -0.000008 8.382873 -0.000067  0.135031 -0.099914 0.287073
90 -0.000058 8.697672 0.000023  -0.148091 -0.510100 0.044839
91 -0.000133 8.921824 0.000080  -0.236826 -0.892635 0.098804
92 3.553612 -3.478043 2.409277  0.000820 0.762046 1.535309
93 -0.000003 4.476908 -0.000008  -0.151004 -0.588331 0.377259
94 0.000032 4.514120 -0.000024  -0.228867 -2.996200 0.592368
95 0.000044 4.518385 -0.000024  0.143171 2.612778 0.693385
96 0.000021 3.598325 0.000023  -0.749301 0.869853 -0.773231
97  4.209920 -0.440343 1.018823  0.009857 -1.722243 -1.770215
98  4.265504 1.434231 -0.404995  -1.979229 -0.138292 -0.619921
99  9.400230 0.017938 0.083199  0.044720 -0.069260 -0.955894
100  10.242420 0.033592 0.064478  1.559368 -0.589252 0.199222
101  3.465853 -0.059673 0.016695  -0.026006 -0.031376 -0.359860
102  1.655592 -0.000022 0.000021  0.002722 -0.135464 -0.462864
103  0.960772 -0.000005 -0.000007  0.034171 0.009899 -0.289213
104  3.462026 -0.064243 0.939909  0.321215 -0.178675 -0.341829
105  1.497179 -0.000010 0.000021  -0.482476 -0.069301 -0.217271
106  0.793758 0.000001 -0.000001  -0.017352 0.030230 -0.439263
107  0.591661 -0.460692 0.835207  -0.789718 -0.686845 -0.768194
108  1.556137 0.000000 0.000007  -0.266552 0.141895 0.466354
109  1.135902 0.000019 0.000003  0.030291 -0.084831 0.129795
110  3.084266 -0.668819 -1.257084  -0.643349 0.221695 -0.836783
111  1.064203 -0.000004 0.000006  -0.005982 0.116405 -0.793723
112  0.640338 0.000004 -0.000007  -0.046306 0.023623 -0.544855
113  3.396819 -0.242138 -0.708690  -0.341239 0.124281 -0.591316
114  1.532971 0.000001 0.000004  0.023586 0.004716 -0.693093
115  0.832976 -0.000001 -0.000005  -0.026473 -0.014708 -0.641582
116  4.209942 -0.440339 -1.019279  1.414457 1.810352 -0.334212
117  4.266746 1.424948 0.424936  1.655647 0.475914 -0.985698
118  9.398569 0.011949 -0.082518  -0.044275 0.071049 -0.930340
119  10.242437 0.028177 -0.062904  -1.772927 0.023931 0.329685
120  3.465752 -0.067526 0.002267  -0.146662 0.144439 -1.482378
121  1.655558 0.000003 0.000006  -0.164156 0.184463 -1.166697
122  0.960909 0.000009 0.000002  -0.018935 0.176620 -0.890998
123  3.466857 -0.077782 -0.920910  -0.345906 0.021130 -1.405113
124  1.497263 -0.000031 -0.000023  -0.569246 0.313524 -0.986933
125  0.793789 -0.000010 0.000003  -0.224980 0.388706 -0.772651
126  0.595080 -0.467149 -0.829177  2.496989 0.699763 -0.529555
127  1.555671 0.000018 -0.000003  0.444198 0.348312 0.809838
128  1.136812 -0.000008 -0.000002  0.424999 0.399059 0.906784
129  3.075979 -0.667967 1.277701  0.301081 0.277000 -1.620654
130  1.064597 0.000019 0.000010  0.046915 -0.125236 -1.038822
131  0.640362 -0.000021 -0.000004  -0.104291 -0.023771 -0.471513
132  3.392417 -0.245371 0.728376  0.063844 0.192823 -1.598641
133  1.532734 -0.000009 -0.000001  -0.000848 0.025485 -1.121846
134  0.833152 0.000010 0.000007  -0.082770 -0.069998 -1.040855
135  3.590110 -3.090295 1.193972  1.635457 1.210566 1.548541
136  3.589560 -3.089878 -1.196373  -1.505736 1.210473 -1.592853
137  -0.436561 4.719028 -0.001076  -0.000443 -1.570733 1.693158
138  -0.000002 2.775450 -0.000230  -0.135089 0.000001 -0.000000
139  -0.000001 3.189767 0.000008  0.207820 -0.000000 0.000000
140  0.000000 3.504653 0.000043  -0.261876 0.000000 -0.000000
141  0.000001 2.863202 -0.000001  -0.051268 -0.000000 -0.000000
time 4
0  -0.091348 7.541107 38.555801  1.570862 0.000000 -0.000000
1  0.002636 43.025146 0.734438  0.442698 -0.067282 0.123184
2  3.061858 -4.181010 -0.610804  -1.189833 -1.178335 -1.516161
3  18.476770 0.000160 -0.000002  -0.003904 -0.002192 0.046853
4  17.490084 0.000116 0.000003  0.369081 0.139735 -0.690769
5  -3.065329 -4.183577 -0.611480  -1.249998 -1.036365 -1.919806
6  18.474857 -0.000035 -0.000006  0.006549 0.072625 0.936413
7  17.489590 0.001915 -0.000007  0.057970 0.216145 -1.207261
8  -0.000116 -0.048879 -0.576227  1.412749 0.107808 1.516330
9  3.224474 0.767048 0.000496  0.097167 -0.053385 0.438164
10  3.223909 0.226399 -0.001944  -0.180495 -0.120155 0.417805
11  5.187318 -1.262558 -0.001177  0.000012 0.000066 0.194111
12  6.928410 -1.935315 -0.000227  2.911446 0.123734 0.431839
13  3.236362 1.079612 0.000060  0.274963 0.329359 0.372446
14 0.833755 3.805353 0.692955  -0.040491 0.554885 1.469871
15 0.000049 6.792204 0.000039  0.007990 0.036070 -0.011406
16 -0.000068 7.744817 0.000017  -0.017441 -0.155305 0.068150
17 0.000069 7.809700 0.000017  -0.033637 0.005026 0.006142
18 -0.000025 7.867676 0.000019  -0.073329 -0.127909 0.026375
19 3.494699 -1.749089 -3.006912  0.152547 2.070419 1.936945
20 0.000118 4.478323 0.000017  -0.194658 0.310431 -0.234995
21 0.000049 4.636110 -0.000029  0.035821 0.324592 -0.151768
22 -0.000043 5.008652 0.000012  0.075999 -0.286564 0.276091
23 0.000064 4.781164 0.000011  0.904399 -2.690903 -0.015798
24 2.253036 1.989063 -3.350106  -1.523631 1.324497 0.112400
25 0.000160 6.589460 0.000173  0.206354 -0.002129 -0.080395
26 0.000043 7.491420 0.000040  -0.333512 0.184455 -0.191166
27 0.000027 7.660300 -0.000058  -0.063175 0.127194 -0.062118
28 0.000007 7.256266 0.000021  -0.052939 -0.487829 0.313813
29 -0.791161 2.265123 -1.234655  -0.753899 1.136377 0.824672
30 -0.000260 8.572267 -0.000091  -0.222843 -0.296789 0.176504
31 -0.000096 8.117216 0.000047  0.072255 0.772520 -0.285589
32 -0.000081 8.230029 -0.000068  -0.080491 -0.347232 0.072254
33 0.000058 7.366725 0.000052  -0.015395 -0.663891 0.062742
34 0.224212 0.240128 -3.218158  -0.877381 1.468889 0.577825
35 -0.000101 7.721057 -0.000314  -0.283829 0.060497 -0.167556
36 -0.000030 7.374850 -0.000002  0.007536 -0.195022 0.049540
37 0.000074 6.848102 0.000007  0.005484 0.006496 -0.033649
38 -0.000054 7.777872 0.000009  -0.186097 0.182474 -0.152847
39 -1.514468 2.104650 -1.150167  -0.029092 0.541320 1.555677
40 -0.000168 6.982347 -0.000077  -0.199699 -0.041213 0.153490
41 0.000041 8.382865 -0.000072  0.044866 0.587987 -0.257961
42 0.000012 8.697711 -0.000026  -0.102637 -0.474319 0.290944
43 0.000055 8.921804 -0.000003  -0.076258 0.581004 -0.195605
44 1.196186 2.899154 -2.353086  -0.449719 1.030105 1.287427
45 0.000105 5.476939 0.000005  0.285574 -0.099352 -0.038446
46 -0.000075 6.060445 -0.000095  -0.155020 -0.575032 0.384610
47 0.000015 5.994262 0.000029  0.033940 0.288575 -0.067729
48 -0.000006 6.100487 0.000003  -0.068405 0.299273 -0.162153
49 0.000032 6.916760 0.000008  -0.096317 0.220533 -0.107966
50 0.000149 6.435059 -0.000044  -0.037459 0.171630 -0.116572
51 1.092790 3.649513 -1.738794  -0.148600 0.876612 1.445020
52 -0.000129 6.792200 -0.000103  0.008285 0.107792 -0.048643
53 -0.000088 7.744781 -0.000034  0.057137 -0.256893 0.015458
54 0.000083 9.115019 -0.000039  -0.020393 0.256253 -0.142636
55 3.494517 -1.749100 3.007064  0.118402 1.106974 1.813810
56 0.000015 4.323837 0.000088  -0.229909 -0.770942 0.449225
57 0.000028 4.872903 -0.000023  0.367244 -0.664052 -0.254033
58 0.000005 5.056655 0.000092  -0.511236 0.856586 -0.546324
59 2.292462 1.708619 3.661675  -1.762558 1.789110 -0.218972
60 -0.000174 6.589435 0.000268  -0.007132 -0.169123 0.176909
61 0.000171 7.491494 -0.000154  -0.132413 -0.107098 0.179328
62 -0.000139 8.249660 0.000142  0.041912 -0.058209 0.015814
63 0.000072 8.605236 -0.000026  0.101585 0.501824 -0.079697
64 -0.240492 2.066073 2.349267  -0.357331 2.461714 1.296080
65 -0.000082 7.721110 -0.000003  -0.208230 -0.126223 -0.116496
66 -0.000122 7.374869 -0.000047  -0.111018 0.046939 -0.046463
67 -0.000035 6.848060 -0.000027  0.273532 0.247523 0.299908
68 0.000034 7.777824 -0.000044  0.072921 0.186148 -0.052688
69 -0.000086 8.178052 0.000011  -0.087029 -0.422849 -0.381360
70 1.617601 3.431415 2.399266  -0.249454 2.569515 1.508571
71 -0.000167 5.476944 -0.000029  0.057729 0.074072 0.060285
72 -0.000094 6.060497 -0.000006  -0.015204 0.015650 -0.152065
73 0.000028 5.994255 0.000011  -0.126212 -0.157657 0.153302
74 -0.000080 7.076877 -0.000046  -0.008117 0.010385 0.036400
75 0.000006 7.089869 -0.000071  0.070875 0.098587 -0.025893
76 0.361109 0.886684 3.287746  -0.576373 1.978709 0.939011
77 -0.000065 6.686645 0.000223  -0.146568 0.414164 -0.327707
78 -0.000011 7.638015 0.000013  -0.079524 -0.025948 0.130956
79 -0.000031 7.290228 -0.000019  0.025325 -0.093908 0.023963
80 -0.000033 6.530373 0.000007  -0.261847 -0.300601 0.006734
81 0.000063 7.224882 0.000005  0.036506 0.032481 -0.175824
82 1.071894 3.225800 1.570115  -0.043806 2.859975 1.526247
83 0.000414 6.748898 -0.000065  -0.062702 0.083784 0.022202
84 -0.000046 8.002646 0.000026  -0.067496 -0.117209 -0.115599
85 0.000012 8.580572 -0.000098  0.088213 -0.007187 0.334604
86 0.000168 8.689829 -0.000041  0.065327 -0.412430 -0.134518
87 -1.514545 2.104638 0.318055  -0.024895 3.094490 1.569496
88 0.000193 6.982283 0.000011  -0.107589 -0.057624 -0.215715
89 -0.000008 8.382873 -0.000067  0.135031 -0.099914 0.287073
90 -0.000058 8.697672 0.000023  -0.148091 -0.510100 0.044839
91 -0.000133 8.921824 0.000080  -0.236826 -0.892635 0.098804
92 3.553612 -3.478043 2.409277  0.000820 0.762046 1.535309
93 -0.000003 4.476908 -0.000008  -0.151004 -0.588331 0.377259
94 0.000032 4.514120 -0.000024  -0.228867 -2.996200 0.592368
95 0.000044 4.518385 -0.000024  0.143171 2.612778 0.693385
96 0.000021 3.598325 0.000023  -0.749301 0.869853 -0.773231
97  4.209920 -0.440347 1.018824  -0.069127 -1.739445 -1.688892
98  4.265505 1.434236 -0.404997  -2.090357 -0.189864 -0.686457
99  9.400232 0.017942 0.083208  0.051000 -0.069282 -1.038866
100  10.242422 0.033588 0.064482  1.396687 -0.571654 0.349884
101  3.465854 -0.059680 0.016694  -0.015911 -0.079154 -0.500981
102  1.655590 -0.000015 0.000023  -0.003200 -0.111145 -0.310184
103  0.960768 0.000002 -0.000006  0.048530 0.036243 -0.120187
104  3.462029 -0.064249 0.939907  0.334588 -0.215304 -0.511042
105  1.497179 -0.000011 0.000021  -0.486132 -0.037875 -0.157557
106  0.793761 0.000004 -0.000002  -0.015729 0.024244 -0.328530
107  0.591661 -0.460690 0.835205  -0.718850 -0.679817 -0.866524
108  1.556136 0.000001 -0.000002  -0.288836 0.167879 0.511609
109  1.135900 0.000018 0.000005  0.046988 -0.096523 0.107727
110  3.084268 -0.668824 -1.257086  -0.669038 0.243257 -0.861919
111  1.064203 -0.000000 0.000005  0.013393 0.101793 -0.566341
112  0.640338 0.000003 -0.000008  -0.055537 0.005148 -0.348004
113  3.396822 -0.242138 -0.708691  -0.359270 0.101093 -0.662543
114  1.532969 0.000007 0.000008  0.025887 0.009074 -0.487310
115  0.832975 -0.000003 -0.000002  -0.041155 -0.013571 -0.416244
116  4.209942 -0.440343 -1.019278  1.182576 1.718429 -0.569694
117  4.266746 1.424940 0.424947  1.786447 0.528943 -1.040694
118  9.398571 0.011945 -0.082517  -0.045425 0.071143 -0.945214
119  10.242441 0.028176 -0.062908  -1.778273 0.047907 0.112124
120  3.465752 -0.067528 0.002266  -0.146662 0.144439 -1.482378
121  1.655560 0.000006 0.000006  -0.164156 0.184463 -1.166696
122  0.960906 0.000003 -0.000001  -0.018935 0.176620 -0.890998
123  3.466859 -0.077783 -0.920910  -0.345906 0.021130 -1.405113
124  1.497260 -0.000037 -0.000023  -0.569246 0.313524 -0.986932
125  0.793790 -0.000008 -0.000001  -0.224980 0.388706 -0.772651
126  0.595082 -0.467152 -0.829177  2.496989 0.699763 -0.529555
127  1.555674 0.000018 -0.000003  0.444198 0.348312 0.809838
128  1.136814 -0.000008 -0.000000  0.424999 0.399059 0.906784
129  3.075974 -0.667968 1.277699  0.301081 0.277000 -1.620654
130  1.064593 0.000023 0.000009  0.046915 -0.125236 -1.038822
131  0.640362 -0.000015 -0.000004  -0.104291 -0.023771 -0.471513
132  3.392413 -0.245369 0.728376  0.063844 0.192823 -1.598641
133  1.532735 -0.000007 0.000000  -0.000848 0.025485 -1.121846
134  0.833150 0.000004 0.000006  -0.082770 -0.069998 -1.040855
135  3.590108 -3.090292 1.193972  1.635457 1.210566 1.548541
136  3.589557 -3.089880 -1.196373  -1.505736 1.210473 -1.592853
137  -0.436563 4.719028 -0.001076  -0.000494 -1.570733 1.693019
138  0.000000 2.775456 -0.000236  -0.135089 0.000001 -0.000000
139  0.000000 3.189770 0.000005  0.207820 -0.000000 0.000000
140  0.000001 3.504651 0.000048  -0.261876 0.000000 -0.000000
141  0.000001 2.863201 -0.000003  -0.051268 0.000000 -0.000000
time 5
0  0.078318 7.813043 38.715847  1.570862 0.000000 -0.000000
1  0.002636 43.025146 0.734438  0.515481 0.040417 0.205455
2  3.061858 -4.181012 -0.610803  -0.125008 -1.314260 -2.689373
3  18.476772 0.000158 0.000000  0.001542 -0.048583 0.624591
4  17.490082 0.000116 0.000004  0.373850 0.181582 -0.822738
5  -3.065329 -4.183575 -0.611479  -1.020888 -1.072095 -2.197305
6  18.474861 -0.000035 -0.000007  0.005296 0.070146 0.902461
7  17.489586 0.001916 -0.000007  0.099757 0.200251 -1.167113
8  -0.000116 -0.048883 -0.576227  1.341727 0.109921 1.518242
9  3.224482 0.767048 0.000496  0.004789 -0.020195 0.432163
10  3.223908 0.226402 -0.001945  -0.241795 -0.091878 0.418881
11  5.187321 -1.262557 -0.001176  0.000012 0.000066 0.194111
12  6.928411 -1.935318 -0.000228  2.892680 0.103774 0.409574
13  3.236364 1.079622 0.000055  0.258631 0.358825 0.472088
14 0.833755 3.805353 0.692955  -0.040491 0.554885 1.469871
15 0.000049 6.792204 0.000039  0.007990 0.036070 -0.011406
16 -0.000068 7.744817 0.000017  -0.017441 -0.155305 0.068150
17 0.000069 7.809700 0.000017  -0.033637 0.005026 0.006142
18 -0.000025 7.867676 0.000019  -0.073329 -0.127909 0.026375
19 3.494699 -1.749089 -3.006912  0.152547 2.070419 1.936945
20 0.000118 4.478323 0.000017  -0.194658 0.310431 -0.234995
21 0.000049 4.636110 -0.000029  0.035821 0.324592 -0.151768
22 -0.000043 5.008652 0.000012  0.075999 -0.286564 0.276091
23 0.000064 4.781164 0.000011  0.904399 -2.690903 -0.015798
24 2.253036 1.989063 -3.350106  -1.523631 1.324497 0.112400
25 0.000160 6.589460 0.000173  0.206354 -0.002129 -0.080395
26 0.000043 7.491420 0.000040  -0.333512 0.184455 -0.191166
27 0.000027 7.660300 -0.000058  -0.063175 0.127194 -0.062118
28 0.000007 7.256266 0.000021  -0.052939 -0.487829 0.313813
29 -0.791161 2.265123 -1.234655  -0.753899 1.136377 0.824672
30 -0.000260 8.572267 -0.000091  -0.222843 -0.296789 0.176504
31 -0.000096 8.117216 0.000047  0.072255 0.772520 -0.285589
32 -0.000081 8.230029 -0.000068  -0.080491 -0.347232 0.072254
33 0.000058 7.366725 0.000052  -0.015395 -0.663891 0.062742
34 0.224212 0.240128 -3.218158  -0.877381 1.468889 0.577825
35 -0.000101 7.721057 -0.000314  -0.283829 0.060497 -0.167556
36 -0.000030 7.374850 -0.000002  0.007536 -0.195022 0.049540
37 0.000074 6.848102 0.000007  0.005484 0.006496 -0.033649
38 -0.000054 7.777872 0.000009  -0.186097 0.182474 -0.152847
39 -1.514468 2.104650 -1.150167  -0.029092 0.541320 1.555677
40 -0.000168 6.982347 -0.000077  -0.199699 -0.041213 0.153490
41 0.000041 8.382865 -0.000072  0.044866 0.587987 -0.257961
42 0.000012 8.697711 -0.000026  -0.102637 -0.474319 0.290944
43 0.000055 8.921804 -0.000003  -0.076258 0.581004 -0.195605
44 1.196186 2.899154 -2.353086  -0.449719 1.030105 1.287427
45 0.000105 5.476939 0.000005  0.285574 -0.099352 -0.038446
46 -0.000075 6.060445 -0.000095  -0.155020 -0.575032 0.384610
47 0.000015 5.994262 0.000029  0.033940 0.288575 -0.067729
48 -0.000006 6.100487 0.000003  -0.068405 0.299273 -0.162153
49 0.000032 6.916760 0.000008  -0.096317 0.220533 -0.107966
50 0.000149 6.435059 -0.000044  -0.037459 0.171630 -0.116572
51 1.092790 3.649513 -1.738794  -0.148600 0.876612 1.445020
52 -0.000129 6.792200 -0.000103  0.008285 0.107792 -0.048643
53 -0.000088 7.744781 -0.000034  0.057137 -0.256893 0.015458
54 0.000083 9.115019 -0.000039  -0.020393 0.256253 -0.142636
55 3.494517 -1.749100 3.007064  0.118402 1.106974 1.813810
56 0.000015 4.323837 0.000088  -0.229909 -0.770942 0.449225
57 0.000028 4.872903 -0.000023  0.367244 -0.664052 -0.254033
58 0.000005 5.056655 0.000092  -0.511236 0.856586 -0.546324
59 2.292462 1.708619 3.661675  -1.762558 1.789110 -0.218972
60 -0.000174 6.589435 0.000268  -0.007132 -0.169123 0.176909
61 0.000171 7.491494 -0.000154  -0.132413 -0.107098 0.179328
62 -0.000139 8.249660 0.000142  0.041912 -0.058209 0.015814
63 0.000072 8.605236 -0.000026  0.101585 0.501824 -0.079697
64 -0.240492 2.066073 2.349267  -0.357331 2.461714 1.296080
65 -0.000082 7.721110 -0.000003  -0.208230 -0.126223 -0.116496
66 -0.000122 7.374869 -0.000047  -0.111018 0.046939 -0.046463
67 -0.000035 6.848060 -0.000027  0.273532 0.247523 0.299908
68 0.000034 7.777824 -0.000044  0.072921 0.186148 -0.052688
69 -0.000086 8.178052 0.000011  -0.087029 -0.422849 -0.381360
70 1.617601 3.431415 2.399266  -0.249454 2.569515 1.508571
71 -0.000167 5.476944 -0.000029  0.057729 0.074072 0.060285
72 -0.000094 6.060497 -0.000006  -0.015204 0.015650 -0.152065
73 0.000028 5.994255 0.000011  -0.126212 -0.157657 0.153302
74 -0.000080 7.076877 -0.000046  -0.008117 0.010385 0.036400
75 0.000006 7.089869 -0.000071  0.070875 0.098587 -0.025893
76 0.361109 0.886684 3.287746  -0.576373 1.978709 0.939011
77 -0.000065 6.686645 0.000223  -0.146568 0.414164 -0.327707
78 -0.000011 7.638015 0.000013  -0.079524 -0.025948 0.130956
79 -0.000031 7.290228 -0.000019  0.025325 -0.093908 0.023963
80 -0.000033 6.530373 0.000007  -0.261847 -0.300601 0.006734
81 0.000063 7.224882 0.000005  0.036506 0.032481 -0.175824
82 1.071894 3.225800 1.570115  -0.043806 2.859975 1.526247
83 0.000414 6.748898 -0.000065  -0.062702 0.083784 0.022202
84 -0.000046 8.002646 0.000026  -0.067496 -0.117209 -0.115599
85 0.000012 8.580572 -0.000098  0.088213 -0.007187 0.334604
86 0.000168 8.689829 -0.000041  0.065327 -0.412430 -0.134518
87 -1.514545 2.104638 0.318055  -0.024895 3.094490 1.569496
88 0.000193 6.982283 0.000011  -0.107589 -0.057624 -0.215715
89 -0.000008 8.382873 -0.000067  0.135031 -0.099914 0.287073
90 -0.000058 8.697672 0.000023  -0.148091 -0.510100 0.044839
91 -0.000133 8.921824 0.000080  -0.236826 -0.892635 0.098804
92 3.553612 -3.478043 2.409277  0.000820 0.762046 1.535309
93 -0.000003 4.476908 -0.000008  -0.151004 -0.588331 0.377259
94 0.000032 4.514120 -0.000024  -0.228867 -2.996200 0.592368
95 0.000044 4.518385 -0.000024  0.143171 2.612778 0.693385
96 0.000021 3.598325 0.000023  -0.749301 0.869853 -0.773231
97  4.209920 -0.440349 1.018823  -0.696571 -1.720205 -1.053814
98  4.265504 1.434230 -0.404993  -2.094342 -0.126538 -0.680137
99  9.400236 0.017943 0.083203  0.053269 -0.069163 -1.068887
100  10.242422 0.033590 0.064478  1.280725 -0.517658 0.459322
101  3.465856 -0.059680 0.016693  -0.002107 -0.122491 -0.624260
102  1.655595 -0.000019 0.000020  -0.005767 -0.081677 -0.133439
103  0.960768 -0.000003 -0.000005  0.068898 0.064212 0.076855
104  3.462030 -0.064248 0.939908  0.351982 -0.248952 -0.635379
105  1.497174 -0.000008 0.000022  -0.487797 0.005622 -0.071268
106  0.793758 0.000002 -0.000003  -0.014113 0.015337 -0.185427
107  0.591661 -0.460692 0.835206  -0.640227 -0.682437 -0.969250
108  1.556143 0.000001 0.000004  -0.322517 0.172073 0.502392
109  1.135906 0.000017 0.000004  0.063545 -0.115728 0.055119
110  3.084270 -0.668825 -1.257084  -0.697559 0.267075 -0.886990
111  1.064202 -0.000006 0.000007  0.031069 0.079716 -0.302408
112  0.640340 0.000003 -0.000008  -0.068274 -0.010162 -0.113546
113  3.396821 -0.242138 -0.708689  -0.377153 0.076767 -0.733249
114  1.532970 0.000005 0.000005  0.029715 0.013546 -0.248951
115  0.832978 -0.000003 -0.000003  -0.055351 -0.005844 -0.156612
116  4.209943 -0.440345 -1.019279  -0.296084 1.807853 -2.066381
117  4.266745 1.424935 0.424938  1.839564 0.419259 -1.211010
118  9.398564 0.011948 -0.082519  -0.054745 0.071276 -1.065467
119  10.242441 0.028176 -0.062908  -1.765369 0.116175 -0.028074
120  3.465749 -0.067527 0.002268  -0.146662 0.144439 -1.482378
121  1.655559 0.000000 0.000003  -0.164156 0.184463 -1.166696
122  0.960907 0.000003 0.000000  -0.018935 0.176620 -0.890998
123  3.466856 -0.077781 -0.920910  -0.345906 0.021130 -1.405113
124  1.497263 -0.000034 -0.000022  -0.569246 0.313524 -0.986932
125  0.793789 -0.000008 -0.000002  -0.224980 0.388706 -0.772651
126  0.595078 -0.467150 -0.829176  2.496989 0.699763 -0.529555
127  1.555676 0.000018 -0.000006  0.444198 0.348312 0.809838
128  1.136815 -0.000011 -0.000002  0.424999 0.399059 0.906784
129  3.075971 -0.667967 1.277700  0.301081 0.277000 -1.620654
130  1.064594 0.000023 0.000012  0.046915 -0.125236 -1.038822
131  0.640360 -0.000016 -0.000003  -0.104291 -0.023771 -0.471513
132  3.392409 -0.245367 0.728375  0.063844 0.192823 -1.598640
133  1.532739 -0.000004 -0.000002  -0.000848 0.025484 -1.121846
134  0.833150 0.000010 0.000005  -0.082770 -0.069998 -1.040855
135  3.590108 -3.090291 1.193973  1.635457 1.210566 1.548541
136  3.589558 -3.089879 -1.196372  -1.505736 1.210473 -1.592853
137  -0.436561 4.719028 -0.001077  -0.000591 -1.570733 1.692982
138  0.000001 2.775455 -0.000238  -0.135089 0.000001 -0.000000
139  0.000001 3.189767 0.000011  0.207820 -0.000000 0.000000
140  0.000000 3.504652 0.000052  -0.261876 0.000000 -0.000000
141  0.000000 2.863200 -0.000008  -0.051268 -0.000000 0.000000
time 6
0  0.199911 7.628384 38.975842  1.570862 0.000000 -0.000000
1  0.002636 43.025146 0.734438  0.550832 0.121737 0.283013
2  3.061858 -4.181012 -0.610804  0.076081 -1.232849 -3.020074
3  18.476774 0.000162 0.000001  -0.003933 -0.066953 0.859242
4  17.490086 0.000117 0.000004  0.420606 0.244601 -0.757620
5  -3.065330 -4.183574 -0.611481  -0.856517 -1.020385 -2.396725
6  18.474855 -0.000035 -0.000008  0.003038 0.065041 0.834231
7  17.489584 0.001918 -0.000006  0.116539 0.155390 -1.130938
8  -0.000117 -0.048882 -0.576227  1.275656 0.119184 1.521363
9  3.224482 0.767047 0.000496  -0.080277 0.011667 0.413886
10  3.223913 0.226400 -0.001944  -0.297854 -0.064286 0.411448
11  5.187321 -1.262562 -0.001179  0.000012 0.000066 0.194111
12  6.928408 -1.935312 -0.000227  2.881583 0.074453 0.392653
13  3.236364 1.079612 0.000056  0.280651 0.388338 0.558583
14 0.833755 3.805353 0.692955  -0.040491 0.554885 1.469871
15 0.000049 6.792204 0.000039  0.007990 0.036070 -0.011406
16 -0.000068 7.744817 0.000017  -0.017441 -0.155305 0.068150
17 0.000069 7.809700 0.000017  -0.033637 0.005026 0.006142
18 -0.000025 7.867676 0.000019  -0.073329 -0.127909 0.026375
19 3.494699 -1.749089 -3.006912  0.152547 2.070419 1.936945
20 0.000118 4.478323 0.000017  -0.194658 0.310431 -0.234995
21 0.000049 4.636110 -0.000029  0.035821 0.324592 -0.151768
22 -0.000043 5.008652 0.000012  0.075999 -0.286564 0.276091
23 0.000064 4.781164 0.000011  0.904399 -2.690903 -0.015798
24 2.253036 1.989063 -3.350106  -1.523631 1.324497 0.112400
25 0.000160 6.589460 0.000173  0.206354 -0.002129 -0.080395
26 0.000043 7.491420 0.000040  -0.333512 0.184455 -0.191166
27 0.000027 7.660300 -0.000058  -0.063175 0.127194 -0.062118
28 0.000007 7.256266 0.000021  -0.052939 -0.487829 0.313813
29 -0.791161 2.265123 -1.234655  -0.753899 1.136377 0.824672
30 -0.000260 8.572267 -0.000091  -0.222843 -0.296789 0.176504
31 -0.000096 8.117216 0.000047  0.072255 0.772520 -0.285589
32 -0.000081 8.230029 -0.000068  -0.080491 -0.347232 0.072254
33 0.000058 7.366725 0.000052  -0.015395 -0.663891 0.062742
34 0.224212 0.240128 -3.218158  -0.877381 1.468889 0.577825
35 -0.000101 7.721057 -0.000314  -0.283829 0.060497 -0.167556
36 -0.000030 7.374850 -0.000002  0.007536 -0.195022 0.049540
37 0.000074 6.848102 0.000007  0.005484 0.006496 -0.033649
38 -0.000054 7.777872 0.000009  -0.186097 0.182474 -0.152847
39 -1.514468 2.104650 -1.150167  -0.029092 0.541320 1.555677
40 -0.000168 6.982347 -0.000077  -0.199699 -0.041213 0.153490
41 0.000041 8.382865 -0.000072  0.044866 0.587987 -0.257961
42 0.000012 8.697711 -0.000026  -0.102637 -0.474319 0.290944
43 0.000055 8.921804 -0.000003  -0.076258 0.581004 -0.195605
44 1.196186 2.899154 -2.353086  -0.449719 1.030105 1.287427
45 0.000105 5.476939 0.000005  0.285574 -0.099352 -0.038446
46 -0.000075 6.060445 -0.000095  -0.155020 -0.575032 0.384610
47 0.000015 5.994262 0.000029  0.033940 0.288575 -0.067729
48 -0.000006 6.100487 0.000003  -0.068405 0.299273 -0.162153
49 0.000032 6.916760 0.000008  -0.096317 0.220533 -0.107966
50 0.000149 6.435059 -0.000044  -0.037459 0.171630 -0.116572
51 1.092790 3.649513 -1.738794  -0.148600 0.876612 1.445020
52 -0.000129 6.792200 -0.000103  0.008285 0.107792 -0.048643
53 -0.000088 7.744781 -0.000034  0.057137 -0.256893 0.015458
54 0.000083 9.115019 -0.000039  -0.020393 0.256253 -0.142636
55 3.494517 -1.749100 3.007064  0.118402 1.106974 1.813810
56 0.000015 4.323837 0.000088  -0.229909 -0.770942 0.449225
57 0.000028 4.872903 -0.000023  0.367244 -0.664052 -0.254033
58 0.000005 5.056655 0.000092  -0.511236 0.856586 -0.546324
59 2.292462 1.708619 3.661675  -1.762558 1.789110 -0.218972
60 -0.000174 6.589435 0.000268  -0.007132 -0.169123 0.176909
61 0.000171 7.491494 -0.000154  -0.132413 -0.107098 0.179328
62 -0.000139 8.249660 0.000142  0.041912 -0.058209 0.015814
63 0.000072 8.605236 -0.000026  0.101585 0.501824 -0.079697
64 -0.240492 2.066073 2.349267  -0.357331 2.461714 1.296080
65 -0.000082 7.721110 -0.000003  -0.208230 -0.126223 -0.116496
66 -0.000122 7.374869 -0.000047  -0.111018 0.046939 -0.046463
67 -0.000035 6.848060 -0.000027  0.273532 0.247523 0.299908
68 0.000034 7.777824 -0.000044  0.072921 0.186148 -0.052688
69 -0.000086 8.178052 0.000011  -0.087029 -0.422849 -0.381360
70 1.617601 3.431415 2.399266  -0.249454 2.569515 1.508571
71 -0.000167 5.476944 -0.000029  0.057729 0.074072 0.060285
72 -0.000094 6.060497 -0.000006  -0.015204 0.015650 -0.152065
73 0.000028 5.994255 0.000011  -0.126212 -0.157657 0.153302
74 -0.000080 7.076877 -0.000046  -0.008117 0.010385 0.036400
75 0.000006 7.089869 -0.000071  0.070875 0.098587 -0.025893
76 0.361109 0.886684 3.287746  -0.576373 1.978709 0.939011
77 -0.000065 6.686645 0.000223  -0.146568 0.414164 -0.327707
78 -0.000011 7.638015 0.000013  -0.079524 -0.025948 0.130956
79 -0.000031 7.290228 -0.000019  0.025325 -0.093908 0.023963
80 -0.000033 6.530373 0.000007  -0.261847 -0.300601 0.006734
81 0.000063 7.224882 0.000005  0.036506 0.032481 -0.175824
82 1.071894 3.225800 1.570115  -0.043806 2.859975 1.526247
83 0.000414 6.748898 -0.000065  -0.062702 0.083784 0.022202
84 -0.000046 8.002646 0.000026  -0.067496 -0.117209 -0.115599
85 0.000012 8.580572 -0.000098  0.088213 -0.007187 0.334604
86 0.000168 8.689829 -0.000041  0.065327 -0.412430 -0.134518
87 -1.514545 2.104638 0.318055  -0.024895 3.094490 1.569496
88 0.000193 6.982283 0.000011  -0.107589 -0.057624 -0.215715
89 -0.000008 8.382873 -0.000067  0.135031 -0.099914 0.287073
90 -0.000058 8.697672 0.000023  -0.148091 -0.510100 0.044839
91 -0.000133 8.921824 0.000080  -0.236826 -0.892635 0.098804
92 3.553612 -3.478043 2.409277  0.000820 0.762046 1.535309
93 -0.000003 4.476908 -0.000008  -0.151004 -0.588331 0.377259
94 0.000032 4.514120 -0.000024  -0.228867 -2.996200 0.592368
95 0.000044 4.518385 -0.000024  0.143171 2.612778 0.693385
96 0.000021 3.598325 0.000023  -0.749301 0.869853 -0.773231
97  4.209918 -0.440346 1.018823  -1.234625 -1.758663 -0.513230
98  4.265505 1.434233 -0.404993  -2.059598 -0.064275 -0.674866
99  9.400236 0.017938 0.083202  0.054432 -0.069075 -1.084290
100  10.242420 0.033591 0.064481  1.210490 -0.469680 0.522107
101  3.465857 -0.059677 0.016695  0.009890 -0.151562 -0.706647
102  1.655598 -0.000021 0.000022  -0.004309 -0.058765 0.002501
103  0.960770 0.000000 -0.000005  0.087641 0.083050 0.229477
104  3.462031 -0.064249 0.939909  0.366489 -0.271867 -0.712938
105  1.497175 -0.000008 0.000021  -0.486076 0.043226 0.005122
106  0.793758 0.000004 -0.000002  -0.013491 0.007352 -0.065600
107  0.591664 -0.460691 0.835207  -0.581120 -0.683765 -1.044186
108  1.556140 0.000002 -0.000004  -0.350852 0.167051 0.477162
109  1.135906 0.000017 0.000006  0.076201 -0.130985 0.008994
110  3.084270 -0.668818 -1.257084  -0.719575 0.285406 -0.904548
111  1.064204 -0.000004 0.000007  0.040363 0.059854 -0.098415
112  0.640334 0.000006 -0.000010  -0.079506 -0.018691 0.069996
113  3.396822 -0.242136 -0.708689  -0.389620 0.059108 -0.782663
114  1.532969 0.000008 0.000005  0.033451 0.016330 -0.064348
115  0.832972 -0.000002 -0.000004  -0.064062 0.003366 0.043734
116  4.209939 -0.440343 -1.019279  2.622431 1.111725 0.807027
117  4.266746 1.424941 0.424930  1.866542 0.207190 -1.373028
118  9.398567 0.011939 -0.082518  -0.066373 0.069860 -1.216650
119  10.242439 0.028179 -0.062908  -1.740907 0.186280 -0.140360
120  3.465747 -0.067526 0.002267  -0.146662 0.144439 -1.482378
121  1.655562 0.000007 0.000007  -0.164156 0.184463 -1.166697
122  0.960907 0.000002 -0.000001  -0.018935 0.176620 -0.890998
123  3.466857 -0.077781 -0.920908  -0.345906 0.021130 -1.405113
124  1.497260 -0.000034 -0.000019  -0.569246 0.313524 -0.986932
125  0.793789 -0.000007 0.000001  -0.224980 0.388706 -0.772651
126  0.595077 -0.467150 -0.829175  2.496989 0.699763 -0.529555
127  1.555674 0.000020 -0.000003  0.444198 0.348312 0.809838
128  1.136811 -0.000009 -0.000003  0.424999 0.399059 0.906784
129  3.075971 -0.667967 1.277700  0.301081 0.277000 -1.620654
130  1.064592 0.000019 0.000010  0.046915 -0.125236 -1.038822
131  0.640359 -0.000017 -0.000003  -0.104291 -0.023771 -0.471513
132  3.392407 -0.245366 0.728375  0.063844 0.192823 -1.598640
133  1.532736 -0.000009 -0.000003  -0.000848 0.025484 -1.121846
134  0.833154 0.000009 0.000006  -0.082770 -0.069998 -1.040855
135  3.590110 -3.090297 1.193970  1.635457 1.210566 1.548541
136  3.589558 -3.089877 -1.196374  -1.505736 1.210473 -1.592853
137  -0.436560 4.719025 -0.001078  -0.000591 -1.570733 1.693005
138  0.000000 2.775455 -0.000241  -0.135089 0.000001 -0.000000
139  -0.000001 3.189767 0.000008  0.207820 -0.000000 0.000000
140  -0.000002 3.504651 0.000046  -0.261876 0.000000 -0.000000
141  -0.000000 2.863200 -0.000002  -0.051268 -0.000000 -0.000000
time 7
0  0.312611 7.173844 39.300751  1.570862 0.000000 -0.000000
1  0.002636 43.025146 0.734438  0.566203 0.174445 0.336707
2  3.061855 -4.181009 -0.610804  -0.125685 -1.197142 -2.922123
3  18.476774 0.000156 -0.000001  -0.008273 -0.075574 0.977316
4  17.490086 0.000116 0.000005  0.491427 0.311432 -0.680454
5  -3.065331 -4.183569 -0.611481  -0.784013 -0.943888 -2.481315
6  18.474852 -0.000033 -0.000008  0.000327 0.057141 0.732127
7  17.489582 0.001916 -0.000007  0.113555 0.094342 -1.089340
8  -0.000119 -0.048877 -0.576226  1.253650 0.119593 1.537120
9  3.224482 0.767045 0.000496  -0.105190 0.042173 0.410565
10  3.223907 0.226398 -0.001945  -0.312625 -0.041637 0.411076
11  5.187320 -1.262559 -0.001177  0.000012 0.000066 0.194111
12  6.928410 -1.935310 -0.000227  2.872812 0.079791 0.392295
13  3.236364 1.079611 0.000058  0.233263 0.403946 0.548631
14 0.833755 3.805353 0.692955  -0.040491 0.554885 1.469871
15 0.000049 6.792204 0.000039  0.007990 0.036070 -0.011406
16 -0.000068 7.744817 0.000017  -0.017441 -0.155305 0.068150
17 0.000069 7.809700 0.000017  -0.033637 0.005026 0.006142
18 -0.000025 7.867676 0.000019  -0.073329 -0.127909 0.026375
19 3.494699 -1.749089 -3.006912  0.152547 2.070419 1.936945
20 0.000118 4.478323 0.000017  -0.194658 0.310431 -0.234995
21 0.000049 4.636110 -0.000029  0.035821 0.324592 -0.151768
22 -0.000043 5.008652 0.000012  0.075999 -0.286564 0.276091
23 0.000064 4.781164 0.000011  0.904399 -2.690903 -0.015798
24 2.253036 1.989063 -3.350106  -1.523631 1.324497 0.112400
25 0.000160 6.589460 0.000173  0.206354 -0.002129 -0.080395
26 0.000043 7.491420 0.000040  -0.333512 0.184455 -0.191166
27 0.000027 7.660300 -0.000058  -0.063175 0.127194 -0.062118
28 0.000007 7.256266 0.000021  -0.052939 -0.487829 0.313813
29 -0.791161 2.265123 -1.234655  -0.753899 1.136377 0.824672
30 -0.000260 8.572267 -0.000091  -0.222843 -0.296789 0.176504
31 -0.000096 8.117216 0.000047  0.072255 0.772520 -0.285589
32 -0.000081 8.230029 -0.000068  -0.080491 -0.347232 0.072254
33 0.000058 7.366725 0.000052  -0.015395 -0.663891 0.062742
34 0.224212 0.240128 -3.218158  -0.877381 1.468889 0.577825
35 -0.000101 7.721057 -0.000314  -0.283829 0.060497 -0.167556
36 -0.000030 7.374850 -0.000002  0.007536 -0.195022 0.049540
37 0.000074 6.848102 0.000007  0.005484 0.006496 -0.033649
38 -0.000054 7.777872 0.000009  -0.186097 0.182474 -0.152847
39 -1.514468 2.104650 -1.150167  -0.029092 0.541320 1.555677
40 -0.000168 6.982347 -0.000077  -0.199699 -0.041213 0.153490
41 0.000041 8.382865 -0.000072  0.044866 0.587987 -0.257961
42 0.000012 8.697711 -0.000026  -0.102637 -0.474319 0.290944
43 0.000055 8.921804 -0.000003  -0.076258 0.581004 -0.195605
44 1.196186 2.899154 -2.353086  -0.449719 1.030105 1.287427
45 0.000105 5.476939 0.000005  0.285574 -0.099352 -0.038446
46 -0.000075 6.060445 -0.000095  -0.155020 -0.575032 0.384610
47 0.000015 5.994262 0.000029  0.033940 0.288575 -0.067729
48 -0.000006 6.100487 0.000003  -0.068405 0.299273 -0.162153
49 0.000032 6.916760 0.000008  -0.096317 0.220533 -0.107966
50 0.000149 6.435059 -0.000044  -0.037459 0.171630 -0.116572
51 1.092790 3.649513 -1.738794  -0.148600 0.876612 1.445020
52 -0.000129 6.792200 -0.000103  0.008285 0.107792 -0.048643
53 -0.000088 7.744781 -0.000034  0.057137 -0.256893 0.015458
54 0.000083 9.115019 -0.000039  -0.020393 0.256253 -0.142636
55 3.494517 -1.749100 3.007064  0.118402 1.106974 1.813810
56 0.000015 4.323837 0.000088  -0.229909 -0.770942 0.449225
57 0.000028 4.872903 -0.000023  0.367244 -0.664052 -0.254033
58 0.000005 5.056655 0.000092  -0.511236 0.856586 -0.546324
59 2.292462 1.708619 3.661675  -1.762558 1.789110 -0.218972
60 -0.000174 6.589435 0.000268  -0.007132 -0.169123 0.176909
61 0.000171 7.491494 -0.000154  -0.132413 -0.107098 0.179328
62 -0.000139 8.249660 0.000142  0.041912 -0.058209 0.015814
63 0.000072 8.605236 -0.000026  0.101585 0.501824 -0.079697
64 -0.240492 2.066073 2.349267  -0.357331 2.461714 1.296080
65 -0.000082 7.721110 -0.000003  -0.208230 -0.126223 -0.116496
66 -0.000122 7.374869 -0.000047  -0.111018 0.046939 -0.046463
67 -0.000035 6.848060 -0.000027  0.273532 0.247523 0.299908
68 0.000034 7.777824 -0.000044  0.072921 0.186148 -0.052688
69 -0.000086 8.178052 0.000011  -0.087029 -0.422849 -0.381360
70 1.617601 3.431415 2.399266  -0.249454 2.569515 1.508571
71 -0.000167 5.476944 -0.000029  0.057729 0.074072 0.060285
72 -0.000094 6.060497 -0.000006  -0.015204 0.015650 -0.152065
73 0.000028 5.994255 0.000011  -0.126212 -0.157657 0.153302
74 -0.000080 7.076877 -0.000046  -0.008117 0.010385 0.036400
75 0.000006 7.089869 -0.000071  0.070875 0.098587 -0.025893
76 0.361109 0.886684 3.287746  -0.576373 1.978709 0.939011
77 -0.000065 6.686645 0.000223  -0.146568 0.414164 -0.327707
78 -0.000011 7.638015 0.000013  -0.079524 -0.025948 0.130956
79 -0.000031 7.290228 -0.000019  0.025325 -0.093908 0.023963
80 -0.000033 6.530373 0.000007  -0.261847 -0.300601 0.006734
81 0.000063 7.224882 0.000005  0.036506 0.032481 -0.175824
82 1.071894 3.225800 1.570115  -0.043806 2.859975 1.526247
83 0.000414 6.748898 -0.000065  -0.062702 0.083784 0.022202
84 -0.000046 8.002646 0.000026  -0.067496 -0.117209 -0.115599
85 0.000012 8.580572 -0.000098  0.088213 -0.007187 0.334604
86 0.000168 8.689829 -0.000041  0.065327 -0.412430 -0.134518
87 -1.514545 2.104638 0.318055  -0.024895 3.094490 1.569496
88 0.000193 6.982283 0.000011  -0.107589 -0.057624 -0.215715
89 -0.000008 8.382873 -0.000067  0.135031 -0.099914 0.287073
90 -0.000058 8.697672 0.000023  -0.148091 -0.510100 0.044839
91 -0.000133 8.921824 0.000080  -0.236826 -0.892635 0.098804
92 3.553612 -3.478043 2.409277  0.000820 0.762046 1.535309
93 -0.000003 4.476908 -0.000008  -0.151004 -0.588331 0.377259
94 0.000032 4.514120 -0.000024  -0.228867 -2.996200 0.592368
95 0.000044 4.518385 -0.000024  0.143171 2.612778 0.693385
96 0.000021 3.598325 0.000023  -0.749301 0.869853 -0.773231
97  4.209919 -0.440347 1.018824  -1.037094 -1.754750 -0.709046
98  4.265505 1.434229 -0.404992  -2.049365 -0.131801 -0.690147
99  9.400232 0.017944 0.083204  0.053334 -0.069158 -1.069749
100  10.242422 0.033591 0.064480  1.200236 -0.469408 0.519543
101  3.465858 -0.059675 0.016694  0.008614 -0.150998 -0.699812
102  1.655594 -0.000022 0.000022  -0.004178 -0.056945 0.012792
103  0.960768 -0.000001 -0.000007  0.088829 0.084546 0.241087
104  3.462030 -0.064243 0.939909  0.366414 -0.272747 -0.708333
105  1.497174 -0.000010 0.000019  -0.484687 0.053830 0.029209
106  0.793759 0.000001 -0.000001  -0.013090 0.004929 -0.037219
107  0.591664 -0.460687 0.835207  -0.580368 -0.682760 -1.042998
108  1.556139 0.000004 -0.000001  -0.354630 0.161200 0.461630
109  1.135910 0.000018 0.000004  0.076499 -0.131130 0.008735
110  3.084270 -0.668816 -1.257084  -0.721330 0.288778 -0.902165
111  1.064199 0.000000 0.000004  0.041021 0.057822 -0.078529
112  0.640338 0.000007 -0.000004  -0.079753 -0.018225 0.089878
113  3.396824 -0.242134 -0.708688  -0.391001 0.060554 -0.779909
114  1.532969 0.000007 0.000006  0.033816 0.016560 -0.047000
115  0.832975 -0.000003 -0.000005  -0.064203 0.005191 0.062080
116  4.209940 -0.440342 -1.019280  2.674718 1.122984 0.867140
117  4.266747 1.424940 0.424936  1.912895 -0.059986 -1.461298
118  9.398565 0.011944 -0.082515  -0.079223 0.066126 -1.389379
119  10.242437 0.028176 -0.062909  -1.700349 0.213368 -0.220669
120  3.465753 -0.067532 0.002269  -0.146662 0.144439 -1.482378
121  1.655562 0.000009 0.000007  -0.164156 0.184463 -1.166696
122  0.960906 0.000004 -0.000001  -0.018935 0.176620 -0.890998
123  3.466856 -0.077786 -0.920909  -0.345906 0.021130 -1.405113
124  1.497261 -0.000036 -0.000021  -0.569246 0.313524 -0.986932
125  0.793790 -0.000010 -0.000002  -0.224980 0.388706 -0.772651
126  0.595084 -0.467158 -0.829175  2.496989 0.699763 -0.529555
127  1.555672 0.000013 -0.000003  0.444198 0.348312 0.809838
128  1.136812 -0.000010 0.000000  0.424999 0.399059 0.906784
129  3.075977 -0.667973 1.277701  0.301081 0.277000 -1.620654
130  1.064595 0.000019 0.000011  0.046915 -0.125236 -1.038822
131  0.640362 -0.000016 -0.000003  -0.104291 -0.023771 -0.471513
132  3.392416 -0.245374 0.728376  0.063844 0.192823 -1.598641
133  1.532734 -0.000009 -0.000001  -0.000848 0.025485 -1.121846
134  0.833152 0.000005 0.000005  -0.082770 -0.069998 -1.040855
135  3.590110 -3.090293 1.193972  1.635457 1.210566 1.548541
136  3.589557 -3.089876 -1.196372  -1.505736 1.210473 -1.592853
137  -0.436560 4.719028 -0.001076  -0.000679 -1.570733 1.692835
138  0.000001 2.775455 -0.000241  -0.135089 0.000001 -0.000000
139  -0.000001 3.189768 0.000008  0.207820 -0.000000 0.000000
140  -0.000000 3.504651 0.000047  -0.261876 0.000000 -0.000000
141  -0.000001 2.863200 -0.000004  -0.051268 -0.000000 -0.000000
time 8
0  0.455595 6.636169 39.580338  1.570862 0.000000 -0.000000
1  0.002636 43.025146 0.734438  0.578722 0.193558 0.350969
2  3.061858 -4.181009 -0.610805  -0.441678 -1.167941 -2.638001
3  18.476776 0.000159 0.000000  -0.009828 -0.078145 1.014063
4  17.490089 0.000117 0.000003  0.552003 0.384441 -0.675853
5  -3.065329 -4.183571 -0.611480  -0.758290 -0.893171 -2.491192
6  18.474857 -0.000034 -0.000008  -0.001871 0.047098 0.606471
7  17.489586 0.001917 -0.000007  0.096161 0.026996 -1.037266
8  -0.000117 -0.048879 -0.576225  1.247984 0.121642 1.552804
9  3.224488 0.767046 0.000495  -0.108695 0.065534 0.406679
10  3.223911 0.226391 -0.001945  -0.313190 -0.025338 0.409114
11  5.187322 -1.262562 -0.001177  0.000012 0.000066 0.194111
12  6.928408 -1.935319 -0.000227  2.870836 0.086074 0.397922
13  3.236366 1.079613 0.000056  0.187519 0.415218 0.503155
14 0.833755 3.805353 0.692955  -0.040491 0.554885 1.469871
15 0.000049 6.792204 0.000039  0.007990 0.036070 -0.011406
16 -0.000068 7.744817 0.000017  -0.017441 -0.155305 0.068150
17 0.000069 7.809700 0.000017  -0.033637 0.005026 0.006142
18 -0.000025 7.867676 0.000019  -0.073329 -0.127909 0.026375
19 3.494699 -1.749089 -3.006912  0.152547 2.070419 1.936945
20 0.000118 4.478323 0.000017  -0.194658 0.310431 -0.234995
21 0.000049 4.636110 -0.000029  0.035821 0.324592 -0.151768
22 -0.000043 5.008652 0.000012  0.075999 -0.286564 0.276091
23 0.000064 4.781164 0.000011  0.904399 -2.690903 -0.015798
24 2.253036 1.989063 -3.350106  -1.523631 1.324497 0.112400
25 0.000160 6.589460 0.000173  0.206354 -0.002129 -0.080395
26 0.000043 7.491420 0.000040  -0.333512 0.184455 -0.191166
27 0.000027 7.660300 -0.000058  -0.063175 0.127194 -0.062118
28 0.000007 7.256266 0.000021  -0.052939 -0.487829 0.313813
29 -0.791161 2.265123 -1.234655  -0.753899 1.136377 0.824672
30 -0.000260 8.572267 -0.000091  -0.222843 -0.296789 0.176504
31 -0.000096 8.117216 0.000047  0.072255 0.772520 -0.285589
32 -0.000081 8.230029 -0.000068  -0.080491 -0.347232 0.072254
33 0.000058 7.366725 0.000052  -0.015395 -0.663891 0.062742
34 0.224212 0.240128 -3.218158  -0.877381 1.468889 0.577825
35 -0.000101 7.721057 -0.000314  -0.283829 0.060497 -0.167556
36 -0.000030 7.374850 -0.000002  0.007536 -0.195022 0.049540
37 0.000074 6.848102 0.000007  0.005484 0.006496 -0.033649
38 -0.000054 7.777872 0.000009  -0.186097 0.182474 -0.152847
39 -1.514468 2.104650 -1.150167  -0.029092 0.541320 1.555677
40 -0.000168 6.982347 -0.000077  -0.199699 -0.041213 0.153490
41 0.000041 8.382865 -0.000072  0.044866 0.587987 -0.257961
42 0.000012 8.697711 -0.000026  -0.102637 -0.474319 0.290944
43 0.000055 8.921804 -0.000003  -0.076258 0.581004 -0.195605
44 1.196186 2.899154 -2.353086  -0.449719 1.030105 1.287427
45 0.000105 5.476939 0.000005  0.285574 -0.099352 -0.038446
46 -0.000075 6.060445 -0.000095  -0.155020 -0.575032 0.384610
47 0.000015 5.994262 0.000029  0.033940 0.288575 -0.067729
48 -0.000006 6.100487 0.000003  -0.068405 0.299273 -0.162153
49 0.000032 6.916760 0.000008  -0.096317 0.220533 -0.107966
50 0.000149 6.435059 -0.000044  -0.037459 0.171630 -0.116572
51 1.092790 3.649513 -1.738794  -0.148600 0.876612 1.445020
52 -0.000129 6.792200 -0.000103  0.008285 0.107792 -0.048643
53 -0.000088 7.744781 -0.000034  0.057137 -0.256893 0.015458
54 0.000083 9.115019 -0.000039  -0.020393 0.256253 -0.142636
55 3.494517 -1.749100 3.007064  0.118402 1.106974 1.813810
56 0.000015 4.323837 0.000088  -0.229909 -0.770942 0.449225
57 0.000028 4.872903 -0.000023  0.367244 -0.664052 -0.254033
58 0.000005 5.056655 0.000092  -0.511236 0.856586 -0.546324
59 2.292462 1.708619 3.661675  -1.762558 1.789110 -0.218972
60 -0.000174 6.589435 0.000268  -0.007132 -0.169123 0.176909
61 0.000171 7.491494 -0.000154  -0.132413 -0.107098 0.179328
62 -0.000139 8.249660 0.000142  0.041912 -0.058209 0.015814
63 0.000072 8.605236 -0.000026  0.101585 0.501824 -0.079697
64 -0.240492 2.066073 2.349267  -0.357331 2.461714 1.296080
65 -0.000082 7.721110 -0.000003  -0.208230 -0.126223 -0.116496
66 -0.000122 7.374869 -0.000047  -0.111018 0.046939 -0.046463
67 -0.000035 6.848060 -0.000027  0.273532 0.247523 0.299908
68 0.000034 7.777824 -0.000044  0.072921 0.186148 -0.052688
69 -0.000086 8.178052 0.000011  -0.087029 -0.422849 -0.381360
70 1.617601 3.431415 2.399266  -0.249454 2.569515 1.508571
71 -0.000167 5.476944 -0.000029  0.057729 0.074072 0.060285
72 -0.000094 6.060497 -0.000006  -0.015204 0.015650 -0.152065
73 0.000028 5.994255 0.000011  -0.126212 -0.157657 0.153302
74 -0.000080 7.076877 -0.000046  -0.008117 0.010385 0.036400
75 0.000006 7.089869 -0.000071  0.070875 0.098587 -0.025893
76 0.361109 0.886684 3.287746  -0.576373 1.978709 0.939011
77 -0.000065 6.686645 0.000223  -0.146568 0.414164 -0.327707
78 -0.000011 7.638015 0.000013  -0.079524 -0.025948 0.130956
79 -0.000031 7.290228 -0.000019  0.025325 -0.093908 0.023963
80 -0.000033 6.530373 0.000007  -0.261847 -0.300601 0.006734
81 0.000063 7.224882 0.000005  0.036506 0.032481 -0.175824
82 1.071894 3.225800 1.570115  -0.043806 2.859975 1.526247
83 0.000414 6.748898 -0.000065  -0.062702 0.083784 0.022202
84 -0.000046 8.002646 0.000026  -0.067496 -0.117209 -0.115599
85 0.000012 8.580572 -0.000098  0.088213 -0.007187 0.334604
86 0.000168 8.689829 -0.000041  0.065327 -0.412430 -0.134518
87 -1.514545 2.104638 0.318055  -0.024895 3.094490 1.569496
88 0.000193 6.982283 0.000011  -0.107589 -0.057624 -0.215715
89 -0.000008 8.382873 -0.000067  0.135031 -0.099914 0.287073
90 -0.000058 8.697672 0.000023  -0.148091 -0.510100 0.044839
91 -0.000133 8.921824 0.000080  -0.236826 -0.892635 0.098804
92 3.553612 -3.478043 2.409277  0.000820 0.762046 1.535309
93 -0.000003 4.476908 -0.000008  -0.151004 -0.588331 0.377259
94 0.000032 4.514120 -0.000024  -0.228867 -2.996200 0.592368
95 0.000044 4.518385 -0.000024  0.143171 2.612778 0.693385
96 0.000021 3.598325 0.000023  -0.749301 0.869853 -0.773231
97  4.209919 -0.440349 1.018824  -0.710787 -1.751760 -1.035460
98  4.265506 1.434231 -0.404993  -2.044745 -0.220548 -0.696143
99  9.400236 0.017942 0.083201  0.052100 -0.069233 -1.053414
100  10.242420 0.033590 0.064482  1.214571 -0.486287 0.493686
101  3.465858 -0.059681 0.016695  0.002586 -0.140295 -0.662085
102  1.655591 -0.000021 0.000021  -0.005012 -0.062100 -0.018790
103  0.960768 -0.000003 -0.000007  0.083587 0.080744 0.205628
104  3.462030 -0.064248 0.939909  0.361020 -0.266220 -0.673653
105  1.497182 -0.000009 0.000021  -0.483942 0.055582 0.036231
106  0.793762 0.000005 0.000000  -0.012520 0.004266 -0.039005
107  0.591663 -0.460691 0.835207  -0.599449 -0.681433 -1.015941
108  1.556139 0.000002 0.000000  -0.349805 0.155699 0.450379
109  1.135908 0.000017 0.000004  0.072644 -0.126183 0.023960
110  3.084271 -0.668822 -1.257085  -0.716032 0.286941 -0.892927
111  1.064204 -0.000001 0.000005  0.039484 0.062030 -0.120814
112  0.640339 0.000006 -0.000008  -0.076054 -0.015047 0.054175
113  3.396823 -0.242139 -0.708689  -0.388620 0.068458 -0.759675
114  1.532970 0.000006 0.000006  0.033065 0.016138 -0.085980
115  0.832977 -0.000002 -0.000003  -0.061844 0.004351 0.019075
116  4.209942 -0.440345 -1.019279  -0.352851 1.969299 -2.140936
117  4.266745 1.424943 0.424940  1.991365 -0.287420 -1.532501
118  9.398566 0.011952 -0.082518  -0.088589 0.061766 -1.522667
119  10.242434 0.028176 -0.062909  -1.654435 0.237295 -0.274522
120  3.465749 -0.067527 0.002267  -0.146662 0.144439 -1.482378
121  1.655559 0.000011 0.000007  -0.164156 0.184463 -1.166697
122  0.960908 0.000005 0.000000  -0.018935 0.176620 -0.890998
123  3.466857 -0.077782 -0.920910  -0.345906 0.021130 -1.405113
124  1.497263 -0.000031 -0.000021  -0.569246 0.313524 -0.986932
125  0.793788 -0.000006 -0.000002  -0.224980 0.388706 -0.772651
126  0.595083 -0.467153 -0.829176  2.496989 0.699763 -0.529555
127  1.555676 0.000015 -0.000004  0.444198 0.348312 0.809838
128  1.136807 -0.000008 0.000000  0.424999 0.399059 0.906784
129  3.075976 -0.667968 1.277700  0.301081 0.277000 -1.620654
130  1.064591 0.000015 0.000011  0.046915 -0.125236 -1.038822
131  0.640362 -0.000016 -0.000004  -0.104291 -0.023771 -0.471513
132  3.392415 -0.245370 0.728376  0.063844 0.192823 -1.598641
133  1.532736 -0.000006 -0.000003  -0.000848 0.025485 -1.121846
134  0.833150 0.000009 0.000006  -0.082770 -0.069998 -1.040855
135  3.590111 -3.090294 1.193972  1.635457 1.210566 1.548541
136  3.589559 -3.089880 -1.196372  -1.505736 1.210473 -1.592853
137  -0.436559 4.719027 -0.001076  -0.000118 -1.570733 1.692653
138  0.000000 2.775455 -0.000235  -0.135089 0.000001 -0.000000
139  0.000000 3.189770 0.000003  0.207820 -0.000000 0.000000
140  0.000000 3.504652 0.000043  -0.261876 0.000000 -0.000000
141  0.000000 2.863201 -0.000005  -0.051268 -0.000000 0.000000
time 9
0  0.632481 6.094129 39.767239  1.570862 0.000000 -0.000000
1  0.002636 43.025146 0.734438  0.595748 0.182357 0.322882
2  3.061857 -4.181015 -0.610804  -0.824284 -1.052110 -2.195129
3  18.476780 0.000162 -0.000001  -0.005646 -0.070676 0.909347
4  17.490086 0.000116 0.000002  0.599112 0.558965 -0.925918
5  -3.065331 -4.183578 -0.611478  -0.761930 -0.887251 -2.451743
6  18.474854 -0.000034 -0.000008  -0.002790 0.036338 0.474542
7  17.489584 0.001916 -0.000007  0.072975 -0.034160 -0.978648
8  -0.000117 -0.048882 -0.576226  1.241674 0.130597 1.553901
9  3.224478 0.767051 0.000495  -0.116439 0.069090 0.393575
10  3.223916 0.226394 -0.001944  -0.318135 -0.021920 0.400687
11  5.187324 -1.262565 -0.001176  0.000012 0.000066 0.194111
12  6.928409 -1.935323 -0.000227  2.879935 0.068197 0.404956
13  3.236366 1.079617 0.000057  0.208299 0.424151 0.465217
14 0.833755 3.805353 0.692955  -0.040491 0.554885 1.469871
15 0.000049 6.792204 0.000039  0.007990 0.036070 -0.011406
16 -0.000068 7.744817 0.000017  -0.017441 -0.155305 0.068150
17 0.000069 7.809700 0.000017  -0.033637 0.005026 0.006142
18 -0.000025 7.867676 0.000019  -0.073329 -0.127909 0.026375
19 3.494699 -1.749089 -3.006912  0.152547 2.070419 1.936945
20 0.000118 4.478323 0.000017  -0.194658 0.310431 -0.234995
21 0.000049 4.636110 -0.000029  0.035821 0.324592 -0.151768
22 -0.000043 5.008652 0.000012  0.075999 -0.286564 0.276091
23 0.000064 4.781164 0.000011  0.904399 -2.690903 -0.015798
24 2.253036 1.989063 -3.350106  -1.523631 1.324497 0.112400
25 0.000160 6.589460 0.000173  0.206354 -0.002129 -0.080395
26 0.000043 7.491420 0.000040  -0.333512 0.184455 -0.191166
27 0.000027 7.660300 -0.000058  -0.063175 0.127194 -0.062118
28 0.000007 7.256266 0.000021  -0.052939 -0.487829 0.313813
29 -0.791161 2.265123 -1.234655  -0.753899 1.136377 0.824672
30 -0.000260 8.572267 -0.000091  -0.222843 -0.296789 0.176504
31 -0.000096 8.117216 0.000047  0.072255 0.772520 -0.285589
32 -0.000081 8.230029 -0.000068  -0.080491 -0.347232 0.072254
33 0.000058 7.366725 0.000052  -0.015395 -0.663891 0.062742
34 0.224212 0.240128 -3.218158  -0.877381 1.468889 0.577825
35 -0.000101 7.721057 -0.000314  -0.283829 0.060497 -0.167556
36 -0.000030 7.374850 -0.000002  0.007536 -0.195022 0.049540
37 0.000074 6.848102 0.000007  0.005484 0.006496 -0.033649
38 -0.000054 7.777872 0.000009  -0.186097 0.182474 -0.152847
39 -1.514468 2.104650 -1.150167  -0.029092 0.541320 1.555677
40 -0.000168 6.982347 -0.000077  -0.199699 -0.041213 0.153490
41 0.000041 8.382865 -0.000072  0.044866 0.587987 -0.257961
42 0.000012 8.697711 -0.000026  -0.102637 -0.474319 0.290944
43 0.000055 8.921804 -0.000003  -0.076258 0.581004 -0.195605
44 1.196186 2.899154 -2.353086  -0.449719 1.030105 1.287427
45 0.000105 5.476939 0.000005  0.285574 -0.099352 -0.038446
46 -0.000075 6.060445 -0.000095  -0.155020 -0.575032 0.384610
47 0.000015 5.994262 0.000029  0.033940 0.288575 -0.067729
48 -0.000006 6.100487 0.000003  -0.068405 0.299273 -0.162153
49 0.000032 6.916760 0.000008  -0.096317 0.220533 -0.107966
50 0.000149 6.435059 -0.000044  -0.037459 0.171630 -0.116572
51 1.092790 3.649513 -1.738794  -0.148600 0.876612 1.445020
52 -0.000129 6.792200 -0.000103  0.008285 0.107792 -0.048643
53 -0.000088 7.744781 -0.000034  0.057137 -0.256893 0.015458
54 0.000083 9.115019 -0.000039  -0.020393 0.256253 -0.142636
55 3.494517 -1.749100 3.007064  0.118402 1.106974 1.813810
56 0.000015 4.323837 0.000088  -0.229909 -0.770942 0.449225
57 0.000028 4.872903 -0.000023  0.367244 -0.664052 -0.254033
58 0.000005 5.056655 0.000092  -0.511236 0.856586 -0.546324
59 2.292462 1.708619 3.661675  -1.762558 1.789110 -0.218972
60 -0.000174 6.589435 0.000268  -0.007132 -0.169123 0.176909
61 0.000171 7.491494 -0.000154  -0.132413 -0.107098 0.179328
62 -0.000139 8.249660 0.000142  0.041912 -0.058209 0.015814
63 0.000072 8.605236 -0.000026  0.101585 0.501824 -0.079697
64 -0.240492 2.066073 2.349267  -0.357331 2.461714 1.296080
65 -0.000082 7.721110 -0.000003  -0.208230 -0.126223 -0.116496
66 -0.000122 7.374869 -0.000047  -0.111018 0.046939 -0.046463
67 -0.000035 6.848060 -0.000027  0.273532 0.247523 0.299908
68 0.000034 7.777824 -0.000044  0.072921 0.186148 -0.052688
69 -0.000086 8.178052 0.000011  -0.087029 -0.422849 -0.381360
70 1.617601 3.431415 2.399266  -0.249454 2.569515 1.508571
71 -0.000167 5.476944 -0.000029  0.057729 0.074072 0.060285
72 -0.000094 6.060497 -0.000006  -0.015204 0.015650 -0.152065
73 0.000028 5.994255 0.000011  -0.126212 -0.157657 0.153302
74 -0.000080 7.076877 -0.000046  -0.008117 0.010385 0.036400
75 0.000006 7.089869 -0.000071  0.070875 0.098587 -0.025893
76 0.361109 0.886684 3.287746  -0.576373 1.978709 0.939011
77 -0.000065 6.686645 0.000223  -0.146568 0.414164 -0.327707
78 -0.000011 7.638015 0.000013  -0.079524 -0.025948 0.130956
79 -0.000031 7.290228 -0.000019  0.025325 -0.093908 0.023963
80 -0.000033 6.530373 0.000007  -0.261847 -0.300601 0.006734
81 0.000063 7.224882 0.000005  0.036506 0.032481 -0.175824
82 1.071894 3.225800 1.570115  -0.043806 2.859975 1.526247
83 0.000414 6.748898 -0.000065  -0.062702 0.083784 0.022202
84 -0.000046 8.002646 0.000026  -0.067496 -0.117209 -0.115599
85 0.000012 8.580572 -0.000098  0.088213 -0.007187 0.334604
86 0.000168 8.689829 -0.000041  0.065327 -0.412430 -0.134518
87 -1.514545 2.104638 0.318055  -0.024895 3.094490 1.569496
88 0.000193 6.982283 0.000011  -0.107589 -0.057624 -0.215715
89 -0.000008 8.382873 -0.000067  0.135031 -0.099914 0.287073
90 -0.000058 8.697672 0.000023  -0.148091 -0.510100 0.044839
91 -0.000133 8.921824 0.000080  -0.236826 -0.892635 0.098804
92 3.553612 -3.478043 2.409277  0.000820 0.762046 1.535309
93 -0.000003 4.476908 -0.000008  -0.151004 -0.588331 0.377259
94 0.000032 4.514120 -0.000024  -0.228867 -2.996200 0.592368
95 0.000044 4.518385 -0.000024  0.143171 2.612778 0.693385
96 0.000021 3.598325 0.000023  -0.749301 0.869853 -0.773231
97  4.209920 -0.440352 1.018824  -0.673531 -1.747789 -1.073469
98  4.265506 1.434232 -0.404994  -2.030300 -0.269097 -0.680609
99  9.400227 0.017943 0.083200  0.051544 -0.069260 -1.046061
100  10.242422 0.033592 0.064477  1.225320 -0.497208 0.478836
101  3.465857 -0.059678 0.016694  -0.000565 -0.134900 -0.642112
102  1.655593 -0.000022 0.000022  -0.005344 -0.063870 -0.029974
103  0.960770 -0.000003 -0.000007  0.081553 0.079428 0.193054
104  3.462029 -0.064247 0.939910  0.358369 -0.263286 -0.655525
105  1.497176 -0.000008 0.000022  -0.482862 0.060856 0.049807
106  0.793759 0.000005 0.000000  -0.012072 0.002919 -0.027956
107  0.591664 -0.460690 0.835208  -0.609229 -0.678602 -1.001726
108  1.556143 0.000004 -0.000002  -0.347282 0.155043 0.448423
109  1.135903 0.000019 0.000007  0.070993 -0.122948 0.034617
110  3.084273 -0.668822 -1.257084  -0.714127 0.287318 -0.887628
111  1.064203 -0.000003 0.000005  0.038883 0.063545 -0.135846
112  0.640339 0.000005 -0.000010  -0.074540 -0.013351 0.042286
113  3.396825 -0.242137 -0.708687  -0.387879 0.072736 -0.749164
114  1.532965 0.000007 0.000006  0.032840 0.015994 -0.099246
115  0.832973 -0.000002 -0.000003  -0.060887 0.004628 0.004098
116  4.209941 -0.440350 -1.019279  -0.201272 1.957390 -1.972979
117  4.266745 1.424943 0.424943  1.988555 -0.411949 -1.550414
118  9.398566 0.011945 -0.082518  -0.089982 0.060983 -1.543260
119  10.242434 0.028177 -0.062908  -1.601261 0.272362 -0.279291
120  3.465748 -0.067526 0.002267  -0.146662 0.144439 -1.482378
121  1.655559 -0.000000 0.000005  -0.164156 0.184463 -1.166697
122  0.960908 0.000006 -0.000000  -0.018935 0.176620 -0.890998
123  3.466855 -0.077781 -0.920910  -0.345906 0.021130 -1.405113
124  1.497253 -0.000037 -0.000024  -0.569246 0.313524 -0.986932
125  0.793788 -0.000007 -0.000002  -0.224980 0.388706 -0.772651
126  0.595076 -0.467150 -0.829176  2.496989 0.699763 -0.529555
127  1.555672 0.000011 -0.000001  0.444198 0.348312 0.809838
128  1.136814 -0.000009 -0.000003  0.424999 0.399059 0.906784
129  3.075975 -0.667969 1.277701  0.301081 0.277000 -1.620654
130  1.064595 0.000021 0.000011  0.046915 -0.125236 -1.038822
131  0.640363 -0.000015 -0.000004  -0.104291 -0.023771 -0.471513
132  3.392408 -0.245368 0.728376  0.063844 0.192823 -1.598640
133  1.532736 -0.000013 -0.000003  -0.000848 0.025484 -1.121846
134  0.833153 0.000008 0.000006  -0.082770 -0.069998 -1.040855
135  3.590112 -3.090299 1.193973  1.635457 1.210566 1.548541
136  3.589561 -3.089887 -1.196372  -1.505736 1.210473 -1.592853
137  -0.436558 4.719020 -0.001076  -0.000472 -1.570733 1.692264
138  0.000001 2.775455 -0.000242  -0.135089 0.000001 -0.000000
139  -0.000002 3.189768 0.000006  0.207820 -0.000000 0.000000
140  0.000001 3.504651 0.000049  -0.261876 0.000000 -0.000000
141  -0.000001 2.863200 -0.000003  -0.051268 -0.000000 -0.000000
time 10
0  0.819266 5.496212 39.637730  1.570862 0.000000 -0.000000
1  0.002636 43.025146 0.734438  0.611409 0.152197 0.267752
2  3.061856 -4.181015 -0.610803  -1.134347 -0.737385 -1.747555
3  18.476776 0.000159 -0.000000  0.002711 -0.031618 0.416716
4  17.490088 0.000117 0.000003  0.605644 0.784128 -1.132516
5  -3.065331 -4.183581 -0.611479  -0.754582 -0.948720 -2.431672
6  18.474859 -0.000034 -0.000008  -0.002804 0.034956 0.457681
7  17.489586 0.001918 -0.000007  0.055560 -0.080329 -0.977979
8  -0.000117 -0.048884 -0.576228  1.241905 0.145721 1.555909
9  3.224486 0.767046 0.000496  -0.115585 0.070972 0.372589
10  3.223909 0.226401 -0.001943  -0.317253 -0.020191 0.386363
11  5.187322 -1.262557 -0.001178  0.000012 0.000066 0.194111
12  6.928411 -1.935305 -0.000225  2.896132 0.043276 0.407934
13  3.236362 1.079616 0.000055  0.257230 0.424487 0.427608
14 0.833755 3.805353 0.692955  -0.040491 0.554885 1.469871
15 0.000049 6.792204 0.000039  0.007990 0.036070 -0.011406
16 -0.000068 7.744817 0.000017  -0.017441 -0.155305 0.068150
17 0.000069 7.809700 0.000017  -0.033637 0.005026 0.006142
18 -0.000025 7.867676 0.000019  -0.073329 -0.127909 0.026375
19 3.494699 -1.749089 -3.006912  0.152547 2.070419 1.936945
20 0.000118 4.478323 0.000017  -0.194658 0.310431 -0.234995
21 0.000049 4.636110 -0.000029  0.035821 0.324592 -0.151768
22 -0.000043 5.008652 0.000012  0.075999 -0.286564 0.276091
23 0.000064 4.781164 0.000011  0.904399 -2.690903 -0.015798
24 2.253036 1.989063 -3.350106  -1.523631 1.324497 0.112400
25 0.000160 6.589460 0.000173  0.206354 -0.002129 -0.080395
26 0.000043 7.491420 0.000040  -0.333512 0.184455 -0.191166
27 0.000027 7.660300 -0.000058  -0.063175 0.127194 -0.062118
28 0.000007 7.256266 0.000021  -0.052939 -0.487829 0.313813
29 -0.791161 2.265123 -1.234655  -0.753899 1.136377 0.824672
30 -0.000260 8.572267 -0.000091  -0.222843 -0.296789 0.176504
31 -0.000096 8.117216 0.000047  0.072255 0.772520 -0.285589
32 -0.000081 8.230029 -0.000068  -0.080491 -0.347232 0.072254
33 0.000058 7.366725 0.000052  -0.015395 -0.663891 0.062742
34 0.224212 0.240128 -3.218158  -0.877381 1.468889 0.577825
35 -0.000101 7.721057 -0.000314  -0.283829 0.060497 -0.167556
36 -0.000030 7.374850 -0.000002  0.007536 -0.195022 0.049540
37 0.000074 6.848102 0.000007  0.005484 0.006496 -0.033649
38 -0.000054 7.777872 0.000009  -0.186097 0.182474 -0.152847
39 -1.514468 2.104650 -1.150167  -0.029092 0.541320 1.555677
40 -0.000168 6.982347 -0.000077  -0.199699 -0.041213 0.153490
41 0.000041 8.382865 -0.000072  0.044866 0.587987 -0.257961
42 0.000012 8.697711 -0.000026  -0.102637 -0.474319 0.290944
43 0.000055 8.921804 -0.000003  -0.076258 0.581004 -0.195605
44 1.196186 2.899154 -2.353086  -0.449719 1.030105 1.287427
45 0.000105 5.476939 0.000005  0.285574 -0.099352 -0.038446
46 -0.000075 6.060445 -0.000095  -0.155020 -0.575032 0.384610
47 0.000015 5.994262 0.000029  0.033940 0.288575 -0.067729
48 -0.000006 6.100487 0.000003  -0.068405 0.299273 -0.162153
49 0.000032 6.916760 0.000008  -0.096317 0.220533 -0.107966
50 0.000149 6.435059 -0.000044  -0.037459 0.171630 -0.116572
51 1.092790 3.649513 -1.738794  -0.148600 0.876612 1.445020
52 -0.000129 6.792200 -0.000103  0.008285 0.107792 -0.048643
53 -0.000088 7.744781 -0.000034  0.057137 -0.256893 0.015458
54 0.000083 9.115019 -0.000039  -0.020393 0.256253 -0.142636
55 3.494517 -1.749100 3.007064  0.118402 1.106974 1.813810
56 0.000015 4.323837 0.000088  -0.229909 -0.770942 0.449225
57 0.000028 4.872903 -0.000023  0.367244 -0.664052 -0.254033
58 0.000005 5.056655 0.000092  -0.511236 0.856586 -0.546324
59 2.292462 1.708619 3.661675  -1.762558 1.789110 -0.218972
60 -0.000174 6.589435 0.000268  -0.007132 -0.169123 0.176909
61 0.000171 7.491494 -0.000154  -0.132413 -0.107098 0.179328
62 -0.000139 8.249660 0.000142  0.041912 -0.058209 0.015814
63 0.000072 8.605236 -0.000026  0.101585 0.501824 -0.079697
64 -0.240492 2.066073 2.349267  -0.357331 2.461714 1.296080
65 -0.000082 7.721110 -0.000003  -0.208230 -0.126223 -0.116496
66 -0.000122 7.374869 -0.000047  -0.111018 0.046939 -0.046463
67 -0.000035 6.848060 -0.000027  0.273532 0.247523 0.299908
68 0.000034 7.777824 -0.000044  0.072921 0.186148 -0.052688
69 -0.000086 8.178052 0.000011  -0.087029 -0.422849 -0.381360
70 1.617601 3.431415 2.399266  -0.249454 2.569515 1.508571
71 -0.000167 5.476944 -0.000029  0.057729 0.074072 0.060285
72 -0.000094 6.060497 -0.000006  -0.015204 0.015650 -0.152065
73 0.000028 5.994255 0.000011  -0.126212 -0.157657 0.153302
74 -0.000080 7.076877 -0.000046  -0.008117 0.010385 0.036400
75 0.000006 7.089869 -0.000071  0.070875 0.098587 -0.025893
76 0.361109 0.886684 3.287746  -0.576373 1.978709 0.939011
77 -0.000065 6.686645 0.000223  -0.146568 0.414164 -0.327707
78 -0.000011 7.638015 0.000013  -0.079524 -0.025948 0.130956
79 -0.000031 7.290228 -0.000019  0.025325 -0.093908 0.023963
80 -0.000033 6.530373 0.000007  -0.261847 -0.300601 0.006734
81 0.000063 7.224882 0.000005  0.036506 0.032481 -0.175824
82 1.071894 3.225800 1.570115  -0.043806 2.859975 1.526247
83 0.000414 6.748898 -0.000065  -0.062702 0.083784 0.022202
84 -0.000046 8.002646 0.000026  -0.067496 -0.117209 -0.115599
85 0.000012 8.580572 -0.000098  0.088213 -0.007187 0.334604
86 0.000168 8.689829 -0.000041  0.065327 -0.412430 -0.134518
87 -1.514545 2.104638 0.318055  -0.024895 3.094490 1.569496
88 0.000193 6.982283 0.000011  -0.107589 -0.057624 -0.215715
89 -0.000008 8.382873 -0.000067  0.135031 -0.099914 0.287073
90 -0.000058 8.697672 0.000023  -0.148091 -0.510100 0.044839
91 -0.000133 8.921824 0.000080  -0.236826 -0.892635 0.098804
92 3.553612 -3.478043 2.409277  0.000820 0.762046 1.535309
93 -0.000003 4.476908 -0.000008  -0.151004 -0.588331 0.377259
94 0.000032 4.514120 -0.000024  -0.228867 -2.996200 0.592368
95 0.000044 4.518385 -0.000024  0.143171 2.612778 0.693385
96 0.000021 3.598325 0.000023  -0.749301 0.869853 -0.773231
97  4.209920 -0.440339 1.018825  -0.730421 -1.741447 -1.017116
98  4.265507 1.434230 -0.404986  -1.995306 -0.280626 -0.676387
99  9.400240 0.017943 0.083200  0.054480 -0.069071 -1.084939
100  10.242414 0.033590 0.064479  1.240326 -0.508222 0.463645
101  3.465858 -0.059675 0.016695  -0.003546 -0.129581 -0.622962
102  1.655596 -0.000024 0.000021  -0.005662 -0.065735 -0.041678
103  0.960768 -0.000004 -0.000010  0.079391 0.078008 0.179941
104  3.462028 -0.064244 0.939908  0.355757 -0.260362 -0.637646
105  1.497175 -0.000010 0.000022  -0.481819 0.065770 0.062538
106  0.793759 0.000003 -0.000002  -0.011652 0.001606 -0.018005
107  0.591661 -0.460688 0.835206  -0.619814 -0.674794 -0.987227
108  1.556138 0.000000 0.000004  -0.344006 0.156197 0.450550
109  1.135904 0.000017 0.000003  0.069596 -0.118707 0.048893
110  3.084271 -0.668821 -1.257085  -0.711945 0.287316 -0.882658
111  1.064201 -0.000004 0.000006  0.038210 0.065198 -0.152713
112  0.640335 0.000005 -0.000007  -0.073130 -0.011665 0.028439
113  3.396823 -0.242134 -0.708688  -0.386870 0.076635 -0.739652
114  1.532969 0.000008 0.000004  0.032550 0.015833 -0.113618
115  0.832977 -0.000002 -0.000003  -0.059916 0.004801 -0.011965
116  4.209942 -0.440336 -1.019278  -0.030213 1.949723 -1.784468
117  4.266745 1.424943 0.424936  1.932748 -0.487679 -1.503115
118  9.398567 0.011956 -0.082518  -0.087774 0.062208 -1.510699
119  10.242441 0.028178 -0.062909  -1.548918 0.307491 -0.255278
120  3.465745 -0.067530 0.002267  -0.146662 0.144439 -1.482378
121  1.655563 0.000008 0.000005  -0.164156 0.184463 -1.166697
122  0.960905 0.000004 -0.000001  -0.018935 0.176620 -0.890998
123  3.466855 -0.077785 -0.920910  -0.345906 0.021130 -1.405113
124  1.497260 -0.000032 -0.000025  -0.569246 0.313524 -0.986932
125  0.793789 -0.000012 -0.000001  -0.224980 0.388706 -0.772651
126  0.595078 -0.467154 -0.829176  2.496989 0.699763 -0.529555
127  1.555675 0.000016 -0.000002  0.444198 0.348312 0.809838
128  1.136816 -0.000009 -0.000002  0.424999 0.399059 0.906784
129  3.075973 -0.667971 1.277701  0.301081 0.277000 -1.620654
130  1.064595 0.000020 0.000011  0.046915 -0.125236 -1.038822
131  0.640363 -0.000019 -0.000004  -0.104291 -0.023771 -0.471513
132  3.392412 -0.245374 0.728376  0.063844 0.192823 -1.598641
133  1.532740 -0.000008 -0.000002  -0.000848 0.025484 -1.121846
134  0.833151 0.000008 0.000006  -0.082770 -0.069998 -1.040855
135  3.590111 -3.090295 1.193971  1.635457 1.210566 1.548541
136  3.589559 -3.089877 -1.196374  -1.505736 1.210473 -1.592853
137  -0.436560 4.719030 -0.001077  -0.000295 -1.570733 1.692880
138  0.000001 2.775454 -0.000241  -0.135089 0.000001 -0.000000
139  0.000000 3.189772 0.000007  0.207820 -0.000000 0.000000
140  -0.000001 3.504651 0.000045  -0.261876 0.000000 -0.000000
141  0.000001 2.863201 -0.000001  -0.051268 -0.000000 0.000000
time 11
0  1.013707 4.833720 38.748436  1.570862 0.000000 -0.000000
1  0.002636 43.025146 0.734438  0.625010 0.107850 0.198442
2  3.061856 -4.181010 -0.610805  -1.113319 -0.908221 -1.751544
3  18.476778 0.000159 -0.000001  0.000864 -0.052097 0.668268
4  17.490086 0.000116 0.000003  0.502384 0.770429 -1.332622
5  -3.065331 -4.183574 -0.611481  -0.525487 -1.183709 -2.712504
6  18.474857 -0.000030 -0.000008  0.003848 0.066976 0.859869
7  17.489584 0.001916 -0.000006  0.081443 -0.015123 -1.201508
8  -0.000118 -0.048881 -0.576228  1.249452 0.172500 1.575230
9  3.224485 0.767048 0.000496  -0.102922 0.093223 0.335649
10  3.223912 0.226394 -0.001943  -0.306547 -0.005188 0.360965
11  5.187318 -1.262558 -0.001177  0.000012 0.000066 0.194111
12  6.928408 -1.935310 -0.000226  2.919096 0.013974 0.402290
13  3.236365 1.079614 0.000057  0.331187 0.394724 0.416664
14 0.833755 3.805353 0.692955  -0.040491 0.554885 1.469871
15 0.000049 6.792204 0.000039  0.007990 0.036070 -0.011406
16 -0.000068 7.744817 0.000017  -0.017441 -0.155305 0.068150
17 0.000069 7.809700 0.000017  -0.033637 0.005026 0.006142
18 -0.000025 7.867676 0.000019  -0.073329 -0.127909 0.026375
19 3.494699 -1.749089 -3.006912  0.152547 2.070419 1.936945
20 0.000118 4.478323 0.000017  -0.194658 0.310431 -0.234995
21 0.000049 4.636110 -0.000029  0.035821 0.324592 -0.151768
22 -0.000043 5.008652 0.000012  0.075999 -0.286564 0.276091
23 0.000064 4.781164 0.000011  0.904399 -2.690903 -0.015798
24 2.253036 1.989063 -3.350106  -1.523631 1.324497 0.112400
25 0.000160 6.589460 0.000173  0.206354 -0.002129 -0.080395
26 0.000043 7.491420 0.000040  -0.333512 0.184455 -0.191166
27 0.000027 7.660300 -0.000058  -0.063175 0.127194 -0.062118
28 0.000007 7.256266 0.000021  -0.052939 -0.487829 0.313813
29 -0.791161 2.265123 -1.234655  -0.753899 1.136377 0.824672
30 -0.000260 8.572267 -0.000091  -0.222843 -0.296789 0.176504
31 -0.000096 8.117216 0.000047  0.072255 0.772520 -0.285589
32 -0.000081 8.230029 -0.000068  -0.080491 -0.347232 0.072254
33 0.000058 7.366725 0.000052  -0.015395 -0.663891 0.062742
34 0.224212 0.240128 -3.218158  -0.877381 1.468889 0.577825
35 -0.000101 7.721057 -0.000314  -0.283829 0.060497 -0.167556
36 -0.000030 7.374850 -0.000002  0.007536 -0.195022 0.049540
37 0.000074 6.848102 0.000007  0.005484 0.006496 -0.033649
38 -0.000054 7.777872 0.000009  -0.186097 0.182474 -0.152847
39 -1.514468 2.104650 -1.150167  -0.029092 0.541320 1.555677
40 -0.000168 6.982347 -0.000077  -0.199699 -0.041213 0.153490
41 0.000041 8.382865 -0.000072  0.044866 0.587987 -0.257961
42 0.000012 8.697711 -0.000026  -0.102637 -0.474319 0.290944
43 0.000055 8.921804 -0.000003  -0.076258 0.581004 -0.195605
44 1.196186 2.899154 -2.353086  -0.449719 1.030105 1.287427
45 0.000105 5.476939 0.000005  0.285574 -0.099352 -0.038446
46 -0.000075 6.060445 -0.000095  -0.155020 -0.575032 0.384610
47 0.000015 5.994262 0.000029  0.033940 0.288575 -0.067729
48 -0.000006 6.100487 0.000003  -0.068405 0.299273 -0.162153
49 0.000032 6.916760 0.000008  -0.096317 0.220533 -0.107966
50 0.000149 6.435059 -0.000044  -0.037459 0.171630 -0.116572
51 1.092790 3.649513 -1.738794  -0.148600 0.876612 1.445020
52 -0.000129 6.792200 -0.000103  0.008285 0.107792 -0.048643
53 -0.000088 7.744781 -0.000034  0.057137 -0.256893 0.015458
54 0.000083 9.115019 -0.000039  -0.020393 0.256253 -0.142636
55 3.494517 -1.749100 3.007064  0.118402 1.106974 1.813810
56 0.000015 4.323837 0.000088  -0.229909 -0.770942 0.449225
57 0.000028 4.872903 -0.000023  0.367244 -0.664052 -0.254033
58 0.000005 5.056655 0.000092  -0.511236 0.856586 -0.546324
59 2.292462 1.708619 3.661675  -1.762558 1.789110 -0.218972
60 -0.000174 6.589435 0.000268  -0.007132 -0.169123 0.176909
61 0.000171 7.491494 -0.000154  -0.132413 -0.107098 0.179328
62 -0.000139 8.249660 0.000142  0.041912 -0.058209 0.015814
63 0.000072 8.605236 -0.000026  0.101585 0.501824 -0.079697
64 -0.240492 2.066073 2.349267  -0.357331 2.461714 1.296080
65 -0.000082 7.721110 -0.000003  -0.208230 -0.126223 -0.116496
66 -0.000122 7.374869 -0.000047  -0.111018 0.046939 -0.046463
67 -0.000035 6.848060 -0.000027  0.273532 0.247523 0.299908
68 0.000034 7.777824 -0.000044  0.072921 0.186148 -0.052688
69 -0.000086 8.178052 0.000011  -0.087029 -0.422849 -0.381360
70 1.617601 3.431415 2.399266  -0.249454 2.569515 1.508571
71 -0.000167 5.476944 -0.000029  0.057729 0.074072 0.060285
72 -0.000094 6.060497 -0.000006  -0.015204 0.015650 -0.152065
73 0.000028 5.994255 0.000011  -0.126212 -0.157657 0.153302
74 -0.000080 7.076877 -0.000046  -0.008117 0.010385 0.036400
75 0.000006 7.089869 -0.000071  0.070875 0.098587 -0.025893
76 0.361109 0.886684 3.287746  -0.576373 1.978709 0.939011
77 -0.000065 6.686645 0.000223  -0.146568 0.414164 -0.327707
78 -0.000011 7.638015 0.000013  -0.079524 -0.025948 0.130956
79 -0.000031 7.290228 -0.000019  0.025325 -0.093908 0.023963
80 -0.000033 6.530373 0.000007  -0.261847 -0.300601 0.006734
81 0.000063 7.224882 0.000005  0.036506 0.032481 -0.175824
82 1.071894 3.225800 1.570115  -0.043806 2.859975 1.526247
83 0.000414 6.748898 -0.000065  -0.062702 0.083784 0.022202
84 -0.000046 8.002646 0.000026  -0.067496 -0.117209 -0.115599
85 0.000012 8.580572 -0.000098  0.088213 -0.007187 0.334604
86 0.000168 8.689829 -0.000041  0.065327 -0.412430 -0.134518
87 -1.514545 2.104638 0.318055  -0.024895 3.094490 1.569496
88 0.000193 6.982283 0.000011  -0.107589 -0.057624 -0.215715
89 -0.000008 8.382873 -0.000067  0.135031 -0.099914 0.287073
90 -0.000058 8.697672 0.000023  -0.148091 -0.510100 0.044839
91 -0.000133 8.921824 0.000080  -0.236826 -0.892635 0.098804
92 3.553612 -3.478043 2.409277  0.000820 0.762046 1.535309
93 -0.000003 4.476908 -0.000008  -0.151004 -0.588331 0.377259
94 0.000032 4.514120 -0.000024  -0.228867 -2.996200 0.592368
95 0.000044 4.518385 -0.000024  0.143171 2.612778 0.693385
96 0.000021 3.598325 0.000023  -0.749301 0.869853 -0.773231
97  4.209918 -0.440343 1.018824  -0.896215 -1.737091 -0.851576
98  4.265502 1.434232 -0.404989  -1.903212 -0.224357 -0.713639
99  9.400232 0.017938 0.083205  0.065816 -0.067248 -1.236734
100  10.242419 0.033589 0.064481  1.260235 -0.516755 0.447738
101  3.465859 -0.059681 0.016695  -0.006289 -0.124222 -0.604141
102  1.655590 -0.000023 0.000022  -0.005966 -0.067689 -0.053890
103  0.960768 -0.000000 -0.000005  0.077227 0.076539 0.166283
104  3.462033 -0.064250 0.939909  0.353186 -0.257196 -0.619076
105  1.497180 -0.000006 0.000022  -0.480652 0.070613 0.075300
106  0.793756 0.000004 -0.000002  -0.011249 0.000355 -0.008106
107  0.591665 -0.460695 0.835206  -0.630928 -0.669181 -0.972767
108  1.556142 0.000006 0.000002  -0.340547 0.157632 0.453613
109  1.135906 0.000018 0.000007  0.068450 -0.112840 0.069402
110  3.084272 -0.668824 -1.257085  -0.709525 0.286668 -0.878334
111  1.064196 -0.000002 0.000005  0.037415 0.066954 -0.170624
112  0.640343 0.000005 -0.000010  -0.071729 -0.009976 0.013673
113  3.396827 -0.242142 -0.708689  -0.385442 0.079596 -0.732206
114  1.532970 0.000008 0.000007  0.032327 0.015680 -0.127873
115  0.832977 -0.000004 -0.000003  -0.058842 0.005076 -0.027960
116  4.209940 -0.440340 -1.019279  0.151766 1.923652 -1.588585
117  4.266747 1.424939 0.424937  1.828173 -0.535101 -1.355192
118  9.398569 0.011950 -0.082514  -0.083855 0.064160 -1.454265
119  10.242441 0.028175 -0.062908  -1.507224 0.338596 -0.214207
120  3.465747 -0.067529 0.002268  -0.146662 0.144439 -1.482378
121  1.655561 0.000010 0.000006  -0.164156 0.184463 -1.166697
122  0.960907 0.000003 0.000001  -0.018935 0.176620 -0.890998
123  3.466856 -0.077782 -0.920909  -0.345906 0.021130 -1.405113
124  1.497260 -0.000033 -0.000022  -0.569246 0.313524 -0.986932
125  0.793788 -0.000005 0.000000  -0.224980 0.388706 -0.772651
126  0.595080 -0.467154 -0.829176  2.496989 0.699763 -0.529555
127  1.555675 0.000016 -0.000002  0.444198 0.348312 0.809838
128  1.136812 -0.000009 -0.000001  0.424999 0.399059 0.906784
129  3.075974 -0.667971 1.277701  0.301081 0.277000 -1.620654
130  1.064593 0.000016 0.000010  0.046915 -0.125236 -1.038822
131  0.640365 -0.000016 -0.000003  -0.104291 -0.023771 -0.471513
132  3.392412 -0.245370 0.728376  0.063844 0.192823 -1.598640
133  1.532735 -0.000001 -0.000001  -0.000848 0.025484 -1.121846
134  0.833152 0.000008 0.000005  -0.082770 -0.069998 -1.040855
135  3.590107 -3.090293 1.193972  1.635457 1.210566 1.548541
136  3.589558 -3.089879 -1.196373  -1.505736 1.210473 -1.592853
137  -0.436562 4.719026 -0.001076  -0.000709 -1.570733 1.693247
138  0.000001 2.775455 -0.000243  -0.135089 0.000001 0.000000
139  0.000002 3.189769 0.000006  0.207820 -0.000000 0.000000
140  0.000000 3.504651 0.000044  -0.261876 0.000000 -0.000000
141  -0.000001 2.863201 -0.000002  -0.051268 0.000000 0.000000
time 12
0  1.213559 4.097914 37.710892  1.570862 0.000000 -0.000000
1  0.002636 43.025146 0.734438  0.634220 0.056674 0.123796
2  3.061857 -4.181017 -0.610805  -1.092523 -1.057561 -1.743047
3  18.476776 0.000159 -0.000001  -0.004719 -0.068738 0.883086
4  17.490088 0.000117 0.000003  0.441901 0.734804 -1.438321
5  -3.065330 -4.183578 -0.611483  -0.034991 -1.365330 3.035527
6  18.474852 -0.000037 -0.000008  0.023193 0.094388 1.273338
7  17.489582 0.001916 -0.000006  0.108087 0.087383 -1.405462
8  -0.000117 -0.048885 -0.576229  1.267938 0.197234 1.595570
9  3.224487 0.767044 0.000496  -0.076841 0.113046 0.302838
10  3.223910 0.226400 -0.001944  -0.287010 0.006825 0.337466
11  5.187320 -1.262561 -0.001178  0.000012 0.000066 0.194111
12  6.928411 -1.935309 -0.000228  2.943958 0.000234 0.381558
13  3.236367 1.079613 0.000057  0.376537 0.363496 0.370446
14 0.833755 3.805353 0.692955  -0.040491 0.554885 1.469871
15 0.000049 6.792204 0.000039  0.007990 0.036070 -0.011406
16 -0.000068 7.744817 0.000017  -0.017441 -0.155305 0.068150
17 0.000069 7.809700 0.000017  -0.033637 0.005026 0.006142
18 -0.000025 7.867676 0.000019  -0.073329 -0.127909 0.026375
19 3.494699 -1.749089 -3.006912  0.152547 2.070419 1.936945
20 0.000118 4.478323 0.000017  -0.194658 0.310431 -0.234995
21 0.000049 4.636110 -0.000029  0.035821 0.324592 -0.151768
22 -0.000043 5.008652 0.000012  0.075999 -0.286564 0.276091
23 0.000064 4.781164 0.000011  0.904399 -2.690903 -0.015798
24 2.253036 1.989063 -3.350106  -1.523631 1.324497 0.112400
25 0.000160 6.589460 0.000173  0.206354 -0.002129 -0.080395
26 0.000043 7.491420 0.000040  -0.333512 0.184455 -0.191166
27 0.000027 7.660300 -0.000058  -0.063175 0.127194 -0.062118
28 0.000007 7.256266 0.000021  -0.052939 -0.487829 0.313813
29 -0.791161 2.265123 -1.234655  -0.753899 1.136377 0.824672
30 -0.000260 8.572267 -0.000091  -0.222843 -0.296789 0.176504
31 -0.000096 8.117216 0.000047  0.072255 0.772520 -0.285589
32 -0.000081 8.230029 -0.000068  -0.080491 -0.347232 0.072254
33 0.000058 7.366725 0.000052  -0.015395 -0.663891 0.062742
34 0.224212 0.240128 -3.218158  -0.877381 1.468889 0.577825
35 -0.000101 7.721057 -0.000314  -0.283829 0.060497 -0.167556
36 -0.000030 7.374850 -0.000002  0.007536 -0.195022 0.049540
37 0.000074 6.848102 0.000007  0.005484 0.006496 -0.033649
38 -0.000054 7.777872 0.000009  -0.186097 0.182474 -0.152847
39 -1.514468 2.104650 -1.150167  -0.029092 0.541320 1.555677
40 -0.000168 6.982347 -0.000077  -0.199699 -0.041213 0.153490
41 0.000041 8.382865 -0.000072  0.044866 0.587987 -0.257961
42 0.000012 8.697711 -0.000026  -0.102637 -0.474319 0.290944
43 0.000055 8.921804 -0.000003  -0.076258 0.581004 -0.195605
44 1.196186 2.899154 -2.353086  -0.449719 1.030105 1.287427
45 0.000105 5.476939 0.000005  0.285574 -0.099352 -0.038446
46 -0.000075 6.060445 -0.000095  -0.155020 -0.575032 0.384610
47 0.000015 5.994262 0.000029  0.033940 0.288575 -0.067729
48 -0.000006 6.100487 0.000003  -0.068405 0.299273 -0.162153
49 0.000032 6.916760 0.000008  -0.096317 0.220533 -0.107966
50 0.000149 6.435059 -0.000044  -0.037459 0.171630 -0.116572
51 1.092790 3.649513 -1.738794  -0.148600 0.876612 1.445020
52 -0.000129 6.792200 -0.000103  0.008285 0.107792 -0.048643
53 -0.000088 7.744781 -0.000034  0.057137 -0.256893 0.015458
54 0.000083 9.115019 -0.000039  -0.020393 0.256253 -0.142636
55 3.494517 -1.749100 3.007064  0.118402 1.106974 1.813810
56 0.000015 4.323837 0.000088  -0.229909 -0.770942 0.449225
57 0.000028 4.872903 -0.000023  0.367244 -0.664052 -0.254033
58 0.000005 5.056655 0.000092  -0.511236 0.856586 -0.546324
59 2.292462 1.708619 3.661675  -1.762558 1.789110 -0.218972
60 -0.000174 6.589435 0.000268  -0.007132 -0.169123 0.176909
61 0.000171 7.491494 -0.000154  -0.132413 -0.107098 0.179328
62 -0.000139 8.249660 0.000142  0.041912 -0.058209 0.015814
63 0.000072 8.605236 -0.000026  0.101585 0.501824 -0.079697
64 -0.240492 2.066073 2.349267  -0.357331 2.461714 1.296080
65 -0.000082 7.721110 -0.000003  -0.208230 -0.126223 -0.116496
66 -0.000122 7.374869 -0.000047  -0.111018 0.046939 -0.046463
67 -0.000035 6.848060 -0.000027  0.273532 0.247523 0.299908
68 0.000034 7.777824 -0.000044  0.072921 0.186148 -0.052688
69 -0.000086 8.178052 0.000011  -0.087029 -0.422849 -0.381360
70 1.617601 3.431415 2.399266  -0.249454 2.569515 1.508571
71 -0.000167 5.476944 -0.000029  0.057729 0.074072 0.060285
72 -0.000094 6.060497 -0.000006  -0.015204 0.015650 -0.152065
73 0.000028 5.994255 0.000011  -0.126212 -0.157657 0.153302
74 -0.000080 7.076877 -0.000046  -0.008117 0.010385 0.036400
75 0.000006 7.089869 -0.000071  0.070875 0.098587 -0.025893
76 0.361109 0.886684 3.287746  -0.576373 1.978709 0.939011
77 -0.000065 6.686645 0.000223  -0.146568 0.414164 -0.327707
78 -0.000011 7.638015 0.000013  -0.079524 -0.025948 0.130956
79 -0.000031 7.290228 -0.000019  0.025325 -0.093908 0.023963
80 -0.000033 6.530373 0.000007  -0.261847 -0.300601 0.006734
81 0.000063 7.224882 0.000005  0.036506 0.032481 -0.175824
82 1.071894 3.225800 1.570115  -0.043806 2.859975 1.526247
83 0.000414 6.748898 -0.000065  -0.062702 0.083784 0.022202
84 -0.000046 8.002646 0.000026  -0.067496 -0.117209 -0.115599
85 0.000012 8.580572 -0.000098  0.088213 -0.007187 0.334604
86 0.000168 8.689829 -0.000041  0.065327 -0.412430 -0.134518
87 -1.514545 2.104638 0.318055  -0.024895 3.094490 1.569496
88 0.000193 6.982283 0.000011  -0.107589 -0.057624 -0.215715
89 -0.000008 8.382873 -0.000067  0.135031 -0.099914 0.287073
90 -0.000058 8.697672 0.000023  -0.148091 -0.510100 0.044839
91 -0.000133 8.921824 0.000080  -0.236826 -0.892635 0.098804
92 3.553612 -3.478043 2.409277  0.000820 0.762046 1.535309
93 -0.000003 4.476908 -0.000008  -0.151004 -0.588331 0.377259
94 0.000032 4.514120 -0.000024  -0.228867 -2.996200 0.592368
95 0.000044 4.518385 -0.000024  0.143171 2.612778 0.693385
96 0.000021 3.598325 0.000023  -0.749301 0.869853 -0.773231
97  4.209921 -0.440341 1.018822  -0.948206 -1.747432 -0.798380
98  4.265509 1.434232 -0.404985  -1.831427 -0.134269 -0.733415
99  9.400234 0.017941 0.083200  0.079268 -0.062653 -1.424749
100  10.242415 0.033591 0.064478  1.278697 -0.526803 0.432604
101  3.465858 -0.059676 0.016692  -0.009043 -0.118703 -0.585210
102  1.655592 -0.000023 0.000025  -0.006248 -0.069830 -0.067131
103  0.960768 -0.000004 -0.000004  0.074976 0.074739 0.151440
104  3.462030 -0.064244 0.939906  0.350638 -0.253926 -0.600317
105  1.497180 -0.000008 0.000023  -0.479576 0.074869 0.086650
106  0.793761 0.000003 -0.000003  -0.010817 -0.000797 0.000021
107  0.591664 -0.460689 0.835203  -0.642089 -0.663953 -0.958117
108  1.556140 0.000002 -0.000006  -0.336913 0.158986 0.456642
109  1.135903 0.000018 0.000005  0.067614 -0.106069 0.093348
110  3.084271 -0.668820 -1.257088  -0.707011 0.285862 -0.874136
111  1.064200 -0.000002 0.000006  0.036546 0.068800 -0.190013
112  0.640345 0.000006 -0.000006  -0.070268 -0.008193 -0.002559
113  3.396826 -0.242138 -0.708692  -0.383958 0.082704 -0.724476
114  1.532973 0.000007 0.000006  0.032043 0.015506 -0.143729
115  0.832972 -0.000003 -0.000003  -0.057744 0.005218 -0.045713
116  4.209944 -0.440339 -1.019280  0.387689 1.909738 -1.340264
117  4.266747 1.424939 0.424932  1.713390 -0.533491 -1.190395
118  9.398567 0.011952 -0.082517  -0.079305 0.066095 -1.390508
119  10.242444 0.028177 -0.062905  -1.474689 0.366405 -0.164595
120  3.465747 -0.067526 0.002267  -0.146662 0.144439 -1.482378
121  1.655556 0.000006 0.000005  -0.164156 0.184463 -1.166697
122  0.960909 0.000005 0.000001  -0.018935 0.176620 -0.890998
123  3.466853 -0.077779 -0.920910  -0.345906 0.021130 -1.405112
124  1.497261 -0.000031 -0.000020  -0.569246 0.313524 -0.986932
125  0.793788 -0.000012 -0.000001  -0.224980 0.388706 -0.772651
126  0.595073 -0.467148 -0.829176  2.496989 0.699763 -0.529555
127  1.555673 0.000015 0.000000  0.444198 0.348312 0.809838
128  1.136812 -0.000011 -0.000002  0.424999 0.399059 0.906783
129  3.075968 -0.667964 1.277701  0.301081 0.277000 -1.620654
130  1.064595 0.000020 0.000010  0.046915 -0.125236 -1.038822
131  0.640362 -0.000016 -0.000004  -0.104291 -0.023771 -0.471513
132  3.392409 -0.245368 0.728376  0.063844 0.192823 -1.598641
133  1.532740 -0.000008 -0.000001  -0.000848 0.025484 -1.121846
134  0.833149 0.000012 0.000005  -0.082770 -0.069998 -1.040855
135  3.590110 -3.090298 1.193971  1.635457 1.210566 1.548541
136  3.589558 -3.089883 -1.196375  -1.505736 1.210473 -1.592853
137  -0.436559 4.719022 -0.001079  -0.000118 -1.570733 1.693043
138  -0.000001 2.775458 -0.000236  -0.135089 0.000001 -0.000000
139  0.000001 3.189770 0.000010  0.207820 -0.000000 -0.000000
140  -0.000000 3.504653 0.000047  -0.261876 0.000000 -0.000000
141  -0.000002 2.863199 -0.000004  -0.051268 -0.000000 0.000000
time 13
0  1.416577 3.280031 37.060287  1.570862 0.000000 -0.000000
1  0.002636 43.025146 0.734438  0.635706 0.005894 0.052566
2  3.061857 -4.181015 -0.610805  -1.107542 -1.152669 -1.686604
3  18.476776 0.000156 -0.000001  -0.009333 -0.077359 1.002691
4  17.490084 0.000117 0.000003  0.392239 0.699897 -1.481225
5  -3.065330 -4.183580 -0.611480  -0.398277 -1.405479 -2.820281
6  18.474861 -0.000030 -0.000008  0.043426 0.108177 1.574197
7  17.489586 0.001917 -0.000006  0.033504 0.032238 -1.550789
8  -0.000117 -0.048885 -0.576227  1.305560 0.203968 1.603715
9  3.224484 0.767046 0.000496  -0.025357 0.109208 0.297079
10  3.223909 0.226399 -0.001945  -0.252540 0.000063 0.330193
11  5.187319 -1.262561 -0.001174  0.000012 0.000066 0.194111
12  6.928407 -1.935312 -0.000228  2.966712 0.019591 0.339180
13  3.236366 1.079606 0.000056  0.346912 0.317566 0.252277
14 0.833755 3.805353 0.692955  -0.040491 0.554885 1.469871
15 0.000049 6.792204 0.000039  0.007990 0.036070 -0.011406
16 -0.000068 7.744817 0.000017  -0.017441 -0.155305 0.068150
17 0.000069 7.809700 0.000017  -0.033637 0.005026 0.006142
18 -0.000025 7.867676 0.000019  -0.073329 -0.127909 0.026375
19 3.494699 -1.749089 -3.006912  0.152547 2.070419 1.936945
20 0.000118 4.478323 0.000017  -0.194658 0.310431 -0.234995
21 0.000049 4.636110 -0.000029  0.035821 0.324592 -0.151768
22 -0.000043 5.008652 0.000012  0.075999 -0.286564 0.276091
23 0.000064 4.781164 0.000011  0.904399 -2.690903 -0.015798
24 2.253036 1.989063 -3.350106  -1.523631 1.324497 0.112400
25 0.000160 6.589460 0.000173  0.206354 -0.002129 -0.080395
26 0.000043 7.491420 0.000040  -0.333512 0.184455 -0.191166
27 0.000027 7.660300 -0.000058  -0.063175 0.127194 -0.062118
28 0.000007 7.256266 0.000021  -0.052939 -0.487829 0.313813
29 -0.791161 2.265123 -1.234655  -0.753899 1.136377 0.824672
30 -0.000260 8.572267 -0.000091  -0.222843 -0.296789 0.176504
31 -0.000096 8.117216 0.000047  0.072255 0.772520 -0.285589
32 -0.000081 8.230029 -0.000068  -0.080491 -0.347232 0.072254
33 0.000058 7.366725 0.000052  -0.015395 -0.663891 0.062742
34 0.224212 0.240128 -3.218158  -0.877381 1.468889 0.577825
35 -0.000101 7.721057 -0.000314  -0.283829 0.060497 -0.167556
36 -0.000030 7.374850 -0.000002  0.007536 -0.195022 0.049540
37 0.000074 6.848102 0.000007  0.005484 0.006496 -0.033649
38 -0.000054 7.777872 0.000009  -0.186097 0.182474 -0.152847
39 -1.514468 2.104650 -1.150167  -0.029092 0.541320 1.555677
40 -0.000168 6.982347 -0.000077  -0.199699 -0.041213 0.153490
41 0.000041 8.382865 -0.000072  0.044866 0.587987 -0.257961
42 0.000012 8.697711 -0.000026  -0.102637 -0.474319 0.290944
43 0.000055 8.921804 -0.000003  -0.076258 0.581004 -0.195605
44 1.196186 2.899154 -2.353086  -0.449719 1.030105 1.287427
45 0.000105 5.476939 0.000005  0.285574 -0.099352 -0.038446
46 -0.000075 6.060445 -0.000095  -0.155020 -0.575032 0.384610
47 0.000015 5.994262 0.000029  0.033940 0.288575 -0.067729
48 -0.000006 6.100487 0.000003  -0.068405 0.299273 -0.162153
49 0.000032 6.916760 0.000008  -0.096317 0.220533 -0.107966
50 0.000149 6.435059 -0.000044  -0.037459 0.171630 -0.116572
51 1.092790 3.649513 -1.738794  -0.148600 0.876612 1.445020
52 -0.000129 6.792200 -0.000103  0.008285 0.107792 -0.048643
53 -0.000088 7.744781 -0.000034  0.057137 -0.256893 0.015458
54 0.000083 9.115019 -0.000039  -0.020393 0.256253 -0.142636
55 3.494517 -1.749100 3.007064  0.118402 1.106974 1.813810
56 0.000015 4.323837 0.000088  -0.229909 -0.770942 0.449225
57 0.000028 4.872903 -0.000023  0.367244 -0.664052 -0.254033
58 0.000005 5.056655 0.000092  -0.511236 0.856586 -0.546324
59 2.292462 1.708619 3.661675  -1.762558 1.789110 -0.218972
60 -0.000174 6.589435 0.000268  -0.007132 -0.169123 0.176909
61 0.000171 7.491494 -0.000154  -0.132413 -0.107098 0.179328
62 -0.000139 8.249660 0.000142  0.041912 -0.058209 0.015814
63 0.000072 8.605236 -0.000026  0.101585 0.501824 -0.079697
64 -0.240492 2.066073 2.349267  -0.357331 2.461714 1.296080
65 -0.000082 7.721110 -0.000003  -0.208230 -0.126223 -0.116496
66 -0.000122 7.374869 -0.000047  -0.111018 0.046939 -0.046463
67 -0.000035 6.848060 -0.000027  0.273532 0.247523 0.299908
68 0.000034 7.777824 -0.000044  0.072921 0.186148 -0.052688
69 -0.000086 8.178052 0.000011  -0.087029 -0.422849 -0.381360
70 1.617601 3.431415 2.399266  -0.249454 2.569515 1.508571
71 -0.000167 5.476944 -0.000029  0.057729 0.074072 0.060285
72 -0.000094 6.060497 -0.000006  -0.015204 0.015650 -0.152065
73 0.000028 5.994255 0.000011  -0.126212 -0.157657 0.153302
74 -0.000080 7.076877 -0.000046  -0.008117 0.010385 0.036400
75 0.000006 7.089869 -0.000071  0.070875 0.098587 -0.025893
76 0.361109 0.886684 3.287746  -0.576373 1.978709 0.939011
77 -0.000065 6.686645 0.000223  -0.146568 0.414164 -0.327707
78 -0.000011 7.638015 0.000013  -0.079524 -0.025948 0.130956
79 -0.000031 7.290228 -0.000019  0.025325 -0.093908 0.023963
80 -0.000033 6.530373 0.000007  -0.261847 -0.300601 0.006734
81 0.000063 7.224882 0.000005  0.036506 0.032481 -0.175824
82 1.071894 3.225800 1.570115  -0.043806 2.859975 1.526247
83 0.000414 6.748898 -0.000065  -0.062702 0.083784 0.022202
84 -0.000046 8.002646 0.000026  -0.067496 -0.117209 -0.115599
85 0.000012 8.580572 -0.000098  0.088213 -0.007187 0.334604
86 0.000168 8.689829 -0.000041  0.065327 -0.412430 -0.134518
87 -1.514545 2.104638 0.318055  -0.024895 3.094490 1.569496
88 0.000193 6.982283 0.000011  -0.107589 -0.057624 -0.215715
89 -0.000008 8.382873 -0.000067  0.135031 -0.099914 0.287073
90 -0.000058 8.697672 0.000023  -0.148091 -0.510100 0.044839
91 -0.000133 8.921824 0.000080  -0.236826 -0.892635 0.098804
92 3.553612 -3.478043 2.409277  0.000820 0.762046 1.535309
93 -0.000003 4.476908 -0.000008  -0.151004 -0.588331 0.377259
94 0.000032 4.514120 -0.000024  -0.228867 -2.996200 0.592368
95 0.000044 4.518385 -0.000024  0.143171 2.612778 0.693385
96 0.000021 3.598325 0.000023  -0.749301 0.869853 -0.773231
97  4.209919 -0.440345 1.018823  -0.617856 -1.798489 -1.122225
98  4.265507 1.434233 -0.404984  -1.885870 -0.028018 -0.708887
99  9.400233 0.017946 0.083202  0.091518 -0.055703 -1.611001
100  10.242421 0.033590 0.064479  1.288610 -0.544656 0.417874
101  3.465857 -0.059681 0.016691  -0.011618 -0.113003 -0.566053
102  1.655596 -0.000023 0.000020  -0.006495 -0.072307 -0.082155
103  0.960769 -0.000001 -0.000010  0.072549 0.072722 0.134590
104  3.462031 -0.064247 0.939908  0.348232 -0.250686 -0.585793
105  1.497177 -0.000008 0.000023  -0.478721 0.077421 0.094137
106  0.793760 0.000003 -0.000000  -0.010452 -0.001482 0.003643
107  0.591664 -0.460694 0.835205  -0.652555 -0.661340 -0.943195
108  1.556141 0.000001 -0.000000  -0.333581 0.159116 0.456999
109  1.135907 0.000019 0.000004  0.067140 -0.098136 0.121985
110  3.084273 -0.668823 -1.257085  -0.704428 0.285156 -0.869478
111  1.064202 -0.000003 0.000007  0.035580 0.070816 -0.211059
112  0.640337 0.000002 -0.000010  -0.068813 -0.006430 -0.020326
113  3.396824 -0.242139 -0.708689  -0.382658 0.086860 -0.713930
114  1.532972 0.000009 0.000006  0.031641 0.015227 -0.163700
115  0.832976 -0.000003 -0.000002  -0.056803 0.004931 -0.067659
116  4.209940 -0.440343 -1.019280  0.674589 1.958626 -1.033652
117  4.266747 1.424941 0.424936  1.686186 -0.448578 -1.073825
118  9.398565 0.011947 -0.082516  -0.077659 0.066712 -1.367855
119  10.242435 0.028176 -0.062909  -1.474333 0.390391 -0.124311
120  3.465745 -0.067529 0.002267  -0.146662 0.144439 -1.482378
121  1.655557 0.000006 0.000005  -0.164156 0.184463 -1.166697
122  0.960908 0.000001 -0.000002  -0.018935 0.176620 -0.890998
123  3.466853 -0.077782 -0.920910  -0.345906 0.021130 -1.405113
124  1.497257 -0.000037 -0.000023  -0.569246 0.313524 -0.986932
125  0.793788 -0.000010 -0.000002  -0.224980 0.388706 -0.772651
126  0.595080 -0.467153 -0.829176  2.496989 0.699763 -0.529555
127  1.555679 0.000015 -0.000001  0.444198 0.348312 0.809838
128  1.136805 -0.000009 -0.000002  0.424999 0.399059 0.906784
129  3.075972 -0.667970 1.277701  0.301081 0.277000 -1.620654
130  1.064594 0.000021 0.000011  0.046915 -0.125236 -1.038822
131  0.640359 -0.000015 -0.000004  -0.104291 -0.023771 -0.471513
132  3.392412 -0.245370 0.728376  0.063844 0.192823 -1.598641
133  1.532737 -0.000009 -0.000001  -0.000848 0.025484 -1.121846
134  0.833148 0.000008 0.000006  -0.082770 -0.069998 -1.040855
135  3.590111 -3.090298 1.193974  1.635457 1.210566 1.548541
136  3.589559 -3.089885 -1.196371  -1.505736 1.210473 -1.592853
137  -0.436561 4.719022 -0.001074  -0.000709 -1.570733 1.693423
138  0.000001 2.775455 -0.000237  -0.135089 0.000001 -0.000000
139  -0.000001 3.189768 0.000013  0.207820 -0.000000 0.000000
140  -0.000000 3.504654 0.000045  -0.261876 0.000000 -0.000000
141  -0.000002 2.863202 0.000001  -0.051268 -0.000000 0.000000
time 14
0  1.620516 2.371383 36.582119  1.570862 0.000000 -0.000000
1  0.002636 43.025146 0.734438  0.624820 -0.042176 -0.000295
2  3.061858 -4.181009 -0.610803  -1.137775 -1.208418 -1.621453
3  18.476770 0.000158 0.000000  -0.012700 -0.082401 1.076871
4  17.490086 0.000118 0.000004  0.350438 0.669882 -1.494754
5  -3.065330 -4.183575 -0.611477  -1.095211 -1.217740 -2.061652
6  18.474859 -0.000032 -0.000007  0.047172 0.109863 1.624463
7  17.489580 0.001917 -0.000006  -0.040934 -0.014722 -1.625438
8  -0.000117 -0.048881 -0.576222  1.345369 0.204996 1.605325
9  3.224487 0.767046 0.000496  0.028597 0.095426 0.299223
10  3.223907 0.226397 -0.001945  -0.217305 -0.013642 0.327847
11  5.187316 -1.262558 -0.001176  0.000012 0.000066 0.194111
12  6.928407 -1.935311 -0.000224  2.988523 0.051583 0.288174
13  3.236363 1.079615 0.000059  0.317205 0.259493 0.127200
14 0.833755 3.805353 0.692955  -0.040491 0.554885 1.469871
15 0.000049 6.792204 0.000039  0.007990 0.036070 -0.011406
16 -0.000068 7.744817 0.000017  -0.017441 -0.155305 0.068150
17 0.000069 7.809700 0.000017  -0.033637 0.005026 0.006142
18 -0.000025 7.867676 0.000019  -0.073329 -0.127909 0.026375
19 3.494699 -1.749089 -3.006912  0.152547 2.070419 1.936945
20 0.000118 4.478323 0.000017  -0.194658 0.310431 -0.234995
21 0.000049 4.636110 -0.000029  0.035821 0.324592 -0.151768
22 -0.000043 5.008652 0.000012  0.075999 -0.286564 0.276091
23 0.000064 4.781164 0.000011  0.904399 -2.690903 -0.015798
24 2.253036 1.989063 -3.350106  -1.523631 1.324497 0.112400
25 0.000160 6.589460 0.000173  0.206354 -0.002129 -0.080395
26 0.000043 7.491420 0.000040  -0.333512 0.184455 -0.191166
27 0.000027 7.660300 -0.000058  -0.063175 0.127194 -0.062118
28 0.000007 7.256266 0.000021  -0.052939 -0.487829 0.313813
29 -0.791161 2.265123 -1.234655  -0.753899 1.136377 0.824672
30 -0.000260 8.572267 -0.000091  -0.222843 -0.296789 0.176504
31 -0.000096 8.117216 0.000047  0.072255 0.772520 -0.285589
32 -0.000081 8.230029 -0.000068  -0.080491 -0.347232 0.072254
33 0.000058 7.366725 0.000052  -0.015395 -0.663891 0.062742
34 0.224212 0.240128 -3.218158  -0.877381 1.468889 0.577825
35 -0.000101 7.721057 -0.000314  -0.283829 0.060497 -0.167556
36 -0.000030 7.374850 -0.000002  0.007536 -0.195022 0.049540
37 0.000074 6.848102 0.000007  0.005484 0.006496 -0.033649
38 -0.000054 7.777872 0.000009  -0.186097 0.182474 -0.152847
39 -1.514468 2.104650 -1.150167  -0.029092 0.541320 1.555677
40 -0.000168 6.982347 -0.000077  -0.199699 -0.041213 0.153490
41 0.000041 8.382865 -0.000072  0.044866 0.587987 -0.257961
42 0.000012 8.697711 -0.000026  -0.102637 -0.474319 0.290944
43 0.000055 8.921804 -0.000003  -0.076258 0.581004 -0.195605
44 1.196186 2.899154 -2.353086  -0.449719 1.030105 1.287427
45 0.000105 5.476939 0.000005  0.285574 -0.099352 -0.038446
46 -0.000075 6.060445 -0.000095  -0.155020 -0.575032 0.384610
47 0.000015 5.994262 0.000029  0.033940 0.288575 -0.067729
48 -0.000006 6.100487 0.000003  -0.068405 0.299273 -0.162153
49 0.000032 6.916760 0.000008  -0.096317 0.220533 -0.107966
50 0.000149 6.435059 -0.000044  -0.037459 0.171630 -0.116572
51 1.092790 3.649513 -1.738794  -0.148600 0.876612 1.445020
52 -0.000129 6.792200 -0.000103  0.008285 0.107792 -0.048643
53 -0.000088 7.744781 -0.000034  0.057137 -0.256893 0.015458
54 0.000083 9.115019 -0.000039  -0.020393 0.256253 -0.142636
55 3.494517 -1.749100 3.007064  0.118402 1.106974 1.813810
56 0.000015 4.323837 0.000088  -0.229909 -0.770942 0.449225
57 0.000028 4.872903 -0.000023  0.367244 -0.664052 -0.254033
58 0.000005 5.056655 0.000092  -0.511236 0.856586 -0.546324
59 2.292462 1.708619 3.661675  -1.762558 1.789110 -0.218972
60 -0.000174 6.589435 0.000268  -0.007132 -0.169123 0.176909
61 0.000171 7.491494 -0.000154  -0.132413 -0.107098 0.179328
62 -0.000139 8.249660 0.000142  0.041912 -0.058209 0.015814
63 0.000072 8.605236 -0.000026  0.101585 0.501824 -0.079697
64 -0.240492 2.066073 2.349267  -0.357331 2.461714 1.296080
65 -0.000082 7.721110 -0.000003  -0.208230 -0.126223 -0.116496
66 -0.000122 7.374869 -0.000047  -0.111018 0.046939 -0.046463
67 -0.000035 6.848060 -0.000027  0.273532 0.247523 0.299908
68 0.000034 7.777824 -0.000044  0.072921 0.186148 -0.052688
69 -0.000086 8.178052 0.000011  -0.087029 -0.422849 -0.381360
70 1.617601 3.431415 2.399266  -0.249454 2.569515 1.508571
71 -0.000167 5.476944 -0.000029  0.057729 0.074072 0.060285
72 -0.000094 6.060497 -0.000006  -0.015204 0.015650 -0.152065
73 0.000028 5.994255 0.000011  -0.126212 -0.157657 0.153302
74 -0.000080 7.076877 -0.000046  -0.008117 0.010385 0.036400
75 0.000006 7.089869 -0.000071  0.070875 0.098587 -0.025893
76 0.361109 0.886684 3.287746  -0.576373 1.978709 0.939011
77 -0.000065 6.686645 0.000223  -0.146568 0.414164 -0.327707
78 -0.000011 7.638015 0.000013  -0.079524 -0.025948 0.130956
79 -0.000031 7.290228 -0.000019  0.025325 -0.093908 0.023963
80 -0.000033 6.530373 0.000007  -0.261847 -0.300601 0.006734
81 0.000063 7.224882 0.000005  0.036506 0.032481 -0.175824
82 1.071894 3.225800 1.570115  -0.043806 2.859975 1.526247
83 0.000414 6.748898 -0.000065  -0.062702 0.083784 0.022202
84 -0.000046 8.002646 0.000026  -0.067496 -0.117209 -0.115599
85 0.000012 8.580572 -0.000098  0.088213 -0.007187 0.334604
86 0.000168 8.689829 -0.000041  0.065327 -0.412430 -0.134518
87 -1.514545 2.104638 0.318055  -0.024895 3.094490 1.569496
88 0.000193 6.982283 0.000011  -0.107589 -0.057624 -0.215715
89 -0.000008 8.382873 -0.000067  0.135031 -0.099914 0.287073
90 -0.000058 8.697672 0.000023  -0.148091 -0.510100 0.044839
91 -0.000133 8.921824 0.000080  -0.236826 -0.892635 0.098804
92 3.553612 -3.478043 2.409277  0.000820 0.762046 1.535309
93 -0.000003 4.476908 -0.000008  -0.151004 -0.588331 0.377259
94 0.000032 4.514120 -0.000024  -0.228867 -2.996200 0.592368
95 0.000044 4.518385 -0.000024  0.143171 2.612778 0.693385
96 0.000021 3.598325 0.000023  -0.749301 0.869853 -0.773231
97  4.209917 -0.440343 1.018825  -0.411096 -1.867715 -1.322144
98  4.265504 1.434230 -0.404989  -1.954171 0.058352 -0.691392
99  9.400234 0.017940 0.083202  0.099536 -0.049254 -1.746932
100  10.242423 0.033588 0.064485  1.294110 -0.562005 0.408089
101  3.465856 -0.059681 0.016698  -0.014308 -0.106843 -0.545318
102  1.655592 -0.000018 0.000021  -0.006707 -0.074973 -0.098255
103  0.960771 -0.000001 -0.000007  0.070059 0.070487 0.116603
104  3.462029 -0.064248 0.939912  0.345640 -0.246853 -0.563066
105  1.497180 -0.000009 0.000019  -0.477899 0.080014 0.101739
106  0.793760 0.000006 -0.000006  -0.010085 -0.002283 0.007193
107  0.591663 -0.460693 0.835212  -0.663066 -0.659705 -0.928014
108  1.556139 0.000003 0.000002  -0.330301 0.158727 0.456330
109  1.135909 0.000020 0.000004  0.066496 -0.091204 0.146357
110  3.084271 -0.668824 -1.257083  -0.701762 0.284450 -0.864453
111  1.064206 -0.000003 0.000004  0.034508 0.072996 -0.233771
112  0.640340 0.000006 -0.000009  -0.067313 -0.004496 -0.039685
113  3.396824 -0.242138 -0.708684  -0.381434 0.091699 -0.701576
114  1.532969 0.000008 0.000008  0.031244 0.014936 -0.184669
115  0.832975 -0.000005 -0.000005  -0.055789 0.004619 -0.090752
116  4.209939 -0.440344 -1.019277  0.841617 2.025427 -0.850599
117  4.266744 1.424940 0.424940  1.687572 -0.342642 -1.001921
118  9.398565 0.011950 -0.082515  -0.075102 0.067588 -1.333007
119  10.242442 0.028177 -0.062907  -1.484461 0.402067 -0.102299
120  3.465746 -0.067529 0.002268  -0.146662 0.144439 -1.482378
121  1.655554 -0.000000 0.000005  -0.164156 0.184463 -1.166697
122  0.960908 0.000003 0.000001  -0.018935 0.176620 -0.890998
123  3.466850 -0.077781 -0.920909  -0.345906 0.021130 -1.405113
124  1.497262 -0.000034 -0.000022  -0.569246 0.313524 -0.986932
125  0.793788 -0.000006 0.000001  -0.224980 0.388706 -0.772651
126  0.595078 -0.467152 -0.829176  2.496989 0.699763 -0.529555
127  1.555671 0.000016 -0.000002  0.444198 0.348312 0.809838
128  1.136813 -0.000009 -0.000003  0.424999 0.399059 0.906784
129  3.075974 -0.667969 1.277701  0.301081 0.277000 -1.620654
130  1.064592 0.000015 0.000010  0.046915 -0.125236 -1.038822
131  0.640360 -0.000013 -0.000003  -0.104291 -0.023771 -0.471513
132  3.392410 -0.245371 0.728376  0.063844 0.192823 -1.598641
133  1.532737 -0.000010 -0.000002  -0.000848 0.025484 -1.121846
134  0.833150 0.000011 0.000006  -0.082770 -0.069998 -1.040855
135  3.590107 -3.090293 1.193972  1.635457 1.210566 1.548541
136  3.589556 -3.089880 -1.196374  -1.505736 1.210473 -1.592853
137  -0.436563 4.719025 -0.001076  0.000000 -1.570733 1.693802
138  0.000000 2.775455 -0.000238  -0.135089 0.000001 -0.000000
139  -0.000000 3.189768 0.000008  0.207820 -0.000000 0.000000
140  0.000001 3.504653 0.000041  -0.261876 0.000000 -0.000000
141  -0.000001 2.863197 0.000001  -0.051268 -0.000000 0.000000
time 15
0  1.861906 0.887599 36.320026  1.570862 0.000000 -0.000000
1  0.002636 43.025146 0.734438  0.577321 -0.094141 -0.020545
2  3.061858 -4.181017 -0.610804  -1.156241 -1.187957 -1.591121
3  18.476776 0.000159 -0.000000  -0.014390 -0.084656 1.111334
4  17.490084 0.000116 0.000005  0.313608 0.634276 -1.505136
5  -3.065330 -4.183584 -0.611478  -1.262045 -1.003075 -1.895848
6  18.474852 -0.000033 -0.000008  0.039841 0.106346 1.524876
7  17.489584 0.001917 -0.000007  0.044377 0.036081 -1.706111
8  -0.000117 -0.048889 -0.576228  1.372595 0.206762 1.599924
9  3.224478 0.767049 0.000496  0.064198 0.077046 0.298618
10  3.223907 0.226404 -0.001945  -0.194720 -0.028925 0.324856
11  5.187320 -1.262560 -0.001179  0.000012 0.000066 0.194111
12  6.928411 -1.935312 -0.000227  3.005702 0.084458 0.241273
13  3.236367 1.079609 0.000059  0.317089 0.224884 0.022819
14 0.833755 3.805353 0.692955  -0.040491 0.554885 1.469871
15 0.000049 6.792204 0.000039  0.007990 0.036070 -0.011406
16 -0.000068 7.744817 0.000017  -0.017441 -0.155305 0.068150
17 0.000069 7.809700 0.000017  -0.033637 0.005026 0.006142
18 -0.000025 7.867676 0.000019  -0.073329 -0.127909 0.026375
19 3.494699 -1.749089 -3.006912  0.152547 2.070419 1.936945
20 0.000118 4.478323 0.000017  -0.194658 0.310431 -0.234995
21 0.000049 4.636110 -0.000029  0.035821 0.324592 -0.151768
22 -0.000043 5.008652 0.000012  0.075999 -0.286564 0.276091
23 0.000064 4.781164 0.000011  0.904399 -2.690903 -0.015798
24 2.253036 1.989063 -3.350106  -1.523631 1.324497 0.112400
25 0.000160 6.589460 0.000173  0.206354 -0.002129 -0.080395
26 0.000043 7.491420 0.000040  -0.333512 0.184455 -0.191166
27 0.000027 7.660300 -0.000058  -0.063175 0.127194 -0.062118
28 0.000007 7.256266 0.000021  -0.052939 -0.487829 0.313813
29 -0.791161 2.265123 -1.234655  -0.753899 1.136377 0.824672
30 -0.000260 8.572267 -0.000091  -0.222843 -0.296789 0.176504
31 -0.000096 8.117216 0.000047  0.072255 0.772520 -0.285589
32 -0.000081 8.230029 -0.000068  -0.080491 -0.347232 0.072254
33 0.000058 7.366725 0.000052  -0.015395 -0.663891 0.062742
34 0.224212 0.240128 -3.218158  -0.877381 1.468889 0.577825
35 -0.000101 7.721057 -0.000314  -0.283829 0.060497 -0.167556
36 -0.000030 7.374850 -0.000002  0.007536 -0.195022 0.049540
37 0.000074 6.848102 0.000007  0.005484 0.006496 -0.033649
38 -0.000054 7.777872 0.000009  -0.186097 0.182474 -0.152847
39 -1.514468 2.104650 -1.150167  -0.029092 0.541320 1.555677
40 -0.000168 6.982347 -0.000077  -0.199699 -0.041213 0.153490
41 0.000041 8.382865 -0.000072  0.044866 0.587987 -0.257961
42 0.000012 8.697711 -0.000026  -0.102637 -0.474319 0.290944
43 0.000055 8.921804 -0.000003  -0.076258 0.581004 -0.195605
44 1.196186 2.899154 -2.353086  -0.449719 1.030105 1.287427
45 0.000105 5.476939 0.000005  0.285574 -0.099352 -0.038446
46 -0.000075 6.060445 -0.000095  -0.155020 -0.575032 0.384610
47 0.000015 5.994262 0.000029  0.033940 0.288575 -0.067729
48 -0.000006 6.100487 0.000003  -0.068405 0.299273 -0.162153
49 0.000032 6.916760 0.000008  -0.096317 0.220533 -0.107966
50 0.000149 6.435059 -0.000044  -0.037459 0.171630 -0.116572
51 1.092790 3.649513 -1.738794  -0.148600 0.876612 1.445020
52 -0.000129 6.792200 -0.000103  0.008285 0.107792 -0.048643
53 -0.000088 7.744781 -0.000034  0.057137 -0.256893 0.015458
54 0.000083 9.115019 -0.000039  -0.020393 0.256253 -0.142636
55 3.494517 -1.749100 3.007064  0.118402 1.106974 1.813810
56 0.000015 4.323837 0.000088  -0.229909 -0.770942 0.449225
57 0.000028 4.872903 -0.000023  0.367244 -0.664052 -0.254033
58 0.000005 5.056655 0.000092  -0.511236 0.856586 -0.546324
59 2.292462 1.708619 3.661675  -1.762558 1.789110 -0.218972
60 -0.000174 6.589435 0.000268  -0.007132 -0.169123 0.176909
61 0.000171 7.491494 -0.000154  -0.132413 -0.107098 0.179328
62 -0.000139 8.249660 0.000142  0.041912 -0.058209 0.015814
63 0.000072 8.605236 -0.000026  0.101585 0.501824 -0.079697
64 -0.240492 2.066073 2.349267  -0.357331 2.461714 1.296080
65 -0.000082 7.721110 -0.000003  -0.208230 -0.126223 -0.116496
66 -0.000122 7.374869 -0.000047  -0.111018 0.046939 -0.046463
67 -0.000035 6.848060 -0.000027  0.273532 0.247523 0.299908
68 0.000034 7.777824 -0.000044  0.072921 0.186148 -0.052688
69 -0.000086 8.178052 0.000011  -0.087029 -0.422849 -0.381360
70 1.617601 3.431415 2.399266  -0.249454 2.569515 1.508571
71 -0.000167 5.476944 -0.000029  0.057729 0.074072 0.060285
72 -0.000094 6.060497 -0.000006  -0.015204 0.015650 -0.152065
73 0.000028 5.994255 0.000011  -0.126212 -0.157657 0.153302
74 -0.000080 7.076877 -0.000046  -0.008117 0.010385 0.036400
75 0.000006 7.089869 -0.000071  0.070875 0.098587 -0.025893
76 0.361109 0.886684 3.287746  -0.576373 1.978709 0.939011
77 -0.000065 6.686645 0.000223  -0.146568 0.414164 -0.327707
78 -0.000011 7.638015 0.000013  -0.079524 -0.025948 0.130956
79 -0.000031 7.290228 -0.000019  0.025325 -0.093908 0.023963
80 -0.000033 6.530373 0.000007  -0.261847 -0.300601 0.006734
81 0.000063 7.224882 0.000005  0.036506 0.032481 -0.175824
82 1.071894 3.225800 1.570115  -0.043806 2.859975 1.526247
83 0.000414 6.748898 -0.000065  -0.062702 0.083784 0.022202
84 -0.000046 8.002646 0.000026  -0.067496 -0.117209 -0.115599
85 0.000012 8.580572 -0.000098  0.088213 -0.007187 0.334604
86 0.000168 8.689829 -0.000041  0.065327 -0.412430 -0.134518
87 -1.514545 2.104638 0.318055  -0.024895 3.094490 1.569496
88 0.000193 6.982283 0.000011  -0.107589 -0.057624 -0.215715
89 -0.000008 8.382873 -0.000067  0.135031 -0.099914 0.287073
90 -0.000058 8.697672 0.000023  -0.148091 -0.510100 0.044839
91 -0.000133 8.921824 0.000080  -0.236826 -0.892635 0.098804
92 3.553612 -3.478043 2.409277  0.000820 0.762046 1.535309
93 -0.000003 4.476908 -0.000008  -0.151004 -0.588331 0.377259
94 0.000032 4.514120 -0.000024  -0.228867 -2.996200 0.592368
95 0.000044 4.518385 -0.000024  0.143171 2.612778 0.693385
96 0.000021 3.598325 0.000023  -0.749301 0.869853 -0.773231
97  4.209921 -0.440346 1.018823  -0.405034 -1.887312 -1.325047
98  4.265505 1.434232 -0.404995  -1.945879 0.060376 -0.701439
99  9.400238 0.017945 0.083205  0.099006 -0.049738 -1.737464
100  10.242424 0.033591 0.064480  1.294795 -0.570368 0.412542
101  3.465857 -0.059673 0.016694  -0.017336 -0.099689 -0.520458
102  1.655591 -0.000021 0.000021  -0.006889 -0.077708 -0.114860
103  0.960769 -0.000005 -0.000008  0.067472 0.068111 0.098022
104  3.462029 -0.064240 0.939909  0.342042 -0.241274 -0.511862
105  1.497176 -0.000009 0.000018  -0.476667 0.084700 0.114572
106  0.793759 0.000003 -0.000001  -0.009723 -0.003590 0.016234
107  0.591664 -0.460687 0.835206  -0.673922 -0.658091 -0.912444
108  1.556137 -0.000002 0.000001  -0.326831 0.158111 0.455487
109  1.135904 0.000016 0.000003  0.064605 -0.088418 0.153798
110  3.084271 -0.668818 -1.257087  -0.699095 0.283959 -0.858758
111  1.064201 -0.000003 0.000005  0.033262 0.075282 -0.258288
112  0.640342 0.000003 -0.000008  -0.065769 -0.002569 -0.060648
113  3.396823 -0.242134 -0.708690  -0.380302 0.097441 -0.687032
114  1.532970 0.000008 0.000003  0.030908 0.014721 -0.203512
115  0.832976 -0.000003 -0.000003  -0.054446 0.004778 -0.111712
116  4.209943 -0.440342 -1.019279  0.840557 2.037053 -0.848450
117  4.266745 1.424939 0.424945  1.667437 -0.259167 -1.044764
118  9.398561 0.011950 -0.082515  -0.066999 0.069733 -1.224882
119  10.242434 0.028177 -0.062908  -1.477075 0.381661 -0.119806
120  3.465746 -0.067525 0.002267  -0.146662 0.144439 -1.482378
121  1.655555 -0.000001 0.000004  -0.164156 0.184463 -1.166697
122  0.960909 0.000007 -0.000002  -0.018935 0.176620 -0.890998
123  3.466855 -0.077777 -0.920910  -0.345906 0.021130 -1.405113
124  1.497259 -0.000039 -0.000024  -0.569246 0.313524 -0.986932
125  0.793788 -0.000008 -0.000002  -0.224980 0.388706 -0.772651
126  0.595078 -0.467149 -0.829177  2.496989 0.699763 -0.529555
127  1.555675 0.000014 -0.000004  0.444198 0.348312 0.809838
128  1.136812 -0.000010 -0.000001  0.424999 0.399059 0.906784
129  3.075974 -0.667964 1.277700  0.301081 0.277000 -1.620654
130  1.064591 0.000017 0.000010  0.046915 -0.125236 -1.038822
131  0.640364 -0.000018 -0.000004  -0.104291 -0.023771 -0.471513
132  3.392413 -0.245367 0.728376  0.063844 0.192823 -1.598641
133  1.532735 -0.000008 -0.000001  -0.000848 0.025484 -1.121846
134  0.833148 0.000010 0.000004  -0.082770 -0.069998 -1.040855
135  3.590109 -3.090293 1.193970  1.635457 1.210566 1.548541
136  3.589555 -3.089874 -1.196374  -1.505736 1.210473 -1.592853
137  -0.436561 4.719026 -0.001078  -0.000236 -1.570733 1.693201
138  0.000001 2.775456 -0.000235  -0.135089 0.000001 -0.000000
139  -0.000001 3.189767 0.000004  0.207820 -0.000000 0.000000
140  0.000001 3.504653 0.000043  -0.261876 0.000000 -0.000000
141  0.000000 2.863202 -0.000008  -0.051268 -0.000000 0.000000
time 16
0  2.084807 -1.019335 36.034721  1.570862 0.000000 -0.000000
1  0.002636 43.025146 0.734438  0.493111 -0.153870 -0.013277
2  3.061857 -4.181010 -0.610804  -1.141688 -1.121798 -1.623443
3  18.476774 0.000159 -0.000000  -0.016391 -0.087129 1.150255
4  17.490084 0.000118 0.000005  0.312584 0.572163 -1.478893
5  -3.065329 -4.183576 -0.611479  -1.337380 -0.767333 -1.857328
6  18.474852 -0.000033 -0.000006  0.028799 0.099147 1.363303
7  17.489584 0.001915 -0.000005  0.189878 0.119549 -1.764311
8  -0.000117 -0.048879 -0.576227  1.390012 0.209900 1.592991
9  3.224482 0.767044 0.000496  0.086349 0.060453 0.295159
10  3.223909 0.226399 -0.001944  -0.181064 -0.041855 0.320996
11  5.187322 -1.262561 -0.001177  0.000012 0.000066 0.194111
12  6.928408 -1.935319 -0.000229  3.016346 0.106094 0.210913
13  3.236366 1.079610 0.000057  0.328801 0.210157 -0.038560
14 0.833755 3.805353 0.692955  -0.040491 0.554885 1.469871
15 0.000049 6.792204 0.000039  0.007990 0.036070 -0.011406
16 -0.000068 7.744817 0.000017  -0.017441 -0.155305 0.068150
17 0.000069 7.809700 0.000017  -0.033637 0.005026 0.006142
18 -0.000025 7.867676 0.000019  -0.073329 -0.127909 0.026375
19 3.494699 -1.749089 -3.006912  0.152547 2.070419 1.936945
20 0.000118 4.478323 0.000017  -0.194658 0.310431 -0.234995
21 0.000049 4.636110 -0.000029  0.035821 0.324592 -0.151768
22 -0.000043 5.008652 0.000012  0.075999 -0.286564 0.276091
23 0.000064 4.781164 0.000011  0.904399 -2.690903 -0.015798
24 2.253036 1.989063 -3.350106  -1.523631 1.324497 0.112400
25 0.000160 6.589460 0.000173  0.206354 -0.002129 -0.080395
26 0.000043 7.491420 0.000040  -0.333512 0.184455 -0.191166
27 0.000027 7.660300 -0.000058  -0.063175 0.127194 -0.062118
28 0.000007 7.256266 0.000021  -0.052939 -0.487829 0.313813
29 -0.791161 2.265123 -1.234655  -0.753899 1.136377 0.824672
30 -0.000260 8.572267 -0.000091  -0.222843 -0.296789 0.176504
31 -0.000096 8.117216 0.000047  0.072255 0.772520 -0.285589
32 -0.000081 8.230029 -0.000068  -0.080491 -0.347232 0.072254
33 0.000058 7.366725 0.000052  -0.015395 -0.663891 0.062742
34 0.224212 0.240128 -3.218158  -0.877381 1.468889 0.577825
35 -0.000101 7.721057 -0.000314  -0.283829 0.060497 -0.167556
36 -0.000030 7.374850 -0.000002  0.007536 -0.195022 0.049540
37 0.000074 6.848102 0.000007  0.005484 0.006496 -0.033649
38 -0.000054 7.777872 0.000009  -0.186097 0.182474 -0.152847
39 -1.514468 2.104650 -1.150167  -0.029092 0.541320 1.555677
40 -0.000168 6.982347 -0.000077  -0.199699 -0.041213 0.153490
41 0.000041 8.382865 -0.000072  0.044866 0.587987 -0.257961
42 0.000012 8.697711 -0.000026  -0.102637 -0.474319 0.290944
43 0.000055 8.921804 -0.000003  -0.076258 0.581004 -0.195605
44 1.196186 2.899154 -2.353086  -0.449719 1.030105 1.287427
45 0.000105 5.476939 0.000005  0.285574 -0.099352 -0.038446
46 -0.000075 6.060445 -0.000095  -0.155020 -0.575032 0.384610
47 0.000015 5.994262 0.000029  0.033940 0.288575 -0.067729
48 -0.000006 6.100487 0.000003  -0.068405 0.299273 -0.162153
49 0.000032 6.916760 0.000008  -0.096317 0.220533 -0.107966
50 0.000149 6.435059 -0.000044  -0.037459 0.171630 -0.116572
51 1.092790 3.649513 -1.738794  -0.148600 0.876612 1.445020
52 -0.000129 6.792200 -0.000103  0.008285 0.107792 -0.048643
53 -0.000088 7.744781 -0.000034  0.057137 -0.256893 0.015458
54 0.000083 9.115019 -0.000039  -0.020393 0.256253 -0.142636
55 3.494517 -1.749100 3.007064  0.118402 1.106974 1.813810
56 0.000015 4.323837 0.000088  -0.229909 -0.770942 0.449225
57 0.000028 4.872903 -0.000023  0.367244 -0.664052 -0.254033
58 0.000005 5.056655 0.000092  -0.511236 0.856586 -0.546324
59 2.292462 1.708619 3.661675  -1.762558 1.789110 -0.218972
60 -0.000174 6.589435 0.000268  -0.007132 -0.169123 0.176909
61 0.000171 7.491494 -0.000154  -0.132413 -0.107098 0.179328
62 -0.000139 8.249660 0.000142  0.041912 -0.058209 0.015814
63 0.000072 8.605236 -0.000026  0.101585 0.501824 -0.079697
64 -0.240492 2.066073 2.349267  -0.357331 2.461714 1.296080
65 -0.000082 7.721110 -0.000003  -0.208230 -0.126223 -0.116496
66 -0.000122 7.374869 -0.000047  -0.111018 0.046939 -0.046463
67 -0.000035 6.848060 -0.000027  0.273532 0.247523 0.299908
68 0.000034 7.777824 -0.000044  0.072921 0.186148 -0.052688
69 -0.000086 8.178052 0.000011  -0.087029 -0.422849 -0.381360
70 1.617601 3.431415 2.399266  -0.249454 2.569515 1.508571
71 -0.000167 5.476944 -0.000029  0.057729 0.074072 0.060285
72 -0.000094 6.060497 -0.000006  -0.015204 0.015650 -0.152065
73 0.000028 5.994255 0.000011  -0.126212 -0.157657 0.153302
74 -0.000080 7.076877 -0.000046  -0.008117 0.010385 0.036400
75 0.000006 7.089869 -0.000071  0.070875 0.098587 -0.025893
76 0.361109 0.886684 3.287746  -0.576373 1.978709 0.939011
77 -0.000065 6.686645 0.000223  -0.146568 0.414164 -0.327707
78 -0.000011 7.638015 0.000013  -0.079524 -0.025948 0.130956
79 -0.000031 7.290228 -0.000019  0.025325 -0.093908 0.023963
80 -0.000033 6.530373 0.000007  -0.261847 -0.300601 0.006734
81 0.000063 7.224882 0.000005  0.036506 0.032481 -0.175824
82 1.071894 3.225800 1.570115  -0.043806 2.859975 1.526247
83 0.000414 6.748898 -0.000065  -0.062702 0.083784 0.022202
84 -0.000046 8.002646 0.000026  -0.067496 -0.117209 -0.115599
85 0.000012 8.580572 -0.000098  0.088213 -0.007187 0.334604
86 0.000168 8.689829 -0.000041  0.065327 -0.412430 -0.134518
87 -1.514545 2.104638 0.318055  -0.024895 3.094490 1.569496
88 0.000193 6.982283 0.000011  -0.107589 -0.057624 -0.215715
89 -0.000008 8.382873 -0.000067  0.135031 -0.099914 0.287073
90 -0.000058 8.697672 0.000023  -0.148091 -0.510100 0.044839
91 -0.000133 8.921824 0.000080  -0.236826 -0.892635 0.098804
92 3.553612 -3.478043 2.409277  0.000820 0.762046 1.535309
93 -0.000003 4.476908 -0.000008  -0.151004 -0.588331 0.377259
94 0.000032 4.514120 -0.000024  -0.228867 -2.996200 0.592368
95 0.000044 4.518385 -0.000024  0.143171 2.612778 0.693385
96 0.000021 3.598325 0.000023  -0.749301 0.869853 -0.773231
97  4.209918 -0.440348 1.018823  -0.466045 -1.884911 -1.262116
98  4.265505 1.434232 -0.404987  -1.904166 0.053173 -0.726487
99  9.400238 0.017940 0.083202  0.095943 -0.052367 -1.684173
100  10.242418 0.033588 0.064477  1.296315 -0.576279 0.417441
101  3.465858 -0.059681 0.016694  -0.020185 -0.092301 -0.495405
102  1.655596 -0.000023 0.000021  -0.007031 -0.080577 -0.132312
103  0.960770 -0.000001 -0.000005  0.064837 0.065654 0.078469
104  3.462032 -0.064248 0.939910  0.338736 -0.235313 -0.460379
105  1.497173 -0.000008 0.000021  -0.475369 0.089392 0.127472
106  0.793762 0.000003 -0.000001  -0.009434 -0.004940 0.025030
107  0.591665 -0.460696 0.835206  -0.685164 -0.656350 -0.896576
108  1.556139 0.000003 0.000001  -0.323241 0.157300 0.454236
109  1.135905 0.000020 0.000004  0.062370 -0.086698 0.156512
110  3.084270 -0.668823 -1.257085  -0.696260 0.283270 -0.852942
111  1.064196 -0.000003 0.000011  0.031889 0.077722 -0.284489
112  0.640341 0.000004 -0.000007  -0.064199 -0.000466 -0.083089
113  3.396822 -0.242139 -0.708688  -0.378988 0.103175 -0.672104
114  1.532966 0.000006 0.000009  0.030589 0.014439 -0.223110
115  0.832977 -0.000004 -0.000001  -0.052983 0.004946 -0.133641
116  4.209941 -0.440346 -1.019280  0.816472 2.034710 -0.872488
117  4.266744 1.424944 0.424941  1.645667 -0.193281 -1.091476
118  9.398565 0.011954 -0.082516  -0.058631 0.071000 -1.115714
119  10.242440 0.028177 -0.062907  -1.472439 0.355418 -0.142931
120  3.465754 -0.067527 0.002267  -0.146662 0.144439 -1.482378
121  1.655559 0.000006 0.000008  -0.164156 0.184463 -1.166697
122  0.960908 0.000002 -0.000001  -0.018935 0.176620 -0.890998
123  3.466860 -0.077781 -0.920910  -0.345906 0.021130 -1.405113
124  1.497259 -0.000036 -0.000024  -0.569246 0.313524 -0.986932
125  0.793788 -0.000009 -0.000001  -0.224980 0.388706 -0.772651
126  0.595086 -0.467151 -0.829177  2.496989 0.699763 -0.529555
127  1.555677 0.000017 -0.000006  0.444198 0.348312 0.809838
128  1.136814 -0.000009 -0.000003  0.424999 0.399059 0.906784
129  3.075978 -0.667967 1.277701  0.301081 0.277000 -1.620654
130  1.064594 0.000020 0.000010  0.046915 -0.125236 -1.038822
131  0.640362 -0.000018 -0.000005  -0.104291 -0.023771 -0.471513
132  3.392416 -0.245368 0.728375  0.063844 0.192823 -1.598641
133  1.532738 -0.000009 -0.000001  -0.000848 0.025484 -1.121846
134  0.833156 0.000003 0.000006  -0.082770 -0.069998 -1.040855
135  3.590108 -3.090298 1.193972  1.635457 1.210566 1.548541
136  3.589557 -3.089884 -1.196373  -1.505736 1.210473 -1.592853
137  -0.436561 4.719022 -0.001076  -0.000650 -1.570733 1.692983
138  -0.000001 2.775451 -0.000232  -0.135089 0.000001 -0.000000
139  -0.000001 3.189774 0.000006  0.207820 -0.000000 0.000000
140  0.000000 3.504652 0.000046  -0.261876 0.000000 -0.000000
141  -0.000001 2.863197 -0.000004  -0.051268 -0.000000 0.000000
time 17
0  2.269860 -2.996101 35.450191  1.570862 0.000000 -0.000000
1  0.002636 43.025146 0.734438  0.402732 -0.218063 0.006413
2  3.061857 -4.181013 -0.610803  -1.138475 -1.058057 -1.655825
3  18.476772 0.000158 -0.000001  -0.019546 -0.090661 1.208207
4  17.490084 0.000118 0.000004  0.289707 0.522492 -1.493142
5  -3.065330 -4.183575 -0.611480  -1.392231 -0.508564 -1.864091
6  18.474863 -0.000034 -0.000006  0.015278 0.085902 1.131090
7  17.489584 0.001915 -0.000007  0.343732 0.208906 -1.776193
8  -0.000117 -0.048882 -0.576227  1.390903 0.218476 1.590986
9  3.224483 0.767048 0.000496  0.086851 0.057315 0.283262
10  3.223910 0.226398 -0.001944  -0.180996 -0.044009 0.312887
11  5.187320 -1.262562 -0.001175  0.000012 0.000066 0.194111
12  6.928409 -1.935315 -0.000226  3.017136 0.112694 0.204481
13  3.236367 1.079613 0.000055  0.340416 0.261235 -0.048987
14 0.833755 3.805353 0.692955  -0.040491 0.554885 1.469871
15 0.000049 6.792204 0.000039  0.007990 0.036070 -0.011406
16 -0.000068 7.744817 0.000017  -0.017441 -0.155305 0.068150
17 0.000069 7.809700 0.000017  -0.033637 0.005026 0.006142
18 -0.000025 7.867676 0.000019  -0.073329 -0.127909 0.026375
19 3.494699 -1.749089 -3.006912  0.152547 2.070419 1.936945
20 0.000118 4.478323 0.000017  -0.194658 0.310431 -0.234995
21 0.000049 4.636110 -0.000029  0.035821 0.324592 -0.151768
22 -0.000043 5.008652 0.000012  0.075999 -0.286564 0.276091
23 0.000064 4.781164 0.000011  0.904399 -2.690903 -0.015798
24 2.253036 1.989063 -3.350106  -1.523631 1.324497 0.112400
25 0.000160 6.589460 0.000173  0.206354 -0.002129 -0.080395
26 0.000043 7.491420 0.000040  -0.333512 0.184455 -0.191166
27 0.000027 7.660300 -0.000058  -0.063175 0.127194 -0.062118
28 0.000007 7.256266 0.000021  -0.052939 -0.487829 0.313813
29 -0.791161 2.265123 -1.234655  -0.753899 1.136377 0.824672
30 -0.000260 8.572267 -0.000091  -0.222843 -0.296789 0.176504
31 -0.000096 8.117216 0.000047  0.072255 0.772520 -0.285589
32 -0.000081 8.230029 -0.000068  -0.080491 -0.347232 0.072254
33 0.000058 7.366725 0.000052  -0.015395 -0.663891 0.062742
34 0.224212 0.240128 -3.218158  -0.877381 1.468889 0.577825
35 -0.000101 7.721057 -0.000314  -0.283829 0.060497 -0.167556
36 -0.000030 7.374850 -0.000002  0.007536 -0.195022 0.049540
37 0.000074 6.848102 0.000007  0.005484 0.006496 -0.033649
38 -0.000054 7.777872 0.000009  -0.186097 0.182474 -0.152847
39 -1.514468 2.104650 -1.150167  -0.029092 0.541320 1.555677
40 -0.000168 6.982347 -0.000077  -0.199699 -0.041213 0.153490
41 0.000041 8.382865 -0.000072  0.044866 0.587987 -0.257961
42 0.000012 8.697711 -0.000026  -0.102637 -0.474319 0.290944
43 0.000055 8.921804 -0.000003  -0.076258 0.581004 -0.195605
44 1.196186 2.899154 -2.353086  -0.449719 1.030105 1.287427
45 0.000105 5.476939 0.000005  0.285574 -0.099352 -0.038446
46 -0.000075 6.060445 -0.000095  -0.155020 -0.575032 0.384610
47 0.000015 5.994262 0.000029  0.033940 0.288575 -0.067729
48 -0.000006 6.100487 0.000003  -0.068405 0.299273 -0.162153
49 0.000032 6.916760 0.000008  -0.096317 0.220533 -0.107966
50 0.000149 6.435059 -0.000044  -0.037459 0.171630 -0.116572
51 1.092790 3.649513 -1.738794  -0.148600 0.876612 1.445020
52 -0.000129 6.792200 -0.000103  0.008285 0.107792 -0.048643
53 -0.000088 7.744781 -0.000034  0.057137 -0.256893 0.015458
54 0.000083 9.115019 -0.000039  -0.020393 0.256253 -0.142636
55 3.494517 -1.749100 3.007064  0.118402 1.106974 1.813810
56 0.000015 4.323837 0.000088  -0.229909 -0.770942 0.449225
57 0.000028 4.872903 -0.000023  0.367244 -0.664052 -0.254033
58 0.000005 5.056655 0.000092  -0.511236 0.856586 -0.546324
59 2.292462 1.708619 3.661675  -1.762558 1.789110 -0.218972
60 -0.000174 6.589435 0.000268  -0.007132 -0.169123 0.176909
61 0.000171 7.491494 -0.000154  -0.132413 -0.107098 0.179328
62 -0.000139 8.249660 0.000142  0.041912 -0.058209 0.015814
63 0.000072 8.605236 -0.000026  0.101585 0.501824 -0.079697
64 -0.240492 2.066073 2.349267  -0.357331 2.461714 1.296080
65 -0.000082 7.721110 -0.000003  -0.208230 -0.126223 -0.116496
66 -0.000122 7.374869 -0.000047  -0.111018 0.046939 -0.046463
67 -0.000035 6.848060 -0.000027  0.273532 0.247523 0.299908
68 0.000034 7.777824 -0.000044  0.072921 0.186148 -0.052688
69 -0.000086 8.178052 0.000011  -0.087029 -0.422849 -0.381360
70 1.617601 3.431415 2.399266  -0.249454 2.569515 1.508571
71 -0.000167 5.476944 -0.000029  0.057729 0.074072 0.060285
72 -0.000094 6.060497 -0.000006  -0.015204 0.015650 -0.152065
73 0.000028 5.994255 0.000011  -0.126212 -0.157657 0.153302
74 -0.000080 7.076877 -0.000046  -0.008117 0.010385 0.036400
75 0.000006 7.089869 -0.000071  0.070875 0.098587 -0.025893
76 0.361109 0.886684 3.287746  -0.576373 1.978709 0.939011
77 -0.000065 6.686645 0.000223  -0.146568 0.414164 -0.327707
78 -0.000011 7.638015 0.000013  -0.079524 -0.025948 0.130956
79 -0.000031 7.290228 -0.000019  0.025325 -0.093908 0.023963
80 -0.000033 6.530373 0.000007  -0.261847 -0.300601 0.006734
81 0.000063 7.224882 0.000005  0.036506 0.032481 -0.175824
82 1.071894 3.225800 1.570115  -0.043806 2.859975 1.526247
83 0.000414 6.748898 -0.000065  -0.062702 0.083784 0.022202
84 -0.000046 8.002646 0.000026  -0.067496 -0.117209 -0.115599
85 0.000012 8.580572 -0.000098  0.088213 -0.007187 0.334604
86 0.000168 8.689829 -0.000041  0.065327 -0.412430 -0.134518
87 -1.514545 2.104638 0.318055  -0.024895 3.094490 1.569496
88 0.000193 6.982283 0.000011  -0.107589 -0.057624 -0.215715
89 -0.000008 8.382873 -0.000067  0.135031 -0.099914 0.287073
90 -0.000058 8.697672 0.000023  -0.148091 -0.510100 0.044839
91 -0.000133 8.921824 0.000080  -0.236826 -0.892635 0.098804
92 3.553612 -3.478043 2.409277  0.000820 0.762046 1.535309
93 -0.000003 4.476908 -0.000008  -0.151004 -0.588331 0.377259
94 0.000032 4.514120 -0.000024  -0.228867 -2.996200 0.592368
95 0.000044 4.518385 -0.000024  0.143171 2.612778 0.693385
96 0.000021 3.598325 0.000023  -0.749301 0.869853 -0.773231
97  4.209921 -0.440350 1.018825  -0.594638 -1.875608 -1.131927
98  4.265508 1.434221 -0.404986  -1.838553 0.097684 -0.767427
99  9.400234 0.017933 0.083198  0.094870 -0.053222 -1.666062
100  10.242421 0.033588 0.064479  1.305898 -0.584054 0.409462
101  3.465854 -0.059677 0.016694  -0.022392 -0.085579 -0.474337
102  1.655594 -0.000021 0.000020  -0.007131 -0.083581 -0.150637
103  0.960770 -0.000004 -0.000001  0.062044 0.063051 0.058010
104  3.462026 -0.064246 0.939908  0.336298 -0.230705 -0.437250
105  1.497177 -0.000010 0.000019  -0.474340 0.092414 0.136559
106  0.793761 0.000007 -0.000005  -0.009076 -0.005864 0.029187
107  0.591660 -0.460690 0.835207  -0.696927 -0.653483 -0.880475
108  1.556139 0.000001 -0.000001  -0.319470 0.156237 0.452753
109  1.135900 0.000017 0.000006  0.060365 -0.083666 0.164219
110  3.084267 -0.668821 -1.257087  -0.693017 0.281896 -0.847650
111  1.064205 -0.000003 0.000002  0.030394 0.080264 -0.311957
112  0.640338 0.000005 -0.000003  -0.062497 0.001803 -0.106585
113  3.396822 -0.242136 -0.708689  -0.377132 0.108179 -0.659084
114  1.532968 0.000008 0.000005  0.030213 0.014122 -0.245625
115  0.832976 -0.000002 -0.000002  -0.051432 0.005018 -0.158554
116  4.209944 -0.440344 -1.019278  0.801584 2.032776 -0.887424
117  4.266746 1.424935 0.424938  1.648338 -0.181525 -1.081054
118  9.398568 0.011952 -0.082516  -0.052977 0.071336 -1.042660
119  10.242435 0.028176 -0.062907  -1.486587 0.330778 -0.156121
120  3.465751 -0.067527 0.002268  -0.146662 0.144439 -1.482378
121  1.655558 0.000005 0.000004  -0.164156 0.184463 -1.166697
122  0.960909 0.000004 -0.000003  -0.018935 0.176620 -0.890998
123  3.466859 -0.077781 -0.920908  -0.345906 0.021130 -1.405113
124  1.497261 -0.000032 -0.000022  -0.569246 0.313524 -0.986932
125  0.793789 -0.000010 0.000002  -0.224980 0.388706 -0.772651
126  0.595081 -0.467150 -0.829175  2.496989 0.699763 -0.529555
127  1.555673 0.000015 -0.000003  0.444198 0.348312 0.809838
128  1.136807 -0.000009 0.000000  0.424999 0.399059 0.906784
129  3.075977 -0.667967 1.277702  0.301081 0.277000 -1.620654
130  1.064593 0.000018 0.000012  0.046915 -0.125236 -1.038822
131  0.640360 -0.000017 -0.000003  -0.104291 -0.023771 -0.471513
132  3.392415 -0.245369 0.728378  0.063844 0.192823 -1.598641
133  1.532736 -0.000009 -0.000002  -0.000848 0.025485 -1.121846
134  0.833152 0.000004 0.000005  -0.082769 -0.069998 -1.040855
135  3.590108 -3.090292 1.193974  1.635456 1.210566 1.548541
136  3.589559 -3.089880 -1.196370  -1.505736 1.210473 -1.592853
137  -0.436564 4.719027 -0.001074  -0.001418 -1.570733 1.693415
138  -0.000002 2.775451 -0.000233  -0.135089 0.000001 -0.000000
139  -0.000000 3.189772 0.000009  0.207820 -0.000000 0.000000
140  0.000000 3.504651 0.000049  -0.261876 0.000000 -0.000000
141  -0.000001 2.863198 -0.000002  -0.051268 0.000000 0.000000
time 18
0  2.287210 -4.841576 34.720299  1.570862 0.000000 -0.000000
1  0.002636 43.025146 0.734438  0.339377 -0.285421 0.019079
2  3.061857 -4.181012 -0.610803  -1.165276 -1.016481 -1.635131
3  18.476774 0.000157 0.000001  -0.022613 -0.093734 1.261341
4  17.490088 0.000118 0.000004  0.202431 0.507567 -1.596359
5  -3.065330 -4.183576 -0.611479  -1.438696 -0.295069 -1.879568
6  18.474854 -0.000034 -0.000008  0.003928 0.067138 0.862061
7  17.489584 0.001914 -0.000007  0.504919 0.307193 -1.662258
8  -0.000117 -0.048882 -0.576226  1.389205 0.227237 1.590684
9  3.224484 0.767047 0.000496  0.084468 0.057560 0.271004
10  3.223906 0.226399 -0.001944  -0.182584 -0.043591 0.304714
11  5.187320 -1.262559 -0.001177  0.000012 0.000066 0.194111
12  6.928407 -1.935312 -0.000228  3.010970 0.110434 0.213781
13  3.236364 1.079616 0.000057  0.339851 0.332271 -0.024920
14 0.833755 3.805353 0.692955  -0.040491 0.554885 1.469871
15 0.000049 6.792204 0.000039  0.007990 0.036070 -0.011406
16 -0.000068 7.744817 0.000017  -0.017441 -0.155305 0.068150
17 0.000069 7.809700 0.000017  -0.033637 0.005026 0.006142
18 -0.000025 7.867676 0.000019  -0.073329 -0.127909 0.026375
19 3.494699 -1.749089 -3.006912  0.152547 2.070419 1.936945
20 0.000118 4.478323 0.000017  -0.194658 0.310431 -0.234995
21 0.000049 4.636110 -0.000029  0.035821 0.324592 -0.151768
22 -0.000043 5.008652 0.000012  0.075999 -0.286564 0.276091
23 0.000064 4.781164 0.000011  0.904399 -2.690903 -0.015798
24 2.253036 1.989063 -3.350106  -1.523631 1.324497 0.112400
25 0.000160 6.589460 0.000173  0.206354 -0.002129 -0.080395
26 0.000043 7.491420 0.000040  -0.333512 0.184455 -0.191166
27 0.000027 7.660300 -0.000058  -0.063175 0.127194 -0.062118
28 0.000007 7.256266 0.000021  -0.052939 -0.487829 0.313813
29 -0.791161 2.265123 -1.234655  -0.753899 1.136377 0.824672
30 -0.000260 8.572267 -0.000091  -0.222843 -0.296789 0.176504
31 -0.000096 8.117216 0.000047  0.072255 0.772520 -0.285589
32 -0.000081 8.230029 -0.000068  -0.080491 -0.347232 0.072254
33 0.000058 7.366725 0.000052  -0.015395 -0.663891 0.062742
34 0.224212 0.240128 -3.218158  -0.877381 1.468889 0.577825
35 -0.000101 7.721057 -0.000314  -0.283829 0.060497 -0.167556
36 -0.000030 7.374850 -0.000002  0.007536 -0.195022 0.049540
37 0.000074 6.848102 0.000007  0.005484 0.006496 -0.033649
38 -0.000054 7.777872 0.000009  -0.186097 0.182474 -0.152847
39 -1.514468 2.104650 -1.150167  -0.029092 0.541320 1.555677
40 -0.000168 6.982347 -0.000077  -0.199699 -0.041213 0.153490
41 0.000041 8.382865 -0.000072  0.044866 0.587987 -0.257961
42 0.000012 8.697711 -0.000026  -0.102637 -0.474319 0.290944
43 0.000055 8.921804 -0.000003  -0.076258 0.581004 -0.195605
44 1.196186 2.899154 -2.353086  -0.449719 1.030105 1.287427
45 0.000105 5.476939 0.000005  0.285574 -0.099352 -0.038446
46 -0.000075 6.060445 -0.000095  -0.155020 -0.575032 0.384610
47 0.000015 5.994262 0.000029  0.033940 0.288575 -0.067729
48 -0.000006 6.100487 0.000003  -0.068405 0.299273 -0.162153
49 0.000032 6.916760 0.000008  -0.096317 0.220533 -0.107966
50 0.000149 6.435059 -0.000044  -0.037459 0.171630 -0.116572
51 1.092790 3.649513 -1.738794  -0.148600 0.876612 1.445020
52 -0.000129 6.792200 -0.000103  0.008285 0.107792 -0.048643
53 -0.000088 7.744781 -0.000034  0.057137 -0.256893 0.015458
54 0.000083 9.115019 -0.000039  -0.020393 0.256253 -0.142636
55 3.494517 -1.749100 3.007064  0.118402 1.106974 1.813810
56 0.000015 4.323837 0.000088  -0.229909 -0.770942 0.449225
57 0.000028 4.872903 -0.000023  0.367244 -0.664052 -0.254033
58 0.000005 5.056655 0.000092  -0.511236 0.856586 -0.546324
59 2.292462 1.708619 3.661675  -1.762558 1.789110 -0.218972
60 -0.000174 6.589435 0.000268  -0.007132 -0.169123 0.176909
61 0.000171 7.491494 -0.000154  -0.132413 -0.107098 0.179328
62 -0.000139 8.249660 0.000142  0.041912 -0.058209 0.015814
63 0.000072 8.605236 -0.000026  0.101585 0.501824 -0.079697
64 -0.240492 2.066073 2.349267  -0.357331 2.461714 1.296080
65 -0.000082 7.721110 -0.000003  -0.208230 -0.126223 -0.116496
66 -0.000122 7.374869 -0.000047  -0.111018 0.046939 -0.046463
67 -0.000035 6.848060 -0.000027  0.273532 0.247523 0.299908
68 0.000034 7.777824 -0.000044  0.072921 0.186148 -0.052688
69 -0.000086 8.178052 0.000011  -0.087029 -0.422849 -0.381360
70 1.617601 3.431415 2.399266  -0.249454 2.569515 1.508571
71 -0.000167 5.476944 -0.000029  0.057729 0.074072 0.060285
72 -0.000094 6.060497 -0.000006  -0.015204 0.015650 -0.152065
73 0.000028 5.994255 0.000011  -0.126212 -0.157657 0.153302
74 -0.000080 7.076877 -0.000046  -0.008117 0.010385 0.036400
75 0.000006 7.089869 -0.000071  0.070875 0.098587 -0.025893
76 0.361109 0.886684 3.287746  -0.576373 1.978709 0.939011
77 -0.000065 6.686645 0.000223  -0.146568 0.414164 -0.327707
78 -0.000011 7.638015 0.000013  -0.079524 -0.025948 0.130956
79 -0.000031 7.290228 -0.000019  0.025325 -0.093908 0.023963
80 -0.000033 6.530373 0.000007  -0.261847 -0.300601 0.006734
81 0.000063 7.224882 0.000005  0.036506 0.032481 -0.175824
82 1.071894 3.225800 1.570115  -0.043806 2.859975 1.526247
83 0.000414 6.748898 -0.000065  -0.062702 0.083784 0.022202
84 -0.000046 8.002646 0.000026  -0.067496 -0.117209 -0.115599
85 0.000012 8.580572 -0.000098  0.088213 -0.007187 0.334604
86 0.000168 8.689829 -0.000041  0.065327 -0.412430 -0.134518
87 -1.514545 2.104638 0.318055  -0.024895 3.094490 1.569496
88 0.000193 6.982283 0.000011  -0.107589 -0.057624 -0.215715
89 -0.000008 8.382873 -0.000067  0.135031 -0.099914 0.287073
90 -0.000058 8.697672 0.000023  -0.148091 -0.510100 0.044839
91 -0.000133 8.921824 0.000080  -0.236826 -0.892635 0.098804
92 3.553612 -3.478043 2.409277  0.000820 0.762046 1.535309
93 -0.000003 4.476908 -0.000008  -0.151004 -0.588331 0.377259
94 0.000032 4.514120 -0.000024  -0.228867 -2.996200 0.592368
95 0.000044 4.518385 -0.000024  0.143171 2.612778 0.693385
96 0.000021 3.598325 0.000023  -0.749301 0.869853 -0.773231
97  4.209918 -0.440339 1.018823  -0.739746 -1.864773 -0.987375
98  4.265504 1.434236 -0.404992  -1.778117 0.162850 -0.793192
99  9.400232 0.017940 0.083206  0.094275 -0.053685 -1.656110
100  10.242419 0.033590 0.064479  1.319937 -0.591631 0.394774
101  3.465857 -0.059677 0.016692  -0.024414 -0.078779 -0.453838
102  1.655595 -0.000028 0.000023  -0.007171 -0.086790 -0.170214
103  0.960768 -0.000001 -0.000004  0.059218 0.060177 0.036234
104  3.462026 -0.064245 0.939905  0.334108 -0.226203 -0.420354
105  1.497174 -0.000004 0.000022  -0.473633 0.094333 0.143053
106  0.793759 0.000004 0.000003  -0.008745 -0.006564 0.030226
107  0.591664 -0.460693 0.835205  -0.709294 -0.650469 -0.863922
108  1.556139 0.000002 -0.000004  -0.315527 0.154894 0.450979
109  1.135902 0.000018 -0.000001  0.058290 -0.080464 0.172207
110  3.084270 -0.668819 -1.257086  -0.689580 0.280127 -0.842433
111  1.064193 -0.000004 0.000003  0.028671 0.082935 -0.341697
112  0.640344 0.000004 -0.000009  -0.060717 0.004172 -0.132069
113  3.396823 -0.242137 -0.708691  -0.374976 0.112889 -0.646423
114  1.532970 0.000005 0.000003  0.029784 0.013772 -0.270453
115  0.832973 -0.000004 -0.000006  -0.049842 0.004950 -0.185961
116  4.209941 -0.440339 -1.019280  0.805410 2.022044 -0.886729
117  4.266749 1.424941 0.424934  1.651826 -0.191316 -1.054224
118  9.398564 0.011952 -0.082517  -0.048783 0.071320 -0.988584
119  10.242433 0.028177 -0.062907  -1.506172 0.307256 -0.170631
120  3.465750 -0.067528 0.002266  -0.146662 0.144439 -1.482378
121  1.655560 0.000004 0.000006  -0.164156 0.184463 -1.166697
122  0.960909 0.000002 -0.000002  -0.018935 0.176620 -0.890998
123  3.466859 -0.077783 -0.920912  -0.345906 0.021130 -1.405113
124  1.497263 -0.000033 -0.000020  -0.569246 0.313524 -0.986932
125  0.793790 -0.000008 -0.000004  -0.224980 0.388706 -0.772651
126  0.595083 -0.467154 -0.829177  2.496989 0.699763 -0.529555
127  1.555674 0.000013 -0.000004  0.444198 0.348312 0.809838
128  1.136810 -0.000009 -0.000001  0.424998 0.399059 0.906783
129  3.075978 -0.667971 1.277700  0.301081 0.277000 -1.620654
130  1.064594 0.000018 0.000010  0.046915 -0.125236 -1.038822
131  0.640360 -0.000015 -0.000003  -0.104291 -0.023771 -0.471513
132  3.392416 -0.245371 0.728374  0.063844 0.192823 -1.598641
133  1.532737 -0.000003 -0.000002  -0.000848 0.025484 -1.121846
134  0.833154 0.000005 0.000005  -0.082769 -0.069998 -1.040855
135  3.590106 -3.090291 1.193973  1.635457 1.210566 1.548541
136  3.589557 -3.089878 -1.196372  -1.505736 1.210473 -1.592853
137  -0.436561 4.719029 -0.001076  -0.000828 -1.570733 1.692989
138  0.000001 2.775450 -0.000237  -0.135089 0.000001 -0.000000
139  -0.000001 3.189768 0.000007  0.207820 -0.000000 0.000000
140  0.000000 3.504652 0.000046  -0.261876 0.000000 -0.000000
141  0.000001 2.863199 -0.000003  -0.051268 0.000000 0.000000
time 19
0  1.989036 -3.897914 33.889099  1.570862 0.000000 -0.000000
1  0.002636 43.025146 0.734438  0.317885 -0.360162 0.013883
2  3.061857 -4.181010 -0.610805  -1.189475 -1.025049 -1.586371
3  18.476776 0.000160 0.000000  -0.026306 -0.097036 1.321979
4  17.490084 0.000118 0.000006  0.118596 0.475982 -1.662309
5  -3.065330 -4.183573 -0.611481  -1.474259 -0.384519 -1.884183
6  18.474848 -0.000034 -0.000007  0.010128 0.078764 1.023355
7  17.489586 0.001917 -0.000008  0.487932 0.279635 -1.757323
8  -0.000117 -0.048883 -0.576227  1.401949 0.231900 1.593419
9  3.224480 0.767047 0.000496  0.103075 0.056133 0.265212
10  3.223910 0.226400 -0.001945  -0.170059 -0.046031 0.299462
11  5.187327 -1.262564 -0.001177  0.000012 0.000066 0.194111
12  6.928410 -1.935317 -0.000229  3.005678 0.101793 0.227241
13  3.236364 1.079615 0.000057  0.306619 0.357143 0.004272
14 0.833755 3.805353 0.692955  -0.040491 0.554885 1.469871
15 0.000049 6.792204 0.000039  0.007990 0.036070 -0.011406
16 -0.000068 7.744817 0.000017  -0.017441 -0.155305 0.068150
17 0.000069 7.809700 0.000017  -0.033637 0.005026 0.006142
18 -0.000025 7.867676 0.000019  -0.073329 -0.127909 0.026375
19 3.494699 -1.749089 -3.006912  0.152547 2.070419 1.936945
20 0.000118 4.478323 0.000017  -0.194658 0.310431 -0.234995
21 0.000049 4.636110 -0.000029  0.035821 0.324592 -0.151768
22 -0.000043 5.008652 0.000012  0.075999 -0.286564 0.276091
23 0.000064 4.781164 0.000011  0.904399 -2.690903 -0.015798
24 2.253036 1.989063 -3.350106  -1.523631 1.324497 0.112400
25 0.000160 6.589460 0.000173  0.206354 -0.002129 -0.080395
26 0.000043 7.491420 0.000040  -0.333512 0.184455 -0.191166
27 0.000027 7.660300 -0.000058  -0.063175 0.127194 -0.062118
28 0.000007 7.256266 0.000021  -0.052939 -0.487829 0.313813
29 -0.791161 2.265123 -1.234655  -0.753899 1.136377 0.824672
30 -0.000260 8.572267 -0.000091  -0.222843 -0.296789 0.176504
31 -0.000096 8.117216 0.000047  0.072255 0.772520 -0.285589
32 -0.000081 8.230029 -0.000068  -0.080491 -0.347232 0.072254
33 0.000058 7.366725 0.000052  -0.015395 -0.663891 0.062742
34 0.224212 0.240128 -3.218158  -0.877381 1.468889 0.577825
35 -0.000101 7.721057 -0.000314  -0.283829 0.060497 -0.167556
36 -0.000030 7.374850 -0.000002  0.007536 -0.195022 0.049540
37 0.000074 6.848102 0.000007  0.005484 0.006496 -0.033649
38 -0.000054 7.777872 0.000009  -0.186097 0.182474 -0.152847
39 -1.514468 2.104650 -1.150167  -0.029092 0.541320 1.555677
40 -0.000168 6.982347 -0.000077  -0.199699 -0.041213 0.153490
41 0.000041 8.382865 -0.000072  0.044866 0.587987 -0.257961
42 0.000012 8.697711 -0.000026  -0.102637 -0.474319 0.290944
43 0.000055 8.921804 -0.000003  -0.076258 0.581004 -0.195605
44 1.196186 2.899154 -2.353086  -0.449719 1.030105 1.287427
45 0.000105 5.476939 0.000005  0.285574 -0.099352 -0.038446
46 -0.000075 6.060445 -0.000095  -0.155020 -0.575032 0.384610
47 0.000015 5.994262 0.000029  0.033940 0.288575 -0.067729
48 -0.000006 6.100487 0.000003  -0.068405 0.299273 -0.162153
49 0.000032 6.916760 0.000008  -0.096317 0.220533 -0.107966
50 0.000149 6.435059 -0.000044  -0.037459 0.171630 -0.116572
51 1.092790 3.649513 -1.738794  -0.148600 0.876612 1.445020
52 -0.000129 6.792200 -0.000103  0.008285 0.107792 -0.048643
53 -0.000088 7.744781 -0.000034  0.057137 -0.256893 0.015458
54 0.000083 9.115019 -0.000039  -0.020393 0.256253 -0.142636
55 3.494517 -1.749100 3.007064  0.118402 1.106974 1.813810
56 0.000015 4.323837 0.000088  -0.229909 -0.770942 0.449225
57 0.000028 4.872903 -0.000023  0.367244 -0.664052 -0.254033
58 0.000005 5.056655 0.000092  -0.511236 0.856586 -0.546324
59 2.292462 1.708619 3.661675  -1.762558 1.789110 -0.218972
60 -0.000174 6.589435 0.000268  -0.007132 -0.169123 0.176909
61 0.000171 7.491494 -0.000154  -0.132413 -0.107098 0.179328
62 -0.000139 8.249660 0.000142  0.041912 -0.058209 0.015814
63 0.000072 8.605236 -0.000026  0.101585 0.501824 -0.079697
64 -0.240492 2.066073 2.349267  -0.357331 2.461714 1.296080
65 -0.000082 7.721110 -0.000003  -0.208230 -0.126223 -0.116496
66 -0.000122 7.374869 -0.000047  -0.111018 0.046939 -0.046463
67 -0.000035 6.848060 -0.000027  0.273532 0.247523 0.299908
68 0.000034 7.777824 -0.000044  0.072921 0.186148 -0.052688
69 -0.000086 8.178052 0.000011  -0.087029 -0.422849 -0.381360
70 1.617601 3.431415 2.399266  -0.249454 2.569515 1.508571
71 -0.000167 5.476944 -0.000029  0.057729 0.074072 0.060285
72 -0.000094 6.060497 -0.000006  -0.015204 0.015650 -0.152065
73 0.000028 5.994255 0.000011  -0.126212 -0.157657 0.153302
74 -0.000080 7.076877 -0.000046  -0.008117 0.010385 0.036400
75 0.000006 7.089869 -0.000071  0.070875 0.098587 -0.025893
76 0.361109 0.886684 3.287746  -0.576373 1.978709 0.939011
77 -0.000065 6.686645 0.000223  -0.146568 0.414164 -0.327707
78 -0.000011 7.638015 0.000013  -0.079524 -0.025948 0.130956
79 -0.000031 7.290228 -0.000019  0.025325 -0.093908 0.023963
80 -0.000033 6.530373 0.000007  -0.261847 -0.300601 0.006734
81 0.000063 7.224882 0.000005  0.036506 0.032481 -0.175824
82 1.071894 3.225800 1.570115  -0.043806 2.859975 1.526247
83 0.000414 6.748898 -0.000065  -0.062702 0.083784 0.022202
84 -0.000046 8.002646 0.000026  -0.067496 -0.117209 -0.115599
85 0.000012 8.580572 -0.000098  0.088213 -0.007187 0.334604
86 0.000168 8.689829 -0.000041  0.065327 -0.412430 -0.134518
87 -1.514545 2.104638 0.318055  -0.024895 3.094490 1.569496
88 0.000193 6.982283 0.000011  -0.107589 -0.057624 -0.215715
89 -0.000008 8.382873 -0.000067  0.135031 -0.099914 0.287073
90 -0.000058 8.697672 0.000023  -0.148091 -0.510100 0.044839
91 -0.000133 8.921824 0.000080  -0.236826 -0.892635 0.098804
92 3.553612 -3.478043 2.409277  0.000820 0.762046 1.535309
93 -0.000003 4.476908 -0.000008  -0.151004 -0.588331 0.377259
94 0.000032 4.514120 -0.000024  -0.228867 -2.996200 0.592368
95 0.000044 4.518385 -0.000024  0.143171 2.612778 0.693385
96 0.000021 3.598325 0.000023  -0.749301 0.869853 -0.773231
97  4.209919 -0.440350 1.018822  -0.818316 -1.850560 -0.911602
98  4.265505 1.434230 -0.404994  -1.745664 0.221150 -0.765575
99  9.400231 0.017937 0.083200  0.094186 -0.053752 -1.654640
100  10.242426 0.033594 0.064478  1.336526 -0.597430 0.374973
101  3.465856 -0.059682 0.016691  -0.026366 -0.071442 -0.431915
102  1.655596 -0.000027 0.000021  -0.007131 -0.090267 -0.191380
103  0.960769 -0.000002 -0.000007  0.056230 0.057044 0.012575
104  3.462028 -0.064249 0.939907  0.331725 -0.220924 -0.395403
105  1.497177 -0.000013 0.000020  -0.473143 0.095117 0.147031
106  0.793757 0.000001 -0.000004  -0.008441 -0.006966 0.028029
107  0.591664 -0.460695 0.835205  -0.721794 -0.648087 -0.846880
108  1.556140 0.000001 -0.000000  -0.311342 0.153335 0.448805
109  1.135899 0.000016 0.000005  0.056000 -0.077704 0.178127
110  3.084267 -0.668824 -1.257086  -0.685904 0.278103 -0.837132
111  1.064202 -0.000004 0.000005  0.026659 0.085813 -0.374592
112  0.640341 0.000005 -0.000009  -0.058930 0.006702 -0.160599
113  3.396825 -0.242147 -0.708693  -0.372607 0.117733 -0.633081
114  1.532968 0.000008 0.000006  0.029321 0.013325 -0.297920
115  0.832976 -0.000002 -0.000001  -0.048145 0.004752 -0.216236
116  4.209939 -0.440345 -1.019280  0.873860 1.988281 -0.828889
117  4.266746 1.424940 0.424942  1.640774 -0.200611 -1.033094
118  9.398563 0.011949 -0.082516  -0.045886 0.071176 -0.951180
119  10.242437 0.028177 -0.062908  -1.521633 0.287893 -0.194484
120  3.465754 -0.067526 0.002267  -0.146662 0.144439 -1.482378
121  1.655560 0.000004 0.000005  -0.164156 0.184463 -1.166697
122  0.960907 0.000004 -0.000001  -0.018935 0.176620 -0.890998
123  3.466859 -0.077781 -0.920910  -0.345906 0.021130 -1.405113
124  1.497259 -0.000034 -0.000020  -0.569246 0.313524 -0.986932
125  0.793789 -0.000008 -0.000003  -0.224980 0.388706 -0.772651
126  0.595083 -0.467151 -0.829176  2.496989 0.699763 -0.529555
127  1.555676 0.000017 -0.000002  0.444198 0.348312 0.809838
128  1.136817 -0.000009 -0.000003  0.424998 0.399059 0.906784
129  3.075980 -0.667968 1.277702  0.301081 0.277000 -1.620654
130  1.064593 0.000018 0.000010  0.046915 -0.125236 -1.038822
131  0.640359 -0.000014 -0.000004  -0.104291 -0.023771 -0.471513
132  3.392414 -0.245368 0.728375  0.063844 0.192823 -1.598641
133  1.532738 -0.000008 0.000000  -0.000848 0.025484 -1.121846
134  0.833155 0.000006 0.000007  -0.082769 -0.069998 -1.040855
135  3.590112 -3.090294 1.193971  1.635457 1.210566 1.548541
136  3.589558 -3.089880 -1.196373  -1.505736 1.210473 -1.592853
137  -0.436559 4.719025 -0.001076  -0.000739 -1.570733 1.692570
138  -0.000000 2.775455 -0.000238  -0.135089 0.000001 0.000000
139  0.000001 3.189772 0.000004  0.207820 0.000000 0.000000
140  0.000001 3.504646 0.000048  -0.261876 0.000000 -0.000000
141  -0.000001 2.863199 -0.000001  -0.051268 0.000000 -0.000000
time 20
0  1.559575 -2.791839 33.010239  1.570862 0.000000 -0.000000
1  0.002636 43.025146 0.734438  0.320139 -0.442724 0.001533
2  3.061857 -4.181011 -0.610804  -1.221191 -1.048156 -1.513647
3  18.476770 0.000156 -0.000002  -0.029985 -0.099952 1.379438
4  17.490086 0.000116 0.000002  0.028066 0.436666 -1.720148
5  -3.065330 -4.183576 -0.611479  -1.514193 -0.501028 -1.868548
6  18.474854 -0.000034 -0.000008  0.017897 0.088985 1.180615
7  17.489582 0.001914 -0.000004  0.463293 0.252412 -1.829983
8  -0.000117 -0.048885 -0.576226  1.413287 0.233845 1.592897
9  3.224481 0.767047 0.000495  0.119267 0.050829 0.263071
10  3.223908 0.226399 -0.001944  -0.159505 -0.050945 0.296910
11  5.187318 -1.262558 -0.001177  0.000012 0.000066 0.194111
12  6.928411 -1.935318 -0.000228  3.009203 0.089073 0.233413
13  3.236363 1.079620 0.000057  0.297220 0.351130 0.027638
14 0.833755 3.805353 0.692955  -0.040491 0.554885 1.469871
15 0.000049 6.792204 0.000039  0.007990 0.036070 -0.011406
16 -0.000068 7.744817 0.000017  -0.017441 -0.155305 0.068150
17 0.000069 7.809700 0.000017  -0.033637 0.005026 0.006142
18 -0.000025 7.867676 0.000019  -0.073329 -0.127909 0.026375
19 3.494699 -1.749089 -3.006912  0.152547 2.070419 1.936945
20 0.000118 4.478323 0.000017  -0.194658 0.310431 -0.234995
21 0.000049 4.636110 -0.000029  0.035821 0.324592 -0.151768
22 -0.000043 5.008652 0.000012  0.075999 -0.286564 0.276091
23 0.000064 4.781164 0.000011  0.904399 -2.690903 -0.015798
24 2.253036 1.989063 -3.350106  -1.523631 1.324497 0.112400
25 0.000160 6.589460 0.000173  0.206354 -0.002129 -0.080395
26 0.000043 7.491420 0.000040  -0.333512 0.184455 -0.191166
27 0.000027 7.660300 -0.000058  -0.063175 0.127194 -0.062118
28 0.000007 7.256266 0.000021  -0.052939 -0.487829 0.313813
29 -0.791161 2.265123 -1.234655  -0.753899 1.136377 0.824672
30 -0.000260 8.572267 -0.000091  -0.222843 -0.296789 0.176504
31 -0.000096 8.117216 0.000047  0.072255 0.772520 -0.285589
32 -0.000081 8.230029 -0.000068  -0.080491 -0.347232 0.072254
33 0.000058 7.366725 0.000052  -0.015395 -0.663891 0.062742
34 0.224212 0.240128 -3.218158  -0.877381 1.468889 0.577825
35 -0.000101 7.721057 -0.000314  -0.283829 0.060497 -0.167556
36 -0.000030 7.374850 -0.000002  0.007536 -0.195022 0.049540
37 0.000074 6.848102 0.000007  0.005484 0.006496 -0.033649
38 -0.000054 7.777872 0.000009  -0.186097 0.182474 -0.152847
39 -1.514468 2.104650 -1.150167  -0.029092 0.541320 1.555677
40 -0.000168 6.982347 -0.000077  -0.199699 -0.041213 0.153490
41 0.000041 8.382865 -0.000072  0.044866 0.587987 -0.257961
42 0.000012 8.697711 -0.000026  -0.102637 -0.474319 0.290944
43 0.000055 8.921804 -0.000003  -0.076258 0.581004 -0.195605
44 1.196186 2.899154 -2.353086  -0.449719 1.030105 1.287427
45 0.000105 5.476939 0.000005  0.285574 -0.099352 -0.038446
46 -0.000075 6.060445 -0.000095  -0.155020 -0.575032 0.384610
47 0.000015 5.994262 0.000029  0.033940 0.288575 -0.067729
48 -0.000006 6.100487 0.000003  -0.068405 0.299273 -0.162153
49 0.000032 6.916760 0.000008  -0.096317 0.220533 -0.107966
50 0.000149 6.435059 -0.000044  -0.037459 0.171630 -0.116572
51 1.092790 3.649513 -1.738794  -0.148600 0.876612 1.445020
52 -0.000129 6.792200 -0.000103  0.008285 0.107792 -0.048643
53 -0.000088 7.744781 -0.000034  0.057137 -0.256893 0.015458
54 0.000083 9.115019 -0.000039  -0.020393 0.256253 -0.142636
55 3.494517 -1.749100 3.007064  0.118402 1.106974 1.813810
56 0.000015 4.323837 0.000088  -0.229909 -0.770942 0.449225
57 0.000028 4.872903 -0.000023  0.367244 -0.664052 -0.254033
58 0.000005 5.056655 0.000092  -0.511236 0.856586 -0.546324
59 2.292462 1.708619 3.661675  -1.762558 1.789110 -0.218972
60 -0.000174 6.589435 0.000268  -0.007132 -0.169123 0.176909
61 0.000171 7.491494 -0.000154  -0.132413 -0.107098 0.179328
62 -0.000139 8.249660 0.000142  0.041912 -0.058209 0.015814
63 0.000072 8.605236 -0.000026  0.101585 0.501824 -0.079697
64 -0.240492 2.066073 2.349267  -0.357331 2.461714 1.296080
65 -0.000082 7.721110 -0.000003  -0.208230 -0.126223 -0.116496
66 -0.000122 7.374869 -0.000047  -0.111018 0.046939 -0.046463
67 -0.000035 6.848060 -0.000027  0.273532 0.247523 0.299908
68 0.000034 7.777824 -0.000044  0.072921 0.186148 -0.052688
69 -0.000086 8.178052 0.000011  -0.087029 -0.422849 -0.381360
70 1.617601 3.431415 2.399266  -0.249454 2.569515 1.508571
71 -0.000167 5.476944 -0.000029  0.057729 0.074072 0.060285
72 -0.000094 6.060497 -0.000006  -0.015204 0.015650 -0.152065
73 0.000028 5.994255 0.000011  -0.126212 -0.157657 0.153302
74 -0.000080 7.076877 -0.000046  -0.008117 0.010385 0.036400
75 0.000006 7.089869 -0.000071  0.070875 0.098587 -0.025893
76 0.361109 0.886684 3.287746  -0.576373 1.978709 0.939011
77 -0.000065 6.686645 0.000223  -0.146568 0.414164 -0.327707
78 -0.000011 7.638015 0.000013  -0.079524 -0.025948 0.130956
79 -0.000031 7.290228 -0.000019  0.025325 -0.093908 0.023963
80 -0.000033 6.530373 0.000007  -0.261847 -0.300601 0.006734
81 0.000063 7.224882 0.000005  0.036506 0.032481 -0.175824
82 1.071894 3.225800 1.570115  -0.043806 2.859975 1.526247
83 0.000414 6.748898 -0.000065  -0.062702 0.083784 0.022202
84 -0.000046 8.002646 0.000026  -0.067496 -0.117209 -0.115599
85 0.000012 8.580572 -0.000098  0.088213 -0.007187 0.334604
86 0.000168 8.689829 -0.000041  0.065327 -0.412430 -0.134518
87 -1.514545 2.104638 0.318055  -0.024895 3.094490 1.569496
88 0.000193 6.982283 0.000011  -0.107589 -0.057624 -0.215715
89 -0.000008 8.382873 -0.000067  0.135031 -0.099914 0.287073
90 -0.000058 8.697672 0.000023  -0.148091 -0.510100 0.044839
91 -0.000133 8.921824 0.000080  -0.236826 -0.892635 0.098804
92 3.553612 -3.478043 2.409277  0.000820 0.762046 1.535309
93 -0.000003 4.476908 -0.000008  -0.151004 -0.588331 0.377259
94 0.000032 4.514120 -0.000024  -0.228867 -2.996200 0.592368
95 0.000044 4.518385 -0.000024  0.143171 2.612778 0.693385
96 0.000021 3.598325 0.000023  -0.749301 0.869853 -0.773231
97  4.209924 -0.440354 1.018822  -0.874924 -1.833510 -0.858321
98  4.265506 1.434233 -0.404991  -1.750600 0.289722 -0.724690
99  9.400231 0.017948 0.083199  0.094418 -0.053574 -1.658500
100  10.242421 0.033590 0.064482  1.357047 -0.604361 0.350521
101  3.465856 -0.059683 0.016695  -0.028224 -0.063537 -0.408393
102  1.655592 -0.000021 0.000023  -0.006992 -0.094035 -0.214285
103  0.960772 -0.000003 -0.000006  0.053112 0.053519 -0.012946
104  3.462029 -0.064248 0.939911  0.329394 -0.215172 -0.368083
105  1.497178 -0.000012 0.000021  -0.472924 0.094839 0.148662
106  0.793759 0.000001 0.000000  -0.008098 -0.007157 0.022895
107  0.591662 -0.460692 0.835208  -0.734795 -0.646101 -0.829282
108  1.556141 0.000002 0.000003  -0.306943 0.151430 0.446232
109  1.135903 0.000018 0.000005  0.053479 -0.074919 0.183946
110  3.084269 -0.668824 -1.257084  -0.681973 0.275621 -0.831731
111  1.064200 -0.000001 0.000008  0.024422 0.088837 -0.410117
112  0.640342 0.000003 -0.000009  -0.057157 0.009361 -0.191395
113  3.396825 -0.242143 -0.708689  -0.369921 0.122635 -0.619482
114  1.532966 0.000008 0.000009  0.028813 0.012837 -0.328048
115  0.832973 -0.000001 -0.000001  -0.046278 0.004455 -0.249326
116  4.209946 -0.440352 -1.019280  0.953230 1.962380 -0.758002
117  4.266747 1.424936 0.424940  1.627656 -0.207145 -1.008611
118  9.398565 0.011951 -0.082515  -0.043694 0.070995 -0.922820
119  10.242437 0.028177 -0.062907  -1.538220 0.270417 -0.223078
120  3.465751 -0.067524 0.002266  -0.146662 0.144439 -1.482378
121  1.655559 0.000007 0.000008  -0.164156 0.184463 -1.166697
122  0.960909 0.000007 -0.000002  -0.018935 0.176620 -0.890998
123  3.466856 -0.077780 -0.920910  -0.345906 0.021130 -1.405113
124  1.497258 -0.000037 -0.000020  -0.569246 0.313524 -0.986933
125  0.793790 -0.000007 0.000002  -0.224980 0.388706 -0.772651
126  0.595081 -0.467150 -0.829177  2.496989 0.699763 -0.529555
127  1.555674 0.000013 -0.000006  0.444198 0.348312 0.809838
128  1.136812 -0.000009 -0.000001  0.424998 0.399059 0.906784
129  3.075974 -0.667966 1.277700  0.301081 0.277000 -1.620654
130  1.064593 0.000014 0.000011  0.046915 -0.125236 -1.038822
131  0.640363 -0.000016 -0.000004  -0.104291 -0.023771 -0.471513
132  3.392414 -0.245369 0.728376  0.063844 0.192823 -1.598641
133  1.532737 -0.000005 -0.000001  -0.000848 0.025484 -1.121846
134  0.833152 0.000007 0.000006  -0.082769 -0.069998 -1.040855
135  3.590106 -3.090293 1.193972  1.635457 1.210566 1.548541
136  3.589553 -3.089879 -1.196372  -1.505736 1.210473 -1.592853
137  -0.436564 4.719028 -0.001076  -0.000856 -1.570733 1.693576
138  -0.000001 2.775455 -0.000234  -0.135089 0.000001 -0.000000
139  -0.000001 3.189768 0.000007  0.207820 0.000000 -0.000000
140  -0.000000 3.504653 0.000043  -0.261876 0.000000 -0.000000
141  0.000000 2.863198 -0.000003  -0.051268 -0.000000 0.000000
time 21
0  1.190238 -1.732731 32.089211  1.570862 0.000000 -0.000000
1  0.002636 43.025146 0.734438  0.331124 -0.527352 -0.010770
2  3.061857 -4.181010 -0.610803  -1.258795 -1.068376 -1.433468
3  18.476776 0.000159 -0.000002  -0.033667 -0.102548 1.434582
4  17.490084 0.000117 0.000002  -0.063451 0.394580 -1.778434
5  -3.065330 -4.183574 -0.611479  -1.561402 -0.616998 -1.842586
6  18.474850 -0.000034 -0.000007  0.026071 0.096939 1.320338
7  17.489586 0.001914 -0.000007  0.439027 0.225651 -1.888912
8  -0.000117 -0.048879 -0.576227  1.410209 0.232993 1.578513
9  3.224486 0.767047 0.000496  0.112939 0.032219 0.263954
10  3.223909 0.226400 -0.001945  -0.165349 -0.062969 0.298120
11  5.187324 -1.262559 -0.001177  0.000012 0.000066 0.194111
12  6.928409 -1.935314 -0.000231  3.023040 0.072118 0.229587
13  3.236365 1.079612 0.000058  0.364206 0.321784 0.063494
14 0.833755 3.805353 0.692955  -0.040491 0.554885 1.469871
15 0.000049 6.792204 0.000039  0.007990 0.036070 -0.011406
16 -0.000068 7.744817 0.000017  -0.017441 -0.155305 0.068150
17 0.000069 7.809700 0.000017  -0.033637 0.005026 0.006142
18 -0.000025 7.867676 0.000019  -0.073329 -0.127909 0.026375
19 3.494699 -1.749089 -3.006912  0.152547 2.070419 1.936945
20 0.000118 4.478323 0.000017  -0.194658 0.310431 -0.234995
21 0.000049 4.636110 -0.000029  0.035821 0.324592 -0.151768
22 -0.000043 5.008652 0.000012  0.075999 -0.286564 0.276091
23 0.000064 4.781164 0.000011  0.904399 -2.690903 -0.015798
24 2.253036 1.989063 -3.350106  -1.523631 1.324497 0.112400
25 0.000160 6.589460 0.000173  0.206354 -0.002129 -0.080395
26 0.000043 7.491420 0.000040  -0.333512 0.184455 -0.191166
27 0.000027 7.660300 -0.000058  -0.063175 0.127194 -0.062118
28 0.000007 7.256266 0.000021  -0.052939 -0.487829 0.313813
29 -0.791161 2.265123 -1.234655  -0.753899 1.136377 0.824672
30 -0.000260 8.572267 -0.000091  -0.222843 -0.296789 0.176504
31 -0.000096 8.117216 0.000047  0.072255 0.772520 -0.285589
32 -0.000081 8.230029 -0.000068  -0.080491 -0.347232 0.072254
33 0.000058 7.366725 0.000052  -0.015395 -0.663891 0.062742
34 0.224212 0.240128 -3.218158  -0.877381 1.468889 0.577825
35 -0.000101 7.721057 -0.000314  -0.283829 0.060497 -0.167556
36 -0.000030 7.374850 -0.000002  0.007536 -0.195022 0.049540
37 0.000074 6.848102 0.000007  0.005484 0.006496 -0.033649
38 -0.000054 7.777872 0.000009  -0.186097 0.182474 -0.152847
39 -1.514468 2.104650 -1.150167  -0.029092 0.541320 1.555677
40 -0.000168 6.982347 -0.000077  -0.199699 -0.041213 0.153490
41 0.000041 8.382865 -0.000072  0.044866 0.587987 -0.257961
42 0.000012 8.697711 -0.000026  -0.102637 -0.474319 0.290944
43 0.000055 8.921804 -0.000003  -0.076258 0.581004 -0.195605
44 1.196186 2.899154 -2.353086  -0.449719 1.030105 1.287427
45 0.000105 5.476939 0.000005  0.285574 -0.099352 -0.038446
46 -0.000075 6.060445 -0.000095  -0.155020 -0.575032 0.384610
47 0.000015 5.994262 0.000029  0.033940 0.288575 -0.067729
48 -0.000006 6.100487 0.000003  -0.068405 0.299273 -0.162153
49 0.000032 6.916760 0.000008  -0.096317 0.220533 -0.107966
50 0.000149 6.435059 -0.000044  -0.037459 0.171630 -0.116572
51 1.092790 3.649513 -1.738794  -0.148600 0.876612 1.445020
52 -0.000129 6.792200 -0.000103  0.008285 0.107792 -0.048643
53 -0.000088 7.744781 -0.000034  0.057137 -0.256893 0.015458
54 0.000083 9.115019 -0.000039  -0.020393 0.256253 -0.142636
55 3.494517 -1.749100 3.007064  0.118402 1.106974 1.813810
56 0.000015 4.323837 0.000088  -0.229909 -0.770942 0.449225
57 0.000028 4.872903 -0.000023  0.367244 -0.664052 -0.254033
58 0.000005 5.056655 0.000092  -0.511236 0.856586 -0.546324
59 2.292462 1.708619 3.661675  -1.762558 1.789110 -0.218972
60 -0.000174 6.589435 0.000268  -0.007132 -0.169123 0.176909
61 0.000171 7.491494 -0.000154  -0.132413 -0.107098 0.179328
62 -0.000139 8.249660 0.000142  0.041912 -0.058209 0.015814
63 0.000072 8.605236 -0.000026  0.101585 0.501824 -0.079697
64 -0.240492 2.066073 2.349267  -0.357331 2.461714 1.296080
65 -0.000082 7.721110 -0.000003  -0.208230 -0.126223 -0.116496
66 -0.000122 7.374869 -0.000047  -0.111018 0.046939 -0.046463
67 -0.000035 6.848060 -0.000027  0.273532 0.247523 0.299908
68 0.000034 7.777824 -0.000044  0.072921 0.186148 -0.052688
69 -0.000086 8.178052 0.000011  -0.087029 -0.422849 -0.381360
70 1.617601 3.431415 2.399266  -0.249454 2.569515 1.508571
71 -0.000167 5.476944 -0.000029  0.057729 0.074072 0.060285
72 -0.000094 6.060497 -0.000006  -0.015204 0.015650 -0.152065
73 0.000028 5.994255 0.000011  -0.126212 -0.157657 0.153302
74 -0.000080 7.076877 -0.000046  -0.008117 0.010385 0.036400
75 0.000006 7.089869 -0.000071  0.070875 0.098587 -0.025893
76 0.361109 0.886684 3.287746  -0.576373 1.978709 0.939011
77 -0.000065 6.686645 0.000223  -0.146568 0.414164 -0.327707
78 -0.000011 7.638015 0.000013  -0.079524 -0.025948 0.130956
79 -0.000031 7.290228 -0.000019  0.025325 -0.093908 0.023963
80 -0.000033 6.530373 0.000007  -0.261847 -0.300601 0.006734
81 0.000063 7.224882 0.000005  0.036506 0.032481 -0.175824
82 1.071894 3.225800 1.570115  -0.043806 2.859975 1.526247
83 0.000414 6.748898 -0.000065  -0.062702 0.083784 0.022202
84 -0.000046 8.002646 0.000026  -0.067496 -0.117209 -0.115599
85 0.000012 8.580572 -0.000098  0.088213 -0.007187 0.334604
86 0.000168 8.689829 -0.000041  0.065327 -0.412430 -0.134518
87 -1.514545 2.104638 0.318055  -0.024895 3.094490 1.569496
88 0.000193 6.982283 0.000011  -0.107589 -0.057624 -0.215715
89 -0.000008 8.382873 -0.000067  0.135031 -0.099914 0.287073
90 -0.000058 8.697672 0.000023  -0.148091 -0.510100 0.044839
91 -0.000133 8.921824 0.000080  -0.236826 -0.892635 0.098804
92 3.553612 -3.478043 2.409277  0.000820 0.762046 1.535309
93 -0.000003 4.476908 -0.000008  -0.151004 -0.588331 0.377259
94 0.000032 4.514120 -0.000024  -0.228867 -2.996200 0.592368
95 0.000044 4.518385 -0.000024  0.143171 2.612778 0.693385
96 0.000021 3.598325 0.000023  -0.749301 0.869853 -0.773231
97  4.209917 -0.440342 1.018820  -0.922918 -1.815165 -0.813741
98  4.265506 1.434229 -0.404995  -1.824945 0.406684 -0.702567
99  9.400235 0.017940 0.083203  0.095102 -0.053041 -1.669947
100  10.242416 0.033590 0.064474  1.386077 -0.615656 0.319889
101  3.465855 -0.059679 0.016695  -0.030198 -0.054728 -0.381463
102  1.655597 -0.000021 0.000023  -0.006726 -0.098134 -0.239166
103  0.960768 -0.000002 -0.000005  0.049877 0.049585 -0.040705
104  3.462031 -0.064245 0.939910  0.327121 -0.208939 -0.338776
105  1.497180 -0.000010 0.000021  -0.472871 0.093758 0.148435
106  0.793760 0.000005 0.000001  -0.007777 -0.007110 0.015201
107  0.591662 -0.460693 0.835207  -0.748200 -0.644552 -0.811173
108  1.556136 0.000003 0.000006  -0.302317 0.149235 0.443229
109  1.135902 0.000017 -0.000001  0.051011 -0.071711 0.191035
110  3.084270 -0.668819 -1.257084  -0.677746 0.272924 -0.826187
111  1.064200 -0.000001 0.000011  0.021912 0.091955 -0.447502
112  0.640341 0.000006 -0.000006  -0.055254 0.012319 -0.223787
113  3.396822 -0.242138 -0.708690  -0.367028 0.127581 -0.605503
114  1.532966 0.000005 0.000007  0.028284 0.012246 -0.360737
115  0.832973 -0.000002 -0.000005  -0.044257 0.004134 -0.285249
116  4.209940 -0.440344 -1.019282  0.958996 1.978999 -0.748794
117  4.266743 1.424942 0.424944  1.621513 -0.195506 -0.980133
118  9.398573 0.011948 -0.082515  -0.041424 0.070742 -0.893369
119  10.242441 0.028176 -0.062907  -1.559394 0.253517 -0.257745
120  3.465749 -0.067527 0.002270  -0.146662 0.144439 -1.482378
121  1.655561 0.000005 0.000008  -0.164156 0.184463 -1.166697
122  0.960904 0.000007 0.000001  -0.018935 0.176620 -0.890998
123  3.466856 -0.077780 -0.920908  -0.345906 0.021130 -1.405113
124  1.497257 -0.000035 -0.000022  -0.569246 0.313524 -0.986933
125  0.793789 -0.000006 0.000002  -0.224980 0.388706 -0.772651
126  0.595078 -0.467149 -0.829176  2.496989 0.699763 -0.529555
127  1.555675 0.000016 -0.000003  0.444198 0.348312 0.809838
128  1.136813 -0.000009 -0.000001  0.424999 0.399059 0.906783
129  3.075972 -0.667968 1.277702  0.301081 0.277000 -1.620654
130  1.064594 0.000014 0.000011  0.046915 -0.125236 -1.038822
131  0.640364 -0.000015 -0.000005  -0.104291 -0.023771 -0.471513
132  3.392409 -0.245368 0.728377  0.063844 0.192823 -1.598641
133  1.532741 -0.000004 -0.000001  -0.000848 0.025485 -1.121846
134  0.833156 0.000007 0.000005  -0.082770 -0.069998 -1.040855
135  3.590111 -3.090293 1.193972  1.635457 1.210566 1.548541
136  3.589561 -3.089881 -1.196373  -1.505736 1.210473 -1.592853
137  -0.436556 4.719027 -0.001076  -0.000709 -1.570733 1.692407
138  0.000001 2.775450 -0.000237  -0.135089 0.000001 -0.000000
139  -0.000001 3.189766 0.000008  0.207820 -0.000000 -0.000000
140  -0.000001 3.504647 0.000048  -0.261876 0.000000 -0.000000
141  0.000001 2.863203 -0.000003  -0.051268 0.000000 -0.000000
time 22
0  1.072441 -0.929975 31.314814  1.570862 0.000000 -0.000000
1  0.002636 43.025146 0.734438  0.338244 -0.605776 -0.022221
2  3.061857 -4.181015 -0.610804  -1.288537 -1.073778 -1.372261
3  18.476776 0.000156 -0.000002  -0.036972 -0.104631 1.482392
4  17.490086 0.000118 0.000004  -0.135131 0.348924 -1.820768
5  -3.065330 -4.183575 -0.611480  -1.614954 -0.707010 -1.813992
6  18.474855 -0.000035 -0.000007  0.032672 0.101965 1.421967
7  17.489584 0.001915 -0.000006  0.422844 0.197765 -1.927104
8  -0.000117 -0.048885 -0.576227  1.400952 0.229417 1.564315
9  3.224483 0.767047 0.000496  0.097819 0.016352 0.268381
10  3.223915 0.226398 -0.001945  -0.176806 -0.072500 0.302195
11  5.187321 -1.262559 -0.001177  0.000012 0.000066 0.194111
12  6.928415 -1.935316 -0.000229  3.041866 0.050946 0.222000
13  3.236364 1.079614 0.000058  0.449210 0.287705 0.113290
14 0.833755 3.805353 0.692955  -0.040491 0.554885 1.469871
15 0.000049 6.792204 0.000039  0.007990 0.036070 -0.011406
16 -0.000068 7.744817 0.000017  -0.017441 -0.155305 0.068150
17 0.000069 7.809700 0.000017  -0.033637 0.005026 0.006142
18 -0.000025 7.867676 0.000019  -0.073329 -0.127909 0.026375
19 3.494699 -1.749089 -3.006912  0.152547 2.070419 1.936945
20 0.000118 4.478323 0.000017  -0.194658 0.310431 -0.234995
21 0.000049 4.636110 -0.000029  0.035821 0.324592 -0.151768
22 -0.000043 5.008652 0.000012  0.075999 -0.286564 0.276091
23 0.000064 4.781164 0.000011  0.904399 -2.690903 -0.015798
24 2.253036 1.989063 -3.350106  -1.523631 1.324497 0.112400
25 0.000160 6.589460 0.000173  0.206354 -0.002129 -0.080395
26 0.000043 7.491420 0.000040  -0.333512 0.184455 -0.191166
27 0.000027 7.660300 -0.000058  -0.063175 0.127194 -0.062118
28 0.000007 7.256266 0.000021  -0.052939 -0.487829 0.313813
29 -0.791161 2.265123 -1.234655  -0.753899 1.136377 0.824672
30 -0.000260 8.572267 -0.000091  -0.222843 -0.296789 0.176504
31 -0.000096 8.117216 0.000047  0.072255 0.772520 -0.285589
32 -0.000081 8.230029 -0.000068  -0.080491 -0.347232 0.072254
33 0.000058 7.366725 0.000052  -0.015395 -0.663891 0.062742
34 0.224212 0.240128 -3.218158  -0.877381 1.468889 0.577825
35 -0.000101 7.721057 -0.000314  -0.283829 0.060497 -0.167556
36 -0.000030 7.374850 -0.000002  0.007536 -0.195022 0.049540
37 0.000074 6.848102 0.000007  0.005484 0.006496 -0.033649
38 -0.000054 7.777872 0.000009  -0.186097 0.182474 -0.152847
39 -1.514468 2.104650 -1.150167  -0.029092 0.541320 1.555677
40 -0.000168 6.982347 -0.000077  -0.199699 -0.041213 0.153490
41 0.000041 8.382865 -0.000072  0.044866 0.587987 -0.257961
42 0.000012 8.697711 -0.000026  -0.102637 -0.474319 0.290944
43 0.000055 8.921804 -0.000003  -0.076258 0.581004 -0.195605
44 1.196186 2.899154 -2.353086  -0.449719 1.030105 1.287427
45 0.000105 5.476939 0.000005  0.285574 -0.099352 -0.038446
46 -0.000075 6.060445 -0.000095  -0.155020 -0.575032 0.384610
47 0.000015 5.994262 0.000029  0.033940 0.288575 -0.067729
48 -0.000006 6.100487 0.000003  -0.068405 0.299273 -0.162153
49 0.000032 6.916760 0.000008  -0.096317 0.220533 -0.107966
50 0.000149 6.435059 -0.000044  -0.037459 0.171630 -0.116572
51 1.092790 3.649513 -1.738794  -0.148600 0.876612 1.445020
52 -0.000129 6.792200 -0.000103  0.008285 0.107792 -0.048643
53 -0.000088 7.744781 -0.000034  0.057137 -0.256893 0.015458
54 0.000083 9.115019 -0.000039  -0.020393 0.256253 -0.142636
55 3.494517 -1.749100 3.007064  0.118402 1.106974 1.813810
56 0.000015 4.323837 0.000088  -0.229909 -0.770942 0.449225
57 0.000028 4.872903 -0.000023  0.367244 -0.664052 -0.254033
58 0.000005 5.056655 0.000092  -0.511236 0.856586 -0.546324
59 2.292462 1.708619 3.661675  -1.762558 1.789110 -0.218972
60 -0.000174 6.589435 0.000268  -0.007132 -0.169123 0.176909
61 0.000171 7.491494 -0.000154  -0.132413 -0.107098 0.179328
62 -0.000139 8.249660 0.000142  0.041912 -0.058209 0.015814
63 0.000072 8.605236 -0.000026  0.101585 0.501824 -0.079697
64 -0.240492 2.066073 2.349267  -0.357331 2.461714 1.296080
65 -0.000082 7.721110 -0.000003  -0.208230 -0.126223 -0.116496
66 -0.000122 7.374869 -0.000047  -0.111018 0.046939 -0.046463
67 -0.000035 6.848060 -0.000027  0.273532 0.247523 0.299908
68 0.000034 7.777824 -0.000044  0.072921 0.186148 -0.052688
69 -0.000086 8.178052 0.000011  -0.087029 -0.422849 -0.381360
70 1.617601 3.431415 2.399266  -0.249454 2.569515 1.508571
71 -0.000167 5.476944 -0.000029  0.057729 0.074072 0.060285
72 -0.000094 6.060497 -0.000006  -0.015204 0.015650 -0.152065
73 0.000028 5.994255 0.000011  -0.126212 -0.157657 0.153302
74 -0.000080 7.076877 -0.000046  -0.008117 0.010385 0.036400
75 0.000006 7.089869 -0.000071  0.070875 0.098587 -0.025893
76 0.361109 0.886684 3.287746  -0.576373 1.978709 0.939011
77 -0.000065 6.686645 0.000223  -0.146568 0.414164 -0.327707
78 -0.000011 7.638015 0.000013  -0.079524 -0.025948 0.130956
79 -0.000031 7.290228 -0.000019  0.025325 -0.093908 0.023963
80 -0.000033 6.530373 0.000007  -0.261847 -0.300601 0.006734
81 0.000063 7.224882 0.000005  0.036506 0.032481 -0.175824
82 1.071894 3.225800 1.570115  -0.043806 2.859975 1.526247
83 0.000414 6.748898 -0.000065  -0.062702 0.083784 0.022202
84 -0.000046 8.002646 0.000026  -0.067496 -0.117209 -0.115599
85 0.000012 8.580572 -0.000098  0.088213 -0.007187 0.334604
86 0.000168 8.689829 -0.000041  0.065327 -0.412430 -0.134518
87 -1.514545 2.104638 0.318055  -0.024895 3.094490 1.569496
88 0.000193 6.982283 0.000011  -0.107589 -0.057624 -0.215715
89 -0.000008 8.382873 -0.000067  0.135031 -0.099914 0.287073
90 -0.000058 8.697672 0.000023  -0.148091 -0.510100 0.044839
91 -0.000133 8.921824 0.000080  -0.236826 -0.892635 0.098804
92 3.553612 -3.478043 2.409277  0.000820 0.762046 1.535309
93 -0.000003 4.476908 -0.000008  -0.151004 -0.588331 0.377259
94 0.000032 4.514120 -0.000024  -0.228867 -2.996200 0.592368
95 0.000044 4.518385 -0.000024  0.143171 2.612778 0.693385
96 0.000021 3.598325 0.000023  -0.749301 0.869853 -0.773231
97  4.209925 -0.440348 1.018822  -0.972139 -1.801030 -0.767177
98  4.265507 1.434235 -0.404997  -1.947776 0.512387 -0.731138
99  9.400235 0.017944 0.083202  0.095267 -0.052910 -1.672728
100  10.242425 0.033593 0.064477  1.413576 -0.627861 0.289696
101  3.465856 -0.059680 0.016694  -0.031901 -0.045477 -0.353797
102  1.655598 -0.000022 0.000022  -0.006310 -0.102570 -0.266107
103  0.960765 -0.000005 -0.000005  0.046558 0.045237 -0.070647
104  3.462029 -0.064248 0.939909  0.324939 -0.202346 -0.309643
105  1.497175 -0.000012 0.000022  -0.473098 0.091570 0.145747
106  0.793759 0.000006 -0.000001  -0.007422 -0.006819 0.004271
107  0.591663 -0.460693 0.835207  -0.761981 -0.643152 -0.792442
108  1.556137 -0.000001 0.000001  -0.297403 0.146739 0.439799
109  1.135902 0.000018 0.000001  0.048409 -0.068361 0.198483
110  3.084268 -0.668821 -1.257085  -0.673199 0.269688 -0.820644
111  1.064205 -0.000003 0.000005  0.019106 0.095270 -0.487835
112  0.640344 0.000003 -0.000007  -0.053285 0.015457 -0.258735
113  3.396822 -0.242136 -0.708688  -0.363707 0.132330 -0.591570
114  1.532966 0.000012 0.000006  0.027722 0.011607 -0.396333
115  0.832977 -0.000001 -0.000001  -0.042136 0.003772 -0.324270
116  4.209947 -0.440346 -1.019280  0.945810 1.998520 -0.757135
117  4.266747 1.424941 0.424940  1.622662 -0.182364 -0.948916
118  9.398561 0.011948 -0.082517  -0.039491 0.070472 -0.868209
119  10.242438 0.028177 -0.062906  -1.580834 0.237054 -0.288262
120  3.465751 -0.067528 0.002268  -0.146662 0.144439 -1.482378
121  1.655562 0.000009 0.000007  -0.164156 0.184463 -1.166697
122  0.960908 0.000005 -0.000001  -0.018935 0.176620 -0.890997
123  3.466857 -0.077782 -0.920909  -0.345906 0.021130 -1.405113
124  1.497260 -0.000036 -0.000023  -0.569246 0.313524 -0.986933
125  0.793789 -0.000010 -0.000003  -0.224980 0.388706 -0.772651
126  0.595078 -0.467150 -0.829176  2.496989 0.699763 -0.529555
127  1.555679 0.000015 -0.000003  0.444198 0.348312 0.809838
128  1.136814 -0.000009 -0.000001  0.424998 0.399059 0.906784
129  3.075974 -0.667967 1.277700  0.301081 0.277000 -1.620654
130  1.064591 0.000020 0.000010  0.046915 -0.125236 -1.038822
131  0.640361 -0.000012 -0.000003  -0.104291 -0.023771 -0.471513
132  3.392411 -0.245368 0.728375  0.063844 0.192823 -1.598641
133  1.532735 -0.000006 -0.000001  -0.000848 0.025484 -1.121846
134  0.833153 0.000003 0.000005  -0.082769 -0.069998 -1.040855
135  3.590108 -3.090292 1.193973  1.635456 1.210566 1.548541
136  3.589559 -3.089881 -1.196372  -1.505736 1.210473 -1.592853
137  -0.436562 4.719025 -0.001076  -0.000591 -1.570733 1.693510
138  -0.000002 2.775455 -0.000233  -0.135089 0.000001 -0.000000
139  0.000000 3.189772 0.000005  0.207820 -0.000000 0.000000
140  -0.000001 3.504653 0.000044  -0.261876 -0.000000 -0.000000
141  -0.000000 2.863198 -0.000001  -0.051268 0.000000 0.000000
time 23
0  1.342050 -0.473108 30.895676  1.570862 0.000000 -0.000000
1  0.002636 43.025146 0.734438  0.342935 -0.667208 -0.037402
2  3.061857 -4.181011 -0.610803  -1.302544 -1.071631 -1.342690
3  18.476772 0.000159 -0.000000  -0.039356 -0.106002 1.516049
4  17.490088 0.000117 0.000004  -0.174140 0.306962 -1.835582
5  -3.065330 -4.183576 -0.611480  -1.667223 -0.763499 -1.788646
6  18.474859 -0.000035 -0.000008  0.036018 0.104135 1.470812
7  17.489584 0.001916 -0.000007  0.420757 0.171345 -1.934190
8  -0.000117 -0.048883 -0.576225  1.388499 0.221754 1.564363
9  3.224484 0.767047 0.000495  0.081026 0.021375 0.278566
10  3.223909 0.226400 -0.001944  -0.187828 -0.067735 0.310152
11  5.187319 -1.262560 -0.001176  0.000012 0.000066 0.194111
12  6.928412 -1.935314 -0.000227  3.063673 0.027940 0.212330
13  3.236364 1.079609 0.000057  0.515232 0.278596 0.177674
14 0.833755 3.805353 0.692955  -0.040491 0.554885 1.469871
15 0.000049 6.792204 0.000039  0.007990 0.036070 -0.011406
16 -0.000068 7.744817 0.000017  -0.017441 -0.155305 0.068150
17 0.000069 7.809700 0.000017  -0.033637 0.005026 0.006142
18 -0.000025 7.867676 0.000019  -0.073329 -0.127909 0.026375
19 3.494699 -1.749089 -3.006912  0.152547 2.070419 1.936945
20 0.000118 4.478323 0.000017  -0.194658 0.310431 -0.234995
21 0.000049 4.636110 -0.000029  0.035821 0.324592 -0.151768
22 -0.000043 5.008652 0.000012  0.075999 -0.286564 0.276091
23 0.000064 4.781164 0.000011  0.904399 -2.690903 -0.015798
24 2.253036 1.989063 -3.350106  -1.523631 1.324497 0.112400
25 0.000160 6.589460 0.000173  0.206354 -0.002129 -0.080395
26 0.000043 7.491420 0.000040  -0.333512 0.184455 -0.191166
27 0.000027 7.660300 -0.000058  -0.063175 0.127194 -0.062118
28 0.000007 7.256266 0.000021  -0.052939 -0.487829 0.313813
29 -0.791161 2.265123 -1.234655  -0.753899 1.136377 0.824672
30 -0.000260 8.572267 -0.000091  -0.222843 -0.296789 0.176504
31 -0.000096 8.117216 0.000047  0.072255 0.772520 -0.285589
32 -0.000081 8.230029 -0.000068  -0.080491 -0.347232 0.072254
33 0.000058 7.366725 0.000052  -0.015395 -0.663891 0.062742
34 0.224212 0.240128 -3.218158  -0.877381 1.468889 0.577825
35 -0.000101 7.721057 -0.000314  -0.283829 0.060497 -0.167556
36 -0.000030 7.374850 -0.000002  0.007536 -0.195022 0.049540
37 0.000074 6.848102 0.000007  0.005484 0.006496 -0.033649
38 -0.000054 7.777872 0.000009  -0.186097 0.182474 -0.152847
39 -1.514468 2.104650 -1.150167  -0.029092 0.541320 1.555677
40 -0.000168 6.982347 -0.000077  -0.199699 -0.041213 0.153490
41 0.000041 8.382865 -0.000072  0.044866 0.587987 -0.257961
42 0.000012 8.697711 -0.000026  -0.102637 -0.474319 0.290944
43 0.000055 8.921804 -0.000003  -0.076258 0.581004 -0.195605
44 1.196186 2.899154 -2.353086  -0.449719 1.030105 1.287427
45 0.000105 5.476939 0.000005  0.285574 -0.099352 -0.038446
46 -0.000075 6.060445 -0.000095  -0.155020 -0.575032 0.384610
47 0.000015 5.994262 0.000029  0.033940 0.288575 -0.067729
48 -0.000006 6.100487 0.000003  -0.068405 0.299273 -0.162153
49 0.000032 6.916760 0.000008  -0.096317 0.220533 -0.107966
50 0.000149 6.435059 -0.000044  -0.037459 0.171630 -0.116572
51 1.092790 3.649513 -1.738794  -0.148600 0.876612 1.445020
52 -0.000129 6.792200 -0.000103  0.008285 0.107792 -0.048643
53 -0.000088 7.744781 -0.000034  0.057137 -0.256893 0.015458
54 0.000083 9.115019 -0.000039  -0.020393 0.256253 -0.142636
55 3.494517 -1.749100 3.007064  0.118402 1.106974 1.813810
56 0.000015 4.323837 0.000088  -0.229909 -0.770942 0.449225
57 0.000028 4.872903 -0.000023  0.367244 -0.664052 -0.254033
58 0.000005 5.056655 0.000092  -0.511236 0.856586 -0.546324
59 2.292462 1.708619 3.661675  -1.762558 1.789110 -0.218972
60 -0.000174 6.589435 0.000268  -0.007132 -0.169123 0.176909
61 0.000171 7.491494 -0.000154  -0.132413 -0.107098 0.179328
62 -0.000139 8.249660 0.000142  0.041912 -0.058209 0.015814
63 0.000072 8.605236 -0.000026  0.101585 0.501824 -0.079697
64 -0.240492 2.066073 2.349267  -0.357331 2.461714 1.296080
65 -0.000082 7.721110 -0.000003  -0.208230 -0.126223 -0.116496
66 -0.000122 7.374869 -0.000047  -0.111018 0.046939 -0.046463
67 -0.000035 6.848060 -0.000027  0.273532 0.247523 0.299908
68 0.000034 7.777824 -0.000044  0.072921 0.186148 -0.052688
69 -0.000086 8.178052 0.000011  -0.087029 -0.422849 -0.381360
70 1.617601 3.431415 2.399266  -0.249454 2.569515 1.508571
71 -0.000167 5.476944 -0.000029  0.057729 0.074072 0.060285
72 -0.000094 6.060497 -0.000006  -0.015204 0.015650 -0.152065
73 0.000028 5.994255 0.000011  -0.126212 -0.157657 0.153302
74 -0.000080 7.076877 -0.000046  -0.008117 0.010385 0.036400
75 0.000006 7.089869 -0.000071  0.070875 0.098587 -0.025893
76 0.361109 0.886684 3.287746  -0.576373 1.978709 0.939011
77 -0.000065 6.686645 0.000223  -0.146568 0.414164 -0.327707
78 -0.000011 7.638015 0.000013  -0.079524 -0.025948 0.130956
79 -0.000031 7.290228 -0.000019  0.025325 -0.093908 0.023963
80 -0.000033 6.530373 0.000007  -0.261847 -0.300601 0.006734
81 0.000063 7.224882 0.000005  0.036506 0.032481 -0.175824
82 1.071894 3.225800 1.570115  -0.043806 2.859975 1.526247
83 0.000414 6.748898 -0.000065  -0.062702 0.083784 0.022202
84 -0.000046 8.002646 0.000026  -0.067496 -0.117209 -0.115599
85 0.000012 8.580572 -0.000098  0.088213 -0.007187 0.334604
86 0.000168 8.689829 -0.000041  0.065327 -0.412430 -0.134518
87 -1.514545 2.104638 0.318055  -0.024895 3.094490 1.569496
88 0.000193 6.982283 0.000011  -0.107589 -0.057624 -0.215715
89 -0.000008 8.382873 -0.000067  0.135031 -0.099914 0.287073
90 -0.000058 8.697672 0.000023  -0.148091 -0.510100 0.044839
91 -0.000133 8.921824 0.000080  -0.236826 -0.892635 0.098804
92 3.553612 -3.478043 2.409277  0.000820 0.762046 1.535309
93 -0.000003 4.476908 -0.000008  -0.151004 -0.588331 0.377259
94 0.000032 4.514120 -0.000024  -0.228867 -2.996200 0.592368
95 0.000044 4.518385 -0.000024  0.143171 2.612778 0.693385
96 0.000021 3.598325 0.000023  -0.749301 0.869853 -0.773231
97  4.209923 -0.440348 1.018822  -1.037148 -1.800838 -0.702914
98  4.265505 1.434233 -0.404994  -2.122971 0.532276 -0.858240
99  9.400234 0.017942 0.083200  0.093755 -0.054080 -1.647492
100  10.242422 0.033589 0.064481  1.423987 -0.639338 0.271084
101  3.465856 -0.059673 0.016694  -0.033176 -0.036771 -0.328886
102  1.655593 -0.000023 0.000020  -0.005780 -0.106937 -0.292695
103  0.960767 0.000006 -0.000005  0.043453 0.040801 -0.100221
104  3.462029 -0.064242 0.939909  0.323028 -0.195997 -0.283538
105  1.497176 -0.000010 0.000021  -0.473308 0.089428 0.143175
106  0.793763 0.000005 -0.000003  -0.007130 -0.006551 -0.006410
107  0.591663 -0.460688 0.835207  -0.775935 -0.641073 -0.773798
108  1.556140 0.000002 -0.000001  -0.292572 0.144167 0.436275
109  1.135904 0.000018 0.000006  0.045877 -0.064808 0.206373
110  3.084268 -0.668816 -1.257085  -0.668713 0.266321 -0.815443
111  1.064197 -0.000002 0.000003  0.016151 0.098371 -0.527865
112  0.640334 0.000004 -0.000007  -0.051562 0.018633 -0.293482
113  3.396821 -0.242130 -0.708689  -0.360288 0.136828 -0.578281
114  1.532969 0.000005 0.000006  0.027187 0.010957 -0.431246
115  0.832971 -0.000001 -0.000005  -0.040028 0.003518 -0.362618
116  4.209947 -0.440344 -1.019280  0.947054 1.986354 -0.758725
117  4.266745 1.424937 0.424936  1.632841 -0.178249 -0.913128
118  9.398566 0.011946 -0.082519  -0.038121 0.070251 -0.850303
119  10.242435 0.028176 -0.062912  -1.598286 0.219622 -0.303679
120  3.465755 -0.067526 0.002270  -0.146662 0.144439 -1.482378
121  1.655562 0.000005 0.000007  -0.164156 0.184463 -1.166697
122  0.960910 0.000000 -0.000000  -0.018935 0.176620 -0.890997
123  3.466861 -0.077780 -0.920908  -0.345906 0.021130 -1.405113
124  1.497259 -0.000033 -0.000023  -0.569246 0.313524 -0.986932
125  0.793789 -0.000006 0.000003  -0.224980 0.388706 -0.772651
126  0.595083 -0.467152 -0.829175  2.496989 0.699763 -0.529555
127  1.555678 0.000016 -0.000002  0.444198 0.348312 0.809838
128  1.136816 -0.000008 -0.000001  0.424998 0.399059 0.906783
129  3.075977 -0.667966 1.277702  0.301081 0.277000 -1.620654
130  1.064594 0.000018 0.000010  0.046915 -0.125236 -1.038822
131  0.640360 -0.000017 -0.000003  -0.104291 -0.023771 -0.471513
132  3.392416 -0.245368 0.728378  0.063844 0.192823 -1.598641
133  1.532734 -0.000012 -0.000003  -0.000848 0.025484 -1.121846
134  0.833150 0.000012 0.000004  -0.082769 -0.069998 -1.040855
135  3.590108 -3.090296 1.193973  1.635457 1.210566 1.548541
136  3.589557 -3.089882 -1.196371  -1.505736 1.210473 -1.592853
137  -0.436560 4.719024 -0.001075  -0.000709 -1.570733 1.693553
138  0.000001 2.775459 -0.000236  -0.135089 0.000001 -0.000000
139  0.000002 3.189768 0.000008  0.207820 -0.000000 0.000000
140  -0.000000 3.504649 0.000048  -0.261876 -0.000000 0.000000
141  0.000001 2.863200 -0.000001  -0.051268 0.000000 0.000000
time 24
0  1.868702 -0.239230 30.777924  1.570862 0.000000 -0.000000
1  0.002636 43.025146 0.734438  0.345845 -0.717717 -0.053271
2  3.061858 -4.181015 -0.610804  -1.306699 -1.066113 -1.336486
3  18.476774 0.000158 -0.000001  -0.040748 -0.106754 1.535408
4  17.490086 0.000119 0.000002  -0.191744 0.268034 -1.829110
5  -3.065330 -4.183581 -0.611479  -1.711065 -0.799175 -1.773161
6  18.474855 -0.000036 -0.000009  0.036806 0.104613 1.482107
7  17.489586 0.001916 -0.000007  0.425854 0.142502 -1.919764
8  -0.000117 -0.048884 -0.576226  1.374747 0.215456 1.567813
9  3.224482 0.767047 0.000495  0.063229 0.031637 0.286686
10  3.223914 0.226398 -0.001944  -0.199031 -0.059388 0.316787
11  5.187322 -1.262561 -0.001176  0.000012 0.000066 0.194111
12  6.928405 -1.935307 -0.000225  3.086415 0.005027 0.202281
13  3.236367 1.079603 0.000057  0.577810 0.276665 0.233936
14 0.833755 3.805353 0.692955  -0.040491 0.554885 1.469871
15 0.000049 6.792204 0.000039  0.007990 0.036070 -0.011406
16 -0.000068 7.744817 0.000017  -0.017441 -0.155305 0.068150
17 0.000069 7.809700 0.000017  -0.033637 0.005026 0.006142
18 -0.000025 7.867676 0.000019  -0.073329 -0.127909 0.026375
19 3.494699 -1.749089 -3.006912  0.152547 2.070419 1.936945
20 0.000118 4.478323 0.000017  -0.194658 0.310431 -0.234995
21 0.000049 4.636110 -0.000029  0.035821 0.324592 -0.151768
22 -0.000043 5.008652 0.000012  0.075999 -0.286564 0.276091
23 0.000064 4.781164 0.000011  0.904399 -2.690903 -0.015798
24 2.253036 1.989063 -3.350106  -1.523631 1.324497 0.112400
25 0.000160 6.589460 0.000173  0.206354 -0.002129 -0.080395
26 0.000043 7.491420 0.000040  -0.333512 0.184455 -0.191166
27 0.000027 7.660300 -0.000058  -0.063175 0.127194 -0.062118
28 0.000007 7.256266 0.000021  -0.052939 -0.487829 0.313813
29 -0.791161 2.265123 -1.234655  -0.753899 1.136377 0.824672
30 -0.000260 8.572267 -0.000091  -0.222843 -0.296789 0.176504
31 -0.000096 8.117216 0.000047  0.072255 0.772520 -0.285589
32 -0.000081 8.230029 -0.000068  -0.080491 -0.347232 0.072254
33 0.000058 7.366725 0.000052  -0.015395 -0.663891 0.062742
34 0.224212 0.240128 -3.218158  -0.877381 1.468889 0.577825
35 -0.000101 7.721057 -0.000314  -0.283829 0.060497 -0.167556
36 -0.000030 7.374850 -0.000002  0.007536 -0.195022 0.049540
37 0.000074 6.848102 0.000007  0.005484 0.006496 -0.033649
38 -0.000054 7.777872 0.000009  -0.186097 0.182474 -0.152847
39 -1.514468 2.104650 -1.150167  -0.029092 0.541320 1.555677
40 -0.000168 6.982347 -0.000077  -0.199699 -0.041213 0.153490
41 0.000041 8.382865 -0.000072  0.044866 0.587987 -0.257961
42 0.000012 8.697711 -0.000026  -0.102637 -0.474319 0.290944
43 0.000055 8.921804 -0.000003  -0.076258 0.581004 -0.195605
44 1.196186 2.899154 -2.353086  -0.449719 1.030105 1.287427
45 0.000105 5.476939 0.000005  0.285574 -0.099352 -0.038446
46 -0.000075 6.060445 -0.000095  -0.155020 -0.575032 0.384610
47 0.000015 5.994262 0.000029  0.033940 0.288575 -0.067729
48 -0.000006 6.100487 0.000003  -0.068405 0.299273 -0.162153
49 0.000032 6.916760 0.000008  -0.096317 0.220533 -0.107966
50 0.000149 6.435059 -0.000044  -0.037459 0.171630 -0.116572
51 1.092790 3.649513 -1.738794  -0.148600 0.876612 1.445020
52 -0.000129 6.792200 -0.000103  0.008285 0.107792 -0.048643
53 -0.000088 7.744781 -0.000034  0.057137 -0.256893 0.015458
54 0.000083 9.115019 -0.000039  -0.020393 0.256253 -0.142636
55 3.494517 -1.749100 3.007064  0.118402 1.106974 1.813810
56 0.000015 4.323837 0.000088  -0.229909 -0.770942 0.449225
57 0.000028 4.872903 -0.000023  0.367244 -0.664052 -0.254033
58 0.000005 5.056655 0.000092  -0.511236 0.856586 -0.546324
59 2.292462 1.708619 3.661675  -1.762558 1.789110 -0.218972
60 -0.000174 6.589435 0.000268  -0.007132 -0.169123 0.176909
61 0.000171 7.491494 -0.000154  -0.132413 -0.107098 0.179328
62 -0.000139 8.249660 0.000142  0.041912 -0.058209 0.015814
63 0.000072 8.605236 -0.000026  0.101585 0.501824 -0.079697
64 -0.240492 2.066073 2.349267  -0.357331 2.461714 1.296080
65 -0.000082 7.721110 -0.000003  -0.208230 -0.126223 -0.116496
66 -0.000122 7.374869 -0.000047  -0.111018 0.046939 -0.046463
67 -0.000035 6.848060 -0.000027  0.273532 0.247523 0.299908
68 0.000034 7.777824 -0.000044  0.072921 0.186148 -0.052688
69 -0.000086 8.178052 0.000011  -0.087029 -0.422849 -0.381360
70 1.617601 3.431415 2.399266  -0.249454 2.569515 1.508571
71 -0.000167 5.476944 -0.000029  0.057729 0.074072 0.060285
72 -0.000094 6.060497 -0.000006  -0.015204 0.015650 -0.152065
73 0.000028 5.994255 0.000011  -0.126212 -0.157657 0.153302
74 -0.000080 7.076877 -0.000046  -0.008117 0.010385 0.036400
75 0.000006 7.089869 -0.000071  0.070875 0.098587 -0.025893
76 0.361109 0.886684 3.287746  -0.576373 1.978709 0.939011
77 -0.000065 6.686645 0.000223  -0.146568 0.414164 -0.327707
78 -0.000011 7.638015 0.000013  -0.079524 -0.025948 0.130956
79 -0.000031 7.290228 -0.000019  0.025325 -0.093908 0.023963
80 -0.000033 6.530373 0.000007  -0.261847 -0.300601 0.006734
81 0.000063 7.224882 0.000005  0.036506 0.032481 -0.175824
82 1.071894 3.225800 1.570115  -0.043806 2.859975 1.526247
83 0.000414 6.748898 -0.000065  -0.062702 0.083784 0.022202
84 -0.000046 8.002646 0.000026  -0.067496 -0.117209 -0.115599
85 0.000012 8.580572 -0.000098  0.088213 -0.007187 0.334604
86 0.000168 8.689829 -0.000041  0.065327 -0.412430 -0.134518
87 -1.514545 2.104638 0.318055  -0.024895 3.094490 1.569496
88 0.000193 6.982283 0.000011  -0.107589 -0.057624 -0.215715
89 -0.000008 8.382873 -0.000067  0.135031 -0.099914 0.287073
90 -0.000058 8.697672 0.000023  -0.148091 -0.510100 0.044839
91 -0.000133 8.921824 0.000080  -0.236826 -0.892635 0.098804
92 3.553612 -3.478043 2.409277  0.000820 0.762046 1.535309
93 -0.000003 4.476908 -0.000008  -0.151004 -0.588331 0.377259
94 0.000032 4.514120 -0.000024  -0.228867 -2.996200 0.592368
95 0.000044 4.518385 -0.000024  0.143171 2.612778 0.693385
96 0.000021 3.598325 0.000023  -0.749301 0.869853 -0.773231
97  4.209914 -0.440338 1.018826  -1.103435 -1.807236 -0.636786
98  4.265502 1.434229 -0.404994  -2.267161 0.512168 -0.986015
99  9.400234 0.017944 0.083206  0.091156 -0.055954 -1.605181
100  10.242418 0.033589 0.064483  1.435857 -0.650547 0.251328
101  3.465855 -0.059680 0.016692  -0.034079 -0.027166 -0.302805
102  1.655594 -0.000021 0.000021  -0.004893 -0.112510 -0.326666
103  0.960768 0.000000 -0.000010  0.039760 0.035015 -0.137949
104  3.462029 -0.064244 0.939908  0.321098 -0.188515 -0.258878
105  1.497176 -0.000005 0.000022  -0.474440 0.083301 0.131578
106  0.793757 -0.000001 -0.000000  -0.006786 -0.005294 -0.028916
107  0.591662 -0.460692 0.835206  -0.791589 -0.640096 -0.752974
108  1.556140 0.000002 -0.000001  -0.286705 0.140611 0.431433
109  1.135906 0.000018 0.000003  0.042632 -0.061392 0.213255
110  3.084269 -0.668817 -1.257085  -0.662995 0.261220 -0.810299
111  1.064200 -0.000000 0.000004  0.012250 0.102239 -0.579636
112  0.640335 0.000004 -0.000008  -0.049511 0.022434 -0.338819
113  3.396822 -0.242137 -0.708690  -0.355857 0.140948 -0.564858
114  1.532969 0.000011 0.000005  0.026548 0.010108 -0.476860
115  0.832975 -0.000002 -0.000002  -0.037294 0.002932 -0.412580
116  4.209939 -0.440336 -1.019277  0.955572 1.966712 -0.754912
117  4.266744 1.424950 0.424938  1.653013 -0.187508 -0.881383
118  9.398565 0.011948 -0.082515  -0.037099 0.070070 -0.836923
119  10.242437 0.028176 -0.062910  -1.616635 0.206095 -0.308819
120  3.465748 -0.067527 0.002269  -0.146662 0.144439 -1.482378
121  1.655562 0.000006 0.000006  -0.164156 0.184463 -1.166696
122  0.960909 0.000002 -0.000002  -0.018935 0.176620 -0.890997
123  3.466854 -0.077783 -0.920908  -0.345906 0.021130 -1.405113
124  1.497263 -0.000034 -0.000021  -0.569246 0.313524 -0.986932
125  0.793788 -0.000004 0.000001  -0.224980 0.388706 -0.772651
126  0.595077 -0.467154 -0.829174  2.496989 0.699763 -0.529555
127  1.555674 0.000014 0.000000  0.444198 0.348312 0.809838
128  1.136812 -0.000010 -0.000000  0.424998 0.399059 0.906783
129  3.075972 -0.667970 1.277702  0.301081 0.277000 -1.620654
130  1.064593 0.000021 0.000011  0.046915 -0.125236 -1.038822
131  0.640363 -0.000018 -0.000004  -0.104291 -0.023771 -0.471513
132  3.392408 -0.245369 0.728378  0.063844 0.192823 -1.598641
133  1.532742 -0.000006 -0.000001  -0.000848 0.025485 -1.121846
134  0.833153 0.000005 0.000006  -0.082769 -0.069998 -1.040855
135  3.590108 -3.090298 1.193972  1.635457 1.210566 1.548541
136  3.589559 -3.089881 -1.196372  -1.505736 1.210473 -1.592853
137  -0.436563 4.719025 -0.001076  0.000000 -1.570733 1.693041
138  -0.000001 2.775455 -0.000231  -0.135089 0.000001 -0.000000
139  -0.000000 3.189768 0.000007  0.207820 0.000000 0.000000
140  0.000001 3.504652 0.000047  -0.261876 0.000000 -0.000000
141  -0.000000 2.863195 0.000003  -0.051268 0.000000 -0.000000
time 25
0  2.444470 -0.119090 31.055141  1.570862 0.000000 -0.000000
1  0.002636 43.025146 0.734438  0.336906 -0.768443 -0.061861
2  3.061858 -4.181015 -0.610804  -1.309108 -1.039511 -1.344609
3  18.476774 0.000160 -0.000000  -0.039962 -0.106334 1.524502
4  17.490088 0.000116 0.000005  -0.200125 0.227276 -1.803854
5  -3.065330 -4.183581 -0.611479  -1.739324 -0.814027 -1.772498
6  18.474854 -0.000035 -0.000007  0.035088 0.103554 1.457396
7  17.489586 0.001915 -0.000006  0.423762 0.103629 -1.886492
8  -0.000117 -0.048887 -0.576225  1.362123 0.218191 1.567378
9  3.224481 0.767047 0.000496  0.046480 0.035912 0.282265
10  3.223903 0.226399 -0.001944  -0.210058 -0.055045 0.314836
11  5.187321 -1.262562 -0.001179  0.000012 0.000066 0.194111
12  6.928416 -1.935317 -0.000228  3.107869 -0.015547 0.193885
13  3.236367 1.079606 0.000057  0.640969 0.270106 0.252766
14 0.833755 3.805353 0.692955  -0.040491 0.554885 1.469871
15 0.000049 6.792204 0.000039  0.007990 0.036070 -0.011406
16 -0.000068 7.744817 0.000017  -0.017441 -0.155305 0.068150
17 0.000069 7.809700 0.000017  -0.033637 0.005026 0.006142
18 -0.000025 7.867676 0.000019  -0.073329 -0.127909 0.026375
19 3.494699 -1.749089 -3.006912  0.152547 2.070419 1.936945
20 0.000118 4.478323 0.000017  -0.194658 0.310431 -0.234995
21 0.000049 4.636110 -0.000029  0.035821 0.324592 -0.151768
22 -0.000043 5.008652 0.000012  0.075999 -0.286564 0.276091
23 0.000064 4.781164 0.000011  0.904399 -2.690903 -0.015798
24 2.253036 1.989063 -3.350106  -1.523631 1.324497 0.112400
25 0.000160 6.589460 0.000173  0.206354 -0.002129 -0.080395
26 0.000043 7.491420 0.000040  -0.333512 0.184455 -0.191166
27 0.000027 7.660300 -0.000058  -0.063175 0.127194 -0.062118
28 0.000007 7.256266 0.000021  -0.052939 -0.487829 0.313813
29 -0.791161 2.265123 -1.234655  -0.753899 1.136377 0.824672
30 -0.000260 8.572267 -0.000091  -0.222843 -0.296789 0.176504
31 -0.000096 8.117216 0.000047  0.072255 0.772520 -0.285589
32 -0.000081 8.230029 -0.000068  -0.080491 -0.347232 0.072254
33 0.000058 7.366725 0.000052  -0.015395 -0.663891 0.062742
34 0.224212 0.240128 -3.218158  -0.877381 1.468889 0.577825
35 -0.000101 7.721057 -0.000314  -0.283829 0.060497 -0.167556
36 -0.000030 7.374850 -0.000002  0.007536 -0.195022 0.049540
37 0.000074 6.848102 0.000007  0.005484 0.006496 -0.033649
38 -0.000054 7.777872 0.000009  -0.186097 0.182474 -0.152847
39 -1.514468 2.104650 -1.150167  -0.029092 0.541320 1.555677
40 -0.000168 6.982347 -0.000077  -0.199699 -0.041213 0.153490
41 0.000041 8.382865 -0.000072  0.044866 0.587987 -0.257961
42 0.000012 8.697711 -0.000026  -0.102637 -0.474319 0.290944
43 0.000055 8.921804 -0.000003  -0.076258 0.581004 -0.195605
44 1.196186 2.899154 -2.353086  -0.449719 1.030105 1.287427
45 0.000105 5.476939 0.000005  0.285574 -0.099352 -0.038446
46 -0.000075 6.060445 -0.000095  -0.155020 -0.575032 0.384610
47 0.000015 5.994262 0.000029  0.033940 0.288575 -0.067729
48 -0.000006 6.100487 0.000003  -0.068405 0.299273 -0.162153
49 0.000032 6.916760 0.000008  -0.096317 0.220533 -0.107966
50 0.000149 6.435059 -0.000044  -0.037459 0.171630 -0.116572
51 1.092790 3.649513 -1.738794  -0.148600 0.876612 1.445020
52 -0.000129 6.792200 -0.000103  0.008285 0.107792 -0.048643
53 -0.000088 7.744781 -0.000034  0.057137 -0.256893 0.015458
54 0.000083 9.115019 -0.000039  -0.020393 0.256253 -0.142636
55 3.494517 -1.749100 3.007064  0.118402 1.106974 1.813810
56 0.000015 4.323837 0.000088  -0.229909 -0.770942 0.449225
57 0.000028 4.872903 -0.000023  0.367244 -0.664052 -0.254033
58 0.000005 5.056655 0.000092  -0.511236 0.856586 -0.546324
59 2.292462 1.708619 3.661675  -1.762558 1.789110 -0.218972
60 -0.000174 6.589435 0.000268  -0.007132 -0.169123 0.176909
61 0.000171 7.491494 -0.000154  -0.132413 -0.107098 0.179328
62 -0.000139 8.249660 0.000142  0.041912 -0.058209 0.015814
63 0.000072 8.605236 -0.000026  0.101585 0.501824 -0.079697
64 -0.240492 2.066073 2.349267  -0.357331 2.461714 1.296080
65 -0.000082 7.721110 -0.000003  -0.208230 -0.126223 -0.116496
66 -0.000122 7.374869 -0.000047  -0.111018 0.046939 -0.046463
67 -0.000035 6.848060 -0.000027  0.273532 0.247523 0.299908
68 0.000034 7.777824 -0.000044  0.072921 0.186148 -0.052688
69 -0.000086 8.178052 0.000011  -0.087029 -0.422849 -0.381360
70 1.617601 3.431415 2.399266  -0.249454 2.569515 1.508571
71 -0.000167 5.476944 -0.000029  0.057729 0.074072 0.060285
72 -0.000094 6.060497 -0.000006  -0.015204 0.015650 -0.152065
73 0.000028 5.994255 0.000011  -0.126212 -0.157657 0.153302
74 -0.000080 7.076877 -0.000046  -0.008117 0.010385 0.036400
75 0.000006 7.089869 -0.000071  0.070875 0.098587 -0.025893
76 0.361109 0.886684 3.287746  -0.576373 1.978709 0.939011
77 -0.000065 6.686645 0.000223  -0.146568 0.414164 -0.327707
78 -0.000011 7.638015 0.000013  -0.079524 -0.025948 0.130956
79 -0.000031 7.290228 -0.000019  0.025325 -0.093908 0.023963
80 -0.000033 6.530373 0.000007  -0.261847 -0.300601 0.006734
81 0.000063 7.224882 0.000005  0.036506 0.032481 -0.175824
82 1.071894 3.225800 1.570115  -0.043806 2.859975 1.526247
83 0.000414 6.748898 -0.000065  -0.062702 0.083784 0.022202
84 -0.000046 8.002646 0.000026  -0.067496 -0.117209 -0.115599
85 0.000012 8.580572 -0.000098  0.088213 -0.007187 0.334604
86 0.000168 8.689829 -0.000041  0.065327 -0.412430 -0.134518
87 -1.514545 2.104638 0.318055  -0.024895 3.094490 1.569496
88 0.000193 6.982283 0.000011  -0.107589 -0.057624 -0.215715
89 -0.000008 8.382873 -0.000067  0.135031 -0.099914 0.287073
90 -0.000058 8.697672 0.000023  -0.148091 -0.510100 0.044839
91 -0.000133 8.921824 0.000080  -0.236826 -0.892635 0.098804
92 3.553612 -3.478043 2.409277  0.000820 0.762046 1.535309
93 -0.000003 4.476908 -0.000008  -0.151004 -0.588331 0.377259
94 0.000032 4.514120 -0.000024  -0.228867 -2.996200 0.592368
95 0.000044 4.518385 -0.000024  0.143171 2.612778 0.693385
96 0.000021 3.598325 0.000023  -0.749301 0.869853 -0.773231
97  4.209925 -0.440348 1.018824  -1.177505 -1.816767 -0.562943
98  4.265506 1.434231 -0.404993  -2.292365 0.521126 -1.032954
99  9.400231 0.017944 0.083196  0.087338 -0.058419 -1.545162
100  10.242423 0.033592 0.064481  1.471228 -0.661063 0.214576
101  3.465854 -0.059682 0.016694  -0.034395 -0.014473 -0.271472
102  1.655596 -0.000028 0.000022  -0.003088 -0.121040 -0.378926
103  0.960768 -0.000010 -0.000011  0.034768 0.025898 -0.195924
104  3.462028 -0.064251 0.939909  0.319174 -0.178042 -0.235781
105  1.497175 -0.000006 0.000021  -0.477312 0.067799 0.099429
106  0.793761 0.000005 -0.000001  -0.006665 -0.001896 -0.078884
107  0.591663 -0.460695 0.835206  -0.811444 -0.641853 -0.726337
108  1.556140 0.000003 -0.000001  -0.278110 0.134948 0.423720
109  1.135903 0.000018 0.000004  0.037442 -0.058430 0.217478
110  3.084270 -0.668825 -1.257085  -0.654271 0.251985 -0.804890
111  1.064198 0.000000 0.000004  0.005656 0.107833 -0.660287
112  0.640338 0.000007 -0.000009  -0.046827 0.027900 -0.410188
113  3.396821 -0.242145 -0.708690  -0.348808 0.144296 -0.550706
114  1.532966 0.000010 0.000010  0.025553 0.008620 -0.548986
115  0.832981 -0.000004 -0.000002  -0.033032 0.001539 -0.491143
116  4.209946 -0.440343 -1.019278  0.981233 1.953819 -0.732937
117  4.266745 1.424937 0.424937  1.686025 -0.232947 -0.860295
118  9.398564 0.011951 -0.082514  -0.036452 0.069948 -0.828431
119  10.242442 0.028177 -0.062910  -1.641402 0.203662 -0.301507
120  3.465748 -0.067522 0.002267  -0.146662 0.144439 -1.482378
121  1.655558 0.000003 0.000005  -0.164156 0.184463 -1.166696
122  0.960909 0.000008 -0.000001  -0.018935 0.176620 -0.890997
123  3.466854 -0.077774 -0.920910  -0.345906 0.021130 -1.405113
124  1.497258 -0.000035 -0.000024  -0.569246 0.313524 -0.986932
125  0.793787 -0.000009 0.000004  -0.224980 0.388706 -0.772651
126  0.595084 -0.467147 -0.829177  2.496989 0.699763 -0.529555
127  1.555673 0.000016 -0.000003  0.444198 0.348312 0.809838
128  1.136812 -0.000009 -0.000000  0.424998 0.399059 0.906783
129  3.075974 -0.667961 1.277701  0.301081 0.277000 -1.620654
130  1.064594 0.000018 0.000011  0.046915 -0.125236 -1.038822
131  0.640361 -0.000013 -0.000004  -0.104291 -0.023771 -0.471513
132  3.392412 -0.245363 0.728376  0.063844 0.192823 -1.598640
133  1.532739 -0.000007 -0.000002  -0.000848 0.025484 -1.121846
134  0.833153 0.000003 0.000007  -0.082769 -0.069998 -1.040855
135  3.590106 -3.090295 1.193971  1.635457 1.210566 1.548541
136  3.589554 -3.089882 -1.196374  -1.505736 1.210473 -1.592853
137  -0.436563 4.719025 -0.001077  0.000472 -1.570733 1.693730
138  -0.000000 2.775453 -0.000238  -0.135089 0.000001 0.000000
139  0.000000 3.189769 0.000013  0.207820 -0.000000 0.000000
140  -0.000001 3.504649 0.000053  -0.261876 0.000000 0.000000
141  -0.000001 2.863198 0.000001  -0.051268 -0.000000 -0.000000
time 26
0  2.861425 -0.003399 31.493647  1.570862 0.000000 -0.000000
1  0.002636 43.025146 0.734438  0.322707 -0.809320 -0.065108
2  3.061857 -4.181015 -0.610804  -1.315467 -1.004590 -1.349489
3  18.476772 0.000160 -0.000001  -0.037858 -0.105153 1.494974
4  17.490088 0.000117 0.000003  -0.206414 0.196505 -1.774496
5  -3.065330 -4.183578 -0.611480  -1.750732 -0.818605 -1.775877
6  18.474857 -0.000035 -0.000009  0.032740 0.102010 1.422999
7  17.489584 0.001915 -0.000006  0.409734 0.066994 -1.841464
8  -0.000117 -0.048885 -0.576226  1.352504 0.221901 1.566331
9  3.224480 0.767047 0.000496  0.033583 0.038313 0.276548
10  3.223911 0.226399 -0.001946  -0.218561 -0.052347 0.311765
11  5.187317 -1.262562 -0.001176  0.000012 0.000066 0.194111
12  6.928405 -1.935309 -0.000227  3.125765 -0.031821 0.189156
13  3.236366 1.079611 0.000057  0.691403 0.265272 0.258754
14 0.833755 3.805353 0.692955  -0.040491 0.554885 1.469871
15 0.000049 6.792204 0.000039  0.007990 0.036070 -0.011406
16 -0.000068 7.744817 0.000017  -0.017441 -0.155305 0.068150
17 0.000069 7.809700 0.000017  -0.033637 0.005026 0.006142
18 -0.000025 7.867676 0.000019  -0.073329 -0.127909 0.026375
19 3.494699 -1.749089 -3.006912  0.152547 2.070419 1.936945
20 0.000118 4.478323 0.000017  -0.194658 0.310431 -0.234995
21 0.000049 4.636110 -0.000029  0.035821 0.324592 -0.151768
22 -0.000043 5.008652 0.000012  0.075999 -0.286564 0.276091
23 0.000064 4.781164 0.000011  0.904399 -2.690903 -0.015798
24 2.253036 1.989063 -3.350106  -1.523631 1.324497 0.112400
25 0.000160 6.589460 0.000173  0.206354 -0.002129 -0.080395
26 0.000043 7.491420 0.000040  -0.333512 0.184455 -0.191166
27 0.000027 7.660300 -0.000058  -0.063175 0.127194 -0.062118
28 0.000007 7.256266 0.000021  -0.052939 -0.487829 0.313813
29 -0.791161 2.265123 -1.234655  -0.753899 1.136377 0.824672
30 -0.000260 8.572267 -0.000091  -0.222843 -0.296789 0.176504
31 -0.000096 8.117216 0.000047  0.072255 0.772520 -0.285589
32 -0.000081 8.230029 -0.000068  -0.080491 -0.347232 0.072254
33 0.000058 7.366725 0.000052  -0.015395 -0.663891 0.062742
34 0.224212 0.240128 -3.218158  -0.877381 1.468889 0.577825
35 -0.000101 7.721057 -0.000314  -0.283829 0.060497 -0.167556
36 -0.000030 7.374850 -0.000002  0.007536 -0.195022 0.049540
37 0.000074 6.848102 0.000007  0.005484 0.006496 -0.033649
38 -0.000054 7.777872 0.000009  -0.186097 0.182474 -0.152847
39 -1.514468 2.104650 -1.150167  -0.029092 0.541320 1.555677
40 -0.000168 6.982347 -0.000077  -0.199699 -0.041213 0.153490
41 0.000041 8.382865 -0.000072  0.044866 0.587987 -0.257961
42 0.000012 8.697711 -0.000026  -0.102637 -0.474319 0.290944
43 0.000055 8.921804 -0.000003  -0.076258 0.581004 -0.195605
44 1.196186 2.899154 -2.353086  -0.449719 1.030105 1.287427
45 0.000105 5.476939 0.000005  0.285574 -0.099352 -0.038446
46 -0.000075 6.060445 -0.000095  -0.155020 -0.575032 0.384610
47 0.000015 5.994262 0.000029  0.033940 0.288575 -0.067729
48 -0.000006 6.100487 0.000003  -0.068405 0.299273 -0.162153
49 0.000032 6.916760 0.000008  -0.096317 0.220533 -0.107966
50 0.000149 6.435059 -0.000044  -0.037459 0.171630 -0.116572
51 1.092790 3.649513 -1.738794  -0.148600 0.876612 1.445020
52 -0.000129 6.792200 -0.000103  0.008285 0.107792 -0.048643
53 -0.000088 7.744781 -0.000034  0.057137 -0.256893 0.015458
54 0.000083 9.115019 -0.000039  -0.020393 0.256253 -0.142636
55 3.494517 -1.749100 3.007064  0.118402 1.106974 1.813810
56 0.000015 4.323837 0.000088  -0.229909 -0.770942 0.449225
57 0.000028 4.872903 -0.000023  0.367244 -0.664052 -0.254033
58 0.000005 5.056655 0.000092  -0.511236 0.856586 -0.546324
59 2.292462 1.708619 3.661675  -1.762558 1.789110 -0.218972
60 -0.000174 6.589435 0.000268  -0.007132 -0.169123 0.176909
61 0.000171 7.491494 -0.000154  -0.132413 -0.107098 0.179328
62 -0.000139 8.249660 0.000142  0.041912 -0.058209 0.015814
63 0.000072 8.605236 -0.000026  0.101585 0.501824 -0.079697
64 -0.240492 2.066073 2.349267  -0.357331 2.461714 1.296080
65 -0.000082 7.721110 -0.000003  -0.208230 -0.126223 -0.116496
66 -0.000122 7.374869 -0.000047  -0.111018 0.046939 -0.046463
67 -0.000035 6.848060 -0.000027  0.273532 0.247523 0.299908
68 0.000034 7.777824 -0.000044  0.072921 0.186148 -0.052688
69 -0.000086 8.178052 0.000011  -0.087029 -0.422849 -0.381360
70 1.617601 3.431415 2.399266  -0.249454 2.569515 1.508571
71 -0.000167 5.476944 -0.000029  0.057729 0.074072 0.060285
72 -0.000094 6.060497 -0.000006  -0.015204 0.015650 -0.152065
73 0.000028 5.994255 0.000011  -0.126212 -0.157657 0.153302
74 -0.000080 7.076877 -0.000046  -0.008117 0.010385 0.036400
75 0.000006 7.089869 -0.000071  0.070875 0.098587 -0.025893
76 0.361109 0.886684 3.287746  -0.576373 1.978709 0.939011
77 -0.000065 6.686645 0.000223  -0.146568 0.414164 -0.327707
78 -0.000011 7.638015 0.000013  -0.079524 -0.025948 0.130956
79 -0.000031 7.290228 -0.000019  0.025325 -0.093908 0.023963
80 -0.000033 6.530373 0.000007  -0.261847 -0.300601 0.006734
81 0.000063 7.224882 0.000005  0.036506 0.032481 -0.175824
82 1.071894 3.225800 1.570115  -0.043806 2.859975 1.526247
83 0.000414 6.748898 -0.000065  -0.062702 0.083784 0.022202
84 -0.000046 8.002646 0.000026  -0.067496 -0.117209 -0.115599
85 0.000012 8.580572 -0.000098  0.088213 -0.007187 0.334604
86 0.000168 8.689829 -0.000041  0.065327 -0.412430 -0.134518
87 -1.514545 2.104638 0.318055  -0.024895 3.094490 1.569496
88 0.000193 6.982283 0.000011  -0.107589 -0.057624 -0.215715
89 -0.000008 8.382873 -0.000067  0.135031 -0.099914 0.287073
90 -0.000058 8.697672 0.000023  -0.148091 -0.510100 0.044839
91 -0.000133 8.921824 0.000080  -0.236826 -0.892635 0.098804
92 3.553612 -3.478043 2.409277  0.000820 0.762046 1.535309
93 -0.000003 4.476908 -0.000008  -0.151004 -0.588331 0.377259
94 0.000032 4.514120 -0.000024  -0.228867 -2.996200 0.592368
95 0.000044 4.518385 -0.000024  0.143171 2.612778 0.693385
96 0.000021 3.598325 0.000023  -0.749301 0.869853 -0.773231
97  4.209920 -0.440346 1.018824  -1.225051 -1.825530 -0.515535
98  4.265508 1.434236 -0.404991  -2.275554 0.529116 -1.047720
99  9.400234 0.017946 0.083205  0.083185 -0.060753 -1.482255
100  10.242420 0.033589 0.064482  1.506798 -0.668060 0.179297
101  3.465856 -0.059681 0.016693  -0.034109 -0.001043 -0.238995
102  1.655594 -0.000018 0.000021  -0.000494 -0.130507 -0.437695
103  0.960772 -0.000004 -0.000005  0.029903 0.015275 -0.260937
104  3.462027 -0.064246 0.939908  0.317429 -0.166546 -0.212481
105  1.497179 -0.000011 0.000021  -0.480368 0.047612 0.056812
106  0.793760 0.000008 -0.000001  -0.006859 0.002620 -0.142062
107  0.591663 -0.460692 0.835206  -0.832147 -0.645467 -0.698599
108  1.556141 0.000002 -0.000003  -0.268652 0.128282 0.414511
109  1.135905 0.000018 0.000005  0.031501 -0.056133 0.219057
110  3.084271 -0.668820 -1.257085  -0.644638 0.241117 -0.799925
111  1.064205 0.000001 0.000001  -0.002224 0.113575 -0.751265
112  0.640337 0.000007 -0.000006  -0.044269 0.033969 -0.490942
113  3.396825 -0.242141 -0.708689  -0.340969 0.147711 -0.535360
114  1.532965 0.000011 0.000010  0.024610 0.006835 -0.630741
115  0.832973 -0.000007 -0.000001  -0.028087 0.000211 -0.580125
116  4.209939 -0.440339 -1.019279  1.013500 1.944166 -0.703819
117  4.266747 1.424946 0.424936  1.718616 -0.275724 -0.846872
118  9.398569 0.011955 -0.082521  -0.035715 0.069802 -0.818746
119  10.242440 0.028175 -0.062906  -1.666499 0.203493 -0.291684
120  3.465750 -0.067530 0.002268  -0.146662 0.144439 -1.482378
121  1.655559 0.000007 0.000006  -0.164156 0.184463 -1.166697
122  0.960906 0.000008 -0.000000  -0.018935 0.176620 -0.890997
123  3.466857 -0.077785 -0.920909  -0.345906 0.021130 -1.405113
124  1.497257 -0.000036 -0.000022  -0.569246 0.313524 -0.986932
125  0.793789 -0.000008 0.000002  -0.224980 0.388706 -0.772651
126  0.595079 -0.467153 -0.829175  2.496989 0.699763 -0.529555
127  1.555674 0.000018 -0.000001  0.444198 0.348312 0.809838
128  1.136805 -0.000009 -0.000002  0.424998 0.399059 0.906783
129  3.075975 -0.667970 1.277701  0.301081 0.277000 -1.620654
130  1.064593 0.000023 0.000012  0.046915 -0.125236 -1.038822
131  0.640362 -0.000019 -0.000004  -0.104291 -0.023771 -0.471513
132  3.392411 -0.245368 0.728377  0.063844 0.192823 -1.598641
133  1.532739 -0.000006 -0.000003  -0.000848 0.025484 -1.121846
134  0.833150 0.000012 0.000005  -0.082769 -0.069998 -1.040855
135  3.590110 -3.090298 1.193972  1.635457 1.210566 1.548541
136  3.589553 -3.089883 -1.196372  -1.505736 1.210473 -1.592853
137  -0.436560 4.719022 -0.001076  -0.000945 -1.570733 1.692486
138  0.000001 2.775456 -0.000238  -0.135089 0.000001 0.000000
139  0.000002 3.189766 0.000008  0.207820 -0.000000 0.000000
140  0.000000 3.504652 0.000045  -0.261876 0.000000 -0.000000
141  -0.000001 2.863194 0.000000  -0.051268 -0.000000 -0.000000
time 27
0  3.003809 0.106286 31.869320  1.570862 0.000000 -0.000000
1  0.002636 43.025146 0.734438  0.310026 -0.836002 -0.063668
2  3.061858 -4.181010 -0.610803  -1.324065 -0.972990 -1.347436
3  18.476772 0.000158 0.000002  -0.035654 -0.103827 1.463488
4  17.490086 0.000117 0.000002  -0.213286 0.178986 -1.754965
5  -3.065330 -4.183577 -0.611479  -1.751877 -0.816445 -1.778691
6  18.474852 -0.000037 -0.000009  0.030910 0.100723 1.395598
7  17.489586 0.001915 -0.000006  0.392986 0.042590 -1.812115
8  -0.000117 -0.048879 -0.576225  1.348026 0.220396 1.566013
9  3.224481 0.767047 0.000496  0.027627 0.039588 0.278406
10  3.223913 0.226399 -0.001944  -0.222487 -0.050959 0.313350
11  5.187319 -1.262556 -0.001179  0.000012 0.000066 0.194111
12  6.928410 -1.935308 -0.000229  3.136046 -0.038405 0.193426
13  3.236365 1.079621 0.000055  0.712813 0.267188 0.256591
14 0.833755 3.805353 0.692955  -0.040491 0.554885 1.469871
15 0.000049 6.792204 0.000039  0.007990 0.036070 -0.011406
16 -0.000068 7.744817 0.000017  -0.017441 -0.155305 0.068150
17 0.000069 7.809700 0.000017  -0.033637 0.005026 0.006142
18 -0.000025 7.867676 0.000019  -0.073329 -0.127909 0.026375
19 3.494699 -1.749089 -3.006912  0.152547 2.070419 1.936945
20 0.000118 4.478323 0.000017  -0.194658 0.310431 -0.234995
21 0.000049 4.636110 -0.000029  0.035821 0.324592 -0.151768
22 -0.000043 5.008652 0.000012  0.075999 -0.286564 0.276091
23 0.000064 4.781164 0.000011  0.904399 -2.690903 -0.015798
24 2.253036 1.989063 -3.350106  -1.523631 1.324497 0.112400
25 0.000160 6.589460 0.000173  0.206354 -0.002129 -0.080395
26 0.000043 7.491420 0.000040  -0.333512 0.184455 -0.191166
27 0.000027 7.660300 -0.000058  -0.063175 0.127194 -0.062118
28 0.000007 7.256266 0.000021  -0.052939 -0.487829 0.313813
29 -0.791161 2.265123 -1.234655  -0.753899 1.136377 0.824672
30 -0.000260 8.572267 -0.000091  -0.222843 -0.296789 0.176504
31 -0.000096 8.117216 0.000047  0.072255 0.772520 -0.285589
32 -0.000081 8.230029 -0.000068  -0.080491 -0.347232 0.072254
33 0.000058 7.366725 0.000052  -0.015395 -0.663891 0.062742
34 0.224212 0.240128 -3.218158  -0.877381 1.468889 0.577825
35 -0.000101 7.721057 -0.000314  -0.283829 0.060497 -0.167556
36 -0.000030 7.374850 -0.000002  0.007536 -0.195022 0.049540
37 0.000074 6.848102 0.000007  0.005484 0.006496 -0.033649
38 -0.000054 7.777872 0.000009  -0.186097 0.182474 -0.152847
39 -1.514468 2.104650 -1.150167  -0.029092 0.541320 1.555677
40 -0.000168 6.982347 -0.000077  -0.199699 -0.041213 0.153490
41 0.000041 8.382865 -0.000072  0.044866 0.587987 -0.257961
42 0.000012 8.697711 -0.000026  -0.102637 -0.474319 0.290944
43 0.000055 8.921804 -0.000003  -0.076258 0.581004 -0.195605
44 1.196186 2.899154 -2.353086  -0.449719 1.030105 1.287427
45 0.000105 5.476939 0.000005  0.285574 -0.099352 -0.038446
46 -0.000075 6.060445 -0.000095  -0.155020 -0.575032 0.384610
47 0.000015 5.994262 0.000029  0.033940 0.288575 -0.067729
48 -0.000006 6.100487 0.000003  -0.068405 0.299273 -0.162153
49 0.000032 6.916760 0.000008  -0.096317 0.220533 -0.107966
50 0.000149 6.435059 -0.000044  -0.037459 0.171630 -0.116572
51 1.092790 3.649513 -1.738794  -0.148600 0.876612 1.445020
52 -0.000129 6.792200 -0.000103  0.008285 0.107792 -0.048643
53 -0.000088 7.744781 -0.000034  0.057137 -0.256893 0.015458
54 0.000083 9.115019 -0.000039  -0.020393 0.256253 -0.142636
55 3.494517 -1.749100 3.007064  0.118402 1.106974 1.813810
56 0.000015 4.323837 0.000088  -0.229909 -0.770942 0.449225
57 0.000028 4.872903 -0.000023  0.367244 -0.664052 -0.254033
58 0.000005 5.056655 0.000092  -0.511236 0.856586 -0.546324
59 2.292462 1.708619 3.661675  -1.762558 1.789110 -0.218972
60 -0.000174 6.589435 0.000268  -0.007132 -0.169123 0.176909
61 0.000171 7.491494 -0.000154  -0.132413 -0.107098 0.179328
62 -0.000139 8.249660 0.000142  0.041912 -0.058209 0.015814
63 0.000072 8.605236 -0.000026  0.101585 0.501824 -0.079697
64 -0.240492 2.066073 2.349267  -0.357331 2.461714 1.296080
65 -0.000082 7.721110 -0.000003  -0.208230 -0.126223 -0.116496
66 -0.000122 7.374869 -0.000047  -0.111018 0.046939 -0.046463
67 -0.000035 6.848060 -0.000027  0.273532 0.247523 0.299908
68 0.000034 7.777824 -0.000044  0.072921 0.186148 -0.052688
69 -0.000086 8.178052 0.000011  -0.087029 -0.422849 -0.381360
70 1.617601 3.431415 2.399266  -0.249454 2.569515 1.508571
71 -0.000167 5.476944 -0.000029  0.057729 0.074072 0.060285
72 -0.000094 6.060497 -0.000006  -0.015204 0.015650 -0.152065
73 0.000028 5.994255 0.000011  -0.126212 -0.157657 0.153302
74 -0.000080 7.076877 -0.000046  -0.008117 0.010385 0.036400
75 0.000006 7.089869 -0.000071  0.070875 0.098587 -0.025893
76 0.361109 0.886684 3.287746  -0.576373 1.978709 0.939011
77 -0.000065 6.686645 0.000223  -0.146568 0.414164 -0.327707
78 -0.000011 7.638015 0.000013  -0.079524 -0.025948 0.130956
79 -0.000031 7.290228 -0.000019  0.025325 -0.093908 0.023963
80 -0.000033 6.530373 0.000007  -0.261847 -0.300601 0.006734
81 0.000063 7.224882 0.000005  0.036506 0.032481 -0.175824
82 1.071894 3.225800 1.570115  -0.043806 2.859975 1.526247
83 0.000414 6.748898 -0.000065  -0.062702 0.083784 0.022202
84 -0.000046 8.002646 0.000026  -0.067496 -0.117209 -0.115599
85 0.000012 8.580572 -0.000098  0.088213 -0.007187 0.334604
86 0.000168 8.689829 -0.000041  0.065327 -0.412430 -0.134518
87 -1.514545 2.104638 0.318055  -0.024895 3.094490 1.569496
88 0.000193 6.982283 0.000011  -0.107589 -0.057624 -0.215715
89 -0.000008 8.382873 -0.000067  0.135031 -0.099914 0.287073
90 -0.000058 8.697672 0.000023  -0.148091 -0.510100 0.044839
91 -0.000133 8.921824 0.000080  -0.236826 -0.892635 0.098804
92 3.553612 -3.478043 2.409277  0.000820 0.762046 1.535309
93 -0.000003 4.476908 -0.000008  -0.151004 -0.588331 0.377259
94 0.000032 4.514120 -0.000024  -0.228867 -2.996200 0.592368
95 0.000044 4.518385 -0.000024  0.143171 2.612778 0.693385
96 0.000021 3.598325 0.000023  -0.749301 0.869853 -0.773231
97  4.209919 -0.440341 1.018822  -1.218190 -1.827310 -0.521999
98  4.265503 1.434226 -0.404992  -2.270530 0.512952 -1.058483
99  9.400236 0.017944 0.083202  0.079743 -0.062438 -1.431641
100  10.242421 0.033591 0.064478  1.524801 -0.670428 0.159908
101  3.465855 -0.059677 0.016694  -0.033475 0.010938 -0.209990
102  1.655597 -0.000026 0.000023  0.002348 -0.138927 -0.490884
103  0.960770 -0.000001 -0.000008  0.026132 0.005374 -0.319645
104  3.462029 -0.064242 0.939909  0.316312 -0.156021 -0.188945
105  1.497176 -0.000001 0.000021  -0.482558 0.027520 0.014298
106  0.793761 0.000003 -0.000001  -0.007380 0.007078 -0.203509
107  0.591662 -0.460690 0.835206  -0.849831 -0.650163 -0.674730
108  1.556142 0.000001 -0.000001  -0.260220 0.121893 0.405508
109  1.135906 0.000018 0.000008  0.026025 -0.054964 0.218078
110  3.084270 -0.668819 -1.257085  -0.635912 0.230894 -0.796127
111  1.064202 -0.000003 0.000008  -0.009784 0.118078 -0.833569
112  0.640341 0.000008 -0.000005  -0.042440 0.039568 -0.564016
113  3.396824 -0.242139 -0.708691  -0.333983 0.151490 -0.519391
114  1.532968 0.000010 0.000009  0.023819 0.005131 -0.705078
115  0.832968 -0.000003 -0.000000  -0.023554 -0.000807 -0.660951
116  4.209943 -0.440342 -1.019280  1.039151 1.938502 -0.680388
117  4.266745 1.424939 0.424935  1.741913 -0.284093 -0.842666
118  9.398566 0.011949 -0.082520  -0.034149 0.069467 -0.798102
119  10.242440 0.028178 -0.062909  -1.687755 0.199835 -0.295182
120  3.465746 -0.067526 0.002268  -0.146662 0.144439 -1.482378
121  1.655554 0.000004 0.000005  -0.164156 0.184463 -1.166697
122  0.960909 0.000000 -0.000000  -0.018935 0.176620 -0.890997
123  3.466855 -0.077781 -0.920911  -0.345906 0.021130 -1.405113
124  1.497258 -0.000036 -0.000022  -0.569246 0.313524 -0.986932
125  0.793788 -0.000004 0.000001  -0.224980 0.388706 -0.772651
126  0.595081 -0.467155 -0.829176  2.496989 0.699763 -0.529555
127  1.555672 0.000010 -0.000003  0.444198 0.348312 0.809838
128  1.136814 -0.000009 -0.000003  0.424998 0.399059 0.906783
129  3.075972 -0.667966 1.277700  0.301081 0.277000 -1.620654
130  1.064591 0.000018 0.000010  0.046915 -0.125236 -1.038822
131  0.640362 -0.000015 -0.000004  -0.104291 -0.023771 -0.471513
132  3.392411 -0.245367 0.728376  0.063844 0.192823 -1.598641
133  1.532737 -0.000006 -0.000002  -0.000848 0.025484 -1.121846
134  0.833151 0.000008 0.000006  -0.082769 -0.069998 -1.040855
135  3.590102 -3.090287 1.193972  1.635457 1.210566 1.548541
136  3.589553 -3.089875 -1.196373  -1.505736 1.210473 -1.592853
137  -0.436566 4.719032 -0.001076  0.000000 -1.570733 1.693759
138  -0.000001 2.775452 -0.000238  -0.135089 0.000001 -0.000000
139  0.000000 3.189775 0.000009  0.207820 -0.000000 0.000000
140  0.000001 3.504655 0.000043  -0.261876 0.000000 -0.000000
141  -0.000000 2.863199 -0.000000  -0.051268 0.000000 0.000000
time 28
0  2.987077 0.143319 32.249176  1.570862 0.000000 -0.000000
1  0.002636 43.025146 0.734438  0.296323 -0.856240 -0.059905
2  3.061858 -4.181009 -0.610806  -1.333088 -0.937881 -1.344575
3  18.476774 0.000161 0.000001  -0.033305 -0.102306 1.429241
4  17.490086 0.000117 0.000005  -0.218226 0.166272 -1.741069
5  -3.065329 -4.183572 -0.611482  -1.750208 -0.805376 -1.781242
6  18.474855 -0.000035 -0.000007  0.029074 0.099355 1.367570
7  17.489584 0.001916 -0.000006  0.375553 0.025002 -1.788802
8  -0.000116 -0.048881 -0.576228  1.345778 0.217492 1.565847
9  3.224476 0.767047 0.000496  0.024620 0.040290 0.282210
10  3.223914 0.226400 -0.001944  -0.224483 -0.050256 0.316176
11  5.187322 -1.262562 -0.001178  0.000012 0.000066 0.194111
12  6.928407 -1.935312 -0.000227  3.140281 -0.036914 0.206268
13  3.236365 1.079617 0.000056  0.715663 0.280271 0.237471
14 0.833755 3.805353 0.692955  -0.040491 0.554885 1.469871
15 0.000049 6.792204 0.000039  0.007990 0.036070 -0.011406
16 -0.000068 7.744817 0.000017  -0.017441 -0.155305 0.068150
17 0.000069 7.809700 0.000017  -0.033637 0.005026 0.006142
18 -0.000025 7.867676 0.000019  -0.073329 -0.127909 0.026375
19 3.494699 -1.749089 -3.006912  0.152547 2.070419 1.936945
20 0.000118 4.478323 0.000017  -0.194658 0.310431 -0.234995
21 0.000049 4.636110 -0.000029  0.035821 0.324592 -0.151768
22 -0.000043 5.008652 0.000012  0.075999 -0.286564 0.276091
23 0.000064 4.781164 0.000011  0.904399 -2.690903 -0.015798
24 2.253036 1.989063 -3.350106  -1.523631 1.324497 0.112400
25 0.000160 6.589460 0.000173  0.206354 -0.002129 -0.080395
26 0.000043 7.491420 0.000040  -0.333512 0.184455 -0.191166
27 0.000027 7.660300 -0.000058  -0.063175 0.127194 -0.062118
28 0.000007 7.256266 0.000021  -0.052939 -0.487829 0.313813
29 -0.791161 2.265123 -1.234655  -0.753899 1.136377 0.824672
30 -0.000260 8.572267 -0.000091  -0.222843 -0.296789 0.176504
31 -0.000096 8.117216 0.000047  0.072255 0.772520 -0.285589
32 -0.000081 8.230029 -0.000068  -0.080491 -0.347232 0.072254
33 0.000058 7.366725 0.000052  -0.015395 -0.663891 0.062742
34 0.224212 0.240128 -3.218158  -0.877381 1.468889 0.577825
35 -0.000101 7.721057 -0.000314  -0.283829 0.060497 -0.167556
36 -0.000030 7.374850 -0.000002  0.007536 -0.195022 0.049540
37 0.000074 6.848102 0.000007  0.005484 0.006496 -0.033649
38 -0.000054 7.777872 0.000009  -0.186097 0.182474 -0.152847
39 -1.514468 2.104650 -1.150167  -0.029092 0.541320 1.555677
40 -0.000168 6.982347 -0.000077  -0.199699 -0.041213 0.153490
41 0.000041 8.382865 -0.000072  0.044866 0.587987 -0.257961
42 0.000012 8.697711 -0.000026  -0.102637 -0.474319 0.290944
43 0.000055 8.921804 -0.000003  -0.076258 0.581004 -0.195605
44 1.196186 2.899154 -2.353086  -0.449719 1.030105 1.287427
45 0.000105 5.476939 0.000005  0.285574 -0.099352 -0.038446
46 -0.000075 6.060445 -0.000095  -0.155020 -0.575032 0.384610
47 0.000015 5.994262 0.000029  0.033940 0.288575 -0.067729
48 -0.000006 6.100487 0.000003  -0.068405 0.299273 -0.162153
49 0.000032 6.916760 0.000008  -0.096317 0.220533 -0.107966
50 0.000149 6.435059 -0.000044  -0.037459 0.171630 -0.116572
51 1.092790 3.649513 -1.738794  -0.148600 0.876612 1.445020
52 -0.000129 6.792200 -0.000103  0.008285 0.107792 -0.048643
53 -0.000088 7.744781 -0.000034  0.057137 -0.256893 0.015458
54 0.000083 9.115019 -0.000039  -0.020393 0.256253 -0.142636
55 3.494517 -1.749100 3.007064  0.118402 1.106974 1.813810
56 0.000015 4.323837 0.000088  -0.229909 -0.770942 0.449225
57 0.000028 4.872903 -0.000023  0.367244 -0.664052 -0.254033
58 0.000005 5.056655 0.000092  -0.511236 0.856586 -0.546324
59 2.292462 1.708619 3.661675  -1.762558 1.789110 -0.218972
60 -0.000174 6.589435 0.000268  -0.007132 -0.169123 0.176909
61 0.000171 7.491494 -0.000154  -0.132413 -0.107098 0.179328
62 -0.000139 8.249660 0.000142  0.041912 -0.058209 0.015814
63 0.000072 8.605236 -0.000026  0.101585 0.501824 -0.079697
64 -0.240492 2.066073 2.349267  -0.357331 2.461714 1.296080
65 -0.000082 7.721110 -0.000003  -0.208230 -0.126223 -0.116496
66 -0.000122 7.374869 -0.000047  -0.111018 0.046939 -0.046463
67 -0.000035 6.848060 -0.000027  0.273532 0.247523 0.299908
68 0.000034 7.777824 -0.000044  0.072921 0.186148 -0.052688
69 -0.000086 8.178052 0.000011  -0.087029 -0.422849 -0.381360
70 1.617601 3.431415 2.399266  -0.249454 2.569515 1.508571
71 -0.000167 5.476944 -0.000029  0.057729 0.074072 0.060285
72 -0.000094 6.060497 -0.000006  -0.015204 0.015650 -0.152065
73 0.000028 5.994255 0.000011  -0.126212 -0.157657 0.153302
74 -0.000080 7.076877 -0.000046  -0.008117 0.010385 0.036400
75 0.000006 7.089869 -0.000071  0.070875 0.098587 -0.025893
76 0.361109 0.886684 3.287746  -0.576373 1.978709 0.939011
77 -0.000065 6.686645 0.000223  -0.146568 0.414164 -0.327707
78 -0.000011 7.638015 0.000013  -0.079524 -0.025948 0.130956
79 -0.000031 7.290228 -0.000019  0.025325 -0.093908 0.023963
80 -0.000033 6.530373 0.000007  -0.261847 -0.300601 0.006734
81 0.000063 7.224882 0.000005  0.036506 0.032481 -0.175824
82 1.071894 3.225800 1.570115  -0.043806 2.859975 1.526247
83 0.000414 6.748898 -0.000065  -0.062702 0.083784 0.022202
84 -0.000046 8.002646 0.000026  -0.067496 -0.117209 -0.115599
85 0.000012 8.580572 -0.000098  0.088213 -0.007187 0.334604
86 0.000168 8.689829 -0.000041  0.065327 -0.412430 -0.134518
87 -1.514545 2.104638 0.318055  -0.024895 3.094490 1.569496
88 0.000193 6.982283 0.000011  -0.107589 -0.057624 -0.215715
89 -0.000008 8.382873 -0.000067  0.135031 -0.099914 0.287073
90 -0.000058 8.697672 0.000023  -0.148091 -0.510100 0.044839
91 -0.000133 8.921824 0.000080  -0.236826 -0.892635 0.098804
92 3.553612 -3.478043 2.409277  0.000820 0.762046 1.535309
93 -0.000003 4.476908 -0.000008  -0.151004 -0.588331 0.377259
94 0.000032 4.514120 -0.000024  -0.228867 -2.996200 0.592368
95 0.000044 4.518385 -0.000024  0.143171 2.612778 0.693385
96 0.000021 3.598325 0.000023  -0.749301 0.869853 -0.773231
97  4.209919 -0.440347 1.018823  -1.193300 -1.826586 -0.546348
98  4.265508 1.434236 -0.404991  -2.261140 0.489850 -1.061340
99  9.400232 0.017948 0.083201  0.076474 -0.063844 -1.384634
100  10.242420 0.033590 0.064485  1.537094 -0.671068 0.145969
101  3.465857 -0.059679 0.016694  -0.032399 0.022764 -0.181445
102  1.655595 -0.000021 0.000021  0.005662 -0.147209 -0.544284
103  0.960765 -0.000002 -0.000006  0.023015 -0.004661 -0.378469
104  3.462030 -0.064250 0.939907  0.315488 -0.145488 -0.164792
105  1.497177 -0.000005 0.000021  -0.484023 0.006147 -0.030775
106  0.793759 0.000007 -0.000001  -0.008226 0.011841 -0.267919
107  0.591663 -0.460693 0.835206  -0.867266 -0.655472 -0.651321
108  1.556140 0.000003 -0.000002  -0.251856 0.115407 0.396082
109  1.135903 0.000017 0.000007  0.020435 -0.054191 0.215692
110  3.084271 -0.668828 -1.257086  -0.627346 0.220536 -0.792720
111  1.064203 -0.000008 0.000003  -0.017702 0.121983 -0.916089
112  0.640333 0.000004 -0.000009  -0.040970 0.045158 -0.637385
113  3.396824 -0.242138 -0.708689  -0.327045 0.155462 -0.502542
114  1.532966 0.000012 0.000009  0.023174 0.003387 -0.779870
115  0.832973 -0.000002 -0.000003  -0.018923 -0.001579 -0.742236
116  4.209940 -0.440340 -1.019279  1.064788 1.934542 -0.656479
117  4.266747 1.424941 0.424937  1.761018 -0.281605 -0.843014
118  9.398565 0.011950 -0.082519  -0.032392 0.069051 -0.774823
119  10.242435 0.028179 -0.062906  -1.707726 0.194726 -0.300399
120  3.465752 -0.067525 0.002268  -0.146662 0.144439 -1.482378
121  1.655557 0.000006 0.000004  -0.164156 0.184463 -1.166697
122  0.960907 0.000003 0.000000  -0.018935 0.176620 -0.890997
123  3.466857 -0.077777 -0.920908  -0.345906 0.021130 -1.405113
124  1.497261 -0.000032 -0.000021  -0.569246 0.313524 -0.986932
125  0.793789 -0.000010 -0.000000  -0.224980 0.388706 -0.772651
126  0.595081 -0.467147 -0.829176  2.496989 0.699763 -0.529555
127  1.555673 0.000012 -0.000004  0.444198 0.348312 0.809838
128  1.136805 -0.000009 -0.000002  0.424998 0.399059 0.906783
129  3.075978 -0.667965 1.277701  0.301081 0.277000 -1.620654
130  1.064594 0.000019 0.000010  0.046915 -0.125236 -1.038822
131  0.640361 -0.000013 -0.000004  -0.104291 -0.023771 -0.471513
132  3.392417 -0.245369 0.728375  0.063844 0.192823 -1.598641
133  1.532737 -0.000008 -0.000001  -0.000848 0.025484 -1.121846
134  0.833153 0.000006 0.000005  -0.082769 -0.069998 -1.040855
135  3.590112 -3.090295 1.193971  1.635457 1.210566 1.548541
136  3.589556 -3.089881 -1.196373  -1.505736 1.210473 -1.592853
137  -0.436561 4.719025 -0.001076  0.000236 -1.570733 1.693275
138  0.000000 2.775455 -0.000235  -0.135089 0.000001 0.000000
139  -0.000000 3.189765 0.000009  0.207820 -0.000000 0.000000
140  0.000000 3.504653 0.000044  -0.261876 0.000000 -0.000000
141  -0.000000 2.863198 -0.000002  -0.051268 -0.000000 0.000000
time 29
0  2.950113 0.119368 32.614311  1.570862 0.000000 -0.000000
1  0.002636 43.025146 0.734438  0.277814 -0.874429 -0.057811
2  3.061857 -4.181008 -0.610805  -1.342118 -0.897359 -1.342233
3  18.476772 0.000160 -0.000001  -0.031151 -0.100809 1.397131
4  17.490086 0.000116 0.000004  -0.219954 0.155710 -1.729314
5  -3.065330 -4.183576 -0.611480  -1.745766 -0.784883 -1.784914
6  18.474854 -0.000034 -0.000008  0.027170 0.097849 1.337854
7  17.489586 0.001915 -0.000008  0.358460 0.006354 -1.768061
8  -0.000118 -0.048886 -0.576226  1.343996 0.216074 1.565793
9  3.224484 0.767047 0.000496  0.022242 0.040870 0.284065
10  3.223911 0.226396 -0.001944  -0.226057 -0.049662 0.317581
11  5.187319 -1.262558 -0.001176  0.000012 0.000066 0.194111
12  6.928409 -1.935311 -0.000227  -3.138986 -0.035682 0.221338
13  3.236367 1.079609 0.000058  0.718144 0.296023 0.215530
14 0.833755 3.805353 0.692955  -0.040491 0.554885 1.469871
15 0.000049 6.792204 0.000039  0.007990 0.036070 -0.011406
16 -0.000068 7.744817 0.000017  -0.017441 -0.155305 0.068150
17 0.000069 7.809700 0.000017  -0.033637 0.005026 0.006142
18 -0.000025 7.867676 0.000019  -0.073329 -0.127909 0.026375
19 3.494699 -1.749089 -3.006912  0.152547 2.070419 1.936945
20 0.000118 4.478323 0.000017  -0.194658 0.310431 -0.234995
21 0.000049 4.636110 -0.000029  0.035821 0.324592 -0.151768
22 -0.000043 5.008652 0.000012  0.075999 -0.286564 0.276091
23 0.000064 4.781164 0.000011  0.904399 -2.690903 -0.015798
24 2.253036 1.989063 -3.350106  -1.523631 1.324497 0.112400
25 0.000160 6.589460 0.000173  0.206354 -0.002129 -0.080395
26 0.000043 7.491420 0.000040  -0.333512 0.184455 -0.191166
27 0.000027 7.660300 -0.000058  -0.063175 0.127194 -0.062118
28 0.000007 7.256266 0.000021  -0.052939 -0.487829 0.313813
29 -0.791161 2.265123 -1.234655  -0.753899 1.136377 0.824672
30 -0.000260 8.572267 -0.000091  -0.222843 -0.296789 0.176504
31 -0.000096 8.117216 0.000047  0.072255 0.772520 -0.285589
32 -0.000081 8.230029 -0.000068  -0.080491 -0.347232 0.072254
33 0.000058 7.366725 0.000052  -0.015395 -0.663891 0.062742
34 0.224212 0.240128 -3.218158  -0.877381 1.468889 0.577825
35 -0.000101 7.721057 -0.000314  -0.283829 0.060497 -0.167556
36 -0.000030 7.374850 -0.000002  0.007536 -0.195022 0.049540
37 0.000074 6.848102 0.000007  0.005484 0.006496 -0.033649
38 -0.000054 7.777872 0.000009  -0.186097 0.182474 -0.152847
39 -1.514468 2.104650 -1.150167  -0.029092 0.541320 1.555677
40 -0.000168 6.982347 -0.000077  -0.199699 -0.041213 0.153490
41 0.000041 8.382865 -0.000072  0.044866 0.587987 -0.257961
42 0.000012 8.697711 -0.000026  -0.102637 -0.474319 0.290944
43 0.000055 8.921804 -0.000003  -0.076258 0.581004 -0.195605
44 1.196186 2.899154 -2.353086  -0.449719 1.030105 1.287427
45 0.000105 5.476939 0.000005  0.285574 -0.099352 -0.038446
46 -0.000075 6.060445 -0.000095  -0.155020 -0.575032 0.384610
47 0.000015 5.994262 0.000029  0.033940 0.288575 -0.067729
48 -0.000006 6.100487 0.000003  -0.068405 0.299273 -0.162153
49 0.000032 6.916760 0.000008  -0.096317 0.220533 -0.107966
50 0.000149 6.435059 -0.000044  -0.037459 0.171630 -0.116572
51 1.092790 3.649513 -1.738794  -0.148600 0.876612 1.445020
52 -0.000129 6.792200 -0.000103  0.008285 0.107792 -0.048643
53 -0.000088 7.744781 -0.000034  0.057137 -0.256893 0.015458
54 0.000083 9.115019 -0.000039  -0.020393 0.256253 -0.142636
55 3.494517 -1.749100 3.007064  0.118402 1.106974 1.813810
56 0.000015 4.323837 0.000088  -0.229909 -0.770942 0.449225
57 0.000028 4.872903 -0.000023  0.367244 -0.664052 -0.254033
58 0.000005 5.056655 0.000092  -0.511236 0.856586 -0.546324
59 2.292462 1.708619 3.661675  -1.762558 1.789110 -0.218972
60 -0.000174 6.589435 0.000268  -0.007132 -0.169123 0.176909
61 0.000171 7.491494 -0.000154  -0.132413 -0.107098 0.179328
62 -0.000139 8.249660 0.000142  0.041912 -0.058209 0.015814
63 0.000072 8.605236 -0.000026  0.101585 0.501824 -0.079697
64 -0.240492 2.066073 2.349267  -0.357331 2.461714 1.296080
65 -0.000082 7.721110 -0.000003  -0.208230 -0.126223 -0.116496
66 -0.000122 7.374869 -0.000047  -0.111018 0.046939 -0.046463
67 -0.000035 6.848060 -0.000027  0.273532 0.247523 0.299908
68 0.000034 7.777824 -0.000044  0.072921 0.186148 -0.052688
69 -0.000086 8.178052 0.000011  -0.087029 -0.422849 -0.381360
70 1.617601 3.431415 2.399266  -0.249454 2.569515 1.508571
71 -0.000167 5.476944 -0.000029  0.057729 0.074072 0.060285
72 -0.000094 6.060497 -0.000006  -0.015204 0.015650 -0.152065
73 0.000028 5.994255 0.000011  -0.126212 -0.157657 0.153302
74 -0.000080 7.076877 -0.000046  -0.008117 0.010385 0.036400
75 0.000006 7.089869 -0.000071  0.070875 0.098587 -0.025893
76 0.361109 0.886684 3.287746  -0.576373 1.978709 0.939011
77 -0.000065 6.686645 0.000223  -0.146568 0.414164 -0.327707
78 -0.000011 7.638015 0.000013  -0.079524 -0.025948 0.130956
79 -0.000031 7.290228 -0.000019  0.025325 -0.093908 0.023963
80 -0.000033 6.530373 0.000007  -0.261847 -0.300601 0.006734
81 0.000063 7.224882 0.000005  0.036506 0.032481 -0.175824
82 1.071894 3.225800 1.570115  -0.043806 2.859975 1.526247
83 0.000414 6.748898 -0.000065  -0.062702 0.083784 0.022202
84 -0.000046 8.002646 0.000026  -0.067496 -0.117209 -0.115599
85 0.000012 8.580572 -0.000098  0.088213 -0.007187 0.334604
86 0.000168 8.689829 -0.000041  0.065327 -0.412430 -0.134518
87 -1.514545 2.104638 0.318055  -0.024895 3.094490 1.569496
88 0.000193 6.982283 0.000011  -0.107589 -0.057624 -0.215715
89 -0.000008 8.382873 -0.000067  0.135031 -0.099914 0.287073
90 -0.000058 8.697672 0.000023  -0.148091 -0.510100 0.044839
91 -0.000133 8.921824 0.000080  -0.236826 -0.892635 0.098804
92 3.553612 -3.478043 2.409277  0.000820 0.762046 1.535309
93 -0.000003 4.476908 -0.000008  -0.151004 -0.588331 0.377259
94 0.000032 4.514120 -0.000024  -0.228867 -2.996200 0.592368
95 0.000044 4.518385 -0.000024  0.143171 2.612778 0.693385
96 0.000021 3.598325 0.000023  -0.749301 0.869853 -0.773231
97  4.209921 -0.440345 1.018824  -1.187149 -1.826220 -0.552383
98  4.265508 1.434228 -0.404992  -2.242260 0.473994 -1.056088
99  9.400230 0.017942 0.083200  0.073203 -0.065075 -1.338468
100  10.242419 0.033591 0.064477  1.550226 -0.671895 0.130652
101  3.465858 -0.059683 0.016694  -0.030795 0.036568 -0.147763
102  1.655595 -0.000023 0.000021  0.010067 -0.156581 -0.606292
103  0.960768 -0.000002 -0.000008  0.020124 -0.016575 -0.446586
104  3.462029 -0.064250 0.939909  0.314819 -0.133093 -0.135093
105  1.497178 -0.000004 0.000021  -0.484432 -0.019071 -0.084129
106  0.793757 0.000005 -0.000001  -0.009659 0.017400 -0.343758
107  0.591664 -0.460695 0.835207  -0.887782 -0.660765 -0.623851
108  1.556139 0.000003 -0.000002  -0.242135 0.108020 0.385175
109  1.135905 0.000018 0.000008  0.013881 -0.053440 0.212288
110  3.084272 -0.668822 -1.257085  -0.617482 0.208761 -0.788433
111  1.064200 -0.000003 0.000007  -0.027300 0.125646 -1.011941
112  0.640338 0.000003 -0.000010  -0.039860 0.051740 -0.722561
113  3.396824 -0.242141 -0.708689  -0.318966 0.160289 -0.482252
114  1.532970 0.000009 0.000006  0.022627 0.001316 -0.866697
115  0.832969 -0.000005 -0.000006  -0.013551 -0.002068 -0.836590
116  4.209942 -0.440341 -1.019278  1.096325 1.931620 -0.626884
117  4.266746 1.424946 0.424934  1.771461 -0.281676 -0.841842
118  9.398561 0.011946 -0.082512  -0.031468 0.068815 -0.762531
119  10.242436 0.028176 -0.062910  -1.725994 0.185243 -0.286539
120  3.465745 -0.067527 0.002267  -0.146662 0.144439 -1.482378
121  1.655563 0.000006 0.000005  -0.164156 0.184463 -1.166697
122  0.960911 0.000005 -0.000000  -0.018935 0.176620 -0.890997
123  3.466854 -0.077781 -0.920910  -0.345906 0.021130 -1.405113
124  1.497260 -0.000035 -0.000022  -0.569246 0.313524 -0.986932
125  0.793790 -0.000004 0.000000  -0.224980 0.388706 -0.772651
126  0.595076 -0.467149 -0.829176  2.496989 0.699763 -0.529555
127  1.555673 0.000016 -0.000002  0.444198 0.348312 0.809838
128  1.136810 -0.000007 -0.000002  0.424998 0.399059 0.906784
129  3.075971 -0.667967 1.277701  0.301081 0.277000 -1.620654
130  1.064598 0.000024 0.000011  0.046915 -0.125236 -1.038822
131  0.640363 -0.000013 -0.000003  -0.104291 -0.023771 -0.471513
132  3.392412 -0.245371 0.728376  0.063844 0.192823 -1.598641
133  1.532742 -0.000009 0.000000  -0.000848 0.025484 -1.121846
134  0.833151 0.000008 0.000005  -0.082769 -0.069998 -1.040855
135  3.590109 -3.090293 1.193972  1.635456 1.210566 1.548541
136  3.589557 -3.089879 -1.196373  -1.505736 1.210473 -1.592853
137  -0.436563 4.719028 -0.001076  -0.001301 -1.570733 1.693304
138  -0.000000 2.775451 -0.000238  -0.135089 0.000001 0.000000
139  0.000001 3.189772 0.000007  0.207820 -0.000000 0.000000
140  0.000000 3.504652 0.000045  -0.261876 0.000000 -0.000000
141  -0.000001 2.863199 -0.000001  -0.051268 -0.000000 0.000000
time 30
0  2.936028 -0.031015 32.946770  1.570862 0.000000 -0.000000
1  0.002636 43.025146 0.734438  0.248080 -0.892438 -0.060669
2  3.061857 -4.181009 -0.610804  -1.352068 -0.843959 -1.341517
3  18.476774 0.000158 -0.000001  -0.029492 -0.099583 1.371883
4  17.490086 0.000118 0.000003  -0.215393 0.146720 -1.721118
5  -3.065330 -4.183573 -0.611480  -1.738016 -0.746786 -1.790912
6  18.474854 -0.000035 -0.000011  0.025132 0.096131 1.305212
7  17.489584 0.001916 -0.000005  0.341170 -0.018571 -1.748378
8  -0.000117 -0.048882 -0.576226  1.342163 0.218923 1.565435
9  3.224479 0.767047 0.000495  0.019724 0.041087 0.280035
10  3.223914 0.226398 -0.001944  -0.227736 -0.049298 0.314945
11  5.187323 -1.262560 -0.001177  0.000012 0.000066 0.194111
12  6.928411 -1.935318 -0.000227  -3.133387 -0.038447 0.239886
13  3.236365 1.079612 0.000056  0.728256 0.316137 0.190971
14 0.833755 3.805353 0.692955  -0.040491 0.554885 1.469871
15 0.000049 6.792204 0.000039  0.007990 0.036070 -0.011406
16 -0.000068 7.744817 0.000017  -0.017441 -0.155305 0.068150
17 0.000069 7.809700 0.000017  -0.033637 0.005026 0.006142
18 -0.000025 7.867676 0.000019  -0.073329 -0.127909 0.026375
19 3.494699 -1.749089 -3.006912  0.152547 2.070419 1.936945
20 0.000118 4.478323 0.000017  -0.194658 0.310431 -0.234995
21 0.000049 4.636110 -0.000029  0.035821 0.324592 -0.151768
22 -0.000043 5.008652 0.000012  0.075999 -0.286564 0.276091
23 0.000064 4.781164 0.000011  0.904399 -2.690903 -0.015798
24 2.253036 1.989063 -3.350106  -1.523631 1.324497 0.112400
25 0.000160 6.589460 0.000173  0.206354 -0.002129 -0.080395
26 0.000043 7.491420 0.000040  -0.333512 0.184455 -0.191166
27 0.000027 7.660300 -0.000058  -0.063175 0.127194 -0.062118
28 0.000007 7.256266 0.000021  -0.052939 -0.487829 0.313813
29 -0.791161 2.265123 -1.234655  -0.753899 1.136377 0.824672
30 -0.000260 8.572267 -0.000091  -0.222843 -0.296789 0.176504
31 -0.000096 8.117216 0.000047  0.072255 0.772520 -0.285589
32 -0.000081 8.230029 -0.000068  -0.080491 -0.347232 0.072254
33 0.000058 7.366725 0.000052  -0.015395 -0.663891 0.062742
34 0.224212 0.240128 -3.218158  -0.877381 1.468889 0.577825
35 -0.000101 7.721057 -0.000314  -0.283829 0.060497 -0.167556
36 -0.000030 7.374850 -0.000002  0.007536 -0.195022 0.049540
37 0.000074 6.848102 0.000007  0.005484 0.006496 -0.033649
38 -0.000054 7.777872 0.000009  -0.186097 0.182474 -0.152847
39 -1.514468 2.104650 -1.150167  -0.029092 0.541320 1.555677
40 -0.000168 6.982347 -0.000077  -0.199699 -0.041213 0.153490
41 0.000041 8.382865 -0.000072  0.044866 0.587987 -0.257961
42 0.000012 8.697711 -0.000026  -0.102637 -0.474319 0.290944
43 0.000055 8.921804 -0.000003  -0.076258 0.581004 -0.195605
44 1.196186 2.899154 -2.353086  -0.449719 1.030105 1.287427
45 0.000105 5.476939 0.000005  0.285574 -0.099352 -0.038446
46 -0.000075 6.060445 -0.000095  -0.155020 -0.575032 0.384610
47 0.000015 5.994262 0.000029  0.033940 0.288575 -0.067729
48 -0.000006 6.100487 0.000003  -0.068405 0.299273 -0.162153
49 0.000032 6.916760 0.000008  -0.096317 0.220533 -0.107966
50 0.000149 6.435059 -0.000044  -0.037459 0.171630 -0.116572
51 1.092790 3.649513 -1.738794  -0.148600 0.876612 1.445020
52 -0.000129 6.792200 -0.000103  0.008285 0.107792 -0.048643
53 -0.000088 7.744781 -0.000034  0.057137 -0.256893 0.015458
54 0.000083 9.115019 -0.000039  -0.020393 0.256253 -0.142636
55 3.494517 -1.749100 3.007064  0.118402 1.106974 1.813810
56 0.000015 4.323837 0.000088  -0.229909 -0.770942 0.449225
57 0.000028 4.872903 -0.000023  0.367244 -0.664052 -0.254033
58 0.000005 5.056655 0.000092  -0.511236 0.856586 -0.546324
59 2.292462 1.708619 3.661675  -1.762558 1.789110 -0.218972
60 -0.000174 6.589435 0.000268  -0.007132 -0.169123 0.176909
61 0.000171 7.491494 -0.000154  -0.132413 -0.107098 0.179328
62 -0.000139 8.249660 0.000142  0.041912 -0.058209 0.015814
63 0.000072 8.605236 -0.000026  0.101585 0.501824 -0.079697
64 -0.240492 2.066073 2.349267  -0.357331 2.461714 1.296080
65 -0.000082 7.721110 -0.000003  -0.208230 -0.126223 -0.116496
66 -0.000122 7.374869 -0.000047  -0.111018 0.046939 -0.046463
67 -0.000035 6.848060 -0.000027  0.273532 0.247523 0.299908
68 0.000034 7.777824 -0.000044  0.072921 0.186148 -0.052688
69 -0.000086 8.178052 0.000011  -0.087029 -0.422849 -0.381360
70 1.617601 3.431415 2.399266  -0.249454 2.569515 1.508571
71 -0.000167 5.476944 -0.000029  0.057729 0.074072 0.060285
72 -0.000094 6.060497 -0.000006  -0.015204 0.015650 -0.152065
73 0.000028 5.994255 0.000011  -0.126212 -0.157657 0.153302
74 -0.000080 7.076877 -0.000046  -0.008117 0.010385 0.036400
75 0.000006 7.089869 -0.000071  0.070875 0.098587 -0.025893
76 0.361109 0.886684 3.287746  -0.576373 1.978709 0.939011
77 -0.000065 6.686645 0.000223  -0.146568 0.414164 -0.327707
78 -0.000011 7.638015 0.000013  -0.079524 -0.025948 0.130956
79 -0.000031 7.290228 -0.000019  0.025325 -0.093908 0.023963
80 -0.000033 6.530373 0.000007  -0.261847 -0.300601 0.006734
81 0.000063 7.224882 0.000005  0.036506 0.032481 -0.175824
82 1.071894 3.225800 1.570115  -0.043806 2.859975 1.526247
83 0.000414 6.748898 -0.000065  -0.062702 0.083784 0.022202
84 -0.000046 8.002646 0.000026  -0.067496 -0.117209 -0.115599
85 0.000012 8.580572 -0.000098  0.088213 -0.007187 0.334604
86 0.000168 8.689829 -0.000041  0.065327 -0.412430 -0.134518
87 -1.514545 2.104638 0.318055  -0.024895 3.094490 1.569496
88 0.000193 6.982283 0.000011  -0.107589 -0.057624 -0.215715
89 -0.000008 8.382873 -0.000067  0.135031 -0.099914 0.287073
90 -0.000058 8.697672 0.000023  -0.148091 -0.510100 0.044839
91 -0.000133 8.921824 0.000080  -0.236826 -0.892635 0.098804
92 3.553612 -3.478043 2.409277  0.000820 0.762046 1.535309
93 -0.000003 4.476908 -0.000008  -0.151004 -0.588331 0.377259
94 0.000032 4.514120 -0.000024  -0.228867 -2.996200 0.592368
95 0.000044 4.518385 -0.000024  0.143171 2.612778 0.693385
96 0.000021 3.598325 0.000023  -0.749301 0.869853 -0.773231
97  4.209919 -0.440348 1.018824  -1.237167 -1.828068 -0.503482
98  4.265506 1.434233 -0.404989  -2.200839 0.480410 -1.032265
99  9.400236 0.017940 0.083203  0.069788 -0.066181 -1.291054
100  10.242425 0.033590 0.064482  1.568032 -0.674129 0.108950
101  3.465856 -0.059673 0.016694  -0.027832 0.055973 -0.099647
102  1.655593 -0.000028 0.000023  0.017157 -0.169114 -0.692566
103  0.960765 -0.000003 -0.000008  0.017613 -0.033406 -0.541056
104  3.462027 -0.064240 0.939909  0.314419 -0.115734 -0.090407
105  1.497176 -0.000004 0.000021  -0.482650 -0.054712 -0.160150
106  0.793759 0.000006 0.000002  -0.012400 0.025093 -0.451062
107  0.591663 -0.460684 0.835207  -0.916956 -0.667535 -0.584971
108  1.556139 0.000002 0.000002  -0.228617 0.097454 0.369280
109  1.135902 0.000018 0.000008  0.004706 -0.052892 0.205330
110  3.084269 -0.668817 -1.257085  -0.604135 0.193046 -0.781910
111  1.064209 -0.000002 0.000004  -0.041102 0.129240 -1.145324
112  0.640334 -0.000000 -0.000009  -0.039325 0.060768 -0.841219
113  3.396821 -0.242132 -0.708689  -0.307619 0.167144 -0.452894
114  1.532963 0.000013 0.000005  0.022087 -0.001690 -0.987608
115  0.832975 -0.000003 -0.000003  -0.006113 -0.002052 -0.967988
116  4.209943 -0.440344 -1.019279  1.137306 1.928648 -0.588254
117  4.266747 1.424941 0.424941  1.772049 -0.281877 -0.838783
118  9.398563 0.011946 -0.082515  -0.033034 0.069208 -0.783347
119  10.242435 0.028177 -0.062903  -1.751468 0.170153 -0.220019
120  3.465751 -0.067530 0.002268  -0.146662 0.144439 -1.482378
121  1.655559 0.000005 0.000004  -0.164156 0.184463 -1.166697
122  0.960907 0.000002 0.000000  -0.018935 0.176620 -0.890997
123  3.466860 -0.077785 -0.920909  -0.345906 0.021130 -1.405113
124  1.497258 -0.000033 -0.000020  -0.569246 0.313524 -0.986932
125  0.793789 -0.000004 0.000001  -0.224980 0.388706 -0.772651
126  0.595085 -0.467159 -0.829176  2.496989 0.699763 -0.529556
127  1.555675 0.000013 -0.000001  0.444198 0.348312 0.809838
128  1.136808 -0.000007 -0.000003  0.424998 0.399059 0.906784
129  3.075979 -0.667971 1.277701  0.301081 0.277000 -1.620654
130  1.064595 0.000017 0.000011  0.046915 -0.125236 -1.038822
131  0.640362 -0.000007 -0.000003  -0.104291 -0.023771 -0.471513
132  3.392417 -0.245373 0.728377  0.063844 0.192823 -1.598641
133  1.532744 -0.000006 0.000000  -0.000848 0.025484 -1.121846
134  0.833150 0.000006 0.000007  -0.082769 -0.069998 -1.040855
135  3.590111 -3.090293 1.193972  1.635457 1.210566 1.548541
136  3.589561 -3.089879 -1.196372  -1.505736 1.210473 -1.592853
137  -0.436558 4.719027 -0.001076  -0.000827 -1.570733 1.693026
138  -0.000001 2.775453 -0.000235  -0.135089 0.000001 0.000000
139  0.000001 3.189769 0.000010  0.207820 -0.000000 0.000000
140  0.000002 3.504652 0.000047  -0.261876 0.000000 -0.000000
141  -0.000001 2.863201 -0.000003  -0.051268 -0.000000 -0.000000
time 31
0  2.857499 -0.256191 33.250977  1.570862 0.000000 -0.000000
1  0.002636 43.025146 0.734438  0.214114 -0.902726 -0.067433
2  3.061857 -4.181013 -0.610804  -1.363523 -0.785650 -1.337932
3  18.476772 0.000158 0.000001  -0.028068 -0.098477 1.349815
4  17.490088 0.000116 0.000005  -0.205109 0.145754 -1.717390
5  -3.065330 -4.183577 -0.611480  -1.728574 -0.694313 -1.795317
6  18.474855 -0.000035 -0.000009  0.023099 0.094298 1.271691
7  17.489584 0.001915 -0.000005  0.326486 -0.039597 -1.733608
8  -0.000117 -0.048887 -0.576226  1.341763 0.223166 1.565986
9  3.224484 0.767047 0.000495  0.019332 0.041950 0.274160
10  3.223912 0.226399 -0.001944  -0.227912 -0.048630 0.310988
11  5.187323 -1.262561 -0.001176  0.000012 0.000066 0.194111
12  6.928408 -1.935314 -0.000225  -3.129727 -0.040143 0.259283
13  3.236369 1.079613 0.000056  0.735048 0.335841 0.165231
14 0.833755 3.805353 0.692955  -0.040491 0.554885 1.469871
15 0.000049 6.792204 0.000039  0.007990 0.036070 -0.011406
16 -0.000068 7.744817 0.000017  -0.017441 -0.155305 0.068150
17 0.000069 7.809700 0.000017  -0.033637 0.005026 0.006142
18 -0.000025 7.867676 0.000019  -0.073329 -0.127909 0.026375
19 3.494699 -1.749089 -3.006912  0.152547 2.070419 1.936945
20 0.000118 4.478323 0.000017  -0.194658 0.310431 -0.234995
21 0.000049 4.636110 -0.000029  0.035821 0.324592 -0.151768
22 -0.000043 5.008652 0.000012  0.075999 -0.286564 0.276091
23 0.000064 4.781164 0.000011  0.904399 -2.690903 -0.015798
24 2.253036 1.989063 -3.350106  -1.523631 1.324497 0.112400
25 0.000160 6.589460 0.000173  0.206354 -0.002129 -0.080395
26 0.000043 7.491420 0.000040  -0.333512 0.184455 -0.191166
27 0.000027 7.660300 -0.000058  -0.063175 0.127194 -0.062118
28 0.000007 7.256266 0.000021  -0.052939 -0.487829 0.313813
29 -0.791161 2.265123 -1.234655  -0.753899 1.136377 0.824672
30 -0.000260 8.572267 -0.000091  -0.222843 -0.296789 0.176504
31 -0.000096 8.117216 0.000047  0.072255 0.772520 -0.285589
32 -0.000081 8.230029 -0.000068  -0.080491 -0.347232 0.072254
33 0.000058 7.366725 0.000052  -0.015395 -0.663891 0.062742
34 0.224212 0.240128 -3.218158  -0.877381 1.468889 0.577825
35 -0.000101 7.721057 -0.000314  -0.283829 0.060497 -0.167556
36 -0.000030 7.374850 -0.000002  0.007536 -0.195022 0.049540
37 0.000074 6.848102 0.000007  0.005484 0.006496 -0.033649
38 -0.000054 7.777872 0.000009  -0.186097 0.182474 -0.152847
39 -1.514468 2.104650 -1.150167  -0.029092 0.541320 1.555677
40 -0.000168 6.982347 -0.000077  -0.199699 -0.041213 0.153490
41 0.000041 8.382865 -0.000072  0.044866 0.587987 -0.257961
42 0.000012 8.697711 -0.000026  -0.102637 -0.474319 0.290944
43 0.000055 8.921804 -0.000003  -0.076258 0.581004 -0.195605
44 1.196186 2.899154 -2.353086  -0.449719 1.030105 1.287427
45 0.000105 5.476939 0.000005  0.285574 -0.099352 -0.038446
46 -0.000075 6.060445 -0.000095  -0.155020 -0.575032 0.384610
47 0.000015 5.994262 0.000029  0.033940 0.288575 -0.067729
48 -0.000006 6.100487 0.000003  -0.068405 0.299273 -0.162153
49 0.000032 6.916760 0.000008  -0.096317 0.220533 -0.107966
50 0.000149 6.435059 -0.000044  -0.037459 0.171630 -0.116572
51 1.092790 3.649513 -1.738794  -0.148600 0.876612 1.445020
52 -0.000129 6.792200 -0.000103  0.008285 0.107792 -0.048643
53 -0.000088 7.744781 -0.000034  0.057137 -0.256893 0.015458
54 0.000083 9.115019 -0.000039  -0.020393 0.256253 -0.142636
55 3.494517 -1.749100 3.007064  0.118402 1.106974 1.813810
56 0.000015 4.323837 0.000088  -0.229909 -0.770942 0.449225
57 0.000028 4.872903 -0.000023  0.367244 -0.664052 -0.254033
58 0.000005 5.056655 0.000092  -0.511236 0.856586 -0.546324
59 2.292462 1.708619 3.661675  -1.762558 1.789110 -0.218972
60 -0.000174 6.589435 0.000268  -0.007132 -0.169123 0.176909
61 0.000171 7.491494 -0.000154  -0.132413 -0.107098 0.179328
62 -0.000139 8.249660 0.000142  0.041912 -0.058209 0.015814
63 0.000072 8.605236 -0.000026  0.101585 0.501824 -0.079697
64 -0.240492 2.066073 2.349267  -0.357331 2.461714 1.296080
65 -0.000082 7.721110 -0.000003  -0.208230 -0.126223 -0.116496
66 -0.000122 7.374869 -0.000047  -0.111018 0.046939 -0.046463
67 -0.000035 6.848060 -0.000027  0.273532 0.247523 0.299908
68 0.000034 7.777824 -0.000044  0.072921 0.186148 -0.052688
69 -0.000086 8.178052 0.000011  -0.087029 -0.422849 -0.381360
70 1.617601 3.431415 2.399266  -0.249454 2.569515 1.508571
71 -0.000167 5.476944 -0.000029  0.057729 0.074072 0.060285
72 -0.000094 6.060497 -0.000006  -0.015204 0.015650 -0.152065
73 0.000028 5.994255 0.000011  -0.126212 -0.157657 0.153302
74 -0.000080 7.076877 -0.000046  -0.008117 0.010385 0.036400
75 0.000006 7.089869 -0.000071  0.070875 0.098587 -0.025893
76 0.361109 0.886684 3.287746  -0.576373 1.978709 0.939011
77 -0.000065 6.686645 0.000223  -0.146568 0.414164 -0.327707
78 -0.000011 7.638015 0.000013  -0.079524 -0.025948 0.130956
79 -0.000031 7.290228 -0.000019  0.025325 -0.093908 0.023963
80 -0.000033 6.530373 0.000007  -0.261847 -0.300601 0.006734
81 0.000063 7.224882 0.000005  0.036506 0.032481 -0.175824
82 1.071894 3.225800 1.570115  -0.043806 2.859975 1.526247
83 0.000414 6.748898 -0.000065  -0.062702 0.083784 0.022202
84 -0.000046 8.002646 0.000026  -0.067496 -0.117209 -0.115599
85 0.000012 8.580572 -0.000098  0.088213 -0.007187 0.334604
86 0.000168 8.689829 -0.000041  0.065327 -0.412430 -0.134518
87 -1.514545 2.104638 0.318055  -0.024895 3.094490 1.569496
88 0.000193 6.982283 0.000011  -0.107589 -0.057624 -0.215715
89 -0.000008 8.382873 -0.000067  0.135031 -0.099914 0.287073
90 -0.000058 8.697672 0.000023  -0.148091 -0.510100 0.044839
91 -0.000133 8.921824 0.000080  -0.236826 -0.892635 0.098804
92 3.553612 -3.478043 2.409277  0.000820 0.762046 1.535309
93 -0.000003 4.476908 -0.000008  -0.151004 -0.588331 0.377259
94 0.000032 4.514120 -0.000024  -0.228867 -2.996200 0.592368
95 0.000044 4.518385 -0.000024  0.143171 2.612778 0.693385
96 0.000021 3.598325 0.000023  -0.749301 0.869853 -0.773231
97  4.209919 -0.440348 1.018825  -1.300368 -1.830524 -0.441821
98  4.265503 1.434234 -0.404991  -2.146943 0.489492 -1.000183
99  9.400237 0.017938 0.083201  0.066718 -0.067026 -1.248990
100  10.242420 0.033591 0.064478  1.586416 -0.675612 0.087079
101  3.465855 -0.059679 0.016694  -0.023811 0.076248 -0.048645
102  1.655595 -0.000023 0.000020  0.025776 -0.181582 -0.783430
103  0.960772 -0.000005 -0.000008  0.016718 -0.051254 -0.640285
104  3.462028 -0.064247 0.939910  0.314844 -0.097389 -0.041948
105  1.497178 -0.000009 0.000021  -0.477776 -0.092257 -0.240939
106  0.793763 0.000004 0.000000  -0.016220 0.032899 -0.564425
107  0.591662 -0.460691 0.835207  -0.948718 -0.670648 -0.543006
108  1.556140 0.000002 0.000002  -0.214038 0.087730 0.354864
109  1.135904 0.000018 -0.000001  -0.004730 -0.051615 0.199766
110  3.084268 -0.668820 -1.257084  -0.590385 0.176970 -0.774745
111  1.064205 -0.000003 0.000006  -0.055970 0.131024 -1.285236
112  0.640334 0.000003 -0.000007  -0.039967 0.070303 -0.965550
113  3.396821 -0.242142 -0.708689  -0.295502 0.174614 -0.420613
114  1.532971 0.000003 0.000004  0.021983 -0.004906 -1.114468
115  0.832975 -0.000005 -0.000001  0.001556 -0.001122 -1.105775
116  4.209943 -0.440342 -1.019278  1.183672 1.926303 -0.544324
117  4.266745 1.424938 0.424938  1.774564 -0.293637 -0.834374
118  9.398569 0.011949 -0.082512  -0.033740 0.069374 -0.792688
119  10.242442 0.028177 -0.062909  -1.771730 0.150285 -0.159076
120  3.465746 -0.067530 0.002269  -0.146662 0.144439 -1.482377
121  1.655559 0.000005 0.000004  -0.164156 0.184463 -1.166697
122  0.960907 0.000007 0.000001  -0.018935 0.176620 -0.890997
123  3.466852 -0.077783 -0.920907  -0.345906 0.021130 -1.405113
124  1.497260 -0.000035 -0.000023  -0.569246 0.313524 -0.986932
125  0.793789 -0.000011 0.000002  -0.224980 0.388706 -0.772651
126  0.595077 -0.467154 -0.829174  2.496989 0.699763 -0.529555
127  1.555670 0.000016 -0.000002  0.444198 0.348312 0.809838
128  1.136815 -0.000010 -0.000002  0.424998 0.399059 0.906783
129  3.075972 -0.667971 1.277702  0.301081 0.277000 -1.620654
130  1.064597 0.000021 0.000011  0.046915 -0.125236 -1.038822
131  0.640362 -0.000015 -0.000004  -0.104291 -0.023771 -0.471513
132  3.392410 -0.245373 0.728378  0.063844 0.192823 -1.598641
133  1.532739 -0.000004 -0.000002  -0.000848 0.025484 -1.121846
134  0.833152 0.000004 0.000006  -0.082769 -0.069998 -1.040855
135  3.590114 -3.090297 1.193973  1.635457 1.210566 1.548541
136  3.589565 -3.089882 -1.196372  -1.505736 1.210473 -1.592853
137  -0.436561 4.719027 -0.001075  -0.000591 -1.570733 1.693129
138  0.000001 2.775458 -0.000239  -0.135089 0.000001 0.000000
139  0.000000 3.189770 0.000007  0.207820 -0.000000 0.000000
140  -0.000000 3.504650 0.000047  -0.261876 0.000000 -0.000000
141  -0.000001 2.863196 -0.000002  -0.051268 -0.000000 -0.000000
time 32
0  2.678170 -0.516341 33.533367  1.570862 0.000000 -0.000000
1  0.002636 43.025146 0.734438  0.183869 -0.898264 -0.079444
2  3.061857 -4.181009 -0.610804  -1.375484 -0.731057 -1.328060
3  18.476770 0.000157 -0.000002  -0.026767 -0.097422 1.329311
4  17.490088 0.000119 0.000005  -0.188586 0.157631 -1.716883
5  -3.065330 -4.183573 -0.611479  -1.718421 -0.631413 -1.794199
6  18.474854 -0.000033 -0.000008  0.021104 0.092373 1.237755
7  17.489584 0.001915 -0.000006  0.316945 -0.048590 -1.723513
8  -0.000117 -0.048876 -0.576226  1.344385 0.225648 1.569529
9  3.224489 0.767047 0.000496  0.023084 0.045737 0.270863
10  3.223916 0.226399 -0.001945  -0.225074 -0.046330 0.308470
11  5.187321 -1.262560 -0.001177  0.000012 0.000066 0.194111
12  6.928411 -1.935314 -0.000229  -3.130479 -0.037741 0.273076
13  3.236367 1.079617 0.000057  0.732313 0.345978 0.145554
14 0.833755 3.805353 0.692955  -0.040491 0.554885 1.469871
15 0.000049 6.792204 0.000039  0.007990 0.036070 -0.011406
16 -0.000068 7.744817 0.000017  -0.017441 -0.155305 0.068150
17 0.000069 7.809700 0.000017  -0.033637 0.005026 0.006142
18 -0.000025 7.867676 0.000019  -0.073329 -0.127909 0.026375
19 3.494699 -1.749089 -3.006912  0.152547 2.070419 1.936945
20 0.000118 4.478323 0.000017  -0.194658 0.310431 -0.234995
21 0.000049 4.636110 -0.000029  0.035821 0.324592 -0.151768
22 -0.000043 5.008652 0.000012  0.075999 -0.286564 0.276091
23 0.000064 4.781164 0.000011  0.904399 -2.690903 -0.015798
24 2.253036 1.989063 -3.350106  -1.523631 1.324497 0.112400
25 0.000160 6.589460 0.000173  0.206354 -0.002129 -0.080395
26 0.000043 7.491420 0.000040  -0.333512 0.184455 -0.191166
27 0.000027 7.660300 -0.000058  -0.063175 0.127194 -0.062118
28 0.000007 7.256266 0.000021  -0.052939 -0.487829 0.313813
29 -0.791161 2.265123 -1.234655  -0.753899 1.136377 0.824672
30 -0.000260 8.572267 -0.000091  -0.222843 -0.296789 0.176504
31 -0.000096 8.117216 0.000047  0.072255 0.772520 -0.285589
32 -0.000081 8.230029 -0.000068  -0.080491 -0.347232 0.072254
33 0.000058 7.366725 0.000052  -0.015395 -0.663891 0.062742
34 0.224212 0.240128 -3.218158  -0.877381 1.468889 0.577825
35 -0.000101 7.721057 -0.000314  -0.283829 0.060497 -0.167556
36 -0.000030 7.374850 -0.000002  0.007536 -0.195022 0.049540
37 0.000074 6.848102 0.000007  0.005484 0.006496 -0.033649
38 -0.000054 7.777872 0.000009  -0.186097 0.182474 -0.152847
39 -1.514468 2.104650 -1.150167  -0.029092 0.541320 1.555677
40 -0.000168 6.982347 -0.000077  -0.199699 -0.041213 0.153490
41 0.000041 8.382865 -0.000072  0.044866 0.587987 -0.257961
42 0.000012 8.697711 -0.000026  -0.102637 -0.474319 0.290944
43 0.000055 8.921804 -0.000003  -0.076258 0.581004 -0.195605
44 1.196186 2.899154 -2.353086  -0.449719 1.030105 1.287427
45 0.000105 5.476939 0.000005  0.285574 -0.099352 -0.038446
46 -0.000075 6.060445 -0.000095  -0.155020 -0.575032 0.384610
47 0.000015 5.994262 0.000029  0.033940 0.288575 -0.067729
48 -0.000006 6.100487 0.000003  -0.068405 0.299273 -0.162153
49 0.000032 6.916760 0.000008  -0.096317 0.220533 -0.107966
50 0.000149 6.435059 -0.000044  -0.037459 0.171630 -0.116572
51 1.092790 3.649513 -1.738794  -0.148600 0.876612 1.445020
52 -0.000129 6.792200 -0.000103  0.008285 0.107792 -0.048643
53 -0.000088 7.744781 -0.000034  0.057137 -0.256893 0.015458
54 0.000083 9.115019 -0.000039  -0.020393 0.256253 -0.142636
55 3.494517 -1.749100 3.007064  0.118402 1.106974 1.813810
56 0.000015 4.323837 0.000088  -0.229909 -0.770942 0.449225
57 0.000028 4.872903 -0.000023  0.367244 -0.664052 -0.254033
58 0.000005 5.056655 0.000092  -0.511236 0.856586 -0.546324
59 2.292462 1.708619 3.661675  -1.762558 1.789110 -0.218972
60 -0.000174 6.589435 0.000268  -0.007132 -0.169123 0.176909
61 0.000171 7.491494 -0.000154  -0.132413 -0.107098 0.179328
62 -0.000139 8.249660 0.000142  0.041912 -0.058209 0.015814
63 0.000072 8.605236 -0.000026  0.101585 0.501824 -0.079697
64 -0.240492 2.066073 2.349267  -0.357331 2.461714 1.296080
65 -0.000082 7.721110 -0.000003  -0.208230 -0.126223 -0.116496
66 -0.000122 7.374869 -0.000047  -0.111018 0.046939 -0.046463
67 -0.000035 6.848060 -0.000027  0.273532 0.247523 0.299908
68 0.000034 7.777824 -0.000044  0.072921 0.186148 -0.052688
69 -0.000086 8.178052 0.000011  -0.087029 -0.422849 -0.381360
70 1.617601 3.431415 2.399266  -0.249454 2.569515 1.508571
71 -0.000167 5.476944 -0.000029  0.057729 0.074072 0.060285
72 -0.000094 6.060497 -0.000006  -0.015204 0.015650 -0.152065
73 0.000028 5.994255 0.000011  -0.126212 -0.157657 0.153302
74 -0.000080 7.076877 -0.000046  -0.008117 0.010385 0.036400
75 0.000006 7.089869 -0.000071  0.070875 0.098587 -0.025893
76 0.361109 0.886684 3.287746  -0.576373 1.978709 0.939011
77 -0.000065 6.686645 0.000223  -0.146568 0.414164 -0.327707
78 -0.000011 7.638015 0.000013  -0.079524 -0.025948 0.130956
79 -0.000031 7.290228 -0.000019  0.025325 -0.093908 0.023963
80 -0.000033 6.530373 0.000007  -0.261847 -0.300601 0.006734
81 0.000063 7.224882 0.000005  0.036506 0.032481 -0.175824
82 1.071894 3.225800 1.570115  -0.043806 2.859975 1.526247
83 0.000414 6.748898 -0.000065  -0.062702 0.083784 0.022202
84 -0.000046 8.002646 0.000026  -0.067496 -0.117209 -0.115599
85 0.000012 8.580572 -0.000098  0.088213 -0.007187 0.334604
86 0.000168 8.689829 -0.000041  0.065327 -0.412430 -0.134518
87 -1.514545 2.104638 0.318055  -0.024895 3.094490 1.569496
88 0.000193 6.982283 0.000011  -0.107589 -0.057624 -0.215715
89 -0.000008 8.382873 -0.000067  0.135031 -0.099914 0.287073
90 -0.000058 8.697672 0.000023  -0.148091 -0.510100 0.044839
91 -0.000133 8.921824 0.000080  -0.236826 -0.892635 0.098804
92 3.553612 -3.478043 2.409277  0.000820 0.762046 1.535309
93 -0.000003 4.476908 -0.000008  -0.151004 -0.588331 0.377259
94 0.000032 4.514120 -0.000024  -0.228867 -2.996200 0.592368
95 0.000044 4.518385 -0.000024  0.143171 2.612778 0.693385
96 0.000021 3.598325 0.000023  -0.749301 0.869853 -0.773231
97  4.209917 -0.440345 1.018822  -1.332793 -1.830403 -0.410389
98  4.265507 1.434236 -0.404993  -2.096861 0.478879 -0.979814
99  9.400234 0.017945 0.083200  0.064364 -0.067580 -1.217057
100  10.242418 0.033588 0.064479  1.603534 -0.673772 0.069218
101  3.465855 -0.059681 0.016694  -0.019518 0.093884 -0.003955
102  1.655593 -0.000024 0.000020  0.034254 -0.191831 -0.863154
103  0.960768 -0.000005 -0.000007  0.017386 -0.066933 -0.727117
104  3.462028 -0.064250 0.939909  0.315704 -0.081372 0.000994
105  1.497176 -0.000007 0.000021  -0.471139 -0.123855 -0.310226
106  0.793758 0.000009 0.000001  -0.020056 0.039282 -0.661604
107  0.591662 -0.460693 0.835207  -0.977000 -0.666726 -0.505912
108  1.556140 0.000003 -0.000000  -0.200415 0.082476 0.348765
109  1.135903 0.000018 0.000003  -0.012437 -0.048668 0.201053
110  3.084270 -0.668827 -1.257086  -0.578521 0.163562 -0.767795
111  1.064205 -0.000003 0.000004  -0.068966 0.130908 -1.406488
112  0.640337 0.000004 -0.000009  -0.041599 0.078392 -1.073277
113  3.396823 -0.242140 -0.708690  -0.284648 0.182044 -0.389687
114  1.532968 0.000008 0.000009  0.022209 -0.007650 -1.224681
115  0.832981 -0.000002 -0.000003  0.007866 0.000556 -1.225456
116  4.209938 -0.440342 -1.019280  1.229855 1.925907 -0.500842
117  4.266746 1.424941 0.424939  1.783880 -0.315235 -0.828526
118  9.398559 0.011948 -0.082519  -0.033497 0.069318 -0.789483
119  10.242437 0.028179 -0.062910  -1.783695 0.132899 -0.118187
120  3.465748 -0.067523 0.002265  -0.146662 0.144439 -1.482378
121  1.655556 0.000004 0.000005  -0.164156 0.184463 -1.166697
122  0.960907 0.000001 0.000001  -0.018935 0.176620 -0.890997
123  3.466856 -0.077777 -0.920911  -0.345906 0.021130 -1.405113
124  1.497257 -0.000036 -0.000022  -0.569246 0.313524 -0.986932
125  0.793789 -0.000008 0.000001  -0.224980 0.388706 -0.772651
126  0.595080 -0.467147 -0.829177  2.496989 0.699763 -0.529555
127  1.555675 0.000016 -0.000004  0.444198 0.348312 0.809838
128  1.136814 -0.000009 -0.000002  0.424998 0.399059 0.906783
129  3.075974 -0.667962 1.277699  0.301081 0.277000 -1.620654
130  1.064594 0.000022 0.000012  0.046915 -0.125236 -1.038822
131  0.640363 -0.000019 -0.000004  -0.104291 -0.023771 -0.471513
132  3.392413 -0.245363 0.728374  0.063844 0.192823 -1.598641
133  1.532738 -0.000011 0.000000  -0.000848 0.025485 -1.121846
134  0.833152 0.000009 0.000006  -0.082769 -0.069998 -1.040855
135  3.590107 -3.090294 1.193972  1.635457 1.210566 1.548541
136  3.589556 -3.089881 -1.196373  -1.505736 1.210473 -1.592853
137  -0.436565 4.719028 -0.001076  -0.000709 -1.570733 1.692814
138  -0.000001 2.775450 -0.000236  -0.135089 0.000001 -0.000000
139  -0.000000 3.189763 0.000007  0.207820 -0.000000 0.000000
140  -0.000000 3.504652 0.000044  -0.261876 0.000000 -0.000000
141  0.000000 2.863202 -0.000001  -0.051268 -0.000000 -0.000000
time 33
0  2.431432 -0.681205 33.794170  1.570862 0.000000 -0.000000
1  0.002636 43.025146 0.734438  0.157964 -0.886395 -0.092686
2  3.061857 -4.181013 -0.610803  -1.386454 -0.682623 -1.312309
3  18.476772 0.000158 0.000002  -0.025376 -0.096243 1.306995
4  17.490086 0.000117 0.000002  -0.173356 0.177675 -1.716030
5  -3.065329 -4.183578 -0.611479  -1.707879 -0.569487 -1.788329
6  18.474855 -0.000034 -0.000007  0.019349 0.090567 1.206923
7  17.489586 0.001915 -0.000006  0.309839 -0.050327 -1.719470
8  -0.000117 -0.048882 -0.576226  1.347516 0.228176 1.573048
9  3.224482 0.767047 0.000496  0.027549 0.049325 0.267536
10  3.223908 0.226399 -0.001944  -0.221725 -0.044250 0.305968
11  5.187320 -1.262560 -0.001176  0.000012 0.000066 0.194111
12  6.928408 -1.935314 -0.000227  -3.132289 -0.033785 0.283824
13  3.236372 1.079620 0.000057  0.728534 0.349132 0.130834
14 0.833755 3.805353 0.692955  -0.040491 0.554885 1.469871
15 0.000049 6.792204 0.000039  0.007990 0.036070 -0.011406
16 -0.000068 7.744817 0.000017  -0.017441 -0.155305 0.068150
17 0.000069 7.809700 0.000017  -0.033637 0.005026 0.006142
18 -0.000025 7.867676 0.000019  -0.073329 -0.127909 0.026375
19 3.494699 -1.749089 -3.006912  0.152547 2.070419 1.936945
20 0.000118 4.478323 0.000017  -0.194658 0.310431 -0.234995
21 0.000049 4.636110 -0.000029  0.035821 0.324592 -0.151768
22 -0.000043 5.008652 0.000012  0.075999 -0.286564 0.276091
23 0.000064 4.781164 0.000011  0.904399 -2.690903 -0.015798
24 2.253036 1.989063 -3.350106  -1.523631 1.324497 0.112400
25 0.000160 6.589460 0.000173  0.206354 -0.002129 -0.080395
26 0.000043 7.491420 0.000040  -0.333512 0.184455 -0.191166
27 0.000027 7.660300 -0.000058  -0.063175 0.127194 -0.062118
28 0.000007 7.256266 0.000021  -0.052939 -0.487829 0.313813
29 -0.791161 2.265123 -1.234655  -0.753899 1.136377 0.824672
30 -0.000260 8.572267 -0.000091  -0.222843 -0.296789 0.176504
31 -0.000096 8.117216 0.000047  0.072255 0.772520 -0.285589
32 -0.000081 8.230029 -0.000068  -0.080491 -0.347232 0.072254
33 0.000058 7.366725 0.000052  -0.015395 -0.663891 0.062742
34 0.224212 0.240128 -3.218158  -0.877381 1.468889 0.577825
35 -0.000101 7.721057 -0.000314  -0.283829 0.060497 -0.167556
36 -0.000030 7.374850 -0.000002  0.007536 -0.195022 0.049540
37 0.000074 6.848102 0.000007  0.005484 0.006496 -0.033649
38 -0.000054 7.777872 0.000009  -0.186097 0.182474 -0.152847
39 -1.514468 2.104650 -1.150167  -0.029092 0.541320 1.555677
40 -0.000168 6.982347 -0.000077  -0.199699 -0.041213 0.153490
41 0.000041 8.382865 -0.000072  0.044866 0.587987 -0.257961
42 0.000012 8.697711 -0.000026  -0.102637 -0.474319 0.290944
43 0.000055 8.921804 -0.000003  -0.076258 0.581004 -0.195605
44 1.196186 2.899154 -2.353086  -0.449719 1.030105 1.287427
45 0.000105 5.476939 0.000005  0.285574 -0.099352 -0.038446
46 -0.000075 6.060445 -0.000095  -0.155020 -0.575032 0.384610
47 0.000015 5.994262 0.000029  0.033940 0.288575 -0.067729
48 -0.000006 6.100487 0.000003  -0.068405 0.299273 -0.162153
49 0.000032 6.916760 0.000008  -0.096317 0.220533 -0.107966
50 0.000149 6.435059 -0.000044  -0.037459 0.171630 -0.116572
51 1.092790 3.649513 -1.738794  -0.148600 0.876612 1.445020
52 -0.000129 6.792200 -0.000103  0.008285 0.107792 -0.048643
53 -0.000088 7.744781 -0.000034  0.057137 -0.256893 0.015458
54 0.000083 9.115019 -0.000039  -0.020393 0.256253 -0.142636
55 3.494517 -1.749100 3.007064  0.118402 1.106974 1.813810
56 0.000015 4.323837 0.000088  -0.229909 -0.770942 0.449225
57 0.000028 4.872903 -0.000023  0.367244 -0.664052 -0.254033
58 0.000005 5.056655 0.000092  -0.511236 0.856586 -0.546324
59 2.292462 1.708619 3.661675  -1.762558 1.789110 -0.218972
60 -0.000174 6.589435 0.000268  -0.007132 -0.169123 0.176909
61 0.000171 7.491494 -0.000154  -0.132413 -0.107098 0.179328
62 -0.000139 8.249660 0.000142  0.041912 -0.058209 0.015814
63 0.000072 8.605236 -0.000026  0.101585 0.501824 -0.079697
64 -0.240492 2.066073 2.349267  -0.357331 2.461714 1.296080
65 -0.000082 7.721110 -0.000003  -0.208230 -0.126223 -0.116496
66 -0.000122 7.374869 -0.000047  -0.111018 0.046939 -0.046463
67 -0.000035 6.848060 -0.000027  0.273532 0.247523 0.299908
68 0.000034 7.777824 -0.000044  0.072921 0.186148 -0.052688
69 -0.000086 8.178052 0.000011  -0.087029 -0.422849 -0.381360
70 1.617601 3.431415 2.399266  -0.249454 2.569515 1.508571
71 -0.000167 5.476944 -0.000029  0.057729 0.074072 0.060285
72 -0.000094 6.060497 -0.000006  -0.015204 0.015650 -0.152065
73 0.000028 5.994255 0.000011  -0.126212 -0.157657 0.153302
74 -0.000080 7.076877 -0.000046  -0.008117 0.010385 0.036400
75 0.000006 7.089869 -0.000071  0.070875 0.098587 -0.025893
76 0.361109 0.886684 3.287746  -0.576373 1.978709 0.939011
77 -0.000065 6.686645 0.000223  -0.146568 0.414164 -0.327707
78 -0.000011 7.638015 0.000013  -0.079524 -0.025948 0.130956
79 -0.000031 7.290228 -0.000019  0.025325 -0.093908 0.023963
80 -0.000033 6.530373 0.000007  -0.261847 -0.300601 0.006734
81 0.000063 7.224882 0.000005  0.036506 0.032481 -0.175824
82 1.071894 3.225800 1.570115  -0.043806 2.859975 1.526247
83 0.000414 6.748898 -0.000065  -0.062702 0.083784 0.022202
84 -0.000046 8.002646 0.000026  -0.067496 -0.117209 -0.115599
85 0.000012 8.580572 -0.000098  0.088213 -0.007187 0.334604
86 0.000168 8.689829 -0.000041  0.065327 -0.412430 -0.134518
87 -1.514545 2.104638 0.318055  -0.024895 3.094490 1.569496
88 0.000193 6.982283 0.000011  -0.107589 -0.057624 -0.215715
89 -0.000008 8.382873 -0.000067  0.135031 -0.099914 0.287073
90 -0.000058 8.697672 0.000023  -0.148091 -0.510100 0.044839
91 -0.000133 8.921824 0.000080  -0.236826 -0.892635 0.098804
92 3.553612 -3.478043 2.409277  0.000820 0.762046 1.535309
93 -0.000003 4.476908 -0.000008  -0.151004 -0.588331 0.377259
94 0.000032 4.514120 -0.000024  -0.228867 -2.996200 0.592368
95 0.000044 4.518385 -0.000024  0.143171 2.612778 0.693385
96 0.000021 3.598325 0.000023  -0.749301 0.869853 -0.773231
97  4.209921 -0.440346 1.018824  -1.360102 -1.830122 -0.384010
98  4.265506 1.434232 -0.404991  -2.046287 0.466889 -0.959743
99  9.400234 0.017939 0.083206  0.062721 -0.067921 -1.194897
100  10.242425 0.033592 0.064478  1.618800 -0.671626 0.055272
101  3.465858 -0.059678 0.016693  -0.016089 0.105975 0.027194
102  1.655594 -0.000024 0.000021  0.040669 -0.198580 -0.918912
103  0.960769 0.000001 -0.000006  0.018697 -0.077773 -0.787709
104  3.462028 -0.064247 0.939908  0.316648 -0.070174 0.031376
105  1.497177 -0.000010 0.000021  -0.465019 -0.145857 -0.359617
106  0.793761 -0.000000 -0.000005  -0.023174 0.043630 -0.730042
107  0.591663 -0.460689 0.835206  -0.998976 -0.654566 -0.477416
108  1.556138 0.000001 0.000007  -0.190373 0.081480 0.349972
109  1.135903 0.000018 0.000003  -0.017173 -0.043978 0.207747
110  3.084270 -0.668821 -1.257085  -0.570470 0.154710 -0.762373
111  1.064204 -0.000003 0.000007  -0.077901 0.129860 -1.490420
112  0.640340 0.000003 -0.000010  -0.043310 0.083916 -1.147868
113  3.396824 -0.242139 -0.708690  -0.276950 0.187592 -0.366797
114  1.532966 0.000005 0.000005  0.022486 -0.009572 -1.301200
115  0.832981 -0.000003 -0.000004  0.012109 0.002141 -1.308529
116  4.209943 -0.440343 -1.019279  1.273405 1.927985 -0.459547
117  4.266746 1.424937 0.424936  1.780459 -0.343143 -0.816601
118  9.398561 0.011954 -0.082515  -0.034447 0.069534 -0.802049
119  10.242440 0.028176 -0.062907  -1.794926 0.123348 -0.078383
120  3.465745 -0.067527 0.002268  -0.146662 0.144439 -1.482378
121  1.655563 0.000006 0.000003  -0.164156 0.184463 -1.166697
122  0.960908 0.000003 0.000000  -0.018935 0.176620 -0.890997
123  3.466851 -0.077781 -0.920909  -0.345906 0.021130 -1.405113
124  1.497258 -0.000036 -0.000024  -0.569246 0.313524 -0.986933
125  0.793790 -0.000011 -0.000000  -0.224980 0.388706 -0.772651
126  0.595076 -0.467154 -0.829176  2.496989 0.699763 -0.529555
127  1.555674 0.000010 -0.000004  0.444198 0.348312 0.809838
128  1.136807 -0.000009 -0.000004  0.424998 0.399059 0.906783
129  3.075971 -0.667967 1.277702  0.301081 0.277000 -1.620654
130  1.064588 0.000020 0.000011  0.046915 -0.125236 -1.038822
131  0.640361 -0.000016 -0.000004  -0.104291 -0.023771 -0.471513
132  3.392411 -0.245370 0.728376  0.063844 0.192823 -1.598641
133  1.532742 -0.000008 -0.000001  -0.000848 0.025484 -1.121846
134  0.833150 0.000011 0.000005  -0.082769 -0.069998 -1.040855
135  3.590109 -3.090294 1.193973  1.635457 1.210566 1.548541
136  3.589558 -3.089882 -1.196371  -1.505736 1.210473 -1.592853
137  -0.436559 4.719023 -0.001075  -0.000354 -1.570733 1.693458
138  -0.000000 2.775452 -0.000235  -0.135089 0.000001 0.000000
139  0.000000 3.189768 0.000007  0.207820 -0.000000 0.000000
140  -0.000000 3.504649 0.000048  -0.261876 0.000000 -0.000000
141  0.000000 2.863195 -0.000002  -0.051268 -0.000000 0.000000
time 34
0  2.161060 -0.682146 34.033226  1.570862 0.000000 -0.000000
1  0.002636 43.025146 0.734438  0.138965 -0.874416 -0.102841
2  3.061857 -4.181014 -0.610803  -1.394865 -0.644633 -1.293881
3  18.476772 0.000157 -0.000000  -0.023795 -0.094837 1.281104
4  17.490088 0.000117 0.000004  -0.164966 0.198721 -1.712122
5  -3.065330 -4.183581 -0.611479  -1.697599 -0.520719 -1.779920
6  18.474854 -0.000033 -0.000007  0.017956 0.089049 1.181704
7  17.489584 0.001915 -0.000005  0.303231 -0.049146 -1.721316
8  -0.000117 -0.048882 -0.576226  1.348751 0.231331 1.574416
9  3.224482 0.767047 0.000496  0.029384 0.050658 0.263199
10  3.223913 0.226399 -0.001944  -0.220370 -0.043466 0.302880
11  5.187323 -1.262558 -0.001176  0.000012 0.000066 0.194111
12  6.928408 -1.935311 -0.000228  -3.132447 -0.030330 0.292638
13  3.236367 1.079614 0.000056  0.730036 0.346823 0.121310
14 0.833755 3.805353 0.692955  -0.040491 0.554885 1.469871
15 0.000049 6.792204 0.000039  0.007990 0.036070 -0.011406
16 -0.000068 7.744817 0.000017  -0.017441 -0.155305 0.068150
17 0.000069 7.809700 0.000017  -0.033637 0.005026 0.006142
18 -0.000025 7.867676 0.000019  -0.073329 -0.127909 0.026375
19 3.494699 -1.749089 -3.006912  0.152547 2.070419 1.936945
20 0.000118 4.478323 0.000017  -0.194658 0.310431 -0.234995
21 0.000049 4.636110 -0.000029  0.035821 0.324592 -0.151768
22 -0.000043 5.008652 0.000012  0.075999 -0.286564 0.276091
23 0.000064 4.781164 0.000011  0.904399 -2.690903 -0.015798
24 2.253036 1.989063 -3.350106  -1.523631 1.324497 0.112400
25 0.000160 6.589460 0.000173  0.206354 -0.002129 -0.080395
26 0.000043 7.491420 0.000040  -0.333512 0.184455 -0.191166
27 0.000027 7.660300 -0.000058  -0.063175 0.127194 -0.062118
28 0.000007 7.256266 0.000021  -0.052939 -0.487829 0.313813
29 -0.791161 2.265123 -1.234655  -0.753899 1.136377 0.824672
30 -0.000260 8.572267 -0.000091  -0.222843 -0.296789 0.176504
31 -0.000096 8.117216 0.000047  0.072255 0.772520 -0.285589
32 -0.000081 8.230029 -0.000068  -0.080491 -0.347232 0.072254
33 0.000058 7.366725 0.000052  -0.015395 -0.663891 0.062742
34 0.224212 0.240128 -3.218158  -0.877381 1.468889 0.577825
35 -0.000101 7.721057 -0.000314  -0.283829 0.060497 -0.167556
36 -0.000030 7.374850 -0.000002  0.007536 -0.195022 0.049540
37 0.000074 6.848102 0.000007  0.005484 0.006496 -0.033649
38 -0.000054 7.777872 0.000009  -0.186097 0.182474 -0.152847
39 -1.514468 2.104650 -1.150167  -0.029092 0.541320 1.555677
40 -0.000168 6.982347 -0.000077  -0.199699 -0.041213 0.153490
41 0.000041 8.382865 -0.000072  0.044866 0.587987 -0.257961
42 0.000012 8.697711 -0.000026  -0.102637 -0.474319 0.290944
43 0.000055 8.921804 -0.000003  -0.076258 0.581004 -0.195605
44 1.196186 2.899154 -2.353086  -0.449719 1.030105 1.287427
45 0.000105 5.476939 0.000005  0.285574 -0.099352 -0.038446
46 -0.000075 6.060445 -0.000095  -0.155020 -0.575032 0.384610
47 0.000015 5.994262 0.000029  0.033940 0.288575 -0.067729
48 -0.000006 6.100487 0.000003  -0.068405 0.299273 -0.162153
49 0.000032 6.916760 0.000008  -0.096317 0.220533 -0.107966
50 0.000149 6.435059 -0.000044  -0.037459 0.171630 -0.116572
51 1.092790 3.649513 -1.738794  -0.148600 0.876612 1.445020
52 -0.000129 6.792200 -0.000103  0.008285 0.107792 -0.048643
53 -0.000088 7.744781 -0.000034  0.057137 -0.256893 0.015458
54 0.000083 9.115019 -0.000039  -0.020393 0.256253 -0.142636
55 3.494517 -1.749100 3.007064  0.118402 1.106974 1.813810
56 0.000015 4.323837 0.000088  -0.229909 -0.770942 0.449225
57 0.000028 4.872903 -0.000023  0.367244 -0.664052 -0.254033
58 0.000005 5.056655 0.000092  -0.511236 0.856586 -0.546324
59 2.292462 1.708619 3.661675  -1.762558 1.789110 -0.218972
60 -0.000174 6.589435 0.000268  -0.007132 -0.169123 0.176909
61 0.000171 7.491494 -0.000154  -0.132413 -0.107098 0.179328
62 -0.000139 8.249660 0.000142  0.041912 -0.058209 0.015814
63 0.000072 8.605236 -0.000026  0.101585 0.501824 -0.079697
64 -0.240492 2.066073 2.349267  -0.357331 2.461714 1.296080
65 -0.000082 7.721110 -0.000003  -0.208230 -0.126223 -0.116496
66 -0.000122 7.374869 -0.000047  -0.111018 0.046939 -0.046463
67 -0.000035 6.848060 -0.000027  0.273532 0.247523 0.299908
68 0.000034 7.777824 -0.000044  0.072921 0.186148 -0.052688
69 -0.000086 8.178052 0.000011  -0.087029 -0.422849 -0.381360
70 1.617601 3.431415 2.399266  -0.249454 2.569515 1.508571
71 -0.000167 5.476944 -0.000029  0.057729 0.074072 0.060285
72 -0.000094 6.060497 -0.000006  -0.015204 0.015650 -0.152065
73 0.000028 5.994255 0.000011  -0.126212 -0.157657 0.153302
74 -0.000080 7.076877 -0.000046  -0.008117 0.010385 0.036400
75 0.000006 7.089869 -0.000071  0.070875 0.098587 -0.025893
76 0.361109 0.886684 3.287746  -0.576373 1.978709 0.939011
77 -0.000065 6.686645 0.000223  -0.146568 0.414164 -0.327707
78 -0.000011 7.638015 0.000013  -0.079524 -0.025948 0.130956
79 -0.000031 7.290228 -0.000019  0.025325 -0.093908 0.023963
80 -0.000033 6.530373 0.000007  -0.261847 -0.300601 0.006734
81 0.000063 7.224882 0.000005  0.036506 0.032481 -0.175824
82 1.071894 3.225800 1.570115  -0.043806 2.859975 1.526247
83 0.000414 6.748898 -0.000065  -0.062702 0.083784 0.022202
84 -0.000046 8.002646 0.000026  -0.067496 -0.117209 -0.115599
85 0.000012 8.580572 -0.000098  0.088213 -0.007187 0.334604
86 0.000168 8.689829 -0.000041  0.065327 -0.412430 -0.134518
87 -1.514545 2.104638 0.318055  -0.024895 3.094490 1.569496
88 0.000193 6.982283 0.000011  -0.107589 -0.057624 -0.215715
89 -0.000008 8.382873 -0.000067  0.135031 -0.099914 0.287073
90 -0.000058 8.697672 0.000023  -0.148091 -0.510100 0.044839
91 -0.000133 8.921824 0.000080  -0.236826 -0.892635 0.098804
92 3.553612 -3.478043 2.409277  0.000820 0.762046 1.535309
93 -0.000003 4.476908 -0.000008  -0.151004 -0.588331 0.377259
94 0.000032 4.514120 -0.000024  -0.228867 -2.996200 0.592368
95 0.000044 4.518385 -0.000024  0.143171 2.612778 0.693385
96 0.000021 3.598325 0.000023  -0.749301 0.869853 -0.773231
97  4.209915 -0.440341 1.018823  -1.393668 -1.831820 -0.351399
98  4.265507 1.434226 -0.404990  -1.996052 0.463709 -0.934233
99  9.400240 0.017940 0.083199  0.061622 -0.068128 -1.180119
100  10.242419 0.033590 0.064484  1.630694 -0.671874 0.046072
101  3.465857 -0.059683 0.016693  -0.014928 0.109832 0.037298
102  1.655596 -0.000023 0.000021  0.042886 -0.200723 -0.937258
103  0.960772 0.000001 -0.000006  0.019294 -0.081338 -0.807543
104  3.462031 -0.064249 0.939909  0.316959 -0.066568 0.042021
105  1.497179 -0.000009 0.000022  -0.462428 -0.154209 -0.378996
106  0.793761 0.000000 -0.000004  -0.024493 0.045221 -0.755709
107  0.591664 -0.460693 0.835207  -1.013101 -0.631935 -0.460020
108  1.556140 0.000004 -0.000004  -0.186362 0.084419 0.357077
109  1.135905 0.000018 0.000012  -0.017672 -0.037176 0.218375
110  3.084271 -0.668826 -1.257085  -0.568123 0.152983 -0.759153
111  1.064203 -0.000006 0.000005  -0.080705 0.129401 -1.516984
112  0.640341 0.000005 -0.000012  -0.043946 0.085622 -1.171416
113  3.396823 -0.242142 -0.708689  -0.274481 0.189979 -0.357955
114  1.532967 0.000006 0.000008  0.022601 -0.010147 -1.326066
115  0.832973 -0.000004 -0.000001  0.013455 0.002578 -1.335416
116  4.209938 -0.440339 -1.019280  1.313759 1.931938 -0.421015
117  4.266746 1.424947 0.424936  1.754272 -0.366603 -0.797140
118  9.398566 0.011950 -0.082511  -0.036749 0.070005 -0.832338
119  10.242439 0.028176 -0.062905  -1.808047 0.121792 -0.038009
120  3.465750 -0.067525 0.002269  -0.146662 0.144439 -1.482378
121  1.655561 0.000005 0.000006  -0.164156 0.184463 -1.166697
122  0.960908 0.000002 -0.000001  -0.018935 0.176620 -0.890997
123  3.466858 -0.077781 -0.920909  -0.345906 0.021130 -1.405113
124  1.497251 -0.000037 -0.000023  -0.569246 0.313524 -0.986932
125  0.793788 -0.000009 -0.000001  -0.224980 0.388706 -0.772651
126  0.595083 -0.467153 -0.829176  2.496989 0.699763 -0.529555
127  1.555672 0.000017 -0.000002  0.444198 0.348312 0.809838
128  1.136813 -0.000010 -0.000004  0.424998 0.399059 0.906783
129  3.075978 -0.667968 1.277702  0.301081 0.277000 -1.620654
130  1.064594 0.000018 0.000010  0.046915 -0.125236 -1.038822
131  0.640362 -0.000020 -0.000003  -0.104291 -0.023771 -0.471513
132  3.392415 -0.245370 0.728376  0.063845 0.192823 -1.598641
133  1.532735 -0.000010 -0.000001  -0.000848 0.025484 -1.121846
134  0.833150 0.000007 0.000006  -0.082769 -0.069998 -1.040855
135  3.590111 -3.090293 1.193973  1.635457 1.210566 1.548541
136  3.589561 -3.089879 -1.196372  -1.505736 1.210473 -1.592853
137  -0.436557 4.719027 -0.001076  -0.000355 -1.570733 1.693216
138  -0.000000 2.775451 -0.000236  -0.135089 0.000001 -0.000000
139  -0.000001 3.189768 0.000010  0.207820 -0.000000 0.000000
140  -0.000000 3.504648 0.000044  -0.261876 0.000000 -0.000000
141  -0.000000 2.863199 -0.000003  -0.051268 0.000000 0.000000
time 35
0  1.881441 -0.666055 34.263477  1.570862 0.000000 -0.000000
1  0.002636 43.025146 0.734438  0.122783 -0.860666 -0.112218
2  3.061858 -4.181014 -0.610804  -1.401676 -0.611116 -1.275728
3  18.476776 0.000160 -0.000000  -0.022226 -0.093366 1.254785
4  17.490088 0.000117 0.000003  -0.157364 0.220633 -1.707393
5  -3.065330 -4.183577 -0.611480  -1.686670 -0.474481 -1.771538
6  18.474855 -0.000034 -0.000009  0.016601 0.087496 1.156474
7  17.489584 0.001914 -0.000006  0.297841 -0.046012 -1.725923
8  -0.000117 -0.048884 -0.576226  1.349642 0.234832 1.575007
9  3.224487 0.767047 0.000496  0.030499 0.051112 0.258463
10  3.223909 0.226400 -0.001944  -0.219553 -0.043225 0.299563
11  5.187323 -1.262561 -0.001177  0.000012 0.000066 0.194111
12  6.928407 -1.935314 -0.000227  -3.132202 -0.026709 0.300282
13  3.236363 1.079608 0.000056  0.733253 0.341647 0.114360
14 0.833755 3.805353 0.692955  -0.040491 0.554885 1.469871
15 0.000049 6.792204 0.000039  0.007990 0.036070 -0.011406
16 -0.000068 7.744817 0.000017  -0.017441 -0.155305 0.068150
17 0.000069 7.809700 0.000017  -0.033637 0.005026 0.006142
18 -0.000025 7.867676 0.000019  -0.073329 -0.127909 0.026375
19 3.494699 -1.749089 -3.006912  0.152547 2.070419 1.936945
20 0.000118 4.478323 0.000017  -0.194658 0.310431 -0.234995
21 0.000049 4.636110 -0.000029  0.035821 0.324592 -0.151768
22 -0.000043 5.008652 0.000012  0.075999 -0.286564 0.276091
23 0.000064 4.781164 0.000011  0.904399 -2.690903 -0.015798
24 2.253036 1.989063 -3.350106  -1.523631 1.324497 0.112400
25 0.000160 6.589460 0.000173  0.206354 -0.002129 -0.080395
26 0.000043 7.491420 0.000040  -0.333512 0.184455 -0.191166
27 0.000027 7.660300 -0.000058  -0.063175 0.127194 -0.062118
28 0.000007 7.256266 0.000021  -0.052939 -0.487829 0.313813
29 -0.791161 2.265123 -1.234655  -0.753899 1.136377 0.824672
30 -0.000260 8.572267 -0.000091  -0.222843 -0.296789 0.176504
31 -0.000096 8.117216 0.000047  0.072255 0.772520 -0.285589
32 -0.000081 8.230029 -0.000068  -0.080491 -0.347232 0.072254
33 0.000058 7.366725 0.000052  -0.015395 -0.663891 0.062742
34 0.224212 0.240128 -3.218158  -0.877381 1.468889 0.577825
35 -0.000101 7.721057 -0.000314  -0.283829 0.060497 -0.167556
36 -0.000030 7.374850 -0.000002  0.007536 -0.195022 0.049540
37 0.000074 6.848102 0.000007  0.005484 0.006496 -0.033649
38 -0.000054 7.777872 0.000009  -0.186097 0.182474 -0.152847
39 -1.514468 2.104650 -1.150167  -0.029092 0.541320 1.555677
40 -0.000168 6.982347 -0.000077  -0.199699 -0.041213 0.153490
41 0.000041 8.382865 -0.000072  0.044866 0.587987 -0.257961
42 0.000012 8.697711 -0.000026  -0.102637 -0.474319 0.290944
43 0.000055 8.921804 -0.000003  -0.076258 0.581004 -0.195605
44 1.196186 2.899154 -2.353086  -0.449719 1.030105 1.287427
45 0.000105 5.476939 0.000005  0.285574 -0.099352 -0.038446
46 -0.000075 6.060445 -0.000095  -0.155020 -0.575032 0.384610
47 0.000015 5.994262 0.000029  0.033940 0.288575 -0.067729
48 -0.000006 6.100487 0.000003  -0.068405 0.299273 -0.162153
49 0.000032 6.916760 0.000008  -0.096317 0.220533 -0.107966
50 0.000149 6.435059 -0.000044  -0.037459 0.171630 -0.116572
51 1.092790 3.649513 -1.738794  -0.148600 0.876612 1.445020
52 -0.000129 6.792200 -0.000103  0.008285 0.107792 -0.048643
53 -0.000088 7.744781 -0.000034  0.057137 -0.256893 0.015458
54 0.000083 9.115019 -0.000039  -0.020393 0.256253 -0.142636
55 3.494517 -1.749100 3.007064  0.118402 1.106974 1.813810
56 0.000015 4.323837 0.000088  -0.229909 -0.770942 0.449225
57 0.000028 4.872903 -0.000023  0.367244 -0.664052 -0.254033
58 0.000005 5.056655 0.000092  -0.511236 0.856586 -0.546324
59 2.292462 1.708619 3.661675  -1.762558 1.789110 -0.218972
60 -0.000174 6.589435 0.000268  -0.007132 -0.169123 0.176909
61 0.000171 7.491494 -0.000154  -0.132413 -0.107098 0.179328
62 -0.000139 8.249660 0.000142  0.041912 -0.058209 0.015814
63 0.000072 8.605236 -0.000026  0.101585 0.501824 -0.079697
64 -0.240492 2.066073 2.349267  -0.357331 2.461714 1.296080
65 -0.000082 7.721110 -0.000003  -0.208230 -0.126223 -0.116496
66 -0.000122 7.374869 -0.000047  -0.111018 0.046939 -0.046463
67 -0.000035 6.848060 -0.000027  0.273532 0.247523 0.299908
68 0.000034 7.777824 -0.000044  0.072921 0.186148 -0.052688
69 -0.000086 8.178052 0.000011  -0.087029 -0.422849 -0.381360
70 1.617601 3.431415 2.399266  -0.249454 2.569515 1.508571
71 -0.000167 5.476944 -0.000029  0.057729 0.074072 0.060285
72 -0.000094 6.060497 -0.000006  -0.015204 0.015650 -0.152065
73 0.000028 5.994255 0.000011  -0.126212 -0.157657 0.153302
74 -0.000080 7.076877 -0.000046  -0.008117 0.010385 0.036400
75 0.000006 7.089869 -0.000071  0.070875 0.098587 -0.025893
76 0.361109 0.886684 3.287746  -0.576373 1.978709 0.939011
77 -0.000065 6.686645 0.000223  -0.146568 0.414164 -0.327707
78 -0.000011 7.638015 0.000013  -0.079524 -0.025948 0.130956
79 -0.000031 7.290228 -0.000019  0.025325 -0.093908 0.023963
80 -0.000033 6.530373 0.000007  -0.261847 -0.300601 0.006734
81 0.000063 7.224882 0.000005  0.036506 0.032481 -0.175824
82 1.071894 3.225800 1.570115  -0.043806 2.859975 1.526247
83 0.000414 6.748898 -0.000065  -0.062702 0.083784 0.022202
84 -0.000046 8.002646 0.000026  -0.067496 -0.117209 -0.115599
85 0.000012 8.580572 -0.000098  0.088213 -0.007187 0.334604
86 0.000168 8.689829 -0.000041  0.065327 -0.412430 -0.134518
87 -1.514545 2.104638 0.318055  -0.024895 3.094490 1.569496
88 0.000193 6.982283 0.000011  -0.107589 -0.057624 -0.215715
89 -0.000008 8.382873 -0.000067  0.135031 -0.099914 0.287073
90 -0.000058 8.697672 0.000023  -0.148091 -0.510100 0.044839
91 -0.000133 8.921824 0.000080  -0.236826 -0.892635 0.098804
92 3.553612 -3.478043 2.409277  0.000820 0.762046 1.535309
93 -0.000003 4.476908 -0.000008  -0.151004 -0.588331 0.377259
94 0.000032 4.514120 -0.000024  -0.228867 -2.996200 0.592368
95 0.000044 4.518385 -0.000024  0.143171 2.612778 0.693385
96 0.000021 3.598325 0.000023  -0.749301 0.869853 -0.773231
97  4.209921 -0.440347 1.018824  -1.427729 -1.834226 -0.318310
98  4.265505 1.434223 -0.404989  -1.945300 0.462597 -0.906354
99  9.400235 0.017943 0.083202  0.060874 -0.068259 -1.170087
100  10.242422 0.033592 0.064477  1.641435 -0.672698 0.038885
101  3.465856 -0.059679 0.016692  -0.014876 0.110131 0.038002
102  1.655594 -0.000033 0.000022  0.043111 -0.200912 -0.938850
103  0.960773 -0.000003 -0.000004  0.019404 -0.081562 -0.809146
104  3.462029 -0.064248 0.939908  0.316962 -0.066349 0.043663
105  1.497176 -0.000007 0.000022  -0.461654 -0.156468 -0.384580
106  0.793762 0.000008 0.000001  -0.024921 0.045650 -0.761896
107  0.591664 -0.460691 0.835205  -1.022601 -0.605015 -0.448760
108  1.556139 0.000002 -0.000002  -0.184880 0.089558 0.367819
109  1.135906 0.000018 0.000008  -0.016157 -0.029519 0.231574
110  3.084271 -0.668819 -1.257085  -0.568331 0.154344 -0.756993
111  1.064204 -0.000002 0.000008  -0.080766 0.129360 -1.517960
112  0.640342 0.000004 -0.000009  -0.043945 0.085688 -1.172098
113  3.396822 -0.242137 -0.708689  -0.274344 0.191010 -0.355402
114  1.532966 0.000006 0.000006  0.022629 -0.010237 -1.327857
115  0.832972 -0.000008 -0.000003  0.013547 0.002445 -1.337172
116  4.209940 -0.440344 -1.019279  1.352388 1.936867 -0.384219
117  4.266745 1.424937 0.424935  1.717851 -0.384933 -0.770768
118  9.398566 0.011945 -0.082518  -0.038665 0.070342 -0.857416
119  10.242440 0.028176 -0.062912  -1.819870 0.120235 -0.006037
120  3.465747 -0.067527 0.002267  -0.146662 0.144439 -1.482378
121  1.655561 0.000006 0.000005  -0.164156 0.184463 -1.166697
122  0.960906 0.000006 0.000001  -0.018935 0.176620 -0.890997
123  3.466855 -0.077785 -0.920910  -0.345906 0.021130 -1.405113
124  1.497258 -0.000037 -0.000023  -0.569246 0.313524 -0.986932
125  0.793789 -0.000006 -0.000001  -0.224980 0.388706 -0.772651
126  0.595078 -0.467153 -0.829176  2.496989 0.699763 -0.529555
127  1.555676 0.000017 -0.000002  0.444198 0.348312 0.809838
128  1.136809 -0.000008 -0.000002  0.424998 0.399059 0.906784
129  3.075974 -0.667971 1.277700  0.301081 0.277000 -1.620654
130  1.064592 0.000022 0.000011  0.046915 -0.125236 -1.038822
131  0.640361 -0.000014 -0.000003  -0.104291 -0.023771 -0.471513
132  3.392412 -0.245371 0.728375  0.063844 0.192823 -1.598641
133  1.532738 -0.000009 -0.000003  -0.000848 0.025484 -1.121846
134  0.833150 0.000007 0.000005  -0.082769 -0.069998 -1.040855
135  3.590107 -3.090295 1.193972  1.635457 1.210566 1.548541
136  3.589561 -3.089881 -1.196373  -1.505736 1.210473 -1.592853
137  -0.436563 4.719027 -0.001076  -0.000591 -1.570733 1.693073
138  -0.000000 2.775457 -0.000235  -0.135089 0.000001 -0.000000
139  0.000000 3.189770 0.000009  0.207820 -0.000000 0.000000
140  0.000001 3.504650 0.000047  -0.261876 0.000000 -0.000000
141  -0.000000 2.863195 -0.000002  -0.051268 0.000000 -0.000000
time 36
0  1.596357 -0.633284 34.509937  1.570862 0.000000 -0.000000
1  0.002636 43.025146 0.734438  0.105225 -0.842532 -0.120359
2  3.061857 -4.181007 -0.610804  -1.407320 -0.578703 -1.257642
3  18.476772 0.000158 0.000000  -0.020529 -0.091683 1.225540
4  17.490088 0.000117 0.000003  -0.148517 0.246719 -1.700168
5  -3.065330 -4.183573 -0.611480  -1.674580 -0.425899 -1.762546
6  18.474852 -0.000035 -0.000010  0.015179 0.085777 1.129163
7  17.489586 0.001914 -0.000005  0.292398 -0.039210 -1.728097
8  -0.000117 -0.048879 -0.576226  1.351321 0.238703 1.575103
9  3.224485 0.767048 0.000496  0.032728 0.050567 0.253190
10  3.223906 0.226399 -0.001944  -0.218112 -0.043710 0.295816
11  5.187317 -1.262559 -0.001177  0.000012 0.000066 0.194111
12  6.928413 -1.935316 -0.000227  -3.131917 -0.022543 0.307501
13  3.236373 1.079613 0.000057  0.737222 0.335242 0.108633
14 0.833755 3.805353 0.692955  -0.040491 0.554885 1.469871
15 0.000049 6.792204 0.000039  0.007990 0.036070 -0.011406
16 -0.000068 7.744817 0.000017  -0.017441 -0.155305 0.068150
17 0.000069 7.809700 0.000017  -0.033637 0.005026 0.006142
18 -0.000025 7.867676 0.000019  -0.073329 -0.127909 0.026375
19 3.494699 -1.749089 -3.006912  0.152547 2.070419 1.936945
20 0.000118 4.478323 0.000017  -0.194658 0.310431 -0.234995
21 0.000049 4.636110 -0.000029  0.035821 0.324592 -0.151768
22 -0.000043 5.008652 0.000012  0.075999 -0.286564 0.276091
23 0.000064 4.781164 0.000011  0.904399 -2.690903 -0.015798
24 2.253036 1.989063 -3.350106  -1.523631 1.324497 0.112400
25 0.000160 6.589460 0.000173  0.206354 -0.002129 -0.080395
26 0.000043 7.491420 0.000040  -0.333512 0.184455 -0.191166
27 0.000027 7.660300 -0.000058  -0.063175 0.127194 -0.062118
28 0.000007 7.256266 0.000021  -0.052939 -0.487829 0.313813
29 -0.791161 2.265123 -1.234655  -0.753899 1.136377 0.824672
30 -0.000260 8.572267 -0.000091  -0.222843 -0.296789 0.176504
31 -0.000096 8.117216 0.000047  0.072255 0.772520 -0.285589
32 -0.000081 8.230029 -0.000068  -0.080491 -0.347232 0.072254
33 0.000058 7.366725 0.000052  -0.015395 -0.663891 0.062742
34 0.224212 0.240128 -3.218158  -0.877381 1.468889 0.577825
35 -0.000101 7.721057 -0.000314  -0.283829 0.060497 -0.167556
36 -0.000030 7.374850 -0.000002  0.007536 -0.195022 0.049540
37 0.000074 6.848102 0.000007  0.005484 0.006496 -0.033649
38 -0.000054 7.777872 0.000009  -0.186097 0.182474 -0.152847
39 -1.514468 2.104650 -1.150167  -0.029092 0.541320 1.555677
40 -0.000168 6.982347 -0.000077  -0.199699 -0.041213 0.153490
41 0.000041 8.382865 -0.000072  0.044866 0.587987 -0.257961
42 0.000012 8.697711 -0.000026  -0.102637 -0.474319 0.290944
43 0.000055 8.921804 -0.000003  -0.076258 0.581004 -0.195605
44 1.196186 2.899154 -2.353086  -0.449719 1.030105 1.287427
45 0.000105 5.476939 0.000005  0.285574 -0.099352 -0.038446
46 -0.000075 6.060445 -0.000095  -0.155020 -0.575032 0.384610
47 0.000015 5.994262 0.000029  0.033940 0.288575 -0.067729
48 -0.000006 6.100487 0.000003  -0.068405 0.299273 -0.162153
49 0.000032 6.916760 0.000008  -0.096317 0.220533 -0.107966
50 0.000149 6.435059 -0.000044  -0.037459 0.171630 -0.116572
51 1.092790 3.649513 -1.738794  -0.148600 0.876612 1.445020
52 -0.000129 6.792200 -0.000103  0.008285 0.107792 -0.048643
53 -0.000088 7.744781 -0.000034  0.057137 -0.256893 0.015458
54 0.000083 9.115019 -0.000039  -0.020393 0.256253 -0.142636
55 3.494517 -1.749100 3.007064  0.118402 1.106974 1.813810
56 0.000015 4.323837 0.000088  -0.229909 -0.770942 0.449225
57 0.000028 4.872903 -0.000023  0.367244 -0.664052 -0.254033
58 0.000005 5.056655 0.000092  -0.511236 0.856586 -0.546324
59 2.292462 1.708619 3.661675  -1.762558 1.789110 -0.218972
60 -0.000174 6.589435 0.000268  -0.007132 -0.169123 0.176909
61 0.000171 7.491494 -0.000154  -0.132413 -0.107098 0.179328
62 -0.000139 8.249660 0.000142  0.041912 -0.058209 0.015814
63 0.000072 8.605236 -0.000026  0.101585 0.501824 -0.079697
64 -0.240492 2.066073 2.349267  -0.357331 2.461714 1.296080
65 -0.000082 7.721110 -0.000003  -0.208230 -0.126223 -0.116496
66 -0.000122 7.374869 -0.000047  -0.111018 0.046939 -0.046463
67 -0.000035 6.848060 -0.000027  0.273532 0.247523 0.299908
68 0.000034 7.777824 -0.000044  0.072921 0.186148 -0.052688
69 -0.000086 8.178052 0.000011  -0.087029 -0.422849 -0.381360
70 1.617601 3.431415 2.399266  -0.249454 2.569515 1.508571
71 -0.000167 5.476944 -0.000029  0.057729 0.074072 0.060285
72 -0.000094 6.060497 -0.000006  -0.015204 0.015650 -0.152065
73 0.000028 5.994255 0.000011  -0.126212 -0.157657 0.153302
74 -0.000080 7.076877 -0.000046  -0.008117 0.010385 0.036400
75 0.000006 7.089869 -0.000071  0.070875 0.098587 -0.025893
76 0.361109 0.886684 3.287746  -0.576373 1.978709 0.939011
77 -0.000065 6.686645 0.000223  -0.146568 0.414164 -0.327707
78 -0.000011 7.638015 0.000013  -0.079524 -0.025948 0.130956
79 -0.000031 7.290228 -0.000019  0.025325 -0.093908 0.023963
80 -0.000033 6.530373 0.000007  -0.261847 -0.300601 0.006734
81 0.000063 7.224882 0.000005  0.036506 0.032481 -0.175824
82 1.071894 3.225800 1.570115  -0.043806 2.859975 1.526247
83 0.000414 6.748898 -0.000065  -0.062702 0.083784 0.022202
84 -0.000046 8.002646 0.000026  -0.067496 -0.117209 -0.115599
85 0.000012 8.580572 -0.000098  0.088213 -0.007187 0.334604
86 0.000168 8.689829 -0.000041  0.065327 -0.412430 -0.134518
87 -1.514545 2.104638 0.318055  -0.024895 3.094490 1.569496
88 0.000193 6.982283 0.000011  -0.107589 -0.057624 -0.215715
89 -0.000008 8.382873 -0.000067  0.135031 -0.099914 0.287073
90 -0.000058 8.697672 0.000023  -0.148091 -0.510100 0.044839
91 -0.000133 8.921824 0.000080  -0.236826 -0.892635 0.098804
92 3.553612 -3.478043 2.409277  0.000820 0.762046 1.535309
93 -0.000003 4.476908 -0.000008  -0.151004 -0.588331 0.377259
94 0.000032 4.514120 -0.000024  -0.228867 -2.996200 0.592368
95 0.000044 4.518385 -0.000024  0.143171 2.612778 0.693385
96 0.000021 3.598325 0.000023  -0.749301 0.869853 -0.773231
97  4.209927 -0.440349 1.018824  -1.459437 -1.836416 -0.287583
98  4.265507 1.434230 -0.404992  -1.892192 0.461901 -0.874828
99  9.400230 0.017945 0.083197  0.060619 -0.068303 -1.166675
100  10.242422 0.033591 0.064484  1.654154 -0.671978 0.030640
101  3.465856 -0.059679 0.016693  -0.015258 0.108827 0.034511
102  1.655597 -0.000030 0.000021  0.042580 -0.200382 -0.934218
103  0.960774 0.000001 -0.000007  0.019350 -0.080652 -0.803952
104  3.462026 -0.064245 0.939909  0.316771 -0.067438 0.040642
105  1.497176 -0.000011 0.000021  -0.461826 -0.156110 -0.384099
106  0.793761 0.000005 -0.000002  -0.024905 0.045646 -0.759777
107  0.591662 -0.460692 0.835206  -1.026098 -0.581519 -0.444876
108  1.556139 0.000001 0.000002  -0.183781 0.097084 0.383581
109  1.135906 0.000019 0.000005  -0.013902 -0.022571 0.247534
110  3.084269 -0.668823 -1.257085  -0.569293 0.156012 -0.756491
111  1.064196 -0.000003 0.000006  -0.079956 0.129553 -1.509990
112  0.640338 0.000002 -0.000006  -0.043770 0.085107 -1.164907
113  3.396822 -0.242139 -0.708689  -0.275058 0.190974 -0.356536
114  1.532967 0.000004 0.000002  0.022568 -0.010093 -1.321088
115  0.832975 -0.000004 -0.000004  0.013223 0.002207 -1.329637
116  4.209950 -0.440345 -1.019279  1.389105 1.942742 -0.349483
117  4.266744 1.424948 0.424939  1.676537 -0.402642 -0.741962
118  9.398565 0.011946 -0.082512  -0.040217 0.070580 -0.877668
119  10.242439 0.028175 -0.062905  -1.829514 0.119362 0.021982
120  3.465751 -0.067531 0.002265  -0.146662 0.144439 -1.482378
121  1.655561 0.000007 0.000005  -0.164156 0.184463 -1.166697
122  0.960906 0.000004 0.000001  -0.018935 0.176620 -0.890997
123  3.466854 -0.077782 -0.920911  -0.345906 0.021130 -1.405113
124  1.497254 -0.000036 -0.000024  -0.569246 0.313524 -0.986932
125  0.793788 -0.000001 0.000000  -0.224980 0.388706 -0.772651
126  0.595080 -0.467152 -0.829177  2.496989 0.699763 -0.529555
127  1.555675 0.000013 -0.000004  0.444198 0.348312 0.809838
128  1.136806 -0.000008 -0.000002  0.424998 0.399059 0.906783
129  3.075975 -0.667971 1.277699  0.301081 0.277000 -1.620654
130  1.064594 0.000020 0.000014  0.046915 -0.125236 -1.038822
131  0.640360 -0.000016 -0.000004  -0.104291 -0.023771 -0.471513
132  3.392413 -0.245372 0.728375  0.063844 0.192823 -1.598641
133  1.532736 -0.000011 -0.000000  -0.000848 0.025484 -1.121846
134  0.833152 0.000009 0.000006  -0.082769 -0.069998 -1.040855
135  3.590107 -3.090294 1.193972  1.635457 1.210566 1.548541
136  3.589555 -3.089879 -1.196373  -1.505736 1.210473 -1.592853
137  -0.436564 4.719028 -0.001076  -0.000118 -1.570733 1.693367
138  -0.000001 2.775453 -0.000236  -0.135089 0.000001 -0.000000
139  -0.000000 3.189768 0.000008  0.207820 -0.000000 0.000000
140  -0.000001 3.504648 0.000047  -0.261876 -0.000000 -0.000000
141  -0.000000 2.863199 -0.000002  -0.051268 -0.000000 0.000000
time 37
0  1.309600 -0.584178 34.779156  1.570862 0.000000 -0.000000
1  0.002636 43.025146 0.734438  0.080975 -0.812377 -0.125243
2  3.061857 -4.181013 -0.610803  -1.411875 -0.548212 -1.240211
3  18.476774 0.000159 -0.000001  -0.018660 -0.089710 1.192285
4  17.490084 0.000117 0.000005  -0.134250 0.284991 -1.688384
5  -3.065330 -4.183574 -0.611480  -1.660698 -0.371546 -1.751879
6  18.474857 -0.000035 -0.000009  0.013822 0.084043 1.102222
7  17.489586 0.001916 -0.000007  0.286698 -0.021960 -1.719803
8  -0.000117 -0.048880 -0.576226  1.354559 0.243731 1.574043
9  3.224478 0.767047 0.000496  0.036928 0.047805 0.246395
10  3.223909 0.226399 -0.001944  -0.215462 -0.045974 0.290936
11  5.187325 -1.262561 -0.001177  0.000012 0.000066 0.194111
12  6.928409 -1.935315 -0.000227  -3.130943 -0.016588 0.314542
13  3.236365 1.079613 0.000056  0.742123 0.326638 0.103836
14 0.833755 3.805353 0.692955  -0.040491 0.554885 1.469871
15 0.000049 6.792204 0.000039  0.007990 0.036070 -0.011406
16 -0.000068 7.744817 0.000017  -0.017441 -0.155305 0.068150
17 0.000069 7.809700 0.000017  -0.033637 0.005026 0.006142
18 -0.000025 7.867676 0.000019  -0.073329 -0.127909 0.026375
19 3.494699 -1.749089 -3.006912  0.152547 2.070419 1.936945
20 0.000118 4.478323 0.000017  -0.194658 0.310431 -0.234995
21 0.000049 4.636110 -0.000029  0.035821 0.324592 -0.151768
22 -0.000043 5.008652 0.000012  0.075999 -0.286564 0.276091
23 0.000064 4.781164 0.000011  0.904399 -2.690903 -0.015798
24 2.253036 1.989063 -3.350106  -1.523631 1.324497 0.112400
25 0.000160 6.589460 0.000173  0.206354 -0.002129 -0.080395
26 0.000043 7.491420 0.000040  -0.333512 0.184455 -0.191166
27 0.000027 7.660300 -0.000058  -0.063175 0.127194 -0.062118
28 0.000007 7.256266 0.000021  -0.052939 -0.487829 0.313813
29 -0.791161 2.265123 -1.234655  -0.753899 1.136377 0.824672
30 -0.000260 8.572267 -0.000091  -0.222843 -0.296789 0.176504
31 -0.000096 8.117216 0.000047  0.072255 0.772520 -0.285589
32 -0.000081 8.230029 -0.000068  -0.080491 -0.347232 0.072254
33 0.000058 7.366725 0.000052  -0.015395 -0.663891 0.062742
34 0.224212 0.240128 -3.218158  -0.877381 1.468889 0.577825
35 -0.000101 7.721057 -0.000314  -0.283829 0.060497 -0.167556
36 -0.000030 7.374850 -0.000002  0.007536 -0.195022 0.049540
37 0.000074 6.848102 0.000007  0.005484 0.006496 -0.033649
38 -0.000054 7.777872 0.000009  -0.186097 0.182474 -0.152847
39 -1.514468 2.104650 -1.150167  -0.029092 0.541320 1.555677
40 -0.000168 6.982347 -0.000077  -0.199699 -0.041213 0.153490
41 0.000041 8.382865 -0.000072  0.044866 0.587987 -0.257961
42 0.000012 8.697711 -0.000026  -0.102637 -0.474319 0.290944
43 0.000055 8.921804 -0.000003  -0.076258 0.581004 -0.195605
44 1.196186 2.899154 -2.353086  -0.449719 1.030105 1.287427
45 0.000105 5.476939 0.000005  0.285574 -0.099352 -0.038446
46 -0.000075 6.060445 -0.000095  -0.155020 -0.575032 0.384610
47 0.000015 5.994262 0.000029  0.033940 0.288575 -0.067729
48 -0.000006 6.100487 0.000003  -0.068405 0.299273 -0.162153
49 0.000032 6.916760 0.000008  -0.096317 0.220533 -0.107966
50 0.000149 6.435059 -0.000044  -0.037459 0.171630 -0.116572
51 1.092790 3.649513 -1.738794  -0.148600 0.876612 1.445020
52 -0.000129 6.792200 -0.000103  0.008285 0.107792 -0.048643
53 -0.000088 7.744781 -0.000034  0.057137 -0.256893 0.015458
54 0.000083 9.115019 -0.000039  -0.020393 0.256253 -0.142636
55 3.494517 -1.749100 3.007064  0.118402 1.106974 1.813810
56 0.000015 4.323837 0.000088  -0.229909 -0.770942 0.449225
57 0.000028 4.872903 -0.000023  0.367244 -0.664052 -0.254033
58 0.000005 5.056655 0.000092  -0.511236 0.856586 -0.546324
59 2.292462 1.708619 3.661675  -1.762558 1.789110 -0.218972
60 -0.000174 6.589435 0.000268  -0.007132 -0.169123 0.176909
61 0.000171 7.491494 -0.000154  -0.132413 -0.107098 0.179328
62 -0.000139 8.249660 0.000142  0.041912 -0.058209 0.015814
63 0.000072 8.605236 -0.000026  0.101585 0.501824 -0.079697
64 -0.240492 2.066073 2.349267  -0.357331 2.461714 1.296080
65 -0.000082 7.721110 -0.000003  -0.208230 -0.126223 -0.116496
66 -0.000122 7.374869 -0.000047  -0.111018 0.046939 -0.046463
67 -0.000035 6.848060 -0.000027  0.273532 0.247523 0.299908
68 0.000034 7.777824 -0.000044  0.072921 0.186148 -0.052688
69 -0.000086 8.178052 0.000011  -0.087029 -0.422849 -0.381360
70 1.617601 3.431415 2.399266  -0.249454 2.569515 1.508571
71 -0.000167 5.476944 -0.000029  0.057729 0.074072 0.060285
72 -0.000094 6.060497 -0.000006  -0.015204 0.015650 -0.152065
73 0.000028 5.994255 0.000011  -0.126212 -0.157657 0.153302
74 -0.000080 7.076877 -0.000046  -0.008117 0.010385 0.036400
75 0.000006 7.089869 -0.000071  0.070875 0.098587 -0.025893
76 0.361109 0.886684 3.287746  -0.576373 1.978709 0.939011
77 -0.000065 6.686645 0.000223  -0.146568 0.414164 -0.327707
78 -0.000011 7.638015 0.000013  -0.079524 -0.025948 0.130956
79 -0.000031 7.290228 -0.000019  0.025325 -0.093908 0.023963
80 -0.000033 6.530373 0.000007  -0.261847 -0.300601 0.006734
81 0.000063 7.224882 0.000005  0.036506 0.032481 -0.175824
82 1.071894 3.225800 1.570115  -0.043806 2.859975 1.526247
83 0.000414 6.748898 -0.000065  -0.062702 0.083784 0.022202
84 -0.000046 8.002646 0.000026  -0.067496 -0.117209 -0.115599
85 0.000012 8.580572 -0.000098  0.088213 -0.007187 0.334604
86 0.000168 8.689829 -0.000041  0.065327 -0.412430 -0.134518
87 -1.514545 2.104638 0.318055  -0.024895 3.094490 1.569496
88 0.000193 6.982283 0.000011  -0.107589 -0.057624 -0.215715
89 -0.000008 8.382873 -0.000067  0.135031 -0.099914 0.287073
90 -0.000058 8.697672 0.000023  -0.148091 -0.510100 0.044839
91 -0.000133 8.921824 0.000080  -0.236826 -0.892635 0.098804
92 3.553612 -3.478043 2.409277  0.000820 0.762046 1.535309
93 -0.000003 4.476908 -0.000008  -0.151004 -0.588331 0.377259
94 0.000032 4.514120 -0.000024  -0.228867 -2.996200 0.592368
95 0.000044 4.518385 -0.000024  0.143171 2.612778 0.693385
96 0.000021 3.598325 0.000023  -0.749301 0.869853 -0.773231
97  4.209919 -0.440348 1.018824  -1.486991 -1.837148 -0.260945
98  4.265508 1.434232 -0.404991  -1.828033 0.463101 -0.831205
99  9.400232 0.017943 0.083201  0.061478 -0.068154 -1.178184
100  10.242416 0.033588 0.064477  1.672824 -0.666242 0.018840
101  3.465854 -0.059680 0.016695  -0.016518 0.103950 0.020385
102  1.655596 -0.000023 0.000023  0.040545 -0.198357 -0.916848
103  0.960771 -0.000007 -0.000007  0.018934 -0.077226 -0.784856
104  3.462029 -0.064251 0.939909  0.316353 -0.071415 0.025546
105  1.497176 -0.000008 0.000022  -0.463149 -0.152114 -0.375618
106  0.793756 0.000003 0.000000  -0.024330 0.044811 -0.745546
107  0.591662 -0.460696 0.835207  -1.019789 -0.563101 -0.452668
108  1.556140 0.000002 -0.000000  -0.183721 0.108303 0.407377
109  1.135906 0.000018 0.000001  -0.009540 -0.014482 0.277069
110  3.084269 -0.668826 -1.257084  -0.571750 0.157625 -0.760240
111  1.064199 -0.000002 0.000006  -0.077140 0.129993 -1.483343
112  0.640338 0.000008 -0.000009  -0.042996 0.083183 -1.141122
113  3.396821 -0.242139 -0.708688  -0.277679 0.188102 -0.366732
114  1.532968 0.000010 0.000007  0.022422 -0.009474 -1.296886
115  0.832978 -0.000004 -0.000002  0.012018 0.001568 -1.303012
116  4.209942 -0.440345 -1.019279  1.423440 1.949605 -0.317098
117  4.266747 1.424941 0.424938  1.632636 -0.428828 -0.716708
118  9.398564 0.011950 -0.082519  -0.041424 0.070742 -0.893369
119  10.242442 0.028175 -0.062910  -1.831525 0.121289 0.050595
120  3.465747 -0.067528 0.002268  -0.146662 0.144439 -1.482378
121  1.655557 0.000007 0.000007  -0.164156 0.184463 -1.166697
122  0.960907 0.000006 0.000000  -0.018935 0.176620 -0.890997
123  3.466853 -0.077784 -0.920911  -0.345906 0.021130 -1.405113
124  1.497263 -0.000033 -0.000023  -0.569246 0.313524 -0.986932
125  0.793788 -0.000008 -0.000001  -0.224980 0.388706 -0.772651
126  0.595076 -0.467151 -0.829176  2.496989 0.699763 -0.529555
127  1.555673 0.000018 -0.000003  0.444198 0.348312 0.809838
128  1.136809 -0.000007 -0.000003  0.424998 0.399059 0.906783
129  3.075969 -0.667967 1.277700  0.301081 0.277000 -1.620654
130  1.064596 0.000019 0.000010  0.046915 -0.125236 -1.038822
131  0.640361 -0.000019 -0.000003  -0.104291 -0.023771 -0.471513
132  3.392407 -0.245370 0.728375  0.063844 0.192823 -1.598641
133  1.532736 -0.000010 -0.000001  -0.000848 0.025485 -1.121846
134  0.833152 0.000007 0.000006  -0.082769 -0.069998 -1.040855
135  3.590115 -3.090296 1.193972  1.635457 1.210566 1.548541
136  3.589563 -3.089881 -1.196373  -1.505736 1.210473 -1.592853
137  -0.436554 4.719025 -0.001076  -0.000354 -1.570733 1.692983
138  -0.000000 2.775454 -0.000236  -0.135089 0.000001 -0.000000
139  0.000000 3.189767 0.000009  0.207820 0.000000 0.000000
140  0.000000 3.504654 0.000045  -0.261876 0.000000 -0.000000
141  -0.000000 2.863202 -0.000003  -0.051268 0.000000 0.000000
time 38
0  1.024952 -0.519086 35.108692  1.570862 0.000000 -0.000000
1  0.002636 43.025146 0.734438  0.060037 -0.780778 -0.130988
2  3.061857 -4.181015 -0.610804  -1.415528 -0.519467 -1.222726
3  18.476776 0.000159 0.000000  -0.016511 -0.087268 1.152483
4  17.490086 0.000116 0.000004  -0.118027 0.323131 -1.668762
5  -3.065330 -4.183576 -0.611479  -1.645754 -0.317543 -1.739610
6  18.474855 -0.000036 -0.000010  0.012151 0.081765 1.067641
7  17.489586 0.001916 -0.000007  0.280356 -0.003219 -1.705780
8  -0.000117 -0.048885 -0.576226  1.359850 0.249041 1.572834
9  3.224482 0.767047 0.000495  0.043930 0.044092 0.239328
10  3.223911 0.226400 -0.001944  -0.211081 -0.049078 0.285718
11  5.187322 -1.262560 -0.001178  0.000012 0.000066 0.194111
12  6.928411 -1.935312 -0.000228  -3.130964 -0.010912 0.320241
13  3.236365 1.079610 0.000057  0.749236 0.317073 0.103537
14 0.833755 3.805353 0.692955  -0.040491 0.554885 1.469871
15 0.000049 6.792204 0.000039  0.007990 0.036070 -0.011406
16 -0.000068 7.744817 0.000017  -0.017441 -0.155305 0.068150
17 0.000069 7.809700 0.000017  -0.033637 0.005026 0.006142
18 -0.000025 7.867676 0.000019  -0.073329 -0.127909 0.026375
19 3.494699 -1.749089 -3.006912  0.152547 2.070419 1.936945
20 0.000118 4.478323 0.000017  -0.194658 0.310431 -0.234995
21 0.000049 4.636110 -0.000029  0.035821 0.324592 -0.151768
22 -0.000043 5.008652 0.000012  0.075999 -0.286564 0.276091
23 0.000064 4.781164 0.000011  0.904399 -2.690903 -0.015798
24 2.253036 1.989063 -3.350106  -1.523631 1.324497 0.112400
25 0.000160 6.589460 0.000173  0.206354 -0.002129 -0.080395
26 0.000043 7.491420 0.000040  -0.333512 0.184455 -0.191166
27 0.000027 7.660300 -0.000058  -0.063175 0.127194 -0.062118
28 0.000007 7.256266 0.000021  -0.052939 -0.487829 0.313813
29 -0.791161 2.265123 -1.234655  -0.753899 1.136377 0.824672
30 -0.000260 8.572267 -0.000091  -0.222843 -0.296789 0.176504
31 -0.000096 8.117216 0.000047  0.072255 0.772520 -0.285589
32 -0.000081 8.230029 -0.000068  -0.080491 -0.347232 0.072254
33 0.000058 7.366725 0.000052  -0.015395 -0.663891 0.062742
34 0.224212 0.240128 -3.218158  -0.877381 1.468889 0.577825
35 -0.000101 7.721057 -0.000314  -0.283829 0.060497 -0.167556
36 -0.000030 7.374850 -0.000002  0.007536 -0.195022 0.049540
37 0.000074 6.848102 0.000007  0.005484 0.006496 -0.033649
38 -0.000054 7.777872 0.000009  -0.186097 0.182474 -0.152847
39 -1.514468 2.104650 -1.150167  -0.029092 0.541320 1.555677
40 -0.000168 6.982347 -0.000077  -0.199699 -0.041213 0.153490
41 0.000041 8.382865 -0.000072  0.044866 0.587987 -0.257961
42 0.000012 8.697711 -0.000026  -0.102637 -0.474319 0.290944
43 0.000055 8.921804 -0.000003  -0.076258 0.581004 -0.195605
44 1.196186 2.899154 -2.353086  -0.449719 1.030105 1.287427
45 0.000105 5.476939 0.000005  0.285574 -0.099352 -0.038446
46 -0.000075 6.060445 -0.000095  -0.155020 -0.575032 0.384610
47 0.000015 5.994262 0.000029  0.033940 0.288575 -0.067729
48 -0.000006 6.100487 0.000003  -0.068405 0.299273 -0.162153
49 0.000032 6.916760 0.000008  -0.096317 0.220533 -0.107966
50 0.000149 6.435059 -0.000044  -0.037459 0.171630 -0.116572
51 1.092790 3.649513 -1.738794  -0.148600 0.876612 1.445020
52 -0.000129 6.792200 -0.000103  0.008285 0.107792 -0.048643
53 -0.000088 7.744781 -0.000034  0.057137 -0.256893 0.015458
54 0.000083 9.115019 -0.000039  -0.020393 0.256253 -0.142636
55 3.494517 -1.749100 3.007064  0.118402 1.106974 1.813810
56 0.000015 4.323837 0.000088  -0.229909 -0.770942 0.449225
57 0.000028 4.872903 -0.000023  0.367244 -0.664052 -0.254033
58 0.000005 5.056655 0.000092  -0.511236 0.856586 -0.546324
59 2.292462 1.708619 3.661675  -1.762558 1.789110 -0.218972
60 -0.000174 6.589435 0.000268  -0.007132 -0.169123 0.176909
61 0.000171 7.491494 -0.000154  -0.132413 -0.107098 0.179328
62 -0.000139 8.249660 0.000142  0.041912 -0.058209 0.015814
63 0.000072 8.605236 -0.000026  0.101585 0.501824 -0.079697
64 -0.240492 2.066073 2.349267  -0.357331 2.461714 1.296080
65 -0.000082 7.721110 -0.000003  -0.208230 -0.126223 -0.116496
66 -0.000122 7.374869 -0.000047  -0.111018 0.046939 -0.046463
67 -0.000035 6.848060 -0.000027  0.273532 0.247523 0.299908
68 0.000034 7.777824 -0.000044  0.072921 0.186148 -0.052688
69 -0.000086 8.178052 0.000011  -0.087029 -0.422849 -0.381360
70 1.617601 3.431415 2.399266  -0.249454 2.569515 1.508571
71 -0.000167 5.476944 -0.000029  0.057729 0.074072 0.060285
72 -0.000094 6.060497 -0.000006  -0.015204 0.015650 -0.152065
73 0.000028 5.994255 0.000011  -0.126212 -0.157657 0.153302
74 -0.000080 7.076877 -0.000046  -0.008117 0.010385 0.036400
75 0.000006 7.089869 -0.000071  0.070875 0.098587 -0.025893
76 0.361109 0.886684 3.287746  -0.576373 1.978709 0.939011
77 -0.000065 6.686645 0.000223  -0.146568 0.414164 -0.327707
78 -0.000011 7.638015 0.000013  -0.079524 -0.025948 0.130956
79 -0.000031 7.290228 -0.000019  0.025325 -0.093908 0.023963
80 -0.000033 6.530373 0.000007  -0.261847 -0.300601 0.006734
81 0.000063 7.224882 0.000005  0.036506 0.032481 -0.175824
82 1.071894 3.225800 1.570115  -0.043806 2.859975 1.526247
83 0.000414 6.748898 -0.000065  -0.062702 0.083784 0.022202
84 -0.000046 8.002646 0.000026  -0.067496 -0.117209 -0.115599
85 0.000012 8.580572 -0.000098  0.088213 -0.007187 0.334604
86 0.000168 8.689829 -0.000041  0.065327 -0.412430 -0.134518
87 -1.514545 2.104638 0.318055  -0.024895 3.094490 1.569496
88 0.000193 6.982283 0.000011  -0.107589 -0.057624 -0.215715
89 -0.000008 8.382873 -0.000067  0.135031 -0.099914 0.287073
90 -0.000058 8.697672 0.000023  -0.148091 -0.510100 0.044839
91 -0.000133 8.921824 0.000080  -0.236826 -0.892635 0.098804
92 3.553612 -3.478043 2.409277  0.000820 0.762046 1.535309
93 -0.000003 4.476908 -0.000008  -0.151004 -0.588331 0.377259
94 0.000032 4.514120 -0.000024  -0.228867 -2.996200 0.592368
95 0.000044 4.518385 -0.000024  0.143171 2.612778 0.693385
96 0.000021 3.598325 0.000023  -0.749301 0.869853 -0.773231
97  4.209923 -0.440344 1.018823  -1.512300 -1.837707 -0.236497
98  4.265506 1.434233 -0.404992  -1.771219 0.462169 -0.789652
99  9.400236 0.017938 0.083202  0.062961 -0.067874 -1.198116
100  10.242420 0.033591 0.064477  1.691595 -0.659977 0.006624
101  3.465854 -0.059678 0.016695  -0.017690 0.099584 0.008387
102  1.655594 -0.000021 0.000022  0.038288 -0.196094 -0.897782
103  0.960773 -0.000002 -0.000008  0.018319 -0.073532 -0.763938
104  3.462029 -0.064245 0.939909  0.315870 -0.075324 0.011936
105  1.497176 -0.000008 0.000022  -0.465867 -0.143071 -0.354681
106  0.793759 0.000005 0.000002  -0.022878 0.043056 -0.717700
107  0.591664 -0.460691 0.835206  -1.002639 -0.557916 -0.475679
108  1.556139 0.000003 0.000002  -0.181455 0.125204 0.444033
109  1.135905 0.000018 0.000007  -0.006246 -0.013552 0.295401
110  3.084271 -0.668820 -1.257085  -0.574056 0.158770 -0.764836
111  1.064198 -0.000004 0.000005  -0.074243 0.130352 -1.456032
112  0.640337 0.000003 -0.000010  -0.042400 0.081251 -1.116799
113  3.396822 -0.242137 -0.708689  -0.280235 0.185168 -0.377160
114  1.532970 0.000007 0.000008  0.022301 -0.008803 -1.270316
115  0.832972 -0.000005 -0.000003  0.010433 0.001094 -1.274034
116  4.209941 -0.440340 -1.019280  1.455614 1.957412 -0.286839
117  4.266745 1.424939 0.424936  1.590390 -0.448384 -0.695380
118  9.398562 0.011954 -0.082522  -0.041245 0.070719 -0.891044
119  10.242445 0.028177 -0.062903  -1.830950 0.123496 0.070383
120  3.465746 -0.067526 0.002268  -0.146662 0.144439 -1.482378
121  1.655557 0.000008 0.000006  -0.164156 0.184463 -1.166697
122  0.960908 0.000005 -0.000001  -0.018935 0.176620 -0.890998
123  3.466853 -0.077780 -0.920908  -0.345906 0.021130 -1.405113
124  1.497254 -0.000037 -0.000022  -0.569246 0.313524 -0.986932
125  0.793790 -0.000004 0.000002  -0.224980 0.388706 -0.772651
126  0.595075 -0.467149 -0.829175  2.496989 0.699763 -0.529555
127  1.555675 0.000017 -0.000003  0.444198 0.348312 0.809838
128  1.136817 -0.000009 -0.000003  0.424998 0.399059 0.906783
129  3.075971 -0.667966 1.277703  0.301081 0.277000 -1.620654
130  1.064598 0.000023 0.000010  0.046915 -0.125236 -1.038822
131  0.640361 -0.000013 -0.000003  -0.104291 -0.023771 -0.471513
132  3.392410 -0.245367 0.728378  0.063844 0.192823 -1.598641
133  1.532740 -0.000009 -0.000001  -0.000848 0.025484 -1.121846
134  0.833151 0.000006 0.000006  -0.082769 -0.069998 -1.040855
135  3.590107 -3.090295 1.193972  1.635457 1.210566 1.548541
136  3.589555 -3.089880 -1.196373  -1.505736 1.210473 -1.592853
137  -0.436558 4.719026 -0.001077  -0.000473 -1.570733 1.693227
138  -0.000001 2.775454 -0.000235  -0.135089 0.000001 0.000000
139  -0.000001 3.189767 0.000008  0.207820 0.000000 0.000000
140  0.000001 3.504649 0.000046  -0.261876 0.000000 -0.000000
141  -0.000000 2.863191 -0.000002  -0.051268 -0.000000 -0.000000
time 39
0  0.746203 -0.438374 35.582970  1.570862 0.000000 -0.000000
1  0.002636 43.025146 0.734438  0.050139 -0.757725 -0.142306
2  3.061857 -4.181007 -0.610804  -1.418895 -0.486734 -1.201962
3  18.476772 0.000159 -0.000000  -0.013699 -0.083750 1.097378
4  17.490088 0.000117 0.000004  -0.104896 0.350839 -1.640071
5  -3.065329 -4.183573 -0.611480  -1.630187 -0.267108 -1.724263
6  18.474855 -0.000034 -0.000010  0.009736 0.078149 1.014440
7  17.489586 0.001915 -0.000008  0.269167 0.008391 -1.680150
8  -0.000117 -0.048881 -0.576226  1.367994 0.253337 1.573265
9  3.224479 0.767048 0.000496  0.054802 0.041527 0.233822
10  3.223916 0.226400 -0.001944  -0.203964 -0.051768 0.281279
11  5.187316 -1.262559 -0.001177  0.000012 0.000066 0.194111
12  6.928406 -1.935311 -0.000227  -3.134232 -0.006879 0.324526
13  3.236357 1.079611 0.000057  0.759124 0.310440 0.111581
14 0.833755 3.805353 0.692955  -0.040491 0.554885 1.469871
15 0.000049 6.792204 0.000039  0.007990 0.036070 -0.011406
16 -0.000068 7.744817 0.000017  -0.017441 -0.155305 0.068150
17 0.000069 7.809700 0.000017  -0.033637 0.005026 0.006142
18 -0.000025 7.867676 0.000019  -0.073329 -0.127909 0.026375
19 3.494699 -1.749089 -3.006912  0.152547 2.070419 1.936945
20 0.000118 4.478323 0.000017  -0.194658 0.310431 -0.234995
21 0.000049 4.636110 -0.000029  0.035821 0.324592 -0.151768
22 -0.000043 5.008652 0.000012  0.075999 -0.286564 0.276091
23 0.000064 4.781164 0.000011  0.904399 -2.690903 -0.015798
24 2.253036 1.989063 -3.350106  -1.523631 1.324497 0.112400
25 0.000160 6.589460 0.000173  0.206354 -0.002129 -0.080395
26 0.000043 7.491420 0.000040  -0.333512 0.184455 -0.191166
27 0.000027 7.660300 -0.000058  -0.063175 0.127194 -0.062118
28 0.000007 7.256266 0.000021  -0.052939 -0.487829 0.313813
29 -0.791161 2.265123 -1.234655  -0.753899 1.136377 0.824672
30 -0.000260 8.572267 -0.000091  -0.222843 -0.296789 0.176504
31 -0.000096 8.117216 0.000047  0.072255 0.772520 -0.285589
32 -0.000081 8.230029 -0.000068  -0.080491 -0.347232 0.072254
33 0.000058 7.366725 0.000052  -0.015395 -0.663891 0.062742
34 0.224212 0.240128 -3.218158  -0.877381 1.468889 0.577825
35 -0.000101 7.721057 -0.000314  -0.283829 0.060497 -0.167556
36 -0.000030 7.374850 -0.000002  0.007536 -0.195022 0.049540
37 0.000074 6.848102 0.000007  0.005484 0.006496 -0.033649
38 -0.000054 7.777872 0.000009  -0.186097 0.182474 -0.152847
39 -1.514468 2.104650 -1.150167  -0.029092 0.541320 1.555677
40 -0.000168 6.982347 -0.000077  -0.199699 -0.041213 0.153490
41 0.000041 8.382865 -0.000072  0.044866 0.587987 -0.257961
42 0.000012 8.697711 -0.000026  -0.102637 -0.474319 0.290944
43 0.000055 8.921804 -0.000003  -0.076258 0.581004 -0.195605
44 1.196186 2.899154 -2.353086  -0.449719 1.030105 1.287427
45 0.000105 5.476939 0.000005  0.285574 -0.099352 -0.038446
46 -0.000075 6.060445 -0.000095  -0.155020 -0.575032 0.384610
47 0.000015 5.994262 0.000029  0.033940 0.288575 -0.067729
48 -0.000006 6.100487 0.000003  -0.068405 0.299273 -0.162153
49 0.000032 6.916760 0.000008  -0.096317 0.220533 -0.107966
50 0.000149 6.435059 -0.000044  -0.037459 0.171630 -0.116572
51 1.092790 3.649513 -1.738794  -0.148600 0.876612 1.445020
52 -0.000129 6.792200 -0.000103  0.008285 0.107792 -0.048643
53 -0.000088 7.744781 -0.000034  0.057137 -0.256893 0.015458
54 0.000083 9.115019 -0.000039  -0.020393 0.256253 -0.142636
55 3.494517 -1.749100 3.007064  0.118402 1.106974 1.813810
56 0.000015 4.323837 0.000088  -0.229909 -0.770942 0.449225
57 0.000028 4.872903 -0.000023  0.367244 -0.664052 -0.254033
58 0.000005 5.056655 0.000092  -0.511236 0.856586 -0.546324
59 2.292462 1.708619 3.661675  -1.762558 1.789110 -0.218972
60 -0.000174 6.589435 0.000268  -0.007132 -0.169123 0.176909
61 0.000171 7.491494 -0.000154  -0.132413 -0.107098 0.179328
62 -0.000139 8.249660 0.000142  0.041912 -0.058209 0.015814
63 0.000072 8.605236 -0.000026  0.101585 0.501824 -0.079697
64 -0.240492 2.066073 2.349267  -0.357331 2.461714 1.296080
65 -0.000082 7.721110 -0.000003  -0.208230 -0.126223 -0.116496
66 -0.000122 7.374869 -0.000047  -0.111018 0.046939 -0.046463
67 -0.000035 6.848060 -0.000027  0.273532 0.247523 0.299908
68 0.000034 7.777824 -0.000044  0.072921 0.186148 -0.052688
69 -0.000086 8.178052 0.000011  -0.087029 -0.422849 -0.381360
70 1.617601 3.431415 2.399266  -0.249454 2.569515 1.508571
71 -0.000167 5.476944 -0.000029  0.057729 0.074072 0.060285
72 -0.000094 6.060497 -0.000006  -0.015204 0.015650 -0.152065
73 0.000028 5.994255 0.000011  -0.126212 -0.157657 0.153302
74 -0.000080 7.076877 -0.000046  -0.008117 0.010385 0.036400
75 0.000006 7.089869 -0.000071  0.070875 0.098587 -0.025893
76 0.361109 0.886684 3.287746  -0.576373 1.978709 0.939011
77 -0.000065 6.686645 0.000223  -0.146568 0.414164 -0.327707
78 -0.000011 7.638015 0.000013  -0.079524 -0.025948 0.130956
79 -0.000031 7.290228 -0.000019  0.025325 -0.093908 0.023963
80 -0.000033 6.530373 0.000007  -0.261847 -0.300601 0.006734
81 0.000063 7.224882 0.000005  0.036506 0.032481 -0.175824
82 1.071894 3.225800 1.570115  -0.043806 2.859975 1.526247
83 0.000414 6.748898 -0.000065  -0.062702 0.083784 0.022202
84 -0.000046 8.002646 0.000026  -0.067496 -0.117209 -0.115599
85 0.000012 8.580572 -0.000098  0.088213 -0.007187 0.334604
86 0.000168 8.689829 -0.000041  0.065327 -0.412430 -0.134518
87 -1.514545 2.104638 0.318055  -0.024895 3.094490 1.569496
88 0.000193 6.982283 0.000011  -0.107589 -0.057624 -0.215715
89 -0.000008 8.382873 -0.000067  0.135031 -0.099914 0.287073
90 -0.000058 8.697672 0.000023  -0.148091 -0.510100 0.044839
91 -0.000133 8.921824 0.000080  -0.236826 -0.892635 0.098804
92 3.553612 -3.478043 2.409277  0.000820 0.762046 1.535309
93 -0.000003 4.476908 -0.000008  -0.151004 -0.588331 0.377259
94 0.000032 4.514120 -0.000024  -0.228867 -2.996200 0.592368
95 0.000044 4.518385 -0.000024  0.143171 2.612778 0.693385
96 0.000021 3.598325 0.000023  -0.749301 0.869853 -0.773231
97  4.209916 -0.440345 1.018824  -1.538036 -1.840100 -0.211627
98  4.265506 1.434228 -0.404992  -1.750462 0.454028 -0.772516
99  9.400233 0.017938 0.083202  0.064359 -0.067582 -1.216981
100  10.242414 0.033590 0.064480  1.703365 -0.658613 -0.002874
101  3.465856 -0.059675 0.016692  -0.017416 0.102982 0.020270
102  1.655596 -0.000022 0.000021  0.038237 -0.196244 -0.898932
103  0.960768 0.000000 -0.000009  0.017884 -0.073949 -0.765111
104  3.462028 -0.064247 0.939907  0.315701 -0.073729 0.021391
105  1.497177 -0.000009 0.000021  -0.469147 -0.129714 -0.321996
106  0.793761 0.000010 -0.000001  -0.020401 0.040635 -0.683181
107  0.591663 -0.460687 0.835205  -0.965550 -0.593864 -0.528997
108  1.556139 0.000003 0.000001  -0.166454 0.159330 0.522480
109  1.135905 0.000018 0.000009  -0.010233 -0.037248 0.256172
110  3.084271 -0.668821 -1.257087  -0.573015 0.157440 -0.764955
111  1.064201 -0.000002 0.000006  -0.074345 0.130319 -1.457383
112  0.640339 0.000010 -0.000010  -0.043022 0.082351 -1.116535
113  3.396824 -0.242139 -0.708692  -0.279337 0.186736 -0.372700
114  1.532970 0.000011 0.000006  0.022312 -0.008668 -1.267802
115  0.832971 -0.000003 -0.000001  0.009477 0.002195 -1.271915
116  4.209940 -0.440342 -1.019279  1.485942 1.966191 -0.258336
117  4.266747 1.424936 0.424938  1.557672 -0.440850 -0.682162
118  9.398565 0.011949 -0.082518  -0.037852 0.070205 -0.846786
119  10.242434 0.028176 -0.062906  -1.834410 0.125316 0.068185
120  3.465750 -0.067525 0.002267  -0.146662 0.144439 -1.482378
121  1.655557 0.000006 0.000006  -0.164156 0.184463 -1.166697
122  0.960906 0.000009 -0.000000  -0.018935 0.176620 -0.890998
123  3.466857 -0.077781 -0.920911  -0.345906 0.021130 -1.405113
124  1.497263 -0.000035 -0.000022  -0.569246 0.313524 -0.986932
125  0.793789 -0.000007 0.000001  -0.224980 0.388706 -0.772651
126  0.595081 -0.467149 -0.829176  2.496989 0.699763 -0.529555
127  1.555674 0.000015 -0.000004  0.444198 0.348312 0.809838
128  1.136809 -0.000008 -0.000001  0.424998 0.399059 0.906784
129  3.075976 -0.667967 1.277700  0.301081 0.277000 -1.620654
130  1.064596 0.000019 0.000011  0.046915 -0.125236 -1.038822
131  0.640362 -0.000014 -0.000004  -0.104291 -0.023771 -0.471513
132  3.392413 -0.245369 0.728374  0.063844 0.192823 -1.598641
133  1.532741 -0.000007 -0.000000  -0.000848 0.025484 -1.121846
134  0.833150 0.000008 0.000005  -0.082769 -0.069998 -1.040855
135  3.590111 -3.090295 1.193971  1.635457 1.210566 1.548541
136  3.589553 -3.089880 -1.196373  -1.505736 1.210473 -1.592853
137  -0.436563 4.719026 -0.001076  -0.000709 -1.570733 1.692902
138  0.000001 2.775461 -0.000237  -0.135089 0.000001 -0.000000
139  -0.000000 3.189764 0.000008  0.207820 -0.000000 0.000000
140  0.000000 3.504657 0.000044  -0.261876 0.000000 -0.000000
141  0.000000 2.863199 -0.000002  -0.051268 0.000000 0.000000
time 40
0  0.477135 -0.342366 36.044067  1.570862 0.000000 -0.000000
1  0.002636 43.025146 0.734438  0.048560 -0.746789 -0.152298
2  3.061857 -4.181009 -0.610804  -1.421619 -0.455742 -1.183385
3  18.476776 0.000159 -0.000001  -0.010994 -0.079943 1.040248
4  17.490084 0.000118 0.000004  -0.098509 0.365277 -1.611339
5  -3.065330 -4.183574 -0.611480  -1.616122 -0.230513 -1.711541
6  18.474854 -0.000034 -0.000009  0.007540 0.074449 0.961793
7  17.489584 0.001915 -0.000007  0.254701 0.011186 -1.653846
8  -0.000117 -0.048881 -0.576226  1.377858 0.257728 1.574202
9  3.224479 0.767048 0.000496  0.067947 0.038986 0.228155
10  3.223905 0.226400 -0.001945  -0.195302 -0.054600 0.276604
11  5.187320 -1.262560 -0.001178  0.000012 0.000066 0.194111
12  6.928400 -1.935313 -0.000227  -3.139044 -0.006969 0.325898
13  3.236368 1.079614 0.000056  0.770835 0.301849 0.123651
14 0.833755 3.805353 0.692955  -0.040491 0.554885 1.469871
15 0.000049 6.792204 0.000039  0.007990 0.036070 -0.011406
16 -0.000068 7.744817 0.000017  -0.017441 -0.155305 0.068150
17 0.000069 7.809700 0.000017  -0.033637 0.005026 0.006142
18 -0.000025 7.867676 0.000019  -0.073329 -0.127909 0.026375
19 3.494699 -1.749089 -3.006912  0.152547 2.070419 1.936945
20 0.000118 4.478323 0.000017  -0.194658 0.310431 -0.234995
21 0.000049 4.636110 -0.000029  0.035821 0.324592 -0.151768
22 -0.000043 5.008652 0.000012  0.075999 -0.286564 0.276091
23 0.000064 4.781164 0.000011  0.904399 -2.690903 -0.015798
24 2.253036 1.989063 -3.350106  -1.523631 1.324497 0.112400
25 0.000160 6.589460 0.000173  0.206354 -0.002129 -0.080395
26 0.000043 7.491420 0.000040  -0.333512 0.184455 -0.191166
27 0.000027 7.660300 -0.000058  -0.063175 0.127194 -0.062118
28 0.000007 7.256266 0.000021  -0.052939 -0.487829 0.313813
29 -0.791161 2.265123 -1.234655  -0.753899 1.136377 0.824672
30 -0.000260 8.572267 -0.000091  -0.222843 -0.296789 0.176504
31 -0.000096 8.117216 0.000047  0.072255 0.772520 -0.285589
32 -0.000081 8.230029 -0.000068  -0.080491 -0.347232 0.072254
33 0.000058 7.366725 0.000052  -0.015395 -0.663891 0.062742
34 0.224212 0.240128 -3.218158  -0.877381 1.468889 0.577825
35 -0.000101 7.721057 -0.000314  -0.283829 0.060497 -0.167556
36 -0.000030 7.374850 -0.000002  0.007536 -0.195022 0.049540
37 0.000074 6.848102 0.000007  0.005484 0.006496 -0.033649
38 -0.000054 7.777872 0.000009  -0.186097 0.182474 -0.152847
39 -1.514468 2.104650 -1.150167  -0.029092 0.541320 1.555677
40 -0.000168 6.982347 -0.000077  -0.199699 -0.041213 0.153490
41 0.000041 8.382865 -0.000072  0.044866 0.587987 -0.257961
42 0.000012 8.697711 -0.000026  -0.102637 -0.474319 0.290944
43 0.000055 8.921804 -0.000003  -0.076258 0.581004 -0.195605
44 1.196186 2.899154 -2.353086  -0.449719 1.030105 1.287427
45 0.000105 5.476939 0.000005  0.285574 -0.099352 -0.038446
46 -0.000075 6.060445 -0.000095  -0.155020 -0.575032 0.384610
47 0.000015 5.994262 0.000029  0.033940 0.288575 -0.067729
48 -0.000006 6.100487 0.000003  -0.068405 0.299273 -0.162153
49 0.000032 6.916760 0.000008  -0.096317 0.220533 -0.107966
50 0.000149 6.435059 -0.000044  -0.037459 0.171630 -0.116572
51 1.092790 3.649513 -1.738794  -0.148600 0.876612 1.445020
52 -0.000129 6.792200 -0.000103  0.008285 0.107792 -0.048643
53 -0.000088 7.744781 -0.000034  0.057137 -0.256893 0.015458
54 0.000083 9.115019 -0.000039  -0.020393 0.256253 -0.142636
55 3.494517 -1.749100 3.007064  0.118402 1.106974 1.813810
56 0.000015 4.323837 0.000088  -0.229909 -0.770942 0.449225
57 0.000028 4.872903 -0.000023  0.367244 -0.664052 -0.254033
58 0.000005 5.056655 0.000092  -0.511236 0.856586 -0.546324
59 2.292462 1.708619 3.661675  -1.762558 1.789110 -0.218972
60 -0.000174 6.589435 0.000268  -0.007132 -0.169123 0.176909
61 0.000171 7.491494 -0.000154  -0.132413 -0.107098 0.179328
62 -0.000139 8.249660 0.000142  0.041912 -0.058209 0.015814
63 0.000072 8.605236 -0.000026  0.101585 0.501824 -0.079697
64 -0.240492 2.066073 2.349267  -0.357331 2.461714 1.296080
65 -0.000082 7.721110 -0.000003  -0.208230 -0.126223 -0.116496
66 -0.000122 7.374869 -0.000047  -0.111018 0.046939 -0.046463
67 -0.000035 6.848060 -0.000027  0.273532 0.247523 0.299908
68 0.000034 7.777824 -0.000044  0.072921 0.186148 -0.052688
69 -0.000086 8.178052 0.000011  -0.087029 -0.422849 -0.381360
70 1.617601 3.431415 2.399266  -0.249454 2.569515 1.508571
71 -0.000167 5.476944 -0.000029  0.057729 0.074072 0.060285
72 -0.000094 6.060497 -0.000006  -0.015204 0.015650 -0.152065
73 0.000028 5.994255 0.000011  -0.126212 -0.157657 0.153302
74 -0.000080 7.076877 -0.000046  -0.008117 0.010385 0.036400
75 0.000006 7.089869 -0.000071  0.070875 0.098587 -0.025893
76 0.361109 0.886684 3.287746  -0.576373 1.978709 0.939011
77 -0.000065 6.686645 0.000223  -0.146568 0.414164 -0.327707
78 -0.000011 7.638015 0.000013  -0.079524 -0.025948 0.130956
79 -0.000031 7.290228 -0.000019  0.025325 -0.093908 0.023963
80 -0.000033 6.530373 0.000007  -0.261847 -0.300601 0.006734
81 0.000063 7.224882 0.000005  0.036506 0.032481 -0.175824
82 1.071894 3.225800 1.570115  -0.043806 2.859975 1.526247
83 0.000414 6.748898 -0.000065  -0.062702 0.083784 0.022202
84 -0.000046 8.002646 0.000026  -0.067496 -0.117209 -0.115599
85 0.000012 8.580572 -0.000098  0.088213 -0.007187 0.334604
86 0.000168 8.689829 -0.000041  0.065327 -0.412430 -0.134518
87 -1.514545 2.104638 0.318055  -0.024895 3.094490 1.569496
88 0.000193 6.982283 0.000011  -0.107589 -0.057624 -0.215715
89 -0.000008 8.382873 -0.000067  0.135031 -0.099914 0.287073
90 -0.000058 8.697672 0.000023  -0.148091 -0.510100 0.044839
91 -0.000133 8.921824 0.000080  -0.236826 -0.892635 0.098804
92 3.553612 -3.478043 2.409277  0.000820 0.762046 1.535309
93 -0.000003 4.476908 -0.000008  -0.151004 -0.588331 0.377259
94 0.000032 4.514120 -0.000024  -0.228867 -2.996200 0.592368
95 0.000044 4.518385 -0.000024  0.143171 2.612778 0.693385
96 0.000021 3.598325 0.000023  -0.749301 0.869853 -0.773231
97  4.209915 -0.440345 1.018824  -1.560670 -1.842391 -0.189756
98  4.265505 1.434225 -0.404992  -1.733564 0.448224 -0.755904
99  9.400232 0.017942 0.083201  0.065822 -0.067246 -1.236810
100  10.242418 0.033592 0.064480  1.715034 -0.658818 -0.013008
101  3.465856 -0.059680 0.016694  -0.016825 0.107803 0.036010
102  1.655594 -0.000021 0.000023  0.038540 -0.196818 -0.903634
103  0.960769 -0.000000 -0.000009  0.017386 -0.075196 -0.770223
104  3.462028 -0.064246 0.939909  0.315539 -0.070845 0.037188
105  1.497178 -0.000007 0.000021  -0.472554 -0.112915 -0.281221
106  0.793757 0.000003 -0.000001  -0.017503 0.037439 -0.641124
107  0.591663 -0.460694 0.835207  -0.934781 -0.606848 -0.572575
108  1.556140 0.000001 0.000003  -0.156381 0.175718 0.562451
109  1.135902 0.000018 0.000008  -0.013117 -0.054803 0.228374
110  3.084269 -0.668821 -1.257083  -0.571026 0.154758 -0.765412
111  1.064205 -0.000005 0.000007  -0.076529 0.130044 -1.477649
112  0.640340 0.000006 -0.000006  -0.043559 0.083057 -1.135279
113  3.396822 -0.242138 -0.708689  -0.277724 0.188426 -0.366998
114  1.532969 0.000005 0.000006  0.022317 -0.008907 -1.277411
115  0.832970 -0.000003 -0.000002  0.009383 0.002925 -1.282784
116  4.209936 -0.440344 -1.019279  1.512630 1.975988 -0.233611
117  4.266746 1.424947 0.424937  1.531597 -0.423596 -0.671727
118  9.398562 0.011949 -0.082518  -0.033946 0.069421 -0.795427
119  10.242439 0.028177 -0.062907  -1.839560 0.124256 0.061985
120  3.465748 -0.067527 0.002268  -0.146662 0.144439 -1.482378
121  1.655558 0.000001 0.000005  -0.164156 0.184463 -1.166697
122  0.960907 -0.000000 -0.000001  -0.018935 0.176620 -0.890998
123  3.466853 -0.077781 -0.920909  -0.345906 0.021130 -1.405113
124  1.497256 -0.000033 -0.000023  -0.569246 0.313524 -0.986932
125  0.793787 -0.000013 0.000000  -0.224980 0.388706 -0.772651
126  0.595078 -0.467150 -0.829174  2.496989 0.699763 -0.529555
127  1.555672 0.000017 0.000000  0.444198 0.348312 0.809838
128  1.136816 -0.000009 -0.000002  0.424998 0.399059 0.906783
129  3.075971 -0.667968 1.277700  0.301081 0.277000 -1.620654
130  1.064595 0.000020 0.000012  0.046915 -0.125236 -1.038822
131  0.640363 -0.000016 -0.000003  -0.104291 -0.023771 -0.471513
132  3.392411 -0.245368 0.728376  0.063844 0.192823 -1.598641
133  1.532741 -0.000010 -0.000002  -0.000848 0.025484 -1.121846
134  0.833151 0.000006 0.000006  -0.082769 -0.069998 -1.040855
135  3.590113 -3.090295 1.193971  1.635457 1.210566 1.548541
136  3.589564 -3.089880 -1.196374  -1.505736 1.210473 -1.592853
137  -0.436557 4.719026 -0.001077  -0.000473 -1.570733 1.693091
138  -0.000000 2.775450 -0.000236  -0.135089 0.000001 -0.000000
139  0.000001 3.189774 0.000007  0.207820 0.000000 0.000000
140  -0.000001 3.504650 0.000046  -0.261876 -0.000000 -0.000000
141  -0.000000 2.863198 -0.000002  -0.051268 0.000000 0.000000
time 41
0  0.207601 -0.185997 36.402306  1.570862 0.000000 -0.000000
1  0.002636 43.025146 0.734438  0.053473 -0.749978 -0.157657
2  3.061858 -4.181015 -0.610803  -1.423822 -0.428996 -1.168072
3  18.476772 0.000158 -0.000003  -0.008699 -0.076306 0.987651
4  17.490086 0.000117 0.000005  -0.103573 0.366204 -1.589371
5  -3.065329 -4.183575 -0.611479  -1.604183 -0.215377 -1.703371
6  18.474857 -0.000035 -0.000008  0.006114 0.071781 0.924795
7  17.489584 0.001916 -0.000008  0.236466 0.004318 -1.633941
8  -0.000117 -0.048885 -0.576226  1.389081 0.263816 1.575131
9  3.224477 0.767047 0.000496  0.082831 0.035972 0.220271
10  3.223910 0.226399 -0.001944  -0.185473 -0.057925 0.270319
11  5.187317 -1.262560 -0.001177  0.000012 0.000066 0.194111
12  6.928414 -1.935315 -0.000227  3.138813 -0.012643 0.324264
13  3.236365 1.079614 0.000057  0.780481 0.288227 0.133430
14 0.833755 3.805353 0.692955  -0.040491 0.554885 1.469871
15 0.000049 6.792204 0.000039  0.007990 0.036070 -0.011406
16 -0.000068 7.744817 0.000017  -0.017441 -0.155305 0.068150
17 0.000069 7.809700 0.000017  -0.033637 0.005026 0.006142
18 -0.000025 7.867676 0.000019  -0.073329 -0.127909 0.026375
19 3.494699 -1.749089 -3.006912  0.152547 2.070419 1.936945
20 0.000118 4.478323 0.000017  -0.194658 0.310431 -0.234995
21 0.000049 4.636110 -0.000029  0.035821 0.324592 -0.151768
22 -0.000043 5.008652 0.000012  0.075999 -0.286564 0.276091
23 0.000064 4.781164 0.000011  0.904399 -2.690903 -0.015798
24 2.253036 1.989063 -3.350106  -1.523631 1.324497 0.112400
25 0.000160 6.589460 0.000173  0.206354 -0.002129 -0.080395
26 0.000043 7.491420 0.000040  -0.333512 0.184455 -0.191166
27 0.000027 7.660300 -0.000058  -0.063175 0.127194 -0.062118
28 0.000007 7.256266 0.000021  -0.052939 -0.487829 0.313813
29 -0.791161 2.265123 -1.234655  -0.753899 1.136377 0.824672
30 -0.000260 8.572267 -0.000091  -0.222843 -0.296789 0.176504
31 -0.000096 8.117216 0.000047  0.072255 0.772520 -0.285589
32 -0.000081 8.230029 -0.000068  -0.080491 -0.347232 0.072254
33 0.000058 7.366725 0.000052  -0.015395 -0.663891 0.062742
34 0.224212 0.240128 -3.218158  -0.877381 1.468889 0.577825
35 -0.000101 7.721057 -0.000314  -0.283829 0.060497 -0.167556
36 -0.000030 7.374850 -0.000002  0.007536 -0.195022 0.049540
37 0.000074 6.848102 0.000007  0.005484 0.006496 -0.033649
38 -0.000054 7.777872 0.000009  -0.186097 0.182474 -0.152847
39 -1.514468 2.104650 -1.150167  -0.029092 0.541320 1.555677
40 -0.000168 6.982347 -0.000077  -0.199699 -0.041213 0.153490
41 0.000041 8.382865 -0.000072  0.044866 0.587987 -0.257961
42 0.000012 8.697711 -0.000026  -0.102637 -0.474319 0.290944
43 0.000055 8.921804 -0.000003  -0.076258 0.581004 -0.195605
44 1.196186 2.899154 -2.353086  -0.449719 1.030105 1.287427
45 0.000105 5.476939 0.000005  0.285574 -0.099352 -0.038446
46 -0.000075 6.060445 -0.000095  -0.155020 -0.575032 0.384610
47 0.000015 5.994262 0.000029  0.033940 0.288575 -0.067729
48 -0.000006 6.100487 0.000003  -0.068405 0.299273 -0.162153
49 0.000032 6.916760 0.000008  -0.096317 0.220533 -0.107966
50 0.000149 6.435059 -0.000044  -0.037459 0.171630 -0.116572
51 1.092790 3.649513 -1.738794  -0.148600 0.876612 1.445020
52 -0.000129 6.792200 -0.000103  0.008285 0.107792 -0.048643
53 -0.000088 7.744781 -0.000034  0.057137 -0.256893 0.015458
54 0.000083 9.115019 -0.000039  -0.020393 0.256253 -0.142636
55 3.494517 -1.749100 3.007064  0.118402 1.106974 1.813810
56 0.000015 4.323837 0.000088  -0.229909 -0.770942 0.449225
57 0.000028 4.872903 -0.000023  0.367244 -0.664052 -0.254033
58 0.000005 5.056655 0.000092  -0.511236 0.856586 -0.546324
59 2.292462 1.708619 3.661675  -1.762558 1.789110 -0.218972
60 -0.000174 6.589435 0.000268  -0.007132 -0.169123 0.176909
61 0.000171 7.491494 -0.000154  -0.132413 -0.107098 0.179328
62 -0.000139 8.249660 0.000142  0.041912 -0.058209 0.015814
63 0.000072 8.605236 -0.000026  0.101585 0.501824 -0.079697
64 -0.240492 2.066073 2.349267  -0.357331 2.461714 1.296080
65 -0.000082 7.721110 -0.000003  -0.208230 -0.126223 -0.116496
66 -0.000122 7.374869 -0.000047  -0.111018 0.046939 -0.046463
67 -0.000035 6.848060 -0.000027  0.273532 0.247523 0.299908
68 0.000034 7.777824 -0.000044  0.072921 0.186148 -0.052688
69 -0.000086 8.178052 0.000011  -0.087029 -0.422849 -0.381360
70 1.617601 3.431415 2.399266  -0.249454 2.569515 1.508571
71 -0.000167 5.476944 -0.000029  0.057729 0.074072 0.060285
72 -0.000094 6.060497 -0.000006  -0.015204 0.015650 -0.152065
73 0.000028 5.994255 0.000011  -0.126212 -0.157657 0.153302
74 -0.000080 7.076877 -0.000046  -0.008117 0.010385 0.036400
75 0.000006 7.089869 -0.000071  0.070875 0.098587 -0.025893
76 0.361109 0.886684 3.287746  -0.576373 1.978709 0.939011
77 -0.000065 6.686645 0.000223  -0.146568 0.414164 -0.327707
78 -0.000011 7.638015 0.000013  -0.079524 -0.025948 0.130956
79 -0.000031 7.290228 -0.000019  0.025325 -0.093908 0.023963
80 -0.000033 6.530373 0.000007  -0.261847 -0.300601 0.006734
81 0.000063 7.224882 0.000005  0.036506 0.032481 -0.175824
82 1.071894 3.225800 1.570115  -0.043806 2.859975 1.526247
83 0.000414 6.748898 -0.000065  -0.062702 0.083784 0.022202
84 -0.000046 8.002646 0.000026  -0.067496 -0.117209 -0.115599
85 0.000012 8.580572 -0.000098  0.088213 -0.007187 0.334604
86 0.000168 8.689829 -0.000041  0.065327 -0.412430 -0.134518
87 -1.514545 2.104638 0.318055  -0.024895 3.094490 1.569496
88 0.000193 6.982283 0.000011  -0.107589 -0.057624 -0.215715
89 -0.000008 8.382873 -0.000067  0.135031 -0.099914 0.287073
90 -0.000058 8.697672 0.000023  -0.148091 -0.510100 0.044839
91 -0.000133 8.921824 0.000080  -0.236826 -0.892635 0.098804
92 3.553612 -3.478043 2.409277  0.000820 0.762046 1.535309
93 -0.000003 4.476908 -0.000008  -0.151004 -0.588331 0.377259
94 0.000032 4.514120 -0.000024  -0.228867 -2.996200 0.592368
95 0.000044 4.518385 -0.000024  0.143171 2.612778 0.693385
96 0.000021 3.598325 0.000023  -0.749301 0.869853 -0.773231
97  4.209918 -0.440346 1.018825  -1.577583 -1.842874 -0.173488
98  4.265506 1.434233 -0.404992  -1.687163 0.452674 -0.715464
99  9.400236 0.017938 0.083198  0.067373 -0.066857 -1.257932
100  10.242420 0.033592 0.064479  1.733729 -0.659553 -0.027692
101  3.465855 -0.059682 0.016692  -0.016663 0.109782 0.042954
102  1.655597 -0.000018 0.000020  0.037833 -0.196367 -0.899861
103  0.960770 -0.000006 -0.000005  0.016533 -0.074737 -0.766061
104  3.462027 -0.064246 0.939909  0.315411 -0.069357 0.051287
105  1.497179 -0.000008 0.000021  -0.476027 -0.092019 -0.231432
106  0.793760 0.000003 -0.000002  -0.014199 0.033222 -0.586824
107  0.591663 -0.460691 0.835207  -0.953661 -0.508337 -0.546362
108  1.556142 0.000002 0.000001  -0.179121 0.120682 0.435759
109  1.135903 0.000018 0.000007  -0.007773 -0.026601 0.298410
110  3.084269 -0.668822 -1.257086  -0.569597 0.150463 -0.770674
111  1.064207 -0.000005 0.000004  -0.081418 0.129458 -1.523264
112  0.640339 0.000008 -0.000006  -0.042708 0.080083 -1.183453
113  3.396822 -0.242139 -0.708691  -0.277279 0.186930 -0.370206
114  1.532972 0.000006 0.000005  0.022375 -0.009379 -1.293656
115  0.832973 -0.000004 -0.000001  0.010640 0.001689 -1.299716
116  4.209941 -0.440342 -1.019279  1.537200 1.988302 -0.210817
117  4.266745 1.424945 0.424939  1.504183 -0.407458 -0.655626
118  9.398564 0.011951 -0.082517  -0.031922 0.068932 -0.768573
119  10.242442 0.028177 -0.062909  -1.845374 0.119686 0.077368
120  3.465748 -0.067524 0.002268  -0.146662 0.144439 -1.482377
121  1.655557 0.000006 0.000005  -0.164156 0.184463 -1.166697
122  0.960907 0.000006 -0.000000  -0.018935 0.176620 -0.890997
123  3.466856 -0.077781 -0.920910  -0.345906 0.021130 -1.405113
124  1.497265 -0.000034 -0.000023  -0.569246 0.313524 -0.986932
125  0.793789 -0.000004 0.000001  -0.224980 0.388706 -0.772651
126  0.595078 -0.467150 -0.829175  2.496989 0.699763 -0.529555
127  1.555681 0.000017 -0.000003  0.444198 0.348312 0.809838
128  1.136816 -0.000009 -0.000003  0.424998 0.399059 0.906783
129  3.075973 -0.667964 1.277701  0.301081 0.277000 -1.620654
130  1.064593 0.000014 0.000013  0.046915 -0.125236 -1.038822
131  0.640362 -0.000014 -0.000003  -0.104291 -0.023771 -0.471513
132  3.392410 -0.245366 0.728376  0.063844 0.192823 -1.598641
133  1.532739 -0.000006 0.000001  -0.000848 0.025484 -1.121846
134  0.833149 0.000012 0.000005  -0.082769 -0.069998 -1.040855
135  3.590112 -3.090295 1.193972  1.635457 1.210566 1.548541
136  3.589552 -3.089880 -1.196372  -1.505736 1.210473 -1.592853
137  -0.436565 4.719026 -0.001076  -0.000709 -1.570733 1.692444
138  -0.000000 2.775456 -0.000238  -0.135089 0.000001 -0.000000
139  0.000001 3.189768 0.000008  0.207820 0.000000 0.000000
140  -0.000001 3.504649 0.000046  -0.261876 -0.000000 -0.000000
141  0.000000 2.863202 -0.000002  -0.051268 0.000000 -0.000000
time 42
0  -0.063963 0.038646 36.760811  1.570862 0.000000 -0.000000
1  0.002636 43.025146 0.734438  0.062407 -0.757589 -0.163980
2  3.061858 -4.181012 -0.610804  -1.425718 -0.401923 -1.150936
3  18.476772 0.000158 -0.000000  -0.006411 -0.072192 0.930097
4  17.490088 0.000117 0.000004  -0.112269 0.363170 -1.564276
5  -3.065329 -4.183578 -0.611480  -1.591947 -0.205976 -1.694046
6  18.474857 -0.000033 -0.000009  0.004818 0.069125 0.888663
7  17.489584 0.001916 -0.000005  0.215593 -0.005913 -1.613846
8  -0.000117 -0.048880 -0.576226  1.400008 0.269463 1.576041
9  3.224483 0.767047 0.000495  0.097323 0.033057 0.212892
10  3.223907 0.226399 -0.001945  -0.175962 -0.061224 0.264390
11  5.187317 -1.262560 -0.001178  0.000012 0.000066 0.194111
12  6.928408 -1.935313 -0.000227  3.133025 -0.020148 0.322000
13  3.236369 1.079607 0.000056  0.792208 0.274491 0.147254
14 0.833755 3.805353 0.692955  -0.040491 0.554885 1.469871
15 0.000049 6.792204 0.000039  0.007990 0.036070 -0.011406
16 -0.000068 7.744817 0.000017  -0.017441 -0.155305 0.068150
17 0.000069 7.809700 0.000017  -0.033637 0.005026 0.006142
18 -0.000025 7.867676 0.000019  -0.073329 -0.127909 0.026375
19 3.494699 -1.749089 -3.006912  0.152547 2.070419 1.936945
20 0.000118 4.478323 0.000017  -0.194658 0.310431 -0.234995
21 0.000049 4.636110 -0.000029  0.035821 0.324592 -0.151768
22 -0.000043 5.008652 0.000012  0.075999 -0.286564 0.276091
23 0.000064 4.781164 0.000011  0.904399 -2.690903 -0.015798
24 2.253036 1.989063 -3.350106  -1.523631 1.324497 0.112400
25 0.000160 6.589460 0.000173  0.206354 -0.002129 -0.080395
26 0.000043 7.491420 0.000040  -0.333512 0.184455 -0.191166
27 0.000027 7.660300 -0.000058  -0.063175 0.127194 -0.062118
28 0.000007 7.256266 0.000021  -0.052939 -0.487829 0.313813
29 -0.791161 2.265123 -1.234655  -0.753899 1.136377 0.824672
30 -0.000260 8.572267 -0.000091  -0.222843 -0.296789 0.176504
31 -0.000096 8.117216 0.000047  0.072255 0.772520 -0.285589
32 -0.000081 8.230029 -0.000068  -0.080491 -0.347232 0.072254
33 0.000058 7.366725 0.000052  -0.015395 -0.663891 0.062742
34 0.224212 0.240128 -3.218158  -0.877381 1.468889 0.577825
35 -0.000101 7.721057 -0.000314  -0.283829 0.060497 -0.167556
36 -0.000030 7.374850 -0.000002  0.007536 -0.195022 0.049540
37 0.000074 6.848102 0.000007  0.005484 0.006496 -0.033649
38 -0.000054 7.777872 0.000009  -0.186097 0.182474 -0.152847
39 -1.514468 2.104650 -1.150167  -0.029092 0.541320 1.555677
40 -0.000168 6.982347 -0.000077  -0.199699 -0.041213 0.153490
41 0.000041 8.382865 -0.000072  0.044866 0.587987 -0.257961
42 0.000012 8.697711 -0.000026  -0.102637 -0.474319 0.290944
43 0.000055 8.921804 -0.000003  -0.076258 0.581004 -0.195605
44 1.196186 2.899154 -2.353086  -0.449719 1.030105 1.287427
45 0.000105 5.476939 0.000005  0.285574 -0.099352 -0.038446
46 -0.000075 6.060445 -0.000095  -0.155020 -0.575032 0.384610
47 0.000015 5.994262 0.000029  0.033940 0.288575 -0.067729
48 -0.000006 6.100487 0.000003  -0.068405 0.299273 -0.162153
49 0.000032 6.916760 0.000008  -0.096317 0.220533 -0.107966
50 0.000149 6.435059 -0.000044  -0.037459 0.171630 -0.116572
51 1.092790 3.649513 -1.738794  -0.148600 0.876612 1.445020
52 -0.000129 6.792200 -0.000103  0.008285 0.107792 -0.048643
53 -0.000088 7.744781 -0.000034  0.057137 -0.256893 0.015458
54 0.000083 9.115019 -0.000039  -0.020393 0.256253 -0.142636
55 3.494517 -1.749100 3.007064  0.118402 1.106974 1.813810
56 0.000015 4.323837 0.000088  -0.229909 -0.770942 0.449225
57 0.000028 4.872903 -0.000023  0.367244 -0.664052 -0.254033
58 0.000005 5.056655 0.000092  -0.511236 0.856586 -0.546324
59 2.292462 1.708619 3.661675  -1.762558 1.789110 -0.218972
60 -0.000174 6.589435 0.000268  -0.007132 -0.169123 0.176909
61 0.000171 7.491494 -0.000154  -0.132413 -0.107098 0.179328
62 -0.000139 8.249660 0.000142  0.041912 -0.058209 0.015814
63 0.000072 8.605236 -0.000026  0.101585 0.501824 -0.079697
64 -0.240492 2.066073 2.349267  -0.357331 2.461714 1.296080
65 -0.000082 7.721110 -0.000003  -0.208230 -0.126223 -0.116496
66 -0.000122 7.374869 -0.000047  -0.111018 0.046939 -0.046463
67 -0.000035 6.848060 -0.000027  0.273532 0.247523 0.299908
68 0.000034 7.777824 -0.000044  0.072921 0.186148 -0.052688
69 -0.000086 8.178052 0.000011  -0.087029 -0.422849 -0.381360
70 1.617601 3.431415 2.399266  -0.249454 2.569515 1.508571
71 -0.000167 5.476944 -0.000029  0.057729 0.074072 0.060285
72 -0.000094 6.060497 -0.000006  -0.015204 0.015650 -0.152065
73 0.000028 5.994255 0.000011  -0.126212 -0.157657 0.153302
74 -0.000080 7.076877 -0.000046  -0.008117 0.010385 0.036400
75 0.000006 7.089869 -0.000071  0.070875 0.098587 -0.025893
76 0.361109 0.886684 3.287746  -0.576373 1.978709 0.939011
77 -0.000065 6.686645 0.000223  -0.146568 0.414164 -0.327707
78 -0.000011 7.638015 0.000013  -0.079524 -0.025948 0.130956
79 -0.000031 7.290228 -0.000019  0.025325 -0.093908 0.023963
80 -0.000033 6.530373 0.000007  -0.261847 -0.300601 0.006734
81 0.000063 7.224882 0.000005  0.036506 0.032481 -0.175824
82 1.071894 3.225800 1.570115  -0.043806 2.859975 1.526247
83 0.000414 6.748898 -0.000065  -0.062702 0.083784 0.022202
84 -0.000046 8.002646 0.000026  -0.067496 -0.117209 -0.115599
85 0.000012 8.580572 -0.000098  0.088213 -0.007187 0.334604
86 0.000168 8.689829 -0.000041  0.065327 -0.412430 -0.134518
87 -1.514545 2.104638 0.318055  -0.024895 3.094490 1.569496
88 0.000193 6.982283 0.000011  -0.107589 -0.057624 -0.215715
89 -0.000008 8.382873 -0.000067  0.135031 -0.099914 0.287073
90 -0.000058 8.697672 0.000023  -0.148091 -0.510100 0.044839
91 -0.000133 8.921824 0.000080  -0.236826 -0.892635 0.098804
92 3.553612 -3.478043 2.409277  0.000820 0.762046 1.535309
93 -0.000003 4.476908 -0.000008  -0.151004 -0.588331 0.377259
94 0.000032 4.514120 -0.000024  -0.228867 -2.996200 0.592368
95 0.000044 4.518385 -0.000024  0.143171 2.612778 0.693385
96 0.000021 3.598325 0.000023  -0.749301 0.869853 -0.773231
97  4.209923 -0.440346 1.018824  -1.589925 -1.842705 -0.161613
98  4.265505 1.434228 -0.404992  -1.642841 0.457520 -0.672952
99  9.400236 0.017944 0.083200  0.068737 -0.066486 -1.276599
100  10.242416 0.033592 0.064477  1.751644 -0.658552 -0.041601
101  3.465853 -0.059675 0.016693  -0.016668 0.109402 0.040575
102  1.655596 -0.000020 0.000022  0.037139 -0.195857 -0.895637
103  0.960775 -0.000004 -0.000009  0.015929 -0.074113 -0.761443
104  3.462026 -0.064244 0.939907  0.315233 -0.068619 0.059552
105  1.497176 -0.000006 0.000021  -0.478267 -0.073267 -0.187401
106  0.793761 0.000001 -0.000003  -0.011432 0.029310 -0.538315
107  0.591661 -0.460687 0.835207  -0.976812 -0.410411 -0.511406
108  1.556139 0.000003 0.000006  -0.194821 0.064269 0.313124
109  1.135904 0.000018 0.000008  -0.000256 0.003864 0.367456
110  3.084269 -0.668821 -1.257088  -0.568390 0.146146 -0.776729
111  1.064205 -0.000001 0.000006  -0.086921 0.128546 -1.574965
112  0.640339 0.000003 -0.000009  -0.041256 0.076155 -1.238781
113  3.396822 -0.242134 -0.708690  -0.277169 0.183866 -0.377503
114  1.532967 0.000004 0.000008  0.022565 -0.010314 -1.323809
115  0.832973 -0.000005 -0.000002  0.013616 -0.001191 -1.330851
116  4.209942 -0.440343 -1.019279  1.557923 2.003358 -0.191964
117  4.266746 1.424941 0.424938  1.472946 -0.376375 -0.636860
118  9.398564 0.011946 -0.082516  -0.029741 0.068340 -0.739429
119  10.242438 0.028177 -0.062911  -1.849360 0.113401 0.104395
120  3.465752 -0.067531 0.002267  -0.146662 0.144439 -1.482378
121  1.655559 0.000001 0.000007  -0.164156 0.184463 -1.166697
122  0.960907 -0.000001 0.000002  -0.018935 0.176620 -0.890998
123  3.466857 -0.077785 -0.920910  -0.345906 0.021130 -1.405113
124  1.497255 -0.000034 -0.000023  -0.569246 0.313524 -0.986932
125  0.793789 -0.000010 -0.000000  -0.224980 0.388706 -0.772651
126  0.595081 -0.467154 -0.829177  2.496989 0.699763 -0.529555
127  1.555673 0.000016 -0.000002  0.444198 0.348312 0.809838
128  1.136812 -0.000007 -0.000001  0.424998 0.399059 0.906783
129  3.075976 -0.667971 1.277699  0.301081 0.277000 -1.620654
130  1.064589 0.000013 0.000012  0.046915 -0.125236 -1.038822
131  0.640363 -0.000016 -0.000002  -0.104291 -0.023771 -0.471513
132  3.392415 -0.245371 0.728376  0.063844 0.192823 -1.598641
133  1.532740 -0.000007 -0.000003  -0.000848 0.025484 -1.121846
134  0.833148 0.000006 0.000006  -0.082769 -0.069998 -1.040855
135  3.590105 -3.090295 1.193972  1.635457 1.210566 1.548541
136  3.589556 -3.089880 -1.196373  -1.505736 1.210473 -1.592853
137  -0.436567 4.719026 -0.001077  -0.000590 -1.570733 1.692822
138  0.000000 2.775455 -0.000237  -0.135089 0.000001 -0.000000
139  0.000000 3.189763 0.000008  0.207820 0.000000 0.000000
140  -0.000000 3.504653 0.000043  -0.261876 -0.000000 -0.000000
141  -0.000000 2.863195 -0.000002  -0.051268 -0.000000 -0.000000
time 43
0  -0.320887 0.275479 37.116730  1.570862 0.000000 -0.000000
1  0.002636 43.025146 0.734438  0.075248 -0.766662 -0.173936
2  3.061858 -4.181010 -0.610804  -1.427389 -0.374109 -1.131556
3  18.476774 0.000159 -0.000002  -0.004280 -0.067763 0.870015
4  17.490088 0.000117 0.000004  -0.121941 0.358074 -1.537978
5  -3.065329 -4.183577 -0.611479  -1.579316 -0.197566 -1.682885
6  18.474859 -0.000032 -0.000008  0.003534 0.066222 0.849848
7  17.489582 0.001915 -0.000007  0.193648 -0.018397 -1.590672
8  -0.000117 -0.048883 -0.576226  1.410340 0.273691 1.576934
9  3.224483 0.767045 0.000495  0.110956 0.030401 0.207307
10  3.223905 0.226399 -0.001945  -0.166960 -0.064278 0.259724
11  5.187315 -1.262559 -0.001177  0.000012 0.000066 0.194111
12  6.928405 -1.935313 -0.000226  3.127277 -0.028299 0.319175
13  3.236367 1.079616 0.000058  0.806473 0.257805 0.166036
14 0.833755 3.805353 0.692955  -0.040491 0.554885 1.469871
15 0.000049 6.792204 0.000039  0.007990 0.036070 -0.011406
16 -0.000068 7.744817 0.000017  -0.017441 -0.155305 0.068150
17 0.000069 7.809700 0.000017  -0.033637 0.005026 0.006142
18 -0.000025 7.867676 0.000019  -0.073329 -0.127909 0.026375
19 3.494699 -1.749089 -3.006912  0.152547 2.070419 1.936945
20 0.000118 4.478323 0.000017  -0.194658 0.310431 -0.234995
21 0.000049 4.636110 -0.000029  0.035821 0.324592 -0.151768
22 -0.000043 5.008652 0.000012  0.075999 -0.286564 0.276091
23 0.000064 4.781164 0.000011  0.904399 -2.690903 -0.015798
24 2.253036 1.989063 -3.350106  -1.523631 1.324497 0.112400
25 0.000160 6.589460 0.000173  0.206354 -0.002129 -0.080395
26 0.000043 7.491420 0.000040  -0.333512 0.184455 -0.191166
27 0.000027 7.660300 -0.000058  -0.063175 0.127194 -0.062118
28 0.000007 7.256266 0.000021  -0.052939 -0.487829 0.313813
29 -0.791161 2.265123 -1.234655  -0.753899 1.136377 0.824672
30 -0.000260 8.572267 -0.000091  -0.222843 -0.296789 0.176504
31 -0.000096 8.117216 0.000047  0.072255 0.772520 -0.285589
32 -0.000081 8.230029 -0.000068  -0.080491 -0.347232 0.072254
33 0.000058 7.366725 0.000052  -0.015395 -0.663891 0.062742
34 0.224212 0.240128 -3.218158  -0.877381 1.468889 0.577825
35 -0.000101 7.721057 -0.000314  -0.283829 0.060497 -0.167556
36 -0.000030 7.374850 -0.000002  0.007536 -0.195022 0.049540
37 0.000074 6.848102 0.000007  0.005484 0.006496 -0.033649
38 -0.000054 7.777872 0.000009  -0.186097 0.182474 -0.152847
39 -1.514468 2.104650 -1.150167  -0.029092 0.541320 1.555677
40 -0.000168 6.982347 -0.000077  -0.199699 -0.041213 0.153490
41 0.000041 8.382865 -0.000072  0.044866 0.587987 -0.257961
42 0.000012 8.697711 -0.000026  -0.102637 -0.474319 0.290944
43 0.000055 8.921804 -0.000003  -0.076258 0.581004 -0.195605
44 1.196186 2.899154 -2.353086  -0.449719 1.030105 1.287427
45 0.000105 5.476939 0.000005  0.285574 -0.099352 -0.038446
46 -0.000075 6.060445 -0.000095  -0.155020 -0.575032 0.384610
47 0.000015 5.994262 0.000029  0.033940 0.288575 -0.067729
48 -0.000006 6.100487 0.000003  -0.068405 0.299273 -0.162153
49 0.000032 6.916760 0.000008  -0.096317 0.220533 -0.107966
50 0.000149 6.435059 -0.000044  -0.037459 0.171630 -0.116572
51 1.092790 3.649513 -1.738794  -0.148600 0.876612 1.445020
52 -0.000129 6.792200 -0.000103  0.008285 0.107792 -0.048643
53 -0.000088 7.744781 -0.000034  0.057137 -0.256893 0.015458
54 0.000083 9.115019 -0.000039  -0.020393 0.256253 -0.142636
55 3.494517 -1.749100 3.007064  0.118402 1.106974 1.813810
56 0.000015 4.323837 0.000088  -0.229909 -0.770942 0.449225
57 0.000028 4.872903 -0.000023  0.367244 -0.664052 -0.254033
58 0.000005 5.056655 0.000092  -0.511236 0.856586 -0.546324
59 2.292462 1.708619 3.661675  -1.762558 1.789110 -0.218972
60 -0.000174 6.589435 0.000268  -0.007132 -0.169123 0.176909
61 0.000171 7.491494 -0.000154  -0.132413 -0.107098 0.179328
62 -0.000139 8.249660 0.000142  0.041912 -0.058209 0.015814
63 0.000072 8.605236 -0.000026  0.101585 0.501824 -0.079697
64 -0.240492 2.066073 2.349267  -0.357331 2.461714 1.296080
65 -0.000082 7.721110 -0.000003  -0.208230 -0.126223 -0.116496
66 -0.000122 7.374869 -0.000047  -0.111018 0.046939 -0.046463
67 -0.000035 6.848060 -0.000027  0.273532 0.247523 0.299908
68 0.000034 7.777824 -0.000044  0.072921 0.186148 -0.052688
69 -0.000086 8.178052 0.000011  -0.087029 -0.422849 -0.381360
70 1.617601 3.431415 2.399266  -0.249454 2.569515 1.508571
71 -0.000167 5.476944 -0.000029  0.057729 0.074072 0.060285
72 -0.000094 6.060497 -0.000006  -0.015204 0.015650 -0.152065
73 0.000028 5.994255 0.000011  -0.126212 -0.157657 0.153302
74 -0.000080 7.076877 -0.000046  -0.008117 0.010385 0.036400
75 0.000006 7.089869 -0.000071  0.070875 0.098587 -0.025893
76 0.361109 0.886684 3.287746  -0.576373 1.978709 0.939011
77 -0.000065 6.686645 0.000223  -0.146568 0.414164 -0.327707
78 -0.000011 7.638015 0.000013  -0.079524 -0.025948 0.130956
79 -0.000031 7.290228 -0.000019  0.025325 -0.093908 0.023963
80 -0.000033 6.530373 0.000007  -0.261847 -0.300601 0.006734
81 0.000063 7.224882 0.000005  0.036506 0.032481 -0.175824
82 1.071894 3.225800 1.570115  -0.043806 2.859975 1.526247
83 0.000414 6.748898 -0.000065  -0.062702 0.083784 0.022202
84 -0.000046 8.002646 0.000026  -0.067496 -0.117209 -0.115599
85 0.000012 8.580572 -0.000098  0.088213 -0.007187 0.334604
86 0.000168 8.689829 -0.000041  0.065327 -0.412430 -0.134518
87 -1.514545 2.104638 0.318055  -0.024895 3.094490 1.569496
88 0.000193 6.982283 0.000011  -0.107589 -0.057624 -0.215715
89 -0.000008 8.382873 -0.000067  0.135031 -0.099914 0.287073
90 -0.000058 8.697672 0.000023  -0.148091 -0.510100 0.044839
91 -0.000133 8.921824 0.000080  -0.236826 -0.892635 0.098804
92 3.553612 -3.478043 2.409277  0.000820 0.762046 1.535309
93 -0.000003 4.476908 -0.000008  -0.151004 -0.588331 0.377259
94 0.000032 4.514120 -0.000024  -0.228867 -2.996200 0.592368
95 0.000044 4.518385 -0.000024  0.143171 2.612778 0.693385
96 0.000021 3.598325 0.000023  -0.749301 0.869853 -0.773231
97  4.209917 -0.440347 1.018824  -1.595740 -1.842151 -0.156002
98  4.265506 1.434236 -0.404991  -1.615718 0.458674 -0.640036
99  9.400235 0.017942 0.083203  0.069585 -0.066241 -1.288265
100  10.242419 0.033590 0.064481  1.761627 -0.652952 -0.049206
101  3.465857 -0.059687 0.016690  -0.016840 0.105345 0.022965
102  1.655596 -0.000027 0.000022  0.036508 -0.195377 -0.891718
103  0.960768 0.000002 -0.000007  0.015357 -0.073530 -0.757093
104  3.462029 -0.064254 0.939906  0.315109 -0.068829 0.054831
105  1.497179 -0.000008 0.000020  -0.479298 -0.061034 -0.158804
106  0.793759 0.000005 -0.000001  -0.009808 0.026667 -0.506709
107  0.591663 -0.460700 0.835204  -0.985536 -0.396380 -0.498866
108  1.556140 0.000001 0.000002  -0.193689 0.068876 0.322944
109  1.135903 0.000018 0.000006  -0.000695 0.006822 0.362889
110  3.084270 -0.668828 -1.257087  -0.567510 0.142727 -0.781650
111  1.064205 -0.000001 0.000008  -0.091539 0.127552 -1.618335
112  0.640339 0.000004 -0.000007  -0.039811 0.072988 -1.285522
113  3.396821 -0.242144 -0.708692  -0.277120 0.179334 -0.388319
114  1.532968 0.000004 0.000008  0.022954 -0.011889 -1.374725
115  0.832973 -0.000003 -0.000001  0.019181 -0.005871 -1.383271
116  4.209937 -0.440344 -1.019278  1.576277 2.018907 -0.174957
117  4.266745 1.424946 0.424937  1.444355 -0.330876 -0.620146
118  9.398572 0.011950 -0.082517  -0.026483 0.067327 -0.695446
119  10.242439 0.028176 -0.062918  -1.852240 0.103032 0.126097
120  3.465748 -0.067527 0.002268  -0.146662 0.144439 -1.482378
121  1.655561 0.000005 0.000006  -0.164156 0.184463 -1.166697
122  0.960907 0.000004 -0.000000  -0.018935 0.176620 -0.890998
123  3.466857 -0.077783 -0.920909  -0.345906 0.021130 -1.405113
124  1.497265 -0.000032 -0.000021  -0.569246 0.313524 -0.986932
125  0.793789 -0.000009 0.000001  -0.224980 0.388706 -0.772651
126  0.595081 -0.467151 -0.829177  2.496989 0.699763 -0.529555
127  1.555673 0.000017 -0.000004  0.444198 0.348312 0.809838
128  1.136811 -0.000007 -0.000001  0.424998 0.399059 0.906783
129  3.075975 -0.667968 1.277701  0.301081 0.277000 -1.620654
130  1.064590 0.000018 0.000011  0.046915 -0.125236 -1.038822
131  0.640363 -0.000015 -0.000003  -0.104291 -0.023771 -0.471513
132  3.392413 -0.245368 0.728376  0.063844 0.192823 -1.598641
133  1.532734 -0.000006 0.000001  -0.000848 0.025484 -1.121846
134  0.833152 0.000010 0.000005  -0.082769 -0.069998 -1.040855
135  3.590103 -3.090294 1.193972  1.635457 1.210566 1.548541
136  3.589549 -3.089879 -1.196373  -1.505736 1.210473 -1.592853
137  -0.436567 4.719027 -0.001075  -0.000591 -1.570733 1.693149
138  0.000000 2.775462 -0.000236  -0.135089 0.000001 -0.000000
139  0.000001 3.189772 0.000008  0.207820 0.000000 0.000000
140  -0.000001 3.504650 0.000046  -0.261876 0.000000 -0.000000
141  0.000000 2.863199 -0.000003  -0.051268 -0.000000 -0.000000
time 44
0  -0.546495 0.468403 37.467175  1.570862 0.000000 -0.000000
1  0.002636 43.025146 0.734438  0.087598 -0.775058 -0.184360
2  3.061857 -4.181011 -0.610804  -1.428861 -0.345358 -1.113735
3  18.476774 0.000160 0.000001  -0.002409 -0.063184 0.809560
4  17.490088 0.000116 0.000005  -0.128957 0.352562 -1.509898
5  -3.065329 -4.183576 -0.611480  -1.566333 -0.185501 -1.673127
6  18.474857 -0.000034 -0.000006  0.002246 0.062953 0.806896
7  17.489584 0.001916 -0.000006  0.173175 -0.032031 -1.566512
8  -0.000117 -0.048879 -0.576226  1.419933 0.277237 1.577759
9  3.224491 0.767047 0.000496  0.123704 0.027890 0.202660
10  3.223908 0.226399 -0.001944  -0.158574 -0.067130 0.255781
11  5.187319 -1.262559 -0.001177  0.000012 0.000066 0.194111
12  6.928411 -1.935312 -0.000227  3.122145 -0.035882 0.315768
13  3.236367 1.079614 0.000055  0.821048 0.238885 0.185370
14 0.833755 3.805353 0.692955  -0.040491 0.554885 1.469871
15 0.000049 6.792204 0.000039  0.007990 0.036070 -0.011406
16 -0.000068 7.744817 0.000017  -0.017441 -0.155305 0.068150
17 0.000069 7.809700 0.000017  -0.033637 0.005026 0.006142
18 -0.000025 7.867676 0.000019  -0.073329 -0.127909 0.026375
19 3.494699 -1.749089 -3.006912  0.152547 2.070419 1.936945
20 0.000118 4.478323 0.000017  -0.194658 0.310431 -0.234995
21 0.000049 4.636110 -0.000029  0.035821 0.324592 -0.151768
22 -0.000043 5.008652 0.000012  0.075999 -0.286564 0.276091
23 0.000064 4.781164 0.000011  0.904399 -2.690903 -0.015798
24 2.253036 1.989063 -3.350106  -1.523631 1.324497 0.112400
25 0.000160 6.589460 0.000173  0.206354 -0.002129 -0.080395
26 0.000043 7.491420 0.000040  -0.333512 0.184455 -0.191166
27 0.000027 7.660300 -0.000058  -0.063175 0.127194 -0.062118
28 0.000007 7.256266 0.000021  -0.052939 -0.487829 0.313813
29 -0.791161 2.265123 -1.234655  -0.753899 1.136377 0.824672
30 -0.000260 8.572267 -0.000091  -0.222843 -0.296789 0.176504
31 -0.000096 8.117216 0.000047  0.072255 0.772520 -0.285589
32 -0.000081 8.230029 -0.000068  -0.080491 -0.347232 0.072254
33 0.000058 7.366725 0.000052  -0.015395 -0.663891 0.062742
34 0.224212 0.240128 -3.218158  -0.877381 1.468889 0.577825
35 -0.000101 7.721057 -0.000314  -0.283829 0.060497 -0.167556
36 -0.000030 7.374850 -0.000002  0.007536 -0.195022 0.049540
37 0.000074 6.848102 0.000007  0.005484 0.006496 -0.033649
38 -0.000054 7.777872 0.000009  -0.186097 0.182474 -0.152847
39 -1.514468 2.104650 -1.150167  -0.029092 0.541320 1.555677
40 -0.000168 6.982347 -0.000077  -0.199699 -0.041213 0.153490
41 0.000041 8.382865 -0.000072  0.044866 0.587987 -0.257961
42 0.000012 8.697711 -0.000026  -0.102637 -0.474319 0.290944
43 0.000055 8.921804 -0.000003  -0.076258 0.581004 -0.195605
44 1.196186 2.899154 -2.353086  -0.449719 1.030105 1.287427
45 0.000105 5.476939 0.000005  0.285574 -0.099352 -0.038446
46 -0.000075 6.060445 -0.000095  -0.155020 -0.575032 0.384610
47 0.000015 5.994262 0.000029  0.033940 0.288575 -0.067729
48 -0.000006 6.100487 0.000003  -0.068405 0.299273 -0.162153
49 0.000032 6.916760 0.000008  -0.096317 0.220533 -0.107966
50 0.000149 6.435059 -0.000044  -0.037459 0.171630 -0.116572
51 1.092790 3.649513 -1.738794  -0.148600 0.876612 1.445020
52 -0.000129 6.792200 -0.000103  0.008285 0.107792 -0.048643
53 -0.000088 7.744781 -0.000034  0.057137 -0.256893 0.015458
54 0.000083 9.115019 -0.000039  -0.020393 0.256253 -0.142636
55 3.494517 -1.749100 3.007064  0.118402 1.106974 1.813810
56 0.000015 4.323837 0.000088  -0.229909 -0.770942 0.449225
57 0.000028 4.872903 -0.000023  0.367244 -0.664052 -0.254033
58 0.000005 5.056655 0.000092  -0.511236 0.856586 -0.546324
59 2.292462 1.708619 3.661675  -1.762558 1.789110 -0.218972
60 -0.000174 6.589435 0.000268  -0.007132 -0.169123 0.176909
61 0.000171 7.491494 -0.000154  -0.132413 -0.107098 0.179328
62 -0.000139 8.249660 0.000142  0.041912 -0.058209 0.015814
63 0.000072 8.605236 -0.000026  0.101585 0.501824 -0.079697
64 -0.240492 2.066073 2.349267  -0.357331 2.461714 1.296080
65 -0.000082 7.721110 -0.000003  -0.208230 -0.126223 -0.116496
66 -0.000122 7.374869 -0.000047  -0.111018 0.046939 -0.046463
67 -0.000035 6.848060 -0.000027  0.273532 0.247523 0.299908
68 0.000034 7.777824 -0.000044  0.072921 0.186148 -0.052688
69 -0.000086 8.178052 0.000011  -0.087029 -0.422849 -0.381360
70 1.617601 3.431415 2.399266  -0.249454 2.569515 1.508571
71 -0.000167 5.476944 -0.000029  0.057729 0.074072 0.060285
72 -0.000094 6.060497 -0.000006  -0.015204 0.015650 -0.152065
73 0.000028 5.994255 0.000011  -0.126212 -0.157657 0.153302
74 -0.000080 7.076877 -0.000046  -0.008117 0.010385 0.036400
75 0.000006 7.089869 -0.000071  0.070875 0.098587 -0.025893
76 0.361109 0.886684 3.287746  -0.576373 1.978709 0.939011
77 -0.000065 6.686645 0.000223  -0.146568 0.414164 -0.327707
78 -0.000011 7.638015 0.000013  -0.079524 -0.025948 0.130956
79 -0.000031 7.290228 -0.000019  0.025325 -0.093908 0.023963
80 -0.000033 6.530373 0.000007  -0.261847 -0.300601 0.006734
81 0.000063 7.224882 0.000005  0.036506 0.032481 -0.175824
82 1.071894 3.225800 1.570115  -0.043806 2.859975 1.526247
83 0.000414 6.748898 -0.000065  -0.062702 0.083784 0.022202
84 -0.000046 8.002646 0.000026  -0.067496 -0.117209 -0.115599
85 0.000012 8.580572 -0.000098  0.088213 -0.007187 0.334604
86 0.000168 8.689829 -0.000041  0.065327 -0.412430 -0.134518
87 -1.514545 2.104638 0.318055  -0.024895 3.094490 1.569496
88 0.000193 6.982283 0.000011  -0.107589 -0.057624 -0.215715
89 -0.000008 8.382873 -0.000067  0.135031 -0.099914 0.287073
90 -0.000058 8.697672 0.000023  -0.148091 -0.510100 0.044839
91 -0.000133 8.921824 0.000080  -0.236826 -0.892635 0.098804
92 3.553612 -3.478043 2.409277  0.000820 0.762046 1.535309
93 -0.000003 4.476908 -0.000008  -0.151004 -0.588331 0.377259
94 0.000032 4.514120 -0.000024  -0.228867 -2.996200 0.592368
95 0.000044 4.518385 -0.000024  0.143171 2.612778 0.693385
96 0.000021 3.598325 0.000023  -0.749301 0.869853 -0.773231
97  4.209918 -0.440346 1.018824  -1.599648 -1.841514 -0.152263
98  4.265505 1.434230 -0.404992  -1.596846 0.458457 -0.611317
99  9.400236 0.017942 0.083197  0.070266 -0.066037 -1.297652
100  10.242419 0.033588 0.064479  1.769365 -0.645875 -0.055105
101  3.465855 -0.059677 0.016693  -0.016975 0.099815 -0.000368
102  1.655593 -0.000017 0.000024  0.036070 -0.195035 -0.888935
103  0.960765 0.000002 -0.000006  0.014982 -0.073116 -0.753997
104  3.462028 -0.064245 0.939907  0.315047 -0.069325 0.045265
105  1.497179 -0.000005 0.000021  -0.479829 -0.051939 -0.137492
106  0.793759 0.000004 -0.000001  -0.008588 0.024670 -0.483021
107  0.591661 -0.460690 0.835207  -0.991816 -0.410597 -0.491000
108  1.556139 0.000002 0.000000  -0.187463 0.093121 0.374967
109  1.135904 0.000018 0.000006  -0.003889 0.001235 0.334444
110  3.084270 -0.668821 -1.257086  -0.566741 0.139694 -0.786043
111  1.064200 -0.000004 0.000009  -0.095785 0.126400 -1.658606
112  0.640338 0.000006 -0.000009  -0.038246 0.069954 -1.329219
113  3.396822 -0.242135 -0.708689  -0.277072 0.174303 -0.400347
114  1.532967 0.000015 0.000006  0.023399 -0.013716 -1.433575
115  0.832971 -0.000004 -0.000001  0.026054 -0.010954 -1.444077
116  4.209942 -0.440341 -1.019278  1.588583 2.032846 -0.164347
117  4.266747 1.424938 0.424937  1.422772 -0.283394 -0.606603
118  9.398571 0.011951 -0.082522  -0.022546 0.065888 -0.641394
119  10.242440 0.028177 -0.062912  -1.855297 0.088439 0.135867
120  3.465749 -0.067528 0.002268  -0.146662 0.144439 -1.482378
121  1.655559 0.000005 0.000006  -0.164156 0.184463 -1.166697
122  0.960908 -0.000002 0.000000  -0.018935 0.176620 -0.890998
123  3.466856 -0.077783 -0.920909  -0.345906 0.021130 -1.405113
124  1.497259 -0.000032 -0.000022  -0.569246 0.313524 -0.986932
125  0.793789 -0.000003 0.000000  -0.224980 0.388706 -0.772651
126  0.595079 -0.467152 -0.829175  2.496989 0.699763 -0.529555
127  1.555675 0.000018 -0.000002  0.444198 0.348312 0.809838
128  1.136815 -0.000010 -0.000002  0.424998 0.399059 0.906783
129  3.075975 -0.667969 1.277701  0.301081 0.277000 -1.620654
130  1.064596 0.000021 0.000010  0.046915 -0.125236 -1.038822
131  0.640361 -0.000023 -0.000003  -0.104291 -0.023771 -0.471513
132  3.392411 -0.245368 0.728377  0.063844 0.192823 -1.598641
133  1.532736 -0.000004 -0.000002  -0.000848 0.025485 -1.121846
134  0.833148 0.000003 0.000005  -0.082769 -0.069998 -1.040855
135  3.590108 -3.090294 1.193972  1.635457 1.210566 1.548541
136  3.589555 -3.089880 -1.196372  -1.505736 1.210473 -1.592853
137  -0.436560 4.719025 -0.001076  -0.000827 -1.570733 1.693260
138  -0.000000 2.775452 -0.000236  -0.135089 0.000001 -0.000000
139  0.000000 3.189772 0.000008  0.207820 -0.000000 0.000000
140  -0.000001 3.504648 0.000049  -0.261876 -0.000000 -0.000000
141  0.000000 2.863199 -0.000003  -0.051268 -0.000000 -0.000000
time 45
0  -0.724117 0.561348 37.809299  1.570862 0.000000 -0.000000
1  0.002636 43.025146 0.734438  0.093530 -0.780539 -0.189554
2  3.061858 -4.181013 -0.610804  -1.430279 -0.314702 -1.102557
3  18.476772 0.000158 -0.000000  -0.000825 -0.058521 0.749406
4  17.490086 0.000117 0.000006  -0.131111 0.348927 -1.481614
5  -3.065330 -4.183577 -0.611480  -1.553254 -0.166579 -1.669521
6  18.474855 -0.000033 -0.000007  0.000986 0.059275 0.759378
7  17.489582 0.001916 -0.000006  0.156159 -0.045440 -1.540701
8  -0.000117 -0.048883 -0.576226  1.425242 0.279100 1.577799
9  3.224485 0.767050 0.000496  0.130629 0.025930 0.200194
10  3.223914 0.226400 -0.001944  -0.154025 -0.069048 0.253674
11  5.187325 -1.262561 -0.001178  0.000012 0.000066 0.194111
12  6.928409 -1.935310 -0.000227  3.118087 -0.041621 0.311861
13  3.236361 1.079612 0.000055  0.842988 0.225295 0.209847
14 0.833755 3.805353 0.692955  -0.040491 0.554885 1.469871
15 0.000049 6.792204 0.000039  0.007990 0.036070 -0.011406
16 -0.000068 7.744817 0.000017  -0.017441 -0.155305 0.068150
17 0.000069 7.809700 0.000017  -0.033637 0.005026 0.006142
18 -0.000025 7.867676 0.000019  -0.073329 -0.127909 0.026375
19 3.494699 -1.749089 -3.006912  0.152547 2.070419 1.936945
20 0.000118 4.478323 0.000017  -0.194658 0.310431 -0.234995
21 0.000049 4.636110 -0.000029  0.035821 0.324592 -0.151768
22 -0.000043 5.008652 0.000012  0.075999 -0.286564 0.276091
23 0.000064 4.781164 0.000011  0.904399 -2.690903 -0.015798
24 2.253036 1.989063 -3.350106  -1.523631 1.324497 0.112400
25 0.000160 6.589460 0.000173  0.206354 -0.002129 -0.080395
26 0.000043 7.491420 0.000040  -0.333512 0.184455 -0.191166
27 0.000027 7.660300 -0.000058  -0.063175 0.127194 -0.062118
28 0.000007 7.256266 0.000021  -0.052939 -0.487829 0.313813
29 -0.791161 2.265123 -1.234655  -0.753899 1.136377 0.824672
30 -0.000260 8.572267 -0.000091  -0.222843 -0.296789 0.176504
31 -0.000096 8.117216 0.000047  0.072255 0.772520 -0.285589
32 -0.000081 8.230029 -0.000068  -0.080491 -0.347232 0.072254
33 0.000058 7.366725 0.000052  -0.015395 -0.663891 0.062742
34 0.224212 0.240128 -3.218158  -0.877381 1.468889 0.577825
35 -0.000101 7.721057 -0.000314  -0.283829 0.060497 -0.167556
36 -0.000030 7.374850 -0.000002  0.007536 -0.195022 0.049540
37 0.000074 6.848102 0.000007  0.005484 0.006496 -0.033649
38 -0.000054 7.777872 0.000009  -0.186097 0.182474 -0.152847
39 -1.514468 2.104650 -1.150167  -0.029092 0.541320 1.555677
40 -0.000168 6.982347 -0.000077  -0.199699 -0.041213 0.153490
41 0.000041 8.382865 -0.000072  0.044866 0.587987 -0.257961
42 0.000012 8.697711 -0.000026  -0.102637 -0.474319 0.290944
43 0.000055 8.921804 -0.000003  -0.076258 0.581004 -0.195605
44 1.196186 2.899154 -2.353086  -0.449719 1.030105 1.287427
45 0.000105 5.476939 0.000005  0.285574 -0.099352 -0.038446
46 -0.000075 6.060445 -0.000095  -0.155020 -0.575032 0.384610
47 0.000015 5.994262 0.000029  0.033940 0.288575 -0.067729
48 -0.000006 6.100487 0.000003  -0.068405 0.299273 -0.162153
49 0.000032 6.916760 0.000008  -0.096317 0.220533 -0.107966
50 0.000149 6.435059 -0.000044  -0.037459 0.171630 -0.116572
51 1.092790 3.649513 -1.738794  -0.148600 0.876612 1.445020
52 -0.000129 6.792200 -0.000103  0.008285 0.107792 -0.048643
53 -0.000088 7.744781 -0.000034  0.057137 -0.256893 0.015458
54 0.000083 9.115019 -0.000039  -0.020393 0.256253 -0.142636
55 3.494517 -1.749100 3.007064  0.118402 1.106974 1.813810
56 0.000015 4.323837 0.000088  -0.229909 -0.770942 0.449225
57 0.000028 4.872903 -0.000023  0.367244 -0.664052 -0.254033
58 0.000005 5.056655 0.000092  -0.511236 0.856586 -0.546324
59 2.292462 1.708619 3.661675  -1.762558 1.789110 -0.218972
60 -0.000174 6.589435 0.000268  -0.007132 -0.169123 0.176909
61 0.000171 7.491494 -0.000154  -0.132413 -0.107098 0.179328
62 -0.000139 8.249660 0.000142  0.041912 -0.058209 0.015814
63 0.000072 8.605236 -0.000026  0.101585 0.501824 -0.079697
64 -0.240492 2.066073 2.349267  -0.357331 2.461714 1.296080
65 -0.000082 7.721110 -0.000003  -0.208230 -0.126223 -0.116496
66 -0.000122 7.374869 -0.000047  -0.111018 0.046939 -0.046463
67 -0.000035 6.848060 -0.000027  0.273532 0.247523 0.299908
68 0.000034 7.777824 -0.000044  0.072921 0.186148 -0.052688
69 -0.000086 8.178052 0.000011  -0.087029 -0.422849 -0.381360
70 1.617601 3.431415 2.399266  -0.249454 2.569515 1.508571
71 -0.000167 5.476944 -0.000029  0.057729 0.074072 0.060285
72 -0.000094 6.060497 -0.000006  -0.015204 0.015650 -0.152065
73 0.000028 5.994255 0.000011  -0.126212 -0.157657 0.153302
74 -0.000080 7.076877 -0.000046  -0.008117 0.010385 0.036400
75 0.000006 7.089869 -0.000071  0.070875 0.098587 -0.025893
76 0.361109 0.886684 3.287746  -0.576373 1.978709 0.939011
77 -0.000065 6.686645 0.000223  -0.146568 0.414164 -0.327707
78 -0.000011 7.638015 0.000013  -0.079524 -0.025948 0.130956
79 -0.000031 7.290228 -0.000019  0.025325 -0.093908 0.023963
80 -0.000033 6.530373 0.000007  -0.261847 -0.300601 0.006734
81 0.000063 7.224882 0.000005  0.036506 0.032481 -0.175824
82 1.071894 3.225800 1.570115  -0.043806 2.859975 1.526247
83 0.000414 6.748898 -0.000065  -0.062702 0.083784 0.022202
84 -0.000046 8.002646 0.000026  -0.067496 -0.117209 -0.115599
85 0.000012 8.580572 -0.000098  0.088213 -0.007187 0.334604
86 0.000168 8.689829 -0.000041  0.065327 -0.412430 -0.134518
87 -1.514545 2.104638 0.318055  -0.024895 3.094490 1.569496
88 0.000193 6.982283 0.000011  -0.107589 -0.057624 -0.215715
89 -0.000008 8.382873 -0.000067  0.135031 -0.099914 0.287073
90 -0.000058 8.697672 0.000023  -0.148091 -0.510100 0.044839
91 -0.000133 8.921824 0.000080  -0.236826 -0.892635 0.098804
92 3.553612 -3.478043 2.409277  0.000820 0.762046 1.535309
93 -0.000003 4.476908 -0.000008  -0.151004 -0.588331 0.377259
94 0.000032 4.514120 -0.000024  -0.228867 -2.996200 0.592368
95 0.000044 4.518385 -0.000024  0.143171 2.612778 0.693385
96 0.000021 3.598325 0.000023  -0.749301 0.869853 -0.773231
97  4.209922 -0.440344 1.018823  -1.610548 -1.842435 -0.141746
98  4.265504 1.434237 -0.404991  -1.597050 0.456835 -0.595069
99  9.400233 0.017942 0.083202  0.071268 -0.065724 -1.311523
100  10.242415 0.033590 0.064479  1.781947 -0.640679 -0.065490
101  3.465857 -0.059679 0.016693  -0.016947 0.095879 -0.017249
102  1.655594 -0.000026 0.000021  0.037211 -0.195971 -0.896429
103  0.960768 -0.000004 -0.000004  0.015898 -0.074398 -0.762347
104  3.462029 -0.064245 0.939909  0.314989 -0.069698 0.038896
105  1.497177 -0.000017 0.000021  -0.479970 -0.048221 -0.128881
106  0.793761 0.000004 -0.000000  -0.008116 0.023792 -0.473478
107  0.591663 -0.460690 0.835208  -0.996299 -0.432334 -0.485462
108  1.556139 0.000003 0.000003  -0.181405 0.112820 0.418280
109  1.135905 0.000019 0.000008  -0.006869 -0.005199 0.307611
110  3.084269 -0.668819 -1.257084  -0.566302 0.138125 -0.788250
111  1.064205 -0.000006 0.000007  -0.098760 0.125528 -1.686956
112  0.640336 0.000005 -0.000009  -0.037037 0.067888 -1.359969
113  3.396822 -0.242134 -0.708688  -0.276992 0.171249 -0.407528
114  1.532969 0.000003 0.000004  0.023942 -0.015242 -1.483645
115  0.832968 -0.000005 -0.000002  0.032176 -0.014973 -1.495776
116  4.209945 -0.440342 -1.019280  1.598652 2.043127 -0.155238
117  4.266748 1.424942 0.424937  1.405849 -0.241024 -0.590671
118  9.398570 0.011948 -0.082519  -0.019127 0.064437 -0.593512
119  10.242439 0.028176 -0.062913  -1.859446 0.071030 0.133631
120  3.465748 -0.067527 0.002268  -0.146662 0.144439 -1.482378
121  1.655562 0.000002 0.000005  -0.164156 0.184463 -1.166697
122  0.960908 0.000004 0.000000  -0.018935 0.176620 -0.890998
123  3.466854 -0.077777 -0.920909  -0.345906 0.021130 -1.405113
124  1.497257 -0.000036 -0.000022  -0.569246 0.313524 -0.986932
125  0.793788 -0.000009 0.000000  -0.224980 0.388706 -0.772651
126  0.595076 -0.467151 -0.829177  2.496989 0.699763 -0.529555
127  1.555666 0.000012 -0.000003  0.444198 0.348312 0.809838
128  1.136818 -0.000009 -0.000002  0.424998 0.399059 0.906783
129  3.075974 -0.667967 1.277701  0.301081 0.277000 -1.620654
130  1.064585 0.000019 0.000010  0.046915 -0.125236 -1.038822
131  0.640364 -0.000019 -0.000003  -0.104291 -0.023771 -0.471513
132  3.392410 -0.245368 0.728376  0.063844 0.192823 -1.598641
133  1.532735 -0.000009 -0.000001  -0.000848 0.025485 -1.121846
134  0.833152 0.000008 0.000005  -0.082769 -0.069998 -1.040855
135  3.590111 -3.090295 1.193972  1.635457 1.210566 1.548541
136  3.589558 -3.089880 -1.196374  -1.505736 1.210473 -1.592853
137  -0.436563 4.719025 -0.001076  -0.000650 -1.570733 1.693160
138  0.000001 2.775450 -0.000237  -0.135089 0.000001 -0.000000
139  0.000001 3.189772 0.000008  0.207820 -0.000000 0.000000
140  -0.000001 3.504649 0.000046  -0.261876 0.000000 -0.000000
141  -0.000000 2.863198 -0.000002  -0.051268 -0.000000 -0.000000
time 46
0  -0.861440 0.567367 38.140236  1.570862 0.000000 -0.000000
1  0.002636 43.025146 0.734438  0.090291 -0.784501 -0.185872
2  3.061857 -4.181015 -0.610803  -1.431625 -0.281546 -1.100215
3  18.476776 0.000159 -0.000001  0.000489 -0.053712 0.688523
4  17.490086 0.000117 0.000005  -0.128109 0.346312 -1.450966
5  -3.065329 -4.183582 -0.611479  -1.540385 -0.141939 -1.674032
6  18.474854 -0.000033 -0.000007  -0.000143 0.055370 0.709716
7  17.489586 0.001916 -0.000008  0.142481 -0.058726 -1.515379
8  -0.000117 -0.048885 -0.576225  1.425438 0.278971 1.576870
9  3.224486 0.767047 0.000496  0.130929 0.024568 0.200415
10  3.223913 0.226400 -0.001944  -0.153946 -0.069984 0.253806
11  5.187322 -1.262560 -0.001177  0.000012 0.000066 0.194111
12  6.928407 -1.935315 -0.000228  3.114890 -0.045889 0.305591
13  3.236368 1.079612 0.000058  0.878867 0.217463 0.241618
14 0.833755 3.805353 0.692955  -0.040491 0.554885 1.469871
15 0.000049 6.792204 0.000039  0.007990 0.036070 -0.011406
16 -0.000068 7.744817 0.000017  -0.017441 -0.155305 0.068150
17 0.000069 7.809700 0.000017  -0.033637 0.005026 0.006142
18 -0.000025 7.867676 0.000019  -0.073329 -0.127909 0.026375
19 3.494699 -1.749089 -3.006912  0.152547 2.070419 1.936945
20 0.000118 4.478323 0.000017  -0.194658 0.310431 -0.234995
21 0.000049 4.636110 -0.000029  0.035821 0.324592 -0.151768
22 -0.000043 5.008652 0.000012  0.075999 -0.286564 0.276091
23 0.000064 4.781164 0.000011  0.904399 -2.690903 -0.015798
24 2.253036 1.989063 -3.350106  -1.523631 1.324497 0.112400
25 0.000160 6.589460 0.000173  0.206354 -0.002129 -0.080395
26 0.000043 7.491420 0.000040  -0.333512 0.184455 -0.191166
27 0.000027 7.660300 -0.000058  -0.063175 0.127194 -0.062118
28 0.000007 7.256266 0.000021  -0.052939 -0.487829 0.313813
29 -0.791161 2.265123 -1.234655  -0.753899 1.136377 0.824672
30 -0.000260 8.572267 -0.000091  -0.222843 -0.296789 0.176504
31 -0.000096 8.117216 0.000047  0.072255 0.772520 -0.285589
32 -0.000081 8.230029 -0.000068  -0.080491 -0.347232 0.072254
33 0.000058 7.366725 0.000052  -0.015395 -0.663891 0.062742
34 0.224212 0.240128 -3.218158  -0.877381 1.468889 0.577825
35 -0.000101 7.721057 -0.000314  -0.283829 0.060497 -0.167556
36 -0.000030 7.374850 -0.000002  0.007536 -0.195022 0.049540
37 0.000074 6.848102 0.000007  0.005484 0.006496 -0.033649
38 -0.000054 7.777872 0.000009  -0.186097 0.182474 -0.152847
39 -1.514468 2.104650 -1.150167  -0.029092 0.541320 1.555677
40 -0.000168 6.982347 -0.000077  -0.199699 -0.041213 0.153490
41 0.000041 8.382865 -0.000072  0.044866 0.587987 -0.257961
42 0.000012 8.697711 -0.000026  -0.102637 -0.474319 0.290944
43 0.000055 8.921804 -0.000003  -0.076258 0.581004 -0.195605
44 1.196186 2.899154 -2.353086  -0.449719 1.030105 1.287427
45 0.000105 5.476939 0.000005  0.285574 -0.099352 -0.038446
46 -0.000075 6.060445 -0.000095  -0.155020 -0.575032 0.384610
47 0.000015 5.994262 0.000029  0.033940 0.288575 -0.067729
48 -0.000006 6.100487 0.000003  -0.068405 0.299273 -0.162153
49 0.000032 6.916760 0.000008  -0.096317 0.220533 -0.107966
50 0.000149 6.435059 -0.000044  -0.037459 0.171630 -0.116572
51 1.092790 3.649513 -1.738794  -0.148600 0.876612 1.445020
52 -0.000129 6.792200 -0.000103  0.008285 0.107792 -0.048643
53 -0.000088 7.744781 -0.000034  0.057137 -0.256893 0.015458
54 0.000083 9.115019 -0.000039  -0.020393 0.256253 -0.142636
55 3.494517 -1.749100 3.007064  0.118402 1.106974 1.813810
56 0.000015 4.323837 0.000088  -0.229909 -0.770942 0.449225
57 0.000028 4.872903 -0.000023  0.367244 -0.664052 -0.254033
58 0.000005 5.056655 0.000092  -0.511236 0.856586 -0.546324
59 2.292462 1.708619 3.661675  -1.762558 1.789110 -0.218972
60 -0.000174 6.589435 0.000268  -0.007132 -0.169123 0.176909
61 0.000171 7.491494 -0.000154  -0.132413 -0.107098 0.179328
62 -0.000139 8.249660 0.000142  0.041912 -0.058209 0.015814
63 0.000072 8.605236 -0.000026  0.101585 0.501824 -0.079697
64 -0.240492 2.066073 2.349267  -0.357331 2.461714 1.296080
65 -0.000082 7.721110 -0.000003  -0.208230 -0.126223 -0.116496
66 -0.000122 7.374869 -0.000047  -0.111018 0.046939 -0.046463
67 -0.000035 6.848060 -0.000027  0.273532 0.247523 0.299908
68 0.000034 7.777824 -0.000044  0.072921 0.186148 -0.052688
69 -0.000086 8.178052 0.000011  -0.087029 -0.422849 -0.381360
70 1.617601 3.431415 2.399266  -0.249454 2.569515 1.508571
71 -0.000167 5.476944 -0.000029  0.057729 0.074072 0.060285
72 -0.000094 6.060497 -0.000006  -0.015204 0.015650 -0.152065
73 0.000028 5.994255 0.000011  -0.126212 -0.157657 0.153302
74 -0.000080 7.076877 -0.000046  -0.008117 0.010385 0.036400
75 0.000006 7.089869 -0.000071  0.070875 0.098587 -0.025893
76 0.361109 0.886684 3.287746  -0.576373 1.978709 0.939011
77 -0.000065 6.686645 0.000223  -0.146568 0.414164 -0.327707
78 -0.000011 7.638015 0.000013  -0.079524 -0.025948 0.130956
79 -0.000031 7.290228 -0.000019  0.025325 -0.093908 0.023963
80 -0.000033 6.530373 0.000007  -0.261847 -0.300601 0.006734
81 0.000063 7.224882 0.000005  0.036506 0.032481 -0.175824
82 1.071894 3.225800 1.570115  -0.043806 2.859975 1.526247
83 0.000414 6.748898 -0.000065  -0.062702 0.083784 0.022202
84 -0.000046 8.002646 0.000026  -0.067496 -0.117209 -0.115599
85 0.000012 8.580572 -0.000098  0.088213 -0.007187 0.334604
86 0.000168 8.689829 -0.000041  0.065327 -0.412430 -0.134518
87 -1.514545 2.104638 0.318055  -0.024895 3.094490 1.569496
88 0.000193 6.982283 0.000011  -0.107589 -0.057624 -0.215715
89 -0.000008 8.382873 -0.000067  0.135031 -0.099914 0.287073
90 -0.000058 8.697672 0.000023  -0.148091 -0.510100 0.044839
91 -0.000133 8.921824 0.000080  -0.236826 -0.892635 0.098804
92 3.553612 -3.478043 2.409277  0.000820 0.762046 1.535309
93 -0.000003 4.476908 -0.000008  -0.151004 -0.588331 0.377259
94 0.000032 4.514120 -0.000024  -0.228867 -2.996200 0.592368
95 0.000044 4.518385 -0.000024  0.143171 2.612778 0.693385
96 0.000021 3.598325 0.000023  -0.749301 0.869853 -0.773231
97  4.209916 -0.440346 1.018822  -1.630997 -1.845161 -0.122043
98  4.265508 1.434230 -0.404992  -1.623961 0.455668 -0.595717
99  9.400237 0.017940 0.083206  0.072734 -0.065238 -1.331921
100  10.242424 0.033590 0.064487  1.802149 -0.637792 -0.082441
101  3.465855 -0.059678 0.016696  -0.016897 0.094087 -0.024994
102  1.655594 -0.000018 0.000021  0.041146 -0.199071 -0.921825
103  0.960770 0.000000 -0.000007  0.019228 -0.078588 -0.790486
104  3.462026 -0.064245 0.939911  0.315050 -0.069643 0.038824
105  1.497176 -0.000009 0.000021  -0.479930 -0.049830 -0.132488
106  0.793758 0.000004 0.000003  -0.008253 0.024164 -0.477604
107  0.591661 -0.460697 0.835207  -0.999564 -0.455033 -0.481486
108  1.556139 0.000001 0.000001  -0.178144 0.122001 0.438956
109  1.135905 0.000017 0.000004  -0.008853 -0.010030 0.290033
110  3.084268 -0.668824 -1.257083  -0.566208 0.138185 -0.787913
111  1.064201 -0.000002 0.000008  -0.100646 0.124923 -1.705726
112  0.640337 0.000004 -0.000009  -0.036206 0.066673 -1.380396
113  3.396822 -0.242136 -0.708686  -0.276934 0.170959 -0.408087
114  1.532972 0.000014 0.000007  0.024497 -0.016610 -1.528689
115  0.832977 0.000001 -0.000003  0.037894 -0.018197 -1.542489
116  4.209937 -0.440344 -1.019280  1.603222 2.048796 -0.151373
117  4.266747 1.424940 0.424937  1.394970 -0.218419 -0.568555
118  9.398566 0.011951 -0.082525  -0.018498 0.064148 -0.584585
119  10.242442 0.028176 -0.062907  -1.865279 0.050842 0.134622
120  3.465749 -0.067525 0.002266  -0.146662 0.144439 -1.482378
121  1.655557 0.000005 0.000006  -0.164156 0.184463 -1.166697
122  0.960909 0.000004 0.000000  -0.018935 0.176620 -0.890998
123  3.466858 -0.077781 -0.920911  -0.345906 0.021130 -1.405113
124  1.497260 -0.000034 -0.000022  -0.569246 0.313524 -0.986933
125  0.793789 -0.000005 -0.000004  -0.224980 0.388706 -0.772651
126  0.595079 -0.467149 -0.829177  2.496989 0.699763 -0.529555
127  1.555677 0.000012 -0.000004  0.444198 0.348312 0.809838
128  1.136813 -0.000009 -0.000002  0.424998 0.399059 0.906783
129  3.075974 -0.667966 1.277699  0.301081 0.277000 -1.620654
130  1.064596 0.000020 0.000010  0.046915 -0.125236 -1.038822
131  0.640362 -0.000016 -0.000004  -0.104291 -0.023771 -0.471513
132  3.392413 -0.245367 0.728376  0.063844 0.192823 -1.598641
133  1.532736 -0.000007 -0.000001  -0.000848 0.025484 -1.121846
134  0.833152 0.000010 0.000006  -0.082769 -0.069998 -1.040855
135  3.590108 -3.090295 1.193971  1.635457 1.210566 1.548541
136  3.589560 -3.089880 -1.196373  -1.505736 1.210473 -1.592853
137  -0.436563 4.719026 -0.001075  -0.000472 -1.570733 1.693135
138  -0.000000 2.775452 -0.000236  -0.135089 0.000001 -0.000000
139  0.000000 3.189769 0.000008  0.207820 -0.000000 0.000000
140  0.000000 3.504650 0.000046  -0.261876 -0.000000 -0.000000
141  0.000000 2.863199 -0.000002  -0.051268 -0.000000 -0.000000
time 47
0  -0.979798 0.541190 38.457142  1.570862 0.000000 -0.000000
1  0.002636 43.025146 0.734438  0.080867 -0.787403 -0.176441
2  3.061857 -4.181005 -0.610804  -1.432920 -0.245239 -1.102272
3  18.476776 0.000159 -0.000002  0.001563 -0.048518 0.623764
4  17.490088 0.000118 0.000004  -0.123073 0.345339 -1.418078
5  -3.065330 -4.183573 -0.611480  -1.527817 -0.114344 -1.682773
6  18.474855 -0.000033 -0.000007  -0.001086 0.051366 0.659471
7  17.489584 0.001916 -0.000006  0.130071 -0.071546 -1.489138
8  -0.000117 -0.048879 -0.576226  1.422926 0.277598 1.575440
9  3.224484 0.767047 0.000496  0.127640 0.023492 0.202196
10  3.223912 0.226399 -0.001944  -0.156328 -0.070408 0.255284
11  5.187312 -1.262560 -0.001175  0.000012 0.000066 0.194111
12  6.928403 -1.935312 -0.000228  3.112570 -0.049040 0.297324
13  3.236368 1.079615 0.000057  0.922568 0.209261 0.275608
14 0.833755 3.805353 0.692955  -0.040491 0.554885 1.469871
15 0.000049 6.792204 0.000039  0.007990 0.036070 -0.011406
16 -0.000068 7.744817 0.000017  -0.017441 -0.155305 0.068150
17 0.000069 7.809700 0.000017  -0.033637 0.005026 0.006142
18 -0.000025 7.867676 0.000019  -0.073329 -0.127909 0.026375
19 3.494699 -1.749089 -3.006912  0.152547 2.070419 1.936945
20 0.000118 4.478323 0.000017  -0.194658 0.310431 -0.234995
21 0.000049 4.636110 -0.000029  0.035821 0.324592 -0.151768
22 -0.000043 5.008652 0.000012  0.075999 -0.286564 0.276091
23 0.000064 4.781164 0.000011  0.904399 -2.690903 -0.015798
24 2.253036 1.989063 -3.350106  -1.523631 1.324497 0.112400
25 0.000160 6.589460 0.000173  0.206354 -0.002129 -0.080395
26 0.000043 7.491420 0.000040  -0.333512 0.184455 -0.191166
27 0.000027 7.660300 -0.000058  -0.063175 0.127194 -0.062118
28 0.000007 7.256266 0.000021  -0.052939 -0.487829 0.313813
29 -0.791161 2.265123 -1.234655  -0.753899 1.136377 0.824672
30 -0.000260 8.572267 -0.000091  -0.222843 -0.296789 0.176504
31 -0.000096 8.117216 0.000047  0.072255 0.772520 -0.285589
32 -0.000081 8.230029 -0.000068  -0.080491 -0.347232 0.072254
33 0.000058 7.366725 0.000052  -0.015395 -0.663891 0.062742
34 0.224212 0.240128 -3.218158  -0.877381 1.468889 0.577825
35 -0.000101 7.721057 -0.000314  -0.283829 0.060497 -0.167556
36 -0.000030 7.374850 -0.000002  0.007536 -0.195022 0.049540
37 0.000074 6.848102 0.000007  0.005484 0.006496 -0.033649
38 -0.000054 7.777872 0.000009  -0.186097 0.182474 -0.152847
39 -1.514468 2.104650 -1.150167  -0.029092 0.541320 1.555677
40 -0.000168 6.982347 -0.000077  -0.199699 -0.041213 0.153490
41 0.000041 8.382865 -0.000072  0.044866 0.587987 -0.257961
42 0.000012 8.697711 -0.000026  -0.102637 -0.474319 0.290944
43 0.000055 8.921804 -0.000003  -0.076258 0.581004 -0.195605
44 1.196186 2.899154 -2.353086  -0.449719 1.030105 1.287427
45 0.000105 5.476939 0.000005  0.285574 -0.099352 -0.038446
46 -0.000075 6.060445 -0.000095  -0.155020 -0.575032 0.384610
47 0.000015 5.994262 0.000029  0.033940 0.288575 -0.067729
48 -0.000006 6.100487 0.000003  -0.068405 0.299273 -0.162153
49 0.000032 6.916760 0.000008  -0.096317 0.220533 -0.107966
50 0.000149 6.435059 -0.000044  -0.037459 0.171630 -0.116572
51 1.092790 3.649513 -1.738794  -0.148600 0.876612 1.445020
52 -0.000129 6.792200 -0.000103  0.008285 0.107792 -0.048643
53 -0.000088 7.744781 -0.000034  0.057137 -0.256893 0.015458
54 0.000083 9.115019 -0.000039  -0.020393 0.256253 -0.142636
55 3.494517 -1.749100 3.007064  0.118402 1.106974 1.813810
56 0.000015 4.323837 0.000088  -0.229909 -0.770942 0.449225
57 0.000028 4.872903 -0.000023  0.367244 -0.664052 -0.254033
58 0.000005 5.056655 0.000092  -0.511236 0.856586 -0.546324
59 2.292462 1.708619 3.661675  -1.762558 1.789110 -0.218972
60 -0.000174 6.589435 0.000268  -0.007132 -0.169123 0.176909
61 0.000171 7.491494 -0.000154  -0.132413 -0.107098 0.179328
62 -0.000139 8.249660 0.000142  0.041912 -0.058209 0.015814
63 0.000072 8.605236 -0.000026  0.101585 0.501824 -0.079697
64 -0.240492 2.066073 2.349267  -0.357331 2.461714 1.296080
65 -0.000082 7.721110 -0.000003  -0.208230 -0.126223 -0.116496
66 -0.000122 7.374869 -0.000047  -0.111018 0.046939 -0.046463
67 -0.000035 6.848060 -0.000027  0.273532 0.247523 0.299908
68 0.000034 7.777824 -0.000044  0.072921 0.186148 -0.052688
69 -0.000086 8.178052 0.000011  -0.087029 -0.422849 -0.381360
70 1.617601 3.431415 2.399266  -0.249454 2.569515 1.508571
71 -0.000167 5.476944 -0.000029  0.057729 0.074072 0.060285
72 -0.000094 6.060497 -0.000006  -0.015204 0.015650 -0.152065
73 0.000028 5.994255 0.000011  -0.126212 -0.157657 0.153302
74 -0.000080 7.076877 -0.000046  -0.008117 0.010385 0.036400
75 0.000006 7.089869 -0.000071  0.070875 0.098587 -0.025893
76 0.361109 0.886684 3.287746  -0.576373 1.978709 0.939011
77 -0.000065 6.686645 0.000223  -0.146568 0.414164 -0.327707
78 -0.000011 7.638015 0.000013  -0.079524 -0.025948 0.130956
79 -0.000031 7.290228 -0.000019  0.025325 -0.093908 0.023963
80 -0.000033 6.530373 0.000007  -0.261847 -0.300601 0.006734
81 0.000063 7.224882 0.000005  0.036506 0.032481 -0.175824
82 1.071894 3.225800 1.570115  -0.043806 2.859975 1.526247
83 0.000414 6.748898 -0.000065  -0.062702 0.083784 0.022202
84 -0.000046 8.002646 0.000026  -0.067496 -0.117209 -0.115599
85 0.000012 8.580572 -0.000098  0.088213 -0.007187 0.334604
86 0.000168 8.689829 -0.000041  0.065327 -0.412430 -0.134518
87 -1.514545 2.104638 0.318055  -0.024895 3.094490 1.569496
88 0.000193 6.982283 0.000011  -0.107589 -0.057624 -0.215715
89 -0.000008 8.382873 -0.000067  0.135031 -0.099914 0.287073
90 -0.000058 8.697672 0.000023  -0.148091 -0.510100 0.044839
91 -0.000133 8.921824 0.000080  -0.236826 -0.892635 0.098804
92 3.553612 -3.478043 2.409277  0.000820 0.762046 1.535309
93 -0.000003 4.476908 -0.000008  -0.151004 -0.588331 0.377259
94 0.000032 4.514120 -0.000024  -0.228867 -2.996200 0.592368
95 0.000044 4.518385 -0.000024  0.143171 2.612778 0.693385
96 0.000021 3.598325 0.000023  -0.749301 0.869853 -0.773231
97  4.209916 -0.440345 1.018823  -1.655666 -1.848919 -0.098313
98  4.265502 1.434227 -0.404992  -1.666983 0.454463 -0.606433
99  9.400239 0.017941 0.083196  0.074400 -0.064645 -1.355269
100  10.242418 0.033594 0.064474  1.826007 -0.635461 -0.102631
101  3.465856 -0.059683 0.016693  -0.016792 0.093121 -0.029131
102  1.655595 -0.000023 0.000022  0.046823 -0.203261 -0.957596
103  0.960768 0.000001 -0.000009  0.024162 -0.084315 -0.830198
104  3.462029 -0.064252 0.939908  0.315111 -0.069407 0.041262
105  1.497181 -0.000007 0.000020  -0.479648 -0.054682 -0.143574
106  0.793760 0.000004 -0.000001  -0.008832 0.025166 -0.489996
107  0.591663 -0.460700 0.835207  -1.001709 -0.483439 -0.479026
108  1.556140 0.000002 0.000007  -0.175411 0.129347 0.455687
109  1.135904 0.000017 0.000006  -0.010695 -0.015553 0.273107
110  3.084271 -0.668827 -1.257086  -0.566450 0.139227 -0.786113
111  1.064202 -0.000006 0.000006  -0.102104 0.124455 -1.719565
112  0.640338 0.000001 -0.000010  -0.035553 0.065809 -1.395571
113  3.396823 -0.242149 -0.708691  -0.276891 0.172003 -0.405420
114  1.532966 0.000012 0.000007  0.025111 -0.017953 -1.573698
115  0.832976 -0.000005 0.000003  0.043819 -0.021190 -1.589347
116  4.209935 -0.440340 -1.019280  1.603838 2.051155 -0.151069
117  4.266743 1.424947 0.424938  1.390744 -0.216272 -0.542524
118  9.398570 0.011949 -0.082515  -0.020640 0.065103 -0.614823
119  10.242445 0.028177 -0.062909  -1.871517 0.028362 0.146024
120  3.465745 -0.067527 0.002268  -0.146662 0.144439 -1.482378
121  1.655564 0.000008 0.000006  -0.164156 0.184463 -1.166697
122  0.960909 0.000006 -0.000001  -0.018935 0.176620 -0.890998
123  3.466852 -0.077782 -0.920910  -0.345906 0.021130 -1.405113
124  1.497264 -0.000031 -0.000021  -0.569246 0.313524 -0.986933
125  0.793791 -0.000008 -0.000001  -0.224980 0.388706 -0.772651
126  0.595075 -0.467152 -0.829177  2.496989 0.699763 -0.529555
127  1.555682 0.000015 -0.000003  0.444198 0.348312 0.809838
128  1.136821 -0.000010 -0.000001  0.424998 0.399059 0.906783
129  3.075969 -0.667966 1.277701  0.301081 0.277000 -1.620654
130  1.064593 0.000015 0.000013  0.046915 -0.125236 -1.038822
131  0.640361 -0.000020 -0.000004  -0.104291 -0.023771 -0.471513
132  3.392411 -0.245371 0.728375  0.063845 0.192823 -1.598641
133  1.532735 -0.000004 -0.000001  -0.000848 0.025484 -1.121846
134  0.833150 0.000007 0.000003  -0.082769 -0.069998 -1.040855
135  3.590100 -3.090295 1.193974  1.635457 1.210566 1.548541
136  3.589554 -3.089880 -1.196372  -1.505736 1.210473 -1.592853
137  -0.436568 4.719026 -0.001075  -0.000827 -1.570733 1.693140
138  0.000000 2.775460 -0.000235  -0.135089 0.000001 -0.000000
139  0.000000 3.189768 0.000008  0.207820 0.000000 0.000000
140  0.000000 3.504645 0.000045  -0.261876 0.000000 -0.000000
141  -0.000000 2.863200 -0.000002  -0.051268 -0.000000 0.000000
time 48
0  -1.082981 0.489250 38.757153  1.570862 0.000000 -0.000000
1  0.002636 43.025146 0.734438  0.067862 -0.786193 -0.165919
2  3.061857 -4.181009 -0.610804  -1.434038 -0.207739 -1.105112
3  18.476770 0.000159 0.000001  0.002316 -0.043090 0.556880
4  17.490084 0.000116 0.000005  -0.114817 0.348217 -1.382643
5  -3.065330 -4.183575 -0.611480  -1.515329 -0.081384 -1.691858
6  18.474854 -0.000033 -0.000007  -0.001862 0.047091 0.606407
7  17.489582 0.001915 -0.000005  0.120239 -0.081737 -1.463046
8  -0.000117 -0.048885 -0.576226  1.418586 0.275781 1.573712
9  3.224486 0.767048 0.000495  0.121853 0.022770 0.204579
10  3.223907 0.226399 -0.001944  -0.160277 -0.070399 0.257281
11  5.187316 -1.262561 -0.001177  0.000012 0.000066 0.194111
12  6.928405 -1.935314 -0.000228  3.112001 -0.049794 0.290331
13  3.236359 1.079613 0.000057  0.962644 0.199380 0.305252
14 0.833755 3.805353 0.692955  -0.040491 0.554885 1.469871
15 0.000049 6.792204 0.000039  0.007990 0.036070 -0.011406
16 -0.000068 7.744817 0.000017  -0.017441 -0.155305 0.068150
17 0.000069 7.809700 0.000017  -0.033637 0.005026 0.006142
18 -0.000025 7.867676 0.000019  -0.073329 -0.127909 0.026375
19 3.494699 -1.749089 -3.006912  0.152547 2.070419 1.936945
20 0.000118 4.478323 0.000017  -0.194658 0.310431 -0.234995
21 0.000049 4.636110 -0.000029  0.035821 0.324592 -0.151768
22 -0.000043 5.008652 0.000012  0.075999 -0.286564 0.276091
23 0.000064 4.781164 0.000011  0.904399 -2.690903 -0.015798
24 2.253036 1.989063 -3.350106  -1.523631 1.324497 0.112400
25 0.000160 6.589460 0.000173  0.206354 -0.002129 -0.080395
26 0.000043 7.491420 0.000040  -0.333512 0.184455 -0.191166
27 0.000027 7.660300 -0.000058  -0.063175 0.127194 -0.062118
28 0.000007 7.256266 0.000021  -0.052939 -0.487829 0.313813
29 -0.791161 2.265123 -1.234655  -0.753899 1.136377 0.824672
30 -0.000260 8.572267 -0.000091  -0.222843 -0.296789 0.176504
31 -0.000096 8.117216 0.000047  0.072255 0.772520 -0.285589
32 -0.000081 8.230029 -0.000068  -0.080491 -0.347232 0.072254
33 0.000058 7.366725 0.000052  -0.015395 -0.663891 0.062742
34 0.224212 0.240128 -3.218158  -0.877381 1.468889 0.577825
35 -0.000101 7.721057 -0.000314  -0.283829 0.060497 -0.167556
36 -0.000030 7.374850 -0.000002  0.007536 -0.195022 0.049540
37 0.000074 6.848102 0.000007  0.005484 0.006496 -0.033649
38 -0.000054 7.777872 0.000009  -0.186097 0.182474 -0.152847
39 -1.514468 2.104650 -1.150167  -0.029092 0.541320 1.555677
40 -0.000168 6.982347 -0.000077  -0.199699 -0.041213 0.153490
41 0.000041 8.382865 -0.000072  0.044866 0.587987 -0.257961
42 0.000012 8.697711 -0.000026  -0.102637 -0.474319 0.290944
43 0.000055 8.921804 -0.000003  -0.076258 0.581004 -0.195605
44 1.196186 2.899154 -2.353086  -0.449719 1.030105 1.287427
45 0.000105 5.476939 0.000005  0.285574 -0.099352 -0.038446
46 -0.000075 6.060445 -0.000095  -0.155020 -0.575032 0.384610
47 0.000015 5.994262 0.000029  0.033940 0.288575 -0.067729
48 -0.000006 6.100487 0.000003  -0.068405 0.299273 -0.162153
49 0.000032 6.916760 0.000008  -0.096317 0.220533 -0.107966
50 0.000149 6.435059 -0.000044  -0.037459 0.171630 -0.116572
51 1.092790 3.649513 -1.738794  -0.148600 0.876612 1.445020
52 -0.000129 6.792200 -0.000103  0.008285 0.107792 -0.048643
53 -0.000088 7.744781 -0.000034  0.057137 -0.256893 0.015458
54 0.000083 9.115019 -0.000039  -0.020393 0.256253 -0.142636
55 3.494517 -1.749100 3.007064  0.118402 1.106974 1.813810
56 0.000015 4.323837 0.000088  -0.229909 -0.770942 0.449225
57 0.000028 4.872903 -0.000023  0.367244 -0.664052 -0.254033
58 0.000005 5.056655 0.000092  -0.511236 0.856586 -0.546324
59 2.292462 1.708619 3.661675  -1.762558 1.789110 -0.218972
60 -0.000174 6.589435 0.000268  -0.007132 -0.169123 0.176909
61 0.000171 7.491494 -0.000154  -0.132413 -0.107098 0.179328
62 -0.000139 8.249660 0.000142  0.041912 -0.058209 0.015814
63 0.000072 8.605236 -0.000026  0.101585 0.501824 -0.079697
64 -0.240492 2.066073 2.349267  -0.357331 2.461714 1.296080
65 -0.000082 7.721110 -0.000003  -0.208230 -0.126223 -0.116496
66 -0.000122 7.374869 -0.000047  -0.111018 0.046939 -0.046463
67 -0.000035 6.848060 -0.000027  0.273532 0.247523 0.299908
68 0.000034 7.777824 -0.000044  0.072921 0.186148 -0.052688
69 -0.000086 8.178052 0.000011  -0.087029 -0.422849 -0.381360
70 1.617601 3.431415 2.399266  -0.249454 2.569515 1.508571
71 -0.000167 5.476944 -0.000029  0.057729 0.074072 0.060285
72 -0.000094 6.060497 -0.000006  -0.015204 0.015650 -0.152065
73 0.000028 5.994255 0.000011  -0.126212 -0.157657 0.153302
74 -0.000080 7.076877 -0.000046  -0.008117 0.010385 0.036400
75 0.000006 7.089869 -0.000071  0.070875 0.098587 -0.025893
76 0.361109 0.886684 3.287746  -0.576373 1.978709 0.939011
77 -0.000065 6.686645 0.000223  -0.146568 0.414164 -0.327707
78 -0.000011 7.638015 0.000013  -0.079524 -0.025948 0.130956
79 -0.000031 7.290228 -0.000019  0.025325 -0.093908 0.023963
80 -0.000033 6.530373 0.000007  -0.261847 -0.300601 0.006734
81 0.000063 7.224882 0.000005  0.036506 0.032481 -0.175824
82 1.071894 3.225800 1.570115  -0.043806 2.859975 1.526247
83 0.000414 6.748898 -0.000065  -0.062702 0.083784 0.022202
84 -0.000046 8.002646 0.000026  -0.067496 -0.117209 -0.115599
85 0.000012 8.580572 -0.000098  0.088213 -0.007187 0.334604
86 0.000168 8.689829 -0.000041  0.065327 -0.412430 -0.134518
87 -1.514545 2.104638 0.318055  -0.024895 3.094490 1.569496
88 0.000193 6.982283 0.000011  -0.107589 -0.057624 -0.215715
89 -0.000008 8.382873 -0.000067  0.135031 -0.099914 0.287073
90 -0.000058 8.697672 0.000023  -0.148091 -0.510100 0.044839
91 -0.000133 8.921824 0.000080  -0.236826 -0.892635 0.098804
92 3.553612 -3.478043 2.409277  0.000820 0.762046 1.535309
93 -0.000003 4.476908 -0.000008  -0.151004 -0.588331 0.377259
94 0.000032 4.514120 -0.000024  -0.228867 -2.996200 0.592368
95 0.000044 4.518385 -0.000024  0.143171 2.612778 0.693385
96 0.000021 3.598325 0.000023  -0.749301 0.869853 -0.773231
97  4.209917 -0.440346 1.018824  -1.681760 -1.853846 -0.073251
98  4.265502 1.434236 -0.404992  -1.709570 0.451255 -0.618312
99  9.400232 0.017943 0.083200  0.076169 -0.063967 -1.380291
100  10.242419 0.033590 0.064478  1.850632 -0.633979 -0.123822
101  3.465857 -0.059675 0.016695  -0.016763 0.092975 -0.029667
102  1.655593 -0.000026 0.000020  0.052112 -0.206886 -0.990110
103  0.960766 -0.000000 -0.000005  0.028831 -0.089291 -0.866214
104  3.462029 -0.064242 0.939910  0.315233 -0.069135 0.044062
105  1.497176 -0.000007 0.000022  -0.479145 -0.062233 -0.161122
106  0.793760 0.000005 0.000000  -0.009781 0.026768 -0.509566
107  0.591664 -0.460687 0.835208  -1.003186 -0.513273 -0.477488
108  1.556139 0.000002 -0.000002  -0.173756 0.133331 0.465151
109  1.135903 0.000018 0.000007  -0.012271 -0.021118 0.257717
110  3.084269 -0.668816 -1.257084  -0.566790 0.140874 -0.783507
111  1.064203 -0.000001 0.000004  -0.102457 0.124302 -1.723062
112  0.640337 0.000006 -0.000006  -0.035412 0.065688 -1.399502
113  3.396821 -0.242134 -0.708690  -0.276844 0.173782 -0.400964
114  1.532968 0.000007 0.000004  0.025552 -0.018806 -1.603784
115  0.832975 -0.000002 -0.000001  0.047877 -0.022956 -1.620591
116  4.209937 -0.440343 -1.019279  1.602815 2.051626 -0.151732
117  4.266745 1.424941 0.424938  1.389435 -0.222320 -0.516504
118  9.398564 0.011951 -0.082515  -0.023507 0.066262 -0.654693
119  10.242436 0.028178 -0.062909  -1.875828 0.005488 0.157418
120  3.465749 -0.067525 0.002266  -0.146662 0.144439 -1.482378
121  1.655562 0.000006 0.000004  -0.164156 0.184463 -1.166697
122  0.960908 0.000005 -0.000000  -0.018935 0.176620 -0.890998
123  3.466854 -0.077776 -0.920910  -0.345906 0.021130 -1.405113
124  1.497263 -0.000034 -0.000023  -0.569246 0.313524 -0.986932
125  0.793790 -0.000000 0.000002  -0.224980 0.388706 -0.772651
126  0.595080 -0.467147 -0.829177  2.496989 0.699763 -0.529556
127  1.555673 0.000015 -0.000003  0.444198 0.348312 0.809838
128  1.136813 -0.000009 -0.000002  0.424998 0.399059 0.906783
129  3.075974 -0.667964 1.277699  0.301081 0.277000 -1.620654
130  1.064596 0.000021 0.000013  0.046915 -0.125236 -1.038822
131  0.640362 -0.000020 -0.000004  -0.104291 -0.023771 -0.471513
132  3.392410 -0.245365 0.728375  0.063845 0.192823 -1.598641
133  1.532738 -0.000010 -0.000001  -0.000848 0.025484 -1.121846
134  0.833150 0.000008 0.000006  -0.082769 -0.069998 -1.040855
135  3.590108 -3.090295 1.193972  1.635457 1.210566 1.548541
136  3.589551 -3.089880 -1.196372  -1.505736 1.210473 -1.592853
137  -0.436568 4.719026 -0.001076  -0.001005 -1.570733 1.692810
138  -0.000001 2.775453 -0.000236  -0.135089 0.000001 -0.000000
139  -0.000001 3.189768 0.000007  0.207820 0.000000 0.000000
140  0.000001 3.504651 0.000046  -0.261876 -0.000000 0.000000
141  0.000001 2.863195 -0.000002  -0.051268 0.000000 -0.000000
time 49
0  -1.174786 0.417996 39.037407  1.570862 0.000000 -0.000000
1  0.002636 43.025146 0.734438  0.054037 -0.778125 -0.158616
2  3.061858 -4.181013 -0.610804  -1.434715 -0.170758 -1.104894
3  18.476772 0.000159 0.000000  0.002705 -0.037580 0.489475
4  17.490086 0.000117 0.000005  -0.103047 0.357576 -1.345540
5  -3.065330 -4.183572 -0.611480  -1.502594 -0.040831 -1.697056
6  18.474861 -0.000033 -0.000008  -0.002457 0.042285 0.547286
7  17.489584 0.001915 -0.000007  0.113208 -0.087032 -1.434380
8  -0.000117 -0.048879 -0.576226  1.413242 0.274203 1.571939
9  3.224483 0.767047 0.000495  0.114780 0.022335 0.206661
10  3.223916 0.226400 -0.001945  -0.165095 -0.070056 0.259163
11  5.187318 -1.262559 -0.001176  0.000012 0.000066 0.194111
12  6.928405 -1.935316 -0.000226  3.113929 -0.046940 0.287890
13  3.236366 1.079608 0.000057  0.987384 0.188011 0.324442
14 0.833755 3.805353 0.692955  -0.040491 0.554885 1.469871
15 0.000049 6.792204 0.000039  0.007990 0.036070 -0.011406
16 -0.000068 7.744817 0.000017  -0.017441 -0.155305 0.068150
17 0.000069 7.809700 0.000017  -0.033637 0.005026 0.006142
18 -0.000025 7.867676 0.000019  -0.073329 -0.127909 0.026375
19 3.494699 -1.749089 -3.006912  0.152547 2.070419 1.936945
20 0.000118 4.478323 0.000017  -0.194658 0.310431 -0.234995
21 0.000049 4.636110 -0.000029  0.035821 0.324592 -0.151768
22 -0.000043 5.008652 0.000012  0.075999 -0.286564 0.276091
23 0.000064 4.781164 0.000011  0.904399 -2.690903 -0.015798
24 2.253036 1.989063 -3.350106  -1.523631 1.324497 0.112400
25 0.000160 6.589460 0.000173  0.206354 -0.002129 -0.080395
26 0.000043 7.491420 0.000040  -0.333512 0.184455 -0.191166
27 0.000027 7.660300 -0.000058  -0.063175 0.127194 -0.062118
28 0.000007 7.256266 0.000021  -0.052939 -0.487829 0.313813
29 -0.791161 2.265123 -1.234655  -0.753899 1.136377 0.824672
30 -0.000260 8.572267 -0.000091  -0.222843 -0.296789 0.176504
31 -0.000096 8.117216 0.000047  0.072255 0.772520 -0.285589
32 -0.000081 8.230029 -0.000068  -0.080491 -0.347232 0.072254
33 0.000058 7.366725 0.000052  -0.015395 -0.663891 0.062742
34 0.224212 0.240128 -3.218158  -0.877381 1.468889 0.577825
35 -0.000101 7.721057 -0.000314  -0.283829 0.060497 -0.167556
36 -0.000030 7.374850 -0.000002  0.007536 -0.195022 0.049540
37 0.000074 6.848102 0.000007  0.005484 0.006496 -0.033649
38 -0.000054 7.777872 0.000009  -0.186097 0.182474 -0.152847
39 -1.514468 2.104650 -1.150167  -0.029092 0.541320 1.555677
40 -0.000168 6.982347 -0.000077  -0.199699 -0.041213 0.153490
41 0.000041 8.382865 -0.000072  0.044866 0.587987 -0.257961
42 0.000012 8.697711 -0.000026  -0.102637 -0.474319 0.290944
43 0.000055 8.921804 -0.000003  -0.076258 0.581004 -0.195605
44 1.196186 2.899154 -2.353086  -0.449719 1.030105 1.287427
45 0.000105 5.476939 0.000005  0.285574 -0.099352 -0.038446
46 -0.000075 6.060445 -0.000095  -0.155020 -0.575032 0.384610
47 0.000015 5.994262 0.000029  0.033940 0.288575 -0.067729
48 -0.000006 6.100487 0.000003  -0.068405 0.299273 -0.162153
49 0.000032 6.916760 0.000008  -0.096317 0.220533 -0.107966
50 0.000149 6.435059 -0.000044  -0.037459 0.171630 -0.116572
51 1.092790 3.649513 -1.738794  -0.148600 0.876612 1.445020
52 -0.000129 6.792200 -0.000103  0.008285 0.107792 -0.048643
53 -0.000088 7.744781 -0.000034  0.057137 -0.256893 0.015458
54 0.000083 9.115019 -0.000039  -0.020393 0.256253 -0.142636
55 3.494517 -1.749100 3.007064  0.118402 1.106974 1.813810
56 0.000015 4.323837 0.000088  -0.229909 -0.770942 0.449225
57 0.000028 4.872903 -0.000023  0.367244 -0.664052 -0.254033
58 0.000005 5.056655 0.000092  -0.511236 0.856586 -0.546324
59 2.292462 1.708619 3.661675  -1.762558 1.789110 -0.218972
60 -0.000174 6.589435 0.000268  -0.007132 -0.169123 0.176909
61 0.000171 7.491494 -0.000154  -0.132413 -0.107098 0.179328
62 -0.000139 8.249660 0.000142  0.041912 -0.058209 0.015814
63 0.000072 8.605236 -0.000026  0.101585 0.501824 -0.079697
64 -0.240492 2.066073 2.349267  -0.357331 2.461714 1.296080
65 -0.000082 7.721110 -0.000003  -0.208230 -0.126223 -0.116496
66 -0.000122 7.374869 -0.000047  -0.111018 0.046939 -0.046463
67 -0.000035 6.848060 -0.000027  0.273532 0.247523 0.299908
68 0.000034 7.777824 -0.000044  0.072921 0.186148 -0.052688
69 -0.000086 8.178052 0.000011  -0.087029 -0.422849 -0.381360
70 1.617601 3.431415 2.399266  -0.249454 2.569515 1.508571
71 -0.000167 5.476944 -0.000029  0.057729 0.074072 0.060285
72 -0.000094 6.060497 -0.000006  -0.015204 0.015650 -0.152065
73 0.000028 5.994255 0.000011  -0.126212 -0.157657 0.153302
74 -0.000080 7.076877 -0.000046  -0.008117 0.010385 0.036400
75 0.000006 7.089869 -0.000071  0.070875 0.098587 -0.025893
76 0.361109 0.886684 3.287746  -0.576373 1.978709 0.939011
77 -0.000065 6.686645 0.000223  -0.146568 0.414164 -0.327707
78 -0.000011 7.638015 0.000013  -0.079524 -0.025948 0.130956
79 -0.000031 7.290228 -0.000019  0.025325 -0.093908 0.023963
80 -0.000033 6.530373 0.000007  -0.261847 -0.300601 0.006734
81 0.000063 7.224882 0.000005  0.036506 0.032481 -0.175824
82 1.071894 3.225800 1.570115  -0.043806 2.859975 1.526247
83 0.000414 6.748898 -0.000065  -0.062702 0.083784 0.022202
84 -0.000046 8.002646 0.000026  -0.067496 -0.117209 -0.115599
85 0.000012 8.580572 -0.000098  0.088213 -0.007187 0.334604
86 0.000168 8.689829 -0.000041  0.065327 -0.412430 -0.134518
87 -1.514545 2.104638 0.318055  -0.024895 3.094490 1.569496
88 0.000193 6.982283 0.000011  -0.107589 -0.057624 -0.215715
89 -0.000008 8.382873 -0.000067  0.135031 -0.099914 0.287073
90 -0.000058 8.697672 0.000023  -0.148091 -0.510100 0.044839
91 -0.000133 8.921824 0.000080  -0.236826 -0.892635 0.098804
92 3.553612 -3.478043 2.409277  0.000820 0.762046 1.535309
93 -0.000003 4.476908 -0.000008  -0.151004 -0.588331 0.377259
94 0.000032 4.514120 -0.000024  -0.228867 -2.996200 0.592368
95 0.000044 4.518385 -0.000024  0.143171 2.612778 0.693385
96 0.000021 3.598325 0.000023  -0.749301 0.869853 -0.773231
97  4.209916 -0.440348 1.018824  -1.706333 -1.860134 -0.049728
98  4.265510 1.434222 -0.404992  -1.735102 0.444747 -0.622176
99  9.400231 0.017940 0.083200  0.077933 -0.063239 -1.405498
100  10.242418 0.033589 0.064483  1.873238 -0.633561 -0.143875
101  3.465857 -0.059678 0.016691  -0.016690 0.093724 -0.026549
102  1.655594 -0.000028 0.000022  0.054681 -0.208550 -1.005670
103  0.960773 -0.000001 -0.000006  0.031109 -0.091625 -0.883508
104  3.462026 -0.064244 0.939906  0.315355 -0.069047 0.044969
105  1.497178 -0.000001 0.000021  -0.478327 -0.072169 -0.184232
106  0.793761 0.000007 -0.000006  -0.011086 0.028869 -0.535363
107  0.591662 -0.460688 0.835204  -1.003854 -0.540611 -0.476412
108  1.556139 0.000003 -0.000003  -0.173912 0.132751 0.463880
109  1.135904 0.000018 0.000001  -0.013585 -0.025974 0.244979
110  3.084270 -0.668819 -1.257089  -0.567273 0.142701 -0.780577
111  1.064204 -0.000004 0.000005  -0.101213 0.124700 -1.710892
112  0.640335 0.000000 -0.000009  -0.035910 0.066661 -1.386453
113  3.396821 -0.242136 -0.708693  -0.276850 0.175741 -0.396177
114  1.532969 0.000010 0.000006  0.025548 -0.018806 -1.603607
115  0.832980 -0.000004 0.000001  0.047925 -0.022769 -1.620586
116  4.209939 -0.440346 -1.019279  1.600563 2.051279 -0.153621
117  4.266747 1.424934 0.424937  1.387374 -0.226236 -0.494712
118  9.398566 0.011947 -0.082511  -0.025228 0.066894 -0.678325
119  10.242444 0.028178 -0.062904  -1.876907 -0.015664 0.159845
120  3.465744 -0.067528 0.002266  -0.146662 0.144439 -1.482378
121  1.655562 0.000005 0.000007  -0.164156 0.184463 -1.166697
122  0.960907 0.000005 0.000001  -0.018935 0.176620 -0.890998
123  3.466855 -0.077781 -0.920911  -0.345906 0.021130 -1.405113
124  1.497265 -0.000029 -0.000024  -0.569246 0.313524 -0.986933
125  0.793789 -0.000003 0.000001  -0.224980 0.388706 -0.772651
126  0.595078 -0.467154 -0.829178  2.496989 0.699763 -0.529555
127  1.555677 0.000013 -0.000006  0.444198 0.348312 0.809838
128  1.136816 -0.000008 -0.000002  0.424998 0.399059 0.906783
129  3.075974 -0.667970 1.277699  0.301081 0.277000 -1.620654
130  1.064595 0.000022 0.000011  0.046915 -0.125236 -1.038822
131  0.640362 -0.000014 -0.000004  -0.104291 -0.023771 -0.471513
132  3.392413 -0.245371 0.728374  0.063844 0.192823 -1.598641
133  1.532736 -0.000009 0.000000  -0.000848 0.025484 -1.121846
134  0.833151 0.000011 0.000006  -0.082769 -0.069998 -1.040855
135  3.590108 -3.090294 1.193972  1.635457 1.210566 1.548541
136  3.589561 -3.089880 -1.196372  -1.505736 1.210473 -1.592853
137  -0.436561 4.719025 -0.001076  -0.000768 -1.570733 1.693187
138  0.000000 2.775451 -0.000236  -0.135089 0.000001 -0.000000
139  -0.000001 3.189769 0.000008  0.207820 -0.000000 0.000000
140  0.000000 3.504651 0.000045  -0.261876 0.000000 -0.000000
141  0.000000 2.863197 -0.000002  -0.051268 -0.000000 -0.000000
time 50
0  -1.259002 0.333874 39.265903  1.570862 0.000000 -0.000000
1  0.002636 43.025146 0.734438  0.039830 -0.762389 -0.155776
2  3.061858 -4.181015 -0.610803  -1.435138 -0.148173 -1.104983
3  18.476774 0.000159 -0.000001  0.002759 -0.034101 0.447031
4  17.490086 0.000116 0.000003  -0.075469 0.368507 -1.299723
5  -3.065330 -4.183581 -0.611479  -1.489568 0.005353 -1.697077
6  18.474857 -0.000034 -0.000008  -0.002770 0.037377 0.487256
7  17.489584 0.001916 -0.000008  0.109394 -0.086446 -1.405542
8  -0.000117 -0.048887 -0.576226  1.407018 0.272931 1.570206
9  3.224484 0.767046 0.000495  0.106483 0.022261 0.208199
10  3.223910 0.226400 -0.001944  -0.170706 -0.069343 0.260737
11  5.187320 -1.262559 -0.001177  0.000012 0.000066 0.194111
12  6.928411 -1.935314 -0.000227  3.118588 -0.039983 0.290875
13  3.236365 1.079608 0.000060  0.994357 0.176218 0.331617
14 0.833755 3.805353 0.692955  -0.040491 0.554885 1.469871
15 0.000049 6.792204 0.000039  0.007990 0.036070 -0.011406
16 -0.000068 7.744817 0.000017  -0.017441 -0.155305 0.068150
17 0.000069 7.809700 0.000017  -0.033637 0.005026 0.006142
18 -0.000025 7.867676 0.000019  -0.073329 -0.127909 0.026375
19 3.494699 -1.749089 -3.006912  0.152547 2.070419 1.936945
20 0.000118 4.478323 0.000017  -0.194658 0.310431 -0.234995
21 0.000049 4.636110 -0.000029  0.035821 0.324592 -0.151768
22 -0.000043 5.008652 0.000012  0.075999 -0.286564 0.276091
23 0.000064 4.781164 0.000011  0.904399 -2.690903 -0.015798
24 2.253036 1.989063 -3.350106  -1.523631 1.324497 0.112400
25 0.000160 6.589460 0.000173  0.206354 -0.002129 -0.080395
26 0.000043 7.491420 0.000040  -0.333512 0.184455 -0.191166
27 0.000027 7.660300 -0.000058  -0.063175 0.127194 -0.062118
28 0.000007 7.256266 0.000021  -0.052939 -0.487829 0.313813
29 -0.791161 2.265123 -1.234655  -0.753899 1.136377 0.824672
30 -0.000260 8.572267 -0.000091  -0.222843 -0.296789 0.176504
31 -0.000096 8.117216 0.000047  0.072255 0.772520 -0.285589
32 -0.000081 8.230029 -0.000068  -0.080491 -0.347232 0.072254
33 0.000058 7.366725 0.000052  -0.015395 -0.663891 0.062742
34 0.224212 0.240128 -3.218158  -0.877381 1.468889 0.577825
35 -0.000101 7.721057 -0.000314  -0.283829 0.060497 -0.167556
36 -0.000030 7.374850 -0.000002  0.007536 -0.195022 0.049540
37 0.000074 6.848102 0.000007  0.005484 0.006496 -0.033649
38 -0.000054 7.777872 0.000009  -0.186097 0.182474 -0.152847
39 -1.514468 2.104650 -1.150167  -0.029092 0.541320 1.555677
40 -0.000168 6.982347 -0.000077  -0.199699 -0.041213 0.153490
41 0.000041 8.382865 -0.000072  0.044866 0.587987 -0.257961
42 0.000012 8.697711 -0.000026  -0.102637 -0.474319 0.290944
43 0.000055 8.921804 -0.000003  -0.076258 0.581004 -0.195605
44 1.196186 2.899154 -2.353086  -0.449719 1.030105 1.287427
45 0.000105 5.476939 0.000005  0.285574 -0.099352 -0.038446
46 -0.000075 6.060445 -0.000095  -0.155020 -0.575032 0.384610
47 0.000015 5.994262 0.000029  0.033940 0.288575 -0.067729
48 -0.000006 6.100487 0.000003  -0.068405 0.299273 -0.162153
49 0.000032 6.916760 0.000008  -0.096317 0.220533 -0.107966
50 0.000149 6.435059 -0.000044  -0.037459 0.171630 -0.116572
51 1.092790 3.649513 -1.738794  -0.148600 0.876612 1.445020
52 -0.000129 6.792200 -0.000103  0.008285 0.107792 -0.048643
53 -0.000088 7.744781 -0.000034  0.057137 -0.256893 0.015458
54 0.000083 9.115019 -0.000039  -0.020393 0.256253 -0.142636
55 3.494517 -1.749100 3.007064  0.118402 1.106974 1.813810
56 0.000015 4.323837 0.000088  -0.229909 -0.770942 0.449225
57 0.000028 4.872903 -0.000023  0.367244 -0.664052 -0.254033
58 0.000005 5.056655 0.000092  -0.511236 0.856586 -0.546324
59 2.292462 1.708619 3.661675  -1.762558 1.789110 -0.218972
60 -0.000174 6.589435 0.000268  -0.007132 -0.169123 0.176909
61 0.000171 7.491494 -0.000154  -0.132413 -0.107098 0.179328
62 -0.000139 8.249660 0.000142  0.041912 -0.058209 0.015814
63 0.000072 8.605236 -0.000026  0.101585 0.501824 -0.079697
64 -0.240492 2.066073 2.349267  -0.357331 2.461714 1.296080
65 -0.000082 7.721110 -0.000003  -0.208230 -0.126223 -0.116496
66 -0.000122 7.374869 -0.000047  -0.111018 0.046939 -0.046463
67 -0.000035 6.848060 -0.000027  0.273532 0.247523 0.299908
68 0.000034 7.777824 -0.000044  0.072921 0.186148 -0.052688
69 -0.000086 8.178052 0.000011  -0.087029 -0.422849 -0.381360
70 1.617601 3.431415 2.399266  -0.249454 2.569515 1.508571
71 -0.000167 5.476944 -0.000029  0.057729 0.074072 0.060285
72 -0.000094 6.060497 -0.000006  -0.015204 0.015650 -0.152065
73 0.000028 5.994255 0.000011  -0.126212 -0.157657 0.153302
74 -0.000080 7.076877 -0.000046  -0.008117 0.010385 0.036400
75 0.000006 7.089869 -0.000071  0.070875 0.098587 -0.025893
76 0.361109 0.886684 3.287746  -0.576373 1.978709 0.939011
77 -0.000065 6.686645 0.000223  -0.146568 0.414164 -0.327707
78 -0.000011 7.638015 0.000013  -0.079524 -0.025948 0.130956
79 -0.000031 7.290228 -0.000019  0.025325 -0.093908 0.023963
80 -0.000033 6.530373 0.000007  -0.261847 -0.300601 0.006734
81 0.000063 7.224882 0.000005  0.036506 0.032481 -0.175824
82 1.071894 3.225800 1.570115  -0.043806 2.859975 1.526247
83 0.000414 6.748898 -0.000065  -0.062702 0.083784 0.022202
84 -0.000046 8.002646 0.000026  -0.067496 -0.117209 -0.115599
85 0.000012 8.580572 -0.000098  0.088213 -0.007187 0.334604
86 0.000168 8.689829 -0.000041  0.065327 -0.412430 -0.134518
87 -1.514545 2.104638 0.318055  -0.024895 3.094490 1.569496
88 0.000193 6.982283 0.000011  -0.107589 -0.057624 -0.215715
89 -0.000008 8.382873 -0.000067  0.135031 -0.099914 0.287073
90 -0.000058 8.697672 0.000023  -0.148091 -0.510100 0.044839
91 -0.000133 8.921824 0.000080  -0.236826 -0.892635 0.098804
92 3.553612 -3.478043 2.409277  0.000820 0.762046 1.535309
93 -0.000003 4.476908 -0.000008  -0.151004 -0.588331 0.377259
94 0.000032 4.514120 -0.000024  -0.228867 -2.996200 0.592368
95 0.000044 4.518385 -0.000024  0.143171 2.612778 0.693385
96 0.000021 3.598325 0.000023  -0.749301 0.869853 -0.773231
97  4.209921 -0.440349 1.018824  -1.728465 -1.867832 -0.028612
98  4.265507 1.434230 -0.404991  -1.740082 0.434885 -0.616050
99  9.400228 0.017940 0.083204  0.079687 -0.062463 -1.430819
100  10.242416 0.033592 0.064484  1.893318 -0.634559 -0.162552
101  3.465856 -0.059679 0.016693  -0.016605 0.095346 -0.019522
102  1.655596 -0.000021 0.000022  0.053906 -0.208035 -1.001018
103  0.960768 -0.000003 -0.000005  0.030394 -0.090924 -0.878417
104  3.462027 -0.064247 0.939908  0.315600 -0.069190 0.043488
105  1.497177 -0.000008 0.000021  -0.477010 -0.084557 -0.213138
106  0.793760 0.000010 -0.000000  -0.012875 0.031500 -0.567621
107  0.591661 -0.460690 0.835207  -1.003795 -0.564618 -0.475846
108  1.556140 0.000001 0.000001  -0.176079 0.126953 0.450721
109  1.135904 0.000018 0.000006  -0.014580 -0.030040 0.235176
110  3.084267 -0.668821 -1.257085  -0.567809 0.144767 -0.777466
111  1.064201 -0.000003 0.000006  -0.098152 0.125704 -1.681061
112  0.640338 0.000006 -0.000008  -0.037161 0.068942 -1.354178
113  3.396821 -0.242139 -0.708689  -0.276886 0.177739 -0.391150
114  1.532967 0.000004 0.000006  0.025083 -0.017776 -1.568830
115  0.832974 -0.000003 -0.000001  0.043460 -0.020458 -1.584736
116  4.209941 -0.440344 -1.019279  1.598214 2.051368 -0.155917
117  4.266746 1.424932 0.424936  1.380706 -0.222666 -0.477643
118  9.398568 0.011948 -0.082513  -0.025156 0.066869 -0.677346
119  10.242440 0.028177 -0.062914  -1.874711 -0.033083 0.152339
120  3.465742 -0.067529 0.002266  -0.146662 0.144439 -1.482378
121  1.655563 0.000006 0.000005  -0.164156 0.184463 -1.166697
122  0.960909 0.000000 -0.000001  -0.018935 0.176620 -0.890998
123  3.466852 -0.077784 -0.920910  -0.345906 0.021130 -1.405113
124  1.497263 -0.000034 -0.000023  -0.569246 0.313524 -0.986932
125  0.793790 -0.000005 0.000001  -0.224980 0.388706 -0.772651
126  0.595078 -0.467155 -0.829177  2.496989 0.699763 -0.529555
127  1.555672 0.000014 -0.000002  0.444198 0.348312 0.809838
128  1.136807 -0.000008 -0.000003  0.424998 0.399059 0.906783
129  3.075968 -0.667971 1.277700  0.301081 0.277000 -1.620654
130  1.064595 0.000017 0.000011  0.046915 -0.125236 -1.038822
131  0.640362 -0.000015 -0.000002  -0.104291 -0.023771 -0.471513
132  3.392410 -0.245374 0.728376  0.063845 0.192823 -1.598641
133  1.532738 -0.000007 -0.000003  -0.000848 0.025484 -1.121846
134  0.833150 0.000007 0.000007  -0.082769 -0.069998 -1.040855
135  3.590109 -3.090294 1.193972  1.635457 1.210566 1.548541
136  3.589558 -3.089879 -1.196373  -1.505736 1.210473 -1.592853
137  -0.436562 4.719027 -0.001076  -0.000591 -1.570733 1.693349
138  0.000000 2.775455 -0.000236  -0.135089 0.000001 -0.000000
139  0.000000 3.189767 0.000008  0.207820 0.000000 0.000000
140  0.000002 3.504650 0.000044  -0.261876 0.000000 -0.000000
141  0.000000 2.863203 -0.000003  -0.051268 -0.000000 -0.000000
time 51
0  -1.339426 0.243302 39.430744  1.570862 0.000000 -0.000000
1  0.002636 43.025146 0.734438  0.024420 -0.741261 -0.154990
2  3.061857 -4.181012 -0.610804  -1.435273 -0.128845 -1.102316
3  18.476776 0.000158 0.000001  0.002695 -0.031287 0.412693
4  17.490084 0.000116 0.000005  -0.051435 0.386891 -1.266267
5  -3.065330 -4.183575 -0.611479  -1.476317 0.051577 -1.693957
6  18.474857 -0.000034 -0.000008  -0.002801 0.033072 0.434709
7  17.489586 0.001916 -0.000007  0.107976 -0.081491 -1.379065
8  -0.000116 -0.048888 -0.576226  1.399661 0.271704 1.568355
9  3.224488 0.767047 0.000496  0.096723 0.022523 0.209675
10  3.223907 0.226399 -0.001944  -0.177262 -0.068328 0.262380
11  5.187315 -1.262560 -0.001177  0.000012 0.000066 0.194111
12  6.928415 -1.935313 -0.000228  3.125366 -0.030270 0.296971
13  3.236371 1.079613 0.000056  0.991618 0.164583 0.331587
14 0.833755 3.805353 0.692955  -0.040491 0.554885 1.469871
15 0.000049 6.792204 0.000039  0.007990 0.036070 -0.011406
16 -0.000068 7.744817 0.000017  -0.017441 -0.155305 0.068150
17 0.000069 7.809700 0.000017  -0.033637 0.005026 0.006142
18 -0.000025 7.867676 0.000019  -0.073329 -0.127909 0.026375
19 3.494699 -1.749089 -3.006912  0.152547 2.070419 1.936945
20 0.000118 4.478323 0.000017  -0.194658 0.310431 -0.234995
21 0.000049 4.636110 -0.000029  0.035821 0.324592 -0.151768
22 -0.000043 5.008652 0.000012  0.075999 -0.286564 0.276091
23 0.000064 4.781164 0.000011  0.904399 -2.690903 -0.015798
24 2.253036 1.989063 -3.350106  -1.523631 1.324497 0.112400
25 0.000160 6.589460 0.000173  0.206354 -0.002129 -0.080395
26 0.000043 7.491420 0.000040  -0.333512 0.184455 -0.191166
27 0.000027 7.660300 -0.000058  -0.063175 0.127194 -0.062118
28 0.000007 7.256266 0.000021  -0.052939 -0.487829 0.313813
29 -0.791161 2.265123 -1.234655  -0.753899 1.136377 0.824672
30 -0.000260 8.572267 -0.000091  -0.222843 -0.296789 0.176504
31 -0.000096 8.117216 0.000047  0.072255 0.772520 -0.285589
32 -0.000081 8.230029 -0.000068  -0.080491 -0.347232 0.072254
33 0.000058 7.366725 0.000052  -0.015395 -0.663891 0.062742
34 0.224212 0.240128 -3.218158  -0.877381 1.468889 0.577825
35 -0.000101 7.721057 -0.000314  -0.283829 0.060497 -0.167556
36 -0.000030 7.374850 -0.000002  0.007536 -0.195022 0.049540
37 0.000074 6.848102 0.000007  0.005484 0.006496 -0.033649
38 -0.000054 7.777872 0.000009  -0.186097 0.182474 -0.152847
39 -1.514468 2.104650 -1.150167  -0.029092 0.541320 1.555677
40 -0.000168 6.982347 -0.000077  -0.199699 -0.041213 0.153490
41 0.000041 8.382865 -0.000072  0.044866 0.587987 -0.257961
42 0.000012 8.697711 -0.000026  -0.102637 -0.474319 0.290944
43 0.000055 8.921804 -0.000003  -0.076258 0.581004 -0.195605
44 1.196186 2.899154 -2.353086  -0.449719 1.030105 1.287427
45 0.000105 5.476939 0.000005  0.285574 -0.099352 -0.038446
46 -0.000075 6.060445 -0.000095  -0.155020 -0.575032 0.384610
47 0.000015 5.994262 0.000029  0.033940 0.288575 -0.067729
48 -0.000006 6.100487 0.000003  -0.068405 0.299273 -0.162153
49 0.000032 6.916760 0.000008  -0.096317 0.220533 -0.107966
50 0.000149 6.435059 -0.000044  -0.037459 0.171630 -0.116572
51 1.092790 3.649513 -1.738794  -0.148600 0.876612 1.445020
52 -0.000129 6.792200 -0.000103  0.008285 0.107792 -0.048643
53 -0.000088 7.744781 -0.000034  0.057137 -0.256893 0.015458
54 0.000083 9.115019 -0.000039  -0.020393 0.256253 -0.142636
55 3.494517 -1.749100 3.007064  0.118402 1.106974 1.813810
56 0.000015 4.323837 0.000088  -0.229909 -0.770942 0.449225
57 0.000028 4.872903 -0.000023  0.367244 -0.664052 -0.254033
58 0.000005 5.056655 0.000092  -0.511236 0.856586 -0.546324
59 2.292462 1.708619 3.661675  -1.762558 1.789110 -0.218972
60 -0.000174 6.589435 0.000268  -0.007132 -0.169123 0.176909
61 0.000171 7.491494 -0.000154  -0.132413 -0.107098 0.179328
62 -0.000139 8.249660 0.000142  0.041912 -0.058209 0.015814
63 0.000072 8.605236 -0.000026  0.101585 0.501824 -0.079697
64 -0.240492 2.066073 2.349267  -0.357331 2.461714 1.296080
65 -0.000082 7.721110 -0.000003  -0.208230 -0.126223 -0.116496
66 -0.000122 7.374869 -0.000047  -0.111018 0.046939 -0.046463
67 -0.000035 6.848060 -0.000027  0.273532 0.247523 0.299908
68 0.000034 7.777824 -0.000044  0.072921 0.186148 -0.052688
69 -0.000086 8.178052 0.000011  -0.087029 -0.422849 -0.381360
70 1.617601 3.431415 2.399266  -0.249454 2.569515 1.508571
71 -0.000167 5.476944 -0.000029  0.057729 0.074072 0.060285
72 -0.000094 6.060497 -0.000006  -0.015204 0.015650 -0.152065
73 0.000028 5.994255 0.000011  -0.126212 -0.157657 0.153302
74 -0.000080 7.076877 -0.000046  -0.008117 0.010385 0.036400
75 0.000006 7.089869 -0.000071  0.070875 0.098587 -0.025893
76 0.361109 0.886684 3.287746  -0.576373 1.978709 0.939011
77 -0.000065 6.686645 0.000223  -0.146568 0.414164 -0.327707
78 -0.000011 7.638015 0.000013  -0.079524 -0.025948 0.130956
79 -0.000031 7.290228 -0.000019  0.025325 -0.093908 0.023963
80 -0.000033 6.530373 0.000007  -0.261847 -0.300601 0.006734
81 0.000063 7.224882 0.000005  0.036506 0.032481 -0.175824
82 1.071894 3.225800 1.570115  -0.043806 2.859975 1.526247
83 0.000414 6.748898 -0.000065  -0.062702 0.083784 0.022202
84 -0.000046 8.002646 0.000026  -0.067496 -0.117209 -0.115599
85 0.000012 8.580572 -0.000098  0.088213 -0.007187 0.334604
86 0.000168 8.689829 -0.000041  0.065327 -0.412430 -0.134518
87 -1.514545 2.104638 0.318055  -0.024895 3.094490 1.569496
88 0.000193 6.982283 0.000011  -0.107589 -0.057624 -0.215715
89 -0.000008 8.382873 -0.000067  0.135031 -0.099914 0.287073
90 -0.000058 8.697672 0.000023  -0.148091 -0.510100 0.044839
91 -0.000133 8.921824 0.000080  -0.236826 -0.892635 0.098804
92 3.553612 -3.478043 2.409277  0.000820 0.762046 1.535309
93 -0.000003 4.476908 -0.000008  -0.151004 -0.588331 0.377259
94 0.000032 4.514120 -0.000024  -0.228867 -2.996200 0.592368
95 0.000044 4.518385 -0.000024  0.143171 2.612778 0.693385
96 0.000021 3.598325 0.000023  -0.749301 0.869853 -0.773231
97  4.209922 -0.440344 1.018823  -1.749831 -1.876736 -0.008396
98  4.265504 1.434242 -0.404991  -1.734965 0.422701 -0.605474
99  9.400235 0.017940 0.083201  0.081468 -0.061620 -1.456843
100  10.242420 0.033585 0.064486  1.912487 -0.636545 -0.180928
101  3.465858 -0.059679 0.016691  -0.016535 0.097671 -0.009241
102  1.655594 -0.000019 0.000025  0.051301 -0.206299 -0.985233
103  0.960771 -0.000000 -0.000007  0.028045 -0.088448 -0.860965
104  3.462029 -0.064247 0.939906  0.315845 -0.069379 0.040901
105  1.497176 -0.000012 0.000022  -0.475038 -0.099079 -0.247314
106  0.793757 -0.000001 0.000001  -0.015119 0.034453 -0.605678
107  0.591664 -0.460689 0.835207  -1.002984 -0.587560 -0.475875
108  1.556139 -0.000000 -0.000006  -0.179545 0.117316 0.429094
109  1.135903 0.000019 0.000003  -0.015324 -0.033693 0.227464
110  3.084270 -0.668821 -1.257086  -0.568420 0.147090 -0.773843
111  1.064199 -0.000005 0.000001  -0.093723 0.126972 -1.638803
112  0.640337 0.000002 -0.000002  -0.038772 0.072207 -1.308396
113  3.396824 -0.242138 -0.708690  -0.276891 0.180081 -0.385378
114  1.532967 0.000007 0.000010  0.024303 -0.016081 -1.511567
115  0.832969 -0.000003 0.000000  0.036253 -0.016321 -1.525595
116  4.209944 -0.440342 -1.019279  1.596894 2.051636 -0.156860
117  4.266743 1.424943 0.424937  1.370463 -0.210009 -0.469001
118  9.398568 0.011952 -0.082518  -0.023127 0.066116 -0.649435
119  10.242435 0.028178 -0.062904  -1.872022 -0.041790 0.131433
120  3.465748 -0.067523 0.002265  -0.146662 0.144439 -1.482377
121  1.655557 0.000003 0.000004  -0.164156 0.184463 -1.166697
122  0.960908 0.000006 0.000001  -0.018935 0.176620 -0.890998
123  3.466853 -0.077777 -0.920910  -0.345906 0.021130 -1.405113
124  1.497263 -0.000033 -0.000023  -0.569246 0.313524 -0.986932
125  0.793788 -0.000011 -0.000003  -0.224980 0.388706 -0.772651
126  0.595081 -0.467149 -0.829178  2.496989 0.699763 -0.529555
127  1.555671 0.000013 -0.000002  0.444198 0.348312 0.809838
128  1.136813 -0.000007 -0.000004  0.424998 0.399059 0.906783
129  3.075971 -0.667963 1.277699  0.301081 0.277000 -1.620654
130  1.064590 0.000021 0.000012  0.046915 -0.125236 -1.038822
131  0.640361 -0.000013 -0.000003  -0.104291 -0.023771 -0.471513
132  3.392411 -0.245365 0.728375  0.063845 0.192823 -1.598641
133  1.532736 -0.000011 -0.000000  -0.000848 0.025484 -1.121846
134  0.833151 0.000010 0.000005  -0.082769 -0.069998 -1.040855
135  3.590108 -3.090296 1.193971  1.635457 1.210566 1.548541
136  3.589555 -3.089880 -1.196373  -1.505736 1.210473 -1.592853
137  -0.436563 4.719026 -0.001077  -0.000295 -1.570733 1.693363
138  0.000000 2.775454 -0.000236  -0.135089 0.000001 -0.000000
139  0.000001 3.189773 0.000008  0.207820 -0.000000 0.000000
140  0.000001 3.504648 0.000045  -0.261876 -0.000000 -0.000000
141  0.000000 2.863198 -0.000002  -0.051268 -0.000000 -0.000000
time 52
0  -1.419849 0.152745 39.559204  1.570862 0.000000 -0.000000
1  0.002636 43.025146 0.734438  0.008570 -0.717287 -0.155782
2  3.061858 -4.181011 -0.610804  -1.435212 -0.110757 -1.097631
3  18.476776 0.000158 -0.000000  0.002555 -0.028758 0.381799
4  17.490086 0.000117 0.000003  -0.030024 0.409985 -1.239981
5  -3.065329 -4.183578 -0.611480  -1.463043 0.098527 -1.688274
6  18.474855 -0.000034 -0.000006  -0.002618 0.028949 0.384355
7  17.489584 0.001916 -0.000006  0.107665 -0.073773 -1.351862
8  -0.000117 -0.048885 -0.576226  1.391740 0.270400 1.566460
9  3.224488 0.767048 0.000495  0.086113 0.022932 0.211144
10  3.223903 0.226399 -0.001944  -0.184402 -0.067076 0.264019
11  5.187316 -1.262559 -0.001176  0.000012 0.000066 0.194111
12  6.928412 -1.935313 -0.000228  3.133238 -0.018939 0.304972
13  3.236367 1.079610 0.000057  0.983395 0.153170 0.327300
14 0.833755 3.805353 0.692955  -0.040491 0.554885 1.469871
15 0.000049 6.792204 0.000039  0.007990 0.036070 -0.011406
16 -0.000068 7.744817 0.000017  -0.017441 -0.155305 0.068150
17 0.000069 7.809700 0.000017  -0.033637 0.005026 0.006142
18 -0.000025 7.867676 0.000019  -0.073329 -0.127909 0.026375
19 3.494699 -1.749089 -3.006912  0.152547 2.070419 1.936945
20 0.000118 4.478323 0.000017  -0.194658 0.310431 -0.234995
21 0.000049 4.636110 -0.000029  0.035821 0.324592 -0.151768
22 -0.000043 5.008652 0.000012  0.075999 -0.286564 0.276091
23 0.000064 4.781164 0.000011  0.904399 -2.690903 -0.015798
24 2.253036 1.989063 -3.350106  -1.523631 1.324497 0.112400
25 0.000160 6.589460 0.000173  0.206354 -0.002129 -0.080395
26 0.000043 7.491420 0.000040  -0.333512 0.184455 -0.191166
27 0.000027 7.660300 -0.000058  -0.063175 0.127194 -0.062118
28 0.000007 7.256266 0.000021  -0.052939 -0.487829 0.313813
29 -0.791161 2.265123 -1.234655  -0.753899 1.136377 0.824672
30 -0.000260 8.572267 -0.000091  -0.222843 -0.296789 0.176504
31 -0.000096 8.117216 0.000047  0.072255 0.772520 -0.285589
32 -0.000081 8.230029 -0.000068  -0.080491 -0.347232 0.072254
33 0.000058 7.366725 0.000052  -0.015395 -0.663891 0.062742
34 0.224212 0.240128 -3.218158  -0.877381 1.468889 0.577825
35 -0.000101 7.721057 -0.000314  -0.283829 0.060497 -0.167556
36 -0.000030 7.374850 -0.000002  0.007536 -0.195022 0.049540
37 0.000074 6.848102 0.000007  0.005484 0.006496 -0.033649
38 -0.000054 7.777872 0.000009  -0.186097 0.182474 -0.152847
39 -1.514468 2.104650 -1.150167  -0.029092 0.541320 1.555677
40 -0.000168 6.982347 -0.000077  -0.199699 -0.041213 0.153490
41 0.000041 8.382865 -0.000072  0.044866 0.587987 -0.257961
42 0.000012 8.697711 -0.000026  -0.102637 -0.474319 0.290944
43 0.000055 8.921804 -0.000003  -0.076258 0.581004 -0.195605
44 1.196186 2.899154 -2.353086  -0.449719 1.030105 1.287427
45 0.000105 5.476939 0.000005  0.285574 -0.099352 -0.038446
46 -0.000075 6.060445 -0.000095  -0.155020 -0.575032 0.384610
47 0.000015 5.994262 0.000029  0.033940 0.288575 -0.067729
48 -0.000006 6.100487 0.000003  -0.068405 0.299273 -0.162153
49 0.000032 6.916760 0.000008  -0.096317 0.220533 -0.107966
50 0.000149 6.435059 -0.000044  -0.037459 0.171630 -0.116572
51 1.092790 3.649513 -1.738794  -0.148600 0.876612 1.445020
52 -0.000129 6.792200 -0.000103  0.008285 0.107792 -0.048643
53 -0.000088 7.744781 -0.000034  0.057137 -0.256893 0.015458
54 0.000083 9.115019 -0.000039  -0.020393 0.256253 -0.142636
55 3.494517 -1.749100 3.007064  0.118402 1.106974 1.813810
56 0.000015 4.323837 0.000088  -0.229909 -0.770942 0.449225
57 0.000028 4.872903 -0.000023  0.367244 -0.664052 -0.254033
58 0.000005 5.056655 0.000092  -0.511236 0.856586 -0.546324
59 2.292462 1.708619 3.661675  -1.762558 1.789110 -0.218972
60 -0.000174 6.589435 0.000268  -0.007132 -0.169123 0.176909
61 0.000171 7.491494 -0.000154  -0.132413 -0.107098 0.179328
62 -0.000139 8.249660 0.000142  0.041912 -0.058209 0.015814
63 0.000072 8.605236 -0.000026  0.101585 0.501824 -0.079697
64 -0.240492 2.066073 2.349267  -0.357331 2.461714 1.296080
65 -0.000082 7.721110 -0.000003  -0.208230 -0.126223 -0.116496
66 -0.000122 7.374869 -0.000047  -0.111018 0.046939 -0.046463
67 -0.000035 6.848060 -0.000027  0.273532 0.247523 0.299908
68 0.000034 7.777824 -0.000044  0.072921 0.186148 -0.052688
69 -0.000086 8.178052 0.000011  -0.087029 -0.422849 -0.381360
70 1.617601 3.431415 2.399266  -0.249454 2.569515 1.508571
71 -0.000167 5.476944 -0.000029  0.057729 0.074072 0.060285
72 -0.000094 6.060497 -0.000006  -0.015204 0.015650 -0.152065
73 0.000028 5.994255 0.000011  -0.126212 -0.157657 0.153302
74 -0.000080 7.076877 -0.000046  -0.008117 0.010385 0.036400
75 0.000006 7.089869 -0.000071  0.070875 0.098587 -0.025893
76 0.361109 0.886684 3.287746  -0.576373 1.978709 0.939011
77 -0.000065 6.686645 0.000223  -0.146568 0.414164 -0.327707
78 -0.000011 7.638015 0.000013  -0.079524 -0.025948 0.130956
79 -0.000031 7.290228 -0.000019  0.025325 -0.093908 0.023963
80 -0.000033 6.530373 0.000007  -0.261847 -0.300601 0.006734
81 0.000063 7.224882 0.000005  0.036506 0.032481 -0.175824
82 1.071894 3.225800 1.570115  -0.043806 2.859975 1.526247
83 0.000414 6.748898 -0.000065  -0.062702 0.083784 0.022202
84 -0.000046 8.002646 0.000026  -0.067496 -0.117209 -0.115599
85 0.000012 8.580572 -0.000098  0.088213 -0.007187 0.334604
86 0.000168 8.689829 -0.000041  0.065327 -0.412430 -0.134518
87 -1.514545 2.104638 0.318055  -0.024895 3.094490 1.569496
88 0.000193 6.982283 0.000011  -0.107589 -0.057624 -0.215715
89 -0.000008 8.382873 -0.000067  0.135031 -0.099914 0.287073
90 -0.000058 8.697672 0.000023  -0.148091 -0.510100 0.044839
91 -0.000133 8.921824 0.000080  -0.236826 -0.892635 0.098804
92 3.553612 -3.478043 2.409277  0.000820 0.762046 1.535309
93 -0.000003 4.476908 -0.000008  -0.151004 -0.588331 0.377259
94 0.000032 4.514120 -0.000024  -0.228867 -2.996200 0.592368
95 0.000044 4.518385 -0.000024  0.143171 2.612778 0.693385
96 0.000021 3.598325 0.000023  -0.749301 0.869853 -0.773231
97  4.209924 -0.440345 1.018822  -1.769531 -1.886340 0.010128
98  4.265504 1.434234 -0.404991  -1.724246 0.409284 -0.592437
99  9.400239 0.017939 0.083203  0.083247 -0.060720 -1.483180
100  10.242418 0.033590 0.064483  1.931262 -0.638981 -0.199298
101  3.465855 -0.059683 0.016692  -0.016435 0.100420 0.002915
102  1.655593 -0.000019 0.000023  0.047698 -0.203803 -0.963105
103  0.960768 -0.000005 -0.000009  0.024847 -0.084970 -0.836542
104  3.462030 -0.064248 0.939909  0.316092 -0.069687 0.037711
105  1.497179 -0.000013 0.000021  -0.472303 -0.114742 -0.284623
106  0.793759 0.000007 -0.000002  -0.017684 0.037581 -0.647174
107  0.591662 -0.460693 0.835206  -1.001636 -0.609890 -0.476343
108  1.556140 0.000001 0.000002  -0.183469 0.105500 0.402621
109  1.135906 0.000018 0.000001  -0.015954 -0.037080 0.220877
110  3.084270 -0.668824 -1.257086  -0.569139 0.149633 -0.770045
111  1.064205 -0.000005 0.000010  -0.088446 0.128223 -1.589382
112  0.640337 0.000004 -0.000007  -0.040524 0.076004 -1.254899
113  3.396823 -0.242143 -0.708691  -0.276921 0.182559 -0.379200
114  1.532967 0.000007 0.000008  0.023543 -0.013896 -1.441406
115  0.832974 -0.000002 -0.000002  0.027737 -0.010780 -1.453202
116  4.209946 -0.440342 -1.019280  1.593604 2.051160 -0.160115
117  4.266745 1.424944 0.424937  1.359751 -0.192160 -0.470470
118  9.398561 0.011949 -0.082518  -0.019537 0.064621 -0.599299
119  10.242435 0.028176 -0.062912  -1.869717 -0.041934 0.096589
120  3.465745 -0.067520 0.002270  -0.146662 0.144439 -1.482378
121  1.655556 0.000005 0.000005  -0.164156 0.184463 -1.166697
122  0.960907 0.000003 0.000001  -0.018935 0.176620 -0.890998
123  3.466854 -0.077775 -0.920907  -0.345906 0.021130 -1.405113
124  1.497258 -0.000034 -0.000022  -0.569246 0.313524 -0.986932
125  0.793789 -0.000012 0.000001  -0.224980 0.388706 -0.772651
126  0.595079 -0.467147 -0.829176  2.496989 0.699763 -0.529555
127  1.555675 0.000016 -0.000002  0.444198 0.348312 0.809838
128  1.136808 -0.000007 -0.000004  0.424998 0.399059 0.906783
129  3.075973 -0.667962 1.277702  0.301081 0.277000 -1.620654
130  1.064597 0.000020 0.000014  0.046915 -0.125236 -1.038822
131  0.640362 -0.000013 -0.000005  -0.104291 -0.023771 -0.471513
132  3.392411 -0.245364 0.728377  0.063845 0.192823 -1.598641
133  1.532736 -0.000009 -0.000003  -0.000848 0.025484 -1.121846
134  0.833147 0.000016 0.000006  -0.082769 -0.069998 -1.040855
135  3.590110 -3.090295 1.193972  1.635457 1.210566 1.548541
136  3.589555 -3.089879 -1.196372  -1.505736 1.210473 -1.592853
137  -0.436563 4.719026 -0.001075  -0.000708 -1.570733 1.693141
138  -0.000000 2.775456 -0.000235  -0.135089 0.000001 -0.000000
139  0.000000 3.189769 0.000007  0.207820 -0.000000 0.000000
140  -0.000000 3.504650 0.000046  -0.261876 0.000000 -0.000000
141  -0.000001 2.863192 -0.000002  -0.051268 0.000000 -0.000000
time 53
0  -1.504066 0.068614 39.678562  1.570862 0.000000 -0.000000
1  0.002636 43.025146 0.734438  -0.007238 -0.692475 -0.157206
2  3.061858 -4.181013 -0.610803  -1.434939 -0.092894 -1.092241
3  18.476776 0.000159 0.000000  0.002336 -0.026231 0.350866
4  17.490086 0.000116 0.000005  -0.007671 0.433591 -1.212473
5  -3.065330 -4.183575 -0.611479  -1.449736 0.147801 -1.680619
6  18.474857 -0.000033 -0.000008  -0.002182 0.024464 0.329369
7  17.489582 0.001915 -0.000006  0.107422 -0.064907 -1.321399
8  -0.000117 -0.048880 -0.576226  1.383568 0.269080 1.564522
9  3.224483 0.767045 0.000496  0.075261 0.023421 0.212611
10  3.223906 0.226400 -0.001944  -0.191721 -0.065782 0.265655
11  5.187323 -1.262559 -0.001178  0.000012 0.000066 0.194111
12  6.928413 -1.935314 -0.000227  -3.141572 -0.007269 0.313509
13  3.236358 1.079611 0.000055  0.973861 0.141869 0.321867
14 0.833755 3.805353 0.692955  -0.040491 0.554885 1.469871
15 0.000049 6.792204 0.000039  0.007990 0.036070 -0.011406
16 -0.000068 7.744817 0.000017  -0.017441 -0.155305 0.068150
17 0.000069 7.809700 0.000017  -0.033637 0.005026 0.006142
18 -0.000025 7.867676 0.000019  -0.073329 -0.127909 0.026375
19 3.494699 -1.749089 -3.006912  0.152547 2.070419 1.936945
20 0.000118 4.478323 0.000017  -0.194658 0.310431 -0.234995
21 0.000049 4.636110 -0.000029  0.035821 0.324592 -0.151768
22 -0.000043 5.008652 0.000012  0.075999 -0.286564 0.276091
23 0.000064 4.781164 0.000011  0.904399 -2.690903 -0.015798
24 2.253036 1.989063 -3.350106  -1.523631 1.324497 0.112400
25 0.000160 6.589460 0.000173  0.206354 -0.002129 -0.080395
26 0.000043 7.491420 0.000040  -0.333512 0.184455 -0.191166
27 0.000027 7.660300 -0.000058  -0.063175 0.127194 -0.062118
28 0.000007 7.256266 0.000021  -0.052939 -0.487829 0.313813
29 -0.791161 2.265123 -1.234655  -0.753899 1.136377 0.824672
30 -0.000260 8.572267 -0.000091  -0.222843 -0.296789 0.176504
31 -0.000096 8.117216 0.000047  0.072255 0.772520 -0.285589
32 -0.000081 8.230029 -0.000068  -0.080491 -0.347232 0.072254
33 0.000058 7.366725 0.000052  -0.015395 -0.663891 0.062742
34 0.224212 0.240128 -3.218158  -0.877381 1.468889 0.577825
35 -0.000101 7.721057 -0.000314  -0.283829 0.060497 -0.167556
36 -0.000030 7.374850 -0.000002  0.007536 -0.195022 0.049540
37 0.000074 6.848102 0.000007  0.005484 0.006496 -0.033649
38 -0.000054 7.777872 0.000009  -0.186097 0.182474 -0.152847
39 -1.514468 2.104650 -1.150167  -0.029092 0.541320 1.555677
40 -0.000168 6.982347 -0.000077  -0.199699 -0.041213 0.153490
41 0.000041 8.382865 -0.000072  0.044866 0.587987 -0.257961
42 0.000012 8.697711 -0.000026  -0.102637 -0.474319 0.290944
43 0.000055 8.921804 -0.000003  -0.076258 0.581004 -0.195605
44 1.196186 2.899154 -2.353086  -0.449719 1.030105 1.287427
45 0.000105 5.476939 0.000005  0.285574 -0.099352 -0.038446
46 -0.000075 6.060445 -0.000095  -0.155020 -0.575032 0.384610
47 0.000015 5.994262 0.000029  0.033940 0.288575 -0.067729
48 -0.000006 6.100487 0.000003  -0.068405 0.299273 -0.162153
49 0.000032 6.916760 0.000008  -0.096317 0.220533 -0.107966
50 0.000149 6.435059 -0.000044  -0.037459 0.171630 -0.116572
51 1.092790 3.649513 -1.738794  -0.148600 0.876612 1.445020
52 -0.000129 6.792200 -0.000103  0.008285 0.107792 -0.048643
53 -0.000088 7.744781 -0.000034  0.057137 -0.256893 0.015458
54 0.000083 9.115019 -0.000039  -0.020393 0.256253 -0.142636
55 3.494517 -1.749100 3.007064  0.118402 1.106974 1.813810
56 0.000015 4.323837 0.000088  -0.229909 -0.770942 0.449225
57 0.000028 4.872903 -0.000023  0.367244 -0.664052 -0.254033
58 0.000005 5.056655 0.000092  -0.511236 0.856586 -0.546324
59 2.292462 1.708619 3.661675  -1.762558 1.789110 -0.218972
60 -0.000174 6.589435 0.000268  -0.007132 -0.169123 0.176909
61 0.000171 7.491494 -0.000154  -0.132413 -0.107098 0.179328
62 -0.000139 8.249660 0.000142  0.041912 -0.058209 0.015814
63 0.000072 8.605236 -0.000026  0.101585 0.501824 -0.079697
64 -0.240492 2.066073 2.349267  -0.357331 2.461714 1.296080
65 -0.000082 7.721110 -0.000003  -0.208230 -0.126223 -0.116496
66 -0.000122 7.374869 -0.000047  -0.111018 0.046939 -0.046463
67 -0.000035 6.848060 -0.000027  0.273532 0.247523 0.299908
68 0.000034 7.777824 -0.000044  0.072921 0.186148 -0.052688
69 -0.000086 8.178052 0.000011  -0.087029 -0.422849 -0.381360
70 1.617601 3.431415 2.399266  -0.249454 2.569515 1.508571
71 -0.000167 5.476944 -0.000029  0.057729 0.074072 0.060285
72 -0.000094 6.060497 -0.000006  -0.015204 0.015650 -0.152065
73 0.000028 5.994255 0.000011  -0.126212 -0.157657 0.153302
74 -0.000080 7.076877 -0.000046  -0.008117 0.010385 0.036400
75 0.000006 7.089869 -0.000071  0.070875 0.098587 -0.025893
76 0.361109 0.886684 3.287746  -0.576373 1.978709 0.939011
77 -0.000065 6.686645 0.000223  -0.146568 0.414164 -0.327707
78 -0.000011 7.638015 0.000013  -0.079524 -0.025948 0.130956
79 -0.000031 7.290228 -0.000019  0.025325 -0.093908 0.023963
80 -0.000033 6.530373 0.000007  -0.261847 -0.300601 0.006734
81 0.000063 7.224882 0.000005  0.036506 0.032481 -0.175824
82 1.071894 3.225800 1.570115  -0.043806 2.859975 1.526247
83 0.000414 6.748898 -0.000065  -0.062702 0.083784 0.022202
84 -0.000046 8.002646 0.000026  -0.067496 -0.117209 -0.115599
85 0.000012 8.580572 -0.000098  0.088213 -0.007187 0.334604
86 0.000168 8.689829 -0.000041  0.065327 -0.412430 -0.134518
87 -1.514545 2.104638 0.318055  -0.024895 3.094490 1.569496
88 0.000193 6.982283 0.000011  -0.107589 -0.057624 -0.215715
89 -0.000008 8.382873 -0.000067  0.135031 -0.099914 0.287073
90 -0.000058 8.697672 0.000023  -0.148091 -0.510100 0.044839
91 -0.000133 8.921824 0.000080  -0.236826 -0.892635 0.098804
92 3.553612 -3.478043 2.409277  0.000820 0.762046 1.535309
93 -0.000003 4.476908 -0.000008  -0.151004 -0.588331 0.377259
94 0.000032 4.514120 -0.000024  -0.228867 -2.996200 0.592368
95 0.000044 4.518385 -0.000024  0.143171 2.612778 0.693385
96 0.000021 3.598325 0.000023  -0.749301 0.869853 -0.773231
97  4.209917 -0.440344 1.018824  -1.788442 -1.896162 0.027772
98  4.265504 1.434236 -0.404992  -1.712277 0.395341 -0.578910
99  9.400238 0.017940 0.083200  0.085008 -0.059771 -1.509590
100  10.242418 0.033594 0.064487  1.950062 -0.641330 -0.217718
101  3.465858 -0.059672 0.016695  -0.016276 0.103300 0.015500
102  1.655595 -0.000022 0.000020  0.043902 -0.201043 -0.939411
103  0.960766 0.000001 -0.000006  0.021463 -0.081169 -0.810347
104  3.462029 -0.064243 0.939907  0.316400 -0.069940 0.034449
105  1.497178 -0.000005 0.000021  -0.468871 -0.130649 -0.322787
106  0.793759 0.000008 -0.000003  -0.020450 0.040715 -0.689463
107  0.591665 -0.460687 0.835208  -1.000216 -0.632071 -0.476953
108  1.556139 0.000003 0.000002  -0.187234 0.092993 0.375088
109  1.135905 0.000018 0.000003  -0.016549 -0.040440 0.214602
110  3.084271 -0.668817 -1.257082  -0.569785 0.152236 -0.766123
111  1.064202 -0.000004 0.000003  -0.083044 0.129170 -1.538094
112  0.640337 0.000005 -0.000010  -0.042057 0.080080 -1.199449
113  3.396825 -0.242132 -0.708689  -0.276942 0.185124 -0.372915
114  1.532972 0.000000 0.000004  0.022971 -0.011659 -1.368064
115  0.832973 -0.000002 -0.000002  0.019360 -0.004318 -1.377463
116  4.209944 -0.440343 -1.019279  1.590608 2.050433 -0.162721
117  4.266745 1.424937 0.424937  1.348825 -0.170822 -0.476778
118  9.398569 0.011951 -0.082518  -0.015206 0.062526 -0.537277
119  10.242443 0.028177 -0.062907  -1.867446 -0.037983 0.054668
120  3.465751 -0.067527 0.002267  -0.146662 0.144439 -1.482378
121  1.655560 0.000006 0.000004  -0.164156 0.184463 -1.166697
122  0.960907 0.000004 -0.000000  -0.018935 0.176620 -0.890998
123  3.466855 -0.077778 -0.920910  -0.345906 0.021130 -1.405113
124  1.497263 -0.000031 -0.000020  -0.569246 0.313524 -0.986932
125  0.793788 -0.000009 -0.000000  -0.224980 0.388706 -0.772651
126  0.595083 -0.467151 -0.829176  2.496989 0.699763 -0.529555
127  1.555672 0.000018 -0.000002  0.444198 0.348312 0.809838
128  1.136815 -0.000007 -0.000003  0.424998 0.399059 0.906783
129  3.075976 -0.667967 1.277700  0.301081 0.277000 -1.620654
130  1.064593 0.000022 0.000012  0.046915 -0.125236 -1.038822
131  0.640360 -0.000016 -0.000004  -0.104291 -0.023771 -0.471513
132  3.392414 -0.245368 0.728376  0.063844 0.192823 -1.598641
133  1.532737 -0.000006 -0.000004  -0.000848 0.025484 -1.121846
134  0.833149 0.000008 0.000008  -0.082769 -0.069998 -1.040855
135  3.590114 -3.090295 1.193971  1.635457 1.210566 1.548541
136  3.589563 -3.089880 -1.196374  -1.505736 1.210473 -1.592853
137  -0.436555 4.719026 -0.001077  -0.000118 -1.570733 1.692964
138  0.000001 2.775458 -0.000237  -0.135089 0.000001 -0.000000
139  0.000000 3.189775 0.000008  0.207820 0.000000 0.000000
140  0.000000 3.504649 0.000046  -0.261876 -0.000000 -0.000000
141  -0.000001 2.863204 -0.000003  -0.051268 -0.000000 -0.000000
time 54
0  -1.595870 -0.002624 39.816113  1.570862 0.000000 -0.000000
1  0.002636 43.025146 0.734438  -0.022303 -0.669023 -0.158646
2  3.061857 -4.181005 -0.610804  -1.434753 -0.074067 -1.087684
3  18.476774 0.000159 -0.000001  0.001996 -0.023389 0.315956
4  17.490086 0.000117 0.000003  0.020723 0.452468 -1.173779
5  -3.065329 -4.183568 -0.611480  -1.436739 0.202320 -1.671425
6  18.474854 -0.000034 -0.000008  -0.001263 0.018755 0.258816
7  17.489586 0.001917 -0.000007  0.105162 -0.056462 -1.279224
8  -0.000117 -0.048876 -0.576226  1.375778 0.267814 1.562671
9  3.224489 0.767046 0.000495  0.064900 0.023798 0.214076
10  3.223910 0.226400 -0.001945  -0.198692 -0.064595 0.267343
11  5.187320 -1.262560 -0.001177  0.000012 0.000066 0.194111
12  6.928407 -1.935311 -0.000226  -3.133744 0.003499 0.321170
13  3.236367 1.079612 0.000057  0.967338 0.130633 0.318098
14 0.833755 3.805353 0.692955  -0.040491 0.554885 1.469871
15 0.000049 6.792204 0.000039  0.007990 0.036070 -0.011406
16 -0.000068 7.744817 0.000017  -0.017441 -0.155305 0.068150
17 0.000069 7.809700 0.000017  -0.033637 0.005026 0.006142
18 -0.000025 7.867676 0.000019  -0.073329 -0.127909 0.026375
19 3.494699 -1.749089 -3.006912  0.152547 2.070419 1.936945
20 0.000118 4.478323 0.000017  -0.194658 0.310431 -0.234995
21 0.000049 4.636110 -0.000029  0.035821 0.324592 -0.151768
22 -0.000043 5.008652 0.000012  0.075999 -0.286564 0.276091
23 0.000064 4.781164 0.000011  0.904399 -2.690903 -0.015798
24 2.253036 1.989063 -3.350106  -1.523631 1.324497 0.112400
25 0.000160 6.589460 0.000173  0.206354 -0.002129 -0.080395
26 0.000043 7.491420 0.000040  -0.333512 0.184455 -0.191166
27 0.000027 7.660300 -0.000058  -0.063175 0.127194 -0.062118
28 0.000007 7.256266 0.000021  -0.052939 -0.487829 0.313813
29 -0.791161 2.265123 -1.234655  -0.753899 1.136377 0.824672
30 -0.000260 8.572267 -0.000091  -0.222843 -0.296789 0.176504
31 -0.000096 8.117216 0.000047  0.072255 0.772520 -0.285589
32 -0.000081 8.230029 -0.000068  -0.080491 -0.347232 0.072254
33 0.000058 7.366725 0.000052  -0.015395 -0.663891 0.062742
34 0.224212 0.240128 -3.218158  -0.877381 1.468889 0.577825
35 -0.000101 7.721057 -0.000314  -0.283829 0.060497 -0.167556
36 -0.000030 7.374850 -0.000002  0.007536 -0.195022 0.049540
37 0.000074 6.848102 0.000007  0.005484 0.006496 -0.033649
38 -0.000054 7.777872 0.000009  -0.186097 0.182474 -0.152847
39 -1.514468 2.104650 -1.150167  -0.029092 0.541320 1.555677
40 -0.000168 6.982347 -0.000077  -0.199699 -0.041213 0.153490
41 0.000041 8.382865 -0.000072  0.044866 0.587987 -0.257961
42 0.000012 8.697711 -0.000026  -0.102637 -0.474319 0.290944
43 0.000055 8.921804 -0.000003  -0.076258 0.581004 -0.195605
44 1.196186 2.899154 -2.353086  -0.449719 1.030105 1.287427
45 0.000105 5.476939 0.000005  0.285574 -0.099352 -0.038446
46 -0.000075 6.060445 -0.000095  -0.155020 -0.575032 0.384610
47 0.000015 5.994262 0.000029  0.033940 0.288575 -0.067729
48 -0.000006 6.100487 0.000003  -0.068405 0.299273 -0.162153
49 0.000032 6.916760 0.000008  -0.096317 0.220533 -0.107966
50 0.000149 6.435059 -0.000044  -0.037459 0.171630 -0.116572
51 1.092790 3.649513 -1.738794  -0.148600 0.876612 1.445020
52 -0.000129 6.792200 -0.000103  0.008285 0.107792 -0.048643
53 -0.000088 7.744781 -0.000034  0.057137 -0.256893 0.015458
54 0.000083 9.115019 -0.000039  -0.020393 0.256253 -0.142636
55 3.494517 -1.749100 3.007064  0.118402 1.106974 1.813810
56 0.000015 4.323837 0.000088  -0.229909 -0.770942 0.449225
57 0.000028 4.872903 -0.000023  0.367244 -0.664052 -0.254033
58 0.000005 5.056655 0.000092  -0.511236 0.856586 -0.546324
59 2.292462 1.708619 3.661675  -1.762558 1.789110 -0.218972
60 -0.000174 6.589435 0.000268  -0.007132 -0.169123 0.176909
61 0.000171 7.491494 -0.000154  -0.132413 -0.107098 0.179328
62 -0.000139 8.249660 0.000142  0.041912 -0.058209 0.015814
63 0.000072 8.605236 -0.000026  0.101585 0.501824 -0.079697
64 -0.240492 2.066073 2.349267  -0.357331 2.461714 1.296080
65 -0.000082 7.721110 -0.000003  -0.208230 -0.126223 -0.116496
66 -0.000122 7.374869 -0.000047  -0.111018 0.046939 -0.046463
67 -0.000035 6.848060 -0.000027  0.273532 0.247523 0.299908
68 0.000034 7.777824 -0.000044  0.072921 0.186148 -0.052688
69 -0.000086 8.178052 0.000011  -0.087029 -0.422849 -0.381360
70 1.617601 3.431415 2.399266  -0.249454 2.569515 1.508571
71 -0.000167 5.476944 -0.000029  0.057729 0.074072 0.060285
72 -0.000094 6.060497 -0.000006  -0.015204 0.015650 -0.152065
73 0.000028 5.994255 0.000011  -0.126212 -0.157657 0.153302
74 -0.000080 7.076877 -0.000046  -0.008117 0.010385 0.036400
75 0.000006 7.089869 -0.000071  0.070875 0.098587 -0.025893
76 0.361109 0.886684 3.287746  -0.576373 1.978709 0.939011
77 -0.000065 6.686645 0.000223  -0.146568 0.414164 -0.327707
78 -0.000011 7.638015 0.000013  -0.079524 -0.025948 0.130956
79 -0.000031 7.290228 -0.000019  0.025325 -0.093908 0.023963
80 -0.000033 6.530373 0.000007  -0.261847 -0.300601 0.006734
81 0.000063 7.224882 0.000005  0.036506 0.032481 -0.175824
82 1.071894 3.225800 1.570115  -0.043806 2.859975 1.526247
83 0.000414 6.748898 -0.000065  -0.062702 0.083784 0.022202
84 -0.000046 8.002646 0.000026  -0.067496 -0.117209 -0.115599
85 0.000012 8.580572 -0.000098  0.088213 -0.007187 0.334604
86 0.000168 8.689829 -0.000041  0.065327 -0.412430 -0.134518
87 -1.514545 2.104638 0.318055  -0.024895 3.094490 1.569496
88 0.000193 6.982283 0.000011  -0.107589 -0.057624 -0.215715
89 -0.000008 8.382873 -0.000067  0.135031 -0.099914 0.287073
90 -0.000058 8.697672 0.000023  -0.148091 -0.510100 0.044839
91 -0.000133 8.921824 0.000080  -0.236826 -0.892635 0.098804
92 3.553612 -3.478043 2.409277  0.000820 0.762046 1.535309
93 -0.000003 4.476908 -0.000008  -0.151004 -0.588331 0.377259
94 0.000032 4.514120 -0.000024  -0.228867 -2.996200 0.592368
95 0.000044 4.518385 -0.000024  0.143171 2.612778 0.693385
96 0.000021 3.598325 0.000023  -0.749301 0.869853 -0.773231
97  4.209920 -0.440344 1.018825  -1.806247 -1.905835 0.044202
98  4.265508 1.434231 -0.404991  -1.703358 0.382082 -0.566697
99  9.400230 0.017941 0.083201  0.086731 -0.058782 -1.535823
100  10.242422 0.033592 0.064482  1.969110 -0.642964 -0.236225
101  3.465857 -0.059680 0.016697  -0.016089 0.105975 0.027194
102  1.655593 -0.000020 0.000022  0.040669 -0.198580 -0.918911
103  0.960767 0.000001 -0.000005  0.018696 -0.077773 -0.787709
104  3.462027 -0.064248 0.939913  0.316648 -0.070174 0.031376
105  1.497177 -0.000005 0.000021  -0.465020 -0.145858 -0.359618
106  0.793761 -0.000001 0.000002  -0.023174 0.043630 -0.730042
107  0.591662 -0.460696 0.835209  -0.998976 -0.654566 -0.477415
108  1.556139 0.000000 -0.000000  -0.190373 0.081480 0.349972
109  1.135904 0.000018 0.000003  -0.017173 -0.043979 0.207746
110  3.084269 -0.668822 -1.257081  -0.570470 0.154710 -0.762373
111  1.064202 -0.000003 0.000008  -0.077902 0.129860 -1.490420
112  0.640331 0.000001 -0.000006  -0.043310 0.083916 -1.147868
113  3.396822 -0.242141 -0.708687  -0.276951 0.187592 -0.366797
114  1.532969 0.000011 0.000004  0.022486 -0.009571 -1.301199
115  0.832974 -0.000001 -0.000006  0.012109 0.002142 -1.308529
116  4.209941 -0.440341 -1.019278  1.588282 2.049812 -0.164635
117  4.266745 1.424938 0.424938  1.338090 -0.148764 -0.482699
118  9.398563 0.011948 -0.082511  -0.011081 0.060208 -0.476274
119  10.242441 0.028177 -0.062908  -1.865551 -0.034503 0.013582
120  3.465747 -0.067528 0.002267  -0.146662 0.144439 -1.482378
121  1.655563 0.000003 0.000006  -0.164156 0.184463 -1.166697
122  0.960905 0.000005 -0.000000  -0.018935 0.176620 -0.890998
123  3.466852 -0.077780 -0.920909  -0.345906 0.021130 -1.405113
124  1.497262 -0.000034 -0.000022  -0.569246 0.313524 -0.986932
125  0.793788 -0.000011 -0.000001  -0.224980 0.388706 -0.772651
126  0.595077 -0.467150 -0.829175  2.496989 0.699763 -0.529555
127  1.555670 0.000017 -0.000003  0.444198 0.348312 0.809838
128  1.136806 -0.000008 -0.000003  0.424998 0.399059 0.906783
129  3.075969 -0.667965 1.277703  0.301081 0.277000 -1.620654
130  1.064593 0.000018 0.000012  0.046915 -0.125236 -1.038822
131  0.640363 -0.000018 -0.000005  -0.104291 -0.023771 -0.471513
132  3.392411 -0.245371 0.728377  0.063845 0.192823 -1.598641
133  1.532736 -0.000009 0.000000  -0.000848 0.025485 -1.121846
134  0.833148 0.000014 0.000005  -0.082769 -0.069998 -1.040855
135  3.590112 -3.090295 1.193972  1.635457 1.210566 1.548541
136  3.589562 -3.089880 -1.196373  -1.505736 1.210473 -1.592853
137  -0.436560 4.719026 -0.001076  -0.000650 -1.570733 1.693151
138  0.000000 2.775455 -0.000237  -0.135089 0.000001 -0.000000
139  0.000000 3.189766 0.000008  0.207820 0.000000 0.000000
140  0.000000 3.504653 0.000045  -0.261876 -0.000000 -0.000000
141  0.000000 2.863201 -0.000002  -0.051268 0.000000 -0.000000
end